10079 3 0 0
1 0.19977420568466187 0.4991002082824707 0.0012985081411898136
2 0.1975000649690628 0.4996303915977478 -0.028388086706399918
3 0.19020864367485046 0.4997156858444214 -0.060558754950761795
4 0.17807495594024658 0.4997011125087738 -0.0903511494398117
5 0.15979233384132385 0.49978965520858765 -0.11920542269945145
6 0.13578104972839355 0.49973776936531067 -0.14614924788475037
7 0.10733744502067566 0.49976804852485657 -0.16808964312076569
8 0.0777953565120697 0.4997612535953522 -0.18370652198791504
9 0.04542161151766777 0.49972155690193176 -0.1943664699792862
10 0.015030981972813606 0.4996359050273895 -0.19909359514713287
11 -0.014695819467306137 0.49969351291656494 -0.1984805464744568
12 -0.0497429184615612 0.49964937567710876 -0.19284747540950775
13 -0.08047569543123245 0.4996410608291626 -0.18200978636741638
14 -0.11058458685874939 0.4997013807296753 -0.16611385345458984
15 -0.13743925094604492 0.49969613552093506 -0.14478467404842377
16 -0.16052564978599548 0.4996706247329712 -0.11822012066841125
17 -0.17597728967666626 0.499274879693985 -0.09462688118219376
18 -0.1876552850008011 0.49921488761901855 -0.06798505783081055
19 -0.19948334991931915 0.49953582882881165 -0.00244519324041903
20 -0.18807481229305267 0.4996115565299988 0.06662434339523315
21 -0.17543165385723114 0.49966225028038025 0.09536876529455185
22 -0.1596624255180359 0.49978965520858765 0.11942397058010101
23 -0.137948140501976 0.49962085485458374 0.14391502737998962
24 -0.07879175245761871 0.49978724122047424 0.18328899145126343
25 -0.050636500120162964 0.4996139407157898 0.193229541182518
26 -0.0218505859375 0.49971500039100647 0.19845615327358246
27 0.014689311385154724 0.4997410774230957 0.19892841577529907
28 0.07854671776294708 0.499758243560791 0.18333113193511963
29 0.10605976730585098 0.4997101426124573 0.16856178641319275
30 0.13457277417182922 0.4997926950454712 0.14717988669872284
31 0.1763594150543213 0.4995969831943512 0.09290526807308197
32 0.1975262314081192 0.4995940327644348 0.02808230370283127
33 0.19998201727867126 0.4614153802394867 -9.005411993712187e-05
34 0.19424307346343994 0.45119568705558777 -0.04599045217037201
35 0.18993127346038818 0.46028056740760803 -0.06264328211545944
36 0.10112902522087097 0.45031243562698364 -0.172467440366745
37 0.050439342856407166 0.45883217453956604 -0.19357241690158844
38 -0.062409017235040665 0.47048816084861755 -0.1897047758102417
39 -0.11387412250041962 0.46648073196411133 -0.16437774896621704
40 -0.13412070274353027 0.4597306549549103 -0.14842095971107483
41 -0.19055800139904022 0.46625879406929016 -0.060607876628637314
42 -0.19697625935077667 0.4596635401248932 -0.03490758687257767
43 -0.19545350968837738 0.4502459764480591 0.0421234592795372
44 -0.12823563814163208 0.450190931558609 0.15339235961437225
45 -0.03699733316898346 0.4722593426704407 0.1961694359779358
46 -0.014665763825178146 0.459764689207077 0.19950412213802338
47 0.011359904892742634 0.46646004915237427 0.19964726269245148
48 0.09154832363128662 0.47062650322914124 0.17742356657981873
49 0.14382576942443848 0.4750933051109314 0.1385594606399536
50 0.15168535709381104 0.4502588212490082 0.1302468627691269
51 0.1786118596792221 0.4664701521396637 0.0899127870798111
52 0.18859708309173584 0.45971259474754333 0.06670050323009491
53 0.19997933506965637 0.42760539054870605 0.00020304843201301992
54 0.1860208660364151 0.43782830238342285 -0.07349193096160889
55 0.15765783190727234 0.44413068890571594 -0.12342266738414764
56 0.10736875236034393 0.42885127663612366 -0.168757826089859
57 0.08477403968572617 0.42548954486846924 -0.1811763495206833
58 0.039017193019390106 0.43638259172439575 -0.1960386484861374
59 -0.01661783456802368 0.4451674818992615 -0.19952546060085297
60 -0.07987024635076523 0.44414475560188293 -0.18360483646392822
61 -0.17609596252441406 0.4451763331890106 -0.09526960551738739
62 -0.1968812346458435 0.42881786823272705 0.03527291119098663
63 -0.19071848690509796 0.42547470331192017 0.06031490117311478
64 -0.17585177719593048 0.444109171628952 0.09573767334222794
65 -0.13368713855743408 0.42883017659187317 0.14877742528915405
66 -0.11344297230243683 0.42547255754470825 0.16474895179271698
67 -0.08051825314760208 0.4451944828033447 0.18331600725650787
68 -0.005329880863428116 0.4358099400997162 0.19980205595493317
69 0.04923154413700104 0.4451865255832672 0.19406858086585999
70 0.10883252322673798 0.4442152976989746 0.16807715594768524
71 0.1390109658241272 0.42547911405563354 0.14383141696453094
72 0.1563497930765152 0.4288383722305298 0.12474703788757324
73 0.19997896254062653 0.39394432306289673 0.0008371487492695451
74 0.19448545575141907 0.38866671919822693 -0.04826264828443527
75 0.17699332535266876 0.41004323959350586 -0.09356865286827087
76 0.13558603823184967 0.4107142686843872 -0.14728569984436035
77 0.08036626130342484 0.3987077474594116 -0.18321660161018372
78 0.018100779503583908 0.40982964634895325 -0.19938133656978607
79 -0.04914411902427673 0.4107142388820648 -0.19406576454639435
80 -0.1108141839504242 0.40982967615127563 -0.16673563420772552
81 -0.15797924995422363 0.4107142686843872 -0.12296020984649658
82 -0.18985916674137115 0.4098270535469055 -0.06351424753665924
83 -0.20019155740737915 0.4107142388820648 -2.0260035427099865e-08
84 -0.1892274022102356 0.3987077474594116 0.06496186554431915
85 -0.15797927975654602 0.4107142388820648 0.1229601800441742
86 -0.10942661762237549 0.3987077474594116 0.1674899160861969
87 -0.049144137650728226 0.4107142388820648 0.19406574964523315
88 0.014963183552026749 0.40982964634895325 0.19964131712913513
89 0.0804160088300705 0.4107142388820648 0.18333010375499725
90 0.13550212979316711 0.3987077474594116 0.1471945345401764
91 0.17681705951690674 0.4098288416862488 0.09389527887105942
92 0.19818268716335297 0.4107142388820648 0.027194635942578316
93 0.19997896254062653 0.3560556173324585 0.0008371481671929359
94 0.19666142761707306 0.3638511598110199 -0.03676021471619606
95 0.18372654914855957 0.3577108681201935 -0.08003273606300354
96 0.15831905603408813 0.3756118714809418 -0.12253903597593307
97 0.1094944179058075 0.3749999701976776 -0.16759365797042847
98 0.04914412647485733 0.3749999403953552 -0.19406576454639435
99 -0.01653168350458145 0.3749999403953552 -0.19950780272483826
100 -0.08041603863239288 0.3749999701976776 -0.18333008885383606
101 -0.13558603823184967 0.3749999701976776 -0.14728571474552155
102 -0.17606320977210999 0.3749999701976776 -0.09528064727783203
103 -0.19746121764183044 0.3749999701976776 -0.03295045718550682
104 -0.19746121764183044 0.3749999701976776 0.03295043855905533
105 -0.17606320977210999 0.3749999403953552 0.09528065472841263
106 -0.13558606803417206 0.3749999701976776 0.14728571474552155
107 -0.08041603863239288 0.3749999701976776 0.18333008885383606
108 -0.016531696543097496 0.3749999701976776 0.19950780272483826
109 0.04914408549666405 0.3749999701976776 0.19406576454639435
110 0.1094944030046463 0.3749999403953552 0.16759365797042847
111 0.15797927975654602 0.3749999403953552 0.12296019494533539
112 0.1893446147441864 0.3749999701976776 0.06500211358070374
113 0.19997896254062653 0.32251569628715515 0.0008371478179469705
114 0.1939552128314972 0.31896233558654785 -0.050338443368673325
115 0.16804781556129456 0.3219965696334839 -0.10918158292770386
116 0.13599053025245667 0.3398975729942322 -0.14692622423171997
117 0.08041604608297348 0.33928564190864563 -0.18333010375499725
118 0.01653169095516205 0.33928564190864563 -0.19950780272483826
119 -0.04914411902427673 0.33928564190864563 -0.19406576454639435
120 -0.1094944179058075 0.339285671710968 -0.16759365797042847
121 -0.15797924995422363 0.339285671710968 -0.12296020984649658
122 -0.1893446296453476 0.339285671710968 -0.06500209122896194
123 -0.20019155740737915 0.33928564190864563 -2.0070606510103062e-08
124 -0.1893446147441864 0.33928564190864563 0.06500211358070374
125 -0.15797927975654602 0.33928564190864563 0.1229601800441742
126 -0.1094944030046463 0.33928564190864563 0.16759365797042847
127 -0.04914413392543793 0.33928564190864563 0.19406574964523315
128 0.01653168350458145 0.33928564190864563 0.19950781762599945
129 0.0804160088300705 0.33928564190864563 0.18333010375499725
130 0.13558606803417206 0.33928564190864563 0.14728569984436035
131 0.17606322467327118 0.33928564190864563 0.09528066217899323
132 0.19818268716335297 0.33928564190864563 0.027194634079933167
133 0.19997896254062653 0.2846270203590393 0.0008371485746465623
134 0.19237157702445984 0.28541162610054016 -0.05270212143659592
135 0.18214179575443268 0.28539150953292847 -0.08349592238664627
136 0.14778520166873932 0.2862823009490967 -0.13535219430923462
137 0.10995253175497055 0.3041832745075226 -0.16730564832687378
138 0.04914412647485733 0.3035713732242584 -0.19406576454639435
139 -0.01653168350458145 0.3035713732242584 -0.19950780272483826
140 -0.08041603863239288 0.3035713732242584 -0.18333008885383606
141 -0.13558603823184967 0.3035713732242584 -0.14728571474552155
142 -0.17606322467327118 0.3035713732242584 -0.09528064727783203
143 -0.19746121764183044 0.3035713732242584 -0.03295045718550682
144 -0.19746121764183044 0.3035713732242584 0.03295043855905533
145 -0.17606320977210999 0.3035713732242584 0.09528064727783203
146 -0.13558606803417206 0.3035713732242584 0.14728571474552155
147 -0.08041603863239288 0.3035713732242584 0.18333008885383606
148 -0.016531696543097496 0.3035713732242584 0.19950780272483826
149 0.049144089221954346 0.3035713732242584 0.19406576454639435
150 0.1094944030046463 0.3035713732242584 0.16759365797042847
151 0.15797929465770721 0.30357134342193604 0.1229601800441742
152 0.1893446147441864 0.3035713732242584 0.06500211358070374
153 0.19997896254062653 0.25108715891838074 0.000837149447761476
154 0.19401927292346954 0.24931861460208893 -0.05015871301293373
155 0.16778282821178436 0.24999992549419403 -0.10961804538965225
156 0.1234913244843483 0.2505680024623871 -0.1578308492898941
157 0.08091531693935394 0.268468976020813 -0.18312139809131622
158 0.01653169095516205 0.26785707473754883 -0.19950780272483826
159 -0.04914411902427673 0.26785707473754883 -0.19406576454639435
160 -0.1094944179058075 0.26785707473754883 -0.16759365797042847
161 -0.15797923505306244 0.26785707473754883 -0.12296020239591599
162 -0.1893446296453476 0.26785707473754883 -0.06500209122896194
163 -0.20019155740737915 0.26785707473754883 -1.857417508688286e-08
164 -0.1893446296453476 0.26785707473754883 0.06500209867954254
165 -0.15797927975654602 0.26785707473754883 0.12296018749475479
166 -0.1094944030046463 0.26785707473754883 0.16759365797042847
167 -0.049144141376018524 0.26785707473754883 0.19406574964523315
168 0.01653168350458145 0.26785707473754883 0.19950781762599945
169 0.0804160088300705 0.26785707473754883 0.18333010375499725
170 0.13558606803417206 0.26785707473754883 0.14728571474552155
171 0.17606322467327118 0.26785707473754883 0.09528065472841263
172 0.19818268716335297 0.26785707473754883 0.027194639667868614
173 0.19997896254062653 0.21319840848445892 0.0008371499134227633
174 0.19232305884361267 0.21396316587924957 -0.05275901034474373
175 0.18214066326618195 0.2139849215745926 -0.08349882811307907
176 0.1474519968032837 0.21428564190864563 -0.13573908805847168
177 0.09582894295454025 0.21485371887683868 -0.17600426077842712
178 0.04967093840241432 0.2327546924352646 -0.1939420998096466
179 -0.01653168350458145 0.23214279115200043 -0.19950780272483826
180 -0.08041603863239288 0.23214279115200043 -0.18333008885383606
181 -0.13558603823184967 0.23214279115200043 -0.14728571474552155
182 -0.17606322467327118 0.23214279115200043 -0.09528064727783203
183 -0.19746121764183044 0.23214279115200043 -0.03295045718550682
184 -0.19746121764183044 0.23214279115200043 0.03295044228434563
185 -0.17606320977210999 0.23214277625083923 0.09528064727783203
186 -0.13558606803417206 0.23214279115200043 0.14728571474552155
187 -0.08041603863239288 0.23214279115200043 0.18333008885383606
188 -0.016531694680452347 0.23214279115200043 0.19950780272483826
189 0.04914408177137375 0.23214279115200043 0.19406576454639435
190 0.1094944030046463 0.23214279115200043 0.16759365797042847
191 0.15797929465770721 0.23214279115200043 0.1229601800441742
192 0.1893446147441864 0.23214279115200043 0.06500211358070374
193 0.19997896254062653 0.17965859174728394 0.000837150146253407
194 0.19393205642700195 0.17796902358531952 -0.05041190981864929
195 0.16778284311294556 0.17857135832309723 -0.10961803793907166
196 0.12309902906417847 0.17857135832309723 -0.1581576019525528
197 0.06555263698101044 0.1791394203901291 -0.18937671184539795
198 0.01595633290708065 0.19801798462867737 -0.199567511677742
199 -0.0038532624021172523 0.17193427681922913 -0.19985394179821014
200 -0.04914412274956703 0.19642850756645203 -0.19406576454639435
201 -0.1094944179058075 0.19642850756645203 -0.16759365797042847
202 -0.15797924995422363 0.19642849266529083 -0.12296020984649658
203 -0.1893446296453476 0.19642850756645203 -0.06500209867954254
204 -0.20019155740737915 0.19642850756645203 -1.9614631696640572e-08
205 -0.1893446296453476 0.19642849266529083 0.06500209867954254
206 -0.15797927975654602 0.19642849266529083 0.1229601800441742
207 -0.1094943955540657 0.19642849266529083 0.16759367287158966
208 -0.049144137650728226 0.19642849266529083 0.19406574964523315
209 0.01653168350458145 0.19642849266529083 0.19950781762599945
210 0.0804160088300705 0.19642849266529083 0.18333010375499725
211 0.13558606803417206 0.19642849266529083 0.14728569984436035
212 0.17606322467327118 0.19642849266529083 0.09528066217899323
213 0.19818268716335297 0.19642849266529083 0.027194639667868614
214 0.19997896254062653 0.14176984131336212 0.0008371500880457461
215 0.19236856698989868 0.1426941305398941 -0.05272898077964783
216 0.18214201927185059 0.14255882799625397 -0.08349543064832687
217 0.1474519819021225 0.14285707473754883 -0.13573908805847168
218 0.09538821876049042 0.14285707473754883 -0.17626197636127472
219 0.0437937006354332 0.14285707473754883 -0.19510410726070404
220 0.01625511236488819 0.1455092430114746 -0.19920730590820312
221 -0.012841425836086273 0.14576974511146545 -0.19959454238414764
222 -0.08041603863239288 0.16071420907974243 -0.18333010375499725
223 -0.13558603823184967 0.16071420907974243 -0.14728571474552155
224 -0.17606322467327118 0.16071420907974243 -0.09528064727783203
225 -0.19746120274066925 0.16071422398090363 -0.03295045718550682
226 -0.19746121764183044 0.16071422398090363 0.03295044228434563
227 -0.17606322467327118 0.16071420907974243 0.09528063237667084
228 -0.13558606803417206 0.16071422398090363 0.14728571474552155
229 -0.08041603118181229 0.16071420907974243 0.18333008885383606
230 -0.016531694680452347 0.16071420907974243 0.19950780272483826
231 0.04914408549666405 0.16071420907974243 0.19406576454639435
232 0.1094944030046463 0.16071422398090363 0.16759365797042847
233 0.15797927975654602 0.16071420907974243 0.12296018749475479
234 0.1893446147441864 0.16071420907974243 0.06500211358070374
235 0.19997896254062653 0.10823000967502594 0.0008371504372917116
236 0.1939353048801422 0.10654033720493317 -0.05039886757731438
237 0.16778284311294556 0.10714279115200043 -0.10961805284023285
238 0.12309902161359787 0.10714279115200043 -0.1581576019525528
239 0.06507547944784164 0.10714279115200043 -0.18955838680267334
240 0.0005102957948110998 0.10771086066961288 -0.20040065050125122
241 -0.04862194135785103 0.12561184167861938 -0.19420774281024933
242 -0.10949442535638809 0.12499993294477463 -0.16759365797042847
243 -0.15797924995422363 0.12499993294477463 -0.12296020984649658
244 -0.1893446296453476 0.12499993294477463 -0.06500208377838135
245 -0.20019155740737915 0.12499993294477463 -1.9046609622819233e-08
246 -0.1893446296453476 0.12499993294477463 0.06500209867954254
247 -0.15797927975654602 0.12499993294477463 0.1229601800441742
248 -0.1094944030046463 0.12499993294477463 0.16759365797042847
249 -0.049144137650728226 0.12499993294477463 0.19406574964523315
250 0.01653168350458145 0.12499993294477463 0.19950781762599945
251 0.0804160088300705 0.12499993294477463 0.18333010375499725
252 0.13558606803417206 0.12499993294477463 0.14728569984436035
253 0.17606322467327118 0.12499993294477463 0.09528066217899323
254 0.19818268716335297 0.12499992549419403 0.027194645255804062
255 0.19997896254062653 0.07034128159284592 0.000837149505969137
256 0.19236856698989868 0.0712655708193779 -0.05272898077964783
257 0.1821420043706894 0.07113026082515717 -0.08349544554948807
258 0.14745201170444489 0.07142850756645203 -0.13573908805847168
259 0.09538821876049042 0.07142850756645203 -0.1762619912624359
260 0.032987676560878754 0.07142850756645203 -0.1976841241121292
261 -0.032481543719768524 0.07199657708406448 -0.19775144755840302
262 -0.07992435246706009 0.08989755809307098 -0.18355607986450195
263 -0.13558605313301086 0.08928564935922623 -0.14728571474552155
264 -0.17606322467327118 0.08928564935922623 -0.09528064727783203
265 -0.19746121764183044 0.08928564935922623 -0.03295045718550682
266 -0.19746121764183044 0.08928564935922623 0.032950446009635925
267 -0.17606320977210999 0.08928564935922623 0.09528063982725143
268 -0.13558606803417206 0.08928564935922623 0.14728571474552155
269 -0.08041603863239288 0.08928564935922623 0.18333008885383606
270 -0.016531692817807198 0.08928564935922623 0.19950780272483826
271 0.04914407804608345 0.08928564935922623 0.19406576454639435
272 0.1094944030046463 0.08928564935922623 0.16759365797042847
273 0.15797929465770721 0.08928564935922623 0.12296018749475479
274 0.1893446147441864 0.08928564935922623 0.06500211358070374
275 0.19997896254062653 0.03680144622921944 0.0008371491567231715
276 0.1939353197813034 0.035111770033836365 -0.05039886385202408
277 0.16778284311294556 0.03571422025561333 -0.10961805284023285
278 0.12309902161359787 0.03571422025561333 -0.158157616853714
279 0.06507547944784164 0.03571422025561333 -0.18955838680267334
280 3.7318761414439905e-09 0.03571422025561333 -0.20041754841804504
281 -0.06458733975887299 0.036282289773225784 -0.18970809876918793
282 -0.10904664546251297 0.054183270782232285 -0.16789749264717102
283 -0.15797924995422363 0.05357136204838753 -0.12296019494533539
284 -0.1893446296453476 0.05357136204838753 -0.06500209122896194
285 -0.20019155740737915 0.053571365773677826 -1.9885355584392528e-08
286 -0.1893446296453476 0.05357136204838753 0.06500209867954254
287 -0.15797927975654602 0.053571365773677826 0.1229601800441742
288 -0.1094944030046463 0.05357136204838753 0.16759365797042847
289 -0.049144137650728226 0.05357136204838753 0.19406574964523315
290 0.01653168350458145 0.053571365773677826 0.19950781762599945
291 0.0804160013794899 0.05357136204838753 0.18333010375499725
292 0.13558605313301086 0.053571365773677826 0.14728571474552155
293 0.17606320977210999 0.05357136204838753 0.09528064727783203
294 0.19818268716335297 0.053571365773677826 0.027194639667868614
295 0.19997896254062653 -0.0010872912826016545 0.0008371509029529989
296 0.19236856698989868 -0.00016300322022289038 -0.05272897705435753
297 0.1821420043706894 -0.00029830896528437734 -0.08349545300006866
298 0.1474519968032837 -6.774510552531865e-08 -0.13573908805847168
299 0.09538821130990982 -6.74394229349673e-08 -0.1762619912624359
300 0.03298766911029816 -6.679658071107042e-08 -0.1976841241121292
301 -0.03298766165971756 -6.689123210890102e-08 -0.1976841241121292
302 -0.09493142366409302 0.0005680022877641022 -0.17648997902870178
303 -0.13519437611103058 0.018468987196683884 -0.14765910804271698
304 -0.17606322467327118 0.017857074737548828 -0.09528064727783203
305 -0.19746121764183044 0.017857076600193977 -0.03295045718550682
306 -0.19746121764183044 0.017857076600193977 0.03295044228434563
307 -0.17606320977210999 0.017857078462839127 0.09528063982725143
308 -0.13558606803417206 0.017857076600193977 0.14728571474552155
309 -0.08041603863239288 0.017857076600193977 0.18333008885383606
310 -0.016531694680452347 0.017857078462839127 0.19950780272483826
311 0.04914407804608345 0.017857076600193977 0.19406576454639435
312 0.1094944030046463 0.017857076600193977 0.16759365797042847
313 0.15797927975654602 0.017857076600193977 0.12296018749475479
314 0.1893446147441864 0.017857076600193977 0.06500211358070374
315 0.19997896254062653 -0.03462713211774826 0.0008371510193683207
316 0.1939314752817154 -0.03571336343884468 -0.05041353404521942
317 0.16778282821178436 -0.03571435436606407 -0.10961806774139404
318 0.12309902161359787 -0.03571435436606407 -0.158157616853714
319 0.06507549434900284 -0.03571435436606407 -0.18955838680267334
320 4.133695163943685e-09 -0.03571435436606407 -0.20041754841804504
321 -0.06507547199726105 -0.03571435436606407 -0.18955838680267334
322 -0.12268590927124023 -0.035146281123161316 -0.15845772624015808
323 -0.15765440464019775 -0.017245301976799965 -0.1233929768204689
324 -0.1893446296453476 -0.017857210710644722 -0.06500209122896194
325 -0.20019155740737915 -0.017857210710644722 -1.9344206236837636e-08
326 -0.1893446296453476 -0.017857210710644722 0.06500209867954254
327 -0.15797927975654602 -0.01785721257328987 0.1229601725935936
328 -0.1094943955540657 -0.01785721257328987 0.16759365797042847
329 -0.049144137650728226 -0.017857210710644722 0.19406574964523315
330 0.01653168350458145 -0.017857210710644722 0.19950781762599945
331 0.0804160013794899 -0.017857210710644722 0.18333010375499725
332 0.13558606803417206 -0.01785721257328987 0.14728571474552155
333 0.17606322467327118 -0.017857210710644722 0.09528066217899323
334 0.19818268716335297 -0.017857208847999573 0.027194645255804062
335 0.19997896254062653 -0.07251586019992828 0.0008371498552151024
336 0.18214069306850433 -0.07112792879343033 -0.08349881321191788
337 0.1474519968032837 -0.07142864167690277 -0.13573910295963287
338 0.09538820385932922 -0.07142864167690277 -0.1762620061635971
339 0.032987672835588455 -0.07142864167690277 -0.1976841241121292
340 -0.03298765793442726 -0.07142864167690277 -0.1976841241121292
341 -0.09538820385932922 -0.07142864167690277 -0.1762619912624359
342 -0.14709392189979553 -0.07086056470870972 -0.13610312342643738
343 -0.17581401765346527 -0.052959587424993515 -0.09576098620891571
344 -0.19746121764183044 -0.05357149988412857 -0.03295045346021652
345 -0.19746121764183044 -0.05357149988412857 0.03295044228434563
346 -0.17606320977210999 -0.05357149988412857 0.09528063982725143
347 -0.13558606803417206 -0.05357149615883827 0.14728571474552155
348 -0.08041603863239288 -0.05357149988412857 0.18333008885383606
349 -0.016531694680452347 -0.05357149615883827 0.19950780272483826
350 0.04914408177137375 -0.05357149988412857 0.19406576454639435
351 0.1094944030046463 -0.05357149615883827 0.16759365797042847
352 0.15797929465770721 -0.05357149615883827 0.12296018749475479
353 0.1893446147441864 -0.05357149615883827 0.06500211358070374
354 0.19997896254062653 -0.10605569183826447 0.0008371499716304243
355 0.19401927292346954 -0.10646160691976547 -0.050158724188804626
356 0.16778284311294556 -0.10714292526245117 -0.10961803793907166
357 0.12309904396533966 -0.10714292526245117 -0.1581576019525528
358 0.06507550179958344 -0.10714292526245117 -0.18955838680267334
359 3.725290298461914e-09 -0.10714292526245117 -0.20041754841804504
360 -0.06507545709609985 -0.10714292526245117 -0.18955840170383453
361 -0.12309897691011429 -0.10714292526245117 -0.15815764665603638
362 -0.16748961806297302 -0.10657485574483871 -0.1100359559059143
363 -0.18954375386238098 -0.08769629895687103 -0.06445900350809097
364 -0.19468438625335693 -0.11378001421689987 -0.04532590135931969
365 -0.20019155740737915 -0.08928578346967697 -1.916912140131899e-08
366 -0.1893446296453476 -0.08928578346967697 0.06500209867954254
367 -0.15797927975654602 -0.08928578346967697 0.1229601800441742
368 -0.1094943955540657 -0.08928578346967697 0.16759365797042847
369 -0.049144137650728226 -0.08928578346967697 0.19406574964523315
370 0.01653168350458145 -0.08928578346967697 0.19950781762599945
371 0.0804160013794899 -0.08928578346967697 0.18333010375499725
372 0.13558606803417206 -0.08928578346967697 0.14728569984436035
373 0.17606320977210999 -0.08928578346967697 0.09528064727783203
374 0.19818268716335297 -0.08928578346967697 0.027194645255804062
375 0.19997896254062653 -0.14394442737102509 0.0008371492149308324
376 0.18214179575443268 -0.14253449440002441 -0.08349591493606567
377 0.14745201170444489 -0.14285720884799957 -0.13573908805847168
378 0.09538821876049042 -0.14285720884799957 -0.1762619912624359
379 0.032987676560878754 -0.14285720884799957 -0.1976841241121292
380 -0.03298766165971756 -0.14285720884799957 -0.1976841241121292
381 -0.09538820385932922 -0.14285720884799957 -0.1762619912624359
382 -0.1474519819021225 -0.14285720884799957 -0.13573911786079407
383 -0.1783832460641861 -0.14285720884799957 -0.09034883975982666
384 -0.18912123143672943 -0.1402050405740738 -0.06466023623943329
385 -0.19663938879966736 -0.13994453847408295 -0.03654909133911133
386 -0.19746121764183044 -0.12500005960464478 0.03295044228434563
387 -0.17606320977210999 -0.12500005960464478 0.09528063982725143
388 -0.13558606803417206 -0.12500007450580597 0.14728572964668274
389 -0.08041603118181229 -0.12500005960464478 0.18333008885383606
390 -0.016531694680452347 -0.12500005960464478 0.19950780272483826
391 0.04914408177137375 -0.12500005960464478 0.19406576454639435
392 0.1094944030046463 -0.12500005960464478 0.16759365797042847
393 0.15797929465770721 -0.12500005960464478 0.1229601800441742
394 0.1893446147441864 -0.12500005960464478 0.06500211358070374
395 0.19997896254062653 -0.17748427391052246 0.0008371488656848669
396 0.19393488764762878 -0.17794418334960938 -0.05040036141872406
397 0.16778284311294556 -0.17857149243354797 -0.10961804538965225
398 0.12309904396533966 -0.17857149243354797 -0.1581575870513916
399 0.06507549434900284 -0.17857149243354797 -0.18955838680267334
400 3.086133126828372e-09 -0.17857149243354797 -0.20041754841804504
401 -0.06507544964551926 -0.17857149243354797 -0.18955838680267334
402 -0.12309898436069489 -0.17857149243354797 -0.158157616853714
403 -0.16778284311294556 -0.17857149243354797 -0.10961802303791046
404 -0.1941431760787964 -0.17800341546535492 -0.04969015717506409
405 -0.20020098984241486 -0.16010244190692902 -0.0005410717567428946
406 -0.1893446296453476 -0.16071434319019318 0.06500209867954254
407 -0.15797927975654602 -0.16071434319019318 0.1229601725935936
408 -0.1094943955540657 -0.16071434319019318 0.16759367287158966
409 -0.049144141376018524 -0.16071434319019318 0.19406574964523315
410 0.01653168350458145 -0.16071435809135437 0.19950781762599945
411 0.0804160088300705 -0.16071434319019318 0.18333010375499725
412 0.13558606803417206 -0.16071434319019318 0.14728569984436035
413 0.17606322467327118 -0.16071434319019318 0.09528066217899323
414 0.19818268716335297 -0.16071434319019318 0.027194641530513763
415 0.19997896254062653 -0.2153729796409607 0.0008371500298380852
416 0.19236856698989868 -0.21412284672260284 -0.05272898077964783
417 0.1821419894695282 -0.2139875292778015 -0.08349545300006866
418 0.14745201170444489 -0.21428577601909637 -0.13573908805847168
419 0.09538822621107101 -0.21428577601909637 -0.17626197636127472
420 0.032987676560878754 -0.21428577601909637 -0.1976841241121292
421 -0.03298766911029816 -0.21428577601909637 -0.1976841241121292
422 -0.09538821130990982 -0.21428577601909637 -0.1762619912624359
423 -0.1474519819021225 -0.21428577601909637 -0.13573911786079407
424 -0.1835370510816574 -0.21428577601909637 -0.08050680160522461
425 -0.19967405498027802 -0.21371769905090332 -0.01705751195549965
426 -0.19755959510803223 -0.19581672549247742 0.032418325543403625
427 -0.17606320977210999 -0.19642864167690277 0.09528063982725143
428 -0.13558606803417206 -0.19642864167690277 0.14728571474552155
429 -0.08041603863239288 -0.19642864167690277 0.18333008885383606
430 -0.016531694680452347 -0.19642864167690277 0.19950780272483826
431 0.04914408177137375 -0.19642864167690277 0.19406576454639435
432 0.1094944030046463 -0.19642864167690277 0.16759367287158966
433 0.15797929465770721 -0.19642864167690277 0.12296019494533539
434 0.1893446147441864 -0.19642864167690277 0.06500211358070374
435 0.19997896254062653 -0.24891284108161926 0.0008371492731384933
436 0.19431069493293762 -0.2527090609073639 -0.048984549939632416
437 0.16778284311294556 -0.2500000596046448 -0.10961804538965225
438 0.12309901416301727 -0.2500000596046448 -0.158157616853714
439 0.06507547199726105 -0.2500000596046448 -0.18955838680267334
440 4.29693614023563e-09 -0.2500000596046448 -0.20041754841804504
441 -0.06507544964551926 -0.2500000596046448 -0.18955838680267334
442 -0.12309899926185608 -0.2500000596046448 -0.158157616853714
443 -0.16778285801410675 -0.2500000596046448 -0.10961802303791046
444 -0.1942848265171051 -0.2500000596046448 -0.04919961839914322
445 -0.19975833594799042 -0.24943199753761292 0.01604040525853634
446 -0.18952924013137817 -0.23153100907802582 0.06449344009160995
447 -0.15797927975654602 -0.23214291036128998 0.1229601800441742
448 -0.10949438810348511 -0.23214291036128998 0.16759367287158966
449 -0.049144141376018524 -0.23214291036128998 0.19406574964523315
450 0.0165316853672266 -0.23214292526245117 0.19950781762599945
451 0.0804160088300705 -0.23214291036128998 0.18333010375499725
452 0.13558606803417206 -0.23214292526245117 0.14728569984436035
453 0.17606322467327118 -0.23214291036128998 0.09528066217899323
454 0.19818268716335297 -0.23214291036128998 0.027194643393158913
455 0.19997896254062653 -0.2868015766143799 0.0008371492149308324
456 0.1966506391763687 -0.27904313802719116 -0.036815207451581955
457 0.1835370510816574 -0.28571435809135437 -0.0805068165063858
458 0.14745202660560608 -0.28571435809135437 -0.13573907315731049
459 0.09538821876049042 -0.28571435809135437 -0.1762619912624359
460 0.032987676560878754 -0.28571435809135437 -0.1976841241121292
461 -0.03298766165971756 -0.28571435809135437 -0.1976841241121292
462 -0.09538820385932922 -0.28571435809135437 -0.1762619912624359
463 -0.1474519670009613 -0.28571435809135437 -0.13573911786079407
464 -0.1835370659828186 -0.28571435809135437 -0.0805068239569664
465 -0.19973303377628326 -0.28571435809135437 -0.01655035838484764
466 -0.19439372420310974 -0.2851462960243225 0.048700809478759766
467 -0.17632903158664703 -0.2672452926635742 0.09480930119752884
468 -0.13558606803417206 -0.26785722374916077 0.14728571474552155
469 -0.08041603118181229 -0.26785722374916077 0.18333008885383606
470 -0.016531694680452347 -0.26785722374916077 0.19950780272483826
471 0.04914408549666405 -0.26785722374916077 0.19406576454639435
472 0.1094944030046463 -0.2678571939468384 0.16759365797042847
473 0.15797927975654602 -0.26785722374916077 0.12296018749475479
474 0.1893446147441864 -0.26785722374916077 0.06500211358070374
475 0.19997896254062653 -0.32034140825271606 0.0008371487492695451
476 0.19395066797733307 -0.32327333092689514 -0.05034945160150528
477 0.16778284311294556 -0.32142865657806396 -0.10961805284023285
478 0.12309904396533966 -0.32142865657806396 -0.1581575870513916
479 0.06507549434900284 -0.32142865657806396 -0.18955838680267334
480 4.94658269900583e-09 -0.32142865657806396 -0.20041754841804504
481 -0.06507544964551926 -0.32142865657806396 -0.18955840170383453
482 -0.12309901416301727 -0.32142865657806396 -0.1581576019525528
483 -0.16778284311294556 -0.32142865657806396 -0.10961802303791046
484 -0.1942848265171051 -0.32142865657806396 -0.04919962212443352
485 -0.19973303377628326 -0.32142865657806396 0.016550343483686447
486 -0.18372656404972076 -0.3208605945110321 0.08003272116184235
487 -0.15831907093524933 -0.3029595911502838 0.12253901362419128
488 -0.10949438810348511 -0.303571492433548 0.16759367287158966
489 -0.049144141376018524 -0.303571492433548 0.19406574964523315
490 0.01653168350458145 -0.303571492433548 0.19950781762599945
491 0.0804160088300705 -0.303571492433548 0.18333008885383606
492 0.13558606803417206 -0.303571492433548 0.14728571474552155
493 0.17606322467327118 -0.303571492433548 0.09528065472841263
494 0.19818268716335297 -0.303571492433548 0.027194635942578316
495 0.19997896254062653 -0.3582301735877991 0.000837149447761476
496 0.19232305884361267 -0.3568204641342163 -0.052759021520614624
497 0.18214067816734314 -0.3568422496318817 -0.08349882811307907
498 0.14745202660560608 -0.35714295506477356 -0.13573907315731049
499 0.09538821876049042 -0.35714295506477356 -0.1762619912624359
500 0.032987676560878754 -0.35714295506477356 -0.1976841241121292
501 -0.03298766165971756 -0.35714295506477356 -0.1976841241121292
502 -0.09538821876049042 -0.35714295506477356 -0.1762619912624359
503 -0.1474519670009613 -0.35714295506477356 -0.13573911786079407
504 -0.1835370659828186 -0.35714295506477356 -0.0805068239569664
505 -0.19973303377628326 -0.35714295506477356 -0.01655035838484764
506 -0.1942848265171051 -0.35714295506477356 0.04919961094856262
507 -0.16804783046245575 -0.3565748929977417 0.10918157547712326
508 -0.13599053025245667 -0.3386738896369934 0.14692622423171997
509 -0.08041603118181229 -0.33928582072257996 0.18333008885383606
510 -0.016531696543097496 -0.33928582072257996 0.19950780272483826
511 0.04914408177137375 -0.33928582072257996 0.19406576454639435
512 0.08036622405052185 -0.36299359798431396 0.1832166165113449
513 0.1094944104552269 -0.33928579092025757 0.16759365797042847
514 0.15797927975654602 -0.33928582072257996 0.1229601800441742
515 0.1893446147441864 -0.33928582072257996 0.06500211358070374
516 0.19997896254062653 -0.39177000522613525 0.0008371484000235796
517 0.19403746724128723 -0.3903272747993469 -0.05009595677256584
518 0.16778284311294556 -0.39285725355148315 -0.10961805284023285
519 0.12309902906417847 -0.39285725355148315 -0.1581575870513916
520 0.06507549434900284 -0.39285725355148315 -0.18955838680267334
521 4.94658269900583e-09 -0.39285725355148315 -0.20041754841804504
522 -0.06507544964551926 -0.39285725355148315 -0.18955838680267334
523 -0.12309901416301727 -0.39285725355148315 -0.1581576019525528
524 -0.16778284311294556 -0.39285725355148315 -0.10961802303791046
525 -0.1942848265171051 -0.39285725355148315 -0.04919962212443352
526 -0.19973303377628326 -0.39285725355148315 0.016550343483686447
527 -0.1835370659828186 -0.39285725355148315 0.0805068090558052
528 -0.14778518676757812 -0.3922891914844513 0.13535219430923462
529 -0.10995251685380936 -0.374388188123703 0.16730566322803497
530 -0.049144141376018524 -0.37500008940696716 0.19406574964523315
531 0.01653168350458145 -0.37500008940696716 0.19950781762599945
532 0.05241795629262924 -0.3966660499572754 0.19304202497005463
533 0.08142413198947906 -0.3907129168510437 0.18272295594215393
534 0.10734936594963074 -0.39296600222587585 0.16876408457756042
535 0.13558606803417206 -0.37500008940696716 0.14728569984436035
536 0.17606322467327118 -0.37500008940696716 0.09528066217899323
537 0.19818268716335297 -0.37500008940696716 0.027194635942578316
538 0.19997990131378174 -0.42963355779647827 8.28116390039213e-05
539 0.19760417938232422 -0.44412997364997864 -0.027390893548727036
540 0.1835370510816574 -0.42857155203819275 -0.0805068165063858
541 0.14745202660560608 -0.42857155203819275 -0.13573907315731049
542 0.09538821876049042 -0.42857155203819275 -0.1762619912624359
543 0.032987676560878754 -0.42857155203819275 -0.1976841241121292
544 -0.03298766165971756 -0.42857155203819275 -0.1976841241121292
545 -0.09538821876049042 -0.42857155203819275 -0.1762619912624359
546 -0.1474519670009613 -0.42857155203819275 -0.13573911786079407
547 -0.1835370659828186 -0.42857155203819275 -0.080506831407547
548 -0.19973303377628326 -0.42857155203819275 -0.01655035838484764
549 -0.1942848265171051 -0.42857155203819275 0.04919961094856262
550 -0.16778282821178436 -0.42857155203819275 0.10961805284023285
551 -0.12349139153957367 -0.4280034899711609 0.15783081948757172
552 -0.08091530203819275 -0.4101024866104126 0.18312141299247742
553 -0.04911692813038826 -0.43567925691604614 0.19395826756954193
554 -0.015614587813615799 -0.4089426100254059 0.19958414137363434
555 0.001933959312736988 -0.43354958295822144 0.1996447592973709
556 0.047529906034469604 -0.423417866230011 0.19432783126831055
557 0.0882539451122284 -0.4429870545864105 0.17939242720603943
558 0.1589442640542984 -0.4099118411540985 0.12172485888004303
559 0.17017878592014313 -0.4366573393344879 0.10480959713459015
560 0.1893446147441864 -0.41071441769599915 0.06500211358070374
561 0.19998939335346222 -0.4603717029094696 -0.00011532101780176163
562 0.19356906414031982 -0.46978262066841125 -0.04988275468349457
563 0.17553018033504486 -0.4686010181903839 -0.09571705758571625
564 0.1635073721408844 -0.472790390253067 -0.11470822989940643
565 0.12258260697126389 -0.47138485312461853 -0.15795619785785675
566 0.06598877906799316 -0.4712429642677307 -0.18880821764469147
567 -0.001033265609294176 -0.4712410271167755 -0.19999733567237854
568 -0.0661708265542984 -0.4712306261062622 -0.1887318640947342
569 -0.12341970205307007 -0.47135689854621887 -0.15734082460403442
570 -0.16770100593566895 -0.4713299572467804 -0.10887978971004486
571 -0.19390448927879333 -0.471159964799881 -0.04903538525104523
572 -0.19953081011772156 -0.47081586718559265 0.01681455597281456
573 -0.18327295780181885 -0.47112664580345154 0.07992690801620483
574 -0.14782759547233582 -0.4712277948856354 0.1347181499004364
575 -0.09725014120340347 -0.4703906774520874 0.1748405545949936
576 -0.04985437169671059 -0.45782235264778137 0.19380532205104828
577 -0.002908285241574049 -0.46930214762687683 0.19980370998382568
578 0.02846258133649826 -0.44818833470344543 0.1978921741247177
579 0.048263952136039734 -0.4688548147678375 0.19414682686328888
580 0.07263235002756119 -0.47159332036972046 0.18579451739788055
581 0.10126779973506927 -0.4722786843776703 0.172404482960701
582 0.13559597730636597 -0.44477033615112305 0.14728614687919617
583 0.16086530685424805 -0.4666876792907715 0.11891588568687439
584 0.17556330561637878 -0.4609440863132477 0.09587109088897705
585 0.18572339415550232 -0.47205135226249695 0.07399680465459824
586 0.1982070505619049 -0.44496145844459534 0.027001308277249336
587 0.19966696202754974 -0.4993334710597992 -0.002176895271986723
588 0.19670803844928741 -0.4994444251060486 -0.03485703840851784
589 0.18983016908168793 -0.4996573030948639 -0.0621039979159832
590 0.1764497458934784 -0.4994470775127411 -0.0927179679274559
591 0.1583445519208908 -0.49973437190055847 -0.12152375280857086
592 0.13449129462242126 -0.499738872051239 -0.14742884039878845
593 0.10857890546321869 -0.49972569942474365 -0.1674899011850357
594 0.0813346728682518 -0.4997096061706543 -0.1822931170463562
595 0.05061335489153862 -0.49973413348197937 -0.19296704232692719
596 0.015850670635700226 -0.49971625208854675 -0.1989632397890091
597 -0.018468888476490974 -0.4997333586215973 -0.19869039952754974
598 -0.05185844004154205 -0.4997189939022064 -0.19275443255901337
599 -0.08351306617259979 -0.4997120499610901 -0.1813032478094101
600 -0.11252010613679886 -0.4996339976787567 -0.1644957810640335
601 -0.13870081305503845 -0.49975207448005676 -0.14343532919883728
602 -0.16033251583576202 -0.49968352913856506 -0.11899351328611374
603 -0.17685425281524658 -0.49960237741470337 -0.09228041023015976
604 -0.1894923746585846 -0.49952736496925354 -0.06253893673419952
605 -0.19734340906143188 -0.49957117438316345 -0.029576675966382027
606 -0.19961069524288177 -0.49910345673561096 0.004385495092719793
607 -0.1971665769815445 -0.49875321984291077 0.03258085623383522
608 -0.17726829648017883 -0.4996774196624756 0.09198159724473953
609 -0.15850014984607697 -0.49976104497909546 0.1211954653263092
610 -0.13688674569129944 -0.4997078478336334 0.14522041380405426
611 -0.11116252839565277 -0.49960610270500183 0.1645224243402481
612 -0.08099625259637833 -0.4996340870857239 0.18208813667297363
613 -0.04903637245297432 -0.4996431767940521 0.19353024661540985
614 -0.016058165580034256 -0.49964532256126404 0.19899114966392517
615 0.016844455152750015 -0.49972841143608093 0.19884970784187317
616 0.051000721752643585 -0.4995169937610626 0.19310559332370758
617 0.08237869292497635 -0.4996691644191742 0.18179796636104584
618 0.11091240495443344 -0.49953582882881165 0.1656171977519989
619 0.13743829727172852 -0.4998207986354828 0.14430628716945648
620 0.15954403579235077 -0.49953779578208923 0.12017063796520233
621 0.17806245386600494 -0.4997400939464569 0.09005779027938843
622 0.00433437479659915 -0.5000001192092896 -0.002720877295359969
623 0.0038684532046318054 0.5 0.002364315092563629
624 -0.024748949334025383 -0.5000001192092896 0.001921929302625358
625 -0.02008737251162529 0.5 -0.008914580568671227
626 0.035258352756500244 -0.5000001192092896 -0.0018599160248413682
627 -0.04685017094016075 0.5 -0.0031996453180909157
628 0.05351272597908974 0.5 0.011297615244984627
629 -0.04945707321166992 -0.5000001192092896 -0.010053832083940506
630 -0.06938821822404861 0.5 -0.018765419721603394
631 0.061234138906002045 -0.5000001192092896 -0.009446658194065094
632 -0.06479743868112564 -0.5000001192092896 0.006108610890805721
633 0.0903879776597023 -0.5000001192092896 0.007350015453994274
634 -0.0856848731637001 -0.5000001192092896 0.0008330282289534807
635 0.11313029378652573 0.5 0.009243323467671871
636 -0.0988982692360878 0.5 -0.0005045323632657528
637 -0.10523203760385513 -0.5000001192092896 -0.016306165605783463
638 0.11148421466350555 -0.5000001192092896 -0.015761196613311768
639 -0.12554015219211578 -0.5000006556510925 0.013662992045283318
640 -0.11398310214281082 0.5 -0.026218626648187637
641 0.13833315670490265 0.4999999701976776 0.02047412469983101
642 0.1432536393404007 -0.5 -0.006063167471438646
643 -0.13314248621463776 -0.49999886751174927 -0.013471423648297787
644 -0.13411171734333038 0.5000000596046448 -0.024872150272130966
645 0.14575248956680298 0.5000006556510925 0.04577217251062393
646 -0.15225248038768768 -0.500013530254364 0.009113872423768044
647 -0.14824119210243225 0.5000023245811462 -0.04004431515932083
648 -0.16975747048854828 0.5000207424163818 -0.05350988730788231
649 -0.01577186957001686 0.5 0.10233867913484573
650 0.012155765667557716 -0.5000001192092896 0.09595035761594772
651 -0.016514671966433525 -0.5000001192092896 -0.10206878185272217
652 0.01157674565911293 0.5 -0.09889640659093857
653 -0.018418528139591217 -0.5000001192092896 0.1054684966802597
654 0.01565898209810257 -0.5000001192092896 -0.0980803593993187
655 0.03920987993478775 0.5 -0.09244666248559952
656 0.005296510178595781 0.5 0.09806650876998901
657 -0.04175122082233429 0.5 0.08922169357538223
658 -0.018749650567770004 0.4999999701976776 -0.10262762755155563
659 -0.06963103264570236 0.5 0.07854685187339783
660 0.040854692459106445 -0.5000001192092896 0.0815243273973465
661 -0.044007766991853714 -0.5000001192092896 -0.08814039826393127
662 0.06230375915765762 -0.5000001192092896 0.1000150591135025
663 -0.049112554639577866 -0.5000001192092896 0.10903485864400864
664 0.02993328869342804 0.5 0.11024349182844162
665 -0.17252647876739502 0.5000271201133728 -0.019293194636702538
666 -0.17470064759254456 -0.5000818371772766 -0.006651946809142828
667 -0.09452638030052185 0.5 0.06833396852016449
668 -0.07708696275949478 -0.5000001192092896 -0.08533626049757004
669 0.09301774948835373 0.5 -0.0648864209651947
670 -0.04716876521706581 0.49999943375587463 -0.10293086618185043
671 -0.06906209141016006 -0.5000001192092896 0.08666010200977325
672 0.08699972182512283 -0.5000001192092896 0.09780368953943253
673 0.08851230144500732 -0.5000001192092896 -0.09787213057279587
674 0.07472380995750427 0.5 0.11938987672328949
675 0.11944373697042465 0.5 -0.0565202496945858
676 -0.09614821523427963 -0.5000001788139343 0.10195596516132355
677 -0.10268566012382507 -0.5000001192092896 -0.065984345972538
678 -0.1094755008816719 0.5 0.05362241715192795
679 -0.1027177944779396 -0.500001072883606 -0.0939013659954071
680 0.0974167138338089 -0.5 -0.0699068084359169
681 -0.08874335885047913 -0.5000001192092896 0.06921691447496414
682 -0.10562344640493393 0.4999999701976776 -0.0824776217341423
683 0.16984982788562775 0.4999859035015106 0.03028998151421547
684 -0.07724629342556 0.5000001788139343 -0.09702399373054504
685 0.12291896343231201 -0.5000003576278687 0.0652625784277916
686 0.09710976481437683 0.5000001192092896 0.10723359882831573
687 0.11951063573360443 -0.499999076128006 -0.09126681834459305
688 0.1361282914876938 0.5 -0.046866901218891144
689 -0.11673931777477264 -0.5000001788139343 0.08928947150707245
690 -0.12736919522285461 -0.5000001788139343 -0.06639352440834045
691 -0.10237865149974823 0.5000004768371582 -0.1133774146437645
692 -0.13423584401607513 0.4999999701976776 0.03811420872807503
693 -0.11823102831840515 -0.4999993145465851 -0.08371005207300186
694 0.11465676128864288 -0.4999999701976776 0.0760929137468338
695 -0.127437561750412 0.5 0.060459353029727936
696 0.13957099616527557 -0.5 0.07776104658842087
697 0.13129159808158875 -0.4999951720237732 -0.06354202330112457
698 0.15256130695343018 0.5000011324882507 -0.05153317749500275
699 -0.13753464818000793 -0.4999954104423523 0.06796666234731674
700 -0.14452092349529266 -0.500001847743988 -0.07989870011806488
701 -0.13231618702411652 0.5000156164169312 -0.0924663320183754
702 -0.15492531657218933 0.5000050067901611 0.045400261878967285
703 -0.15080712735652924 -0.5000016093254089 -0.050438374280929565
704 0.16930432617664337 0.5000153183937073 -0.031158236786723137
705 -0.1704149842262268 0.5000328421592712 0.0162678025662899
706 0.15752500295639038 -0.5000030994415283 0.061252523213624954
707 -0.19614261388778687 0.4993304908275604 -0.035935286432504654
708 0.15304139256477356 0.4999714195728302 0.09304995089769363
709 -0.1636776328086853 -0.5000677704811096 0.06165025755763054
710 0.16158606112003326 -0.4999881982803345 -0.068752720952034
711 0.1806410700082779 0.500028669834137 -0.0009004585444927216
712 -0.019855817779898643 0.4999998211860657 0.14977891743183136
713 -0.009132958948612213 -0.5000001192092896 0.15150603652000427
714 -0.014103983528912067 -0.5000001192092896 -0.13883076608181
715 0.02734774723649025 0.5000004172325134 -0.1479024440050125
716 0.017392484471201897 0.5 -0.045064762234687805
717 -0.010525035671889782 0.5 -0.05381786823272705
718 -0.00806431658565998 0.5 0.044482387602329254
719 0.01820298098027706 0.5 0.051314108073711395
720 -0.00345018832013011 -0.5000001192092896 0.04864507541060448
721 -0.0009159266483038664 -0.5000001192092896 -0.05109499394893646
722 -0.03056129813194275 0.5 0.04394116252660751
723 0.019706161692738533 -0.5000001192092896 -0.033025484532117844
724 0.01692684181034565 -0.4999999701976776 -0.14867731928825378
725 0.055027347058057785 0.500000536441803 -0.13884958624839783
726 -0.04948008805513382 0.5000002384185791 0.14135012030601501
727 0.035378776490688324 -0.5000001192092896 0.14227944612503052
728 -0.02165025845170021 -0.5000001192092896 -0.04743196442723274
729 0.015204944647848606 -0.5000001192092896 0.15294727683067322
730 0.0229206383228302 -0.5000001192092896 0.04612200707197189
731 0.0015436337562277913 0.49999964237213135 -0.14913204312324524
732 0.04074498638510704 -0.5000001192092896 0.05901775509119034
733 0.041381608694791794 0.5 -0.036962106823921204
734 -0.07180719822645187 0.5000004172325134 0.13431528210639954
735 0.08211828768253326 0.5000194311141968 -0.13997451961040497
736 -0.029722949489951134 -0.5000001192092896 0.05181049555540085
737 0.19019898772239685 0.49954208731651306 0.060326214879751205
738 -0.1748017519712448 -0.5001875758171082 0.027884848415851593
739 0.04253634437918663 -0.500005841255188 -0.14997266232967377
740 -0.06463094800710678 0.5 0.045713871717453
741 -0.056670743972063065 -0.5000001192092896 -0.06674852967262268
742 0.04776778817176819 0.5 0.06601037830114365
743 0.1900711953639984 -0.49953389167785645 0.05959859490394592
744 0.008847326040267944 0.500005304813385 0.15994107723236084
745 -0.051240384578704834 -0.5000001192092896 -0.04068485274910927
746 -0.049074940383434296 0.5 0.025605525821447372
747 0.06872518360614777 0.5 -0.04767424985766411
748 0.17741142213344574 -0.5000439286231995 -0.044548340141773224
749 -0.19652599096298218 0.49957171082496643 0.03322577476501465
750 0.0687178298830986 -0.5000001192092896 -0.05534616485238075
751 0.028952473774552345 0.5000006556510925 0.14101529121398926
752 -0.06564480811357498 -0.5000001788139343 -0.1316763311624527
753 -0.05889911577105522 -0.49999985098838806 0.13660576939582825
754 -0.059978097677230835 -0.5000001192092896 0.0585501454770565
755 0.07524070888757706 0.5 0.06033836305141449
756 0.05365961045026779 0.49999502301216125 0.16227909922599792
757 -0.09307236224412918 0.5000051259994507 0.13148964941501617
758 0.07827778905630112 -0.5000001192092896 0.03753228485584259
759 -0.09517141431570053 0.5 0.03244654834270477
760 0.10297852754592896 -0.5000070929527283 0.13292087614536285
761 -0.05526421219110489 0.5 -0.046933613717556
762 -0.09929754585027695 -0.5000000596046448 -0.04201744869351387
763 0.1052631214261055 -0.5000000596046448 0.04013356193900108
764 0.10161417722702026 0.5 -0.008018877357244492
765 -0.08484769612550735 0.5 -0.06595426052808762
766 -0.12886929512023926 0.5000025033950806 0.11237789690494537
767 -0.055761560797691345 0.4999898672103882 -0.1606322079896927
768 -0.07890155166387558 -0.5000001192092896 0.0349428653717041
769 0.05939283221960068 -0.5000001192092896 -0.13637569546699524
770 -0.06258201599121094 0.5 -0.07475375384092331
771 0.09398576617240906 -0.5000001192092896 -0.04269734025001526
772 0.10040237009525299 0.5000038146972656 0.13958744704723358
773 0.11446887999773026 -0.5 -0.04495128244161606
774 -0.10414591431617737 0.5 -0.05458221212029457
775 -0.11477500945329666 -0.5000197291374207 -0.1350797861814499
776 -0.11351930350065231 -0.4999998211860657 0.127425879240036
777 -0.07139276713132858 0.5000040531158447 -0.1285504251718521
778 -0.09021947532892227 -0.49998989701271057 -0.14846913516521454
779 -0.11624746769666672 0.49998316168785095 0.12976257503032684
780 -0.16276665031909943 0.5000455379486084 -0.08393950760364532
781 -0.17339587211608887 -0.5000152587890625 -0.039068929851055145
782 0.1376807689666748 0.5000012516975403 -0.07145709544420242
783 0.12845468521118164 -0.5000006556510925 0.0912407860159874
784 0.13035966455936432 -0.4999959170818329 -0.11930540204048157
785 -0.12214954942464828 0.5 0.0034441843163222075
786 -0.1311154067516327 -0.5000023245811462 -0.09014824032783508
787 -0.10869643837213516 -0.5000001788139343 0.05384356901049614
788 -0.14289814233779907 0.5000025033950806 0.06961604207754135
789 -0.09428922086954117 0.5000201463699341 -0.13935105502605438
790 0.07834233343601227 0.499989777803421 0.15243922173976898
791 0.09098070859909058 -0.5000004172325134 -0.12505513429641724
792 -0.09603436291217804 -0.5000000596046448 0.13356268405914307
793 -0.08277628570795059 0.4999416172504425 -0.15746119618415833
794 0.1399729996919632 0.49998441338539124 -0.09842875599861145
795 -0.11689300835132599 -0.4999814033508301 -0.10936291515827179
796 0.12210587412118912 -0.4999988079071045 0.1155548095703125
797 0.13202166557312012 -0.5000007748603821 0.041346367448568344
798 -0.11654827743768692 0.5 0.025528470054268837
799 -0.13657419383525848 0.5000001788139343 0.09058935940265656
800 0.12473061680793762 0.4999999701976776 0.05282473936676979
801 0.14112815260887146 0.5000014901161194 -0.013376761227846146
802 0.11584855616092682 0.5000033974647522 0.11873957514762878
803 0.14081507921218872 -0.49999627470970154 0.1115204244852066
804 0.13957634568214417 -0.49999964237213135 -0.031079312786459923
805 -0.13947397470474243 -0.4999992847442627 0.10081660747528076
806 0.15981966257095337 0.5000024437904358 -0.08260945975780487
807 -0.12504246830940247 -0.49999934434890747 -0.03803329914808273
808 -0.1403975784778595 -0.5000039339065552 -0.11291473358869553
809 -0.12579460442066193 0.5000003576278687 -0.05857478082180023
810 -0.14696623384952545 0.5000045299530029 0.016217008233070374
811 -0.1650656759738922 0.49999842047691345 0.07316721230745316
812 -0.11522253602743149 0.4999953806400299 -0.13638488948345184
813 0.12002119421958923 0.5 -0.024600742384791374
814 -0.123613640666008 -0.5000002980232239 0.03804224729537964
815 0.1383402794599533 0.5000006556510925 0.07339640706777573
816 -0.1461099237203598 -0.5000064373016357 0.03594135493040085
817 0.15750053524971008 0.49999719858169556 -0.0011062347330152988
818 -0.15686015784740448 -0.4999845027923584 -0.09287689626216888
819 -0.14810273051261902 0.5000057220458984 -0.06794609874486923
820 -0.15296398103237152 0.5000045299530029 -0.010811087675392628
821 0.14910529553890228 -0.5000013709068298 0.033320944756269455
822 0.15481726825237274 -0.4999879002571106 0.09287934750318527
823 -0.15270821750164032 -0.5000050663948059 -0.024713916704058647
824 -0.13314828276634216 -0.4999963641166687 0.1194799616932869
825 -0.1561509072780609 -0.5000007748603821 0.09024563431739807
826 0.15462708473205566 -0.49999305605888367 -0.04424430802464485
827 0.14797349274158478 -0.5000360608100891 -0.09183522313833237
828 0.17236095666885376 -0.49993178248405457 0.038251448422670364
829 -0.1294832080602646 0.5000077486038208 -0.11958391219377518
830 0.16295121610164642 0.49997568130493164 0.06521115452051163
831 0.048100925981998444 0.49999701976776123 -0.16803224384784698
832 0.0022778206039220095 -0.49999648332595825 0.17508895695209503
833 -0.04467083513736725 0.5 0.1703469455242157
834 -0.0011698954040184617 -0.5000054836273193 -0.1706753671169281
835 0.014494949951767921 0.500011146068573 -0.17460905015468597
836 -0.027310680598020554 -0.5000115036964417 0.16969645023345947
837 -0.03186073899269104 0.5 0.12140051275491714
838 -0.01152881607413292 -0.5000001192092896 0.07521935552358627
839 -0.008825509808957577 -0.5000001192092896 -0.024548077955842018
840 0.005799940787255764 -0.5000001192092896 0.12559588253498077
841 0.013079027645289898 0.5 -0.07255687564611435
842 -0.0027779375668615103 0.5 -0.02537010796368122
843 -0.02001248113811016 0.5 0.018391426652669907
844 -0.005260661244392395 -0.5000001192092896 -0.07477353513240814
845 -0.014541296288371086 -0.5000001192092896 0.02509326860308647
846 0.007419798523187637 -0.5000001192092896 -0.12207550555467606
847 0.03094267100095749 0.5 -0.014320573769509792
848 0.048459380865097046 -0.5000001192092896 0.032748375087976456
849 -0.032704781740903854 -0.5000001192092896 -0.02348499372601509
850 -0.010797104798257351 0.5000021457672119 0.1764420121908188
851 0.0019804686307907104 0.5000000596046448 0.1257585883140564
852 0.030243372544646263 -0.49999845027923584 -0.17393317818641663
853 0.016349734738469124 -0.5000001192092896 0.02410096861422062
854 0.018139606341719627 -0.5000001192092896 0.06972286850214005
855 0.018375486135482788 -0.5000001192092896 -0.07004009187221527
856 0.006299847271293402 0.5 -0.12504081428050995
857 -0.038722701370716095 -0.5000001192092896 -0.11793480813503265
858 0.040640607476234436 0.5 -0.06438686698675156
859 0.0043206000700592995 0.5 0.02728644199669361
860 0.03456951305270195 0.5 -0.1189427599310875
861 -0.012537038885056973 0.5 0.07123706489801407
862 -0.06559766829013824 0.5 0.11211507767438889
863 0.05887893587350845 0.49999988079071045 -0.11339118331670761
864 0.036338888108730316 -0.5000001192092896 0.11394425481557846
865 -0.030578959733247757 -0.5000001192092896 -0.07047608494758606
866 -0.044312700629234314 0.5 0.06247781589627266
867 -0.008438053540885448 0.5 -0.07916079461574554
868 0.05834244191646576 -0.5000001788139343 0.13300327956676483
869 0.024133045226335526 0.5 0.07993323355913162
870 -0.019145173951983452 0.5 -0.1294136792421341
871 0.037105392664670944 -0.5000001192092896 -0.1213606595993042
872 -0.03469768166542053 0.5 -0.03248818963766098
873 -0.04085098206996918 -0.5000001192092896 0.08004416525363922
874 0.07704797387123108 0.49998652935028076 -0.16036126017570496
875 0.03163693845272064 -0.4999989867210388 0.17301926016807556
876 -0.031512580811977386 -0.4999982714653015 -0.1695084273815155
877 0.04842301085591316 -0.5000001192092896 -0.03190862014889717
878 0.0582556426525116 -0.5000116229057312 0.16496847569942474
879 -0.07718232274055481 0.500024676322937 0.15621663630008698
880 -0.06229376792907715 -0.500005841255188 -0.1621905267238617
881 0.15155011415481567 -0.4428845942020416 0.12930020689964294
882 -0.1699422001838684 0.339285671710968 -0.1040174812078476
883 0.1493731290102005 0.4033832848072052 0.13186995685100555
884 -0.1684669852256775 0.4739857614040375 -0.10649707913398743
885 0.1425406038761139 0.3732181787490845 0.1392260640859604
886 -0.1622762233018875 0.4439567029476166 -0.11558279395103455
887 -0.1635214239358902 0.3749999701976776 -0.11384520679712296
888 -0.1699427217245102 0.41064414381980896 -0.10401755571365356
889 -0.16687257587909698 -0.44087088108062744 -0.10897916555404663
890 -0.16684459149837494 -0.2970098853111267 -0.10900501906871796
891 -0.1635214239358902 0.3035713732242584 -0.11384519934654236
892 0.1425529271364212 -0.26785722374916077 0.13920721411705017
893 -0.16684459149837494 -0.27441883087158203 -0.10900501906871796
894 0.1425529271364212 0.30357134342193604 0.13920722901821136
895 0.1426316201686859 -0.41050001978874207 0.13913048803806305
896 -0.16684459149837494 -0.3458474278450012 -0.10900501906871796
897 0.1505037248134613 -0.30357152223587036 0.13057036697864532
898 0.1505037248134613 0.33928564190864563 0.13057036697864532
899 -0.16684459149837494 -0.4172760248184204 -0.10900501906871796
900 0.1425529271364212 -0.33928579092025757 0.13920722901821136
901 0.15057748556137085 -0.3750430643558502 0.13048411905765533
902 -0.16684459149837494 -0.3684384822845459 -0.10900501906871796
903 -0.0916769802570343 0.471618115901947 -0.17695455253124237
904 -0.03857061639428139 0.3749999403953552 0.19547966122627258
905 -0.1505037099123001 0.3749999403953552 0.13057036697864532
906 -0.1176806315779686 0.3732181787490845 0.1607886403799057
907 -0.03460145741701126 0.4401784837245941 0.19623485207557678
908 -0.09485478699207306 -0.2612955868244171 -0.17527630925178528
909 -0.10199242830276489 0.44209638237953186 -0.1711232215166092
910 -0.025675833225250244 0.4097485840320587 0.1975761204957962
911 -0.08962848782539368 0.339285671710968 -0.17795145511627197
912 -0.0896867960691452 0.41061413288116455 -0.17792485654354095
913 -0.12695984542369843 0.33928564190864563 0.15356166660785675
914 -0.1425529271364212 0.33928564190864563 0.13920722901821136
915 -0.026991410180926323 0.339285671710968 0.19741187989711761
916 -0.09995287656784058 0.3035713732242584 -0.17236417531967163
917 -0.14483651518821716 0.4735718071460724 0.13690242171287537
918 -0.14261293411254883 -0.3035082221031189 0.13914728164672852
919 -0.15053148567676544 -0.2678263783454895 0.13053826987743378
920 -0.038570620119571686 -0.26785722374916077 0.1954796463251114
921 -0.1425406038761139 0.40893247723579407 0.1392260491847992
922 -0.11769592016935349 -0.2678571939468384 0.16077207028865814
923 -0.1505037099123001 0.30357134342193604 0.13057035207748413
924 -0.12699250876903534 -0.3035406470298767 0.15353457629680634
925 -0.03857061639428139 0.3035713732242584 0.19547966122627258
926 -0.09485478699207306 -0.3101331293582916 -0.17527630925178528
927 -0.026991410180926323 -0.30357152223587036 0.19741187989711761
928 -0.11769591271877289 0.30357134342193604 0.16077207028865814
929 -0.12563076615333557 0.4033832848072052 0.15465743839740753
930 -0.09485478699207306 -0.3327241837978363 -0.17527630925178528
931 -0.09485478699207306 -0.3815617263317108 -0.17527630925178528
932 -0.11776497960090637 -0.3392225205898285 0.16072283685207367
933 -0.10005151480436325 0.37503212690353394 -0.172306090593338
934 -0.15293623507022858 -0.335125595331192 0.12765493988990784
935 -0.03857061639428139 -0.33928579092025757 0.19547966122627258
936 -0.026991410180926323 -0.37500011920928955 0.19741187989711761
937 -0.12983906269073486 -0.3708398938179016 0.15108636021614075
938 -0.14854373037815094 -0.3647034168243408 0.13287103176116943
939 -0.1466749906539917 -0.41722914576530457 0.13492965698242188
940 -0.09485478699207306 -0.4041527807712555 -0.17527630925178528
941 -0.03859315440058708 -0.408932626247406 0.1954796314239502
942 -0.12464790046215057 -0.4004177153110504 0.1555083841085434
943 -0.09506647288799286 -0.45505180954933167 -0.1751336306333542
944 -0.1493089497089386 0.44334113597869873 0.13198280334472656
945 -0.14678166806697845 -0.4404442608356476 0.13482977449893951
946 -0.12027662247419357 0.4750537574291229 0.15945616364479065
947 -0.027043985202908516 -0.4437868893146515 0.19738996028900146
948 -0.12283097207546234 -0.4544233977794647 0.15691901743412018
949 0.19158783555030823 -0.4437946081161499 0.054795268923044205
950 0.18330518901348114 -0.44039589166641235 0.0780729278922081
951 0.1505037248134613 0.26785707473754883 0.13057038187980652
952 -0.18478728830814362 0.3750317692756653 -0.07452079653739929
953 -0.1805027276277542 0.472870409488678 -0.0843292698264122
954 0.1425529271364212 0.01785707287490368 0.13920722901821136
955 -0.1916249841451645 0.3732181787490845 0.05460391566157341
956 0.1193632259964943 0.47302767634391785 0.1595805287361145
957 -0.19896656274795532 0.3749999403953552 0.010597040876746178
958 -0.10347815603017807 0.44653382897377014 0.17018136382102966
959 0.1298447549343109 0.44660624861717224 0.15103770792484283
960 0.1505037248134613 -0.01785721443593502 0.13057038187980652
961 0.08937361091375351 0.4374179244041443 0.17808975279331207
962 0.00575447641313076 0.3750297427177429 0.1991661936044693
963 0.07233511656522751 0.4439622461795807 0.18563394248485565
964 -0.09997418522834778 0.3732181787490845 0.17235685884952545
965 0.18543121218681335 0.4782814085483551 0.0725635439157486
966 0.08962846547365189 0.3749999403953552 0.17795148491859436
967 0.07021941989660263 0.3749999403953552 0.1864650845527649
968 0.1937074065208435 0.44004175066947937 0.046675849705934525
969 0.18511809408664703 0.43580910563468933 0.07536965608596802
970 0.1425529271364212 -0.05357149988412857 0.13920721411705017
971 0.1425529420375824 0.23214279115200043 0.13920722901821136
972 0.19434303045272827 0.47204089164733887 0.04556221514940262
973 0.18007966876029968 0.37502989172935486 0.08527369797229767
974 0.12697966396808624 0.3732181787490845 0.153550922870636
975 0.19478631019592285 0.3749999403953552 0.041848719120025635
976 -0.1932162344455719 -0.3100862503051758 0.048857539892196655
977 0.18474513292312622 0.339285671710968 0.07462723553180695
978 0.1505037248134613 0.12499993294477463 0.13057036697864532
979 -0.198358952999115 0.4736716151237488 0.019056662917137146
980 0.1505037248134613 -0.08928578346967697 0.13057036697864532
981 -0.18474514782428741 0.3035713732242584 -0.07462720572948456
982 -0.1800295114517212 0.339285671710968 -0.0853777676820755
983 0.1425529271364212 -0.12500005960464478 0.13920722901821136
984 0.1505037248134613 0.19642850756645203 0.13057036697864532
985 -0.19799715280532837 0.339285671710968 0.022296268492937088
986 -0.19450870156288147 0.339285671710968 0.04320135712623596
987 0.1505037248134613 -0.16071434319019318 0.13057036697864532
988 -0.08962848037481308 0.339285671710968 0.17795147001743317
989 -0.0058696637861430645 0.339285671710968 0.1991620808839798
990 0.05911615118384361 0.339285671710968 0.19027681648731232
991 -0.18008047342300415 0.41067448258399963 -0.08527607470750809
992 0.11769592016935349 0.33928564190864563 0.16077207028865814
993 -0.19278784096240997 0.4750669598579407 0.05216667801141739
994 0.09995286166667938 0.33928564190864563 0.17236419022083282
995 0.1425529420375824 -0.19642862677574158 0.13920722901821136
996 0.1425529271364212 0.16071420907974243 0.13920721411705017
997 0.1918114870786667 0.339285671710968 0.05397205427289009
998 -0.1979989856481552 0.40893247723579407 0.022318724542856216
999 0.1505037248134613 -0.23214292526245117 0.13057038187980652
1000 -0.19413289427757263 0.4033832848072052 0.04488242790102959
1001 -0.19861949980258942 -0.2969868779182434 0.016420144587755203
1002 -0.18251068890094757 -0.2612956166267395 -0.08005661517381668
1003 -0.1986227035522461 -0.2743719518184662 0.016388829797506332
1004 -0.19387991726398468 -0.25756052136421204 0.04615768790245056
1005 0.005869654007256031 -0.26785722374916077 0.1991620808839798
1006 -0.18251068890094757 -0.3101331293582916 -0.08005661517381668
1007 -0.09995285421609879 -0.26785722374916077 0.17236419022083282
1008 0.12695986032485962 -0.26785722374916077 0.15356166660785675
1009 -0.09210044890642166 0.41066980361938477 0.1767069548368454
1010 0.08962846547365189 -0.2678571939468384 0.17795148491859436
1011 0.07021941244602203 -0.26785722374916077 0.1864650696516037
1012 0.1800295114517212 -0.26785722374916077 0.08537779003381729
1013 0.19478631019592285 -0.26785722374916077 0.04184872284531593
1014 -0.19162686169147491 0.3035713732242584 0.054581452161073685
1015 -0.19896656274795532 0.3035713732242584 0.010597041808068752
1016 -0.006462883669883013 0.4028506577014923 0.19911827147006989
1017 0.059124864637851715 0.4106491208076477 0.1902746707201004
1018 -0.08962848037481308 -0.30357152223587036 0.17795147001743317
1019 0.05911615118384361 -0.30357152223587036 0.19027681648731232
1020 0.09989150613546371 0.4106053113937378 0.17240116000175476
1021 -0.0058696637861430645 -0.30357152223587036 0.1991620808839798
1022 0.09995286166667938 -0.303571492433548 0.17236419022083282
1023 0.11769592761993408 -0.303571492433548 0.16077207028865814
1024 0.18474513292312622 -0.30357152223587036 0.07462722808122635
1025 0.005869654007256031 0.3035713732242584 0.1991620808839798
1026 -0.1855866014957428 0.4421476721763611 -0.07240574061870575
1027 0.19181150197982788 -0.30357152223587036 0.05397205799818039
1028 -0.09995286166667938 0.3035713732242584 0.17236419022083282
1029 0.12695986032485962 0.3035713732242584 0.15356166660785675
1030 0.1198822632431984 0.4106193482875824 0.1591722071170807
1031 -0.09392525255680084 0.4742313325405121 0.17586185038089752
1032 -0.18251068890094757 -0.3327241837978363 -0.08005661517381668
1033 0.08962846547365189 0.3035713732242584 0.17795148491859436
1034 -0.19320790469646454 -0.332701176404953 0.04888789355754852
1035 -0.19861610233783722 -0.3458474278450012 0.01645779237151146
1036 0.07021941989660263 0.3035713732242584 0.1864650845527649
1037 0.19478631019592285 0.3035713732242584 0.041848719120025635
1038 0.005869652610272169 -0.33928579092025757 0.1991620808839798
1039 -0.09998953342437744 -0.3392549753189087 0.17234285175800323
1040 0.1425529271364212 0.08928564935922623 0.13920724391937256
1041 0.08961068838834763 -0.3375040292739868 0.17796529829502106
1042 0.19147291779518127 0.40974298119544983 0.0551629438996315
1043 0.07024162262678146 -0.3375040292739868 0.18646135926246643
1044 0.1800295114517212 0.3035713732242584 0.08537779003381729
1045 0.19478631019592285 -0.33928579092025757 0.041848719120025635
1046 0.18494462966918945 0.4028501510620117 0.07406280934810638
1047 0.1800295114517212 -0.33928579092025757 0.08537779003381729
1048 0.12695986032485962 -0.33928579092025757 0.15356166660785675
1049 -0.19861610233783722 -0.3684384822845459 0.01645779237151146
1050 -0.18251068890094757 -0.3815617263317108 -0.08005661517381668
1051 -0.19889454543590546 0.4434400498867035 0.012360085733234882
1052 -0.08970470726490021 -0.3749368190765381 0.17791427671909332
1053 -0.19319836795330048 -0.3815616965293884 0.04892447590827942
1054 -0.0058696637861430645 -0.37500011920928955 0.1991620808839798
1055 0.060760460793972015 -0.36766913533210754 0.18976348638534546
1056 0.19181150197982788 -0.37500011920928955 0.05397205799818039
1057 0.09846153855323792 -0.36766913533210754 0.1732262670993805
1058 -0.007394666317850351 0.4784456193447113 0.19897833466529846
1059 0.18474513292312622 -0.37500011920928955 0.07462723553180695
1060 0.11768064647912979 -0.3732183277606964 0.1607886403799057
1061 -0.18251068890094757 -0.4041527807712555 -0.08005661517381668
1062 0.1505037248134613 0.05357136204838753 0.13057038187980652
1063 -0.19861610233783722 -0.4172760248184204 0.01645779237151146
1064 -0.19319836795330048 -0.4041527807712555 0.04892447590827942
1065 0.12406174838542938 -0.4093443751335144 0.15593071281909943
1066 -0.10320031642913818 -0.4065541923046112 0.17039650678634644
1067 0.10046877712011337 -0.41559556126594543 0.17286746203899384
1068 0.07135571539402008 -0.41756415367126465 0.18594160676002502
1069 0.00583530543372035 -0.401641845703125 0.1991833746433258
1070 0.194793239235878 -0.41046181321144104 0.04181866720318794
1071 0.17944474518299103 -0.4098287522792816 0.0865730345249176
1072 -0.18249110877513885 -0.45504990220069885 -0.08004087954759598
1073 -0.19862301647663116 -0.4404878616333008 0.01643645577132702
1074 -0.1930788904428482 -0.4548102617263794 0.04929010570049286
1075 -0.09757164120674133 -0.4365377724170685 0.17380841076374054
1076 0.05933264642953873 -0.4443970322608948 0.19021262228488922
1077 0.06287315487861633 0.4739031195640564 0.1891491562128067
1078 0.11421477049589157 -0.44334569573402405 0.1631612330675125
1079 -0.11769592016935349 0.01785707287490368 0.16077207028865814
1080 -0.1505037099123001 0.017857076600193977 0.13057036697864532
1081 -0.026991410180926323 0.26785707473754883 0.19741187989711761
1082 -0.03857061639428139 0.017857076600193977 0.1954796463251114
1083 0.19478631019592285 0.017857074737548828 0.04184872657060623
1084 -0.1698988378047943 -0.017793940380215645 -0.10409035533666611
1085 -0.09479428827762604 -0.02437194623053074 -0.17531004548072815
1086 -0.12695984542369843 -0.017857210710644722 0.15356166660785675
1087 -0.1425529271364212 -0.017857208847999573 0.13920721411705017
1088 -0.09995288401842117 0.23214279115200043 -0.17236417531967163
1089 0.1918114870786667 -0.01785721257328987 0.05397205799818039
1090 -0.026991408318281174 -0.017857210710644722 0.19741187989711761
1091 -0.1635214239358902 0.23214279115200043 -0.11384521424770355
1092 -0.09482166916131973 -0.04698687419295311 -0.17529453337192535
1093 -0.16129229962825775 -0.04941128194332123 -0.11691907048225403
1094 -0.03857061639428139 0.23214279115200043 0.19547966122627258
1095 -0.11769592016935349 -0.05357149615883827 0.16077207028865814
1096 -0.1505037099123001 -0.053571492433547974 0.13057035207748413
1097 -0.03857061639428139 -0.05357149615883827 0.1954796463251114
1098 -0.1635214239358902 0.16071420907974243 -0.11384519934654236
1099 0.19478631019592285 -0.05357149615883827 0.04184872657060623
1100 -0.08962849527597427 0.19642850756645203 -0.17795147001743317
1101 -0.026991410180926323 -0.08928577601909637 0.19741187989711761
1102 -0.1652705818414688 -0.07898909598588943 -0.11138037592172623
1103 -0.09485478699207306 -0.09584738314151764 -0.17527630925178528
1104 -0.1699422001838684 0.19642849266529083 -0.1040174812078476
1105 -0.09988005459308624 0.0893489196896553 -0.17240764200687408
1106 -0.09485477954149246 -0.1184384673833847 -0.17527630925178528
1107 -0.16610842943191528 -0.13145114481449127 -0.11011917144060135
1108 -0.026991410180926323 0.19642849266529083 0.19741187989711761
1109 -0.03857061639428139 -0.12500005960464478 0.1954796463251114
1110 -0.1661251038312912 -0.15424197912216187 -0.110092893242836
1111 -0.09485478699207306 -0.16727596521377563 -0.17527630925178528
1112 -0.09995288401842117 0.16071420907974243 -0.17236417531967163
1113 -0.026991408318281174 -0.16071434319019318 0.19741187989711761
1114 -0.09485478699207306 -0.1898670196533203 -0.17527630925178528
1115 -0.16684459149837494 -0.20299024879932404 -0.10900501906871796
1116 -0.03857061639428139 0.16071420907974243 0.19547966122627258
1117 -0.03857061639428139 -0.19642862677574158 0.19547966122627258
1118 -0.09485478699207306 -0.23870451748371124 -0.17527630925178528
1119 -0.16684459149837494 -0.2255813032388687 -0.10900501906871796
1120 -0.1699422001838684 0.12499992549419403 -0.1040174812078476
1121 -0.026991410180926323 -0.23214292526245117 0.19741187989711761
1122 -0.08959057182073593 0.1250307708978653 -0.1779704988002777
1123 -0.026991408318281174 0.12499993294477463 0.19741187989711761
1124 -0.1635214239358902 0.08928564935922623 -0.11384519934654236
1125 -0.03857061639428139 0.08928564935922623 0.1954796463251114
1126 -0.08620510250329971 0.057731568813323975 -0.17959387600421906
1127 -0.1699422001838684 0.05357136204838753 -0.104017473757267
1128 -0.1699422001838684 0.26785707473754883 -0.1040174812078476
1129 -0.12695984542369843 0.05357136204838753 0.15356166660785675
1130 -0.1425529271364212 0.05357136204838753 0.13920721411705017
1131 0.1918114870786667 0.05357136204838753 0.05397205799818039
1132 -0.08962848782539368 0.26785707473754883 -0.17795147001743317
1133 -0.026991408318281174 0.05357136204838753 0.19741187989711761
1134 -0.09233997762203217 0.02815374732017517 -0.17661622166633606
1135 -0.16349713504314423 0.017887914553284645 -0.1138799861073494
1136 -0.19162686169147491 0.017857078462839127 0.05458145961165428
1137 -0.19896656274795532 0.017857078462839127 0.010597042739391327
1138 0.005869654472917318 0.017857076600193977 0.1991620808839798
1139 -0.09995285421609879 0.017857076600193977 0.17236419022083282
1140 0.07021941244602203 0.017857078462839127 0.1864650696516037
1141 0.08962845802307129 0.017857078462839127 0.17795148491859436
1142 0.1800295114517212 0.017857074737548828 0.08537779748439789
1143 0.19181150197982788 0.26785707473754883 0.05397205799818039
1144 0.19478631019592285 0.23214279115200043 0.04184872284531593
1145 -0.1505037099123001 0.23214279115200043 0.13057036697864532
1146 -0.18001127243041992 -0.017826370894908905 -0.08541608601808548
1147 -0.19450870156288147 -0.017857208847999573 0.04320135712623596
1148 -0.19799715280532837 -0.017857210710644722 0.022296268492937088
1149 -0.19896656274795532 -0.05357149988412857 0.010597042739391327
1150 -0.08962848037481308 -0.01785721257328987 0.17795147001743317
1151 -0.00586966285482049 -0.01785721257328987 0.1991620808839798
1152 0.05911615118384361 -0.017857208847999573 0.19027681648731232
1153 0.09995285421609879 -0.017857210710644722 0.17236419022083282
1154 -0.09995285421609879 -0.05357149615883827 0.17236419022083282
1155 0.18002949655056 -0.05357149615883827 0.08537779748439789
1156 0.07021941244602203 -0.053571492433547974 0.1864650845527649
1157 0.18474513292312622 -0.01785721257328987 0.07462723553180695
1158 -0.12695984542369843 0.19642850756645203 0.15356166660785675
1159 -0.11769591271877289 0.23214279115200043 0.16077207028865814
1160 -0.18471434712409973 -0.053508222103118896 -0.07470627129077911
1161 -0.19162686169147491 -0.05357149615883827 0.054581452161073685
1162 0.19181150197982788 0.19642849266529083 0.05397205799818039
1163 0.005869654007256031 -0.05357149615883827 0.1991620808839798
1164 0.08962846547365189 -0.05357149615883827 0.17795148491859436
1165 -0.11769592761993408 0.16071422398090363 0.16077207028865814
1166 -0.1425529271364212 0.12499993294477463 0.13920722901821136
1167 -0.1425529271364212 -0.08928578346967697 0.13920721411705017
1168 -0.12695984542369843 -0.08928577601909637 0.15356166660785675
1169 0.19181150197982788 -0.08928578346967697 0.05397205427289009
1170 -0.1425529271364212 0.19642850756645203 0.13920721411705017
1171 -0.11769592016935349 -0.12500005960464478 0.16077208518981934
1172 -0.1505037099123001 -0.12500007450580597 0.13057036697864532
1173 0.19478631019592285 -0.12500005960464478 0.04184873029589653
1174 -0.12695984542369843 -0.16071435809135437 0.15356166660785675
1175 -0.1425529420375824 -0.16071435809135437 0.13920721411705017
1176 0.1918114870786667 -0.16071434319019318 0.05397205799818039
1177 -0.1505037099123001 0.16071422398090363 0.13057036697864532
1178 -0.11769591271877289 -0.19642862677574158 0.16077207028865814
1179 -0.1505037248134613 -0.19642864167690277 0.13057035207748413
1180 0.19478631019592285 0.16071420907974243 0.04184872657060623
1181 0.19478631019592285 -0.19642862677574158 0.04184872657060623
1182 -0.1425529271364212 -0.23214292526245117 0.13920721411705017
1183 -0.12695983052253723 -0.23214291036128998 0.15356166660785675
1184 0.1918114870786667 -0.23214292526245117 0.05397206172347069
1185 -0.12695984542369843 0.12499993294477463 0.15356168150901794
1186 0.19181150197982788 0.12499992549419403 0.05397205799818039
1187 -0.1505037099123001 0.08928564935922623 0.13057036697864532
1188 -0.11769592016935349 0.08928564935922623 0.16077207028865814
1189 0.19478631019592285 0.08928564935922623 0.04184872284531593
1190 -0.1800295114517212 0.05357136204838753 -0.0853777751326561
1191 -0.19450870156288147 0.053571365773677826 0.04320135712623596
1192 -0.19799715280532837 0.053571365773677826 0.022296270355582237
1193 -0.08962848782539368 0.05357136204838753 0.17795147001743317
1194 -0.005869662389159203 0.05357136204838753 0.1991620808839798
1195 0.059116147458553314 0.053571365773677826 0.19027681648731232
1196 0.09995286166667938 0.053571365773677826 0.17236419022083282
1197 0.18474513292312622 0.05357135832309723 0.07462723553180695
1198 -0.12695984542369843 0.26785707473754883 0.15356168150901794
1199 -0.1425529271364212 0.26785707473754883 0.13920721411705017
1200 -0.18474514782428741 0.017857074737548828 -0.07462720572948456
1201 -0.005869662389159203 0.26785707473754883 0.1991620808839798
1202 0.05911615490913391 0.26785707473754883 0.19027681648731232
1203 0.11769591271877289 0.26785707473754883 0.16077207028865814
1204 0.09995286166667938 0.26785707473754883 0.17236419022083282
1205 0.12695984542369843 0.017857076600193977 0.15356166660785675
1206 0.18474513292312622 0.26785707473754883 0.07462723553180695
1207 0.14444799721240997 -0.47334951162338257 0.1372724026441574
1208 0.030368149280548096 0.47122636437416077 -0.1973862200975418
1209 -0.19883297383785248 -0.22184623777866364 0.013616545125842094
1210 0.08962846547365189 0.23214279115200043 0.17795148491859436
1211 0.1656751036643982 0.47297021746635437 -0.11077293753623962
1212 0.005869653541594744 0.23214279115200043 0.1991620808839798
1213 0.1800295114517212 0.23214279115200043 0.08537779748439789
1214 -0.07017232477664948 0.4105824828147888 -0.18648388981819153
1215 -0.005869655404239893 0.33928564190864563 -0.1991620808839798
1216 0.09131425619125366 0.4751724302768707 -0.17758046090602875
1217 0.14662742614746094 -0.2612955868244171 -0.13498005270957947
1218 0.12695986032485962 -0.05357149988412857 0.15356166660785675
1219 -0.09995286166667938 0.23214279115200043 0.17236419022083282
1220 0.07021941989660263 0.23214279115200043 0.1864650845527649
1221 -0.19450868666172028 0.12499993294477463 0.04320136085152626
1222 0.1904514729976654 -0.27615150809288025 -0.057624172419309616
1223 0.11769592016935349 -0.01785721257328987 0.16077207028865814
1224 -0.18474514782428741 0.23214279115200043 -0.07462720572948456
1225 0.11769591271877289 -0.23214292526245117 0.16077207028865814
1226 0.18474513292312622 -0.08928578346967697 0.07462723553180695
1227 0.16838760673999786 0.34958234429359436 -0.10660941898822784
1228 0.09995286166667938 -0.08928578346967697 0.17236419022083282
1229 -0.19896656274795532 0.23214279115200043 0.010597042739391327
1230 -0.19162686169147491 0.23214279115200043 0.054581452161073685
1231 0.05911619961261749 0.33928564190864563 -0.19027680158615112
1232 0.038570601493120193 0.33928564190864563 -0.19547966122627258
1233 0.19299393892288208 0.47687482833862305 -0.04977802932262421
1234 0.059116147458553314 -0.08928577601909637 0.19027681648731232
1235 0.08962846547365189 -0.12500005960464478 0.17795147001743317
1236 -0.00586966285482049 0.19642850756645203 0.1991620808839798
1237 0.060767944902181625 0.4099031090736389 -0.18976758420467377
1238 -0.005764342844486237 0.4106830358505249 -0.1991676241159439
1239 -0.08962848782539368 0.19642849266529083 0.17795147001743317
1240 0.09995286166667938 0.19642850756645203 0.17236419022083282
1241 -0.09995286166667938 -0.12500005960464478 0.17236419022083282
1242 0.12695986032485962 0.23214279115200043 0.15356166660785675
1243 -0.09995286911725998 0.16071420907974243 0.17236419022083282
1244 -0.09995286166667938 -0.19642862677574158 0.17236419022083282
1245 0.005869653075933456 -0.19642864167690277 0.1991620808839798
1246 0.18002949655056 0.16071420907974243 0.08537779748439789
1247 0.19336552917957306 0.4233703911304474 -0.04826055094599724
1248 0.02699139714241028 0.3035713732242584 -0.19741187989711761
1249 -0.19450870156288147 -0.08928577601909637 0.04320136085152626
1250 0.19256040453910828 0.34626147150993347 -0.05127033591270447
1251 0.09998956322669983 0.3393165171146393 -0.17234285175800323
1252 0.14854373037815094 0.31386804580688477 -0.13287104666233063
1253 0.05911615118384361 -0.23214292526245117 0.19027681648731232
1254 0.09995286166667938 -0.23214291036128998 0.17236419022083282
1255 -0.1783367544412613 -0.08512557297945023 -0.08877654373645782
1256 -0.19799715280532837 -0.08928578346967697 0.022296268492937088
1257 -0.0647115632891655 -0.27441880106925964 -0.1884983479976654
1258 0.0897047147154808 0.3036346435546875 -0.17791426181793213
1259 4.524043362152952e-09 -0.27441883087158203 -0.19929680228233337
1260 0.15293622016906738 0.34344586730003357 -0.12765495479106903
1261 -0.19799715280532837 0.12499993294477463 0.022296270355582237
1262 -0.08962848037481308 -0.08928577601909637 0.17795147001743317
1263 -0.08962848037481308 0.12499993294477463 0.17795147001743317
1264 -0.005869662389159203 -0.08928578346967697 0.1991620808839798
1265 -0.005869662389159203 0.12499993294477463 0.1991620808839798
1266 0.00990195944905281 0.4427901804447174 -0.19892632961273193
1267 -0.1800295114517212 0.19642850756645203 -0.0853777751326561
1268 0.11769592761993408 -0.08928578346967697 0.16077207028865814
1269 0.0984615683555603 0.4033832848072052 -0.1732262521982193
1270 0.05911615490913391 0.12499992549419403 0.19027681648731232
1271 0.16357243061065674 0.4107207655906677 -0.11377469450235367
1272 0.032803185284137726 -0.3101331293582916 -0.19657865166664124
1273 0.14487239718437195 0.4706277549266815 -0.13738930225372314
1274 4.324928859489319e-09 -0.2970098853111267 -0.19929680228233337
1275 -0.19450870156288147 0.19642850756645203 0.04320135712623596
1276 -0.19799715280532837 0.19642850756645203 0.022296268492937088
1277 3.699611283991544e-09 -0.3458474278450012 -0.19929680228233337
1278 -0.18474514782428741 0.08928564935922623 -0.07462721318006516
1279 -0.07021944969892502 0.339285671710968 -0.1864650547504425
1280 0.09485480934381485 -0.3327241837978363 -0.17527629435062408
1281 0.15053033828735352 0.4106884300708771 -0.1305403709411621
1282 -0.0647115558385849 -0.34584739804267883 -0.1884983479976654
1283 -0.18198980391025543 -0.11763220280408859 -0.08125331997871399
1284 -0.19162686169147491 -0.12500005960464478 0.054581448435783386
1285 -0.198968768119812 -0.12496922165155411 0.010554666630923748
1286 0.05911615863442421 0.19642849266529083 0.19027681648731232
1287 0.06178176775574684 0.4748939573764801 -0.1894766241312027
1288 0.005869653541594744 -0.12500005960464478 0.1991620808839798
1289 0.11769591271877289 0.19642850756645203 0.16077207028865814
1290 0.12695986032485962 -0.12500005960464478 0.15356166660785675
1291 0.07021941244602203 -0.12500005960464478 0.1864650696516037
1292 0.18474513292312622 0.19642849266529083 0.07462723553180695
1293 0.14250972867012024 0.4373345375061035 -0.1392747014760971
1294 0.18002949655056 -0.12500005960464478 0.08537779003381729
1295 0.17196443676948547 0.4426575303077698 -0.10047781467437744
1296 0.03914853185415268 0.4028506278991699 -0.19533881545066833
1297 -0.1824987232685089 -0.16421599686145782 -0.08008899539709091
1298 -0.19800768792629242 -0.1606510728597641 0.022212091833353043
1299 -0.1945178359746933 -0.1606835126876831 0.04315991699695587
1300 -0.08962848782539368 -0.16071434319019318 0.17795147001743317
1301 -0.005869662389159203 -0.16071435809135437 0.1991620808839798
1302 0.05911615490913391 -0.16071434319019318 0.19027681648731232
1303 0.11769592016935349 -0.16071434319019318 0.16077207028865814
1304 0.09995286166667938 -0.16071434319019318 0.17236419022083282
1305 -0.18474514782428741 0.16071420907974243 -0.07462721318006516
1306 0.18474513292312622 -0.16071435809135437 0.07462723553180695
1307 -0.19162686169147491 0.16071420907974243 0.054581452161073685
1308 -0.19896656274795532 0.16071422398090363 0.010597042739391327
1309 -0.18249574303627014 -0.18984399735927582 -0.08009134232997894
1310 0.005869653075933456 0.16071420907974243 0.1991620808839798
1311 -0.1916511207818985 -0.1963653564453125 0.05450015515089035
1312 -0.1990954726934433 -0.19226841628551483 0.0068021975457668304
1313 0.06964186578989029 0.4474177360534668 -0.18667352199554443
1314 0.07021941989660263 0.16071420907974243 0.1864650845527649
1315 0.12695986032485962 0.16071422398090363 0.15356166660785675
1316 0.08962846547365189 0.16071420907974243 0.17795148491859436
1317 0.07021941244602203 -0.19642862677574158 0.1864650696516037
1318 0.12695986032485962 -0.19642864167690277 0.15356166660785675
1319 0.08962845802307129 -0.19642862677574158 0.17795148491859436
1320 0.1800295114517212 -0.19642864167690277 0.08537779748439789
1321 -0.18251068890094757 -0.23870453238487244 -0.08005661517381668
1322 -0.19526046514511108 -0.22798271477222443 0.03947949409484863
1323 0.16688324511051178 0.2970566153526306 -0.10894748568534851
1324 -0.08962848037481308 -0.23214292526245117 0.17795147001743317
1325 -0.005869662389159203 -0.23214292526245117 0.1991620808839798
1326 -0.1800295114517212 0.12499993294477463 -0.0853777676820755
1327 0.07025914639234543 0.3036021888256073 -0.1864500343799591
1328 0.18474513292312622 -0.23214292526245117 0.07462722808122635
1329 0.03280318155884743 -0.2612955868244171 -0.19657865166664124
1330 -0.002744906349107623 0.4735891819000244 -0.1993139386177063
1331 0.16684460639953613 -0.27441880106925964 -0.10900501161813736
1332 0.005869660526514053 0.3035713732242584 -0.1991620808839798
1333 0.0647115707397461 -0.27441880106925964 -0.1884983479976654
1334 0.09485479444265366 -0.2612955868244171 -0.17527630925178528
1335 -0.05903471261262894 0.4373602867126465 -0.19031204283237457
1336 -0.0591161884367466 0.3035713732242584 -0.19027680158615112
1337 0.0647115707397461 -0.2970099151134491 -0.1884983330965042
1338 0.11769592761993408 0.12499993294477463 0.16077207028865814
1339 0.19254881143569946 -0.2966187000274658 -0.05130907893180847
1340 0.09485480934381485 -0.3101331293582916 -0.17527629435062408
1341 0.18474513292312622 0.12499992549419403 0.07462724298238754
1342 0.16684460639953613 -0.2970099151134491 -0.10900501161813736
1343 0.14662742614746094 -0.3101331293582916 -0.13498003780841827
1344 -0.0647115632891655 -0.2970099151134491 -0.1884983479976654
1345 0.09995286166667938 0.12499993294477463 0.17236419022083282
1346 -0.19896656274795532 0.08928564935922623 0.010597042739391327
1347 0.14662742614746094 -0.3327241837978363 -0.13498003780841827
1348 -0.19162686169147491 0.08928564935922623 0.05458145588636398
1349 0.16684460639953613 -0.34584739804267883 -0.10900501161813736
1350 0.032803185284137726 -0.3327241837978363 -0.19657865166664124
1351 0.06471157819032669 -0.34584739804267883 -0.1884983330965042
1352 -0.09995286166667938 0.08928564935922623 0.17236420512199402
1353 0.005869654007256031 0.08928564935922623 0.1991620808839798
1354 0.07021941244602203 0.08928564935922623 0.1864650696516037
1355 0.12695986032485962 0.08928564935922623 0.15356166660785675
1356 0.08962845802307129 0.08928564935922623 0.17795148491859436
1357 0.18002949655056 0.08928564190864563 0.08537779748439789
1358 0.14662742614746094 -0.3815617263317108 -0.13498003780841827
1359 0.16684460639953613 -0.3684385120868683 -0.10900501161813736
1360 -0.0647115632891655 -0.3684385120868683 -0.1884983479976654
1361 0.06471157819032669 -0.3684385120868683 -0.1884983330965042
1362 0.09485480189323425 -0.3815617263317108 -0.17527629435062408
1363 3.8980956240664e-09 -0.3684384822845459 -0.19929680228233337
1364 0.032803185284137726 -0.3815617263317108 -0.19657865166664124
1365 0.19049356877803802 0.36672741174697876 -0.05751552805304527
1366 0.17186172306537628 0.37916016578674316 -0.10074135661125183
1367 0.19272220134735107 -0.41954508423805237 -0.05070604756474495
1368 0.14662742614746094 -0.4041527807712555 -0.13498003780841827
1369 0.14261290431022644 0.3750632405281067 -0.1391472965478897
1370 0.16684460639953613 -0.417275995016098 -0.10900501161813736
1371 0.032803185284137726 -0.4041527807712555 -0.19657865166664124
1372 0.06471157819032669 -0.417275995016098 -0.1884983330965042
1373 0.09485480189323425 -0.4041527807712555 -0.17527629435062408
1374 0.027105681598186493 0.3750297427177429 -0.19739697873592377
1375 -0.0647115632891655 -0.417275995016098 -0.1884983479976654
1376 3.699611283991544e-09 -0.4172760248184204 -0.19929680228233337
1377 0.11769592016935349 0.053571365773677826 0.16077207028865814
1378 -0.18002952635288239 0.26785707473754883 -0.0853777751326561
1379 0.07024165987968445 0.3732181787490845 -0.18646132946014404
1380 0.08961070328950882 0.3732181787490845 -0.17796528339385986
1381 0.19125023484230042 -0.4409831464290619 -0.0556943453848362
1382 0.03280004858970642 -0.4547615647315979 -0.19654256105422974
1383 0.16724680364131927 -0.44410440325737 -0.10839788615703583
1384 -0.19799715280532837 0.26785707473754883 0.022296268492937088
1385 -0.19450868666172028 0.26785707473754883 0.04320135712623596
1386 0.06488393247127533 -0.4404802620410919 -0.18845097720623016
1387 0.14628486335277557 -0.45577001571655273 -0.1353064924478531
1388 0.005984046962112188 0.37503209710121155 -0.1991579383611679
1389 0.09498727321624756 -0.45510730147361755 -0.17517629265785217
1390 -0.00017665032646618783 -0.44047626852989197 -0.19930821657180786
1391 -0.06489738821983337 -0.4404790997505188 -0.18844681978225708
1392 -0.0591161884367466 0.3749999403953552 -0.19027680158615112
1393 -0.08962847292423248 0.26785707473754883 0.17795147001743317
1394 0.19791793823242188 0.4727634787559509 -0.0231051966547966
1395 0.19777290523052216 0.4074332118034363 -0.02394361048936844
1396 -0.03115534596145153 0.47382551431655884 -0.19691629707813263
1397 0.19829317927360535 0.4412997364997864 -0.022843051701784134
1398 0.1977594643831253 0.33984947204589844 -0.0242327731102705
1399 -0.03280317038297653 -0.3101331293582916 -0.19657865166664124
1400 -0.02699138969182968 0.33928564190864563 -0.19741187989711761
1401 -0.03280317038297653 -0.3327241837978363 -0.19657865166664124
1402 -0.02699975110590458 0.41065216064453125 -0.19741126894950867
1403 0.19784322381019592 0.3032692074775696 -0.023254860192537308
1404 -0.04098215326666832 0.4439024329185486 -0.19496634602546692
1405 0.1981811821460724 -0.2678571045398712 -0.02068394422531128
1406 -0.0385705940425396 0.3035713732242584 -0.19547966122627258
1407 -0.03280317038297653 -0.2612955868244171 -0.19657865166664124
1408 0.1977594643831253 -0.30300769209861755 -0.02423277497291565
1409 0.1978442668914795 -0.3389301002025604 -0.0232686847448349
1410 0.19818688929080963 0.37503230571746826 -0.020628547295928
1411 0.19785156846046448 -0.3745509386062622 -0.02319524623453617
1412 -0.03280317038297653 -0.3815617263317108 -0.19657865166664124
1413 0.19775697588920593 -0.4073008596897125 -0.02410306967794895
1414 -0.03280317038297653 -0.4041527807712555 -0.19657865166664124
1415 -0.03315560892224312 -0.4546974301338196 -0.19649015367031097
1416 -0.0385705940425396 0.3749999403953552 -0.19547966122627258
1417 -0.09575764089822769 -0.478215754032135 -0.17479877173900604
1418 -0.12364199757575989 -0.47757893800735474 0.1563469022512436
1419 -0.03568165749311447 -0.47674423456192017 0.19605965912342072
1420 0.19424918293952942 -0.47349804639816284 0.044403012841939926
1421 0.14662742614746094 -0.024418823421001434 -0.13498005270957947
1422 0.14662742614746094 -0.04700988903641701 -0.13498005270957947
1423 0.18646930158138275 0.4073134660720825 -0.06986326724290848
1424 0.11776498705148697 0.3393489420413971 -0.16072283685207367
1425 0.12552224099636078 0.44337785243988037 -0.1547798216342926
1426 0.1824166476726532 -0.3344205617904663 -0.08027146756649017
1427 0.18250501155853271 0.3327775001525879 -0.08007317036390305
1428 0.18219061195850372 0.4710625112056732 -0.08167135715484619
1429 0.18247631192207336 -0.31012600660324097 -0.08013619482517242
1430 0.11768065392971039 0.40893247723579407 -0.1607886552810669
1431 0.18244320154190063 0.3078805208206177 -0.0802130252122879
1432 0.12983909249305725 0.307731568813324 -0.15108636021614075
1433 0.18247631192207336 -0.26130273938179016 -0.08013619482517242
1434 0.12241064012050629 -0.27441883087158203 -0.15727317333221436
1435 0.12241064012050629 -0.2970098853111267 -0.15727317333221436
1436 0.12241064012050629 -0.3458474278450012 -0.15727317333221436
1437 0.18244513869285583 -0.37914717197418213 -0.08020848035812378
1438 0.12241064012050629 -0.3684384822845459 -0.15727317333221436
1439 0.14662742614746094 0.04700975492596626 -0.13498005270957947
1440 0.11934919655323029 0.47378602623939514 -0.15954916179180145
1441 0.18360665440559387 0.3852858245372772 -0.0775216594338417
1442 0.18249866366386414 -0.40399542450904846 -0.08008433133363724
1443 0.12241064012050629 -0.4172760248184204 -0.15727317333221436
1444 0.12699252367019653 0.3750308156013489 -0.15353457629680634
1445 0.1829722821712494 -0.4540202021598816 -0.07893890142440796
1446 0.12240758538246155 -0.4408891201019287 -0.15728724002838135
1447 0.14662742614746094 0.02441868744790554 -0.13498005270957947
1448 -0.18284009397029877 -0.4781940281391144 -0.0793481320142746
1449 -0.19333824515342712 -0.47788816690444946 0.0481739416718483
1450 0.1253500133752823 -0.47350233793258667 0.1549156904220581
1451 0.19784753024578094 -0.018207913264632225 -0.02325514145195484
1452 0.16684459149837494 -0.011295605450868607 -0.10900501906871796
1453 0.09485480189323425 -0.024418817833065987 -0.17527630925178528
1454 0.032803185284137726 -0.024418817833065987 -0.19657865166664124
1455 -0.0647115632891655 -0.06013310328125954 -0.1884983479976654
1456 0.0647115707397461 -0.01129560824483633 -0.1884983330965042
1457 0.1466532200574875 0.2387274205684662 -0.13495241105556488
1458 -0.03280317410826683 -0.024418821558356285 -0.19657865166664124
1459 0.16684459149837494 -0.06013310328125954 -0.10900501906871796
1460 -0.06467589735984802 -0.011272583156824112 -0.18851086497306824
1461 0.02707558497786522 0.2322060614824295 -0.19740144908428192
1462 4.946726583909822e-09 -0.060133110731840134 -0.19929680228233337
1463 0.19232305884361267 -0.07110615819692612 -0.05275901407003403
1464 0.1978442668914795 -0.05321577936410904 -0.023268675431609154
1465 0.04228096455335617 0.20058870315551758 -0.1946730613708496
1466 0.032803185284137726 -0.047009892761707306 -0.19657865166664124
1467 0.0647115707397461 -0.06013309955596924 -0.1884983330965042
1468 -0.03280317410826683 -0.04700988903641701 -0.19657865166664124
1469 0.032803185284137726 -0.11843845993280411 -0.19657865166664124
1470 0.03409113734960556 0.1680820733308792 -0.19636747241020203
1471 0.14662742614746094 -0.1898670196533203 -0.13498003780841827
1472 0.19820311665534973 0.3749999403953552 0.02048564702272415
1473 0.14662742614746094 -0.09584739059209824 -0.13498005270957947
1474 0.14662741124629974 0.18986690044403076 -0.13498003780841827
1475 0.032803185284137726 -0.09584739059209824 -0.19657865166664124
1476 0.19790057837963104 0.4496937692165375 0.022808456793427467
1477 0.14662742614746094 0.11843831837177277 -0.13498005270957947
1478 0.19821599125862122 0.476452499628067 0.020064475014805794
1479 0.14662742614746094 -0.11843845248222351 -0.13498003780841827
1480 0.14662742614746094 -0.16727596521377563 -0.13498003780841827
1481 0.032803185284137726 -0.16727596521377563 -0.19657865166664124
1482 0.14662742614746094 0.1672758311033249 -0.13498005270957947
1483 0.032803185284137726 -0.1898670196533203 -0.19657865166664124
1484 0.14662742614746094 -0.23870453238487244 -0.13498005270957947
1485 0.03280318155884743 -0.23870453238487244 -0.19657865166664124
1486 0.03283750265836716 0.12149827927350998 -0.19657500088214874
1487 0.14662742614746094 0.09584725648164749 -0.13498005270957947
1488 0.19820311665534973 -0.2678571939468384 0.0204856488853693
1489 0.032840512692928314 0.09587027877569199 -0.1965726912021637
1490 0.19820311665534973 0.3035713732242584 0.02048564702272415
1491 0.19820311665534973 -0.33928579092025757 0.02048564702272415
1492 0.19784753024578094 0.05322066321969032 -0.02325514890253544
1493 0.16684460639953613 0.06013296917080879 -0.10900501906871796
1494 0.09485479444265366 0.04700975865125656 -0.17527630925178528
1495 0.03280318155884743 0.04700975492596626 -0.19657865166664124
1496 0.0647115707397461 0.06013296917080879 -0.1884983479976654
1497 0.1466749906539917 0.261342316865921 -0.13492967188358307
1498 -0.03273499011993408 0.04705662652850151 -0.19659093022346497
1499 3.7808549677720293e-05 0.060155995190143585 -0.19929705560207367
1500 -0.062010493129491806 0.06386803090572357 -0.18940605223178864
1501 0.03861222043633461 0.2678879201412201 -0.19547139108181
1502 0.09485479444265366 -0.047009896486997604 -0.17527630925178528
1503 0.19820654392242432 -0.41041508316993713 0.02045583538711071
1504 0.1978437602519989 0.01758040301501751 -0.023253241553902626
1505 0.16684460639953613 0.011295469477772713 -0.10900501906871796
1506 0.09485479444265366 0.024418679997324944 -0.17527630925178528
1507 0.03280318155884743 0.02441868558526039 -0.19657865166664124
1508 0.0647115707397461 0.011295471340417862 -0.1884983479976654
1509 3.296994677270959e-09 0.01129546295851469 -0.19929680228233337
1510 -0.03276593238115311 0.024441702291369438 -0.19658513367176056
1511 -0.06464633345603943 0.011342342011630535 -0.18852166831493378
1512 3.816781113386014e-09 -0.01129559800028801 -0.19929680228233337
1513 0.19785156846046448 0.23169362545013428 -0.023195238783955574
1514 0.1824234426021576 -0.022720661014318466 -0.0802554115653038
1515 0.12241062521934509 -0.011295599862933159 -0.15727317333221436
1516 0.16684460639953613 0.22558116912841797 -0.10900501906871796
1517 -0.18475742638111115 0.3732181787490845 0.07460837811231613
1518 0.07374640554189682 0.23630300164222717 -0.18505877256393433
1519 0.0647115707397461 0.08272404223680496 -0.1884983479976654
1520 0.09735201299190521 0.24243946373462677 -0.17390382289886475
1521 0.00591207155957818 0.2321736216545105 -0.19916076958179474
1522 -0.0385705940425396 0.23214279115200043 -0.19547966122627258
1523 -0.0591161884367466 0.23214279115200043 -0.19027680158615112
1524 0.1824166476726532 -0.048706263303756714 -0.08027146756649017
1525 0.16684460639953613 -0.08272416889667511 -0.10900501906871796
1526 0.16684460639953613 0.2029901146888733 -0.10900501906871796
1527 4.466398806357574e-09 -0.08272416889667511 -0.19929680228233337
1528 0.0647115707397461 -0.0827241837978363 -0.1884983330965042
1529 0.06740060448646545 0.20672516524791718 -0.18755562603473663
1530 -0.07021944224834442 0.19642850756645203 -0.1864650547504425
1531 -0.006023581139743328 0.20452071726322174 -0.19914187490940094
1532 0.12241063266992569 -0.060133107006549835 -0.15727317333221436
1533 -0.18170714378356934 0.4731230139732361 0.08190363645553589
1534 -0.0647115632891655 -0.13156166672706604 -0.1884983479976654
1535 0.19237159192562103 -0.1425546258687973 -0.05270211771130562
1536 0.16684460639953613 0.15415260195732117 -0.10900501161813736
1537 3.3523150921865863e-09 -0.1541527360677719 -0.19929680228233337
1538 0.1978437602519989 0.16043753921985626 -0.023253237828612328
1539 0.0647115707397461 -0.1541527509689331 -0.1884983330965042
1540 0.06471157819032669 -0.20299023389816284 -0.1884983330965042
1541 -0.034733932465314865 0.1600990891456604 -0.1962071806192398
1542 -0.0647115632891655 -0.1541527509689331 -0.1884983479976654
1543 0.06597234308719635 0.15426313877105713 -0.18805821239948273
1544 0.16684460639953613 -0.20299023389816284 -0.10900501161813736
1545 2.5017972138385858e-09 -0.20299024879932404 -0.19929680228233337
1546 -0.03280317410826683 -0.09584739059209824 -0.19657865166664124
1547 0.1978442668914795 0.1960727870464325 -0.023268673568964005
1548 0.19785156846046448 -0.08883661776781082 -0.023195240646600723
1549 0.09485480189323425 -0.09584738314151764 -0.17527630925178528
1550 0.16684460639953613 0.1315615326166153 -0.10900501906871796
1551 -0.07014042139053345 0.1250631958246231 -0.18649594485759735
1552 -0.025427408516407013 0.19752632081508636 -0.1976064294576645
1553 -0.18609921634197235 -0.2636969983577728 0.07107990980148315
1554 0.19785867631435394 -0.12444846332073212 -0.023189827799797058
1555 0.16684460639953613 -0.13156168162822723 -0.10900501906871796
1556 -0.029989544302225113 0.09958232194185257 -0.19702939689159393
1557 0.09485480189323425 -0.11843845993280411 -0.17527630925178528
1558 6.928286165930331e-05 0.08277090638875961 -0.1992976814508438
1559 0.0647115707397461 -0.13156166672706604 -0.1884983330965042
1560 3.3262295140445985e-09 -0.13156168162822723 -0.19929680228233337
1561 -0.03280317410826683 -0.11843845993280411 -0.19657865166664124
1562 0.09485480189323425 -0.16727596521377563 -0.17527630925178528
1563 0.16684460639953613 -0.1541527509689331 -0.10900501906871796
1564 0.19784322381019592 -0.16041219234466553 -0.023254862055182457
1565 -0.03280317038297653 -0.16727596521377563 -0.19657865166664124
1566 0.09488817304372787 0.1672988384962082 -0.1752585470676422
1567 -0.18002949655056 0.33928564190864563 0.0853777825832367
1568 -0.05907563865184784 0.1607450544834137 -0.19028934836387634
1569 0.19784753024578094 -0.19607792794704437 -0.02325514890253544
1570 0.09485480189323425 -0.1898670196533203 -0.17527629435062408
1571 -0.03280317038297653 -0.1898670196533203 -0.19657865166664124
1572 -0.0647115632891655 -0.20299023389816284 -0.1884983479976654
1573 0.19784753024578094 0.12464922666549683 -0.02325514890253544
1574 0.1978437602519989 -0.2318662405014038 -0.023253243416547775
1575 0.16684460639953613 -0.2255813181400299 -0.10900501906871796
1576 0.09485478699207306 -0.23870453238487244 -0.17527630925178528
1577 0.0647115707397461 -0.2255813181400299 -0.1884983479976654
1578 2.4750819171970306e-09 -0.2255813032388687 -0.19929680228233337
1579 -0.03280317038297653 -0.23870453238487244 -0.19657865166664124
1580 -0.0647115632891655 -0.2255813181400299 -0.1884983479976654
1581 0.09485479444265366 0.11843832582235336 -0.17527630925178528
1582 0.06594278663396835 0.13147228956222534 -0.18806792795658112
1583 0.0012338737724348903 0.12905161082744598 -0.1992913782596588
1584 -0.023211849853396416 0.12733051180839539 -0.1978571116924286
1585 -0.18121476471424103 0.4106674790382385 0.08287965506315231
1586 -0.0647115558385849 -0.0827241837978363 -0.1884983479976654
1587 0.09491614997386932 0.1899137645959854 -0.17524410784244537
1588 0.09485479444265366 0.09584725648164749 -0.17527630925178528
1589 -0.18474511802196503 0.30357134342193604 0.07462722808122635
1590 0.16684460639953613 0.08272404223680496 -0.10900501906871796
1591 -0.18363834917545319 -0.29327481985092163 0.07743972539901733
1592 -0.05546912923455238 0.09344585239887238 -0.1913333535194397
1593 0.1978437602519989 0.08900897204875946 -0.023253243416547775
1594 -0.18253931403160095 -0.3458005487918854 0.07999351620674133
1595 0.19785867631435394 0.267305463552475 -0.02318982221186161
1596 0.1824234426021576 0.048707909882068634 -0.0802554115653038
1597 0.12241063266992569 0.06013297662138939 -0.15727317333221436
1598 0.1668654978275299 0.2744416892528534 -0.10897351056337357
1599 -0.1825261116027832 -0.3684154748916626 0.08002209663391113
1600 0.10320031642913818 0.2720172703266144 -0.17039652168750763
1601 0.059197522699832916 0.2679203450679779 -0.1902526468038559
1602 -0.005869654938578606 0.26785707473754883 -0.1991620808839798
1603 -0.026991387829184532 0.26785707473754883 -0.19741187989711761
1604 -0.07021944224834442 0.26785707473754883 -0.1864650547504425
1605 -0.18617814779281616 0.44660675525665283 0.07075587660074234
1606 -0.18251067399978638 -0.4172760248184204 0.08005662262439728
1607 0.18242868781089783 0.022164439782500267 -0.08024619519710541
1608 0.12241062521934509 0.01129546295851469 -0.15727317333221436
1609 -0.18251952528953552 -0.4408458471298218 0.08006018400192261
1610 -0.19859296083450317 -0.45460522174835205 -0.01648040860891342
1611 -0.19896656274795532 0.3749999403953552 -0.010597077198326588
1612 0.18244513869285583 -0.09343285113573074 -0.08020848035812378
1613 0.18244513869285583 0.2362898588180542 -0.08020848035812378
1614 0.1224658414721489 0.2256280481815338 -0.15723131597042084
1615 -0.1986161172389984 -0.3101331293582916 -0.0164578128606081
1616 -0.19919003546237946 0.4720698893070221 -0.013734523206949234
1617 0.1824166476726532 0.19156326353549957 -0.08027146011590958
1618 0.12241063266992569 -0.0827241763472557 -0.15727317333221436
1619 0.18244397640228271 -0.11995584517717361 -0.08020738512277603
1620 0.12241064757108688 -0.13156168162822723 -0.15727317333221436
1621 -0.19799715280532837 0.339285671710968 -0.022296294569969177
1622 0.1224406287074089 0.20301313698291779 -0.15725016593933105
1623 -0.19783343374729156 0.4097460210323334 -0.023611849173903465
1624 0.18242868781089783 -0.23645028471946716 -0.08024619519710541
1625 0.1824234426021576 0.12013647705316544 -0.0802554041147232
1626 0.18242868781089783 0.09359300881624222 -0.080246202647686
1627 0.18242868781089783 0.16502158343791962 -0.08024618774652481
1628 0.12241064012050629 -0.1541527360677719 -0.15727317333221436
1629 0.12241063266992569 0.15415260195732117 -0.15727317333221436
1630 0.18242813646793365 -0.16499879956245422 -0.08024759590625763
1631 0.1824234426021576 -0.19156518578529358 -0.0802554041147232
1632 0.12241064757108688 -0.20299024879932404 -0.15727317333221436
1633 0.12241064012050629 -0.2255813181400299 -0.15727317333221436
1634 0.12241064012050629 0.1315615475177765 -0.15727317333221436
1635 -0.1986132562160492 -0.2612725794315338 -0.016495510935783386
1636 -0.19896656274795532 0.3035713732242584 -0.010597077198326588
1637 0.12241063266992569 0.08272403478622437 -0.15727317333221436
1638 -0.1986161172389984 -0.3327241837978363 -0.01645781472325325
1639 -0.19871488213539124 0.4401487708091736 -0.014746233820915222
1640 0.18244397640228271 0.26281285285949707 -0.08020738512277603
1641 -0.1986161172389984 -0.3815617263317108 -0.0164578128606081
1642 0.12464790046215057 0.27815377712249756 -0.1555083841085434
1643 -0.1986161172389984 -0.4041527807712555 -0.01645781472325325
1644 -0.11778931319713593 0.3750297427177429 -0.1607045829296112
1645 0.14633570611476898 -0.47912418842315674 -0.13530755043029785
1646 0.032944388687610626 -0.4777574837207794 -0.19655124843120575
1647 0.09490065276622772 -0.4783042073249817 -0.17525649070739746
1648 -0.1916591376066208 0.37502938508987427 -0.054470788687467575
1649 0.19820311665534973 0.017857076600193977 0.02048565074801445
1650 -0.19318367540836334 -0.4404560625553131 -0.04902779310941696
1651 -0.19319838285446167 -0.27441883087158203 -0.04892447963356972
1652 0.19820311665534973 -0.05357149988412857 0.0204856526106596
1653 0.19820311665534973 0.23214277625083923 0.0204856488853693
1654 -0.1942742019891739 0.47834348678588867 -0.04408790543675423
1655 -0.19450871646404266 0.339285671710968 -0.04320135712623596
1656 -0.12740105390548706 0.4028506278991699 -0.15316274762153625
1657 -0.12241062521934509 -0.2970098853111267 -0.15727317333221436
1658 -0.19461189210414886 0.4028474688529968 -0.04261535406112671
1659 0.19820311665534973 0.16071420907974243 0.02048565074801445
1660 -0.1224106177687645 -0.27441883087158203 -0.15727317333221436
1661 -0.12692692875862122 0.4358099400997162 -0.15439824759960175
1662 -0.11769592016935349 0.3035713732242584 -0.16077207028865814
1663 -0.1916268765926361 0.3035713732242584 -0.05458145588636398
1664 -0.12695984542369843 0.339285671710968 -0.15356166660785675
1665 0.19820311665534973 -0.12500005960464478 0.02048565074801445
1666 -0.19319838285446167 -0.2970098853111267 -0.04892447963356972
1667 0.19820311665534973 -0.19642862677574158 0.02048565074801445
1668 -0.12241062521934509 -0.3458474278450012 -0.15727317333221436
1669 -0.19319838285446167 -0.3458474278450012 -0.04892447963356972
1670 -0.12793134152889252 0.47834938764572144 -0.15257446467876434
1671 -0.19499705731868744 0.43580764532089233 -0.04388068616390228
1672 0.19820311665534973 0.08928564935922623 0.02048565074801445
1673 -0.12241062521934509 -0.3684384822845459 -0.15727317333221436
1674 -0.19319838285446167 -0.3684384822845459 -0.04892447963356972
1675 -0.12241062521934509 -0.4172760248184204 -0.15727317333221436
1676 -0.19319838285446167 -0.4172760248184204 -0.04892447963356972
1677 -0.12244349718093872 -0.4408508241176605 -0.15725895762443542
1678 -0.1916268765926361 0.017857076600193977 -0.05458145588636398
1679 -0.19896656274795532 0.017857076600193977 -0.010597076267004013
1680 -0.034049537032842636 -0.4777606129646301 -0.19635607302188873
1681 -0.16357077658176422 -0.2677939534187317 0.11377618461847305
1682 -0.1635214388370514 0.3749999403953552 0.11384517699480057
1683 -0.14664742350578308 -0.45552778244018555 -0.13491131365299225
1684 -0.19799715280532837 -0.017857208847999573 -0.022296296432614326
1685 -0.1800295114517212 -0.017857210710644722 0.0853777676820755
1686 -0.19896656274795532 -0.05357149988412857 -0.010597077198326588
1687 -0.19161519408226013 -0.053540654480457306 -0.05462225526571274
1688 -0.14784280955791473 0.4401513338088989 -0.13359366357326508
1689 -0.14662741124629974 -0.3815617263317108 -0.13498005270957947
1690 -0.1800295114517212 0.12499993294477463 0.0853777602314949
1691 -0.1800295114517212 -0.08928577601909637 0.0853777602314949
1692 -0.1800295114517212 0.19642849266529083 0.0853777602314949
1693 -0.18474513292312622 -0.05357149615883827 0.07462723553180695
1694 -0.1699422150850296 0.33928564190864563 0.104017473757267
1695 -0.18474513292312622 0.16071420907974243 0.07462722063064575
1696 -0.141615629196167 0.4097485840320587 -0.14014488458633423
1697 -0.15050368010997772 0.3035713732242584 -0.1305703967809677
1698 -0.14662741124629974 -0.3101331293582916 -0.13498005270957947
1699 -0.16352145373821259 0.30357134342193604 0.11384517699480057
1700 -0.18474513292312622 -0.12500005960464478 0.07462722063064575
1701 -0.14255289733409882 0.339285671710968 -0.13920724391937256
1702 -0.1800295114517212 -0.16071434319019318 0.0853777602314949
1703 -0.16567866504192352 0.47065484523773193 0.11139839887619019
1704 -0.18476097285747528 -0.1963977962732315 0.0745878517627716
1705 -0.15050368010997772 0.3749999701976776 -0.1305703967809677
1706 -0.1800668090581894 -0.2320796400308609 0.08530158549547195
1707 -0.16994327306747437 0.41066107153892517 0.10401667654514313
1708 -0.14662741124629974 -0.2612955868244171 -0.13498005270957947
1709 -0.17186173796653748 -0.2994112968444824 0.10074134916067123
1710 -0.18474513292312622 0.08928564935922623 0.07462722808122635
1711 -0.14662741124629974 -0.3327241837978363 -0.13498005270957947
1712 -0.16838762164115906 -0.3289891183376312 0.10660940408706665
1713 -0.18474513292312622 0.017857076600193977 0.07462723553180695
1714 -0.18474513292312622 0.23214279115200043 0.07462722063064575
1715 -0.16688324511051178 -0.38151484727859497 0.10894748568534851
1716 -0.19450871646404266 0.053571365773677826 -0.04320135712623596
1717 -0.19799715280532837 0.053571365773677826 -0.022296298295259476
1718 -0.1800295114517212 0.05357136204838753 0.0853777676820755
1719 -0.14662741124629974 -0.4041527807712555 -0.13498005270957947
1720 -0.1668655127286911 -0.4041297733783722 0.10897351056337357
1721 -0.19450871646404266 -0.017857208847999573 -0.04320135712623596
1722 -0.16350115835666656 0.43731778860092163 0.11390629410743713
1723 0.1980166882276535 -0.4751461446285248 -0.02188456803560257
1724 -0.14982034265995026 0.47223830223083496 -0.13195189833641052
1725 -0.18002949655056 0.26785707473754883 0.0853777751326561
1726 -0.16691872477531433 -0.45505473017692566 0.10884537547826767
1727 0.18409579992294312 -0.47720786929130554 -0.07623136788606644
1728 -0.1201506182551384 -0.007560529746115208 -0.15900874137878418
1729 -0.19896656274795532 0.23214279115200043 -0.010597077198326588
1730 -0.1916268765926361 0.23214279115200043 -0.05458145588636398
1731 -0.12235648930072784 -0.06008623540401459 -0.1573164165019989
1732 -0.19896656274795532 0.16071422398090363 -0.010597078129649162
1733 -0.19450871646404266 0.12499993294477463 -0.04320135712623596
1734 -0.19799715280532837 0.12499993294477463 -0.022296300157904625
1735 -0.19318222999572754 -0.2029433697462082 -0.0489918515086174
1736 -0.19450871646404266 0.19642850756645203 -0.04320135712623596
1737 -0.1986112743616104 -0.2386576533317566 -0.016526924446225166
1738 -0.1987299770116806 -0.1256151795387268 -0.014494944363832474
1739 -0.1928902268409729 -0.15666267275810242 -0.05011926218867302
1740 -0.19750092923641205 -0.15838375687599182 -0.02606947347521782
1741 -0.1916268765926361 0.16071422398090363 -0.05458145961165428
1742 -0.1983623504638672 -0.18613192439079285 -0.019296009093523026
1743 -0.1931893527507782 -0.2255582958459854 -0.04896118491888046
1744 -0.19780179858207703 -0.08818795531988144 -0.023860177025198936
1745 -0.19452689588069916 -0.08119355887174606 -0.043047185987234116
1746 -0.1916268765926361 0.08928564935922623 -0.05458145588636398
1747 -0.19896656274795532 0.08928564935922623 -0.010597077198326588
1748 -0.19799715280532837 0.19642850756645203 -0.022296298295259476
1749 -0.12689515948295593 0.0536346361041069 -0.1536165028810501
1750 -0.19450871646404266 0.26785707473754883 -0.04320135712623596
1751 -0.19799715280532837 0.26785707473754883 -0.022296296432614326
1752 -0.11458952724933624 0.022017283365130424 -0.16295555233955383
1753 -0.14255289733409882 0.19642850756645203 -0.13920724391937256
1754 -0.16352145373821259 0.23214279115200043 0.11384517699480057
1755 -0.13984829187393188 -0.013696997426450253 -0.14187221229076385
1756 -0.1446838676929474 -0.043274812400341034 -0.13706398010253906
1757 -0.15050368010997772 0.23214279115200043 -0.1305703967809677
1758 -0.11769592016935349 0.23214279115200043 -0.16077207028865814
1759 -0.1699422150850296 -0.08928577601909637 0.104017473757267
1760 -0.14660200476646423 -0.11841543763875961 -0.1350080519914627
1761 -0.14658114314079285 -0.09580051898956299 -0.13503162562847137
1762 -0.12238093465566635 -0.08270116150379181 -0.15729661285877228
1763 -0.1224106177687645 -0.1541527360677719 -0.15727317333221436
1764 -0.14662741124629974 -0.16727596521377563 -0.13498005270957947
1765 -0.11769592761993408 0.16071420907974243 -0.16077207028865814
1766 -0.14662741124629974 -0.1898670196533203 -0.13498005270957947
1767 -0.16352145373821259 -0.19642864167690277 0.11384517699480057
1768 -0.12695986032485962 0.12499992549419403 -0.15356165170669556
1769 -0.16996431350708008 -0.2321120798587799 0.10398124903440475
1770 -0.1699422150850296 0.19642849266529083 0.1040174663066864
1771 -0.15050368010997772 0.16071420907974243 -0.13057038187980652
1772 -0.1699422150850296 -0.16071434319019318 0.1040174663066864
1773 -0.16352145373821259 0.16071422398090363 0.11384517699480057
1774 -0.1224106177687645 -0.20299024879932404 -0.15727317333221436
1775 -0.16352145373821259 -0.12500005960464478 0.11384517699480057
1776 -0.14662741124629974 -0.23870453238487244 -0.13498005270957947
1777 -0.16352145373821259 0.017857076600193977 0.11384517699480057
1778 -0.1224106177687645 -0.2255813181400299 -0.15727317333221436
1779 -0.14255289733409882 0.12499993294477463 -0.13920722901821136
1780 -0.12695984542369843 0.19642850756645203 -0.15356166660785675
1781 -0.1699422150850296 0.12499993294477463 0.104017473757267
1782 -0.15050368010997772 0.08928564935922623 -0.13057038187980652
1783 -0.11766165494918823 0.0893164873123169 -0.16079707443714142
1784 -0.16352145373821259 0.08928564935922623 0.11384517699480057
1785 -0.12695984542369843 0.26785707473754883 -0.15356165170669556
1786 0.19818498194217682 -0.4771028161048889 0.020514056086540222
1787 -0.14252321422100067 0.053602203726768494 -0.13923755288124084
1788 -0.1699422150850296 -0.017857210710644722 0.1040174812078476
1789 -0.1699422150850296 0.053571365773677826 0.104017473757267
1790 -0.1224106103181839 -0.13156166672706604 -0.15727317333221436
1791 -0.14255289733409882 0.26785707473754883 -0.13920724391937256
1792 -0.1635214388370514 -0.05357149615883827 0.11384519189596176
1793 -0.1699422150850296 0.26785707473754883 0.104017473757267
1794 -0.15044891834259033 0.017920345067977905 -0.13063514232635498
1795 -0.1986960619688034 -0.4775351285934448 -0.015455847606062889
1796 -0.14752916991710663 -0.47877320647239685 -0.1340034306049347
1797 -0.16713182628154755 -0.4782344102859497 0.10856734961271286
1798 -0.05701697617769241 0.44402411580085754 0.19089707732200623
1799 0.0385931096971035 -0.3732183277606964 0.1954796463251114
1800 0.026991382241249084 0.3035713732242584 0.19741187989711761
1801 0.024677172303199768 0.4421575367450714 0.19767694175243378
1802 0.02687787264585495 0.37503209710121155 0.19742661714553833
1803 -0.07021944969892502 0.339285671710968 0.1864650547504425
1804 0.038570575416088104 0.339285671710968 0.19547966122627258
1805 -0.07022382318973541 0.4106638431549072 0.18646390736103058
1806 -0.05911621078848839 -0.26785722374916077 0.19027680158615112
1807 0.038468264043331146 0.41067999601364136 0.19550232589244843
1808 0.026991382241249084 -0.26785722374916077 0.19741187989711761
1809 -0.07021944969892502 -0.30357152223587036 0.1864650547504425
1810 -0.06720668077468872 0.47405096888542175 0.18761487305164337
1811 0.038570575416088104 -0.30357152223587036 0.19547966122627258
1812 -0.05911621078848839 0.3035713732242584 0.19027680158615112
1813 -0.05911621078848839 0.3749999403953552 0.19027680158615112
1814 -0.05911620706319809 -0.33928579092025757 0.19027680158615112
1815 0.026991382241249084 -0.33928579092025757 0.19741187989711761
1816 -0.07025914639234543 -0.3749692738056183 0.1864500343799591
1817 0.036972519010305405 0.47280192375183105 0.19584649801254272
1818 -0.059135884046554565 -0.4089008867740631 0.1902758628129959
1819 0.026780400425195694 -0.40962284803390503 0.1974204182624817
1820 -0.0714198425412178 -0.4440750479698181 0.18597562611103058
1821 -0.059116214513778687 0.017857076600193977 0.19027680158615112
1822 -0.07021944969892502 -0.017857210710644722 0.1864650547504425
1823 0.16403785347938538 0.47282955050468445 0.11312814056873322
1824 0.0385705791413784 -0.017857208847999573 0.19547966122627258
1825 0.026991382241249084 0.017857076600193977 0.19741187989711761
1826 0.1691129207611084 0.44199320673942566 0.10540709644556046
1827 0.16352146863937378 0.33928564190864563 0.11384519189596176
1828 0.0385705791413784 0.05357136204838753 0.19547966122627258
1829 0.1699422150850296 -0.26785722374916077 0.1040174812078476
1830 0.16352145373821259 -0.303571492433548 0.11384519189596176
1831 0.16357743740081787 0.40896180272102356 0.11377578973770142
1832 0.1699422150850296 0.30357134342193604 0.1040174812078476
1833 0.1699422150850296 -0.33928579092025757 0.1040174812078476
1834 0.17000146210193634 0.3750322461128235 0.10391920059919357
1835 0.16358722746372223 -0.3750407099723816 0.11375190317630768
1836 -0.07021944969892502 0.05357136204838753 0.1864650547504425
1837 0.17022515833377838 -0.4029527008533478 0.10350494086742401
1838 -0.05911621078848839 -0.05357149615883827 0.19027680158615112
1839 0.026991380378603935 -0.05357149988412857 0.19741187989711761
1840 -0.07021944969892502 0.12499993294477463 0.1864650547504425
1841 -0.059116214513778687 -0.19642864167690277 0.19027680158615112
1842 -0.07021944224834442 -0.08928577601909637 0.1864650547504425
1843 0.038570575416088104 0.19642850756645203 0.19547966122627258
1844 -0.07021944969892502 0.19642849266529083 0.1864650547504425
1845 0.026991382241249084 -0.12500005960464478 0.19741187989711761
1846 -0.05911621078848839 0.16071420907974243 0.19027680158615112
1847 0.026991380378603935 -0.19642864167690277 0.19741187989711761
1848 0.0385705791413784 -0.08928578346967697 0.19547966122627258
1849 0.038570575416088104 -0.16071435809135437 0.19547966122627258
1850 -0.07021944969892502 -0.16071434319019318 0.1864650547504425
1851 -0.05911621078848839 -0.12500005960464478 0.19027680158615112
1852 0.026991382241249084 0.16071420907974243 0.19741187989711761
1853 -0.07021944969892502 -0.23214292526245117 0.1864650547504425
1854 0.0385705828666687 -0.23214292526245117 0.19547966122627258
1855 -0.05911621078848839 0.23214279115200043 0.19027680158615112
1856 0.0385705791413784 0.12499993294477463 0.19547966122627258
1857 0.026991382241249084 0.23214279115200043 0.19741187989711761
1858 -0.05911621078848839 0.08928564935922623 0.19027680158615112
1859 0.026991378515958786 0.08928564935922623 0.19741187989711761
1860 0.038570575416088104 0.26785707473754883 0.19547966122627258
1861 -0.07021944969892502 0.26785707473754883 0.1864650547504425
1862 0.16352146863937378 0.26785707473754883 0.11384518444538116
1863 0.1699422299861908 0.01785707287490368 0.1040174812078476
1864 0.1699422150850296 -0.05357149615883827 0.1040174812078476
1865 0.1699422299861908 0.23214279115200043 0.1040174812078476
1866 0.1699422150850296 -0.12500005960464478 0.1040174812078476
1867 0.1699422150850296 -0.19642864167690277 0.10401748865842819
1868 0.1699422150850296 0.16071420907974243 0.1040174812078476
1869 0.16352146863937378 -0.08928577601909637 0.11384518444538116
1870 0.16352145373821259 0.19642849266529083 0.11384518444538116
1871 0.16352146863937378 -0.16071434319019318 0.11384519189596176
1872 0.16352145373821259 -0.23214292526245117 0.11384519189596176
1873 0.1699422150850296 0.08928564935922623 0.1040174812078476
1874 0.1635214388370514 -0.01785721257328987 0.11384519934654236
1875 0.16352145373821259 0.12499992549419403 0.11384519189596176
1876 0.16352146863937378 0.05357136204838753 0.11384519934654236
1877 -0.06474079191684723 -0.47606170177459717 0.1884170025587082
1878 0.027445770800113678 -0.4785436987876892 0.19731442630290985
1879 0.17145241796970367 -0.4796788990497589 0.10129136592149734
1880 0.05010952055454254 0.5 0.03814564272761345
1881 -0.044961653649806976 -0.5000001192092896 0.025040382519364357
1882 -0.04413139075040817 -0.5000001192092896 -0.1431153118610382
1883 -0.05379883944988251 -0.5000141859054565 0.1627088189125061
1884 0.041786279529333115 -0.5000001192092896 -0.05949399247765541
1885 0.05743100866675377 0.5 -0.015005871653556824
1886 0.06807634979486465 0.5 -0.08140332251787186
1887 0.031937889754772186 0.5000026226043701 0.17053817212581635
1888 -0.17301227152347565 0.500023603439331 0.048292696475982666
1889 0.16917595267295837 0.49999669194221497 -0.06343045085668564
1890 -0.16668623685836792 -0.5000260472297668 -0.06922087073326111
1891 0.03089192509651184 0.5 0.020253945142030716
1892 0.17210301756858826 -0.49999675154685974 0.009163583628833294
1893 0.08212443441152573 -0.5000009536743164 0.1524200737476349
1894 0.06278453022241592 -0.5000001192092896 0.014950848184525967
1895 0.10895711928606033 0.49999937415122986 -0.13422660529613495
1896 0.05452121049165726 0.5 0.09108073264360428
1897 0.06888353824615479 -0.5000001192092896 0.06634357571601868
1898 -0.07405679672956467 0.5 0.015194130130112171
1899 -0.025172319263219833 0.5000013709068298 -0.16566665470600128
1900 -0.03553551807999611 0.5000000596046448 -0.07257521897554398
1901 -0.07972527295351028 0.5 0.049818530678749084
1902 -0.07457990199327469 -0.5000001192092896 -0.024848686531186104
1903 -0.073138028383255 -0.5000001192092896 -0.056676242500543594
1904 -0.09678778797388077 0.4999997019767761 0.10126589983701706
1905 0.07890202105045319 0.4999995231628418 -0.10790758579969406
1906 0.09658052027225494 0.5 -0.1014055609703064
1907 -0.03175854682922363 -0.5000000596046448 0.13593867421150208
1908 0.1349632889032364 0.5000073909759521 0.10957559943199158
1909 0.06748066842556 -0.5000001192092896 -0.07849307358264923
1910 -0.06487856805324554 -0.5000001788139343 -0.10653922706842422
1911 0.05264635011553764 0.5 0.1269810050725937
1912 0.07963824272155762 -0.5000004768371582 0.12406278401613235
1913 0.07936181128025055 -0.5000001192092896 -0.025297198444604874
1914 0.07099442929029465 0.5 0.03305969014763832
1915 -0.07493575662374496 0.5 -0.046185314655303955
1916 0.08542631566524506 0.5 0.006571416277438402
1917 -0.11111058294773102 0.4996124505996704 0.16480140388011932
1918 -0.09155166894197464 -0.5000007748603821 -0.11434841901063919
1919 0.06006285175681114 -0.5000030994415283 -0.16725565493106842
1920 0.07591251283884048 -0.5000003576278687 -0.12054362893104553
1921 -0.08144986629486084 -0.49998876452445984 0.15305712819099426
1922 0.08174541592597961 0.5 -0.019097082316875458
1923 0.08381683379411697 -0.5000030398368835 -0.15138471126556396
1924 0.04951982945203781 0.49968990683555603 0.19290262460708618
1925 -0.07613678276538849 -0.5000000596046448 0.11811251193284988
1926 -0.04453093186020851 0.4999978840351105 -0.1385474056005478
1927 0.0597708486020565 -0.5000001192092896 -0.10706575959920883
1928 -0.11580495536327362 0.5000001192092896 0.08101004362106323
1929 0.12889152765274048 0.4999953508377075 -0.11541898548603058
1930 0.1087598130106926 -0.5000101923942566 -0.1393493115901947
1931 0.10845132917165756 0.5 0.04459456726908684
1932 0.11648537963628769 -0.5000001788139343 0.012886060401797295
1933 0.10013975203037262 0.4999999701976776 0.07397700846195221
1934 0.09842993319034576 0.5 -0.03913678228855133
1935 0.10772466659545898 -0.5000001788139343 -0.11464553326368332
1936 0.10498524457216263 -0.49999940395355225 0.0979505255818367
1937 0.09497513622045517 -0.5000001192092896 0.06888649612665176
1938 0.07973382622003555 0.5 0.09309873729944229
1939 0.17040932178497314 -0.5000922679901123 -0.020280446857213974
1940 0.19679167866706848 -0.4996384084224701 0.02971845678985119
1941 0.12015973031520844 0.49999913573265076 -0.08517536520957947
1942 0.15800943970680237 0.49953970313072205 0.1212519183754921
1943 -0.190108060836792 -0.49946802854537964 0.06047431752085686
1944 0.09318927675485611 0.5 0.031637027859687805
1945 -0.09206710010766983 0.5 -0.03194207698106766
1946 -0.10161861032247543 -0.5000001192092896 0.02132156305015087
1947 -0.15596163272857666 0.4999602437019348 0.09614111483097076
1948 0.11704844236373901 0.5000000596046448 0.09067466855049133
1949 0.14112180471420288 -0.5000001192092896 0.017524801194667816
1950 0.038518354296684265 -0.5000001192092896 -0.09199322015047073
1951 0.09384308755397797 0.49999555945396423 -0.12238078564405441
1952 -0.08465483039617538 -0.0690990686416626 0.014126334339380264
1953 -0.0005977189866825938 0.21426934003829956 -1.4901161193847656e-08
1954 0.04309476166963577 -0.0057250624522566795 -0.03967152535915375
1955 -0.06733474880456924 0.24773289263248444 0.07136039435863495
1956 -0.09988778084516525 -0.4004862308502197 0.006227587815374136
1957 0.0791863426566124 0.38357263803482056 0.026895655319094658
1958 0.01071232184767723 0.4452797472476959 0.14179383218288422
1959 0.08342627435922623 -0.40474650263786316 -0.061918120831251144
1960 0.12692001461982727 0.4250759482383728 -0.011608058586716652
1961 0.12471762299537659 0.3238794803619385 0.023861641064286232
1962 0.08486644923686981 0.17827989161014557 -0.046944670379161835
1963 0.15791045129299164 0.30474287271499634 -0.0010636994848027825
1964 0.03676679730415344 0.4330323040485382 0.051055096089839935
1965 0.09288353472948074 0.39080846309661865 -0.07689947634935379
1966 -0.07506789267063141 0.39510542154312134 -0.05954344943165779
1967 0.05662062391638756 -0.44989919662475586 -0.06630610674619675
1968 0.10984020680189133 0.10685762763023376 -0.05939457565546036
1969 -0.030701734125614166 -0.21428577601909637 -0.028262926265597343
1970 0.12162181735038757 -0.42163723707199097 0.005047392565757036
1971 0.025867268443107605 -0.4625990390777588 0.16097846627235413
1972 -0.14723168313503265 -0.45676279067993164 0.05480844900012016
1973 -0.0976344421505928 0.31478390097618103 -1.7695128917694092e-08
1974 0.047330357134342194 0.4300270676612854 0.1551133394241333
1975 0.0743279755115509 -0.18076512217521667 0.025316020473837852
1976 0.01244882121682167 0.3925325870513916 0.1513594537973404
1977 0.0884343832731247 0.42864343523979187 0.11062493920326233
1978 -0.07163338363170624 0.43549349904060364 -0.11229640245437622
1979 -0.09987547248601913 0.21642638742923737 -0.017852479591965675
1980 -0.031031684949994087 -0.17043857276439667 -0.10674827545881271
1981 -0.09042053669691086 0.35497188568115234 0.0742611512541771
1982 0.06621754914522171 -0.34830349683761597 -0.1079268530011177
1983 -0.1227448582649231 0.2495136708021164 -0.06642615050077438
1984 -0.08292621374130249 0.21224744617938995 0.11663912236690521
1985 0.01280970312654972 0.4049314856529236 -0.033428214490413666
1986 -0.03598867356777191 0.4419569969177246 -0.05251356214284897
1987 0.010835916735231876 -0.32142865657806396 -0.13432173430919647
1988 -0.14806422591209412 0.31942129135131836 0.018396509811282158
1989 0.005870845168828964 0.355233758687973 0.1643587350845337
1990 -0.052889708429574966 0.45396795868873596 -0.14887486398220062
1991 -0.14941197633743286 -0.4531017541885376 -0.00782962329685688
1992 -0.07280939817428589 0.1450868844985962 -0.0762462317943573
1993 0.022748634219169617 0.24414974451065063 -0.09546743333339691
1994 0.12046534568071365 0.07142850756645203 -0.09337637573480606
1995 0.12970684468746185 0.1566718965768814 -0.06917689740657806
1996 -0.0153572466224432 -0.46041855216026306 0.16145597398281097
1997 -0.06366613507270813 0.11578594893217087 0.04283587262034416
1998 -0.16857492923736572 0.472514271736145 -0.0016802119789645076
1999 -0.012433739379048347 -0.35714295506477356 -0.1549985706806183
2000 -0.08910361677408218 0.3541642725467682 0.12432799488306046
2001 0.10793940722942352 0.10714279115200043 -0.11648501455783844
2002 -0.09901679307222366 -0.4015163481235504 -0.07242077589035034
2003 0.036451585590839386 -0.36133959889411926 -0.1484891176223755
2004 -0.05760427936911583 -0.4378249943256378 -0.02494692988693714
2005 -0.039850544184446335 -0.31152793765068054 -0.14444425702095032
2006 -0.10031186789274216 -0.4577736556529999 0.1177743673324585
2007 0.1037459447979927 0.3588714301586151 0.08527544885873795
2008 -0.1543394923210144 -0.4726022779941559 -0.08288189023733139
2009 -0.06013720482587814 -0.43933549523353577 -0.12759248912334442
2010 -0.11575347930192947 0.17881351709365845 -0.09009453654289246
2011 -0.10209982842206955 -0.2500000596046448 -0.05628645792603493
2012 -0.03258384391665459 -0.4563067555427551 0.11742201447486877
2013 -0.07848764210939407 -0.4731709361076355 0.13562262058258057
2014 0.10026997327804565 0.4625464379787445 0.09075536578893661
2015 -0.015871144831180573 -0.4619227647781372 -0.15810391306877136
2016 -0.07582583278417587 -0.20466573536396027 -0.1220644935965538
2017 -0.08278209716081619 0.4688340425491333 -0.1446152776479721
2018 0.037136200815439224 -0.4662456810474396 -0.1623254269361496
2019 0.004787856247276068 -0.4499107301235199 0.08047300577163696
2020 0.058991216123104095 -0.3124943673610687 -0.1412842571735382
2021 0.0043987552635371685 -0.4733509421348572 0.14137038588523865
2022 -0.0846867635846138 0.10918617993593216 -0.11883043497800827
2023 0.13544626533985138 0.46885645389556885 0.09202069044113159
2024 0.14526714384555817 0.1068585067987442 -0.0770592987537384
2025 0.06903356313705444 -0.35399651527404785 0.09934701770544052
2026 0.15400119125843048 -0.39109763503074646 -0.012890087440609932
2027 -0.10662306845188141 0.17665039002895355 -0.12747444212436676
2028 0.02971518598496914 0.2840716540813446 0.09040422737598419
2029 -0.143026202917099 0.17827163636684418 -0.023866860195994377
2030 0.14972800016403198 0.059934210032224655 -0.07894296944141388
2031 0.14026030898094177 0.4275875687599182 0.0730796605348587
2032 0.15814374387264252 0.319334477186203 0.04545286297798157
2033 0.03988831117749214 -0.40629294514656067 0.128399059176445
2034 -0.1232609897851944 0.07356183230876923 0.016726192086935043
2035 -0.08777943253517151 0.41748344898223877 0.10025730729103088
2036 -0.013712989166378975 0.3218509256839752 0.16549111902713776
2037 -0.08492223918437958 0.323341429233551 0.14469513297080994
2038 -0.11466896533966064 0.3219623565673828 0.12456368654966354
2039 -0.06071403995156288 -0.2397235631942749 -0.14593803882598877
2040 0.0750950500369072 -0.43932244181632996 -0.12162156403064728
2041 -0.10830848664045334 -0.44630807638168335 -0.04288862645626068
2042 0.1178809255361557 0.4596650302410126 0.1208568662405014
2043 -0.006343761924654245 0.1285722255706787 -0.11894334107637405
2044 0.015258880332112312 -0.31932953000068665 0.13024036586284637
2045 0.10354363918304443 0.44523850083351135 0.03490811213850975
2046 -0.13744786381721497 0.1449093520641327 0.02836584858596325
2047 -0.04687308520078659 0.14498387277126312 0.11660944670438766
2048 0.06617922335863113 -0.31864726543426514 0.13641045987606049
2049 0.15709851682186127 0.2876203954219818 0.06257735192775726
2050 -0.059181198477745056 -0.42879390716552734 0.05735527724027634
2051 0.054324567317962646 0.45310336351394653 0.08965861797332764
2052 0.09627047181129456 -0.42411869764328003 0.07963031530380249
2053 0.07743465155363083 0.06911087036132812 0.04216841235756874
2054 0.14084377884864807 0.29053691029548645 0.029025567695498466
2055 0.009760932996869087 0.39317458868026733 -0.11688408255577087
2056 -0.13083390891551971 -0.44027864933013916 0.09747510403394699
2057 0.15198056399822235 0.4384607672691345 -0.0453936830163002
2058 -0.17513765394687653 0.47856405377388 0.031996361911296844
2059 -0.039738114923238754 -0.34619423747062683 -0.16814231872558594
2060 -0.10275182127952576 -0.3827168345451355 -0.11616083979606628
2061 0.10759065300226212 0.4550711214542389 -0.11234021186828613
2062 0.0643162727355957 0.4160272181034088 -0.1257733553647995
2063 -0.055405933409929276 -0.3570762574672699 0.10244608670473099
2064 -0.12450069189071655 -0.25850915908813477 0.01563066802918911
2065 0.06758981198072433 -0.37666699290275574 0.14399708807468414
2066 0.1581355482339859 0.25137946009635925 0.016374392434954643
2067 -0.13827061653137207 0.45911291241645813 -0.07897445559501648
2068 0.0657707080245018 -0.4690745174884796 -0.03739258646965027
2069 0.018784508109092712 -0.4219883382320404 0.006908087059855461
2070 0.0344754159450531 -0.07375821471214294 0.07859601825475693
2071 0.11268537491559982 0.10508288443088531 0.08110680431127548
2072 0.135439932346344 0.35598814487457275 -0.02842126041650772
2073 -0.14264242351055145 0.21399590373039246 -0.07719424366950989
2074 0.11904606968164444 0.46402573585510254 -0.007175732869654894
2075 0.006802723743021488 -0.36782410740852356 0.08824024349451065
2076 -0.14488990604877472 -0.2453700453042984 0.05639178678393364
2077 -0.014539727941155434 -0.36725103855133057 0.14172349870204926
2078 -0.08047745376825333 0.18454326689243317 0.04229455441236496
2079 0.009009811095893383 -0.2209569811820984 0.09605023264884949
2080 0.05492328479886055 -0.20636384189128876 -0.09130845218896866
2081 -0.09107039123773575 -0.4623189866542816 -0.13646730780601501
2082 -0.10065361112356186 -0.466597318649292 0.14874771237373352
2083 -0.09328463673591614 -0.48135268688201904 0.11774914711713791
2084 -0.08473271876573563 -0.1763608306646347 0.06886064261198044
2085 0.03703276440501213 -0.09511123597621918 -0.09020791202783585
2086 -0.04279283061623573 0.4159944951534271 0.028971202671527863
2087 -0.05302630737423897 -0.4645939767360687 -0.15430434048175812
2088 -0.16043564677238464 -0.21340906620025635 0.054991163313388824
2089 -0.062185727059841156 -0.3926631212234497 -0.14103259146213531
2090 -0.05638929083943367 -0.39436623454093933 0.14264528453350067
2091 0.15836210548877716 0.45008018612861633 0.004868313204497099
2092 0.03236105293035507 -0.22395406663417816 -0.14109042286872864
2093 -0.10087686032056808 0.0022891999687999487 0.05800526589155197
2094 0.15767024457454681 0.47260671854019165 -0.01840023696422577
2095 0.12774387001991272 0.006782056298106909 -0.048361875116825104
2096 0.007269416470080614 -0.0447353795170784 -0.1303895264863968
2097 -0.008321602828800678 0.4469713866710663 -0.11617761105298996
2098 -0.0832950696349144 0.46198973059654236 0.13927587866783142
2099 0.026771068572998047 0.3174554705619812 -0.12094983458518982
2100 0.051309481263160706 0.17698657512664795 -0.11447307467460632
2101 0.15139228105545044 -0.3570948839187622 0.023953506723046303
2102 0.0652879998087883 0.17639032006263733 0.09468494355678558
2103 -0.05425182357430458 0.17656581103801727 -0.13922740519046783
2104 -0.14406947791576385 -0.46893948316574097 0.08596622198820114
2105 -0.10725533962249756 0.4476148188114166 -0.1227833703160286
2106 0.08056353032588959 0.3095538318157196 0.11369821429252625
2107 -0.03914623335003853 0.4778183400630951 -0.15517552196979523
2108 0.006277266889810562 -0.4106391966342926 -0.14183592796325684
2109 0.10793939232826233 0.03571422025561333 -0.11648502200841904
2110 0.0648043304681778 0.4331815540790558 -0.01283558551222086
2111 0.16691182553768158 0.24793672561645508 0.047513607889413834
2112 0.041563551872968674 0.07142851501703262 -0.09315522760152817
2113 -0.16039881110191345 0.1780278980731964 -0.05506497249007225
2114 -0.16020740568637848 0.3573645055294037 -1.816079020500183e-08
2115 0.06985092908143997 -0.1794644296169281 0.10691481828689575
2116 -0.1608276218175888 -0.45657557249069214 -0.05107036978006363
2117 0.0954437255859375 0.25043970346450806 0.10367948561906815
2118 0.019661882892251015 0.28373995423316956 -0.15434010326862335
2119 -0.16989146173000336 -0.44057682156562805 0.055238910019397736
2120 0.10502663999795914 -0.3930495083332062 0.11506684124469757
2121 -0.019400598481297493 0.17747090756893158 -0.16176311671733856
2122 0.12085208296775818 0.1823676973581314 0.02294193208217621
2123 -0.0971825048327446 0.286065936088562 -0.10556832700967789
2124 -0.1294475942850113 0.3054707944393158 -0.0635337084531784
2125 -0.14966031908988953 0.42628586292266846 0.013297305442392826
2126 -0.1397683322429657 0.3206268548965454 0.10878600180149078
2127 0.17329850792884827 0.28454530239105225 0.017541760578751564
2128 -0.09152242541313171 0.44557133316993713 0.05033046752214432
2129 0.14733292162418365 0.02493484877049923 -0.08293094485998154
2130 0.043761711567640305 0.23919998109340668 -0.14272664487361908
2131 -0.04508775845170021 -0.10462763905525208 0.10278963297605515
2132 0.1326228380203247 0.23368921875953674 -0.039812762290239334
2133 0.14152638614177704 0.3472677767276764 -0.0714404359459877
2134 0.06041061505675316 -0.4031006097793579 -0.1452791541814804
2135 0.08471771329641342 -0.0372176468372345 -0.09364446997642517
2136 0.07578297704458237 -0.36619049310684204 -0.142495259642601
2137 -0.09339237958192825 0.22866255044937134 -0.10992347449064255
2138 0.15711906552314758 0.13551554083824158 -0.058063868433237076
2139 0.11277429759502411 -0.21227124333381653 0.09548571705818176
2140 0.1383548527956009 0.3837575912475586 0.07476609945297241
2141 -0.05230426415801048 -0.2508073151111603 0.11924164742231369
2142 -0.07947937399148941 -0.15277406573295593 -0.12744028866291046
2143 0.09460967034101486 0.22357985377311707 -0.097664475440979
2144 0.05404100939631462 0.23055440187454224 0.04633728042244911
2145 -0.11949662864208221 -0.4681161940097809 -0.017948858439922333
2146 -0.1258629858493805 0.45890194177627563 0.09906260669231415
2147 0.001880650408565998 -0.4752956032752991 0.06478075683116913
2148 0.10431671142578125 -0.07355574518442154 0.01223097462207079
2149 -0.12587320804595947 -0.2602357864379883 -0.09412052482366562
2150 0.05858604982495308 0.015291004441678524 -0.09221123903989792
2151 0.01648533344268799 -0.29629063606262207 -0.16379617154598236
2152 0.11697161942720413 0.47519806027412415 0.06867476552724838
2153 0.10236182063817978 0.4262513816356659 -0.13322782516479492
2154 0.10314221680164337 0.2906590402126312 -0.08254145085811615
2155 -0.09271368384361267 -0.181531623005867 -0.14165763556957245
2156 -0.15304771065711975 -0.2500000596046448 -0.08166927844285965
2157 0.04378635808825493 0.47495153546333313 0.1690291464328766
2158 -0.0945393443107605 -0.26025307178497314 -0.12566252052783966
2159 0.0386686697602272 -0.3466302156448364 0.1533033698797226
2160 0.12550236284732819 -0.45828235149383545 0.10099632292985916
2161 0.07196658104658127 0.45747023820877075 -0.13771292567253113
2162 0.1227613240480423 -0.03364487364888191 0.06072310358285904
2163 0.09785956889390945 0.471518874168396 0.016455689445137978
2164 0.13874055445194244 -0.0019424317870289087 0.08358504623174667
2165 0.04855477809906006 0.036841608583927155 0.11069370806217194
2166 -0.09860002249479294 -0.38690656423568726 0.11112527549266815
2167 -0.018487578257918358 0.35915079712867737 -0.14790485799312592
2168 -0.10646077990531921 0.29577451944351196 0.05949999392032623
2169 0.10111059248447418 -0.10374776273965836 0.07869745045900345
2170 0.07206645607948303 -0.28646141290664673 -0.01384367048740387
2171 0.07274679839611053 0.4805198013782501 -0.12473180890083313
2172 0.07607419043779373 0.2994832694530487 -0.12704287469387054
2173 0.06132708117365837 -0.3584352731704712 0.1637553721666336
2174 -0.11668471246957779 0.140821173787117 0.08363247662782669
2175 0.11009296029806137 -0.3674769401550293 -0.11516418308019638
2176 0.12857721745967865 -0.1782534420490265 -0.021274959668517113
2177 -0.10464709997177124 -0.46209388971328735 -0.07994191348552704
2178 0.12467506527900696 0.4012220799922943 0.031104911118745804
2179 -0.05860618129372597 0.32115939259529114 -0.1336086243391037
2180 -0.1496151238679886 0.2898508310317993 0.05136288329958916
2181 -0.12693512439727783 0.4246029853820801 0.1105734333395958
2182 -0.09692405164241791 0.14410550892353058 0.044766753911972046
2183 -0.11470955610275269 -0.17857149243354797 -0.08936722576618195
2184 -0.14368349313735962 0.001954274019226432 0.06951793283224106
2185 -0.15304861962795258 0.4617903232574463 0.08458713442087173
2186 -0.10700541734695435 0.46796149015426636 0.07158402353525162
2187 -0.1187412440776825 -0.17857149243354797 -0.12191840261220932
2188 -0.15644818544387817 0.31954440474510193 -0.07488373667001724
2189 0.021780194714665413 0.4238045811653137 0.17232702672481537
2190 0.10996228456497192 0.3239878714084625 -0.11640726029872894
2191 -0.08433020114898682 -0.33130690455436707 -0.12326084822416306
2192 -0.025160597637295723 0.4569382965564728 0.15934546291828156
2193 -0.14149831235408783 0.36198878288269043 -0.04848305881023407
2194 -0.12199188023805618 -0.12250570952892303 0.041879843920469284
2195 -0.156514510512352 -0.14479359984397888 0.04571519419550896
2196 0.14938576519489288 -0.0006185948732309043 0.03531286492943764
2197 -0.07001805305480957 0.176610067486763 0.14191868901252747
2198 -0.05164378881454468 -0.4616360068321228 0.15753056108951569
2199 -0.15337897837162018 -0.1739169955253601 0.006101306062191725
2200 -0.05128316208720207 0.1804492324590683 0.16697756946086884
2201 0.13194793462753296 0.3913038671016693 -0.09331473708152771
2202 0.10257174074649811 -0.35714295506477356 -0.1404673159122467
2203 0.10109655559062958 -0.31260260939598083 -0.11383993923664093
2204 -0.013645914383232594 0.3932727575302124 -0.16551370918750763
2205 -0.10317939519882202 0.4402470290660858 0.14132454991340637
2206 0.1611759215593338 0.01869809441268444 -0.0010872530983760953
2207 -0.13264590501785278 0.3900156617164612 0.05531089007854462
2208 0.16960632801055908 0.4762466549873352 0.01271116454154253
2209 0.1719261109828949 0.4248402714729309 -0.025630926713347435
2210 -0.1342611014842987 0.45655345916748047 -0.10985634475946426
2211 0.06639854609966278 -0.4581911563873291 0.1442977488040924
2212 -0.06347934901714325 -0.10699593275785446 0.14471828937530518
2213 -0.07937560230493546 0.398775577545166 0.05609799548983574
2214 0.03713439032435417 0.461516410112381 0.0029758107848465443
2215 0.13387873768806458 0.3565971255302429 0.10420195758342743
2216 -0.05494500696659088 -0.1890401542186737 -0.15234483778476715
2217 -0.16488315165042877 0.38994720578193665 0.019529128447175026
2218 0.08143391460180283 0.12736305594444275 0.002128632739186287
2219 -0.04681568220257759 -0.47982093691825867 -0.1741029918193817
2220 0.11666171252727509 -0.06260065734386444 0.09917670488357544
2221 -0.11377254873514175 0.03782522678375244 0.09643352776765823
2222 0.1735404133796692 0.4522212743759155 -0.02788626402616501
2223 -0.1316847801208496 -0.39476001262664795 0.07073310762643814
2224 0.010056465864181519 -0.18885622918605804 -0.15792305767536163
2225 -0.0899071916937828 -0.08889088034629822 -0.06997401267290115
2226 -0.17237141728401184 0.1804598718881607 -0.008518081158399582
2227 -0.13901415467262268 0.25190189480781555 -0.0977342501282692
2228 -0.005032174289226532 0.472135990858078 -0.13531829416751862
2229 0.1362624615430832 0.3592439591884613 -0.10293018072843552
2230 0.033287469297647476 -0.3840196132659912 0.15919212996959686
2231 0.039348259568214417 0.025914182886481285 -0.14229720830917358
2232 0.12226545810699463 -0.4551715850830078 -0.029406271874904633
2233 -0.013372315093874931 -0.32114776968955994 0.16137979924678802
2234 -0.06727848947048187 -0.42397454380989075 0.10531411319971085
2235 0.1388416290283203 -0.22146013379096985 -0.05205239728093147
2236 -0.021224085241556168 0.3809903860092163 0.16287676990032196
2237 -0.15832296013832092 0.24953174591064453 -0.05435230955481529
2238 0.060262154787778854 0.47698676586151123 -0.155502587556839
2239 0.13441617786884308 0.12386654317378998 -0.10404770076274872
2240 0.14651241898536682 -0.23926296830177307 -0.08250230550765991
2241 0.16612975299358368 -0.2224244922399521 -0.061127036809921265
2242 -0.07393258810043335 -0.4407220482826233 -0.15619832277297974
2243 -0.07079081237316132 0.32219982147216797 -0.16138677299022675
2244 0.08607864379882812 -0.384125679731369 0.15906815230846405
2245 0.14817436039447784 0.3069037199020386 -0.047434672713279724
2246 0.1049141138792038 -0.0814063623547554 -0.1093287393450737
2247 0.022945648059248924 -0.23855465650558472 0.021975627169013023
2248 -0.0026489768642932177 -0.3984961211681366 -0.06482802331447601
2249 -0.012178772129118443 -0.21407093107700348 0.14697590470314026
2250 -0.05735176429152489 -0.2837589979171753 0.14873889088630676
2251 0.048822712153196335 0.39090707898139954 0.16015517711639404
2252 0.1518225222826004 0.46428197622299194 0.05768362432718277
2253 0.07888787984848022 0.4597993493080139 0.138153538107872
2254 -0.024742236360907555 -0.4698942303657532 0.08642973750829697
2255 -0.12333405762910843 -0.30587244033813477 0.059079207479953766
2256 -0.011247146874666214 -0.4434176981449127 -0.09871983528137207
2257 -0.033265482634305954 0.25009334087371826 -0.13136255741119385
2258 0.016211537644267082 0.1407848298549652 0.13545241951942444
2259 -0.12257640808820724 -0.3314708471298218 -0.09145674854516983
2260 0.06311971694231033 -0.44418784976005554 0.036691516637802124
2261 -0.001502751256339252 -0.4175433814525604 0.15747791528701782
2262 -0.13370423018932343 -0.39285725355148315 -0.10521140694618225
2263 0.09870872646570206 0.4446752369403839 -0.053607724606990814
2264 -0.03684038296341896 0.47092586755752563 -0.12007061392068863
2265 -0.07856435328722 -0.466903418302536 -0.1588439792394638
2266 0.05967605113983154 -0.03364591300487518 0.12349347770214081
2267 -0.08496713638305664 0.26644080877304077 0.11917933821678162
2268 -0.04145152121782303 -0.3566246032714844 0.16368836164474487
2269 -0.006362020969390869 0.07351970672607422 0.13253028690814972
2270 -0.1558072865009308 0.1793745458126068 -0.08431869000196457
2271 -0.1365339159965515 0.3908628523349762 -0.08209432661533356
2272 0.14824070036411285 0.4258258640766144 0.09899117797613144
2273 -0.021856321021914482 0.0733414739370346 0.1663360446691513
2274 0.10056527704000473 0.4537826478481293 -0.14330576360225677
2275 0.1750984638929367 -0.4106806218624115 -0.000633479852695018
2276 -0.12238653749227524 0.4739833176136017 0.04671593755483627
2277 0.03626971319317818 0.09868788719177246 0.08669392764568329
2278 0.09265147894620895 -0.36199280619621277 -0.00989031232893467
2279 0.07174274325370789 -0.46735864877700806 -0.09496963769197464
2280 0.06318134814500809 0.06588345766067505 -0.026544606313109398
2281 -0.0294274240732193 0.27171459794044495 0.13853619992733002
2282 0.16544745862483978 0.47604861855506897 -0.04503890872001648
2283 0.12403002381324768 0.06044613569974899 -0.12088266760110855
2284 -0.12389861047267914 0.1090795174241066 -0.10604812949895859
2285 -0.03732072561979294 -0.4402841329574585 -0.16813719272613525
2286 0.1031978502869606 0.29069748520851135 0.06811782717704773
2287 0.05783068761229515 0.27480602264404297 -0.1515878438949585
2288 -0.06462225317955017 0.46315866708755493 -0.03400079160928726
2289 -0.16088539361953735 0.21372584998607635 -0.044852323830127716
2290 -0.1602173149585724 -0.1689322143793106 -0.03220497816801071
2291 0.15686649084091187 -0.40329647064208984 -0.05021130293607712
2292 0.12660905718803406 0.21626202762126923 0.08990000933408737
2293 0.05815156549215317 -0.4737842082977295 0.04986204206943512
2294 -0.09481819719076157 0.24932712316513062 0.14513008296489716
2295 -0.0991877019405365 0.4273310899734497 -0.14436085522174835
2296 -0.04114498943090439 0.21404071152210236 -0.15568727254867554
2297 0.09735222160816193 -0.4587724804878235 -0.06281781196594238
2298 0.10093479603528976 -0.4709072411060333 0.08308901637792587
2299 0.05259978026151657 0.39120015501976013 -0.1551363319158554
2300 0.1392224282026291 0.248099222779274 0.0978657603263855
2301 0.12943404912948608 0.17857132852077484 -0.10164947807788849
2302 -0.1208537146449089 -0.31683480739593506 0.10239005833864212
2303 0.11733658611774445 0.39968934655189514 0.10633356869220734
2304 0.08206435292959213 -0.17857146263122559 -0.12604036927223206
2305 -0.10500222444534302 -0.14084626734256744 0.1049768328666687
2306 -0.12828239798545837 0.2123795747756958 -0.11021049320697784
2307 0.08524654060602188 -0.26241233944892883 -0.07393325865268707
2308 0.05549192056059837 -0.11624766886234283 0.030651109293103218
2309 -0.030266426503658295 -0.4738022983074188 -0.13292232155799866
2310 0.016932690516114235 -0.3462495803833008 -0.17072594165802002
2311 -0.02844984643161297 -0.1369158774614334 0.013773635029792786
2312 -0.016430014744400978 -0.3489510715007782 -0.1793656200170517
2313 0.019327539950609207 -0.03373003378510475 0.152500718832016
2314 -0.08776402473449707 -0.29604747891426086 -0.13947752118110657
2315 0.03910458832979202 -0.2991897463798523 -0.08601170033216476
2316 0.05782067030668259 -0.04567495733499527 -0.13965527713298798
2317 -0.1507219821214676 0.28725820779800415 -0.020998796448111534
2318 0.04404224082827568 0.30569982528686523 0.01080188900232315
2319 0.04682783782482147 0.31308603286743164 -0.15528206527233124
2320 0.16605114936828613 0.4518722891807556 0.0740218311548233
2321 -0.17041771113872528 0.14220431447029114 0.028437651693820953
2322 0.030790386721491814 0.4508249759674072 -0.04647228866815567
2323 -0.03302865847945213 -0.009787367656826973 -0.143607959151268
2324 0.11328127980232239 -0.3957824409008026 -0.030179845169186592
2325 0.10659333318471909 0.1784464716911316 0.11579123139381409
2326 0.15335020422935486 0.04954865574836731 -0.03428644686937332
2327 0.03197845071554184 0.3194694221019745 0.15542514622211456
2328 0.15068891644477844 0.2967052161693573 -0.07942698150873184
2329 -0.06421048939228058 0.4734153747558594 -0.16323362290859222
2330 -0.04647218436002731 0.41410937905311584 -0.1536434292793274
2331 0.08983217924833298 -0.3260166049003601 -0.14263252913951874
2332 -0.05995409935712814 -0.3230566680431366 0.15347342193126678
2333 -0.0514322891831398 -0.3823816776275635 0.16730070114135742
2334 0.14492394030094147 0.07142850756645203 -0.10150686651468277
2335 -0.08379732072353363 -0.24807481467723846 0.14253750443458557
2336 -0.06672597676515579 0.4281003773212433 -0.1656908392906189
2337 0.0011994014494121075 0.3895830810070038 0.1762804538011551
2338 0.041427962481975555 -0.3683849573135376 -0.17433898150920868
2339 -0.005787023808807135 0.28761643171310425 0.16978785395622253
2340 0.1344132423400879 -0.14253169298171997 0.045871853828430176
2341 0.132375568151474 -0.060608815401792526 -0.1065874844789505
2342 0.05839172378182411 0.35149574279785156 -0.15192745625972748
2343 -0.06343451887369156 0.2790032923221588 -0.1446160525083542
2344 -0.04977615550160408 0.17000506818294525 -0.016965366899967194
2345 0.14113739132881165 -0.33882778882980347 -0.03340265527367592
2346 -0.15931673347949982 0.2943938970565796 -0.05272914096713066
2347 0.06926071643829346 0.03571422025561333 -0.15563097596168518
2348 0.02057866007089615 0.36588937044143677 -0.15804828703403473
2349 -0.1231146901845932 0.24992214143276215 0.0958239734172821
2350 -0.16428682208061218 0.23995354771614075 -0.019489014521241188
2351 0.17021211981773376 0.32140517234802246 -0.027147086337208748
2352 0.09696274995803833 0.2822646200656891 -0.017285484820604324
2353 0.07787011563777924 0.45455265045166016 0.16309665143489838
2354 -0.09007960557937622 -0.38939300179481506 0.14403295516967773
2355 -0.09263835102319717 0.4564322829246521 -0.07748149335384369
2356 -0.013290971517562866 0.45069774985313416 0.004719885531812906
2357 0.023891044780611992 0.4307345449924469 -0.14959312975406647
2358 -0.05475672706961632 0.4714529812335968 0.15712226927280426
2359 -0.029740139842033386 -0.44965818524360657 0.018547123298048973
2360 0.10381373018026352 0.33992424607276917 0.12374770641326904
2361 0.1552327424287796 -0.45584216713905334 0.03193331137299538
2362 -0.11286090314388275 -0.25186848640441895 0.13574905693531036
2363 -0.15345506370067596 0.3533257246017456 0.044988736510276794
2364 -0.13130918145179749 0.4711269438266754 -0.0014369377167895436
2365 0.11274545639753342 -6.845220923423767e-08 -0.1236693263053894
2366 -0.15683789551258087 0.2162482887506485 0.01898735947906971
2367 0.10585889965295792 -0.2500000596046448 -0.11437304317951202
2368 0.050700217485427856 0.2728263735771179 0.13798098266124725
2369 0.08779367059469223 0.16005578637123108 -0.09016460180282593
2370 -0.04558584839105606 -0.47877609729766846 0.12580886483192444
2371 0.14199815690517426 -0.03549814969301224 -0.010824729688465595
2372 0.022423241287469864 0.14096008241176605 0.1694379597902298
2373 -0.0963078960776329 -0.03611037880182266 0.10461827367544174
2374 -0.15524712204933167 -0.10678546875715256 0.055945985019207
2375 0.14519600570201874 -0.08198001235723495 -0.07638494670391083
2376 0.13118425011634827 0.21610237658023834 -0.10191933810710907
2377 -0.03366515412926674 -0.29655835032463074 0.16659174859523773
2378 -0.14131151139736176 -0.29603731632232666 -0.07305847108364105
2379 0.01330647710710764 -0.38851800560951233 -0.16820034384727478
2380 0.015215445309877396 -0.4801788926124573 -0.16571708023548126
2381 0.07775815576314926 0.07342002540826797 0.13095465302467346
2382 -0.09153585135936737 0.46435117721557617 0.015349057503044605
2383 -0.006269402801990509 0.1829216480255127 -0.07233858108520508
2384 0.1601395457983017 -0.10669242590665817 -0.057287804782390594
2385 0.12539121508598328 -0.21615809202194214 0.12317293137311935
2386 0.13058868050575256 0.09577932953834534 -0.10377687960863113
2387 0.005997178144752979 -0.4446699321269989 0.14839796721935272
2388 0.128391295671463 0.1468314379453659 0.09102557599544525
2389 -0.09250999242067337 -0.2979365289211273 0.1285482943058014
2390 -0.12310899794101715 -0.10708969831466675 -0.09669896960258484
2391 0.17632649838924408 -0.39071524143218994 -0.02901039831340313
2392 -0.10255111008882523 0.3855363726615906 -0.002304323948919773
2393 -0.17100323736667633 -0.1446434110403061 0.00850605871528387
2394 0.002343579428270459 -0.3873072564601898 0.1698024421930313
2395 0.053301651030778885 0.4569757282733917 0.14955972135066986
2396 -0.12914907932281494 -0.2492007464170456 0.0961332693696022
2397 0.008498760871589184 0.42218586802482605 -0.0783132016658783
2398 -0.10609374940395355 -0.47864842414855957 -0.1214509829878807
2399 0.05878853425383568 -0.1269717812538147 -0.13206727802753448
2400 0.10153518617153168 -0.2866983413696289 0.06276044249534607
2401 0.13686177134513855 0.3234700560569763 -0.09543341398239136
2402 -0.13338762521743774 0.39437124133110046 0.11338621377944946
2403 -0.06359613686800003 -0.1912398338317871 0.12390020489692688
2404 -0.09084799885749817 0.14328089356422424 -0.13905316591262817
2405 0.1334284394979477 -0.32142865657806396 -0.10498133301734924
2406 -0.09835617244243622 -0.4233485758304596 -0.12388914823532104
2407 -0.01629379205405712 -0.060988135635852814 -0.16082938015460968
2408 0.06502405554056168 0.3487797975540161 -0.09781170636415482
2409 0.10474689304828644 0.29462534189224243 -0.13814270496368408
2410 0.12081287801265717 -0.35082709789276123 0.0862395167350769
2411 0.16689512133598328 0.35264119505882263 -0.033254221081733704
2412 0.09686732292175293 -0.4566437005996704 -0.14122717082500458
2413 -0.029767202213406563 -0.4755331575870514 0.03411336615681648
2414 -0.1162034124135971 0.4038756191730499 0.08368713408708572
2415 0.1360957771539688 -0.2480955719947815 0.06602412462234497
2416 0.042234282940626144 -0.33273398876190186 0.0345318578183651
2417 -0.15090128779411316 0.44095563888549805 -0.030631475150585175
2418 0.129909947514534 0.31516358256340027 0.09198465198278427
2419 0.006188821513205767 -0.35228776931762695 0.16622595489025116
2420 0.04813612625002861 -0.2674746513366699 -0.14560002088546753
2421 -0.03330981731414795 0.3775497078895569 0.09818040579557419
2422 -0.17196990549564362 0.44217240810394287 0.025395860895514488
2423 0.061207305639982224 0.4506385624408722 -0.08624621480703354
2424 -0.10505077242851257 -0.059680454432964325 -0.10916329175233841
2425 -0.07639468461275101 0.01294901967048645 -0.1311478316783905
2426 0.15427692234516144 0.2691606879234314 -0.02621683105826378
2427 -0.17468799650669098 0.21240894496440887 -0.008746079169213772
2428 0.0018079904839396477 -0.36650970578193665 -0.17394696176052094
2429 0.07393220067024231 -0.23404446244239807 -0.13813845813274384
2430 0.072330042719841 -0.03571435064077377 -0.16203077137470245
2431 -0.13810071349143982 0.2291383594274521 -0.05318877473473549
2432 0.12008410692214966 -0.22530709207057953 -0.12642207741737366
2433 0.152727872133255 0.18963028490543365 -0.08580897003412247
2434 0.12188336253166199 0.08670387417078018 -0.12799495458602905
2435 -0.00913891103118658 0.4199860990047455 0.17322252690792084
2436 -0.09351543337106705 -0.43913328647613525 -0.005464216694235802
2437 0.12650427222251892 -0.4462454319000244 0.06087910756468773
2438 -0.13069340586662292 0.3575500249862671 -0.10172277688980103
2439 -0.14261792600154877 0.3930833637714386 -0.01787746697664261
2440 0.011308711022138596 0.22292529046535492 0.13647612929344177
2441 -0.15049193799495697 0.4273054003715515 -0.08141044527292252
2442 0.10594756156206131 -0.42915815114974976 0.12835341691970825
2443 0.08981785178184509 0.47197166085243225 0.049491479992866516
2444 -0.011398222297430038 -0.24565929174423218 -0.15189896523952484
2445 0.17392843961715698 -0.08881458640098572 -0.03932394087314606
2446 -0.0556463897228241 -0.3347742259502411 -0.03347887843847275
2447 0.0133806262165308 -0.21428577601909637 -0.17436711490154266
2448 0.16970764100551605 0.4108891189098358 0.006567909847944975
2449 -0.005610047373920679 0.17672733962535858 0.1564781218767166
2450 0.0659165307879448 -0.46988943219184875 -0.12664766609668732
2451 0.10490991175174713 0.45620399713516235 0.14424347877502441
2452 -0.1411445140838623 -0.41837266087532043 -0.06671023368835449
2453 0.13003124296665192 0.10998821258544922 -0.12169608473777771
2454 -0.16192300617694855 0.38084447383880615 0.055588241666555405
2455 -0.03662978112697601 0.13664263486862183 -0.1518131047487259
2456 0.004791311454027891 -0.47311800718307495 0.17419666051864624
2457 -0.09278640896081924 -0.11774750053882599 -0.1367335319519043
2458 0.05511286482214928 0.4359528422355652 0.12086524069309235
2459 0.04275880381464958 0.2548578679561615 -0.16853784024715424
2460 -0.11229296028614044 0.42060208320617676 -0.058319590985774994
2461 0.008065815083682537 0.4093647599220276 0.17959918081760406
2462 0.012838538736104965 0.3211541771888733 0.17716267704963684
2463 0.024355055764317513 -0.4636797606945038 -0.08477110415697098
2464 0.011764202266931534 -0.10530269145965576 -0.14766857028007507
2465 -0.1213054358959198 -0.28134000301361084 0.11249758303165436
2466 0.06630872189998627 0.30554288625717163 0.14838044345378876
2467 0.17461971938610077 -0.0011506379814818501 0.017643475905060768
2468 0.13809986412525177 0.13080528378486633 0.03785232454538345
2469 0.03617577627301216 0.3582455515861511 0.1266607940196991
2470 -0.14712435007095337 -0.06949322670698166 0.07096433639526367
2471 -0.1026969626545906 -0.42258015275001526 0.11105705797672272
2472 0.15438562631607056 -0.03381888195872307 0.0740167498588562
2473 -0.04183661937713623 0.26412510871887207 -0.049745019525289536
2474 -0.02758019044995308 0.47982528805732727 0.17254693806171417
2475 0.02235296741127968 -0.25007063150405884 -0.1639052927494049
2476 -0.1430359035730362 0.2927444577217102 0.08648689091205597
2477 -0.1194286048412323 -0.2012503445148468 0.09295497089624405
2478 0.04277757927775383 -0.33903422951698303 0.11855349689722061
2479 -0.07783742994070053 -0.35397619009017944 -0.07667072117328644
2480 0.01682480424642563 -0.13204032182693481 -0.1690548062324524
2481 0.08130230754613876 0.001952573424205184 0.1377522200345993
2482 -0.0658678337931633 0.2713627517223358 0.15016351640224457
2483 0.06672002375125885 0.3575665056705475 0.1521064043045044
2484 0.1482572853565216 0.39307862520217896 -0.021825162693858147
2485 0.05006267875432968 -0.4608913064002991 0.0005658811423927546
2486 -0.05458418279886246 -0.04605736583471298 -0.14957453310489655
2487 0.15601913630962372 -0.25018447637557983 0.024693552404642105
2488 0.12102886289358139 -0.38311561942100525 0.005371511448174715
2489 0.09544404596090317 0.47818461060523987 -0.13673940300941467
2490 -0.08465326577425003 -0.4490520656108856 -0.10508519411087036
2491 0.10755476355552673 0.4206237494945526 -0.09578270465135574
2492 0.045566242188215256 0.23445159196853638 0.09817084670066833
2493 -0.10693879425525665 0.03357792645692825 -0.06209736317396164
2494 -0.17023104429244995 0.38415974378585815 -0.009600423276424408
2495 -0.1455056518316269 -0.33798372745513916 -0.049403268843889236
2496 0.0879974290728569 0.3764203190803528 -0.12677252292633057
2497 0.014871918596327305 -0.036618124693632126 0.1794774979352951
2498 -0.13883590698242188 0.17564056813716888 -0.1080603301525116
2499 -0.039575062692165375 -0.18539242446422577 0.1562783569097519
2500 0.13806603848934174 -0.47416451573371887 -0.04797883331775665
2501 -0.13208715617656708 0.12627728283405304 -0.049988988786935806
2502 0.062630295753479 0.41196173429489136 0.16492362320423126
2503 -0.10671397298574448 0.07206306606531143 -0.120176300406456
2504 0.03641018643975258 0.2867964506149292 0.16641727089881897
2505 -0.0668255090713501 0.10791214555501938 -0.1525486558675766
2506 0.07407943159341812 -0.15356484055519104 -0.14995276927947998
2507 0.14694003760814667 -0.32927653193473816 0.05793321505188942
2508 -0.033882565796375275 0.3110741376876831 0.07149990648031235
2509 -0.13508813083171844 -0.3478163182735443 0.012637592852115631
2510 -0.021733736619353294 0.058784544467926025 -0.1242893859744072
2511 -0.09381406009197235 -0.39285725355148315 -0.14542631804943085
2512 -0.023885659873485565 0.21674132347106934 -0.17743903398513794
2513 -0.013525480404496193 0.3217730224132538 -0.16322840750217438
2514 -0.09463394433259964 0.286375492811203 0.14484809339046478
2515 -0.04708899185061455 -0.2758829593658447 0.019105171784758568
2516 0.10320005565881729 -0.14172933995723724 0.11210514605045319
2517 0.16029344499111176 0.21387261152267456 -0.0143582196906209
2518 -0.08105704188346863 -0.23821695148944855 0.05671650171279907
2519 -0.06617031246423721 -0.46437835693359375 0.023303676396608353
2520 -0.13509908318519592 0.07698797434568405 -0.06590937823057175
2521 -0.1234043687582016 0.4518086016178131 0.12594768404960632
2522 -0.14031903445720673 -0.21346019208431244 0.109214648604393
2523 0.09962131083011627 -0.13624192774295807 0.002220739610493183
2524 0.07564146816730499 -0.027514129877090454 0.15193744003772736
2525 -0.026557765901088715 0.2151455581188202 0.15698538720607758
2526 0.006853161845356226 -0.461701899766922 0.02787953056395054
2527 0.14628884196281433 -0.2161819487810135 0.08868452161550522
2528 0.041952282190322876 -0.3948805332183838 -0.0951465517282486
2529 0.132370263338089 -0.42548462748527527 0.10715935379266739
2530 0.05082555487751961 0.11635611951351166 -0.13209114968776703
2531 -0.1491573601961136 -0.09315823018550873 -0.09000140428543091
2532 -0.025075623765587807 0.17713011801242828 0.1769086718559265
2533 -0.07024890929460526 -0.35686537623405457 0.13803920149803162
2534 0.12025243788957596 0.25708717107772827 -0.10202056914567947
2535 -0.05405363440513611 -0.03772369772195816 0.13862621784210205
2536 -0.15977248549461365 0.47247079014778137 -0.061962950974702835
2537 0.019660763442516327 -0.3734052777290344 0.12443407624959946
2538 -0.033139053732156754 0.4084694981575012 -0.0995754823088646
2539 -0.056399811059236526 0.30120012164115906 0.11781784147024155
2540 -0.08379622548818588 0.17224059998989105 -0.14828625321388245
2541 0.07822740077972412 -0.39130640029907227 -0.11151474714279175
2542 -0.017465559765696526 0.42845600843429565 -0.16822366416454315
2543 -0.12220684438943863 -0.1557554006576538 0.06877434253692627
2544 -0.11900090426206589 -0.4734501540660858 0.12984764575958252
2545 -0.11377201974391937 0.425078421831131 -0.01542978547513485
2546 -0.1637076735496521 0.32280945777893066 -0.027317984029650688
2547 0.017482876777648926 0.07065331190824509 0.16389821469783783
2548 -0.1635255664587021 -0.2719097435474396 0.0475790910422802
2549 -0.03838127851486206 0.2972619831562042 0.16092298924922943
2550 0.16322606801986694 -0.47973522543907166 0.02374219335615635
2551 0.16152121126651764 0.17822475731372833 0.02557353302836418
2552 0.010914595797657967 0.0250403955578804 -0.16640061140060425
2553 -0.14167742431163788 0.32941633462905884 -0.09941621124744415
2554 0.14081336557865143 0.07164693623781204 0.07620444148778915
2555 0.15700925886631012 0.35684850811958313 0.054369714111089706
2556 -0.0738307386636734 0.4798807203769684 0.16651500761508942
2557 0.17912931740283966 0.4776534140110016 -0.009165279567241669
2558 0.02883405238389969 0.34199270606040955 0.17027124762535095
2559 -0.028182199224829674 -0.39640358090400696 0.10403811186552048
2560 -0.12376362085342407 -0.03759774565696716 0.12172045558691025
2561 -0.15249505639076233 0.42880576848983765 0.06454407423734665
2562 -0.11706651002168655 -0.36419999599456787 -0.06573929637670517
2563 0.040217768400907516 0.2977777123451233 -0.05693596228957176
2564 -0.153440922498703 -0.4421444535255432 0.07921571284532547
2565 -0.15534086525440216 -0.41443392634391785 0.06464800238609314
2566 0.07286015897989273 -0.47334301471710205 -0.06473007053136826
2567 0.16866350173950195 0.33660179376602173 0.05758921429514885
2568 -0.09932085126638412 -0.07138035446405411 0.1273682862520218
2569 0.1315331608057022 0.34338438510894775 0.07276158779859543
2570 0.1269393414258957 0.34356260299682617 -0.1222294420003891
2571 0.05840202048420906 0.43001142144203186 -0.15785543620586395
2572 0.12125767022371292 0.03375903517007828 0.1035405844449997
2573 0.17292430996894836 0.35782545804977417 0.027397334575653076
2574 -0.06740469485521317 -0.17844876646995544 -0.1290999948978424
2575 0.04062028229236603 -0.45301368832588196 0.17756018042564392
2576 0.10415434837341309 0.3851625621318817 -0.011645599268376827
2577 -0.024335529655218124 -0.44466590881347656 0.056143373250961304
2578 -0.14724987745285034 -0.12786059081554413 -0.07935301214456558
2579 0.08665717393159866 -0.28020673990249634 -0.13582806289196014
2580 -0.09994809329509735 -0.45363566279411316 0.06312413513660431
2581 -0.10554713010787964 0.3194984793663025 -0.12604716420173645
2582 -0.16503620147705078 0.07214014232158661 -0.056656982749700546
2583 -0.07785768806934357 -0.2367473989725113 -0.0072167678736150265
2584 0.040132075548172 -0.2618628442287445 0.1318526417016983
2585 -0.1465173214673996 -0.2400723695755005 -0.030954748392105103
2586 -0.06894136220216751 0.2018018662929535 -0.06469470262527466
2587 0.14006350934505463 0.4767439663410187 0.11457397788763046
2588 -0.131822869181633 0.3947371244430542 -0.1135660782456398
2589 0.12566795945167542 -0.08308606594800949 -0.031150879338383675
2590 -0.07928019016981125 -0.2972131073474884 -0.07811308652162552
2591 0.14295314252376556 0.2875925302505493 0.10022184997797012
2592 0.035099174827337265 -0.14248797297477722 0.13860368728637695
2593 0.07659567147493362 0.07859274744987488 0.08620955795049667
2594 -0.14829137921333313 0.3958122730255127 0.08388205617666245
2595 0.10430673509836197 -0.12466094642877579 -0.0682351216673851
2596 -0.058902252465486526 0.3908994793891907 0.1534929871559143
2597 -0.005420122295618057 -0.4288509786128998 -0.16791115701198578
2598 0.034200601279735565 -0.4669111967086792 0.07387746125459671
2599 -0.08601415157318115 -0.17667055130004883 0.1467893272638321
2600 0.07213353365659714 0.3205614984035492 -0.1643669307231903
2601 0.1553134173154831 0.3569559156894684 0.08386807143688202
2602 0.07559660077095032 0.3326256275177002 0.04643106460571289
2603 -0.03327007219195366 0.10905804485082626 0.16397610306739807
2604 -0.12133090198040009 -0.4034426510334015 0.1254841536283493
2605 0.0718589723110199 0.0034695991780608892 -0.12968075275421143
2606 0.08556012809276581 0.10523686558008194 0.1459185630083084
2607 0.09656685590744019 0.015813853591680527 0.04944364354014397
2608 -0.14726483821868896 -0.41712823510169983 0.09223274886608124
2609 0.06809771806001663 -0.07142864167690277 -0.15762947499752045
2610 -0.11524423956871033 -0.47474396228790283 -0.05311346426606178
2611 0.15265066921710968 -0.41758134961128235 -0.07943578064441681
2612 -0.17675384879112244 0.3562697172164917 0.029494984075427055
2613 0.17470721900463104 0.33371034264564514 0.03355326130986214
2614 -0.041726402938365936 0.4242192506790161 0.07932587713003159
2615 0.05013358220458031 0.04930352792143822 0.1501152664422989
2616 0.11298809945583344 0.3614347279071808 0.0393315926194191
2617 0.03543131425976753 -0.33029505610466003 -0.15133166313171387
2618 -0.06585901230573654 0.1386626809835434 0.15014338493347168
2619 0.10147330164909363 -0.45862534642219543 0.019374018535017967
2620 0.07124654948711395 0.46792691946029663 -0.007195829879492521
2621 -0.05194641649723053 -0.42015132308006287 -0.15013542771339417
2622 -0.1334821730852127 -0.05740221217274666 -0.045881643891334534
2623 0.121433325111866 -0.2968284785747528 -0.12794233858585358
2624 0.13248084485530853 -0.2776298224925995 -0.025981023907661438
2625 0.0994153842329979 0.0025496056769043207 -0.08179141581058502
2626 0.020800797268748283 0.46042269468307495 -0.08952914923429489
2627 0.06837495416402817 -0.285714328289032 -0.16004091501235962
2628 -0.010771761648356915 -0.4485448896884918 -0.046369124203920364
2629 0.07815416157245636 0.3348638713359833 -0.12765176594257355
2630 -0.10735835880041122 0.4710574448108673 -0.1014457643032074
2631 -0.011058858595788479 -0.024975115433335304 -0.1678258776664734
2632 0.14494842290878296 -0.1766241192817688 0.0700497180223465
2633 -0.11129764467477798 -0.3232016861438751 0.13386912643909454
2634 -0.06412436068058014 0.3732519745826721 -0.12458018213510513
2635 -0.014672860503196716 0.1735379844903946 -0.11637512594461441
2636 0.17064093053340912 0.0711115300655365 -0.015338301658630371
2637 0.10330472886562347 0.24907107651233673 0.027318095788359642
2638 -0.025603026151657104 -0.39319559931755066 0.17486590147018433
2639 -0.0613311231136322 4.528839417616837e-05 -0.15761420130729675
2640 -0.034764379262924194 -0.4692586064338684 -0.008890966884791851
2641 -0.016928697004914284 -0.36668261885643005 0.17266105115413666
2642 0.11358608305454254 -0.479998916387558 -0.06265171617269516
2643 -0.1565861850976944 0.07068769633769989 -0.08440569043159485
2644 0.15170292556285858 -0.10567402839660645 0.015879150480031967
2645 0.15714938938617706 -0.25085559487342834 0.08504501730203629
2646 0.14644983410835266 -0.40213340520858765 0.04278101399540901
2647 0.08578703552484512 0.3315853178501129 -0.04545973986387253
2648 0.042955026030540466 0.20282506942749023 -0.06870201230049133
2649 0.06770510971546173 0.20331315696239471 -0.14451368153095245
2650 -0.08597530424594879 -0.2769051790237427 0.14808514714241028
2651 -0.1404157280921936 0.03366491198539734 -0.08471491187810898
2652 0.09180685132741928 0.40967628359794617 0.06595630943775177
2653 -0.04164803773164749 0.24945414066314697 0.16446438431739807
2654 -0.08944385498762131 0.0877334475517273 -0.14215371012687683
2655 0.13871750235557556 -0.03588525205850601 -0.06640184670686722
2656 0.06962539255619049 -0.25685739517211914 -0.16181477904319763
2657 0.14790679514408112 0.04751347005367279 0.03514142334461212
2658 -0.03308720141649246 -0.13380448520183563 -0.14526449143886566
2659 -0.13436786830425262 -0.4211815595626831 0.11339764297008514
2660 -0.17248643934726715 0.19636324048042297 -0.02920505777001381
2661 -0.005945049226284027 0.001954073319211602 0.15954847633838654
2662 0.1431059092283249 -0.40210580825805664 0.012891394086182117
2663 0.14403438568115234 0.11685766279697418 0.08716144412755966
2664 -0.04888007417321205 0.33409568667411804 0.15441910922527313
2665 0.01685192622244358 -0.06059252470731735 -0.16947494447231293
2666 0.1653953641653061 0.07062052190303802 0.05647115409374237
2667 0.12509697675704956 0.12903325259685516 0.06590032577514648
2668 -0.12378000468015671 0.4747777283191681 -0.12639324367046356
2669 -0.06064075604081154 0.4675034284591675 -0.09199538826942444
2670 0.14757810533046722 -0.3683755099773407 0.06316939741373062
2671 -0.04732401669025421 -0.46082451939582825 -0.09620965272188187
2672 -0.005756343249231577 0.2920202910900116 -0.1717751920223236
2673 -0.0016819215379655361 -0.37361034750938416 -0.10861875116825104
2674 0.013991151005029678 -0.09029129892587662 -0.1737026423215866
2675 -0.16773268580436707 0.4785381853580475 -0.036121636629104614
2676 -0.10098937898874283 0.11951585114002228 -0.004677541088312864
2677 -0.06695510447025299 0.16116660833358765 0.16182170808315277
2678 -0.11498115211725235 -0.30294162034988403 0.12125120311975479
2679 -0.04901871457695961 -0.40285465121269226 -0.09051693230867386
2680 0.09672439843416214 -0.33470481634140015 0.03721638023853302
2681 0.15505093336105347 -0.14430034160614014 0.07280586659908295
2682 -0.049267858266830444 0.3515874445438385 0.023052087053656578
2683 0.028483713045716286 -0.4232254922389984 -0.03931167349219322
2684 0.16754290461540222 -0.3850278854370117 0.025305140763521194
2685 -0.09057150781154633 0.2999670207500458 0.11342726647853851
2686 0.09380790591239929 0.011080807074904442 -0.14852319657802582
2687 -0.13247060775756836 0.28554776310920715 -0.10616080462932587
2688 0.02567390538752079 -0.3498670756816864 -0.06554441899061203
2689 -0.13000614941120148 -0.22497037053108215 -0.10481160134077072
2690 0.030484551563858986 0.46729928255081177 0.06369322538375854
2691 0.04801519587635994 -0.13737061619758606 -0.16106528043746948
2692 -0.11728759109973907 -0.44799426198005676 -0.12726566195487976
2693 -0.0797937661409378 0.19185717403888702 -0.10193348675966263
2694 0.17170299589633942 0.23016731441020966 0.027202004566788673
2695 0.008471825160086155 0.14128777384757996 0.02661989815533161
2696 0.1312481164932251 -0.2839497923851013 0.09355063736438751
2697 0.17170514166355133 -0.3940797746181488 0.051307763904333115
2698 0.05730407312512398 0.39227864146232605 0.09722725301980972
2699 0.08216327428817749 0.38830074667930603 -0.15342146158218384
2700 0.09641169011592865 0.2097371518611908 0.05349402129650116
2701 -0.1613704413175583 0.44933947920799255 -0.07500339299440384
2702 0.05567070096731186 0.4105880558490753 -0.054093778133392334
2703 -0.011836927384138107 -0.08078810572624207 0.14285048842430115
2704 -0.11650212854146957 0.4589329659938812 -0.04412315785884857
2705 -0.09604427963495255 -0.2722645103931427 -0.1502194106578827
2706 0.10003732144832611 -0.47954344749450684 -0.15079934895038605
2707 -0.16008232533931732 -0.10352134704589844 -0.05977572500705719
2708 0.062469482421875 -0.332450270652771 -0.1624997854232788
2709 -0.06816015392541885 -0.4683725833892822 -0.04050429165363312
2710 -0.13492996990680695 -0.3594725430011749 -0.10485317558050156
2711 -0.03915582224726677 -0.2500000596046448 -0.16728506982326508
2712 0.06562072783708572 0.4507288634777069 0.027404384687542915
2713 0.09009051322937012 0.3195722997188568 0.15460768342018127
2714 0.03243812918663025 -0.03067990019917488 -0.08555255085229874
2715 0.10712353885173798 0.1462758481502533 -0.12172367423772812
2716 -0.09445418417453766 0.2700482904911041 0.08345004171133041
2717 -0.017979897558689117 -0.28097134828567505 -0.16340650618076324
2718 0.09092769026756287 -0.17814266681671143 0.1391752064228058
2719 0.057759542018175125 0.47365880012512207 0.015491900965571404
2720 -0.019916366785764694 0.46919429302215576 -0.06734863668680191
2721 0.14662642776966095 0.34226447343826294 0.030961979180574417
2722 -0.17169412970542908 0.28501707315444946 0.028650647029280663
2723 -0.011947518214583397 -0.18971367180347443 -0.17660503089427948
2724 0.023359619081020355 0.15475580096244812 -0.14942079782485962
2725 -0.001320821000263095 -0.46489110589027405 0.10962898284196854
2726 -0.17103450000286102 -0.42887598276138306 0.0010383824119344354
2727 0.08501652628183365 -0.43036991357803345 -0.02500024437904358
2728 0.09586852043867111 -0.31384214758872986 0.10050632804632187
2729 0.11506972461938858 0.4797808527946472 -0.10302471369504929
2730 -0.09841394424438477 0.3997441828250885 -0.03396007791161537
2731 0.16572681069374084 -0.03315971791744232 0.03361901640892029
2732 0.1737179309129715 0.3084922134876251 0.027524268254637718
2733 0.09299882501363754 0.23989185690879822 -0.1341889351606369
2734 -0.01441434770822525 -0.17785778641700745 0.17395511269569397
2735 0.12702837586402893 0.46492549777030945 -0.04274903982877731
2736 0.1375483274459839 0.2982454001903534 -0.11052234470844269
2737 -0.0812445804476738 0.47947341203689575 -0.08153758943080902
2738 0.1691540777683258 -0.35381436347961426 0.04804058000445366
2739 -0.16512644290924072 0.41461801528930664 0.039283450692892075
2740 0.09221770614385605 -0.12523411214351654 -0.14132028818130493
2741 -0.1587965190410614 -0.2142680287361145 -0.053666796535253525
2742 -0.16124728322029114 0.10699841380119324 -0.05388299748301506
2743 0.09344298392534256 -0.21436721086502075 0.14038050174713135
2744 0.08323211967945099 0.47820401191711426 -0.1562463939189911
2745 0.03420230373740196 0.46125078201293945 -0.12669751048088074
2746 0.14265786111354828 -0.1510787457227707 -0.05787232518196106
2747 -0.07275502383708954 0.4327984154224396 -0.05535038933157921
2748 -0.13771186769008636 0.14356933534145355 0.10718541592359543
2749 0.12870380282402039 0.17808789014816284 -0.025178324431180954
2750 0.16593022644519806 -0.47569194436073303 -0.05420385301113129
2751 -0.08905600011348724 0.4727998673915863 -0.05103526636958122
2752 0.13631495833396912 0.44253966212272644 -0.09423713386058807
2753 -0.1596083641052246 -0.23436996340751648 0.019133077934384346
2754 0.05705718323588371 -0.3441959619522095 -0.1358223259449005
2755 0.1568482667207718 0.36255306005477905 -0.08665061742067337
2756 0.1491900235414505 0.22398962080478668 -0.07100985944271088
2757 -0.1093076765537262 -0.2270582616329193 0.11271268129348755
2758 -0.10216931998729706 0.0733870193362236 0.12156631052494049
2759 -0.11113827675580978 0.14494584500789642 -0.106874980032444
2760 -0.13780061900615692 -0.19621922075748444 -0.10714873671531677
2761 0.04629547521471977 -0.30802401900291443 -0.16784906387329102
2762 0.0791376456618309 0.21626204252243042 0.13360048830509186
2763 -0.01946025714278221 -0.25895607471466064 -0.08247795701026917
2764 -0.14559786021709442 0.47054362297058105 0.026233162730932236
2765 -0.015157930552959442 0.41496166586875916 -0.13370880484580994
2766 0.033236049115657806 0.10522639751434326 0.1637510508298874
2767 0.05357255041599274 -0.3215603828430176 0.16507863998413086
2768 0.0174737386405468 -0.27443748712539673 -0.17910702526569366
2769 0.1148340031504631 0.07493799179792404 0.11068079620599747
2770 -0.16328388452529907 0.17979218065738678 0.028640367090702057
2771 -0.029637835919857025 -0.41150274872779846 -0.16788338124752045
2772 -0.09608393162488937 0.14360927045345306 0.1470673829317093
2773 -0.1415206342935562 0.2761424481868744 -0.07461033761501312
2774 -0.12280788272619247 0.2404176890850067 -0.12086749821901321
2775 0.17584247887134552 0.39176058769226074 -0.01436258852481842
2776 0.04311049357056618 -0.4726039171218872 0.12835755944252014
2777 0.0950234979391098 -0.25353744626045227 -0.14641326665878296
2778 -0.00602954626083374 -0.26035934686660767 0.1540733277797699
2779 0.1573285013437271 0.3230980932712555 -0.06959813088178635
2780 -0.013049036264419556 0.19679269194602966 0.07122665643692017
2781 -0.08926239609718323 -0.09402862936258316 -0.10745948553085327
2782 -0.05166669562458992 -0.22412294149398804 0.15087038278579712
2783 0.03198929503560066 -0.3040117621421814 -0.14141122996807098
2784 -0.005828840658068657 0.24808499217033386 -0.1671815663576126
2785 0.059585269540548325 -0.15234462916851044 -0.08352963626384735
2786 0.05183136835694313 0.07329819351434708 0.16849777102470398
2787 0.05393792688846588 0.21846593916416168 -0.10746995359659195
2788 -0.10685750097036362 0.11557488143444061 0.11667449027299881
2789 -0.08849555253982544 0.25044935941696167 -0.1408856362104416
2790 -0.021667826920747757 0.29544949531555176 -0.09547729790210724
2791 0.11157048493623734 0.004583972506225109 0.000590261013712734
2792 0.01599065586924553 -0.16520696878433228 0.05723003298044205
2793 -0.018076332286000252 -0.07053755223751068 -0.034236256033182144
2794 0.16027487814426422 -0.006986008025705814 -0.030936574563384056
2795 0.16400869190692902 -0.31089210510253906 -0.03439139947295189
2796 0.12810257077217102 -0.2424268275499344 0.10125850886106491
2797 0.14588099718093872 -0.197201669216156 -0.07907973974943161
2798 -0.1442176103591919 -0.07329937815666199 0.10102039575576782
2799 -0.019478853791952133 0.4684630036354065 -0.025606073439121246
2800 -0.07468730211257935 0.22046640515327454 0.15023745596408844
2801 0.08902066946029663 0.06723145395517349 -0.13761577010154724
2802 -0.06576181203126907 -0.00034194678300991654 0.14992177486419678
2803 0.04171149432659149 -0.1511731892824173 -0.021671172231435776
2804 -0.025651143863797188 0.22935953736305237 -0.08453336358070374
2805 -0.05362261086702347 -0.4626641273498535 0.05527307465672493
2806 0.0025306744500994682 0.2656821310520172 0.03648630529642105
2807 -0.08394335955381393 0.420362651348114 0.015784692019224167
2808 0.13293932378292084 0.45373663306236267 -0.12054069340229034
2809 0.08060044050216675 -0.060343243181705475 0.06454391777515411
2810 -0.15309174358844757 -0.03390229493379593 0.04539169371128082
2811 0.09676345437765121 0.43805500864982605 0.0011128310579806566
2812 0.04485664516687393 0.41527920961380005 -0.09160967916250229
2813 -0.0549936443567276 0.39239799976348877 -0.012295885011553764
2814 0.1314232498407364 0.1645795702934265 0.11319264769554138
2815 0.033984117209911346 -0.474962443113327 0.022559436038136482
2816 0.04011803865432739 0.011014568619430065 -0.16953544318675995
2817 0.14724396169185638 0.33564677834510803 -0.04570566117763519
2818 -0.059885162860155106 -0.0738406777381897 0.12310271710157394
2819 0.06156134232878685 0.328774094581604 -0.1441955268383026
2820 -0.11777868121862411 -0.4381389021873474 0.1308717280626297
2821 0.05324258655309677 -0.06051172688603401 -0.10260742157697678
2822 -0.020622054114937782 -0.4667641520500183 -0.07449264824390411
2823 -0.11971458792686462 -0.19568726420402527 0.048406120389699936
2824 -0.05689932778477669 -0.47972166538238525 0.07506784796714783
2825 0.1663539707660675 0.14492224156856537 0.04738249629735947
2826 -0.11872754991054535 0.4187755882740021 -0.09231966733932495
2827 -0.14939962327480316 -0.47970664501190186 -0.007836447097361088
2828 0.16273708641529083 -0.052717581391334534 -0.037383951246738434
2829 0.06577131152153015 -0.44598087668418884 0.07443881779909134
2830 0.06887927651405334 0.261740505695343 -0.10142721235752106
2831 0.10075479000806808 -0.42367124557495117 0.039528150111436844
2832 -0.04091822728514671 -0.10714292526245117 -0.16528257727622986
2833 0.009575032629072666 0.41769737005233765 0.09525368362665176
2834 -0.014388077892363071 0.34808555245399475 -0.17363838851451874
2835 0.1299506425857544 0.27040135860443115 0.07384336739778519
2836 -0.05709562078118324 0.2649460434913635 -0.09395360201597214
2837 0.1529759019613266 -0.2807844877243042 0.06395923346281052
2838 0.010410144925117493 -0.3723796606063843 0.14933651685714722
2839 -0.01652136631309986 -0.0897076353430748 -0.1714022308588028
2840 -0.15445099771022797 -0.13208571076393127 0.07404419034719467
2841 -0.0970824658870697 0.005054867826402187 -0.14868523180484772
2842 0.1217823252081871 -0.35906529426574707 0.11983940005302429
2843 0.08026080578565598 0.42404982447624207 -0.0745880976319313
2844 0.013937916606664658 -0.14234139025211334 0.1682058423757553
2845 -0.10221849381923676 0.43812626600265503 0.11313042044639587
2846 0.015031261369585991 -0.34596899151802063 -0.14406143128871918
2847 -0.09581700712442398 -0.44516414403915405 -0.12359751015901566
2848 -0.07939844578504562 -0.3034351170063019 0.1522633582353592
2849 -0.0747375339269638 0.28756454586982727 0.12902222573757172
2850 0.04959053546190262 -0.2056313008069992 0.06528771668672562
2851 0.06388480216264725 -0.15188446640968323 0.06521526724100113
2852 0.027917897328734398 0.06098647788167 -0.15892325341701508
2853 0.17642880976200104 -0.37500008940696716 -0.0033416394144296646
2854 0.1320493221282959 0.018487872555851936 -0.1086917445063591
2855 -0.03490922600030899 0.23008772730827332 0.10792616009712219
2856 0.03555775806307793 0.3628160357475281 -0.12102837860584259
2857 0.08531095832586288 -0.0712861493229866 0.1322183609008789
2858 0.04187008738517761 0.3569057285785675 -0.1739230901002884
2859 0.1172715574502945 0.3211999237537384 -0.061696697026491165
2860 0.039483390748500824 0.0550837405025959 0.06751468777656555
2861 0.010741893202066422 -0.4321771264076233 -0.07139002531766891
2862 -0.01815963163971901 0.3273857533931732 -0.03401394188404083
2863 0.1511317491531372 -0.054699596017599106 -0.0849844217300415
2864 -0.07388502359390259 0.4274693727493286 0.07182896137237549
2865 -0.07415366917848587 0.12468142062425613 0.08627854287624359
2866 -0.09849457442760468 -0.10556124150753021 0.1377466917037964
2867 -0.1590520143508911 -0.4690685570240021 0.024162951856851578
2868 -0.09754933416843414 0.1596623659133911 -0.03487936407327652
2869 -0.0939568281173706 0.47314345836639404 0.04260183498263359
2870 -0.06686560809612274 0.0407973974943161 -0.15324939787387848
2871 0.10963896661996841 -0.45162469148635864 -0.10193481296300888
2872 -0.12916667759418488 0.39691516757011414 0.01975022815167904
2873 0.06513791531324387 -0.18933090567588806 -0.15554410219192505
2874 -0.10353222489356995 0.0019469623221084476 0.12337425351142883
2875 -0.04431323707103729 -0.0754837766289711 -0.16514600813388824
2876 0.16877581179141998 0.07062417268753052 0.01946880668401718
2877 -0.1607172191143036 -0.20678597688674927 -0.014793417416512966
2878 -0.12453032284975052 -0.4296920895576477 0.0653688833117485
2879 0.05433662235736847 0.46851617097854614 0.1184549331665039
2880 0.13828541338443756 -0.09617848694324493 -0.10414949059486389
2881 0.05021333694458008 -0.36941927671432495 0.11901145428419113
2882 -0.15808646380901337 -0.26314979791641235 0.07376928627490997
2883 0.11498929560184479 -0.32662081718444824 0.12491166591644287
2884 0.14312557876110077 -0.263138085603714 0.10262289643287659
2885 -0.13355758786201477 0.21150706708431244 -0.023816201835870743
2886 0.05417080968618393 -0.2309591919183731 -0.16073696315288544
2887 0.06999124586582184 0.1317327916622162 0.056704018265008926
2888 -0.09772621095180511 -0.24465903639793396 -0.14835681021213531
2889 -0.11518671363592148 0.003201601793989539 0.09016808122396469
2890 -0.17134125530719757 -0.47216734290122986 -0.0273180790245533
2891 0.04401258006691933 -0.4334397315979004 -0.09912377595901489
2892 0.11771468073129654 0.46225255727767944 -0.07471470534801483
2893 0.16566942632198334 -0.24975566565990448 0.054707638919353485
2894 -0.15796323120594025 0.3233298361301422 0.06297264993190765
2895 0.1715286672115326 -0.26694709062576294 -8.493980567436665e-05
2896 0.0056151230819523335 -0.28280264139175415 -0.11150334030389786
2897 -0.16989266872406006 0.24810364842414856 0.01986650563776493
2898 -0.12517081201076508 0.18004414439201355 0.05803724750876427
2899 0.0345621332526207 -0.453620046377182 0.045499660074710846
2900 0.14169776439666748 -0.3604143261909485 -0.007874103263020515
2901 -0.10919830203056335 0.4148489534854889 0.04380328953266144
2902 0.07307620346546173 -0.463005006313324 0.10739703476428986
2903 0.040790971368551254 -0.20158806443214417 -0.16945932805538177
2904 -0.0916038379073143 -0.46158501505851746 -0.024239154532551765
2905 -0.12005957216024399 0.3490961194038391 0.00878081563860178
2906 0.11490259319543839 -0.3190963864326477 0.07052730023860931
2907 0.06924859434366226 0.3694102168083191 0.06466557830572128
2908 -0.03706701472401619 -0.26722729206085205 -0.1328495591878891
2909 -0.06384345889091492 0.45104020833969116 0.10437994450330734
2910 0.11986768990755081 -0.024917883798480034 -0.09674707800149918
2911 0.13916344940662384 -0.12453021854162216 -0.022381238639354706
2912 -0.1228022575378418 -0.4739419221878052 0.0615360252559185
2913 0.08133330941200256 0.31651556491851807 -0.09550672024488449
2914 -0.1463911384344101 -0.29314568638801575 -0.019441528245806694
2915 0.1299525499343872 0.08114300668239594 -0.0634172111749649
2916 -0.0031217755749821663 0.34684109687805176 -0.08411005139350891
2917 -0.1022835373878479 -0.075779490172863 0.08124127238988876
2918 0.06681221723556519 0.24652329087257385 0.12252618372440338
2919 -0.052944403141736984 0.24780169129371643 0.01005318108946085
2920 -0.1513061821460724 -0.23696289956569672 0.08291619271039963
2921 -0.14788268506526947 0.102729432284832 -0.08397899568080902
2922 -0.08539792150259018 0.4778425097465515 -0.1179308220744133
2923 0.14677490293979645 -0.008659427985548973 0.004965159110724926
2924 0.15675212442874908 0.2564384341239929 0.07468894124031067
2925 0.1039246991276741 0.1418619453907013 0.12859337031841278
2926 -0.1630236655473709 -0.00039570804801769555 0.027203813195228577
2927 -0.06423031538724899 0.06352616101503372 -0.11624002456665039
2928 0.12712742388248444 -0.10283558815717697 -0.05784951522946358
2929 -0.014574110507965088 0.34516361355781555 0.17588329315185547
2930 -0.03956534340977669 0.03545943275094032 0.15623989701271057
2931 -0.15118007361888885 0.47183722257614136 0.056023623794317245
2932 -0.11881908029317856 0.44260141253471375 0.01433474663645029
2933 -0.12480917572975159 0.149687722325325 0.05565585568547249
2934 -0.02568196877837181 -0.43114668130874634 0.09083045274019241
2935 0.12680505216121674 0.36449626088142395 0.08282610774040222
2936 -0.11484470218420029 0.2678774893283844 -0.08910298347473145
2937 0.046515174210071564 -0.2526385486125946 -0.1720743179321289
2938 -0.12781447172164917 -0.4700777530670166 -0.10003125667572021
2939 0.15574537217617035 0.2150864154100418 0.08428521454334259
2940 0.01768375001847744 0.3318006992340088 -0.1513870358467102
2941 -0.15260136127471924 -0.39285725355148315 -0.025079673156142235
2942 0.11180616915225983 0.3962089419364929 -0.13257932662963867
2943 -0.15251006186008453 -0.3324745297431946 -0.08562208712100983
2944 -0.03390969708561897 0.19387592375278473 -0.17418354749679565
2945 -0.06085457652807236 0.1312674731016159 -0.12865427136421204
2946 -0.028840240091085434 0.3710418939590454 -0.17023949325084686
2947 -0.11894023418426514 -0.4036252498626709 -0.12736736238002777
2948 -0.1709475815296173 0.44995468854904175 -0.04841446131467819
2949 0.13561047613620758 -0.10906527936458588 0.09558472037315369
2950 0.11771659553050995 -0.47343045473098755 -0.126865953207016
2951 -0.11961524188518524 0.24648702144622803 0.04259592294692993
2952 -0.031394630670547485 -0.2149883508682251 0.10876848548650742
2953 -0.04099936783313751 -0.20311816036701202 -0.17276732623577118
2954 -0.15536823868751526 0.16442015767097473 0.05791580304503441
2955 0.16906261444091797 0.26850637793540955 0.05772573500871658
2956 -0.15074725449085236 0.4499005675315857 -0.003217363031581044
2957 -0.1488371193408966 0.356611430644989 0.08054666221141815
2958 -0.15253190696239471 -0.294682115316391 0.06803759932518005
2959 -0.12834139168262482 0.09037385135889053 -0.024085717275738716
2960 0.12884537875652313 0.3312363624572754 0.11483332514762878
2961 -0.13519515097141266 -0.35139474272727966 -0.07983396202325821
2962 -0.09438297897577286 -0.46917080879211426 0.0074583119712769985
2963 -0.08376479893922806 0.21036377549171448 -0.14247512817382812
2964 -0.14165262877941132 0.44813692569732666 0.018838876858353615
2965 -0.11916280537843704 0.356381356716156 0.12944529950618744
2966 0.019942978397011757 -0.34673237800598145 0.13261879980564117
2967 -0.1578424870967865 -0.27685096859931946 -0.08331979066133499
2968 -0.027080407366156578 0.4577328860759735 -0.14160679280757904
2969 -0.12595051527023315 0.0338456928730011 0.12367213517427444
2970 -0.13214686512947083 -0.21651998162269592 0.0685071125626564
2971 0.16079376637935638 -0.06629190593957901 0.010331882163882256
2972 -0.002221688162535429 0.4739794433116913 0.14560241997241974
2973 0.11806769669055939 0.33996158838272095 0.09378858655691147
2974 -0.1622345745563507 -0.346627801656723 -0.01528999861329794
2975 -0.06473496556282043 -0.2611091136932373 -0.1637365221977234
2976 -0.10777539759874344 0.09611763060092926 0.06011274456977844
2977 -0.14475244283676147 -0.39478936791419983 0.02219526097178459
2978 0.10638531297445297 0.2837912440299988 0.1271589696407318
2979 0.09661340713500977 0.3219030499458313 -0.14726683497428894
2980 -0.0068487804383039474 0.30947721004486084 0.11398658156394958
2981 0.11200139671564102 0.44430723786354065 -0.09061241149902344
2982 -0.028752369806170464 0.09247807413339615 -0.06359045207500458
2983 -0.10123226791620255 0.45211121439933777 -0.14807620644569397
2984 -0.07742886990308762 0.4013737440109253 -0.14756299555301666
2985 -0.11592362076044083 -0.2849939167499542 -0.1269872486591339
2986 0.06724712252616882 -4.961876243214647e-08 -0.15994568169116974
2987 -0.003708183765411377 -0.36451053619384766 -0.010465264320373535
2988 -0.10928402841091156 0.4047839939594269 0.10932330042123795
2989 0.003912077285349369 0.4505103528499603 0.1727624386548996
2990 0.13160161674022675 0.02618030086159706 -0.019019080325961113
2991 0.00046967732487246394 -0.08071582764387131 -0.15189789235591888
2992 0.07126008719205856 0.24680259823799133 -0.15565384924411774
2993 0.12551824748516083 0.4485113024711609 0.056109800934791565
2994 0.0317876972258091 -0.4176021218299866 0.1646868735551834
2995 0.06521657109260559 0.1056438684463501 0.11231905221939087
2996 0.0019559734500944614 -0.29556894302368164 -0.026794882491230965
2997 0.11362903565168381 -0.19172608852386475 -0.12620225548744202
2998 0.03033624216914177 -0.4778112471103668 -0.13747140765190125
2999 0.10443089157342911 0.07329254597425461 0.14340564608573914
3000 0.17143592238426208 0.3826969563961029 0.012734320014715195
3001 -0.11375941336154938 -0.18991820514202118 -0.14089907705783844
3002 -0.13159368932247162 -0.23351672291755676 -0.06090916320681572
3003 0.12361565232276917 0.12790778279304504 -0.0761236697435379
3004 -0.0890568345785141 -0.3556577265262604 0.051718488335609436
3005 -0.11557982861995697 -0.4286250174045563 -0.09150311350822449
3006 -0.09474612772464752 -0.19749869406223297 -0.041786231100559235
3007 0.0692109540104866 -0.37322762608528137 -0.07877863943576813
3008 0.024423319846391678 0.4759174883365631 -0.06025232747197151
3009 0.03284941986203194 0.3516467213630676 -0.04036295786499977
3010 0.11572772264480591 -0.3267028331756592 -0.0006951885879971087
3011 0.056285224854946136 0.13502608239650726 0.1457185447216034
3012 -0.17142094671726227 0.4395926296710968 0.05094200745224953
3013 0.09763365238904953 -0.23417937755584717 -0.1313856542110443
3014 -0.0335758812725544 0.003607645398005843 -0.0579041913151741
3015 -0.15439791977405548 0.199512779712677 0.061342671513557434
3016 0.17354930937290192 0.45643532276153564 0.0457535944879055
3017 -0.11710433661937714 0.12638704478740692 -0.12720924615859985
3018 -0.11127253621816635 0.1722687929868698 0.023315928876399994
3019 -0.14901241660118103 -0.1770261973142624 -0.0789964497089386
3020 0.04470512643456459 -0.006067550741136074 0.14531493186950684
3021 -0.020256802439689636 -0.20724444091320038 -0.13024725019931793
3022 -0.11680306494235992 -0.32142865657806396 -0.12336128205060959
3023 0.15092526376247406 -0.11811882257461548 -0.08526051044464111
3024 -0.17177677154541016 0.3341329097747803 0.012056383304297924
3025 -0.03865581378340721 0.32008761167526245 0.17460879683494568
3026 0.04095093905925751 -0.4428994357585907 -0.1343695968389511
3027 0.018615325912833214 0.25386345386505127 -0.15052860975265503
3028 -0.1786358803510666 0.4621858596801758 0.01623573713004589
3029 -0.09269886463880539 -0.2162327617406845 -0.08301753550767899
3030 0.12999595701694489 0.4789753258228302 -0.062239956110715866
3031 -0.058447979390621185 -0.15046584606170654 0.09935631603002548
3032 -0.15483976900577545 0.06948287039995193 0.04531673341989517
3033 0.0840461328625679 -0.2519225776195526 0.1430147886276245
3034 0.059059012681245804 0.45449918508529663 0.058267198503017426
3035 0.1712508499622345 -0.024410497397184372 -0.007093468680977821
3036 -0.17821502685546875 -0.16903501749038696 0.008613104932010174
3037 -0.09328178316354752 0.4063878059387207 -0.11519425362348557
3038 0.08299340307712555 0.08139149844646454 0.1546168029308319
3039 0.0015174336731433868 0.18817463517189026 -0.17740166187286377
3040 0.09472956508398056 0.4247235357761383 0.1428968757390976
3041 0.040778376162052155 0.4751046299934387 -0.17334359884262085
3042 0.049334317445755005 0.4562469720840454 -0.02373689040541649
3043 0.043996263295412064 0.48039090633392334 -0.022029396146535873
3044 -0.0894152894616127 0.1633518636226654 -0.09484680742025375
3045 -0.15778927505016327 0.21340514719486237 0.08539129048585892
3046 0.01367364265024662 0.24959388375282288 0.1650165319442749
3047 0.1433817595243454 -0.23874621093273163 -0.01386759802699089
3048 -0.014745732769370079 -0.3980391025543213 0.058347105979919434
3049 -0.0833408385515213 0.42139583826065063 0.04246485233306885
3050 0.16036999225616455 -0.46095672249794006 -0.01679166965186596
3051 0.114965058863163 -0.4290999174118042 -0.1265275627374649
3052 -0.05611715465784073 -0.14774882793426514 0.14944644272327423
3053 0.0924503356218338 0.4072839617729187 -0.041554611176252365
3054 0.07525772601366043 0.3022277057170868 -0.06317329406738281
3055 0.05829679220914841 -0.023506352677941322 0.018707500770688057
3056 0.11157166957855225 -0.4266873896121979 -0.05069039389491081
3057 -0.136627659201622 -0.06563360244035721 -0.10265982896089554
3058 0.09356793761253357 0.21309787034988403 -0.009134146384894848
3059 -0.03176089748740196 0.217941552400589 -0.037434693425893784
3060 0.012892412953078747 0.3756866157054901 0.026587625965476036
3061 -0.13866104185581207 0.30498772859573364 -0.0887310728430748
3062 0.08344589918851852 0.43513137102127075 -0.10976442694664001
3063 0.13663116097450256 -0.39237505197525024 0.10383535921573639
3064 -0.05182686448097229 0.0695587545633316 0.1684851497411728
3065 0.1463058441877365 0.2389606386423111 -0.09485543519258499
3066 0.08801288902759552 -0.23725193738937378 0.03402018919587135
3067 -0.1280444711446762 0.39275291562080383 -0.04812757670879364
3068 -0.1290614902973175 -0.4812200665473938 -0.12027495354413986
3069 -0.027012985199689865 -0.03776270151138306 -0.14744305610656738
3070 0.1416226476430893 0.37396448850631714 0.031980857253074646
3071 -0.15921653807163239 0.3881753385066986 -0.05817875266075134
3072 0.016664152964949608 -0.43994131684303284 -0.09778407961130142
3073 -0.07822391390800476 -0.04974161833524704 0.12479490786790848
3074 -0.04902954399585724 -0.46994030475616455 0.09977146238088608
3075 0.020539188757538795 0.4001350402832031 -0.16597484052181244
3076 0.09287431091070175 -0.001739836297929287 0.09261149168014526
3077 0.06825418025255203 -0.3235166072845459 0.06823264062404633
3078 0.1717250943183899 0.20292232930660248 0.03504621237516403
3079 0.010287572629749775 0.2220773994922638 0.042664457112550735
3080 -0.05139238387346268 0.43454286456108093 -0.08339488506317139
3081 -0.06620706617832184 -0.3472236394882202 0.1624024659395218
3082 -0.09287779033184052 -0.21373464167118073 0.1421600580215454
3083 -0.020063936710357666 -0.03558388724923134 0.15980710089206696
3084 -0.09287240356206894 -0.07141097635030746 -0.14062923192977905
3085 0.08981546014547348 -0.37905353307724 0.05910702422261238
3086 0.08900897949934006 -0.4593499004840851 0.05316206440329552
3087 0.1271074265241623 -0.4757276475429535 0.07702367752790451
3088 -0.12132423371076584 -0.08031003177165985 -0.07696930319070816
3089 0.1399196982383728 0.449833482503891 -0.021544460207223892
3090 0.10644181072711945 0.1426985114812851 -0.03568306192755699
3091 0.09294386208057404 -0.45772576332092285 -0.03345548361539841
3092 -0.015324044972658157 -0.38652199506759644 -0.15978942811489105
3093 0.14073190093040466 -0.18740524351596832 0.0988190770149231
3094 0.08771815150976181 -0.443940132856369 0.03381551057100296
3095 0.01697082258760929 -0.33117520809173584 0.15405134856700897
3096 -0.16981402039527893 -0.23817329108715057 0.045618824660778046
3097 0.10509227961301804 -0.06643637269735336 -0.06818176060914993
3098 -0.004792994819581509 0.04434679076075554 0.15354974567890167
3099 0.08629342913627625 -0.477750688791275 -0.11329144984483719
3100 0.14504632353782654 -0.3507328927516937 0.04658224433660507
3101 -0.16938772797584534 -0.41417109966278076 0.029663024470210075
3102 0.09055428951978683 0.01284050103276968 -0.10837662220001221
3103 0.1265704184770584 -0.4449611008167267 0.1230924129486084
3104 -0.0496920682489872 -0.21351830661296844 -0.134982630610466
3105 0.11372227966785431 -0.35685810446739197 0.05465938150882721
3106 0.06489022821187973 -0.39979028701782227 0.010984870605170727
3107 0.07881268113851547 0.43227729201316833 0.048822470009326935
3108 -0.023241480812430382 -0.42431339621543884 0.17587138712406158
3109 0.03936294466257095 0.1787978708744049 0.15544091165065765
3110 0.06654012948274612 -0.323447585105896 0.10551774501800537
3111 0.1239609569311142 -0.15092428028583527 -0.09810475260019302
3112 0.16547878086566925 0.23906798660755157 -0.035860929638147354
3113 -0.10940887033939362 0.1788388341665268 0.11884970963001251
3114 0.03309349715709686 -0.2837931215763092 0.16280727088451385
3115 -0.03560073301196098 -0.4702056646347046 -0.04532855004072189
3116 0.014373858459293842 0.16732841730117798 0.17346686124801636
3117 -0.12178721278905869 -0.2485322803258896 -0.12140246480703354
3118 -0.05379679799079895 0.22099779546260834 -0.11228274554014206
3119 -0.08826307952404022 0.1654341071844101 0.15223340690135956
3120 -0.06138037517666817 -0.2611434757709503 -0.09640812128782272
3121 0.10709939897060394 0.3705604374408722 0.11492809653282166
3122 0.10856785625219345 -0.1466820389032364 -0.03523588553071022
3123 0.12605027854442596 -0.2741655707359314 0.06783875823020935
3124 -0.12279559671878815 -0.16061829030513763 0.02875622548162937
3125 -0.01658230647444725 -0.058590423315763474 0.09265683591365814
3126 -0.08892553299665451 0.12127316743135452 -0.1524287611246109
3127 0.010865967720746994 0.40759551525115967 -0.14081881940364838
3128 -0.060444045811891556 -0.3870648443698883 -0.03933180868625641
3129 -0.06683991104364395 0.14310546219348907 -0.1602451652288437
3130 -0.16856203973293304 0.3579956591129303 -0.05775923654437065
3131 -0.04131389036774635 -0.12216953188180923 0.1631447821855545
3132 0.13206231594085693 0.4770670533180237 -0.11888951808214188
3133 -0.0733857974410057 0.437139630317688 -0.14011995494365692
3134 0.16748343408107758 0.38100311160087585 -0.04019524157047272
3135 -0.08789724856615067 -0.4759647250175476 -0.06137662008404732
3136 -0.163400799036026 -0.31052297353744507 -0.05316528305411339
3137 0.029813697561621666 -0.35855740308761597 0.10230560600757599
3138 0.08428593724966049 0.47046980261802673 -0.096501924097538
3139 0.13469290733337402 -0.3585788607597351 -0.07582875341176987
3140 0.115035779774189 0.36836791038513184 -0.12878380715847015
3141 -0.0627075806260109 0.12650391459465027 -0.03300781920552254
3142 -0.1540105789899826 -0.39285725355148315 -0.08214899152517319
3143 0.12839412689208984 0.2701262831687927 -0.057827018201351166
3144 -0.13218754529953003 0.1327664703130722 -0.08325996994972229
3145 0.1139046847820282 0.05021917074918747 0.12719982862472534
3146 0.025928273797035217 -0.3100976049900055 0.08494403958320618
3147 0.09568431228399277 -0.04628286510705948 -0.13348229229450226
3148 -0.033065177500247955 0.46856367588043213 0.027954842895269394
3149 0.113670714199543 0.017275385558605194 0.07681186497211456
3150 0.004592318087816238 -0.4565182030200958 -0.1766689419746399
3151 0.1601179987192154 0.07572107017040253 -0.05243143066763878
3152 -0.12681308388710022 -0.14099454879760742 0.124441958963871
3153 0.10016274452209473 0.24810132384300232 0.13809312880039215
3154 0.12915672361850739 -0.4787697196006775 -0.016769008710980415
3155 0.08389227837324142 0.22307300567626953 -0.1532340943813324
3156 0.0023696303833276033 0.34997689723968506 -0.1562097668647766
3157 -0.12704019248485565 -0.2064836025238037 -0.0782938152551651
3158 0.13087065517902374 -0.3812684714794159 -0.01830785907804966
3159 0.06649213284254074 0.10898588597774506 0.07986468821763992
3160 -0.13207079470157623 0.4132806360721588 -0.07184126228094101
3161 0.062386829406023026 -0.20984505116939545 -0.16631625592708588
3162 -0.11426278203725815 0.27865350246429443 -0.06002369523048401
3163 0.009860346093773842 -0.4186011254787445 0.1804116666316986
3164 -0.14240625500679016 -0.1270420104265213 0.05381441116333008
3165 0.09132169932126999 -0.24621625244617462 0.0771271288394928
3166 -0.052809689193964005 -0.1288926899433136 0.1230967566370964
3167 0.05642722174525261 0.4515511691570282 -0.002909202128648758
3168 0.13094139099121094 0.2392624169588089 0.06870494782924652
3169 0.06001222878694534 -0.22619004547595978 0.10710691660642624
3170 0.14490851759910583 -0.47639837861061096 0.10002640634775162
3171 0.057417403906583786 0.08389203995466232 -0.15105125308036804
3172 0.01409980934113264 0.2148687094449997 0.17015959322452545
3173 0.07155365496873856 0.034877777099609375 0.1631259322166443
3174 -0.13154983520507812 0.45083966851234436 0.06603194028139114
3175 -0.12432583421468735 0.18955391645431519 -0.05480523034930229
3176 -0.16053619980812073 -0.03624613583087921 -0.05514321103692055
3177 0.14790183305740356 0.34013813734054565 -0.10590477287769318
3178 -0.021865935996174812 -0.4262753129005432 -0.14031125605106354
3179 -0.1138162612915039 -0.374167799949646 0.02973131276667118
3180 -0.14638516306877136 0.2398999035358429 -0.07561793923377991
3181 0.08394373208284378 0.16892679035663605 0.1428184062242508
3182 -0.14412659406661987 -0.35708945989608765 0.07693501561880112
3183 -0.006304567214101553 -0.4246322214603424 0.06903938949108124
3184 -0.12689711153507233 -0.1059335321187973 0.0826406180858612
3185 0.09780999273061752 0.40694496035575867 0.01253382209688425
3186 0.07060037553310394 0.4790952205657959 0.16521188616752625
3187 -0.005754668265581131 0.26435378193855286 -0.07171696424484253
3188 0.06178896874189377 -0.2927652895450592 0.1623443067073822
3189 -0.05817446485161781 -0.4531342089176178 0.13061970472335815
3190 0.16711634397506714 0.10903588682413101 -0.0591651052236557
3191 -0.07010532915592194 0.3453657031059265 -0.03653626888990402
3192 0.12387941032648087 0.022661516442894936 0.028236370533704758
3193 0.11752872169017792 0.43620699644088745 0.09847711771726608
3194 0.07202780991792679 0.0008768624975346029 0.16420690715312958
3195 0.03182006627321243 0.44986462593078613 0.1717967391014099
3196 -0.09579967707395554 0.3315891921520233 0.03908247500658035
3197 0.14511321485042572 0.4499838948249817 0.10581864416599274
3198 0.022707825526595116 0.03760317340493202 0.17099499702453613
3199 -0.07396408915519714 -0.41549795866012573 -0.1638733297586441
3200 0.13497377932071686 -0.471520334482193 -0.09963510930538177
3201 -0.0701875314116478 -0.3562893867492676 -0.14798468351364136
3202 0.14071524143218994 -0.4288075268268585 0.02826605550944805
3203 0.08830245584249496 0.23513434827327728 0.12122857570648193
3204 0.037674397230148315 0.0761890709400177 0.12132076174020767
3205 0.12073427438735962 0.20322053134441376 -0.1271250993013382
3206 -0.16332821547985077 0.40514397621154785 0.06480025500059128
3207 -0.15103252232074738 -0.09840699285268784 0.0064178709872066975
3208 -0.02947242558002472 -0.369238942861557 0.07783591002225876
3209 0.05608835816383362 0.41387704014778137 0.02424761652946472
3210 0.08910833299160004 0.09480006247758865 0.059909287840127945
3211 0.008399536833167076 -0.4056102931499481 -0.09760413318872452
3212 -0.019182289019227028 -0.4091748595237732 -0.019871992990374565
3213 -0.04930567368865013 -0.42162883281707764 -0.17253786325454712
3214 -0.1500798612833023 -0.06534117460250854 -0.07288409024477005
3215 -0.16498963534832 0.10906893014907837 0.007791533600538969
3216 -0.08084239810705185 -0.22540819644927979 -0.15656909346580505
3217 0.1596931666135788 -0.006618216633796692 0.06274937838315964
3218 0.007031822111457586 -0.37686413526535034 -0.1391536295413971
3219 0.07794468849897385 0.1948869228363037 -0.07996727526187897
3220 -0.12812180817127228 0.44938668608665466 -0.12983788549900055
3221 0.05114104598760605 -0.3789958953857422 -0.12516488134860992
3222 0.07185729593038559 0.17862533032894135 -0.1604062169790268
3223 -0.10554017871618271 -0.21959057450294495 -0.12729565799236298
3224 -0.12170726805925369 0.4242258071899414 -0.13167890906333923
3225 -0.13736815750598907 -0.44260942935943604 -0.10605592280626297
3226 0.10011234879493713 -0.2172948718070984 -0.07988593727350235
3227 0.16092732548713684 0.05799027532339096 0.07676660269498825
3228 -0.1407158523797989 -0.03898324817419052 0.0896177887916565
3229 -0.13445451855659485 0.40892449021339417 0.09608443081378937
3230 0.05838043615221977 0.2796632945537567 0.05033702030777931
3231 0.0013883092906326056 -0.465523362159729 -0.015825385227799416
3232 -0.10482703149318695 -0.4360519349575043 0.08555756509304047
3233 0.11870509386062622 -0.44382044672966003 0.03471262753009796
3234 0.12758412957191467 -0.07598093897104263 -0.056995708495378494
3235 0.17290565371513367 -0.23729847371578217 -0.006715819705277681
3236 -0.014267253689467907 -0.34029141068458557 0.11054031550884247
3237 -0.12295690178871155 0.25424087047576904 -0.00327301025390625
3238 0.0923231691122055 0.15167176723480225 0.09525563567876816
3239 -0.061949223279953 0.16968660056591034 -0.16457855701446533
3240 0.016711032018065453 -0.45695608854293823 0.06101351976394653
3241 -0.039715707302093506 -0.20388123393058777 0.13409411907196045
3242 -0.02134055830538273 -0.17125488817691803 -0.14406992495059967
3243 0.14829806983470917 -0.45195791125297546 -0.07328970730304718
3244 -0.140469491481781 0.4687415361404419 -0.02958599478006363
3245 -0.05699603259563446 0.05257134884595871 0.06404159218072891
3246 -0.023578310385346413 0.4505664110183716 0.11750459671020508
3247 0.014159268699586391 -0.33224600553512573 0.10250329971313477
3248 0.11232715845108032 0.29042306542396545 0.09760340303182602
3249 -0.09327571094036102 -0.2500472366809845 -0.08958916366100311
3250 0.12423849105834961 0.4748980402946472 0.03358276188373566
3251 0.04238460585474968 0.28945255279541016 -0.17037764191627502
3252 -0.022457165643572807 -0.2907889187335968 0.11327093839645386
3253 0.09844952076673508 -0.30271562933921814 -0.13713495433330536
3254 -0.15140680968761444 0.03570590168237686 -0.02526533417403698
3255 0.013396313413977623 0.08789154887199402 -0.12505346536636353
3256 0.16690604388713837 0.34733760356903076 -0.06097928807139397
3257 0.09057224541902542 0.43329793214797974 -0.02747810073196888
3258 -0.12715892493724823 -0.3920998275279999 -0.06910945475101471
3259 -0.0674976333975792 0.428572416305542 0.15084585547447205
3260 -0.14490613341331482 0.3465423285961151 0.01991427130997181
3261 0.06363313645124435 -0.4096968173980713 0.1532265543937683
3262 -0.045806847512722015 -0.4582792818546295 0.03347724676132202
3263 -0.00661109434440732 0.4127402901649475 -0.15512125194072723
3264 0.0319959782063961 -0.24871748685836792 -0.06237133592367172
3265 -0.043555911630392075 0.425985187292099 -0.12415171414613724
3266 0.10648795962333679 -0.38917943835258484 0.14189653098583221
3267 0.14221879839897156 0.4246600568294525 0.0170400682836771
3268 -0.06588456779718399 -0.11092548817396164 0.049268148839473724
3269 -0.09364408999681473 -0.30345073342323303 -0.10752546787261963
3270 0.07765721529722214 0.2802063226699829 0.09208543598651886
3271 -0.0219022948294878 -0.2260545790195465 -0.17182350158691406
3272 -0.023041220381855965 -0.27170246839523315 0.1728188693523407
3273 0.12215807288885117 0.31831228733062744 -0.017182709649205208
3274 -0.09720847010612488 0.28488174080848694 -0.1401229351758957
3275 0.09668495506048203 0.12264556437730789 0.06417909264564514
3276 0.09442520141601562 -0.4200635850429535 -0.09951099753379822
3277 0.033743035048246384 0.1352209597826004 -0.07176791876554489
3278 -0.12968656420707703 0.47913873195648193 -0.10369902849197388
3279 0.1194545179605484 -0.3833371102809906 0.0756571888923645
3280 -0.03939284756779671 0.38048598170280457 0.05471290647983551
3281 0.040613431483507156 -0.2962051331996918 0.13167771697044373
3282 -0.002877858467400074 0.45586323738098145 -0.1733197271823883
3283 0.09337207674980164 -0.39533400535583496 -0.1417423039674759
3284 -0.13710153102874756 0.41367173194885254 0.040844857692718506
3285 0.11519007384777069 -0.012261074967682362 0.03246711939573288
3286 -0.15192921459674835 0.19299247860908508 -0.03946120664477348
3287 0.11307025700807571 0.1809442639350891 0.07614827156066895
3288 0.147537961602211 0.05037594959139824 -0.0002916380180977285
3289 -0.08772643655538559 0.06954636424779892 0.15007343888282776
3290 -0.12057343870401382 -0.29128289222717285 -0.09639307111501694
3291 -0.09798384457826614 0.408617228269577 0.13915228843688965
3292 0.07938689738512039 -0.37698155641555786 0.11611513048410416
3293 0.14504149556159973 -0.03006594441831112 -0.03892894461750984
3294 -0.010685447603464127 0.29675042629241943 -0.13313059508800507
3295 0.14344966411590576 0.013605264015495777 0.01570344902575016
3296 0.03845391795039177 -0.4390292763710022 0.13868685066699982
3297 -0.14035390317440033 0.4396876394748688 0.043800048530101776
3298 -0.11468210071325302 -0.23339521884918213 -0.08308573812246323
3299 -0.1459817886352539 -0.3715888261795044 -0.05026102066040039
3300 -0.014450141228735447 0.47748103737831116 0.11977497488260269
3301 -0.044210921972990036 0.45919036865234375 -0.17345614731311798
3302 0.00481848418712616 -0.3031666576862335 0.10622983425855637
3303 -0.00838113110512495 -0.3754726052284241 0.11326613277196884
3304 -0.11467050015926361 0.29495128989219666 -0.12315729260444641
3305 0.08099634945392609 0.08100759983062744 -0.09972517937421799
3306 -0.023632409051060677 0.2399243712425232 0.06575562059879303
3307 0.04505191743373871 0.1946275532245636 -0.016898153349757195
3308 -0.012663554400205612 -0.4191281199455261 -0.08274789899587631
3309 0.1500745266675949 -0.3458212912082672 0.08264494687318802
3310 0.12615704536437988 0.3135323226451874 0.056603167206048965
3311 -0.0908994972705841 -0.14104731380939484 0.14093731343746185
3312 0.12101945281028748 -0.03381229564547539 0.11927136778831482
3313 -0.04452545568346977 0.021178962662816048 -0.1376872956752777
3314 0.014839500188827515 -0.03307024762034416 -0.1763121336698532
3315 0.16661424934864044 0.10969967395067215 0.0338301844894886
3316 -0.14690977334976196 0.03765586018562317 0.0795036181807518
3317 -0.17534497380256653 0.42730313539505005 -0.02497783862054348
3318 0.13257406651973724 -0.39285725355148315 -0.10426867753267288
3319 0.05797125771641731 0.3874039351940155 -0.014080837368965149
3320 0.11972726136445999 0.23148967325687408 -0.12958446145057678
3321 0.0452444888651371 -0.39898741245269775 0.07478903979063034
3322 -0.04158206656575203 0.03576815873384476 -0.16962672770023346
3323 0.043458063155412674 0.4342457056045532 -0.06822503358125687
3324 0.11440613120794296 -0.14471259713172913 0.13779890537261963
3325 -0.10931114107370377 0.3871713876724243 -0.13347887992858887
3326 -0.005704360082745552 -0.35499075055122375 -0.12843486666679382
3327 -0.06944220513105392 -0.456511914730072 -0.005140244495123625
3328 0.16393502056598663 -0.2658434212207794 -0.03676349297165871
3329 -0.1723024696111679 0.19606174528598785 -0.051160410046577454
3330 -0.07411563396453857 -0.22347860038280487 0.11377929151058197
3331 -0.04501497372984886 0.17484299838542938 -0.08599669486284256
3332 -0.17058628797531128 -0.4798329472541809 -0.05427345260977745
3333 -0.1485653668642044 0.3797605037689209 0.002926631597802043
3334 -0.13141295313835144 -0.30198854207992554 -0.11653798818588257
3335 -0.12608124315738678 -0.20588281750679016 -0.12663079798221588
3336 0.05679982528090477 0.4464462697505951 -0.11503550410270691
3337 0.1123979464173317 0.21334756910800934 0.12981855869293213
3338 -0.1683104783296585 -0.48173046112060547 0.04439614340662956
3339 0.13853073120117188 -0.4310437738895416 -0.10543622821569443
3340 -0.17240147292613983 -0.4160352349281311 -0.026618007570505142
3341 -0.08727960288524628 0.3863905072212219 0.08668273687362671
3342 -0.14679132401943207 -0.2871508300304413 0.10255575180053711
3343 -0.05952847748994827 0.470732718706131 0.007365439087152481
3344 0.12816785275936127 -0.28052833676338196 -0.0862048789858818
3345 0.15425725281238556 -0.21059934794902802 0.04860987886786461
3346 0.1255456507205963 0.42327213287353516 -0.06464628130197525
3347 -0.14531908929347992 0.19804063439369202 -0.09798738360404968
3348 -0.10126323252916336 0.21984006464481354 -0.055753059685230255
3349 0.09353331476449966 -0.23760175704956055 0.11171004921197891
3350 -0.014038659632205963 -0.4557127356529236 0.13580097258090973
3351 -0.1684103012084961 0.3015078008174896 0.0014774587471038103
3352 0.10369286686182022 0.4814029037952423 0.03473234921693802
3353 -0.07725593447685242 -0.4484740197658539 0.04529497027397156
3354 -0.029685772955417633 0.18857190012931824 0.1527983695268631
3355 0.1634294092655182 -0.3060676157474518 0.055798549205064774
3356 0.03687123581767082 -0.19676916301250458 0.1433969885110855
3357 0.13332976400852203 0.38060206174850464 -0.11623556911945343
3358 0.09378687292337418 0.09602964669466019 0.11786502599716187
3359 0.08800385892391205 0.35850197076797485 -0.1513734757900238
3360 -0.13200055062770844 -0.3772265911102295 0.10409142076969147
3361 -0.11151526123285294 0.31081491708755493 -0.09854806959629059
3362 -0.03454742953181267 -0.1988770216703415 0.03457615152001381
3363 -0.07561637461185455 0.03495737165212631 0.14966008067131042
3364 -0.09713121503591537 0.4308631420135498 -0.10378647595643997
3365 -0.06905832141637802 -0.16035370528697968 -0.15707916021347046
3366 0.1100836768746376 0.06789535284042358 -0.022828925400972366
3367 0.1269986927509308 0.08756483346223831 0.02759055607020855
3368 -0.057925399392843246 0.05278867855668068 -0.009275974705815315
3369 -0.03946245089173317 0.46981745958328247 -0.04625287279486656
3370 -0.1134050190448761 -0.17618857324123383 0.12067196518182755
3371 -0.129201278090477 0.33865639567375183 -0.0694870725274086
3372 0.1730320304632187 -0.4254414737224579 -0.027670033276081085
3373 -0.08617819845676422 -0.44632822275161743 0.01970466412603855
3374 -0.008642739616334438 0.2778903543949127 0.07490391284227371
3375 0.07308239489793777 -0.38748443126678467 -0.13377776741981506
3376 0.16873297095298767 -0.28587499260902405 0.028481213375926018
3377 -0.12109154462814331 -0.08695874363183975 0.05158022418618202
3378 0.11276537925004959 0.16868875920772552 -0.048189468681812286
3379 -0.13902804255485535 -0.07627154141664505 -0.0857117548584938
3380 -0.03733173385262489 0.3386648893356323 0.11408428102731705
3381 -0.07295820862054825 0.4673980474472046 0.06892050802707672
3382 -0.07444586604833603 -0.3586011230945587 0.005017581861466169
3383 -0.14065790176391602 -0.1674683392047882 -0.10670817643404007
3384 0.10184378921985626 0.07435401529073715 -0.11519041657447815
3385 0.031367555260658264 0.4709785580635071 0.032441265881061554
3386 -0.08709187805652618 0.4741489291191101 -0.014400037936866283
3387 -0.08799675852060318 0.4170403480529785 -0.07744069397449493
3388 0.11764125525951385 -0.3552611768245697 -0.024885663762688637
3389 0.05042990669608116 -0.46236610412597656 0.03183140978217125
3390 -0.09476920962333679 0.12666645646095276 -0.05223992094397545
3391 0.15972954034805298 0.26247596740722656 -0.05730210617184639
3392 -0.01006932370364666 -0.20732471346855164 -0.15568989515304565
3393 0.06147506460547447 -0.28725287318229675 -0.13484616577625275
3394 0.07434946298599243 0.2883184254169464 -0.08938469737768173
3395 -0.030064985156059265 0.43639495968818665 -0.10171328485012054
3396 -0.14547717571258545 -0.42995941638946533 0.04025750979781151
3397 0.00602006446570158 0.22090569138526917 -0.05714470520615578
3398 0.03767978772521019 0.4766331613063812 0.08999764174222946
3399 -0.04880762845277786 0.18724893033504486 0.09854883700609207
3400 0.10890481621026993 0.3178250789642334 -0.08866545557975769
3401 0.07457657158374786 -0.02659454196691513 -0.12131322920322418
3402 -0.14532025158405304 -0.10036609321832657 0.10171674937009811
3403 0.08437800407409668 0.25791460275650024 -0.0567861869931221
3404 0.1529904454946518 -0.28975504636764526 -0.061582714319229126
3405 0.06183772161602974 0.33071428537368774 0.1624937355518341
3406 -0.1284787356853485 0.15847618877887726 -0.04547053575515747
3407 0.11661870777606964 -0.3325059711933136 -0.131234809756279
3408 0.1680534929037094 0.026650624349713326 0.027110310271382332
3409 -0.14276418089866638 -0.10370881110429764 -0.11168288439512253
3410 0.015864461660385132 0.19548362493515015 0.1474558562040329
3411 0.06361443549394608 0.4790132939815521 0.04817831143736839
3412 0.17574289441108704 0.4335216283798218 -0.002408261178061366
3413 -0.019232427701354027 0.2371128499507904 0.02400911971926689
3414 0.013612274080514908 -0.40594008564949036 0.09825155138969421
3415 -0.0024988166987895966 0.365948885679245 -0.015269491821527481
3416 -0.01880020834505558 -0.4799816608428955 0.12345661222934723
3417 -0.011575635522603989 -0.2512674331665039 0.11447063833475113
3418 0.029689796268939972 0.42986851930618286 -0.010843235068023205
3419 0.1577153205871582 -0.3669770359992981 -0.049116190522909164
3420 -0.07980214059352875 -0.3275849223136902 0.12845191359519958
3421 0.13357071578502655 0.4001372456550598 0.0028903018683195114
3422 -0.1293184906244278 0.3291366398334503 0.045266058295965195
3423 0.021135427057743073 0.05353401228785515 0.13696825504302979
3424 0.03978487849235535 -0.24535921216011047 -0.14839473366737366
3425 -0.1143898144364357 0.4055635631084442 -0.12208976596593857
3426 -0.060831740498542786 -0.4812672734260559 -0.0900929644703865
3427 0.04388423636555672 -0.03516172990202904 0.1704142987728119
3428 -0.041191086173057556 0.031442563980817795 -0.09330660849809647
3429 0.08969733864068985 0.3877756893634796 0.09279006719589233
3430 0.15866471827030182 -0.01569182798266411 0.022156940773129463
3431 -0.01462714746594429 -0.215087890625 0.1765233427286148
3432 0.09076136350631714 0.16898147761821747 -0.005108549725264311
3433 0.03460100293159485 0.0018699727952480316 0.1727876365184784
3434 0.01176308561116457 0.014225462451577187 0.17410148680210114
3435 0.058216411620378494 0.2370467185974121 -0.07466664165258408
3436 -0.1714179962873459 0.4338223338127136 0.0003291853645350784
3437 0.017572788521647453 0.15119466185569763 0.08071108907461166
3438 -0.13291601836681366 -0.10523119568824768 -0.07021443545818329
3439 0.11901812255382538 0.19808439910411835 -0.07104789465665817
3440 -0.031167028471827507 0.08472472429275513 -0.15694929659366608
3441 -0.08435097336769104 -0.33126911520957947 0.15351958572864532
3442 -0.08685575425624847 0.4435897767543793 0.09051555395126343
3443 -0.13472631573677063 -0.33571264147758484 -0.11304555088281631
3444 0.035964787006378174 -0.037185341119766235 -0.11717849969863892
3445 0.044288039207458496 -0.01910158060491085 0.07221075892448425
3446 0.12317238003015518 -0.11111133545637131 -0.08496563136577606
3447 0.152970552444458 0.4053855240345001 0.08190014958381653
3448 0.036391567438840866 0.2693048417568207 -0.12059635668992996
3449 -0.04184857755899429 0.24942612648010254 -0.16525638103485107
3450 -0.11366691440343857 0.2390134334564209 -0.09191680699586868
3451 0.01854068413376808 -0.40287405252456665 0.14550940692424774
3452 0.16277152299880981 -0.16497528553009033 0.07754185795783997
3453 -0.03420998901128769 -0.4753069579601288 0.1704804003238678
3454 0.06561940163373947 0.24119366705417633 -0.12266936153173447
3455 -0.11218391358852386 -0.2817956805229187 0.1380978524684906
3456 -0.051160018891096115 -0.47970476746559143 -0.02532210946083069
3457 -0.006876401603221893 0.31782791018486023 0.024965424090623856
3458 -0.13928447663784027 0.1704912632703781 0.03701118007302284
3459 -0.0650542750954628 0.3859287202358246 0.023561105132102966
3460 -0.014592955820262432 0.26937368512153625 -0.17611092329025269
3461 -0.13987842202186584 -0.3487766981124878 0.10495378822088242
3462 0.004695492796599865 0.4319183826446533 0.1594020128250122
3463 -0.13359326124191284 0.1687006950378418 -0.07102997601032257
3464 -0.07423791289329529 -0.060210391879081726 -0.16266733407974243
3465 -0.12701889872550964 0.4488830864429474 -0.016614167019724846
3466 0.052762921899557114 -0.16531981527805328 -0.16500847041606903
3467 -0.10918397456407547 -0.45393943786621094 -0.10434906929731369
3468 -0.03864387422800064 -0.4220218360424042 0.12740817666053772
3469 0.04414118453860283 -0.03217889741063118 0.14445477724075317
3470 -0.04638943448662758 0.476175457239151 0.10825667530298233
3471 0.09587211161851883 0.4771101772785187 0.1237066313624382
3472 0.08683782070875168 0.11483621597290039 0.032926857471466064
3473 0.1623065024614334 -0.43257397413253784 -0.05493040010333061
3474 0.08285653591156006 0.47835299372673035 0.07598215341567993
3475 0.07113592326641083 0.2150864154100418 0.16217362880706787
3476 0.07929696887731552 -0.20594258606433868 0.08499322831630707
3477 -0.1541023701429367 -0.32069575786590576 -0.02698470652103424
3478 0.049007583409547806 0.15891310572624207 0.012474152259528637
3479 0.09893525391817093 -0.1677841693162918 -0.14675790071487427
3480 0.07630213350057602 -0.47311121225357056 0.010118620470166206
3481 0.15703195333480835 0.47760462760925293 0.07977164536714554
3482 -0.0945676863193512 -0.13042639195919037 -0.10178813338279724
3483 -0.06947270035743713 -0.47946447134017944 0.16323238611221313
3484 0.13382446765899658 -0.0825488418340683 0.0007374719716608524
3485 0.08532153815031052 0.030237603932619095 0.11352004110813141
3486 -0.07096287608146667 -0.32229602336883545 -0.1533028483390808
3487 -0.05830765143036842 0.4006585478782654 0.09747426211833954
3488 -0.06042025238275528 -0.2871831953525543 0.1108027771115303
3489 0.033911895006895065 0.4123721420764923 -0.1205395832657814
3490 0.0016332800732925534 -0.43822532892227173 0.044443242251873016
3491 -0.051039859652519226 0.40780124068260193 0.056344449520111084
3492 -0.13008764386177063 0.33847612142562866 0.11978453397750854
3493 0.09380991756916046 -0.12898306548595428 0.04488852992653847
3494 -0.08810018002986908 -0.39861124753952026 0.07029148191213608
3495 0.037168629467487335 -0.09132266789674759 0.12781746685504913
3496 0.1776452362537384 -0.013829107396304607 0.03645479306578636
3497 -0.14608502388000488 0.19561053812503815 -0.06242047995328903
3498 -0.07124488800764084 -0.03490428626537323 0.16242194175720215
3499 0.14592823386192322 -0.025673963129520416 0.04997913911938667
3500 0.1293414682149887 0.0008621838642284274 -0.08445323258638382
3501 -0.10341916978359222 0.3890359699726105 -0.08812958747148514
3502 -0.009942484088242054 -0.47481927275657654 -0.05132653936743736
3503 -0.1182134598493576 0.3009663224220276 0.025974011048674583
3504 -0.17018133401870728 -0.3817669451236725 -0.04277653619647026
3505 -0.004750520456582308 -0.3219490647315979 -0.1637515127658844
3506 0.06898929178714752 0.40909406542778015 -0.14929085969924927
3507 -0.07272583991289139 0.4083002805709839 0.16266848146915436
3508 0.16517966985702515 0.37280768156051636 -0.06452180445194244
3509 -0.15238679945468903 -0.3315792381763458 0.046000320464372635
3510 0.05083342269062996 -0.478130578994751 -0.08059616386890411
3511 0.06509124487638474 -0.48241865634918213 0.14901061356067657
3512 0.011407622136175632 0.3215782642364502 -0.17748312652111053
3513 -0.07443355768918991 -0.2969616651535034 -0.163130983710289
3514 0.13740324974060059 0.37543484568595886 -0.07029035687446594
3515 -0.005650997161865234 -0.3357082009315491 0.1786021739244461
3516 0.10862608253955841 -0.4810541868209839 0.06292489171028137
3517 -0.05823192745447159 0.4563136100769043 -0.06503772735595703
3518 -0.1346966028213501 -0.23630626499652863 0.11630064994096756
3519 -0.04238042235374451 0.007515078876167536 0.16735640168190002
3520 -0.13214296102523804 0.41330575942993164 0.06598049402236938
3521 -0.12052309513092041 -0.41361820697784424 0.08723247051239014
3522 0.056048113852739334 0.2224448025226593 -0.16457189619541168
3523 0.0269316453486681 -0.46436822414398193 -0.04619455337524414
3524 0.10104559361934662 0.02518870122730732 0.13919202983379364
3525 -0.021657275035977364 0.2911984920501709 0.04411635175347328
3526 0.1752181053161621 -0.3514590561389923 0.011108020320534706
3527 -0.13889868557453156 -0.0517054945230484 0.10976443439722061
3528 -0.15093953907489777 0.334581583738327 -0.05062629282474518
3529 -0.16859076917171478 0.41104817390441895 -0.046114321798086166
3530 -0.06849390268325806 -0.2128351479768753 0.13590630888938904
3531 0.014609294943511486 -0.06368013471364975 -0.09688527137041092
3532 0.1551540642976761 -0.46284565329551697 0.06449731439352036
3533 0.06139105558395386 -0.3386346995830536 0.14952780306339264
3534 -0.15710116922855377 -0.17664726078510284 0.06257851421833038
3535 -0.14270901679992676 0.2687948942184448 0.10006768256425858
3536 0.09337417781352997 0.15389734506607056 -0.14788179099559784
3537 0.06199916452169418 0.04657083749771118 -0.11675192415714264
3538 0.04797980934381485 0.07142850756645203 -0.1719529777765274
3539 -0.08307706564664841 0.16415034234523773 0.07809604704380035
3540 0.11975479125976562 0.41679996252059937 0.013424167409539223
3541 -0.132015660405159 -0.2663557529449463 -0.06240864470601082
3542 -0.08691146224737167 0.060908425599336624 -0.15131983160972595
3543 -0.0691419467329979 -0.45641374588012695 -0.14008507132530212
3544 -0.06314465403556824 -0.17166036367416382 0.16186045110225677
3545 0.06454811245203018 0.2523493766784668 0.07317259907722473
3546 0.09634833037853241 0.352062463760376 -0.10661301016807556
3547 0.03223574161529541 0.1270427405834198 0.15015536546707153
3548 0.021318653598427773 0.10868627578020096 -0.15942756831645966
3549 -0.11084761470556259 0.4167470633983612 0.016756435856223106
3550 0.08438217639923096 0.35971611738204956 0.042164918035268784
3551 -0.17070835828781128 0.2677716314792633 -0.008354401215910912
3552 -0.023106960579752922 -0.3200153410434723 -0.09978150576353073
3553 -0.018318846821784973 -0.4491611123085022 0.07813312858343124
3554 0.02525540068745613 -0.419599711894989 -0.1192750632762909
3555 -0.06414714455604553 0.19747419655323029 -0.15863889455795288
3556 0.1016814187169075 -0.22425030171871185 -0.10625842958688736
3557 -0.15036848187446594 0.014611481688916683 0.09144062548875809
3558 -0.11402479559183121 -0.40649697184562683 -0.03239530324935913
3559 0.07109341770410538 -0.3526395857334137 0.12726904451847076
3560 0.1041899248957634 -0.009530216455459595 0.06510070711374283
3561 0.14835913479328156 0.07415521144866943 0.036259524524211884
3562 -0.17401275038719177 -0.24998313188552856 -0.02792954072356224
3563 -0.0953260213136673 -0.15352818369865417 -0.1504397690296173
3564 -0.06017446145415306 -0.4247424304485321 0.15926975011825562
3565 0.12187717109918594 -0.3247751295566559 0.09744326770305634
3566 -0.06680351495742798 -0.2665577828884125 -0.13452120125293732
3567 -0.07588691264390945 0.4067266583442688 0.08292779326438904
3568 -0.15563032031059265 0.12591129541397095 -0.0842229351401329
3569 0.09890645742416382 -0.4743501842021942 -0.0873173251748085
3570 -0.0806787759065628 -0.4647318124771118 0.0922498106956482
3571 -0.1101132407784462 -0.36740636825561523 0.07784851640462875
3572 -0.09098311513662338 0.4249509871006012 0.1556408554315567
3573 0.039126042276620865 -0.32380205392837524 -0.11223873496055603
3574 0.10080435872077942 0.19048714637756348 0.139861598610878
3575 -0.13006055355072021 0.06253522634506226 0.10939381271600723
3576 -0.008576192893087864 0.3680247664451599 0.17824214696884155
3577 -0.01801958493888378 -0.14242547750473022 0.1724289357662201
3578 0.15418186783790588 -0.45859232544898987 -0.09514418244361877
3579 0.07394396513700485 0.4518904685974121 0.10882248729467392
3580 -0.14578373730182648 -0.47822752594947815 0.06439164280891418
3581 0.08583372831344604 0.32678666710853577 0.0814460963010788
3582 0.0006809509941376746 0.43885284662246704 -0.03044954501092434
3583 0.13855649530887604 0.09010674804449081 0.09992516785860062
3584 -0.013798359781503677 0.21473821997642517 -0.12155786156654358
3585 0.07670991122722626 0.46977484226226807 -0.062153786420822144
3586 -0.17449194192886353 -0.15697327256202698 -0.014091908000409603
3587 0.009547154419124126 -0.22959738969802856 -0.1531733274459839
3588 -0.043439943343400955 -0.3686741888523102 0.13704223930835724
3589 -0.010795393958687782 -0.4097770154476166 0.08997180312871933
3590 0.022873014211654663 -0.30923858284950256 0.17189882695674896
3591 0.022174617275595665 0.19265694916248322 0.10140465199947357
3592 0.17423009872436523 0.26483088731765747 -0.004650054965168238
3593 0.01055843010544777 0.27609819173812866 0.1346711963415146
3594 -0.03779095783829689 -0.0944967046380043 0.1316273957490921
3595 -0.10265988856554031 -0.35005754232406616 0.10977982729673386
3596 0.007205604575574398 -0.12122521549463272 0.09096803516149521
3597 0.06738661974668503 -0.43525126576423645 -0.15471912920475006
3598 -0.12136175483465195 0.358397513628006 0.060618653893470764
3599 -0.06390299648046494 0.03729701414704323 -0.12573286890983582
3600 0.09967565536499023 0.052253905683755875 0.10266400128602982
3601 -0.17298108339309692 -0.2990826368331909 -0.02859949693083763
3602 -0.040038831532001495 -0.15431950986385345 -0.16849565505981445
3603 0.1500125229358673 0.46309250593185425 0.02905743569135666
3604 0.016163719817996025 -0.41442376375198364 -0.17715825140476227
3605 -0.14362084865570068 -0.24596631526947021 -0.1044980138540268
3606 -0.11373338103294373 -0.38526955246925354 0.1398402899503708
3607 0.059884533286094666 0.42877429723739624 -0.08223060518503189
3608 0.06396815925836563 0.026738625019788742 0.1348513811826706
3609 -0.015714971348643303 0.48077771067619324 -0.11606840789318085
3610 -0.1505192518234253 0.10908565670251846 0.05956946313381195
3611 0.09078659117221832 0.21042419970035553 -0.12531150877475739
3612 -0.1492970734834671 -0.000532886479049921 -0.08082897961139679
3613 -0.12734495103359222 0.033826712518930435 0.03857234865427017
3614 0.043807435780763626 0.4131929278373718 -0.14452055096626282
3615 0.034151166677474976 -0.25188538432121277 0.169809490442276
3616 0.1665639877319336 -0.034385744482278824 -0.05924997851252556
3617 0.1218808963894844 -0.3318362534046173 0.04741635173559189
3618 -0.05491900444030762 0.45110464096069336 0.1339215338230133
3619 0.15720133483409882 0.17697268724441528 0.06148545816540718
3620 0.03648526594042778 -0.4772804379463196 0.1757754534482956
3621 -0.06661432236433029 -0.4206649661064148 -0.059647172689437866
3622 0.16987763345241547 -0.1614311784505844 -0.05391274020075798
3623 0.1624554544687271 -0.3947378396987915 0.006671449169516563
3624 0.0601608082652092 -0.20516380667686462 -0.1253456175327301
3625 -0.044794466346502304 -0.3202483654022217 0.11798111349344254
3626 -0.11275513470172882 -0.24421373009681702 0.06694796681404114
3627 0.06033807992935181 -0.12420634180307388 0.10322141647338867
3628 -0.0948869064450264 0.43621137738227844 -0.06443843990564346
3629 -0.11889233440160751 0.13916918635368347 0.12921257317066193
3630 -0.0486561544239521 -0.2578723430633545 -0.1490568220615387
3631 -0.07185723632574081 0.24620363116264343 0.16074839234352112
3632 -0.04155067726969719 0.21395151317119598 0.0786459818482399
3633 0.13894397020339966 0.10428177565336227 -0.022549768909811974
3634 -0.12827791273593903 -0.13114649057388306 0.07553238421678543
3635 -0.14944465458393097 -0.21428577601909637 -0.09955514222383499
3636 -0.13992007076740265 -0.43346866965293884 -0.03517955541610718
3637 -0.0013435652945190668 -0.07292497903108597 -0.177925243973732
3638 0.018697476014494896 0.4789965748786926 -0.11393836885690689
3639 0.1331465095281601 0.38052845001220703 0.11555317789316177
3640 0.06373128294944763 0.22647146880626678 -0.1411859691143036
3641 0.010501782409846783 -0.27944672107696533 0.13059759140014648
3642 0.12236906588077545 -0.4134889841079712 0.062363021075725555
3643 -0.1499411016702652 0.2485674023628235 0.06730780750513077
3644 -0.15200306475162506 -0.3824809193611145 0.08537528663873672
3645 0.05890144035220146 0.42617082595825195 0.07306758314371109
3646 -0.014906520023941994 -0.25487056374549866 0.05916903167963028
3647 -0.0024533169344067574 -0.4810138940811157 0.0887458398938179
3648 0.11508125811815262 0.14982356131076813 -0.09369093924760818
3649 0.10640498250722885 -0.2876371741294861 0.12718507647514343
3650 -0.12627148628234863 -0.2743331789970398 0.07383205741643906
3651 0.13030602037906647 0.12582893669605255 -0.04595048725605011
3652 0.11909356713294983 0.08082638680934906 0.08614493906497955
3653 -0.06393956393003464 0.09954310208559036 0.1238924041390419
3654 -0.10576318204402924 0.12146168202161789 0.14089198410511017
3655 0.1310872584581375 0.00564726535230875 0.11287364363670349
3656 -0.09649975597858429 -0.4773227572441101 -0.04017174243927002
3657 -0.10326284915208817 -0.3241569995880127 -0.05201147124171257
3658 -0.06527846306562424 0.2033393532037735 -0.026837440207600594
3659 0.04117115959525108 0.297773152589798 0.14217691123485565
3660 -0.04944409802556038 0.28824669122695923 0.1392252892255783
3661 0.12928175926208496 0.42133238911628723 0.11842536926269531
3662 -0.04213607311248779 -0.4065103828907013 0.07544600963592529
3663 -0.0745747983455658 -0.18095529079437256 -0.08961771428585052
3664 -0.17630325257778168 0.0007737440755590796 -1.526243842420172e-08
3665 -0.1344582587480545 -0.16156509518623352 0.09928246587514877
3666 -0.04216481372714043 0.3028760254383087 -0.15808618068695068
3667 -0.0936656966805458 0.08798575401306152 -0.08001568168401718
3668 -0.07859911024570465 -0.13824976980686188 0.11538291722536087
3669 0.05973408743739128 0.37361907958984375 -0.13308046758174896
3670 -0.0643409788608551 0.22781838476657867 0.09601300954818726
3671 -0.1112818792462349 -0.46597734093666077 0.0889713317155838
3672 0.00637094909325242 -0.4769662916660309 -0.07147572189569473
3673 -0.1005423292517662 -0.025200221687555313 0.13856561481952667
3674 -0.06424226611852646 -0.44974520802497864 0.10561700165271759
3675 0.1087120994925499 0.19837096333503723 -0.09803318977355957
3676 0.15322819352149963 0.3052946627140045 0.08261602371931076
3677 -0.1719752550125122 -0.2053777128458023 0.01646011881530285
3678 0.1396588385105133 0.15229976177215576 0.003793809562921524
3679 0.1622290462255478 0.2327926903963089 0.06731735914945602
3680 0.14439882338047028 0.3367340564727783 0.05394558608531952
3681 0.018694521859288216 -0.26634010672569275 0.08576098829507828
3682 0.01638142764568329 0.4741620123386383 0.16597136855125427
3683 0.11311563849449158 0.045307669788599014 0.0037740280386060476
3684 0.09192285686731339 -0.48246851563453674 -0.056778427213430405
3685 0.02276424691081047 -0.07282005995512009 0.16213692724704742
3686 0.04352849721908569 0.3318028748035431 -0.17189018428325653
3687 -0.06426245719194412 -0.2365051805973053 0.1344936043024063
3688 0.10955901443958282 0.3802677392959595 0.01691565476357937
3689 0.09666544944047928 -0.4691305458545685 0.14047883450984955
3690 -0.11013814061880112 0.4789014458656311 0.09474436938762665
3691 0.16033664345741272 -0.15626049041748047 -0.004998937714844942
3692 0.09928454458713531 0.2980210483074188 -0.11009287089109421
3693 0.06650825589895248 -0.47848832607269287 0.1250147670507431
3694 -0.1152452751994133 0.3501863479614258 0.03547589108347893
3695 -0.11131560057401657 -0.04029611125588417 0.05710331350564957
3696 -0.14968425035476685 0.4802105128765106 0.006796269677579403
3697 -0.14659269154071808 0.08684229105710983 -0.04360633343458176
3698 0.0030134855769574642 -0.4459720551967621 0.17543497681617737
3699 0.11871305108070374 0.11889321357011795 0.006781783886253834
3700 -0.011904209852218628 0.01447313278913498 0.09455801546573639
3701 -0.07260359078645706 -0.4753459692001343 -0.11888398230075836
3702 -0.040443792939186096 0.26053276658058167 0.04139602184295654
3703 -0.1488925814628601 -0.4517616331577301 0.09778705984354019
3704 0.016307024285197258 -0.1070016473531723 0.16883209347724915
3705 -0.1657508909702301 -0.4274818003177643 -0.05306430906057358
3706 -0.07520662248134613 0.3771398961544037 -0.03254811465740204
3707 -0.074817955493927 0.18360373377799988 0.16426275670528412
3708 0.12236034125089645 -0.16737668216228485 0.11623449623584747
3709 0.0627753734588623 0.10900945961475372 0.1653686910867691
3710 0.06694114208221436 -0.19824570417404175 0.1326277256011963
3711 0.11941661685705185 -0.024472001940011978 -0.1336149126291275
3712 0.14069510996341705 -0.035141486674547195 -0.11078763753175735
3713 0.03742000088095665 -0.10925079137086868 -0.16759726405143738
3714 -0.1728684902191162 -0.025583745911717415 0.028846630826592445
3715 0.026975465938448906 -0.47341495752334595 0.10264555364847183
3716 -0.1359952688217163 -0.28215572237968445 0.04723752290010452
3717 -0.12150603532791138 0.023883957415819168 0.0676141083240509
3718 0.11833365261554718 0.48072028160095215 0.1352696269750595
3719 0.16926869750022888 0.42385315895080566 -0.058796476572752
3720 0.04898993670940399 -0.47179991006851196 -0.05615263804793358
3721 -0.033795252442359924 0.4056357443332672 0.17039071023464203
3722 0.14401324093341827 0.4491041302680969 0.08219385892152786
3723 -0.07800589501857758 -0.3213445842266083 0.08189224451780319
3724 0.09515675157308578 0.4495829641819 0.122307687997818
3725 0.026448966935276985 0.18685097992420197 0.05969111993908882
3726 -0.007438582368195057 0.4075639545917511 0.005015739239752293
3727 0.0007401509792543948 -0.3413732945919037 -0.15853039920330048
3728 0.06894682347774506 0.4799876809120178 -0.03052053228020668
3729 -0.006563105620443821 -0.47668731212615967 0.0418408028781414
3730 -0.10751542448997498 0.03455088660120964 -0.12690778076648712
3731 0.16470836102962494 -0.07077227532863617 -0.05914704501628876
3732 -0.040895652025938034 0.35897231101989746 0.1698312610387802
3733 0.1030033603310585 -0.4477942883968353 0.07161925733089447
3734 -0.11598851531744003 0.15235571563243866 -0.13172635436058044
3735 0.14439204335212708 0.20572493970394135 0.014753635041415691
3736 0.11833211779594421 0.23493428528308868 -0.07720296829938889
3737 -0.018875474110245705 0.24042613804340363 -0.05564193055033684
3738 -0.099638432264328 -0.4290907680988312 -0.14992012083530426
3739 0.026300372555851936 -0.43941712379455566 0.15857428312301636
3740 0.028583534061908722 0.24980103969573975 0.13675953447818756
3741 -0.11521772295236588 -0.13142268359661102 -0.07694616913795471
3742 0.031714703887701035 0.02354741469025612 0.14321908354759216
3743 0.04437762126326561 0.11666649580001831 0.022700659930706024
3744 0.103570356965065 -0.19615797698497772 0.11893311142921448
3745 0.029321733862161636 0.20318305492401123 -0.13454626500606537
3746 0.09278006106615067 0.43504205346107483 0.08174753189086914
3747 0.03373318165540695 -0.12174071371555328 -0.14299939572811127
3748 0.1449112594127655 0.2422552853822708 -0.01141885481774807
3749 0.122780442237854 0.02705324999988079 0.1273771971464157
3750 0.13238176703453064 -0.0036451099440455437 -0.020741339772939682
3751 -0.1317063719034195 0.09629479050636292 0.10251114517450333
3752 -0.022378958761692047 0.4720112085342407 -0.17323634028434753
3753 0.16074739396572113 0.08981405943632126 -0.0714682936668396
3754 0.08759117126464844 0.048214931041002274 0.13381344079971313
3755 -0.06417816877365112 0.10884314775466919 -0.06704701483249664
3756 0.001271875575184822 -0.04439415782690048 0.03426320478320122
3757 0.03321487456560135 0.3286822736263275 -0.0824086144566536
3758 0.11184929311275482 0.05587859824299812 0.03919901326298714
3759 -0.12087909877300262 0.08052661269903183 -0.09357310831546783
3760 0.043756406754255295 -0.06886553019285202 -0.17170825600624084
3761 -0.07591177523136139 -0.3259124755859375 -0.09254670888185501
3762 0.1447034627199173 -0.37806403636932373 0.00876931007951498
3763 0.10650095343589783 0.26201438903808594 -0.07598413527011871
3764 0.04522351175546646 0.3645156919956207 0.16849711537361145
3765 0.04533813148736954 0.08652074635028839 -0.12133286148309708
3766 -0.017667314037680626 -0.41123461723327637 0.02036336623132229
3767 -0.12613016366958618 -0.3756842315196991 -0.12181570380926132
3768 -0.15282420814037323 -0.1997251659631729 0.07893013209104538
3769 0.07543879002332687 0.19088773429393768 -0.0204473789781332
3770 0.04062319174408913 0.277171790599823 -0.08605668693780899
3771 -0.1765487790107727 -0.4579109251499176 0.0030263301450759172
3772 0.0548793226480484 -0.40601465106010437 -0.11769961565732956
3773 0.0581233836710453 0.15126407146453857 -0.1392812579870224
3774 0.09138618409633636 0.2392362803220749 -0.07548260688781738
3775 -0.03208004683256149 0.15225642919540405 0.15123313665390015
3776 0.06360506266355515 -0.17748498916625977 0.15917931497097015
3777 0.1114766001701355 0.11362810432910919 0.13402065634727478
3778 -0.11570850759744644 0.4468085765838623 -0.09014975279569626
3779 0.09008896350860596 0.2055879384279251 0.09437556564807892
3780 -0.16150110960006714 0.1422237604856491 -0.026949776336550713
3781 -0.11229786276817322 0.20907315611839294 -0.08296846598386765
3782 0.04815369471907616 -0.40028655529022217 0.16940617561340332
3783 0.14922459423542023 -0.479682594537735 0.07819157838821411
3784 -0.009466520510613918 -0.15943686664104462 -0.17020653188228607
3785 0.11914172023534775 -0.3906805217266083 -0.12968435883522034
3786 0.11860109120607376 0.2829171419143677 -0.10180405527353287
3787 -0.07958424091339111 0.13601310551166534 -0.10478853434324265
3788 -0.062016699463129044 -0.1925595998764038 0.14859437942504883
3789 0.10694506019353867 -0.47748881578445435 -0.00020854169270023704
3790 0.04304727539420128 0.3472835123538971 0.14918401837348938
3791 -0.13662117719650269 0.3427110016345978 -0.020552806556224823
3792 0.1725437492132187 -0.4165080189704895 -0.04648853838443756
3793 -0.16594862937927246 -0.11932612210512161 0.02806578017771244
3794 0.13440829515457153 -0.05654355138540268 -0.03717602789402008
3795 -0.1556910276412964 -0.04033786430954933 -0.010335264727473259
3796 0.11668442189693451 0.10392412543296814 0.05101627856492996
3797 0.16806800663471222 0.09910497069358826 0.0023727230727672577
3798 0.14305329322814941 -0.43313848972320557 -0.016910502687096596
3799 0.06157904490828514 -0.10259396582841873 0.06862536817789078
3800 -0.12641216814517975 -0.026987023651599884 -0.10031883418560028
3801 -0.16002251207828522 -0.40168458223342896 -0.05756277218461037
3802 0.13305608928203583 0.07916247844696045 -0.003047527512535453
3803 -0.03508864343166351 -0.29830116033554077 -0.05804954096674919
3804 0.08142368495464325 -0.30613747239112854 -0.15482617914676666
3805 0.12338139861822128 -0.2161935269832611 0.06290963292121887
3806 0.10215720534324646 -0.37071356177330017 -0.0579729825258255
3807 -0.022954275831580162 0.3000411093235016 0.13636063039302826
3808 -0.12265297025442123 0.15100695192813873 -0.006388411391526461
3809 0.14244821667671204 -0.20769526064395905 0.1099269762635231
3810 0.1283920705318451 -0.3377605676651001 0.06876859813928604
3811 0.03054959699511528 -0.07471174746751785 -0.12952731549739838
3812 -0.02882513217628002 -0.04230017215013504 -0.17215467989444733
3813 -0.133980855345726 -0.17928209900856018 0.07783312350511551
3814 0.07811836153268814 0.4322781562805176 -0.14086809754371643
3815 0.03248274326324463 0.08474211394786835 0.17509475350379944
3816 -0.13426731526851654 -0.39425334334373474 -0.043881744146347046
3817 0.12664397060871124 0.21055488288402557 -0.015842903405427933
3818 0.09011675417423248 -0.3085007071495056 0.07442585378885269
3819 -0.06977313756942749 0.10782719403505325 0.15906669199466705
3820 0.12159460783004761 0.09826521575450897 -0.08017838001251221
3821 -0.1261553019285202 -0.13749630749225616 -0.1104358360171318
3822 -0.1306433528661728 0.2637512981891632 -0.11784643679857254
3823 -0.10430457442998886 -0.48047971725463867 -0.14555445313453674
3824 -0.024428291246294975 -0.39781174063682556 0.1430717259645462
3825 0.09135425090789795 -0.22554001212120056 -0.15414537489414215
3826 0.1724015474319458 -0.303571492433548 -0.0037519950419664383
3827 0.11818136274814606 0.16905970871448517 -0.0012012688675895333
3828 -0.08492428809404373 0.2527211904525757 -0.07080286741256714
3829 -0.16079483926296234 -0.1328076422214508 -0.03788170963525772
3830 -0.05884002894163132 -0.20869800448417664 0.07724659144878387
3831 -0.044066641479730606 -0.0365980789065361 0.17401516437530518
3832 0.0957689955830574 -0.42367228865623474 -0.14763681590557098
3833 0.12960593402385712 0.2936033010482788 0.08088798075914383
3834 -0.09925566613674164 0.43569427728652954 0.02853943035006523
3835 -0.1038975641131401 -0.3576512038707733 -0.09561764448881149
3836 -0.09087890386581421 -0.15717767179012299 0.15611976385116577
3837 0.05940651893615723 -0.4776783585548401 -0.15182480216026306
3838 0.14136454463005066 0.10394798964262009 0.004568110685795546
3839 -0.08476489037275314 0.38691452145576477 -0.1284613013267517
3840 0.06719253212213516 -0.013847369700670242 -0.06857217848300934
3841 -0.141954243183136 -0.37372395396232605 -0.07389848679304123
3842 -0.1572001874446869 -0.1762603521347046 0.08817116916179657
3843 -0.040265657007694244 -0.37076497077941895 -0.14802119135856628
3844 0.12459709495306015 0.35591357946395874 0.1293487846851349
3845 -0.16045412421226501 0.038672659546136856 0.014713358134031296
3846 -0.11475763469934464 0.47457584738731384 -0.06935655325651169
3847 -0.022427178919315338 -0.050281330943107605 0.12711355090141296
3848 -0.1330822855234146 0.05891354754567146 -0.08489762991666794
3849 -0.09554948657751083 0.1920640617609024 -0.03933461010456085
3850 0.16611255705356598 -0.3401748836040497 0.06669828295707703
3851 -0.17685267329216003 0.23474930226802826 0.0007197479135356843
3852 0.00248358934186399 -0.04369691386818886 -0.1559182107448578
3853 0.0919390618801117 -0.10665065795183182 0.14072319865226746
3854 0.010612109676003456 -0.447039395570755 -0.14592693746089935
3855 -0.05968352034687996 0.07645660638809204 -0.14511461555957794
3856 0.17911800742149353 -0.02581601031124592 0.01534305326640606
3857 0.06080096587538719 0.453196257352829 0.13069652020931244
3858 0.10791318863630295 0.4297638237476349 0.12394938617944717
3859 0.12070827186107635 0.0852513387799263 0.1311241239309311
3860 -0.1488194465637207 -0.19089259207248688 0.034375015646219254
3861 -0.11015860736370087 -0.15618464350700378 0.13547652959823608
3862 0.013559172861278057 0.32258644700050354 -0.05195428803563118
3863 -0.048240069299936295 -0.4114414155483246 -0.12045416235923767
3864 -0.09248259663581848 -0.14616820216178894 0.046863168478012085
3865 0.13201840221881866 0.287790447473526 0.053902529180049896
3866 -0.016271419823169708 -0.3215324878692627 0.04350357502698898
3867 -0.12481709569692612 0.2209361493587494 0.06941445171833038
3868 -0.1251811683177948 -0.3671947419643402 -0.01863923855125904
3869 -0.017721131443977356 0.31835171580314636 -0.0684737116098404
3870 -0.12264404445886612 0.28998011350631714 0.11711335927248001
3871 -0.07039646804332733 0.3215990662574768 0.08567730337381363
3872 0.0003353153879288584 -0.47268691658973694 -0.10623080283403397
3873 -0.14442315697669983 0.2274232655763626 -0.0982966348528862
3874 0.02558998204767704 0.3831667900085449 -0.06946166604757309
3875 -0.16833800077438354 -0.07330390810966492 0.048514146357774734
3876 -0.01632510870695114 0.43711718916893005 0.14126259088516235
3877 0.13854087889194489 0.3217533528804779 -0.05945189297199249
3878 0.07768259197473526 -0.09517252445220947 -0.08090541511774063
3879 0.11927928030490875 -0.20576024055480957 0.01655649207532406
3880 0.04516928642988205 0.3816400170326233 -0.043473709374666214
3881 -0.17018680274486542 -0.18935205042362213 -0.0013039202895015478
3882 0.0658176839351654 -0.08636640757322311 0.10298584401607513
3883 -0.06056679040193558 0.08037667721509933 -0.17017818987369537
3884 -0.031091749668121338 -0.035858966410160065 -0.09405432641506195
3885 -0.12012682855129242 0.24999450147151947 0.12688636779785156
3886 -0.16175758838653564 0.1361587941646576 0.06470727920532227
3887 0.11861864477396011 -0.07521526515483856 0.05233486741781235
3888 -0.06738308072090149 0.3093236982822418 -0.07193949073553085
3889 0.04100519418716431 -0.47225746512413025 -0.10899735987186432
3890 0.0819602683186531 0.2708081305027008 0.11900679022073746
3891 0.11528068780899048 -0.004721538629382849 0.08548637479543686
3892 -0.16868874430656433 0.06104618310928345 -0.028149180114269257
3893 -0.11155367642641068 -0.2500586211681366 -0.019287405535578728
3894 0.1278207153081894 0.04121946543455124 -0.05783558636903763
3895 -0.11615326255559921 0.2995922267436981 -0.028914541006088257
3896 0.11947948485612869 0.16732482612133026 -0.13368076086044312
3897 -0.138353630900383 -0.06413161009550095 0.023280806839466095
3898 0.016210505738854408 -0.17340293526649475 0.10556857287883759
3899 -0.08746166527271271 0.2678954303264618 0.1555354744195938
3900 -0.17298489809036255 -0.4451460540294647 -0.021327266469597816
3901 -0.016684412956237793 0.20525741577148438 0.12477699667215347
3902 -0.14809325337409973 -0.2640901207923889 0.09567895531654358
3903 0.1699262410402298 -0.02757871523499489 0.05668522045016289
3904 0.017119409516453743 0.3000631034374237 0.05257723107933998
3905 0.046874236315488815 -0.395381361246109 -0.05747685953974724
3906 0.09446558356285095 -0.19357553124427795 -0.10062773525714874
3907 0.17859810590744019 0.23214277625083923 -0.0019179427763447165
3908 -0.03780755400657654 -0.23441976308822632 0.009665653109550476
3909 0.04437679424881935 0.16186179220676422 0.122294582426548
3910 -0.044827900826931 -0.3336368501186371 -0.07069497555494308
3911 0.048885513097047806 -0.4832620620727539 0.006768036633729935
3912 -0.15457624197006226 0.4766025245189667 -0.0859784260392189
3913 -0.10581861436367035 -0.12687332928180695 0.12612126767635345
3914 0.05523127689957619 0.14568237960338593 -0.03176814690232277
3915 0.04620935022830963 0.24915261566638947 -0.1065807193517685
3916 0.13176527619361877 0.11110206693410873 0.025491781532764435
3917 0.08778189867734909 -0.10551317781209946 0.017727574333548546
3918 -0.09877507388591766 -0.21231134235858917 0.06881843507289886
3919 0.10575265437364578 0.3328150510787964 0.045556653290987015
3920 -0.12216248363256454 -0.007750936783850193 -0.033837784081697464
3921 -0.04116027429699898 0.05342920497059822 -0.14592161774635315
3922 0.009041332639753819 -0.477883517742157 -0.035807330161333084
3923 -0.06164960935711861 -0.3902546167373657 0.10892339050769806
3924 -0.11889446526765823 0.16927847266197205 -0.0241457000374794
3925 0.09648606926202774 0.3563874065876007 0.14784777164459229
3926 -0.17454378306865692 0.34041324257850647 -0.01245901733636856
3927 0.020537743344902992 -0.460834264755249 -0.10775543749332428
3928 -0.08681398630142212 0.17165610194206238 -0.06333417445421219
3929 0.04015104100108147 -0.10203373432159424 0.09227770566940308
3930 -0.11531122028827667 -0.10055376589298248 0.11150657385587692
3931 -0.12640661001205444 -0.12402014434337616 0.10307395458221436
3932 -0.03482278063893318 0.19961705803871155 0.17425566911697388
3933 0.056714609265327454 0.16535890102386475 -0.06895437091588974
3934 -0.05424671247601509 -0.2976924479007721 -0.11014177650213242
3935 -0.026628736406564713 -0.4752070903778076 -0.10612275451421738
3936 0.17192606627941132 -0.4402632415294647 0.01006406918168068
3937 0.09490270912647247 0.4784785807132721 0.152946338057518
3938 -0.009959095157682896 -0.2611420750617981 0.020016202703118324
3939 -0.03348134085536003 -0.09048955142498016 0.16537480056285858
3940 0.07008689641952515 -0.14940500259399414 0.12857139110565186
3941 0.03077252395451069 -0.2276494801044464 -0.16471394896507263
3942 0.0014827423729002476 -0.20234207808971405 -0.07321704179048538
3943 0.09036935865879059 0.2970210909843445 0.027732055634260178
3944 0.03855521231889725 0.340986967086792 -0.1367761194705963
3945 0.08887932449579239 0.09974665939807892 0.0839691013097763
3946 0.10514813661575317 -0.2654286026954651 0.09946375340223312
3947 0.17831382155418396 -0.050795864313840866 -0.004090681206434965
3948 0.11922366917133331 0.37896859645843506 0.09811031073331833
3949 0.10233018547296524 0.41584768891334534 -0.011759229004383087
3950 0.07063446938991547 -0.41574200987815857 0.05652419477701187
3951 0.0900566577911377 0.12375988066196442 -0.08952197432518005
3952 0.15549400448799133 -0.43025898933410645 0.05799439549446106
3953 -0.17661836743354797 -0.39285725355148315 -0.018758006393909454
3954 0.06506737321615219 0.026378491893410683 0.006800713483244181
3955 -0.08346948772668839 -0.1700882762670517 0.10818998515605927
3956 -0.08543440699577332 0.2656935155391693 -0.026890134438872337
3957 0.13699717819690704 0.4817478358745575 0.05949784815311432
3958 0.029780996963381767 -0.17727187275886536 -0.17189325392246246
3959 -0.1555245965719223 0.2717389166355133 0.07765615731477737
3960 0.029540808871388435 -0.446675568819046 0.017760083079338074
3961 0.07091604173183441 -0.2596677541732788 -0.13612128794193268
3962 -0.14295075833797455 0.4778478741645813 0.10188079625368118
3963 0.136557936668396 -0.08227135986089706 0.10628726333379745
3964 0.029522325843572617 0.38538995385169983 -0.138380229473114
3965 -0.09692706167697906 0.0535079725086689 -0.09064296633005142
3966 0.08642876148223877 0.04529595747590065 0.022135872393846512
3967 -0.17097380757331848 0.16723696887493134 -0.032344475388526917
3968 0.08293016999959946 0.42216378450393677 0.16231794655323029
3969 -0.06294602155685425 0.4148101508617401 -0.07121030241250992
3970 -0.15672311186790466 0.4040805697441101 -0.0847434550523758
3971 -0.14529147744178772 0.06095205619931221 -0.004631751216948032
3972 -0.05411307513713837 -0.33576568961143494 -0.13049927353858948
3973 -0.0014825641410425305 -0.2561497986316681 -0.17442330718040466
3974 -0.06010239198803902 -0.2930769920349121 -0.13960370421409607
3975 -0.12150556594133377 -0.37585800886154175 -0.08979572355747223
3976 -0.06907505542039871 -0.48263221979141235 0.10317902266979218
3977 -0.13150133192539215 0.04457210376858711 -0.11146769672632217
3978 0.10597199201583862 0.31800681352615356 0.10597158223390579
3979 0.17202173173427582 0.16069477796554565 -0.0013925766106694937
3980 -0.0850270539522171 -0.1368686854839325 -0.019131172448396683
3981 -0.10276907682418823 0.12173759192228317 -0.10766018182039261
3982 -0.08118598908185959 0.3953957259654999 -0.014373579062521458
3983 -0.113766148686409 0.09796485304832458 -0.13061034679412842
3984 0.08250198513269424 0.030633358284831047 -0.13005279004573822
3985 0.04474235326051712 -0.33575794100761414 0.08585644513368607
3986 0.045837175101041794 -0.06864617764949799 0.031639959663152695
3987 0.017264604568481445 -0.36893999576568604 -0.1576613038778305
3988 0.055642999708652496 -0.3786630630493164 -0.1544370949268341
3989 -0.047217223793268204 0.36338454484939575 0.13613365590572357
3990 0.03974684327840805 -0.3220866024494171 0.1416914314031601
3991 -0.17832809686660767 -0.33263200521469116 0.0026528052985668182
3992 0.07996217906475067 -0.20301851630210876 0.11073485761880875
3993 -0.14816467463970184 0.3130832612514496 0.042488500475883484
3994 0.0861349031329155 0.39089977741241455 0.14702096581459045
3995 -0.018590429797768593 -0.4765465557575226 -0.027338264510035515
3996 0.06691025197505951 -0.3992295563220978 0.12752564251422882
3997 -0.12462273985147476 0.19100640714168549 -0.03127705678343773
3998 -0.1761205792427063 0.28569895029067993 -0.032301321625709534
3999 0.09376529604196548 0.4099065363407135 -0.1497713327407837
4000 0.149538055062294 -0.10238570719957352 0.05713142454624176
4001 0.09870480000972748 0.41227710247039795 0.09306948632001877
4002 -0.057487089186906815 0.15907786786556244 -0.11178736388683319
4003 -0.08410044759511948 0.4778831899166107 0.11505044996738434
4004 0.17031793296337128 0.33381298184394836 0.0020936368964612484
4005 -0.16802477836608887 -0.11929633468389511 -0.010198305360972881
4006 0.08647768199443817 -0.3584156334400177 -0.12032359093427658
4007 -0.02655595913529396 -0.4188501536846161 -0.05166853591799736
4008 -0.03328331559896469 0.18768291175365448 0.026608457788825035
4009 0.039599813520908356 0.3881618082523346 -0.1757068783044815
4010 0.10811317712068558 0.38208672404289246 0.06347616761922836
4011 0.13694347441196442 -0.4766673445701599 -0.0740281194448471
4012 -0.03740707412362099 -0.4484332799911499 -0.13918326795101166
4013 -0.09129219502210617 0.44493135809898376 -0.02859337255358696
4014 -0.05061481148004532 0.3054846227169037 0.007837941870093346
4015 0.10109186172485352 0.3101276457309723 0.1315678358078003
4016 0.06311638653278351 0.3426695466041565 -0.0076085845939815044
4017 -0.15906497836112976 -0.30171528458595276 0.037862617522478104
4018 0.07121673226356506 0.2356799989938736 -0.09753113240003586
4019 -0.014802046120166779 0.03658897429704666 0.17863406240940094
4020 0.09784046560525894 -0.3583899438381195 0.10287190973758698
4021 -0.06209525465965271 0.47602853178977966 0.1293884664773941
4022 -0.07860208302736282 -0.18323838710784912 0.007666169200092554
4023 -0.08103326708078384 -0.4007275402545929 -0.12104163318872452
4024 0.027432402595877647 -0.4247957468032837 0.06187989562749863
4025 -0.010082905180752277 -0.3388710021972656 0.0746397003531456
4026 -0.0071925995871424675 -0.25224581360816956 -0.038787201046943665
4027 0.01386959757655859 -0.10576014965772629 -0.005019456148147583
4028 0.03162895888090134 -0.39413872361183167 -0.1426464021205902
4029 -0.033881478011608124 0.25691577792167664 -0.07736999541521072
4030 -0.012635688297450542 -0.4747709035873413 0.010419737547636032
4031 -0.1640848070383072 -0.3639827370643616 0.02895842120051384
4032 0.10601890832185745 -0.4384741187095642 -0.03128603473305702
4033 -0.11143984645605087 -0.44863197207450867 0.10175001621246338
4034 0.124294213950634 0.2837410271167755 -0.12640559673309326
4035 0.11834489554166794 -0.429470956325531 -0.08131759613752365
4036 0.055461857467889786 -0.2816143035888672 -0.05184854567050934
4037 -0.11431533098220825 -0.08984869718551636 -0.04083802551031113
4038 -0.04203560948371887 0.00919624324887991 -0.1740352362394333
4039 -0.15316447615623474 0.08186207711696625 0.016907334327697754
4040 0.09035754948854446 -0.32293131947517395 0.15249501168727875
4041 -0.01463062409311533 0.25080347061157227 0.17656530439853668
4042 0.05644778907299042 0.318630188703537 -0.11330483108758926
4043 0.13291338086128235 -0.1241375207901001 0.06966067105531693
4044 0.026517298072576523 0.4403640329837799 0.0804171934723854
4045 0.012438959442079067 0.4299578368663788 -0.1240764781832695
4046 -0.07790682464838028 0.3211195766925812 -0.10376827418804169
4047 0.1232614666223526 -0.07938826084136963 -0.09062359482049942
4048 -0.1468449980020523 -0.1544095277786255 0.06641431897878647
4049 -0.08564294874668121 -0.41897448897361755 -0.09521248936653137
4050 0.024059955030679703 -0.08823719620704651 0.17839278280735016
4051 -0.11949320137500763 -0.0823492556810379 -0.1258130967617035
4052 -0.06952974945306778 0.24747353792190552 -0.11644651740789413
4053 -0.09216076880693436 0.13910908997058868 0.0713614821434021
4054 0.0802045688033104 0.17240506410598755 -0.07033451646566391
4055 0.026885055005550385 0.10617320239543915 -0.09489530324935913
4056 -0.10288777947425842 -0.27174943685531616 -0.10261500626802444
4057 0.11306808888912201 0.021514415740966797 -0.13643500208854675
4058 -0.13354802131652832 -0.4006263017654419 0.10193464159965515
4059 -0.11960764974355698 0.12047470360994339 0.04137199744582176
4060 0.13400764763355255 -0.05498528853058815 0.11564648151397705
4061 0.06338125467300415 0.30516499280929565 -0.024667587131261826
4062 0.16083401441574097 -0.1950669288635254 -0.0343417227268219
4063 -0.02890974096953869 0.46208304166793823 0.06861639767885208
4064 -0.13629762828350067 0.13512153923511505 -0.11003826558589935
4065 0.08227728307247162 -0.12485556304454803 0.12121258676052094
4066 -0.04352961480617523 0.22571870684623718 0.17189455032348633
4067 -0.12970754504203796 -0.3318982720375061 0.11986497044563293
4068 -0.08963824063539505 -0.36502736806869507 0.15365871787071228
4069 0.16403861343860626 -0.2362506091594696 -0.03498565033078194
4070 0.0718475952744484 0.35756558179855347 0.11488723754882812
4071 -0.11884468048810959 0.20896324515342712 0.033080603927373886
4072 0.01627136766910553 0.32763856649398804 -0.010858825407922268
4073 -0.09964760392904282 0.3833882212638855 0.03233052417635918
4074 0.0026858102064579725 0.04614315554499626 -0.06172370910644531
4075 0.05904889479279518 -0.022070204839110374 -0.09615280479192734
4076 0.08070475608110428 -0.38408327102661133 -0.03401736915111542
4077 0.03440486639738083 -0.44134214520454407 -0.07643772661685944
4078 -0.12158631533384323 0.06340573728084564 0.13207794725894928
4079 0.04264737293124199 -0.3226974308490753 -0.02855062671005726
4080 0.09504184126853943 -0.24365593492984772 -0.02797534316778183
4081 -0.06264345347881317 0.15229283273220062 0.02007981762290001
4082 -0.0757860466837883 0.14893637597560883 -0.011081540025770664
4083 0.10954321920871735 0.21527577936649323 0.021726153790950775
4084 -0.07985761761665344 -0.12073571979999542 0.13258515298366547
4085 -0.035313479602336884 -0.41932550072669983 0.1532105654478073
4086 0.1461528241634369 0.21997138857841492 0.04309746250510216
4087 0.16529636085033417 0.04963354393839836 -0.05891851335763931
4088 0.0006025092443451285 -0.431953102350235 -0.1244855597615242
4089 0.09684447199106216 0.1834125816822052 -0.14472579956054688
4090 0.04548182711005211 -0.4470309317111969 -0.02742932364344597
4091 -0.07984226942062378 0.45386943221092224 -0.059097982943058014
4092 0.00501513946801424 -0.392272025346756 0.0762566477060318
4093 -0.1321779489517212 -0.4495442509651184 -0.06470311433076859
4094 -0.0438900925219059 0.47636786103248596 -0.07016096264123917
4095 -0.09440822154283524 0.1964874118566513 -0.06494709849357605
4096 -0.16059960424900055 -0.07641813904047012 -0.024367688223719597
4097 0.09992395341396332 -0.02898898348212242 -0.11379070580005646
4098 0.006470850203186274 0.059352170675992966 0.009052406065165997
4099 -0.06667046993970871 0.41013944149017334 -0.1231970265507698
4100 0.15659762918949127 0.42643219232559204 -0.08362206071615219
4101 -0.15524016320705414 0.15891297161579132 0.006601547822356224
4102 0.05307489633560181 -0.30989304184913635 0.08619162440299988
4103 0.06218455731868744 0.26723283529281616 -0.12652073800563812
4104 0.05211252719163895 0.26938605308532715 0.10679952055215836
4105 0.1428453028202057 0.023355014622211456 0.05932275950908661
4106 0.07229339331388474 0.17861972749233246 -0.13261958956718445
4107 0.1369161307811737 -0.47596606612205505 0.029567811638116837
4108 -0.03394792228937149 -0.48077166080474854 0.06645510345697403
4109 0.06254568696022034 -0.334134042263031 0.12295303493738174
4110 -0.038399841636419296 -0.3297360837459564 0.169501394033432
4111 -0.023703694343566895 0.4368518590927124 -0.13102373480796814
4112 0.16782355308532715 -0.3471032977104187 -0.01908903382718563
4113 -0.0983470231294632 0.09408187866210938 0.1405888795852661
4114 0.09709325432777405 0.4772038161754608 -0.0755242183804512
4115 0.04035789892077446 0.4093528389930725 0.17207768559455872
4116 0.037237025797367096 -0.35398468375205994 -0.11500091105699539
4117 0.05163266882300377 0.24994416534900665 -0.012180035933852196
4118 -0.13057099282741547 0.3697209656238556 0.023638080805540085
4119 -0.1437380313873291 0.05765198916196823 0.023864999413490295
4120 0.02571341022849083 0.43373581767082214 0.15306158363819122
4121 0.08207963407039642 0.34111541509628296 0.15769988298416138
4122 0.13280735909938812 0.32171007990837097 -0.11801993101835251
4123 0.12899291515350342 -0.1895129680633545 0.043886102735996246
4124 0.1675165295600891 -0.1806325912475586 0.04765574261546135
4125 0.16155539453029633 0.24955037236213684 -0.07839928567409515
4126 -0.16806451976299286 -0.12664109468460083 0.05550353601574898
4127 0.019791055470705032 -0.22925473749637604 0.1319943219423294
4128 -0.12441625446081161 0.37230777740478516 -0.001061178045347333
4129 0.03858769312500954 -0.28582945466041565 0.10149089246988297
4130 0.011445572599768639 -0.1869649887084961 0.006987391505390406
4131 0.1679665595293045 -0.453925758600235 -0.06146256625652313
4132 0.06783690303564072 0.44396641850471497 -0.06057880073785782
4133 0.05743236839771271 -0.11524206399917603 0.14518669247627258
4134 -0.13909777998924255 -0.1873127818107605 0.10428432375192642
4135 0.04811481386423111 0.15355682373046875 0.16619126498699188
4136 -0.013022614642977715 -0.4422864317893982 -0.0713234692811966
4137 -0.16238534450531006 -0.46296706795692444 0.07204043865203857
4138 0.027857597917318344 0.055449891835451126 -0.12193296104669571
4139 -0.04060639813542366 -0.3864205777645111 -0.17064502835273743
4140 -0.06294820457696915 -0.3078468441963196 0.13230325281620026
4141 0.10209649056196213 -0.28114208579063416 -0.10774484276771545
4142 -0.005497862584888935 0.09660568088293076 -0.17130304872989655
4143 -0.0014417541678994894 0.35478466749191284 -0.04943783953785896
4144 -0.029250185936689377 0.13855579495429993 -0.06233911216259003
4145 0.007181142456829548 0.3224900960922241 -0.07827035337686539
4146 -0.13234879076480865 0.4194360375404358 -0.03718551620841026
4147 0.0449051558971405 0.47403526306152344 -0.08075329661369324
4148 -0.07273075729608536 -0.30427294969558716 -0.09868937730789185
4149 0.08937723189592361 -0.43279698491096497 0.15208294987678528
4150 0.03560810536146164 0.47557681798934937 -0.14808838069438934
4151 -0.17629554867744446 -0.2274228185415268 -0.0028680909890681505
4152 0.06253863871097565 0.4263260066509247 -0.10510648787021637
4153 0.049800578504800797 -0.45641592144966125 -0.09225672483444214
4154 0.1626662015914917 0.10526766628026962 0.06512272357940674
4155 0.09815305471420288 0.07407418638467789 0.09423333406448364
4156 -0.035932060331106186 -0.09080812335014343 -0.11618157476186752
4157 -0.06819576025009155 -0.09407797455787659 -0.16022703051567078
4158 0.15627990663051605 -0.0988142341375351 -0.014833255670964718
4159 0.08195635676383972 0.1458253711462021 -0.020323533564805984
4160 0.023176925256848335 -0.3681844472885132 0.176096111536026
4161 -0.07574620097875595 0.11796708405017853 -0.13604013621807098
4162 0.03161655738949776 0.10054441541433334 -0.137589693069458
4163 0.06518147885799408 -0.24698254466056824 -0.04810362681746483
4164 0.11990456283092499 -0.3503468632698059 0.02097094990313053
4165 -0.024690283462405205 -0.33354371786117554 -0.14937172830104828
4166 0.16996441781520844 0.1615172028541565 -0.05397513881325722
4167 0.1776740849018097 -0.2561275362968445 -0.02017361856997013
4168 -0.1433287262916565 0.0974116325378418 -0.06288429349660873
4169 -0.13692355155944824 0.16556291282176971 0.08400005102157593
4170 -0.07109125703573227 -0.3639537990093231 -0.11172821372747421
4171 -0.08194901049137115 -0.4069135785102844 0.1229531466960907
4172 0.013864221051335335 -0.09302347898483276 0.14412346482276917
4173 0.06308184564113617 -0.3814900815486908 0.17025768756866455
4174 0.09384045749902725 0.08077125996351242 0.009481149725615978
4175 0.1804685890674591 -0.370917409658432 0.016797250136733055
4176 0.09371975064277649 0.3413717448711395 0.10057652741670609
4177 0.07292409241199493 0.05908055230975151 0.15060794353485107
4178 0.1368822157382965 -0.35406526923179626 -0.10658533871173859
4179 0.10154023766517639 0.22799170017242432 -0.11794005334377289
4180 0.16306646168231964 0.28982165455818176 0.03903733566403389
4181 -0.09711552411317825 0.2293863296508789 -0.14864635467529297
4182 -0.055787794291973114 0.346367210149765 0.06040949374437332
4183 -0.09486973285675049 -0.37508660554885864 -0.0769011601805687
4184 0.0254354290664196 0.1100088357925415 0.11914045363664627
4185 0.09242461621761322 -0.012972128577530384 -0.033720891922712326
4186 0.03185437247157097 -0.2429281771183014 0.10467274487018585
4187 -0.14078786969184875 0.14575743675231934 -0.06343178451061249
4188 0.05647493898868561 0.08940112590789795 0.14403270184993744
4189 0.06783167272806168 -0.45504191517829895 0.054854314774274826
4190 -0.16062518954277039 0.3001321852207184 0.07087558507919312
4191 0.047380480915308 0.37143605947494507 0.14462707936763763
4192 0.1090136468410492 0.256493479013443 -0.034498658031225204
4193 0.08333950489759445 0.452536404132843 0.04076775535941124
4194 -0.13914750516414642 0.2726711332798004 0.02224118635058403
4195 -0.08248140662908554 0.11163952201604843 -0.09074456989765167
4196 0.08417818695306778 -0.39786896109580994 0.03515070676803589
4197 -0.14060725271701813 -0.47763729095458984 -0.060645464807748795
4198 -0.1480761617422104 -0.3143787682056427 0.0901520773768425
4199 0.08354106545448303 0.28671109676361084 -0.15566591918468475
4200 0.1337077021598816 0.060336943715810776 0.05338802933692932
4201 -0.13180550932884216 -0.4584994912147522 -0.03957583010196686
4202 -0.03563712537288666 0.4710848927497864 0.13678713142871857
4203 0.1344611942768097 0.24316304922103882 -0.11503316462039948
4204 0.006300579756498337 -0.2483264058828354 0.17755824327468872
4205 -0.1218508929014206 -0.35088232159614563 -0.13097384572029114
4206 -0.12641459703445435 0.3714843988418579 -0.12273583561182022
4207 0.12003488838672638 -0.25587767362594604 -0.05647272989153862
4208 -0.034264810383319855 -0.37285876274108887 -0.06717371195554733
4209 0.04655136168003082 0.20812676846981049 0.13957136869430542
4210 0.00792107917368412 -0.11959914118051529 0.041513364762067795
4211 -0.04638964310288429 0.2060450315475464 -0.08588162809610367
4212 -0.1447194367647171 0.18074506521224976 0.06925907731056213
4213 -0.1475060135126114 -0.1388501673936844 0.0983959436416626
4214 -0.13049475848674774 -0.334333598613739 0.08368140459060669
4215 -0.1066446378827095 -0.1742153763771057 0.08940741419792175
4216 -0.12788933515548706 -0.1455761343240738 0.04731213301420212
4217 -0.0034391754306852818 0.14724531769752502 0.1565716564655304
4218 -0.0017213476821780205 0.23819057643413544 -0.07616835087537766
4219 -0.06166420876979828 -0.25647667050361633 0.16196158528327942
4220 0.14078116416931152 0.12335986644029617 -0.06434322148561478
4221 0.15605799853801727 0.15385854244232178 -0.08002933859825134
4222 -0.13843251764774323 0.46068909764289856 0.043450064957141876
4223 0.13462677597999573 -0.14099550247192383 0.11623434722423553
4224 -0.046655457466840744 0.3928792178630829 -0.17229022085666656
4225 -0.11928106099367142 -0.33919960260391235 0.051510099321603775
4226 -0.06190776824951172 0.309518039226532 0.15228389203548431
4227 0.10242083668708801 0.3672962784767151 -0.04673656076192856
4228 0.010796671733260155 0.4588538110256195 -0.12366514652967453
4229 -0.08957627415657043 -0.35528552532196045 -0.03153130039572716
4230 -0.018124165013432503 -0.46530860662460327 0.06250151246786118
4231 0.13184155523777008 -0.1355692744255066 -0.07724715024232864
4232 -0.015815284103155136 -0.3830530345439911 0.15748156607151031
4233 0.10456635802984238 -0.1638372838497162 0.0672554150223732
4234 -0.0707734078168869 0.23273992538452148 -0.08945245295763016
4235 0.06319842487573624 0.32926544547080994 -0.07338592410087585
4236 -0.10139372944831848 -0.33946606516838074 0.08218126744031906
4237 -0.06309295445680618 0.4230525493621826 0.11971461772918701
4238 -0.07046251744031906 0.08777672797441483 -0.12405214458703995
4239 0.13476920127868652 -0.3000400960445404 0.07147298008203506
4240 -0.04628164321184158 0.3276982307434082 -0.052870575338602066
4241 -0.17793618142604828 -0.3611161410808563 -0.02958153933286667
4242 0.01989571377635002 -0.4449327886104584 -0.12471073120832443
4243 -0.04752230644226074 0.39425545930862427 0.03719461336731911
4244 -0.03752085566520691 -0.1250062882900238 -0.06195072457194328
4245 -0.09817983210086823 -0.10849502682685852 -0.08652974665164948
4246 -0.11132198572158813 -0.24508355557918549 -0.10189839452505112
4247 -0.16032926738262177 0.031050680205225945 0.04838646575808525
4248 0.03490104526281357 0.05758637562394142 0.1726507544517517
4249 -0.008722447790205479 0.18144972622394562 -0.028324559330940247
4250 -0.009780294261872768 -0.25051626563072205 -0.11618930101394653
4251 0.11363767087459564 -0.12643206119537354 0.09048394858837128
4252 0.1382863074541092 0.3115697503089905 0.03741232305765152
4253 -0.05132938176393509 0.4258391857147217 0.17204692959785461
4254 -0.02563479170203209 0.2755751311779022 0.008629790507256985
4255 -0.04058398678898811 -0.18760012090206146 -0.1279284954071045
4256 -0.00031441228929907084 0.3501994013786316 0.06945677846670151
4257 0.14961624145507812 -0.1572241634130478 -0.08559057116508484
4258 -0.10089719295501709 0.37261033058166504 -0.055170685052871704
4259 0.13383018970489502 -0.04585234820842743 0.02269875258207321
4260 0.07926098257303238 0.4260697364807129 0.06869476288557053
4261 -0.17431145906448364 0.08470628410577774 -1.7229467630386353e-08
4262 -0.11445057392120361 -0.016799088567495346 0.10782601684331894
4263 -0.12989316880702972 -0.12697282433509827 -0.09204191714525223
4264 -0.08877784013748169 0.3501288890838623 0.1520899534225464
4265 0.17148301005363464 -0.38542917370796204 -0.0509660430252552
4266 -0.03451720252633095 0.1565815508365631 -0.13015349209308624
4267 -0.13025110960006714 -0.45287710428237915 0.07272236794233322
4268 -0.11787712574005127 -0.3292929530143738 -0.016598111018538475
4269 -0.16090647876262665 -0.43249309062957764 -0.03314051404595375
4270 -0.1349470615386963 0.28579896688461304 -0.04343143478035927
4271 0.1263565570116043 0.05954022705554962 -0.0733303353190422
4272 0.17030222713947296 -0.4467548131942749 0.06101416051387787
4273 0.007082954980432987 0.02189965546131134 0.15010133385658264
4274 0.08263254165649414 -0.1081436425447464 0.09899833053350449
4275 -0.09481509029865265 -0.42076975107192993 -0.05010479316115379
4276 -0.12502600252628326 -0.2251136302947998 0.09397804737091064
4277 -0.05851977691054344 -0.3876602053642273 0.03686444088816643
4278 -0.058780036866664886 0.23429441452026367 -0.056620169430971146
4279 -0.05899055674672127 -0.38827747106552124 -0.11116759479045868
4280 0.031752269715070724 -0.15201450884342194 -0.17400118708610535
4281 -0.05659289285540581 -0.41950345039367676 0.011467473581433296
4282 -0.11378058791160583 -0.389054536819458 0.09077515453100204
4283 -0.14848291873931885 -0.37676310539245605 -0.09775294363498688
4284 -0.07913476228713989 -0.19902925193309784 -0.15609495341777802
4285 0.01587243191897869 -0.36314111948013306 -0.12140898406505585
4286 -0.09972944855690002 0.1335112601518631 -0.08063936233520508
4287 -0.1000288799405098 0.25741347670555115 -0.11252094060182571
4288 0.1675470471382141 0.47722485661506653 0.03623904660344124
4289 -0.03461286425590515 0.1352124959230423 0.17286591231822968
4290 -0.1163477748632431 0.1533278524875641 -0.08286608010530472
4291 -0.025628704577684402 0.3049716651439667 -0.17533372342586517
4292 -0.13808239996433258 -0.082734115421772 -0.055375564843416214
4293 0.017911704257130623 -0.06068280711770058 0.1283864676952362
4294 0.038347337394952774 0.33876746892929077 -0.10764891654253006
4295 -0.09005893766880035 -0.477868914604187 0.050289083272218704
4296 -0.04087311029434204 -0.017244093120098114 0.1533767580986023
4297 -0.045791469514369965 -0.019155370071530342 0.05966117978096008
4298 -0.1602572351694107 0.3767020106315613 0.07836688309907913
4299 0.09460840374231339 -0.16826485097408295 0.11332342028617859
4300 0.003815178759396076 0.4757309556007385 -0.07656653225421906
4301 0.1767827272415161 0.03540249541401863 -0.028226174414157867
4302 0.009710447862744331 -0.20580235123634338 -0.13301366567611694
4303 0.07759101688861847 -0.03626542165875435 -0.1407555490732193
4304 0.04348161444067955 0.3695448637008667 -0.15415677428245544
4305 -0.13992290198802948 0.08337891846895218 -0.08528438955545425
4306 0.12104302644729614 -0.10708333551883698 0.035196490585803986
4307 0.03892466425895691 -0.3831157088279724 0.13558727502822876
4308 -0.05491698533296585 0.2759786546230316 -0.011656749062240124
4309 0.09903684258460999 -0.2205546796321869 0.07375896722078323
4310 0.022088676691055298 0.21833421289920807 0.07634209096431732
4311 -0.1402445137500763 0.19218403100967407 0.09851125627756119
4312 -0.013990524224936962 -0.40515580773353577 -0.11903420090675354
4313 -0.06562158465385437 0.42784780263900757 0.09536416083574295
4314 0.18000179529190063 0.45596349239349365 0.009846951812505722
4315 0.08878566324710846 0.16029274463653564 0.11915428936481476
4316 0.05003230273723602 0.312529057264328 0.07127857208251953
4317 0.13903877139091492 -0.26587820053100586 0.04282146319746971
4318 0.0477677658200264 0.11258860677480698 0.13375765085220337
4319 0.06568624079227448 -0.009436574764549732 0.14668937027454376
4320 0.10227110236883163 -0.364688515663147 0.07588785886764526
4321 -0.0838942676782608 0.21070274710655212 -0.08424262702465057
4322 -0.16174069046974182 -0.1605663001537323 0.026260802522301674
4323 0.061627693474292755 0.22274340689182281 -0.03843378648161888
4324 -0.0680769681930542 -0.41726547479629517 -0.1326180398464203
4325 -0.06865724921226501 -0.07201775163412094 0.1565227210521698
4326 0.03971443697810173 0.041400063782930374 0.1313188672065735
4327 -0.0041536386124789715 0.23051482439041138 0.15749356150627136
4328 -0.007460077293217182 0.11630500853061676 -0.08341407030820847
4329 -0.0049767266027629375 0.4759882092475891 0.014989952556788921
4330 -0.12093811482191086 -0.42402052879333496 -0.05079606920480728
4331 -0.039872828871011734 0.4201687276363373 0.1456371545791626
4332 0.14704442024230957 0.06657399982213974 -0.01827455870807171
4333 0.1554032415151596 -0.3906829357147217 0.08099906146526337
4334 0.07727634161710739 -0.39285725355148315 -0.16106466948986053
4335 -0.030343379825353622 -0.17742052674293518 -0.0038543096743524075
4336 0.08530094474554062 -0.34702011942863464 -0.15561944246292114
4337 0.05172063037753105 0.01747077889740467 0.15968257188796997
4338 -0.16085806488990784 -0.110134057700634 -0.08118710666894913
4339 0.028191780671477318 0.43532806634902954 -0.08944161981344223
4340 -0.0021064092870801687 -0.04298434779047966 -0.063114695250988
4341 -0.11180028319358826 -0.47398754954338074 0.03075537644326687
4342 -0.12422565370798111 0.009005792438983917 -0.1066841185092926
4343 -0.13528455793857574 0.43529319763183594 -0.09841018915176392
4344 0.08989079296588898 -0.17305684089660645 -0.011093868874013424
4345 0.15751172602176666 0.2983089089393616 0.01891075260937214
4346 -0.056887730956077576 -0.47760534286499023 -0.0012252165470272303
4347 0.03054991364479065 -0.28924161195755005 0.013411324471235275
4348 -0.15302610397338867 0.36835384368896484 -0.024252548813819885
4349 -0.055832356214523315 -0.08531980216503143 0.1427036076784134
4350 0.005659421440213919 0.2681465446949005 0.17805619537830353
4351 0.05046558752655983 0.19511590898036957 -0.1683090627193451
4352 -0.0579196996986866 -0.06908182799816132 0.07844492793083191
4353 0.11957443505525589 -0.06926694512367249 -0.13047665357589722
4354 0.08509107679128647 -0.12884008884429932 -0.10256852954626083
4355 -0.014353438280522823 0.3840233087539673 -0.07379767298698425
4356 0.015239973552525043 -0.46870478987693787 0.08473651111125946
4357 -0.17631080746650696 0.222677543759346 -0.02970726601779461
4358 -0.044613391160964966 0.14427737891674042 -0.08823640644550323
4359 0.02642877958714962 0.3804922103881836 -0.017036747187376022
4360 -0.0654153898358345 -0.010696344077587128 -0.0041001103818416595
4361 -0.033516496419906616 0.10833689570426941 -0.1302531659603119
4362 0.11832018941640854 -0.1183127909898758 -0.13246656954288483
4363 -0.06429976969957352 0.4269552230834961 -0.013416815549135208
4364 0.04260263219475746 0.449814110994339 -0.14934375882148743
4365 -0.15430134534835815 0.23416049778461456 -0.03862990811467171
4366 -0.04101591184735298 -0.3787340223789215 -0.005025714170187712
4367 -0.11508933454751968 -0.08885403722524643 0.1325836032629013
4368 0.11382400244474411 0.2378828078508377 -0.0017272282857447863
4369 -0.014596294611692429 -0.3033304810523987 -0.12607769668102264
4370 0.172084242105484 -0.4804701805114746 0.05441863462328911
4371 0.11730941385030746 -0.4026230573654175 0.027173776179552078
4372 -0.09367228299379349 0.3073156177997589 -0.11154882609844208
4373 0.002155155874788761 0.21637998521327972 -0.15326577425003052
4374 0.05311447009444237 -0.46657389402389526 0.16233065724372864
4375 -0.05656476318836212 0.23336349427700043 -0.13917532563209534
4376 0.07142231613397598 0.25022342801094055 0.15586288273334503
4377 0.043441709131002426 0.21350756287574768 0.17201045155525208
4378 -0.014560557901859283 -0.4786262512207031 -0.1785350888967514
4379 0.0583806075155735 0.2933889627456665 0.12024762481451035
4380 -0.14087985455989838 0.309546560049057 -0.03233787417411804
4381 0.03903790935873985 -0.15552973747253418 0.021573398262262344
4382 0.1455327272415161 -0.23551106452941895 0.044417064636945724
4383 0.1388939470052719 0.15404890477657318 -0.1114729791879654
4384 -0.031831324100494385 0.46358928084373474 -0.09281373023986816
4385 -0.03686913102865219 0.21939238905906677 -0.13119497895240784
4386 -0.08663884550333023 0.0865047425031662 -0.036830753087997437
4387 -0.009723900817334652 0.07246794551610947 0.07917241752147675
4388 0.10192649066448212 0.06799063831567764 0.06495440751314163
4389 0.062035877257585526 0.07871200144290924 0.10928825289011002
4390 0.0873929113149643 -0.13549132645130157 0.14943373203277588
4391 -0.010749397799372673 0.14954160153865814 -0.0919417217373848
4392 0.1539609581232071 0.45887479186058044 -0.036440905183553696
4393 0.16029314696788788 -0.4067031443119049 -0.02807045541703701
4394 -0.14918354153633118 0.36831218004226685 -0.07376052439212799
4395 -0.09017235785722733 0.2334044873714447 0.0177947748452425
4396 0.15904761850833893 -0.2745074927806854 -0.08309683203697205
4397 -0.12935306131839752 0.25458836555480957 -0.03507434204220772
4398 0.14388889074325562 -0.05908422917127609 -0.062421247363090515
4399 0.001130671240389347 -0.4595240652561188 -0.08658311516046524
4400 -0.08256473392248154 -0.09473768621683121 0.11061660945415497
4401 0.0865984559059143 0.3718145787715912 0.1300802230834961
4402 -0.14164426922798157 -0.47632747888565063 0.11038091778755188
4403 0.001044376869685948 -0.421949177980423 0.12458626180887222
4404 0.0842968299984932 0.24441559612751007 -0.015706351026892662
4405 0.16586525738239288 0.28905585408210754 -0.058075156062841415
4406 0.1049194484949112 0.19622303545475006 -0.03214491531252861
4407 -0.14489006996154785 0.15559476613998413 -0.01518994104117155
4408 -0.10696230828762054 -0.38569948077201843 -0.05029551312327385
4409 0.04660632833838463 0.1324697732925415 0.10742725431919098
4410 0.13781021535396576 -0.3058224320411682 0.10726196318864822
4411 0.17704619467258453 -0.10794708877801895 0.02805659919977188
4412 0.013292300514876842 0.04473297297954559 0.09504000097513199
4413 -0.15145361423492432 0.07079510390758514 0.08196260780096054
4414 -0.08236436545848846 -0.43637388944625854 0.12754447758197784
4415 0.17484374344348907 0.12625491619110107 -0.038765884935855865
4416 -0.14651498198509216 0.38241687417030334 -0.04054251313209534
4417 -0.05925704911351204 0.4463731348514557 0.03608716279268265
4418 0.016342177987098694 0.23224420845508575 -0.12562941014766693
4419 0.00644225999712944 0.36125409603118896 -0.1782226711511612
4420 -0.10689777135848999 0.4290600121021271 0.07018392533063889
4421 -0.12069468200206757 -0.1639762818813324 -0.04930723458528519
4422 -0.09451738744974136 0.1957293003797531 0.14032651484012604
4423 0.028481323271989822 -0.47666263580322266 0.05193360894918442
4424 0.05975457280874252 -0.12859322130680084 0.12615877389907837
4425 0.1274244636297226 -0.3638489544391632 0.07007990777492523
4426 0.06049522012472153 0.0704861581325531 -0.10950735211372375
4427 -0.018589520826935768 0.4421509802341461 0.17776887118816376
4428 0.1506413370370865 0.43646395206451416 0.04381886124610901
4429 -0.1074206531047821 0.21352317929267883 -0.12840484082698822
4430 0.011021112091839314 -0.036214325577020645 -0.10348105430603027
4431 -0.08126021176576614 0.44728291034698486 0.1588490903377533
4432 -0.16499537229537964 -0.05348099023103714 0.027593044564127922
4433 0.05008498206734657 -0.2789705693721771 0.14604149758815765
4434 -0.04194221273064613 0.3941284418106079 0.12537294626235962
4435 0.15762558579444885 -0.4434376358985901 -0.03357306867837906
4436 -0.16840142011642456 0.4610738754272461 0.06722096353769302
4437 -0.036289606243371964 0.11195895820856094 -0.1698153018951416
4438 -0.10725957155227661 0.3270845413208008 0.06960062682628632
4439 0.10989003628492355 0.17321626842021942 -0.07955224812030792
4440 0.09109489619731903 0.30216675996780396 0.08812925219535828
4441 -0.1449122279882431 0.26878103613853455 -0.0031576508190482855
4442 0.14909407496452332 0.17423702776432037 -0.06443861126899719
4443 0.043202027678489685 0.24931547045707703 0.11730208247900009
4444 -0.09718966484069824 0.40586137771606445 -0.1374814212322235
4445 -0.17025761306285858 -0.4427242577075958 0.026590432971715927
4446 -0.1298406571149826 0.00737222284078598 0.11414080858230591
4447 -0.04191180318593979 0.29480883479118347 -0.1273016333580017
4448 0.008869064971804619 -0.2821814715862274 -0.06464802473783493
4449 -0.034455787390470505 -0.4317167103290558 -0.005832790397107601
4450 -0.1716684252023697 0.15048335492610931 0.049788810312747955
4451 -0.03831743076443672 -0.3079286515712738 0.0783035084605217
4452 0.12288965284824371 0.11372217535972595 0.10710545629262924
4453 0.14135052263736725 0.322269469499588 0.07195542752742767
4454 -0.05044011399149895 -0.406515508890152 -0.016608037054538727
4455 -0.11020766198635101 0.11110792309045792 0.08663052320480347
4456 0.032750651240348816 -0.33294761180877686 0.17366980016231537
4457 0.13112814724445343 -0.3843804597854614 -0.05446716398000717
4458 -0.04906590282917023 0.2237919121980667 0.042961668223142624
4459 0.08117406070232391 -0.05287246033549309 0.10059790313243866
4460 -0.06826581805944443 -0.13467653095722198 0.017144810408353806
4461 -0.02668910287320614 0.21469134092330933 0.05572978034615517
4462 0.0008700373000465333 0.4637172520160675 -0.0467824749648571
4463 0.02349914237856865 -0.26684829592704773 0.11157282441854477
4464 0.041820868849754333 -0.15656381845474243 0.16514703631401062
4465 0.0661248117685318 -0.3298112154006958 -0.06672098487615585
4466 -0.012230546213686466 0.024434654042124748 -0.17959848046302795
4467 0.018306570127606392 -0.11193081736564636 -0.18001757562160492
4468 0.10109814256429672 0.283804327249527 -0.04881244897842407
4469 -0.17552796006202698 -0.21423648297786713 -0.034295372664928436
4470 0.12685571610927582 0.26828595995903015 0.1142023578286171
4471 -0.15024404227733612 -0.32611361145973206 0.001110531622543931
4472 0.05930669605731964 0.20599409937858582 0.10883039236068726
4473 -3.8560603570658714e-05 0.3758770227432251 0.158925399184227
4474 -0.1405036300420761 0.4367833733558655 0.08891690522432327
4475 0.13909360766410828 0.41634371876716614 -0.10239063203334808
4476 0.13537055253982544 0.08627448976039886 0.05533085763454437
4477 0.17979493737220764 -0.24611684679985046 0.01625753380358219
4478 -0.06039853394031525 0.24319206178188324 0.12789058685302734
4479 -0.14219903945922852 0.010333108715713024 0.04273197799921036
4480 -0.0799698606133461 -0.37299343943595886 0.08845821022987366
4481 0.09585165977478027 -0.40568503737449646 0.05948485806584358
4482 -0.006124594714492559 0.15841315686702728 -0.14168673753738403
4483 0.05519664287567139 -0.2156933844089508 0.027122532948851585
4484 -0.017233956605196 0.1328803300857544 -0.014740915037691593
4485 -0.024015992879867554 -0.392160564661026 0.08101773262023926
4486 0.06070799380540848 -0.06252257525920868 0.11909818649291992
4487 0.08186917752027512 -0.4783724844455719 0.06823232769966125
4488 0.10564591735601425 -0.47759225964546204 -0.025168433785438538
4489 -0.08885063230991364 0.051685646176338196 -0.11668145656585693
4490 0.14289894700050354 0.47127553820610046 -0.09199830889701843
4491 0.012542545795440674 0.2663801312446594 -0.17322713136672974
4492 0.17577815055847168 -0.4789758324623108 -0.0318334624171257
4493 0.11750514060258865 -0.15474370121955872 0.09106159955263138
4494 -0.0012172433780506253 -0.2761763334274292 0.10263179242610931
4495 -0.12170228362083435 -0.3626050651073456 0.1257603019475937
4496 0.028140151873230934 0.03549034148454666 -0.024374965578317642
4497 0.05708641558885574 -0.2716052830219269 0.06320206820964813
4498 0.034618355333805084 -0.1463228166103363 0.08768076449632645
4499 0.12970131635665894 -0.45399248600006104 -0.11667393893003464
4500 -0.018075697124004364 0.3460525572299957 0.14153240621089935
4501 0.16648080945014954 0.4031376540660858 -0.03257964551448822
4502 -0.1267753690481186 -0.026921948418021202 -0.06415514647960663
4503 0.06325982511043549 -0.22593574225902557 0.1535666286945343
4504 -0.0030634445138275623 -0.08075924217700958 0.05774879828095436
4505 -0.11308036744594574 0.4350720942020416 -0.03815295174717903
4506 0.10342598706483841 0.4580041170120239 -0.029526641592383385
4507 0.027285881340503693 0.08526795357465744 -0.10603868216276169
4508 0.11439523845911026 -0.3069990873336792 0.1377844512462616
4509 -0.14826969802379608 -0.15229471027851105 -0.0593581348657608
4510 -0.08498397469520569 -0.04253450036048889 -0.03907037898898125
4511 0.007104570511728525 0.2722211182117462 -0.1289353370666504
4512 -0.02817705273628235 0.1911746859550476 -0.1365508735179901
4513 -0.030216453596949577 0.3578490912914276 0.07415814697742462
4514 -0.033632803708314896 -0.265694260597229 0.08887064456939697
4515 -0.015979191288352013 -0.43090373277664185 0.14130693674087524
4516 -0.09551257640123367 0.3511797785758972 -0.08693193644285202
4517 -0.02054031752049923 0.20810018479824066 -0.06369458138942719
4518 -0.12640215456485748 0.3220476508140564 -0.0017875318881124258
4519 -0.020231541246175766 0.012988364323973656 0.17591863870620728
4520 0.09660977870225906 0.3311009407043457 -0.10076050460338593
4521 0.09437631815671921 0.0525994673371315 -0.09268200397491455
4522 0.08007699251174927 0.14789700508117676 -0.051256097853183746
4523 0.08372396230697632 0.10696875303983688 -0.14299899339675903
4524 0.060526423156261444 -0.24220606684684753 0.13050270080566406
4525 0.08003562688827515 0.25744765996932983 0.13667745888233185
4526 0.12877295911312103 0.2966794967651367 -0.06342081725597382
4527 0.03270220756530762 0.283550888299942 0.12017002701759338
4528 0.09158360213041306 0.28948307037353516 0.10854300111532211
4529 -0.16422705352306366 0.13307860493659973 -0.059761885553598404
4530 0.04453139379620552 -0.1614559292793274 0.11388570815324783
4531 -0.11787086725234985 0.2149936407804489 0.1218348816037178
4532 0.09380005300045013 0.25075018405914307 -0.10008420050144196
4533 -0.09835734963417053 0.0008946965681388974 0.15054713189601898
4534 0.13192541897296906 -0.3006584942340851 0.0247352235019207
4535 -0.0007852977723814547 0.015073254704475403 -0.116042859852314
4536 -0.023110980167984962 -0.345703661441803 0.1694394052028656
4537 0.06536371260881424 0.39789673686027527 0.06973609328269958
4538 0.12875257432460785 -0.4153841733932495 0.041223976761102676
4539 0.07154771685600281 0.2561229169368744 0.09727788716554642
4540 0.00032077572541311383 -0.14375168085098267 -0.1402304619550705
4541 -0.023016395047307014 -0.15152183175086975 -0.15434607863426208
4542 0.08319500833749771 0.3714410960674286 0.15709950029850006
4543 0.07931827008724213 -0.46203023195266724 0.084831602871418
4544 -0.13824112713336945 0.23670846223831177 -0.017971007153391838
4545 0.07505524158477783 0.3145832419395447 0.004566274583339691
4546 0.13579151034355164 -0.2500000596046448 -0.10888202488422394
4547 0.1304187923669815 0.20458853244781494 -0.04455428570508957
4548 0.11257964372634888 0.452231228351593 0.013267655856907368
4549 -0.07641342282295227 -0.1318834275007248 -0.15665672719478607
4550 0.13744309544563293 -0.13835936784744263 0.09071557968854904
4551 0.13853387534618378 0.08246643841266632 -0.03808122128248215
4552 0.08559917658567429 0.38571736216545105 0.06962128728628159
4553 0.13874931633472443 0.061871886253356934 0.10276571661233902
4554 -0.16443531215190887 -0.3235987424850464 0.023568101227283478
4555 0.1033167839050293 0.10881275683641434 -0.024098029360175133
4556 0.07107052206993103 -0.27461907267570496 0.11566890776157379
4557 -0.16253986954689026 0.45946061611175537 0.038986120373010635
4558 0.1355922520160675 -0.2050333172082901 -0.10825856029987335
4559 -0.13709290325641632 0.1898435354232788 0.008270553313195705
4560 -0.14650268852710724 0.17401285469532013 0.017862781882286072
4561 -0.010452670976519585 -0.01992904394865036 -0.01373359840363264
4562 0.05159566178917885 0.23534266650676727 0.14306390285491943
4563 0.056887973099946976 0.30841749906539917 -0.08871141076087952
4564 0.03804195672273636 0.4054712653160095 -0.021515261381864548
4565 -0.15903815627098083 -0.31150174140930176 -0.07651827484369278
4566 -0.0568653866648674 -0.35663411021232605 -0.05469915643334389
4567 -0.03460988402366638 -0.17855079472064972 -0.17387990653514862
4568 -0.05080513283610344 -0.22654610872268677 -0.16630758345127106
4569 0.11637881398200989 0.2954546809196472 0.006644778419286013
4570 0.11191415041685104 -0.2699677646160126 -0.13226383924484253
4571 -0.09396462887525558 -0.32402169704437256 0.10465043038129807
4572 0.16656175255775452 -0.13413190841674805 -0.061218589544296265
4573 -0.02466036006808281 0.019567959010601044 -0.1560298353433609
4574 -0.17488710582256317 0.37814030051231384 0.03666985034942627
4575 -0.009136204607784748 0.40132588148117065 0.15783068537712097
4576 0.15544849634170532 -0.33750247955322266 -0.06249344348907471
4577 -0.05870981886982918 0.20275741815567017 -0.13223178684711456
4578 -0.11419308930635452 0.10744397342205048 -0.06708556413650513
4579 -0.16368067264556885 0.22814367711544037 -0.06383747607469559
4580 0.14054343104362488 0.37822583317756653 -0.04335005581378937
4581 -0.007665351033210754 -0.4348464012145996 0.005929829552769661
4582 0.05379917100071907 0.27769502997398376 0.07780610024929047
4583 -0.1599264293909073 -0.345520943403244 0.0130188362672925
4584 -0.12028613686561584 0.4303470551967621 0.13104549050331116
4585 -0.14518702030181885 0.12256594002246857 0.08638977259397507
4586 -0.10906078666448593 -0.3855683505535126 0.05564349517226219
4587 0.021945493295788765 0.3531937003135681 -0.0684933140873909
4588 -0.032890912145376205 0.312785804271698 0.11560950428247452
4589 -0.05746045336127281 -0.18181553483009338 0.09416332095861435
4590 -0.08750192075967789 0.18390317261219025 -0.0034679791424423456
4591 0.031222878023982048 -0.29603517055511475 -0.11364053189754486
4592 0.1334785372018814 0.47786274552345276 -0.02228085696697235
4593 0.049325667321681976 -0.2027198076248169 -0.025345472618937492
4594 0.09455719590187073 -0.3750196397304535 -0.15297476947307587
4595 0.07765980809926987 0.455666184425354 -0.029061857610940933
4596 -0.03280177712440491 -0.055527463555336 0.05103135481476784
4597 0.17303267121315002 -0.11658633500337601 -0.034167755395174026
4598 -0.102464959025383 -0.37036779522895813 0.0015890573849901557
4599 -0.0705765038728714 0.1532619744539261 -0.09589264541864395
4600 0.018329862505197525 0.2329641729593277 -0.1701270043849945
4601 0.06721378862857819 -0.15254007279872894 -0.11466415226459503
4602 0.07547910511493683 0.1937061995267868 0.14707906544208527
4603 0.0038277909625321627 0.44177156686782837 -0.0941980630159378
4604 0.0699567049741745 -0.10094571858644485 0.1256449669599533
4605 -0.09892258793115616 0.30721795558929443 0.13439668715000153
4606 0.055375780910253525 -0.4751438796520233 0.08980926126241684
4607 -0.03488621115684509 -0.3716121315956116 0.11178731173276901
4608 -0.05779775232076645 -0.4487832486629486 -0.1691293567419052
4609 -0.16659986972808838 -0.2315775752067566 0.06707017868757248
4610 -0.17031143605709076 -0.10736368596553802 -0.034702420234680176
4611 0.036302827298641205 0.21849647164344788 0.013247010298073292
4612 0.005007962696254253 0.475790411233902 0.07891660183668137
4613 -0.04318946599960327 0.04800332710146904 -0.11361245065927505
4614 -0.017830414697527885 -0.45489269495010376 -0.0010742477606981993
4615 -0.035715728998184204 0.23508937656879425 -0.14848697185516357
4616 0.1278943419456482 -0.21820074319839478 -0.08455565571784973
4617 0.03005683422088623 0.25718003511428833 -0.05020398646593094
4618 -0.09373451769351959 -0.14831693470478058 0.0774393305182457
4619 0.0529419407248497 0.020496798679232597 -0.11880335956811905
4620 -0.05171572044491768 0.2741304636001587 -0.1681770384311676
4621 0.12677545845508575 0.2753020226955414 0.09421034157276154
4622 0.0448087677359581 0.04226764664053917 -0.06266965717077255
4623 0.026842106133699417 0.41272634267807007 -0.05774541199207306
4624 0.09544666856527328 0.47901949286460876 -0.11417316645383835
4625 0.14593249559402466 0.33542799949645996 0.0950670912861824
4626 -0.05647721514105797 0.2575700879096985 -0.13471093773841858
4627 -0.12025754898786545 -0.14698344469070435 0.08949477970600128
4628 0.17514768242835999 0.19642850756645203 0.005508882459253073
4629 0.053879015147686005 -0.09107056260108948 -0.003725110087543726
4630 0.13635781407356262 0.24987152218818665 0.039342187345027924
4631 -0.11072597652673721 0.10078005492687225 -0.08895337581634521
4632 -0.0840526819229126 -0.43636688590049744 -0.030717968940734863
4633 -0.16944313049316406 0.0008713828283362091 0.058169905096292496
4634 0.07542276382446289 0.13287705183029175 0.12190867960453033
4635 0.143111452460289 0.15619441866874695 -0.040662068873643875
4636 0.007071577478200197 -0.02121943049132824 0.11207567900419235
4637 -0.06648118793964386 -0.38165992498397827 -0.16517013311386108
4638 0.10302173346281052 -0.21882548928260803 0.120273657143116
4639 0.07601922005414963 0.35740965604782104 -0.1317550390958786
4640 -0.05663410946726799 -0.20653021335601807 0.1034960076212883
4641 0.050477780401706696 0.06342750042676926 -0.1346314400434494
4642 0.00953211821615696 0.05882013589143753 -0.09298765659332275
4643 0.07853619009256363 0.1535995602607727 -0.11772347241640091
4644 0.04671438783407211 -0.41726359724998474 -0.011501427739858627
4645 0.10041768848896027 0.23157218098640442 0.07746997475624084
4646 0.11419766396284103 -0.2059439718723297 -0.09895383566617966
4647 0.13623261451721191 -0.15202456712722778 -0.029950270429253578
4648 -0.13996291160583496 0.41926562786102295 -0.011099071241915226
4649 0.08638997375965118 0.42829594016075134 0.023609623312950134
4650 -0.12252271175384521 0.09041304886341095 -0.0754404067993164
4651 0.0789308249950409 -0.440163791179657 -0.051216159015893936
4652 0.09124358743429184 -0.4075135588645935 0.15063197910785675
4653 -0.04200184717774391 0.17466869950294495 0.126967653632164
4654 0.06128063425421715 0.019528724253177643 0.07431002706289291
4655 0.1242208331823349 -0.17928379774093628 -0.10259157419204712
4656 0.14839649200439453 -0.3005772829055786 -0.08755897730588913
4657 -0.13458073139190674 -0.05500578507781029 0.049950726330280304
4658 0.04317216947674751 0.17758475244045258 -0.14422191679477692
4659 -0.11570434272289276 0.43715643882751465 0.09211938828229904
4660 -0.16726765036582947 -0.05023781210184097 0.05742306262254715
4661 0.033872317522764206 -0.20703044533729553 0.11235452443361282
4662 -0.03417131304740906 -0.20146657526493073 -0.14941830933094025
4663 -0.14593370258808136 0.4078429937362671 -0.05311102047562599
4664 -0.024806953966617584 0.240108922123909 -0.17831115424633026
4665 -0.005943623837083578 -0.4206770658493042 -0.06108438968658447
4666 -0.023198997601866722 0.2951405942440033 0.0939771831035614
4667 -0.0406886488199234 -0.46977928280830383 0.013745621778070927
4668 -0.08154267072677612 0.2693592607975006 0.038065455853939056
4669 0.17819541692733765 0.12499992549419403 0.0072576310485601425
4670 -0.150472030043602 -0.40650543570518494 0.04243920370936394
4671 -0.004183945246040821 -0.02003861777484417 0.17330710589885712
4672 -0.077950119972229 -0.012692999094724655 -0.08286146074533463
4673 0.10729791969060898 -0.05549945682287216 -0.11194461584091187
4674 -0.16621281206607819 0.08909878134727478 0.057060934603214264
4675 -0.09084394574165344 0.4633592367172241 0.06014571711421013
4676 -0.1430569291114807 0.22257255017757416 0.04524654895067215
4677 0.054542530328035355 0.1856623888015747 -0.04529393091797829
4678 0.07980900257825851 -0.22990435361862183 0.09223523736000061
4679 -0.060537174344062805 0.27452996373176575 0.09420299530029297
4680 0.015242883935570717 -0.3953467607498169 -0.018692370504140854
4681 -0.08102753013372421 0.2565150260925293 -0.09564435482025146
4682 0.06555905193090439 -0.41826191544532776 0.09717404842376709
4683 0.15275642275810242 -0.38079604506492615 -0.08535296469926834
4684 0.08857438713312149 -0.05753728374838829 -0.027027923613786697
4685 -0.1710149645805359 0.34470871090888977 -0.03678302466869354
4686 0.1733281910419464 0.2892378270626068 -0.01936378702521324
4687 0.11316251009702682 -0.1687985062599182 0.13849523663520813
4688 -0.08150386810302734 -0.23492886126041412 -0.12702038884162903
4689 -0.03316377475857735 -0.16770556569099426 0.12270008027553558
4690 -0.12695932388305664 -0.22656290233135223 0.03170081973075867
4691 -0.16566772758960724 -0.36836254596710205 -0.06616497784852982
4692 -0.0722823515534401 -0.28644859790802 0.13094264268875122
4693 0.017739567905664444 -0.2167656421661377 0.16425493359565735
4694 -0.049447476863861084 0.4490673243999481 -0.1136283203959465
4695 -0.13877391815185547 0.4801994860172272 -0.05143456906080246
4696 0.14317746460437775 0.20046111941337585 -0.06552943587303162
4697 0.13201171159744263 0.26460975408554077 -0.11894334852695465
4698 -0.08896506577730179 -0.06317138671875 0.10255182534456253
4699 -0.09803050756454468 0.3384384214878082 -0.05519464612007141
4700 0.1372758448123932 0.24586424231529236 -0.06263256818056107
4701 -0.11731509119272232 -0.3478424847126007 -0.040150970220565796
4702 0.16121064126491547 0.3760649263858795 0.06933939456939697
4703 0.12616407871246338 0.1926996409893036 0.12386269122362137
4704 -0.1588977873325348 0.18750081956386566 0.08599118888378143
4705 -0.11771979182958603 0.35794657468795776 0.0945841521024704
4706 0.038637325167655945 -0.28379347920417786 -0.13199357688426971
4707 -0.15559981763362885 0.4316297769546509 0.0323767215013504
4708 -0.12330994009971619 -0.06262653321027756 0.12679830193519592
4709 -0.12753541767597198 -0.29868245124816895 0.0842534527182579
4710 -0.008165255188941956 0.12950527667999268 -0.16741566359996796
4711 0.129423588514328 0.18371176719665527 -0.055498965084552765
4712 -0.13147659599781036 -0.1471642553806305 -0.014415182173252106
4713 -0.043031834065914154 0.27328088879585266 0.15886864066123962
4714 0.03504503518342972 0.34319719672203064 0.020572934299707413
4715 0.07157493382692337 0.4083940088748932 0.0004426412924658507
4716 0.08750881254673004 -0.09006912261247635 -0.013820699416100979
4717 0.0009488834766671062 0.38009583950042725 -0.1416727751493454
4718 0.07673973590135574 -0.45924875140190125 -0.15729181468486786
4719 -0.007772782351821661 -0.21118155121803284 -0.1802215874195099
4720 -0.042356885969638824 -0.440575510263443 0.16942889988422394
4721 0.030000122264027596 -0.05383617430925369 0.17405329644680023
4722 0.16773481667041779 0.09750127047300339 -0.030732473358511925
4723 0.09437358379364014 -0.27775198221206665 -0.041767850518226624
4724 0.1520829051733017 -0.3893710970878601 0.05951075255870819
4725 -0.13312126696109772 0.23781825602054596 0.057802531868219376
4726 0.14143528044223785 0.1923861801624298 0.03944871574640274
4727 -0.02601603791117668 0.4101692736148834 -0.03183770179748535
4728 0.13860635459423065 0.16028755903244019 0.03263433650135994
4729 0.06500567495822906 0.34755939245224 0.022258268669247627
4730 0.02008308656513691 0.09249631315469742 -0.044877950102090836
4731 -0.014545000158250332 -0.280161052942276 -0.046284351497888565
4732 0.08999007940292358 0.407039612531662 -0.11489389091730118
4733 -0.1404324769973755 0.43995431065559387 -0.05750374495983124
4734 0.07293035089969635 0.016289643943309784 -0.14699646830558777
4735 0.13716427981853485 0.2144143432378769 0.06653240323066711
4736 0.01566319726407528 -0.25448077917099 0.13253292441368103
4737 -0.005789608228951693 0.37199535965919495 -0.16205400228500366
4738 0.13558745384216309 0.29106029868125916 -0.016489969566464424
4739 -0.07004180550575256 0.2970784306526184 -0.12365460395812988
4740 0.06503304094076157 0.17478907108306885 0.1637001931667328
4741 -0.02364744059741497 -0.4799649119377136 0.1483757644891739
4742 0.040981393307447433 -0.4406973719596863 -0.17354854941368103
4743 0.06809374690055847 0.27851417660713196 0.005125808995217085
4744 -0.17288295924663544 -0.3699941635131836 0.0006664172396995127
4745 0.1579088419675827 -0.04019243270158768 0.00954529084265232
4746 0.11463025957345963 0.3146062195301056 -0.13618002831935883
4747 0.05623587220907211 0.06034678965806961 0.12814165651798248
4748 0.02438315749168396 -0.17057007551193237 0.13462762534618378
4749 -0.034986142069101334 0.1777839958667755 -0.05201089382171631
4750 0.1134149506688118 0.26518675684928894 0.049921829253435135
4751 -0.06668724864721298 0.29690685868263245 -0.16270451247692108
4752 0.15325017273426056 -0.20225898921489716 -0.05638260766863823
4753 0.11567056179046631 0.25254836678504944 0.08693347126245499
4754 -0.13879729807376862 -0.263685405254364 -0.011804833076894283
4755 0.16156946122646332 0.45400872826576233 -0.06880266964435577
4756 -0.03069164790213108 -0.3795595169067383 0.09441035985946655
4757 0.12921012938022614 0.292542040348053 0.12082146853208542
4758 -0.11758911609649658 0.16688184440135956 -0.10972007364034653
4759 0.030241554602980614 -0.19920413196086884 -0.14646103978157043
4760 -0.16790743172168732 -0.46505314111709595 -0.06884786486625671
4761 -0.041442569345235825 -0.2820723056793213 -0.15323634445667267
4762 0.11396205425262451 0.42169249057769775 0.04998587816953659
4763 -0.12207527458667755 -0.21235069632530212 -0.017977789044380188
4764 0.003927158657461405 0.24962975084781647 0.10301307588815689
4765 0.01436609961092472 -0.44574618339538574 -0.003922025207430124
4766 -0.08117946237325668 -0.28542259335517883 0.05087533965706825
4767 0.08908231556415558 0.2537194490432739 0.12085302919149399
4768 -0.02204226888716221 0.30302777886390686 0.17672249674797058
4769 -0.07507657259702682 0.4513246715068817 -0.16037286818027496
4770 0.0136293089017272 0.07144511491060257 -0.179093137383461
4771 0.0009787515737116337 -0.07342931628227234 -0.12232399731874466
4772 0.12911874055862427 -0.381764680147171 0.05243077501654625
4773 0.04269612953066826 -0.18552565574645996 0.038153477013111115
4774 -0.07559894770383835 0.482699453830719 -0.03178000822663307
4775 0.08236780017614365 0.08260640501976013 -0.15711776912212372
4776 -0.08760307729244232 -0.4214899241924286 0.15150682628154755
4777 -0.07945464551448822 0.12593938410282135 0.12576578557491302
4778 0.10973520576953888 -0.39747780561447144 -0.08070818334817886
4779 0.14545433223247528 -0.4753691554069519 0.0041990019381046295
4780 0.03056282363831997 0.06952008605003357 0.09262485057115555
4781 -0.026948964223265648 0.24035997688770294 0.13818487524986267
4782 -0.05917392298579216 -0.32147374749183655 0.04334364831447601
4783 0.16412986814975739 -0.0026926924474537373 -0.008758850395679474
4784 0.05711589753627777 0.17108911275863647 -0.022633593529462814
4785 -0.17038190364837646 -0.18975573778152466 -0.05574698746204376
4786 -0.10746020078659058 -0.29992252588272095 0.017583683133125305
4787 -0.03240525349974632 -0.39685317873954773 -0.13929483294487
4788 -0.08262216299772263 -0.38223183155059814 0.04890960827469826
4789 0.11590331047773361 0.29742851853370667 0.03509404510259628
4790 -0.03993835672736168 0.07906325161457062 0.13762448728084564
4791 0.030455010011792183 0.14364692568778992 -0.11230774968862534
4792 0.020274627953767776 0.15683601796627045 -0.015483876690268517
4793 0.05512198060750961 -0.33979910612106323 0.10264693200588226
4794 0.005798350088298321 -0.341139554977417 -0.09450015425682068
4795 -0.017128044739365578 0.1496824324131012 -0.11509443819522858
4796 -0.09746281802654266 0.3636285066604614 0.05006802827119827
4797 0.083812415599823 0.04676035791635513 -0.010239868424832821
4798 0.11512880027294159 0.4784034490585327 0.10392038524150848
4799 -0.09638489782810211 0.3212239146232605 -0.15176863968372345
4800 0.1276547610759735 -0.45688164234161377 0.01277158036828041
4801 -0.015273542143404484 -0.35980716347694397 0.09558411687612534
4802 0.17234301567077637 -0.12594544887542725 2.2668878955300897e-05
4803 0.12771299481391907 0.4153011739253998 0.09035328030586243
4804 -0.17379963397979736 0.1974867582321167 0.012624836526811123
4805 -0.10968631505966187 -0.40460190176963806 -0.10211241245269775
4806 -0.0458560474216938 0.21676650643348694 0.13324831426143646
4807 -0.17450372874736786 -0.18960005044937134 -0.027687128633260727
4808 0.15747469663619995 -0.013980202376842499 0.08364816009998322
4809 0.09667984396219254 -0.1652914136648178 -0.07047592103481293
4810 -0.00165837281383574 0.072085440158844 -0.14968645572662354
4811 0.1747475117444992 0.06169257313013077 -0.03799938037991524
4812 -0.08542133867740631 -0.1968371868133545 0.09233365207910538
4813 -0.16255058348178864 -0.35462620854377747 -0.04677395522594452
4814 0.08422192931175232 0.21154993772506714 -0.033102333545684814
4815 0.11648443341255188 0.3935672342777252 -0.055932797491550446
4816 0.13252554833889008 0.22724199295043945 0.11423928290605545
4817 0.06209396570920944 0.19831734895706177 0.06417077779769897
4818 0.02868746779859066 -0.2984428107738495 -0.044854532927274704
4819 0.1306755244731903 -0.14503036439418793 0.0010834757704287767
4820 0.06968064606189728 -0.3298981785774231 -0.1434396654367447
4821 -0.15962152183055878 -0.2031051516532898 -0.07773636281490326
4822 -0.09889179468154907 -0.11649559438228607 0.06626063585281372
4823 0.053565144538879395 -0.17019064724445343 -0.13513410091400146
4824 -0.031909286975860596 0.4750039279460907 -0.00026777194580063224
4825 0.07624189555644989 -0.08001257479190826 0.01075542252510786
4826 0.14011582732200623 -0.30668905377388 -0.011507054790854454
4827 -0.11041077226400375 0.03159540891647339 -0.09988448768854141
4828 0.022946715354919434 0.14856122434139252 0.10872131586074829
4829 -0.11802992969751358 -0.3515622913837433 0.09263654053211212
4830 0.15903913974761963 -0.4805908203125 -0.08284614235162735
4831 0.06536490470170975 -0.004808683879673481 -0.01131482981145382
4832 0.1565401405096054 0.14368882775306702 0.0847153291106224
4833 -0.16375061869621277 0.0018403949216008186 -0.03520384803414345
4834 0.03548504412174225 0.0481739304959774 -0.1419191062450409
4835 -0.034217335283756256 0.4428963363170624 -0.15901200473308563
4836 -0.08648073673248291 0.4693869948387146 0.09080442786216736
4837 -0.14621251821517944 -0.3034695088863373 -0.09643075615167618
4838 -0.019460206851363182 -0.4345525801181793 0.11638469249010086
4839 -0.09323696792125702 -0.15810228884220123 -0.07048089802265167
4840 -0.1793326586484909 -0.2250719964504242 0.02406376041471958
4841 0.04528374969959259 0.3710927963256836 0.03915097564458847
4842 -0.07651036232709885 0.21158206462860107 -0.11699816584587097
4843 -0.10875336825847626 0.16784042119979858 0.09170668572187424
4844 -0.14307956397533417 0.19702766835689545 0.03362065553665161
4845 0.1130187138915062 0.21618206799030304 0.00022113438171800226
4846 0.06381046026945114 -0.13747788965702057 0.0029991597402840853
4847 -0.1708061546087265 0.12320829927921295 -0.038670606911182404
4848 -0.1581803262233734 0.15377208590507507 -0.04823804646730423
4849 -0.06147978827357292 0.475152850151062 -0.1296692043542862
4850 -0.10832580178976059 -0.2165442407131195 -0.05872940272092819
4851 0.10313598066568375 0.15015481412410736 -0.06612218171358109
4852 -0.03681948781013489 -0.4783574342727661 -0.08583435416221619
4853 -0.00251012877561152 0.058820661157369614 0.17442812025547028
4854 0.06811708956956863 -0.15070828795433044 0.1611936241388321
4855 -0.11069631576538086 -0.20409563183784485 -0.10165534913539886
4856 -0.06317933648824692 -0.17158111929893494 -0.03014766424894333
4857 0.06792054325342178 0.2724413275718689 -0.03123755380511284
4858 -0.06605970114469528 -0.05355371907353401 -0.07616797834634781
4859 -0.024267936125397682 0.2727341651916504 0.17397376894950867
4860 0.10058274865150452 0.08407202363014221 0.03658305108547211
4861 0.10739169269800186 -0.16252031922340393 0.028384985402226448
4862 0.04133361577987671 0.18903201818466187 0.12064032256603241
4863 -0.007175348233431578 -0.12965218722820282 0.13171645998954773
4864 -0.11318311840295792 0.062370963394641876 -0.0411723367869854
4865 0.0870572105050087 -0.29434335231781006 0.1479169875383377
4866 0.0964641198515892 -0.3032349646091461 -0.07374134659767151
4867 -0.10708145797252655 0.47651994228363037 0.00021466943144332618
4868 0.11388400197029114 -0.03346123918890953 -0.04611824080348015
4869 0.12401557713747025 0.3136161267757416 0.12929178774356842
4870 0.1391739398241043 0.1968396008014679 -0.11344801634550095
4871 0.047282710671424866 0.3623044490814209 -0.019187510013580322
4872 0.12810111045837402 0.48010528087615967 0.00954157393425703
4873 0.08179014921188354 0.3816726803779602 -0.030900495126843452
4874 -0.10090712457895279 0.397518515586853 -0.0634254440665245
4875 -0.030764762312173843 0.16060201823711395 -0.09881560504436493
4876 -0.13273748755455017 0.23332564532756805 0.11246322095394135
4877 -0.09788395464420319 -0.32816582918167114 -0.14769580960273743
4878 -0.06967116892337799 0.1811201125383377 -0.08048751950263977
4879 0.10030646622180939 -0.3103612959384918 0.04912732169032097
4880 0.14185957610607147 0.029134055599570274 0.00021015515085309744
4881 0.02958955615758896 0.13668043911457062 0.00526127964258194
4882 0.05309018865227699 -0.1283397376537323 0.07630830258131027
4883 0.014399559237062931 -0.42663002014160156 0.0835777074098587
4884 -0.04418836906552315 0.22609815001487732 -0.17449599504470825
4885 -0.06390900909900665 0.019648205488920212 -0.14797328412532806
4886 -0.009246725589036942 -0.3427494168281555 0.14787109196186066
4887 -0.11693153530359268 0.3353785574436188 -0.10773514956235886
4888 0.14320474863052368 0.026918023824691772 -0.04236924648284912
4889 -0.13241544365882874 0.3100266754627228 -0.11298015713691711
4890 0.02508128248155117 0.19128325581550598 0.1735694259405136
4891 -0.14418120682239532 -0.3182487487792969 0.06564270704984665
4892 0.039168067276477814 -0.2824059724807739 -0.1657971441745758
4893 -0.08777646720409393 0.3549661934375763 -0.14403821527957916
4894 0.032675690948963165 0.47355490922927856 0.14453020691871643
4895 0.08820609003305435 -0.32623156905174255 0.12306085228919983
4896 0.09707257151603699 -0.3630698323249817 0.13412661850452423
4897 -0.08860581368207932 0.13043786585330963 -0.026141438633203506
4898 0.17088203132152557 0.009178603067994118 0.045792073011398315
4899 0.12270467728376389 -0.23757225275039673 -0.03415264934301376
4900 0.10394016653299332 -0.2677347660064697 0.14279484748840332
4901 -0.04712437465786934 -0.39963433146476746 -0.15485350787639618
4902 0.128826305270195 0.037883732467889786 0.04621516168117523
4903 -0.09278979152441025 0.09930267930030823 0.025857040658593178
4904 -0.0830288678407669 0.2330392748117447 0.13039271533489227
4905 -0.10132915526628494 0.027186885476112366 0.13803167641162872
4906 0.008408362045884132 -0.19759275019168854 0.1290568858385086
4907 0.0378418043255806 0.43617963790893555 -0.12845517694950104
4908 0.03724786639213562 0.4366261065006256 -0.170555979013443
4909 -0.003763427957892418 -0.24625124037265778 0.0858047753572464
4910 -0.08479184657335281 0.21457058191299438 -0.03770136088132858
4911 -0.0024857297539711 0.23442915081977844 -0.1043817326426506
4912 -0.016741374507546425 0.40942153334617615 0.13011637330055237
4913 -0.02602200023829937 -0.23802553117275238 0.15989701449871063
4914 -0.026416916400194168 0.156714528799057 -0.03156423941254616
4915 0.09836895763874054 0.1528409868478775 0.0379500538110733
4916 0.023185914382338524 -0.3980395197868347 0.17632468044757843
4917 0.14816930890083313 -0.2917366623878479 0.041792549192905426
4918 0.1207292452454567 -0.4661863148212433 0.046394459903240204
4919 -0.06757626682519913 -0.14188846945762634 -0.050566837191581726
4920 -0.11944510787725449 0.07500119507312775 0.08156749606132507
4921 -0.08163174986839294 -0.3731882870197296 -0.05195947363972664
4922 -0.13295042514801025 -0.08236188441514969 0.11921127140522003
4923 0.07987504452466965 0.057949621230363846 -0.15875984728336334
4924 0.043758127838373184 0.10979630798101425 0.10532566159963608
4925 0.16318050026893616 0.022301288321614265 -0.06064989045262337
4926 -0.04981038346886635 -0.02474149502813816 -0.06777393817901611
4927 -0.02354058437049389 0.34134408831596375 -0.05615861713886261
4928 -0.13306938111782074 -0.1731816679239273 0.0521296001970768
4929 -0.02404085546731949 0.2820914387702942 -0.15296593308448792
4930 -0.026127316057682037 0.2501799762248993 -0.1038612350821495
4931 -0.04625930264592171 -0.3102432191371918 -0.17183837294578552
4932 0.07805932313203812 0.4455548822879791 -0.1626579314470291
4933 -0.062457695603370667 -0.41776683926582336 0.13500083982944489
4934 -0.01972510851919651 -0.06870163977146149 -0.09480306506156921
4935 -0.04171823337674141 -0.3397219777107239 0.07931850850582123
4936 -0.1334356665611267 -0.18854883313179016 -0.08778849244117737
4937 0.027650441974401474 0.21523533761501312 0.15120355784893036
4938 0.07908908277750015 -0.41320520639419556 -0.12734118103981018
4939 -0.10238861292600632 0.03449017554521561 -0.0029966640286147594
4940 -0.017678797245025635 0.4355395436286926 -0.07485440373420715
4941 0.10455670952796936 -0.4474446475505829 0.14250732958316803
4942 -0.09072857350111008 -0.2070666402578354 -0.010921289213001728
4943 0.15670552849769592 -0.31866711378097534 0.08189073950052261
4944 -0.03274720907211304 -0.07322822511196136 0.11217057704925537
4945 0.09738379716873169 -0.11030780524015427 -0.0889059454202652
4946 -0.12420704960823059 0.2713800370693207 0.07244876772165298
4947 -0.04180089011788368 0.375826358795166 0.15447725355625153
4948 -0.04736163467168808 -0.1392456740140915 -0.01880483515560627
4949 -0.12006737291812897 0.05483419448137283 -0.13051052391529083
4950 -0.03841259703040123 0.11426325142383575 -0.08344780653715134
4951 0.01935020089149475 -0.2293410748243332 0.05954886972904205
4952 -0.06797702610492706 -0.414945125579834 0.07938367873430252
4953 0.06371718645095825 -0.12371060997247696 -0.04935538396239281
4954 -0.048898257315158844 0.3838781416416168 -0.0800863653421402
4955 0.006199943833053112 -0.42262959480285645 -0.018926000222563744
4956 -0.004817039240151644 0.41661015152931213 -0.018867408856749535
4957 0.0031183420214802027 -0.23537786304950714 0.15191753208637238
4958 -0.11606703698635101 0.15219375491142273 0.03417837619781494
4959 0.009231689386069775 0.46611589193344116 -0.011841483414173126
4960 -0.14756284654140472 -0.02263331413269043 -0.03245020657777786
4961 -0.17402468621730804 0.40757283568382263 0.0020749536342918873
4962 -0.11157086491584778 -0.27843353152275085 -0.005278944503515959
4963 0.01997281238436699 0.4090145528316498 -0.09824743866920471
4964 -0.12969064712524414 -0.06462705135345459 -0.011237386614084244
4965 -0.13205495476722717 -0.2360137403011322 -0.0026080538518726826
4966 0.061819352209568024 0.30283409357070923 0.09441641718149185
4967 0.1357165277004242 0.457263708114624 0.00884274858981371
4968 0.04304853826761246 -0.42285043001174927 -0.15289247035980225
4969 -0.031162338331341743 -0.48023656010627747 -0.15597738325595856
4970 0.006092925556004047 -0.3619473874568939 0.03756362572312355
4971 0.07932528853416443 -0.46793800592422485 0.16258877515792847
4972 0.09212230145931244 0.17871272563934326 0.0930144339799881
4973 -0.0991523414850235 -0.055930256843566895 -0.06733115762472153
4974 0.12212949246168137 0.34672340750694275 -0.051250409334897995
4975 -0.0009546048822812736 -0.2887455224990845 -0.1774357259273529
4976 0.12769198417663574 0.3014662265777588 -0.08785732090473175
4977 0.04653780162334442 0.3198224902153015 0.03988051414489746
4978 -0.16701127588748932 -0.12772025167942047 -0.06335654854774475
4979 -0.03351207450032234 -0.4181787967681885 0.050893839448690414
4980 -0.13147827982902527 0.12111248821020126 0.11686614155769348
4981 0.041768938302993774 -0.33062002062797546 -0.17444735765457153
4982 -0.05414203926920891 -0.4811381697654724 -0.053677838295698166
4983 -0.018530739471316338 0.3065182566642761 -0.0059811933897435665
4984 -0.12734843790531158 -0.4261404871940613 -0.12154505401849747
4985 0.09383574873209 0.025481335818767548 0.004314352758228779
4986 -0.08703706413507462 0.3009190559387207 0.03426263481378555
4987 0.08631128817796707 0.36253753304481506 0.0030648154206573963
4988 0.04000863432884216 -0.23806825280189514 0.14744819700717926
4989 -0.1284342259168625 0.19341441988945007 -0.07729845494031906
4990 -0.05386347323656082 -0.3607560098171234 -0.12957240641117096
4991 0.04200272262096405 -0.4442204535007477 0.06730065494775772
4992 0.15164773166179657 0.4167361259460449 -0.011341230012476444
4993 -0.0886232852935791 0.4265812337398529 -0.12433798611164093
4994 -0.052766554057598114 -0.45018813014030457 -0.06533866375684738
4995 0.03011959418654442 0.27822431921958923 0.14622706174850464
4996 -0.083035409450531 -0.446743369102478 -0.05858566612005234
4997 0.07216168940067291 -0.43764883279800415 -0.09262240678071976
4998 0.09137800335884094 -0.04058664292097092 0.1278596967458725
4999 0.1737266182899475 0.050595544278621674 0.035522427409887314
5000 0.006760015618056059 0.3316711187362671 0.14708282053470612
5001 -0.07245736569166183 -0.04728401079773903 0.047337424010038376
5002 0.18052242696285248 0.3107216954231262 -0.007844549603760242
5003 0.025822125375270844 0.252693772315979 0.07644708454608917
5004 -0.00011266789078945294 -0.40522679686546326 -0.03870753198862076
5005 -0.04529698193073273 0.11543276906013489 -0.14882183074951172
5006 0.008059652522206306 0.11535878479480743 -0.17863473296165466
5007 0.11572340875864029 -0.23957611620426178 0.045559272170066833
5008 -0.0021217199973762035 0.46620824933052063 -0.09974917024374008
5009 0.1530558466911316 0.12489137053489685 0.016453372314572334
5010 -0.0032043950632214546 0.21117003262043 -0.03000270389020443
5011 -0.17791834473609924 -0.10298443585634232 0.009539579041302204
5012 -0.1145278811454773 -0.3249184191226959 0.06941480189561844
5013 0.09369105845689774 0.3336760997772217 -0.014000225812196732
5014 -0.007667140569537878 0.23979392647743225 -0.13965103030204773
5015 0.018099641427397728 -0.45333632826805115 -0.06478822976350784
5016 -0.01952824369072914 0.37264302372932434 0.1255672574043274
5017 -0.019785240292549133 0.2114415168762207 -0.14564424753189087
5018 0.04613647237420082 -0.06637316942214966 -0.1470544934272766
5019 0.03698117285966873 0.2556600272655487 0.022837543860077858
5020 0.10779110342264175 -0.2909955084323883 0.1016465350985527
5021 -0.11379840224981308 0.1816725730895996 -0.0013079519849270582
5022 0.07960020005702972 -6.431643123505637e-05 0.01665688306093216
5023 -0.07289323955774307 -0.40250828862190247 -0.07833804190158844
5024 -0.029447806999087334 0.08119422942399979 0.034828007221221924
5025 -0.05080265551805496 -0.4525478482246399 -0.04200354963541031
5026 0.035938113927841187 -0.36525046825408936 0.06778736412525177
5027 0.07836925238370895 -0.1933249831199646 -0.07125742733478546
5028 0.031906891614198685 -0.04078531265258789 -0.15328316390514374
5029 0.12846729159355164 -0.4099031984806061 -0.06466840952634811
5030 0.023797454312443733 -0.42841845750808716 -0.1408686488866806
5031 0.06292407959699631 0.2941393256187439 0.027281636372208595
5032 0.09023129940032959 -0.042356256395578384 0.03116627223789692
5033 -0.04623894393444061 -0.26224061846733093 -0.022603893652558327
5034 -0.07603701204061508 -0.13708145916461945 0.16129057109355927
5035 -0.0896618589758873 -0.4808116555213928 0.027134517207741737
5036 -0.17671549320220947 0.07107024639844894 0.027767252177000046
5037 0.15255790948867798 0.0958300530910492 -0.09617960453033447
5038 0.010061146691441536 0.4250127673149109 -0.17618942260742188
5039 -0.07367866486310959 0.324256956577301 0.017999399453401566
5040 0.17660826444625854 -0.4744807481765747 0.0005161485751159489
5041 0.17901623249053955 -0.2861461341381073 0.008617260493338108
5042 0.06412214785814285 -0.4102993905544281 -0.0363217256963253
5043 -0.13614264130592346 -0.3715626001358032 0.05087531730532646
5044 -0.07808119803667068 0.18074770271778107 0.1108139380812645
5045 0.020303592085838318 -0.4562073349952698 0.1255602389574051
5046 0.1561346799135208 -0.22880057990550995 0.06766603887081146
5047 0.0035996551159769297 -0.25366851687431335 -0.06568194180727005
5048 0.11375308781862259 -0.18387047946453094 0.0870707780122757
5049 0.053728725761175156 0.4712291955947876 -0.1340697854757309
5050 -0.08029402047395706 0.014703654684126377 0.16022638976573944
5051 0.13929124176502228 -0.3146020472049713 -0.051302921026945114
5052 0.04336807504296303 -0.04777003079652786 -0.018672123551368713
5053 -0.0659458264708519 -0.4826020300388336 -0.14715372025966644
5054 0.11331169307231903 0.12479833513498306 -0.13427971303462982
5055 -0.1479976326227188 -0.3229140639305115 -0.10349389165639877
5056 -0.08980017900466919 -0.03566236048936844 -0.14160630106925964
5057 -0.07258270680904388 -0.2341848462820053 0.1599060446023941
5058 0.015389654785394669 -0.4388329088687897 0.068300262093544
5059 -0.04091797396540642 -0.21301591396331787 -0.08900592476129532
5060 0.05043256655335426 -0.3943699300289154 0.1040387824177742
5061 -0.08680203557014465 0.2016569972038269 0.08058837056159973
5062 0.06071046367287636 0.35274872183799744 0.04636557027697563
5063 -0.1528589427471161 -0.27681663632392883 0.01593117229640484
5064 -0.03136240690946579 -0.2692287266254425 0.13583222031593323
5065 -0.00011469928722362965 -0.19736890494823456 0.16344307363033295
5066 0.08486494421958923 0.35432168841362 -0.02994695119559765
5067 0.14581476151943207 -0.4485967457294464 0.05050402134656906
5068 -0.017942124977707863 0.12198179215192795 0.13011549413204193
5069 0.08419260382652283 0.23993182182312012 0.051240913569927216
5070 -0.14739497005939484 0.40362748503685 0.005582310259342194
5071 0.09695777297019958 -0.43721869587898254 -0.11467503756284714
5072 -0.1730421483516693 -0.38853001594543457 0.020807037129998207
5073 -0.08414645493030548 -0.11023884266614914 -0.1566648781299591
5074 0.13816966116428375 -0.41151145100593567 0.08448564261198044
5075 0.0020313176792114973 0.4381631016731262 -0.15733370184898376
5076 0.0808604508638382 0.3372041583061218 -0.15204082429409027
5077 -0.0690164640545845 -0.3483576476573944 0.07880780100822449
5078 -0.10842811316251755 -0.28765779733657837 0.04318257048726082
5079 0.07981345057487488 -0.4829350411891937 -0.08261783421039581
5080 -0.1362381875514984 -0.4201121926307678 -0.001944989082403481
5081 0.0035677803680300713 0.1421203315258026 -2.4450298951705918e-05
5082 -0.06849556416273117 0.24363185465335846 0.03428518772125244
5083 -0.0068214465864002705 -0.18979859352111816 -0.13968367874622345
5084 0.12358482927083969 -0.37155991792678833 -0.09431183338165283
5085 -0.15267658233642578 -0.04689207673072815 -0.034112486988306046
5086 -0.07564061880111694 0.35752928256988525 -0.06428014487028122
5087 -0.09744724631309509 -0.2975359857082367 0.07498299330472946
5088 -0.0764583870768547 0.2911626994609833 0.1617031693458557
5089 0.015217136591672897 0.18166767060756683 0.020129218697547913
5090 0.013555510900914669 -6.72089939257603e-08 -0.17794451117515564
5091 0.09890058636665344 -0.06008371710777283 0.11552169173955917
5092 -0.04631393775343895 -0.39971745014190674 -0.06157778948545456
5093 -0.058687299489974976 0.4758673310279846 0.03424062579870224
5094 0.15072259306907654 -0.21662834286689758 -0.09302715957164764
5095 0.09100605547428131 -0.009659104980528355 -0.12443554401397705
5096 0.029891539365053177 -0.41489410400390625 -0.09680052101612091
5097 -0.0029034840408712626 0.22235122323036194 0.0664316937327385
5098 -0.13719601929187775 -0.25455549359321594 0.07563167810440063
5099 -0.13038399815559387 -0.1552969366312027 -0.082649365067482
5100 0.11227873712778091 -0.3419589698314667 0.1085415706038475
5101 -0.06121283397078514 0.05950166657567024 0.14258813858032227
5102 -0.14138662815093994 0.3414333760738373 0.06275094300508499
5103 -0.01708575151860714 0.0604616142809391 -0.1736874133348465
5104 -0.048812203109264374 0.3405534327030182 0.08773975074291229
5105 -0.024213535711169243 0.1628517061471939 -0.07279591262340546
5106 0.0013115985784679651 -0.3892589211463928 0.1324612945318222
5107 0.13005851209163666 0.06133091449737549 0.018910624086856842
5108 0.013883455656468868 -0.3329502046108246 0.052162639796733856
5109 -0.17596252262592316 -0.040562842041254044 0.00699650077149272
5110 -0.03204702213406563 0.2834340035915375 -0.17396672070026398
5111 -0.1729256957769394 0.4542788565158844 -0.021529054269194603
5112 0.16387057304382324 -0.1308789998292923 0.04549761489033699
5113 -0.12838676571846008 0.21935781836509705 0.005605251993983984
5114 0.15475714206695557 0.3033176362514496 -0.02472597360610962
5115 0.11205487698316574 0.09526637196540833 -0.0031091871205717325
5116 -0.062940813601017 0.20447324216365814 0.08731741458177567
5117 -0.011057858355343342 0.40091457962989807 0.041564036160707474
5118 -0.03216702863574028 -0.46191591024398804 -0.17452947795391083
5119 -0.17154985666275024 0.22832128405570984 0.03756391257047653
5120 -0.06515856832265854 0.3662634491920471 0.10318523645401001
5121 0.09209158271551132 -0.39214423298835754 0.08701176941394806
5122 0.07199975103139877 0.4386671483516693 0.008580505847930908
5123 -0.08106119185686111 0.33188509941101074 0.06240380182862282
5124 0.03945697098970413 0.23153452575206757 -0.12079846113920212
5125 0.07211881875991821 -0.2981923818588257 -0.09914299100637436
5126 0.011899532750248909 -0.383540540933609 0.1048172265291214
5127 0.09958857297897339 0.19242337346076965 -0.07914979010820389
5128 0.08495066314935684 -0.15159021317958832 0.08851539343595505
5129 0.16061274707317352 0.27416133880615234 -0.07897209376096725
5130 0.07915119081735611 0.13252998888492584 0.08188578486442566
5131 0.11037704348564148 -0.33500388264656067 -0.06142063066363335
5132 0.0016484466614201665 0.21751809120178223 0.10126098990440369
5133 0.08502673357725143 0.14044101536273956 0.15164467692375183
5134 -0.12664029002189636 0.3665148913860321 -0.026909764856100082
5135 -0.10641082376241684 -0.438118040561676 -0.06826046854257584
5136 0.013075849041342735 0.2946333885192871 -0.0984111800789833
5137 0.01754297874867916 0.375302255153656 -0.04344674572348595
5138 -0.1526660919189453 0.24728570878505707 0.04054808244109154
5139 0.16048482060432434 -0.035240642726421356 -0.02351495996117592
5140 -0.059959761798381805 -0.3288009762763977 0.06685875356197357
5141 0.16015936434268951 0.1916070431470871 -0.03868341073393822
5142 0.15506349503993988 0.22737908363342285 0.006604109890758991
5143 0.019739778712391853 -0.47789284586906433 -0.00025800600997172296
5144 -0.08627817779779434 0.03241729736328125 0.07285232841968536
5145 0.02515096217393875 0.40135249495506287 0.009041686542332172
5146 0.004045551642775536 -0.006254635285586119 -0.04844549670815468
5147 -0.150136798620224 0.388643354177475 -0.10073073208332062
5148 -0.0731879323720932 -0.002102689351886511 0.0938991978764534
5149 0.0764440968632698 -0.13023431599140167 -0.07476095110177994
5150 0.014853258617222309 0.051027096807956696 0.15686386823654175
5151 0.08415164053440094 0.17310047149658203 0.060782745480537415
5152 -0.09913320094347 -0.07220055907964706 -0.08737525343894958
5153 -0.029208248481154442 0.2503744959831238 -0.017994113266468048
5154 -0.11092667281627655 -0.11729267239570618 -0.11767499893903732
5155 -0.10684171319007874 -0.2895767092704773 -0.14533565938472748
5156 -0.13891516625881195 0.1209053322672844 -0.011660528369247913
5157 0.016478536650538445 0.33287638425827026 0.0463532954454422
5158 0.04133662208914757 -0.21597805619239807 0.15786567330360413
5159 -0.12864653766155243 0.021806130185723305 0.08935469388961792
5160 -0.10590873658657074 0.39334163069725037 0.06053037568926811
5161 0.17665095627307892 -0.08928577601909637 0.0032012516167014837
5162 -0.08967394381761551 -0.35760465264320374 0.07453601807355881
5163 0.01320407073944807 0.08656386286020279 -0.16095928847789764
5164 0.08824403584003448 -0.3397262692451477 0.08234892040491104
5165 -0.03280911594629288 -0.407816082239151 0.0009095789864659309
5166 -0.0602278858423233 0.1984524130821228 0.12001989781856537
5167 -0.02586260810494423 0.48013466596603394 -0.13728845119476318
5168 0.05301623046398163 0.32899031043052673 0.010663381777703762
5169 -0.1430397480726242 0.3676428496837616 0.060543764382600784
5170 0.000956948206294328 0.254044771194458 0.06250008195638657
5171 0.11801398545503616 -0.13341699540615082 0.024112079292535782
5172 -0.11591032147407532 -0.0245871189981699 0.009996067732572556
5173 -0.01701773703098297 -0.21636773645877838 0.06463608145713806
5174 0.04845881834626198 0.42936575412750244 0.005926791112869978
5175 -0.15121547877788544 -0.15976868569850922 -0.012531659565865993
5176 -0.10817514359951019 0.47365179657936096 0.13433624804019928
5177 -0.07313413918018341 0.4457876682281494 -0.08935254067182541
5178 0.11042553186416626 -0.09938091784715652 0.0009779930114746094
5179 -0.14881110191345215 0.27270564436912537 -0.09620116651058197
5180 0.039057523012161255 -0.06415105611085892 -0.06623827666044235
5181 -0.029175296425819397 0.15233033895492554 0.0733180046081543
5182 0.11236917972564697 0.1510571837425232 0.1082296073436737
5183 0.07310892641544342 0.0952165350317955 0.13037508726119995
5184 -0.1109422892332077 0.4760288894176483 0.025009840726852417
5185 -0.08809521794319153 0.3790462613105774 0.06467664986848831
5186 -0.17769140005111694 0.16309963166713715 0.020391695201396942
5187 -0.1075403019785881 -0.06319860368967056 0.035384662449359894
5188 -0.10856441408395767 -0.35068872570991516 -0.018612859770655632
5189 0.0864555686712265 0.13218194246292114 -0.1327693909406662
5190 0.09477832168340683 0.46147558093070984 -0.005623155739158392
5191 0.1190347671508789 0.45748865604400635 0.09963315725326538
5192 0.07839691638946533 0.3309886157512665 0.13174432516098022
5193 0.06817686557769775 -0.3529566824436188 0.048188693821430206
5194 0.04425416514277458 0.20176087319850922 0.03857940435409546
5195 0.10999364405870438 0.3283577561378479 0.0711403414607048
5196 0.07229269295930862 -0.22149237990379333 0.1319287121295929
5197 0.038423772901296616 -0.3122014105319977 0.10938195884227753
5198 -0.08550260961055756 -0.3713235855102539 -0.1325949728488922
5199 0.13834214210510254 -0.4245626926422119 -0.04305792972445488
5200 -0.03960920870304108 -0.3932594954967499 0.05347271263599396
5201 -0.026197010651230812 -0.45792269706726074 -0.09330619871616364
5202 0.06209179386496544 0.33828243613243103 0.07081352174282074
5203 -0.020494645461440086 -0.16237996518611908 0.08118011802434921
5204 -8.04411101853475e-05 -0.001569956773892045 -0.1457081288099289
5205 0.11474048346281052 0.26566776633262634 0.1382424235343933
5206 0.040236398577690125 -0.36751365661621094 0.03326752409338951
5207 0.07235178351402283 0.05055030807852745 -0.13756303489208221
5208 -0.05377160385251045 0.33623042702674866 -0.00753185898065567
5209 -0.0009283911203965545 0.3367709517478943 0.16446082293987274
5210 -0.04643317312002182 -0.09460471570491791 0.010828819125890732
5211 0.019135115668177605 -0.0018118472071364522 0.15142212808132172
5212 0.12109149992465973 -0.15394781529903412 -0.1275571882724762
5213 -0.02759825624525547 -0.19718970358371735 -0.1063181459903717
5214 -0.06350608915090561 0.14834997057914734 0.05440010875463486
5215 0.03172605484724045 -0.2621130645275116 -0.020799564197659492
5216 0.1576704978942871 -0.19943588972091675 0.07206206768751144
5217 0.14865155518054962 -0.2356741577386856 0.09824535995721817
5218 0.042807601392269135 -0.30264201760292053 0.15372180938720703
5219 0.057542990893125534 0.43745893239974976 0.04366733506321907
5220 -0.05967303365468979 0.047092173248529434 0.16345152258872986
5221 -0.04995147883892059 0.328614205121994 0.015209085308015347
5222 0.1104298010468483 0.12864966690540314 -0.10506118088960648
5223 0.05591880902647972 0.2647719085216522 -0.06340593099594116
5224 -0.06016739457845688 -0.10629501193761826 -0.08617741614580154
5225 -0.15858221054077148 -0.09321191906929016 0.03230631723999977
5226 -0.14700740575790405 0.3839528560638428 0.0358484722673893
5227 0.01878810115158558 0.3773232102394104 0.09426257014274597
5228 0.13177788257598877 -0.17109143733978271 0.08690649271011353
5229 -0.02641279809176922 0.2010943591594696 -0.011670837178826332
5230 0.0506243035197258 0.16078557074069977 0.06568142026662827
5231 0.12096850574016571 -0.02291962318122387 0.0055838278494775295
5232 0.11270652711391449 -0.3462867736816406 0.13679705560207367
5233 0.1635628491640091 -0.40966084599494934 0.06813502311706543
5234 0.061857111752033234 0.025896048173308372 -0.02832712233066559
5235 -0.10933690518140793 -0.4475487768650055 -0.019920609891414642
5236 -0.09174881130456924 0.22286853194236755 0.05206533521413803
5237 -0.15354514122009277 0.017590748146176338 -0.09361205995082855
5238 0.11213846504688263 -0.0870804414153099 0.125996395945549
5239 0.12416188418865204 0.432969868183136 0.0310257226228714
5240 -0.12029361724853516 0.40634897351264954 0.13059420883655548
5241 0.03764151409268379 -0.18493954837322235 0.16995279490947723
5242 0.06827248632907867 -0.17379678785800934 0.1307561844587326
5243 0.1449708491563797 0.1081627681851387 0.046916816383600235
5244 -0.13701458275318146 -0.2759092152118683 -0.11295104771852493
5245 -0.1601613610982895 0.13379251956939697 -0.0014952595811337233
5246 -0.11221566051244736 -0.36221879720687866 0.05059514939785004
5247 0.0420670323073864 0.29851680994033813 0.05216960981488228
5248 -0.08120178431272507 -0.39604443311691284 -0.16174030303955078
5249 0.15579311549663544 0.0897798016667366 0.0826689749956131
5250 0.12835918366909027 -0.15429644286632538 0.0678354874253273
5251 0.05913349613547325 0.014621874317526817 -0.057654764503240585
5252 0.1306692510843277 -0.029480604454874992 0.0914577916264534
5253 0.027493061497807503 -0.013883023522794247 -0.004216809291392565
5254 -0.0380675233900547 0.4537099301815033 0.09373392164707184
5255 0.057569604367017746 0.17805854976177216 0.13729357719421387
5256 0.06882544606924057 0.3016626834869385 -0.1062050610780716
5257 -0.09316791594028473 -0.10574595630168915 0.0225306935608387
5258 -0.07361825555562973 -0.4204460382461548 -0.010415804572403431
5259 0.03769178315997124 -0.0040754880756139755 -0.07027841359376907
5260 -0.10165821760892868 0.34295931458473206 -0.02030971460044384
5261 -0.052280981093645096 -0.24694563448429108 -0.11954675614833832
5262 0.032182078808546066 -0.09596725553274155 0.02015235647559166
5263 0.16345052421092987 -0.3131924867630005 -0.0599968358874321
5264 -0.013407858088612556 -0.10519282519817352 0.017366759479045868
5265 0.10483679175376892 0.4335704445838928 -0.11296554654836655
5266 0.07629723101854324 -0.3078155815601349 -0.041354477405548096
5267 -0.17321862280368805 0.022392483428120613 0.028775043785572052
5268 0.109131820499897 -0.37846851348876953 0.09662053734064102
5269 0.013127212412655354 0.45275476574897766 0.017907166853547096
5270 0.1376609206199646 0.024358047172427177 0.08515823632478714
5271 0.068013496696949 0.2000729888677597 -0.11889441311359406
5272 -0.14928431808948517 0.2379642128944397 0.09190580993890762
5273 0.0758679211139679 -0.3952281177043915 0.1453777700662613
5274 -0.10155760496854782 -0.09778907895088196 -0.12739060819149017
5275 -0.11396381258964539 -0.12694625556468964 -0.040132589638233185
5276 -0.15598399937152863 -0.023456500843167305 0.07153761386871338
5277 0.02986987493932247 0.16205689311027527 -0.04794393107295036
5278 -0.059896960854530334 -0.43380841612815857 -0.09824167191982269
5279 0.005525385029613972 0.2492673248052597 -0.053765688091516495
5280 0.027604637667536736 0.1521073877811432 -0.17579349875450134
5281 -0.09785403311252594 -0.035409748554229736 -0.09085386991500854
5282 -0.060130901634693146 0.4086434841156006 0.00911720097064972
5283 0.09670376777648926 0.16495755314826965 -0.029206907376646996
5284 0.12194100767374039 -0.4097415506839752 0.12427191436290741
5285 -0.05802946537733078 -0.14256761968135834 -0.14012925326824188
5286 0.06382634490728378 0.10459405928850174 -0.05429139360785484
5287 0.14649558067321777 -0.1331646740436554 0.02172112464904785
5288 -0.04336586967110634 0.24038946628570557 0.08432746678590775
5289 0.09334179013967514 0.27651843428611755 0.14860793948173523
5290 -0.03941383212804794 0.3424566984176636 0.13599711656570435
5291 0.04505676403641701 -0.033945512026548386 -0.05574265122413635
5292 0.09142442047595978 0.08778766542673111 0.13662120699882507
5293 0.02863398939371109 -0.0009030611254274845 -0.1043989360332489
5294 -0.035630229860544205 -0.0972483903169632 0.06707464158535004
5295 -0.006544515956193209 0.4708179235458374 0.16825929284095764
5296 -0.02154381573200226 -0.16428278386592865 -0.04622414708137512
5297 -0.08926007151603699 -0.23668502271175385 0.08817560970783234
5298 -0.03143235296010971 -0.3473811447620392 -0.11239172518253326
5299 -0.17143577337265015 -0.2747512757778168 -0.009085515514016151
5300 0.010808889754116535 0.12951970100402832 -0.04074360430240631
5301 -0.13346074521541595 0.032368969172239304 0.00016669028264004737
5302 0.17125259339809418 0.3263428509235382 -0.050480280071496964
5303 0.07672359049320221 -0.120423324406147 0.1404680758714676
5304 -0.04826175794005394 0.4799388647079468 -0.020950790494680405
5305 -0.11704321205615997 0.1315789520740509 -0.026417067274451256
5306 -0.09208458662033081 -0.3166173994541168 0.04613634571433067
5307 -0.1550886482000351 -0.21405181288719177 0.031425293534994125
5308 0.018753640353679657 0.15841099619865417 0.011476031504571438
5309 0.11389601975679398 -0.39780086278915405 0.04878958314657211
5310 0.08370210230350494 0.23171426355838776 -0.05085638538002968
5311 -0.048633698374032974 -0.1211990937590599 0.0025047080125659704
5312 -0.08431439101696014 -0.1141318753361702 0.15632858872413635
5313 0.05078458786010742 0.3080219328403473 0.16876448690891266
5314 -0.09151548892259598 -0.415824830532074 0.03856385499238968
5315 -0.03692043200135231 0.08099081367254257 -0.13025937974452972
5316 -0.06724091619253159 -0.24715344607830048 0.02513890340924263
5317 -0.10306863486766815 0.2249799370765686 0.09527500718832016
5318 0.09780547022819519 -0.23485057055950165 0.14970242977142334
5319 0.10092021524906158 0.3170214295387268 0.012617909349501133
5320 -0.057640448212623596 -0.3017462491989136 0.16545408964157104
5321 -0.06186370924115181 0.17764848470687866 -0.054846636950969696
5322 0.1418548971414566 0.15229734778404236 0.06116267666220665
5323 0.1346527338027954 -0.38593339920043945 0.02928377129137516
5324 -0.05957002565264702 -0.16052275896072388 -0.10606741160154343
5325 -0.036014948040246964 0.27560847997665405 -0.1083088293671608
5326 -0.052875716239213943 -0.04483501985669136 0.06649015843868256
5327 -0.17583325505256653 0.3719123303890228 0.009492004290223122
5328 -0.1025906428694725 0.04654373601078987 0.11933884769678116
5329 -0.07825729995965958 -0.06963775306940079 0.13596211373806
5330 0.0018265970284119248 0.23623080551624298 0.17790330946445465
5331 0.08050689846277237 -0.4042501747608185 -0.013104750774800777
5332 -0.02689579874277115 0.15773457288742065 -0.15206855535507202
5333 0.021380247548222542 -0.3867654502391815 0.049783531576395035
5334 0.03102925419807434 -0.03647158294916153 0.11874908208847046
5335 -0.05677356943488121 0.2772830128669739 0.02035529352724552
5336 -0.029017170891165733 0.3957131505012512 0.14556369185447693
5337 -0.12737223505973816 -0.30908823013305664 -0.03868086636066437
5338 0.06841713190078735 -0.11344829946756363 -0.15885886549949646
5339 -0.07821834832429886 0.33300960063934326 -0.14114297926425934
5340 0.013777822256088257 -0.3173386752605438 -0.07018900662660599
5341 0.005207020323723555 -0.2807515859603882 0.1724548041820526
5342 -0.004360417369753122 0.013713626191020012 -0.0788804292678833
5343 0.08710000663995743 0.2770462930202484 0.04836833477020264
5344 0.17482106387615204 0.26670295000076294 0.03409682214260101
5345 -0.09904087334871292 -0.4330017566680908 -0.10462319850921631
5346 0.10952837765216827 -0.31472012400627136 -0.03295278176665306
5347 0.0020268887747079134 0.10522766411304474 -0.1068406030535698
5348 -0.053666580468416214 0.14941298961639404 -0.14179697632789612
5349 -0.049850303679704666 -0.4794231653213501 -0.11161470413208008
5350 -0.045785896480083466 0.2124640941619873 -0.060932859778404236
5351 -0.16476912796497345 -0.3851896822452545 0.05821903049945831
5352 0.04411695897579193 0.2799108028411865 0.015737073495984077
5353 0.038084860891103745 0.29457709193229675 -0.13473136723041534
5354 0.0005855854833498597 -0.15063948929309845 -0.013262281194329262
5355 0.07679323107004166 0.15925896167755127 -0.13725592195987701
5356 -0.12747085094451904 0.05315477028489113 0.06202467158436775
5357 0.10855233669281006 -0.11403342336416245 0.017884373664855957
5358 0.08837468922138214 -0.05292138084769249 0.1513167917728424
5359 0.03011389635503292 -0.1152012050151825 0.1401391625404358
5360 -0.07355688512325287 -0.09127097576856613 -0.1317809522151947
5361 0.10863152146339417 -0.44483765959739685 -0.0040410906076431274
5362 0.13974417746067047 0.06186748296022415 -0.051570966839790344
5363 -0.13239139318466187 0.09112680703401566 0.04117335379123688
5364 -0.09572616964578629 -0.15352751314640045 0.008895495906472206
5365 0.02894240990281105 -0.05202993378043175 -0.13336893916130066
5366 0.027336828410625458 -0.01106417365372181 -0.15361343324184418
5367 -0.1526254564523697 0.16243836283683777 -0.06611615419387817
5368 0.10320331901311874 0.41346895694732666 -0.07178135216236115
5369 -0.07425341010093689 -0.4102535843849182 -0.03566586971282959
5370 -0.01495913602411747 -0.016147982329130173 -0.07476095110177994
5371 -0.10677070915699005 0.3815305829048157 0.13557864725589752
5372 0.10719169676303864 -0.29023775458335876 -0.0013933862792328
5373 0.12326203286647797 0.3075098395347595 -0.04062351956963539
5374 -0.10020970553159714 0.19659757614135742 0.017235079780220985
5375 0.10983890295028687 0.3286498486995697 -0.038909103721380234
5376 0.01790684461593628 -0.013774560764431953 0.17670005559921265
5377 0.12730993330478668 -0.09327957779169083 0.07299134135246277
5378 0.03620641678571701 -0.45560982823371887 -0.11939539760351181
5379 0.10191013664007187 0.4413236677646637 0.059446781873703
5380 0.07723613828420639 -0.20648138225078583 -0.0012322233524173498
5381 -0.005522068124264479 0.19460415840148926 0.04043283686041832
5382 0.05639336630702019 -0.09229007363319397 -0.16639873385429382
5383 -0.04425910487771034 0.3439619243144989 -0.09275320172309875
5384 0.0835997685790062 -0.4287867844104767 0.006465510930866003
5385 -0.17829667031764984 -0.1358150839805603 -0.022901741787791252
5386 0.07141377776861191 -0.09032291173934937 0.04070722311735153
5387 0.17110703885555267 -0.07958357036113739 0.03489915654063225
5388 0.030853725969791412 0.08633015304803848 -0.17572495341300964
5389 -0.14013715088367462 0.26490843296051025 -0.053644899278879166
5390 -0.028796294704079628 -0.23488157987594604 -0.1314229965209961
5391 0.10698626190423965 -0.2783573567867279 -0.06667079776525497
5392 -0.08806971460580826 0.10185260325670242 -0.05826113000512123
5393 0.1266789734363556 0.17383705079555511 0.05335553362965584
5394 -0.10177013278007507 -0.22266438603401184 -0.1491374969482422
5395 0.1529737412929535 -0.324830025434494 0.013965637423098087
5396 0.1788041889667511 -0.07102493196725845 -0.020725123584270477
5397 0.12643277645111084 -0.3538683354854584 -0.05046701431274414
5398 -0.10124022513628006 0.3739122748374939 -0.02868974395096302
5399 0.08644164353609085 -0.27782347798347473 0.13220763206481934
5400 0.1277015209197998 -0.21817313134670258 0.03754948452115059
5401 0.02401592768728733 0.1589086502790451 0.15149341523647308
5402 -0.15797632932662964 -0.38409334421157837 0.03684919327497482
5403 0.14528711140155792 -0.42458978295326233 0.0052419439889490604
5404 -0.053740717470645905 0.24471032619476318 0.05248651280999184
5405 0.012376186437904835 0.10662271082401276 -0.010426303371787071
5406 -0.10836582630872726 0.16309434175491333 0.1379472017288208
5407 -0.11881732940673828 0.013036624528467655 0.04654999077320099
5408 -0.08329656720161438 -0.05341854691505432 0.0746922418475151
5409 -0.09023471176624298 -0.21476377546787262 0.02714664116501808
5410 0.16163033246994019 0.15157200396060944 0.021716905757784843
5411 -0.030260920524597168 -0.38046732544898987 -0.11432904005050659
5412 -0.01346472930163145 0.3526386320590973 0.016750305891036987
5413 -0.13144168257713318 0.3087896704673767 0.06555342674255371
5414 0.017062682658433914 -0.37765491008758545 -0.08152609318494797
5415 0.05240726098418236 0.3861791491508484 0.014844626188278198
5416 -0.05171135067939758 -0.4584125280380249 -0.018592320382595062
5417 -0.02162843756377697 -0.34970396757125854 -0.08321110904216766
5418 0.0030868579633533955 0.0633225068449974 -0.0282294824719429
5419 0.12009645253419876 -0.2993454337120056 -0.10214868932962418
5420 -0.06822316348552704 -0.3129223883152008 0.10597647726535797
5421 0.02199930138885975 -0.25282230973243713 -0.09762769192457199
5422 -0.005100327543914318 0.11015497148036957 -0.143623948097229
5423 -0.014469661749899387 -0.4545626938343048 0.03652122616767883
5424 0.061689864844083786 0.09569574892520905 -0.003460304345935583
5425 0.11277130246162415 -0.041970036923885345 -0.01681981422007084
5426 0.0016508062835782766 -0.0882493108510971 0.10842202603816986
5427 0.024998493492603302 0.1287749707698822 -0.13661347329616547
5428 0.13154348731040955 0.41179221868515015 -0.03784367814660072
5429 0.05092984810471535 -0.4782058298587799 -0.018454009667038918
5430 -0.005843672435730696 0.44519534707069397 0.085250623524189
5431 -0.1182996854186058 -0.4085443615913391 -0.08168438076972961
5432 0.15839920938014984 -0.19460353255271912 0.009974907152354717
5433 0.13040277361869812 -0.0027159766759723425 0.05639713630080223
5434 -0.09144666790962219 0.32964229583740234 0.1062835156917572
5435 0.1541585773229599 0.4002360999584198 -0.06931813806295395
5436 -0.06110113486647606 0.24995213747024536 -0.07515711337327957
5437 -0.07991719245910645 -0.33833828568458557 0.027757536619901657
5438 0.17362722754478455 0.0428723469376564 -0.002245135372504592
5439 -0.1170666441321373 -0.16001920402050018 -0.10560055077075958
5440 0.07035884261131287 -0.40206319093704224 0.07805761694908142
5441 -0.047831352800130844 0.22449547052383423 -0.01086782943457365
5442 -0.043768782168626785 -0.2642289698123932 -0.05762369930744171
5443 0.09007056802511215 0.4057598412036896 0.03884308040142059
5444 -0.11784994602203369 0.39979517459869385 -0.017190707847476006
5445 0.06950145214796066 -0.3846239447593689 -0.05644441023468971
5446 0.11920176446437836 -0.4312814474105835 0.07825158536434174
5447 -0.03835351765155792 0.3965770900249481 0.07846420258283615
5448 -0.08373776823282242 0.30328160524368286 0.14720366895198822
5449 -0.02862655185163021 -0.34793660044670105 0.13105198740959167
5450 -0.14950726926326752 0.08666510879993439 -0.008776716887950897
5451 -0.12636049091815948 0.09942542761564255 0.003581320634111762
5452 -0.12309320271015167 0.1283789426088333 0.010515251196920872
5453 0.08215724676847458 -0.4824367165565491 -0.1367955356836319
5454 0.06062358245253563 0.019550733268260956 -0.168246328830719
5455 0.04704562947154045 -0.04003433138132095 -0.09867813438177109
5456 -0.10941609740257263 -0.095618337392807 0.07034096866846085
5457 -0.11689736694097519 0.30778768658638 0.09266769140958786
5458 0.10904938727617264 -0.05907830968499184 -0.04333063215017319
5459 -0.07705838233232498 -0.2793421447277069 -0.1114189475774765
5460 0.13407626748085022 0.2409411519765854 0.014734484255313873
5461 0.07594888657331467 0.008689577691257 -0.07532507926225662
5462 0.17673839628696442 0.09016312658786774 0.02800736390054226
5463 -0.006865093484520912 -0.39178285002708435 0.0007535058539360762
5464 0.022091565653681755 0.312407523393631 0.027503861114382744
5465 0.17672099173069 0.17291460931301117 -0.031676191836595535
5466 -0.13409805297851562 0.21790039539337158 0.09261643886566162
5467 0.01846115104854107 0.07973117381334305 0.13910609483718872
5468 0.056445036083459854 -0.26083627343177795 -0.07193147391080856
5469 -0.005192244425415993 0.20183075964450836 0.16009607911109924
5470 -0.004734525457024574 0.45427456498146057 0.15355534851551056
5471 -0.045097190886735916 -0.037520039826631546 -0.02850198745727539
5472 0.16709010303020477 -0.2699201703071594 -0.06056848168373108
5473 -0.1375405192375183 -0.2784964144229889 -0.09125236421823502
5474 0.032221127301454544 0.07804306596517563 -0.015252290293574333
5475 -0.04037700966000557 -0.3980198800563812 0.12487530708312988
5476 -0.07775623351335526 -0.44899070262908936 0.15356503427028656
5477 0.0023493210319429636 -0.39279642701148987 -0.15131184458732605
5478 0.1183619275689125 -0.33582553267478943 -0.0379190519452095
5479 -0.015486318618059158 0.1614953726530075 -0.18046407401561737
5480 -0.08732833713293076 0.30037322640419006 -0.15363825857639313
5481 0.042761895805597305 -0.17885330319404602 -0.0024704078678041697
5482 -0.0282860416918993 0.44079703092575073 0.044100549072027206
5483 -0.047236718237400055 -0.22865623235702515 0.04987848922610283
5484 0.04756080359220505 0.351106733083725 -0.07718151807785034
5485 0.15065549314022064 0.1336834728717804 -0.01951567828655243
5486 0.10736875236034393 0.13703270256519318 0.08164066076278687
5487 0.10395683348178864 -0.008027919568121433 -0.10283994674682617
5488 0.11491326987743378 -0.31017738580703735 -0.057501841336488724
5489 0.053450364619493484 0.19465957581996918 -0.09311789274215698
5490 -0.09787362813949585 0.3620317578315735 -0.11573491990566254
5491 0.11198632419109344 0.06882843375205994 -0.13865149021148682
5492 -0.1252131313085556 -0.061230696737766266 0.08530119806528091
5493 -0.09612995386123657 -0.14980848133563995 -0.042726606130599976
5494 0.06267490983009338 0.1632845103740692 -0.04598579555749893
5495 0.09162906557321548 0.26238054037094116 -0.14841431379318237
5496 0.10050839930772781 0.018478499725461006 -0.027335312217473984
5497 0.09198583662509918 0.42387232184410095 -0.05598435923457146
5498 0.08798827230930328 0.04745137318968773 -0.05290140584111214
5499 -0.023480210453271866 -0.42846712470054626 -0.17883579432964325
5500 0.01581314206123352 -0.04571155831217766 0.0884866714477539
5501 0.09895064681768417 0.1748543232679367 -0.11346982419490814
5502 0.02150585502386093 -0.19557636976242065 0.15923523902893066
5503 0.11998482048511505 0.27192357182502747 0.02263474464416504
5504 0.019489450380206108 -0.4456998109817505 -0.029525091871619225
5505 -0.08201757073402405 -0.40005895495414734 0.09571488201618195
5506 0.13624633848667145 0.4099772274494171 -0.08030446618795395
5507 0.11684540659189224 0.1420210301876068 -0.009391277097165585
5508 0.08896856755018234 -0.17708057165145874 0.08970576524734497
5509 -0.1331590861082077 -0.4599243700504303 -0.11846911907196045
5510 0.0556560680270195 -0.4271574020385742 0.01433701254427433
5511 -0.11079277843236923 0.16515828669071198 -0.061673007905483246
5512 0.03601864352822304 0.34854671359062195 0.045057397335767746
5513 0.011236522346735 0.33313941955566406 -0.10379775613546371
5514 0.0022159144282341003 -0.012708006426692009 0.06385740637779236
5515 -0.07573101669549942 0.18389742076396942 -0.12641578912734985
5516 0.021261543035507202 -0.028514821082353592 -0.032424312084913254
5517 0.08394423127174377 -0.2086690366268158 0.027510274201631546
5518 0.1097671315073967 -0.14620457589626312 -0.07864688336849213
5519 -0.0767877921462059 0.30597665905952454 -0.033102765679359436
5520 0.03006003051996231 0.40050750970840454 0.12026434391736984
5521 -0.08273931592702866 -0.27383458614349365 -0.03166987746953964
5522 0.07043303549289703 -0.22887876629829407 -0.10715837776660919
5523 0.03941352665424347 0.2625073790550232 -0.1431119441986084
5524 -0.09649620205163956 0.2794930338859558 0.006942501291632652
5525 -0.07081589102745056 -0.21906836330890656 -0.13798637688159943
5526 0.017241712659597397 -0.06399498134851456 -0.03751595318317413
5527 0.06530212610960007 0.25551584362983704 0.03347652778029442
5528 -0.002369581488892436 -0.10641788691282272 -0.09722176194190979
5529 0.13870392739772797 -0.2003365308046341 0.06061974912881851
5530 -0.010830148123204708 -0.37550321221351624 -0.0822393000125885
5531 0.12601207196712494 -0.2974032163619995 -0.03941803425550461
5532 -0.10344383120536804 0.256054550409317 -0.046633653342723846
5533 0.002619042992591858 -0.4237779974937439 0.024945314973592758
5534 0.024063214659690857 -0.4070044755935669 -0.0700281634926796
5535 0.1559799611568451 -0.3722638785839081 0.04145216569304466
5536 0.06630420684814453 0.13786517083644867 0.026777755469083786
5537 0.03706544637680054 0.34253373742103577 -0.005478634033352137
5538 0.09406382590532303 -0.08253028988838196 -0.14889976382255554
5539 -0.1203400269150734 0.10290241241455078 0.1332131177186966
5540 -0.013125158846378326 -0.3154234290122986 0.12549667060375214
5541 -0.05863815173506737 -0.4481240510940552 -0.1515445113182068
5542 -0.009494680911302567 0.19180883467197418 0.01329091563820839
5543 -0.1587199866771698 -0.2564809322357178 -0.05292078107595444
5544 -0.16173914074897766 0.3018885850906372 -0.03255598992109299
5545 -0.10876195877790451 0.34463557600975037 0.11185286939144135
5546 -0.12351227551698685 -0.3509884774684906 0.07022634893655777
5547 0.0044265324249863625 -0.3625708818435669 -0.09086432307958603
5548 -0.03465123847126961 -0.3148926794528961 0.14383208751678467
5549 -0.0832652673125267 -0.09653095155954361 -0.015669342130422592
5550 0.026527972891926765 -0.22267746925354004 -0.08313710242509842
5551 0.12410148978233337 0.24480247497558594 -0.021329380571842194
5552 0.13159720599651337 -0.17604950070381165 0.011127982288599014
5553 0.06876275688409805 -0.37947946786880493 0.09191708266735077
5554 -0.14722533524036407 -0.03288896009325981 0.016705341637134552
5555 -0.16606906056404114 -0.35504570603370667 0.05739082768559456
5556 0.10184787213802338 0.010558451525866985 0.02348601073026657
5557 -0.11853529512882233 -0.17928515374660492 -0.003092677565291524
5558 0.0673261433839798 0.2138851135969162 -0.0635673999786377
5559 0.13281317055225372 0.3668040633201599 0.05558515340089798
5560 -0.0660853236913681 -0.31374579668045044 -0.12597809731960297
5561 0.0958336591720581 -0.1979503482580185 -0.14779354631900787
5562 0.11007248610258102 0.09549762308597565 0.10175479203462601
5563 -0.15844805538654327 0.04769815877079964 -0.06857036799192429
5564 0.14366415143013 0.36945194005966187 -7.759009895380586e-05
5565 -0.1282128542661667 0.16676951944828033 0.10747839510440826
5566 0.016879502683877945 0.2760045826435089 0.06544416397809982
5567 0.08616205304861069 -0.2717883288860321 -0.15700405836105347
5568 0.15086761116981506 -0.3590148687362671 -0.028789056465029716
5569 -0.09109455347061157 0.42290234565734863 -0.04101800546050072
5570 -0.07304901629686356 0.3149343430995941 0.1081937924027443
5571 -0.04579775780439377 0.3673587143421173 -0.04883422330021858
5572 0.1073455959558487 -0.21575839817523956 -0.013426139019429684
5573 0.11116006970405579 -0.1879844069480896 -0.0025726384483277798
5574 -0.06942758709192276 -0.10021571069955826 0.08055642247200012
5575 0.1159558892250061 0.1627802550792694 0.1319265216588974
5576 0.07599570602178574 -0.0366191603243351 -0.04780317097902298
5577 -0.060954611748456955 -0.08431003987789154 0.09931430965662003
5578 0.12314486503601074 -0.4489136040210724 -0.06229997053742409
5579 -0.15344621241092682 -0.25329288840293884 0.03427240997552872
5580 0.13481780886650085 -0.40802645683288574 -0.020353659987449646
5581 0.16830113530158997 0.0343034490942955 0.05735941603779793
5582 -0.10374453663825989 0.10728433728218079 -0.02957434393465519
5583 0.024652937427163124 -0.07321472465991974 -0.0053343684412539005
5584 0.07364649325609207 0.4532042443752289 -0.10356146842241287
5585 -0.14115267992019653 -0.48122307658195496 -0.03609580919146538
5586 -0.06191859766840935 0.2510874569416046 0.0939641147851944
5587 0.04779226332902908 0.36052608489990234 0.09158167988061905
5588 0.044045280665159225 -0.11675554513931274 0.004370417911559343
5589 -0.08210746943950653 -0.014977730810642242 -0.1549300104379654
5590 -0.08395849168300629 0.2702232599258423 -0.1543755680322647
5591 -0.13272611796855927 -0.29421064257621765 0.005595340859144926
5592 0.12784475088119507 0.3781372010707855 -0.018175875768065453
5593 0.10742891579866409 0.2073466032743454 0.0760955810546875
5594 -0.026017827913165092 -0.13953174650669098 0.10545987635850906
5595 -0.04737512394785881 -0.2751661241054535 0.16972333192825317
5596 0.0007163829286582768 -0.00889190286397934 -0.09877155721187592
5597 0.1305326223373413 0.039571844041347504 0.015882015228271484
5598 -0.1457085758447647 0.3434309959411621 0.10124939680099487
5599 -0.17723971605300903 -0.3327142000198364 -0.0322323702275753
5600 -0.12285704910755157 0.3795444071292877 -0.09776729345321655
5601 0.07737093418836594 -0.08661708980798721 0.1550186276435852
5602 -0.012884151190519333 0.2542932331562042 0.0841478630900383
5603 -0.16927185654640198 -0.280632346868515 0.06681481748819351
5604 0.0721554309129715 -0.07107050716876984 -0.05543970316648483
5605 0.16599665582180023 -0.10659319907426834 0.0013406615471467376
5606 0.1478460729122162 0.006625355686992407 -0.09687412530183792
5607 0.04541913419961929 0.28324469923973083 -0.01424539927393198
5608 0.04102479666471481 0.1074465960264206 -0.025339385494589806
5609 0.004835424944758415 0.37054628133773804 -0.06699568033218384
5610 -0.15744522213935852 0.3225584328174591 -0.0038201974239200354
5611 -0.022440766915678978 -0.43150436878204346 0.03344219923019409
5612 -0.008282295428216457 0.1884097009897232 0.10044293850660324
5613 -0.10421337932348251 -0.2275928109884262 0.0468200147151947
5614 0.017568085342645645 -0.4350070059299469 0.13195061683654785
5615 0.17264854907989502 -0.21478453278541565 -0.039754197001457214
5616 0.010251334868371487 -0.3397098481655121 -0.11833683401346207
5617 -0.09124879539012909 0.23939749598503113 -0.029186982661485672
5618 -0.05796760693192482 0.35276830196380615 -0.1586342453956604
5619 0.046943310648202896 -0.17491136491298676 0.14194312691688538
5620 -0.011630580760538578 0.17304645478725433 -0.09303108602762222
5621 -0.07551908493041992 -0.2663474977016449 -0.06704072654247284
5622 0.021904874593019485 0.46194952726364136 0.11530397832393646
5623 0.025721797719597816 0.3041464686393738 -0.07767024636268616
5624 0.053799428045749664 0.1521509289741516 -0.11471331864595413
5625 -0.11552734673023224 0.4388696253299713 0.04738083854317665
5626 0.06209910660982132 0.21993796527385712 -0.006199358031153679
5627 0.05084303766489029 -0.07110206037759781 0.14782553911209106
5628 -0.11351452022790909 -0.16088338196277618 0.10518880188465118
5629 0.12049034982919693 -0.31575560569763184 -0.11993614584207535
5630 -0.0287473127245903 0.1643587052822113 0.10142069309949875
5631 -0.1263141632080078 -0.19481109082698822 -0.04412398114800453
5632 0.06661004573106766 0.16883400082588196 0.11725632846355438
5633 0.012934194877743721 -0.17074467241764069 0.17027905583381653
5634 0.07175548374652863 0.4150102436542511 0.09416624158620834
5635 -0.12626853585243225 -0.1453944742679596 -0.06205899640917778
5636 -0.037030283361673355 0.29106998443603516 -0.005894090514630079
5637 -0.17090338468551636 0.1569797396659851 -0.011024571023881435
5638 0.06498485058546066 -0.24613867700099945 0.0006002991576679051
5639 -0.0634903833270073 0.11550818383693695 0.004113625735044479
5640 -0.03251545503735542 -0.35696619749069214 0.04087009280920029
5641 -0.15778279304504395 -0.0676797479391098 -0.04842502996325493
5642 0.02803909219801426 0.2777515649795532 0.03896011784672737
5643 0.04048597067594528 0.3642808496952057 -0.0588492713868618
5644 0.1191684752702713 0.22482620179653168 0.04799886792898178
5645 0.04047062247991562 -0.39762136340141296 -0.16971585154533386
5646 -0.051664792001247406 0.19346526265144348 0.05513637140393257
5647 0.1468571573495865 -0.44578519463539124 0.10487107187509537
5648 0.07378440350294113 -0.053715918213129044 -0.11912514269351959
5649 0.1057879850268364 -0.4383469521999359 0.10185154527425766
5650 0.08925621956586838 0.4514840841293335 -0.07796256244182587
5651 -0.14008407294750214 -0.22958864271640778 -0.08326328545808792
5652 -0.14229917526245117 0.3747493624687195 0.09837792068719864
5653 -0.031105156987905502 0.19585224986076355 -0.1081862598657608
5654 0.1271546185016632 -0.015140377916395664 -0.0403711199760437
5655 0.08541924506425858 -0.18128708004951477 -0.15746910870075226
5656 -0.07122325897216797 0.43709811568260193 0.052147604525089264
5657 0.1203404888510704 0.011499268002808094 -0.029170062392950058
5658 -0.0549623928964138 0.36445263028144836 0.07921970635652542
5659 0.07218534499406815 -0.4533041715621948 -0.015026423148810863
5660 0.11358333379030228 -0.23965919017791748 0.06980099529027939
5661 0.07345288246870041 -0.09765695035457611 -0.11675121635198593
5662 -0.04208213835954666 -0.11626806110143661 0.14013630151748657
5663 0.030531970784068108 -0.4797738492488861 -0.06859059631824493
5664 -0.10873965173959732 0.4812984764575958 -0.04028775170445442
5665 0.056151729077100754 -0.44752126932144165 -0.11215998232364655
5666 -0.06928857415914536 -0.3908946216106415 0.004203734919428825
5667 -0.09721874445676804 -0.34939494729042053 -0.13461533188819885
5668 -0.08344714343547821 0.16279685497283936 0.053495071828365326
5669 0.04916999489068985 0.1936575472354889 -0.12954598665237427
5670 0.06457170099020004 0.17124120891094208 -0.09295014292001724
5671 -0.05560789629817009 -0.1946992129087448 -0.10521635413169861
5672 -0.06606073677539825 -0.22869785130023956 -0.04753159359097481
5673 -0.07790202647447586 0.2834095358848572 -0.08275610953569412
5674 0.17511039972305298 -0.21353866159915924 0.027746984735131264
5675 0.008821666240692139 0.339015930891037 0.021655157208442688
5676 -0.15829432010650635 -0.06607462465763092 0.0024902764707803726
5677 0.08406059443950653 -0.08748054504394531 0.06479974836111069
5678 0.016480736434459686 0.13364101946353912 -0.16206862032413483
5679 -0.07491248846054077 0.05486186593770981 -0.13365675508975983
5680 0.0635494738817215 0.1903841346502304 0.012116570957005024
5681 -0.15866301953792572 -0.05064776539802551 0.07948341965675354
5682 -0.02398713491857052 0.329448938369751 0.007427875883877277
5683 0.12545590102672577 -0.1299574375152588 -0.050378214567899704
5684 -0.0382804200053215 -0.2337542474269867 0.08268234133720398
5685 -0.13093429803848267 -0.43970030546188354 -0.01416552159935236
5686 -0.0345994271337986 0.4112657904624939 -0.004232218023389578
5687 -0.007378831971436739 0.07766624540090561 -0.10738341510295868
5688 -0.09607979655265808 0.33805015683174133 0.013120024465024471
5689 0.04128991812467575 0.07392984628677368 0.024172864854335785
5690 -0.006126647815108299 -0.41401007771492004 -0.0022681215777993202
5691 0.012104369699954987 0.148249089717865 -0.12831923365592957
5692 0.0009139394387602806 0.07856182008981705 -0.06791825592517853
5693 0.11397930979728699 0.29721370339393616 -0.02208033762872219
5694 -0.044066280126571655 -0.41564270853996277 0.09910343587398529
5695 0.08147716522216797 -0.06477322429418564 -0.13892090320587158
5696 -0.02316383831202984 0.43751436471939087 0.0685877576470375
5697 0.11934081465005875 0.34348905086517334 -0.08763118833303452
5698 0.10404308885335922 0.18963171541690826 -0.054828621447086334
5699 -0.06608977913856506 -0.34017109870910645 -0.10971901565790176
5700 0.07144253700971603 -0.0069985114969313145 0.05494625121355057
5701 0.017529582604765892 0.046838074922561646 -0.17675797641277313
5702 -0.00035819539334625006 -0.3098468780517578 0.06785862892866135
5703 0.0706748366355896 0.37112170457839966 0.09356433153152466
5704 -0.07490292936563492 0.1768873780965805 -0.02765580266714096
5705 0.014513229951262474 0.29858556389808655 0.1553395390510559
5706 0.12843142449855804 -0.17492902278900146 -0.12423481792211533
5707 -0.062336038798093796 0.0845501497387886 0.1498698890209198
5708 0.08118975907564163 0.12075264751911163 0.16122591495513916
5709 0.059269171208143234 0.22423242032527924 0.1237516775727272
5710 -0.017766855657100677 -0.0926247090101242 -0.06524786353111267
5711 -0.03523436561226845 0.41379114985466003 -0.17480158805847168
5712 0.02490081824362278 0.22390279173851013 -0.14724761247634888
5713 -0.09258605539798737 0.11651606112718582 0.04810039699077606
5714 -0.1426011174917221 -0.41739746928215027 -0.094769686460495
5715 0.016762780025601387 0.0011475366773083806 -0.08264688402414322
5716 -0.02917606011033058 0.18885767459869385 0.1123683899641037
5717 0.021777478978037834 0.34312233328819275 -0.17261146008968353
5718 -0.10964895039796829 -0.1900869458913803 -0.06517817080020905
5719 0.06472610682249069 0.04898982122540474 0.08603280037641525
5720 -0.010074549354612827 0.3831128776073456 0.06899940967559814
5721 -0.06279902905225754 -0.11591803282499313 -0.16766618192195892
5722 0.11728858202695847 -0.307329922914505 -0.012748823501169682
5723 -0.003887600265443325 -0.18939243257045746 -0.02620752528309822
5724 0.029361365363001823 0.03207320719957352 -0.09778919816017151
5725 0.04886787757277489 -0.38094234466552734 -0.016088152304291725
5726 -0.10747116059064865 -0.4113284647464752 0.058559104800224304
5727 0.1265011429786682 0.04892539232969284 -0.032215654850006104
5728 -0.10766913741827011 0.24665820598602295 0.07054392993450165
5729 -0.005788363050669432 -0.36436617374420166 0.06313356757164001
5730 -0.10513221472501755 -0.17144714295864105 0.04802066087722778
5731 -0.028764953836798668 -0.3532398045063019 -0.1357911378145218
5732 0.05698469281196594 0.09480214864015579 0.09445475786924362
5733 -0.12120454013347626 -0.03772873803973198 -0.024839600548148155
5734 0.08369193226099014 -0.20090022683143616 -0.036336854100227356
5735 -0.07026629894971848 -0.12566515803337097 -0.11864011734724045
5736 0.01860618218779564 0.1303623616695404 -0.01666470244526863
5737 0.13566233217716217 -0.05943917855620384 0.07395873963832855
5738 -0.17894795536994934 0.011424783617258072 -0.020476339384913445
5739 0.14465902745723724 0.13445520401000977 0.10303538292646408
5740 -0.1625508964061737 0.11394132673740387 -0.01677759736776352
5741 -0.04055723175406456 0.1599595844745636 0.17192481458187103
5742 -0.0817817747592926 -0.2527245283126831 0.11271216720342636
5743 -0.17329388856887817 -0.3029724359512329 0.0012625044910237193
5744 0.1327740103006363 -0.13315723836421967 -0.11580850929021835
5745 0.025066163390874863 0.17135676741600037 -0.08833523839712143
5746 -0.09379871934652328 -0.1688075214624405 0.1276722103357315
5747 0.08254822343587875 0.4553094506263733 0.066523477435112
5748 -0.07912135124206543 0.442670077085495 0.12307728826999664
5749 0.014817479997873306 -0.1343831866979599 0.012293647043406963
5750 -0.11088506132364273 0.063651904463768 -0.06884680688381195
5751 0.0828983262181282 -0.05074123665690422 -0.07005976885557175
5752 0.010628221556544304 0.08600354939699173 -0.02334674634039402
5753 -0.01153209712356329 -0.11557190865278244 0.1587778478860855
5754 0.00621742382645607 0.25287511944770813 -0.0013384470948949456
5755 0.13817334175109863 -0.20721371471881866 -0.011452954262495041
5756 0.10470065474510193 -0.4340173900127411 0.017396140843629837
5757 -0.028177164494991302 -0.2314295768737793 -0.06028982624411583
5758 0.06320394575595856 0.1402333378791809 -0.08699401468038559
5759 -0.10395543277263641 -0.23853476345539093 0.00720064016059041
5760 -0.14082518219947815 0.00878207478672266 -0.016998179256916046
5761 0.06622482091188431 -0.18543006479740143 -0.013705835677683353
5762 -0.00046045746421441436 0.09968728572130203 0.15974391996860504
5763 -0.028929682448506355 0.019698791205883026 0.024164661765098572
5764 0.15118606388568878 -0.08982469886541367 0.08496949821710587
5765 0.04148619621992111 -0.43849945068359375 -0.0014629596844315529
5766 0.0837218388915062 -0.1669144332408905 0.1576361209154129
5767 -0.09323301911354065 0.15753614902496338 -0.11876536905765533
5768 -0.08868619054555893 0.3889041543006897 0.1542249172925949
5769 0.08513543754816055 0.20179079473018646 -0.10195789486169815
5770 0.060161739587783813 0.23204991221427917 0.019014908000826836
5771 -0.17084966599941254 -0.018721334636211395 -0.018502138555049896
5772 -0.044892359524965286 -0.4449268877506256 0.07399209588766098
5773 0.009607560932636261 0.37080156803131104 0.13125233352184296
5774 0.04503212124109268 0.4282926917076111 0.09658395498991013
5775 0.0923624038696289 -0.018591351807117462 -0.0038221378345042467
5776 -0.15077008306980133 -0.10880912840366364 0.07967083901166916
5777 0.011229238472878933 0.34861862659454346 -0.12848436832427979
5778 -0.13142363727092743 0.37213683128356934 0.11831268668174744
5779 0.022473527118563652 -0.3481190800666809 0.008400038816034794
5780 0.029737820848822594 -0.35672736167907715 -0.09027449786663055
5781 -0.06625404208898544 -0.48083922266960144 0.04419280216097832
5782 -0.1536729633808136 -0.22937209904193878 -0.010682797990739346
5783 0.007821611128747463 -0.3709873855113983 -0.04335974156856537
5784 0.004132830072194338 0.15102674067020416 -0.06357462704181671
5785 0.12599974870681763 -0.1707429140806198 -0.07310821115970612
5786 0.12551452219486237 -0.3066423833370209 0.04866395518183708
5787 0.14682862162590027 -0.41032925248146057 -0.10034851729869843
5788 -0.05089695751667023 0.16939739882946014 0.039737582206726074
5789 -0.06970033049583435 -0.26719930768013 0.08091741800308228
5790 -0.06997042894363403 -0.2312069684267044 -0.09827011823654175
5791 0.0805477425456047 -0.43829232454299927 0.09346901625394821
5792 0.1516420841217041 0.3988545536994934 0.024167750030755997
5793 0.08542441576719284 0.08496692031621933 -0.019225455820560455
5794 -0.13835223019123077 -0.20165790617465973 0.006729536689817905
5795 -0.10722994804382324 -0.34169527888298035 -0.11375503242015839
5796 -0.06580657511949539 0.3760700225830078 0.04907906800508499
5797 0.0979933887720108 -0.4178915023803711 -0.07582610100507736
5798 0.01777450181543827 0.44665491580963135 -0.1776408553123474
5799 0.0780785009264946 -0.09321955591440201 -0.16054421663284302
5800 0.003289024578407407 0.4393179714679718 0.11405111104249954
5801 0.14179806411266327 0.04398784413933754 -0.10827793180942535
5802 -0.09872398525476456 -0.00010641843982739374 -0.008648579008877277
5803 0.0015202886424958706 -0.22828607261180878 0.17198455333709717
5804 -0.021461814641952515 -0.10621423274278641 -0.020240044221282005
5805 0.11511071026325226 0.3953202962875366 -0.07856502383947372
5806 -0.12043958157300949 -0.014485674910247326 0.1308322548866272
5807 0.011452638544142246 -0.12167879939079285 -0.12090219557285309
5808 0.1372549682855606 -0.45601704716682434 -0.009887943975627422
5809 -0.05717390403151512 0.48076900839805603 0.05737081915140152
5810 -0.07824821770191193 0.09077856689691544 -0.16127249598503113
5811 0.11587926000356674 -0.2818271517753601 0.03871673345565796
5812 0.050609391182661057 -0.4474925994873047 0.016861189156770706
5813 -0.0669897049665451 0.005950774997472763 0.034054551273584366
5814 0.09089424461126328 -0.30525240302085876 -0.016314731910824776
5815 0.08907558023929596 -0.06770696491003036 -0.005324719939380884
5816 -0.07213173806667328 0.27320027351379395 -0.11352308839559555
5817 0.09096471220254898 -0.3475407063961029 0.12031462788581848
5818 0.016602208837866783 -0.01689137890934944 -0.12664659321308136
5819 -0.011052223853766918 -0.11817526817321777 -0.13741523027420044
5820 -0.06512248516082764 0.04842468351125717 0.1036633849143982
5821 -0.09435154497623444 0.2526983320713043 -0.0029663003515452147
5822 0.009891917929053307 -0.15439744293689728 -0.08347626775503159
5823 -0.007313278038054705 0.29068613052368164 -0.04267155006527901
5824 0.010225282981991768 -0.3729167580604553 0.012222864665091038
5825 0.1093791052699089 -0.06479625403881073 0.13852526247501373
5826 0.15955980122089386 -0.36001747846603394 -0.07311530411243439
5827 0.15273737907409668 -0.28842979669570923 -0.036406565457582474
5828 0.05408507212996483 0.46387797594070435 -0.049008481204509735
5829 0.019935572519898415 0.12114574015140533 -0.11349358409643173
5830 -0.037420306354761124 0.45078712701797485 -0.07409181445837021
5831 -0.0668678879737854 -0.16498008370399475 0.13104070723056793
5832 -0.04442783445119858 0.28706881403923035 -0.07448984682559967
5833 0.057030245661735535 -0.41535958647727966 -0.07822919636964798
5834 -0.028834998607635498 0.3222429156303406 0.14579938352108002
5835 0.046967945992946625 0.0029841053765267134 0.010872848331928253
5836 0.14797033369541168 0.2710549235343933 0.04493812844157219
5837 0.10236192494630814 -0.3739337623119354 -0.02889969013631344
5838 0.08793675899505615 -0.12161476910114288 -0.025898804888129234
5839 0.033008698374032974 -0.0539814829826355 -0.08633538335561752
5840 0.04441261291503906 0.38786759972572327 -0.1159268245100975
5841 0.13694046437740326 -0.3136148452758789 0.08758605271577835
5842 -0.17746573686599731 -0.2607850432395935 0.025354353711009026
5843 0.062029507011175156 -0.07634057849645615 0.07744461297988892
5844 -0.14215341210365295 -0.18593080341815948 -0.016531160101294518
5845 0.009630976244807243 -0.045216936618089676 0.11181127279996872
5846 -0.009928738698363304 -0.3182104527950287 -0.14222827553749084
5847 0.06066618114709854 -0.01914970949292183 -0.04688554257154465
5848 0.02957085333764553 0.23426173627376556 -0.06862513720989227
5849 -0.0077201249077916145 -0.3218812644481659 0.09380955994129181
5850 0.14579486846923828 0.28239938616752625 -0.04528364539146423
5851 -0.0811627134680748 -0.32288455963134766 -0.007368428632616997
5852 -0.005465889349579811 -0.0429360456764698 -0.03292708843946457
5853 -0.07398539781570435 0.19334426522254944 -0.04472612589597702
5854 0.014634531922638416 0.17749954760074615 -0.1325058937072754
5855 -0.11620835214853287 0.010294098407030106 -0.1315811425447464
5856 -0.07164493203163147 0.3995938301086426 -0.0955565944314003
5857 -0.1769850254058838 0.26881176233291626 0.013527759350836277
5858 0.10792268067598343 -0.47876352071762085 -0.1073899120092392
5859 0.12768487632274628 0.13389576971530914 0.12245752662420273
5860 0.01506479736417532 -0.15771116316318512 -0.04678898677229881
5861 0.03584964945912361 -0.1799311488866806 -0.07058459520339966
5862 -0.021262820810079575 -0.1955115646123886 -0.05210195481777191
5863 -0.013874237425625324 0.10627502202987671 -0.03601912781596184
5864 -0.033330876380205154 -0.0017094574868679047 -0.10061038285493851
5865 0.1001129075884819 -0.031083475798368454 0.14913910627365112
5866 -0.045319683849811554 -0.3326505720615387 -0.09644341468811035
5867 -0.0372488871216774 -0.4350378215312958 -0.08246056735515594
5868 -0.1330433189868927 -0.1805698126554489 0.018428122624754906
5869 -0.05151989310979843 -0.35756194591522217 -0.08106925338506699
5870 -0.11744000017642975 -0.40376201272010803 0.030108122155070305
5871 0.07950159907341003 0.21622374653816223 0.07267732918262482
5872 -0.002525355899706483 -0.352617084980011 0.12723352015018463
5873 0.1052401214838028 -0.4593017101287842 0.11767967790365219
5874 -0.11418822407722473 -0.22503523528575897 0.0757940411567688
5875 0.018444450572133064 0.48118242621421814 0.10247663408517838
5876 0.015740448608994484 0.3691040873527527 -0.09689237177371979
5877 0.04831567779183388 0.329697847366333 -0.02907872200012207
5878 0.1451527178287506 0.33953404426574707 0.11297684907913208
5879 -0.019113946706056595 -0.25211822986602783 -0.009189030155539513
5880 0.017161495983600616 -0.3442431390285492 0.07747866213321686
5881 0.039911892265081406 0.23381662368774414 -0.1742633432149887
5882 0.0637572780251503 -0.049035314470529556 0.1438838094472885
5883 0.028953853994607925 -0.10159946978092194 0.060584016144275665
5884 -0.005203867331147194 -0.15044113993644714 0.034856703132390976
5885 0.08252289891242981 0.19040994346141815 0.1152370423078537
5886 0.09639044851064682 -0.11112633347511292 -0.11904115974903107
5887 0.0870630070567131 0.3050481081008911 -0.03855085000395775
5888 0.04231669008731842 0.2561340630054474 0.050823476165533066
5889 -0.05135301500558853 0.12987956404685974 -0.06928148120641708
5890 0.11698736995458603 -0.12705643475055695 0.04651860520243645
5891 -0.016260061413049698 0.4798915386199951 -0.08755078166723251
5892 -0.03308004140853882 0.2752233147621155 -0.02705705165863037
5893 0.09077844768762589 -0.2321435809135437 0.004930955357849598
5894 -0.05294078215956688 0.44803082942962646 0.070133276283741
5895 0.026141880080103874 0.2619187533855438 -0.021258944645524025
5896 -0.0912962481379509 -0.1750115156173706 -0.11274880915880203
5897 0.09750273823738098 -0.3001631796360016 -0.04618235304951668
5898 -0.027200667187571526 0.19008658826351166 0.051849570125341415
5899 -0.09370586276054382 -0.44967120885849 -0.1540404111146927
5900 -0.08904150873422623 0.4219629168510437 0.12274392694234848
5901 0.16912664473056793 0.20362351834774017 -0.06064683943986893
5902 0.17608366906642914 -0.17824774980545044 -0.0157750453799963
5903 -0.08281519263982773 -0.3501185476779938 -0.09832420200109482
5904 0.10451915860176086 -0.30161353945732117 0.02344851940870285
5905 0.14016181230545044 -0.4800143241882324 0.054084036499261856
5906 -0.11377710103988647 0.08896439522504807 -0.04706893116235733
5907 0.11869607865810394 0.23381906747817993 0.028267571702599525
5908 -0.08098196238279343 -0.3954153060913086 0.026772771030664444
5909 -0.11750650405883789 0.3457263708114624 -0.08757387101650238
5910 0.03786231949925423 0.17270760238170624 -0.0059173512272536755
5911 -0.09647108614444733 -0.02613726817071438 -0.06194058805704117
5912 0.039377275854349136 -0.2208707481622696 0.08760271221399307
5913 -0.006227907259017229 -0.14728952944278717 0.010312322527170181
5914 0.09340813755989075 -0.08015694469213486 0.09462814778089523
5915 0.014794846065342426 -0.2788279056549072 0.048304080963134766
5916 0.10079001635313034 -0.337037593126297 0.0613631010055542
5917 0.16225050389766693 -0.12078294903039932 0.06831283122301102
5918 0.1197158694267273 0.016954276710748672 0.050328273326158524
5919 -0.11308053135871887 0.11607914417982101 -0.04714756831526756
5920 -0.0038422890938818455 -0.22066159546375275 0.003425366012379527
5921 -0.1171974167227745 -0.03338002413511276 -0.12859243154525757
5922 0.0827147364616394 -0.14985983073711395 0.11043669283390045
5923 -0.07286670058965683 -0.06557470560073853 -0.10599657893180847
5924 0.09906558692455292 -0.08745117485523224 0.03616511449217796
5925 -0.02511240728199482 -0.05482534319162369 0.0037256230134516954
5926 -0.1360713094472885 0.26690277457237244 0.048259299248456955
5927 -0.06451082229614258 0.36796125769615173 0.16413669288158417
5928 0.05965377762913704 -0.11422844231128693 -0.09571586549282074
5929 -0.017885876819491386 0.3323010504245758 0.08941248059272766
5930 0.12459509819746017 -0.16524815559387207 0.04596463590860367
5931 -0.06234663724899292 -0.3615286350250244 -0.02743770182132721
5932 -0.05495617538690567 0.013648448511958122 -0.11189351230859756
5933 1.0929550626315176e-05 0.2492280900478363 0.13175752758979797
5934 -0.09564622491598129 -0.03497456759214401 0.030952589586377144
5935 -0.1348629742860794 0.24286654591560364 0.019383180886507034
5936 0.11958218365907669 0.0466805174946785 0.07652358710765839
5937 -0.12868937849998474 -0.32061654329299927 -0.06501545011997223
5938 0.04094155132770538 0.13811440765857697 0.045772187411785126
5939 0.06482356786727905 -0.07565054297447205 -0.026847902685403824
5940 -0.11659704893827438 -0.0967736467719078 -0.0028735087253153324
5941 -0.05455652251839638 0.2184179127216339 -0.04051297903060913
5942 0.02439199946820736 -0.15585754811763763 -0.001289481413550675
5943 0.16525490581989288 0.4210628569126129 0.06214962899684906
5944 0.11014028638601303 0.3673098385334015 -0.07442798465490341
5945 -0.09570519626140594 0.33318111300468445 0.1278640329837799
5946 0.09617534279823303 0.27698683738708496 0.009739377535879612
5947 0.1303749531507492 -0.27914881706237793 -0.05662936717271805
5948 0.016651688143610954 -0.08277510851621628 0.12428130209445953
5949 -0.08150303363800049 -0.37580063939094543 -0.014676840044558048
5950 0.007751674856990576 -0.41070783138275146 0.04867362603545189
5951 -0.02962462790310383 0.35435619950294495 -0.00872417725622654
5952 -0.029319604858756065 -0.4467674195766449 -0.027263835072517395
5953 -0.07306980341672897 0.34692901372909546 -0.1161777600646019
5954 0.048302896320819855 0.38100552558898926 0.11970692127943039
5955 -0.08417363464832306 0.2774791717529297 -0.05423252284526825
5956 0.06234527751803398 0.36932820081710815 0.025177108123898506
5957 0.15574932098388672 0.32290107011795044 0.018724938854575157
5958 -0.07932192832231522 0.2638339400291443 0.09811088442802429
5959 0.03369155153632164 -0.12771792709827423 -0.07170029729604721
5960 -0.15597693622112274 -0.08633355796337128 0.08509747684001923
5961 0.01914987713098526 0.20642562210559845 -0.09596806764602661
5962 0.04119853675365448 0.45276305079460144 -0.0985296219587326
5963 0.16452056169509888 -0.37417542934417725 -0.021444274112582207
5964 -0.09835059940814972 0.3179394006729126 -0.025577710941433907
5965 -0.045216359198093414 0.39791569113731384 -0.05255213379859924
5966 0.17402511835098267 0.19339430332183838 -0.018680237233638763
5967 -0.021358417347073555 0.010443100705742836 -0.13165335357189178
5968 0.154515340924263 -0.24638241529464722 -0.05791676044464111
5969 0.0041114212945103645 0.43115973472595215 0.04235868901014328
5970 0.001708072260953486 0.18734054267406464 0.1781243532896042
5971 -0.05039349943399429 0.1860605627298355 -0.0351690798997879
5972 -0.0018470595823600888 -0.42972785234451294 -0.1468803882598877
5973 -0.04195956513285637 -0.33711472153663635 0.14731480181217194
5974 -0.03794858977198601 -0.054787877947092056 -0.05697641521692276
5975 0.07267346978187561 0.21465161442756653 0.04904847592115402
5976 0.1409372240304947 -0.1775122731924057 -0.08808093518018723
5977 0.08530435711145401 -0.3353826105594635 -0.026877576485276222
5978 -0.05625484138727188 0.014106009155511856 0.0670490488409996
5979 -0.01927216164767742 -0.44065502285957336 -0.15624365210533142
5980 -0.09269525855779648 -0.01376892440021038 -0.03477127104997635
5981 0.05723534896969795 0.28786376118659973 -0.07153749465942383
5982 0.0017740970943123102 0.4218609929084778 -0.051826294511556625
5983 0.014965390786528587 0.1287478804588318 -0.08889197558164597
5984 0.005236458498984575 0.30892813205718994 0.08268395811319351
5985 0.16991309821605682 -0.22820882499217987 0.045679159462451935
5986 -0.002130736829712987 -0.16591380536556244 -0.03184935450553894
5987 0.031192677095532417 0.14358916878700256 -0.032455187290906906
5988 0.01078428141772747 -0.23302891850471497 -0.12500953674316406
5989 -0.02195855602622032 -0.051498595625162125 -0.07634487748146057
5990 -0.02275211550295353 0.05782153829932213 -0.08151056617498398
5991 0.01611575111746788 -0.25407877564430237 0.1555938422679901
5992 0.022103924304246902 0.4721376299858093 -0.033888619393110275
5993 0.07080374658107758 -0.04183594509959221 -0.003935421817004681
5994 0.03742076829075813 -0.09599019587039948 -0.044661857187747955
5995 -0.021113116294145584 -0.00208907388150692 0.12618625164031982
5996 -0.12565694749355316 -0.05736621096730232 -0.12446046620607376
5997 -0.08694449067115784 -0.23022398352622986 -0.06232137978076935
5998 -0.15981066226959229 -0.2527846395969391 8.845788397593424e-05
5999 0.1641475260257721 -0.08954150974750519 -0.06961476802825928
6000 -0.09073012322187424 -0.4176953136920929 0.08331453800201416
6001 -0.1529272049665451 -0.4312821924686432 -0.012122776359319687
6002 0.07650446146726608 -0.4372580349445343 0.12402719259262085
6003 -0.10245077311992645 -0.2721279263496399 -0.07416855543851852
6004 -0.0005385946715250611 0.39163389801979065 0.11219802498817444
6005 0.08785789459943771 0.1029871255159378 -0.0014115141239017248
6006 -0.10610126703977585 0.16436582803726196 0.06609004735946655
6007 -0.047426216304302216 -0.4394979178905487 0.11639227718114853
6008 0.14344269037246704 0.3945878744125366 0.05003756657242775
6009 0.017942018806934357 0.35144340991973877 -0.01972716487944126
6010 0.03236160799860954 0.3235844373703003 0.01239021122455597
6011 0.008577750064432621 0.17354939877986908 0.12425906956195831
6012 -0.1054779663681984 -0.10800069570541382 -0.02393551729619503
6013 -0.058032240718603134 0.29876208305358887 -0.09729505330324173
6014 0.025792038068175316 0.42574504017829895 0.1143040806055069
6015 -0.11147379130125046 -0.21104805171489716 0.008471639826893806
6016 -0.1000039353966713 -0.26900219917297363 0.09171096980571747
6017 -0.06393297016620636 0.34022924304008484 0.11004731804132462
6018 -0.025617334991693497 -0.39678987860679626 -0.07759212702512741
6019 0.008725411258637905 0.19961442053318024 0.12267940491437912
6020 -0.049644194543361664 -0.12795734405517578 0.0746147558093071
6021 0.057596996426582336 -0.19506846368312836 0.011449790559709072
6022 -0.019624587148427963 -0.014255866408348083 0.03443623334169388
6023 0.046308133751153946 -0.4275203049182892 -0.05782858654856682
6024 -0.050672225654125214 0.3492891788482666 -0.06759735196828842
6025 0.1564231812953949 0.3677394390106201 0.017387786880135536
6026 0.0005630451487377286 0.45991334319114685 0.12585976719856262
6027 0.02741842158138752 0.018600989133119583 0.04670132324099541
6028 -0.0009602161007933319 0.21168997883796692 0.023999860510230064
6029 -0.08986746519804001 0.2993296980857849 0.08380194008350372
6030 0.05926601216197014 -0.11465513706207275 -0.021242916584014893
6031 -0.06099201366305351 -0.3900201916694641 0.08282038569450378
6032 -0.007650247309356928 0.18085592985153198 -0.1369943916797638
6033 -0.17160597443580627 0.03641919046640396 -0.04566892981529236
6034 -0.03964529559016228 -0.21657073497772217 0.06770474463701248
6035 0.02285229228436947 -0.22505536675453186 0.11149884015321732
6036 -0.019096551463007927 0.2675594091415405 0.05383654311299324
6037 -0.06053243950009346 0.28303447365760803 -0.03891574963927269
6038 0.031165791675448418 0.4091525375843048 0.07244804501533508
6039 -0.002393800998106599 -0.15769796073436737 0.14575611054897308
6040 0.0563851036131382 0.36779817938804626 -0.10989964753389359
6041 0.059775460511446 0.1417074054479599 -0.005402947776019573
6042 -0.1118803322315216 -0.16671434044837952 -0.14074155688285828
6043 0.025539947673678398 0.056468136608600616 0.1129070594906807
6044 -0.13853859901428223 -0.022803958505392075 0.10832693427801132
6045 0.06695390492677689 -0.2964959442615509 0.06719771772623062
6046 0.10040504485368729 0.3445339798927307 0.020111897960305214
6047 -0.10121235251426697 0.3261086940765381 -0.07892313599586487
6048 -0.12595432996749878 0.0409952737390995 0.0793495923280716
6049 0.11348078399896622 -0.19747978448867798 -0.054348722100257874
6050 0.050961486995220184 0.36004647612571716 0.005216268356889486
6051 0.10587460547685623 0.04391419142484665 -0.07122325152158737
6052 -0.023719048127532005 0.481238454580307 0.08579307049512863
6053 0.05144496634602547 -0.22031445801258087 -0.002040357328951359
6054 -0.16882890462875366 -0.19187089800834656 0.047908809036016464
6055 0.11594415456056595 0.14879748225212097 0.017220845445990562
6056 -0.13012510538101196 -0.22051694989204407 0.01167104672640562
6057 -0.00995298009365797 -0.22196222841739655 -0.1056986153125763
6058 -0.10675883293151855 -0.18847496807575226 0.06870531290769577
6059 0.0824139341711998 -0.0240380447357893 0.017502328380942345
6060 -0.09575488418340683 0.1076926440000534 -0.13721206784248352
6061 0.04366196691989899 -0.005387538578361273 -0.12963871657848358
6062 0.17967259883880615 0.3514607548713684 -0.012266133911907673
6063 -0.06749642640352249 -0.15662939846515656 -0.0039605447091162205
6064 -0.09325883537530899 0.23259471356868744 -0.08096081018447876
6065 -0.08461802452802658 0.01298332866281271 -0.10041780024766922
6066 0.0778135433793068 -0.11296328902244568 0.037891849875450134
6067 -0.11685081571340561 0.32136526703834534 -0.045310765504837036
6068 0.10563402622938156 0.03377047926187515 0.02146710455417633
6069 0.004590087104588747 -0.30043190717697144 0.15047943592071533
6070 0.06514358520507812 0.15540660917758942 0.13695767521858215
6071 -0.11560187488794327 -0.21171367168426514 -0.1416034698486328
6072 0.010954009369015694 -0.2901051938533783 0.0858227089047432
6073 -0.17054975032806396 0.09316491335630417 -0.032396234571933746
6074 0.06813807040452957 0.4042701721191406 -0.03168204054236412
6075 -0.024989334866404533 0.3381226658821106 -0.07982480525970459
6076 -0.07417088001966476 -0.010123138315975666 0.06478068232536316
6077 0.12697891891002655 0.05750963091850281 -0.010509180836379528
6078 0.034936483949422836 -0.18337902426719666 0.11709142476320267
6079 -0.006030359771102667 -0.22363223135471344 0.12049057334661484
6080 0.05628826841711998 -0.05408560857176781 -0.04159028083086014
6081 0.07062122970819473 0.3462655246257782 0.09276773035526276
6082 0.05583817884325981 -0.08889024704694748 0.021550055593252182
6083 -0.027834927663207054 -0.14425021409988403 0.14543776214122772
6084 0.05240066722035408 0.2871141731739044 -0.11659818142652512
6085 -0.14304819703102112 -0.21139644086360931 -0.03323720023036003
6086 0.17002417147159576 0.30344077944755554 0.05470425635576248
6087 0.0018264249665662646 -0.28341177105903625 -0.14114950597286224
6088 -0.008242912590503693 0.3171573281288147 0.055668871849775314
6089 -0.027074018493294716 -0.08069000393152237 -0.14212867617607117
6090 -0.09878359735012054 -0.4475780427455902 0.13744114339351654
6091 0.04805019125342369 -0.1764252930879593 0.08164677768945694
6092 0.01970582827925682 -0.002319774590432644 -0.027081545442342758
6093 0.09677349776029587 -0.43660587072372437 -0.0639415979385376
6094 0.002625793917104602 0.040258485823869705 -0.13778991997241974
6095 0.0547485314309597 -0.004525222349911928 -0.08389552682638168
6096 0.019137363880872726 -0.026146451011300087 -0.059575993567705154
6097 0.06282319128513336 0.3839542269706726 -0.06966414302587509
6098 0.08851588517427444 -0.4423491358757019 -0.008435383439064026
6099 0.09165463596582413 -0.2627432942390442 -0.0029932770412415266
6100 0.006163089536130428 -0.06594218313694 0.09884478151798248
6101 0.006093398667871952 0.20019111037254333 0.08527825772762299
6102 0.12190186977386475 -0.09416786581277847 -0.12401735782623291
6103 0.1622469276189804 -0.07733793556690216 0.06187876686453819
6104 -0.07303725928068161 0.23464509844779968 -0.004267884884029627
6105 -0.015863938257098198 -0.2997696101665497 0.009340100921690464
6106 -0.08856632560491562 0.053346212953329086 0.03388381376862526
6107 0.02354113571345806 -0.2337038815021515 0.1780661791563034
6108 -0.0881778746843338 0.058202989399433136 -0.02049175463616848
6109 -0.08739419281482697 -0.47666385769844055 -0.09569655358791351
6110 0.09186156094074249 0.14185164868831635 -0.10335694998502731
6111 0.04303170368075371 0.2572653591632843 0.16399739682674408
6112 0.030203523114323616 0.24152441322803497 0.0012686747359111905
6113 0.049843814224004745 -0.07598674297332764 -0.04854339361190796
6114 0.017011398449540138 -0.056431133300065994 0.058827370405197144
6115 -0.08268038928508759 -0.016923310235142708 0.1518881767988205
6116 -0.14300699532032013 0.016331370919942856 -0.11138445138931274
6117 0.08709502965211868 -0.06691332906484604 0.02888568677008152
6118 0.06501389294862747 -0.365657240152359 0.009836171753704548
6119 -0.00944707915186882 0.13426242768764496 0.0973796546459198
6120 -0.1588229537010193 -0.40380293130874634 -0.00016555198817513883
6121 0.11481398344039917 -0.04339265823364258 0.1381785273551941
6122 -0.013933788053691387 -0.12374334782361984 -0.16865278780460358
6123 0.07955532521009445 0.0005021420074626803 -0.051312562078237534
6124 0.08751335740089417 -0.13761888444423676 -0.05059143528342247
6125 0.10746482014656067 0.024110879749059677 -0.0528632327914238
6126 0.07332852482795715 0.15502846240997314 0.04524794593453407
6127 -0.01140551082789898 0.29142436385154724 -0.07006130367517471
6128 -0.05873524025082588 0.07240335643291473 0.11743295937776566
6129 0.07742852717638016 -0.2610478401184082 -0.10487719625234604
6130 0.04723795875906944 -0.021873613819479942 -0.019465390592813492
6131 -0.13028670847415924 -0.383218914270401 0.12531383335590363
6132 0.053271424025297165 0.41210275888442993 0.05069556087255478
6133 -0.10974448919296265 0.23333071172237396 -0.002721261465921998
6134 0.028840284794569016 0.32332977652549744 0.1193465143442154
6135 0.009969628416001797 0.10110504925251007 0.049005042761564255
6136 -0.06926451623439789 0.023454515263438225 -0.040566571056842804
6137 0.17491543292999268 -0.13196273148059845 0.02364346757531166
6138 -0.020227454602718353 -0.25420132279396057 -0.13443896174430847
6139 -0.03962036222219467 -0.3345859944820404 0.005676023196429014
6140 0.053118996322155 0.07085196673870087 0.08158286660909653
6141 -0.015912408009171486 0.023676855489611626 -0.022544680163264275
6142 -0.13050515949726105 -0.16237400472164154 0.1208932176232338
6143 0.03548189252614975 0.09525498002767563 0.006763534154742956
6144 -0.1296006292104721 0.08295875042676926 -0.11740980297327042
6145 -0.10319491475820541 0.19710978865623474 0.05334758013486862
6146 0.06107305362820625 -0.35777437686920166 0.14378179609775543
6147 0.14456643164157867 -0.06732667237520218 0.04020111262798309
6148 -0.025172431021928787 -0.11733939498662949 0.0005364905809983611
6149 0.13105234503746033 -0.38725897669792175 -0.07807797938585281
6150 -0.1791054904460907 -0.35549017786979675 0.015672365203499794
6151 0.028976308181881905 0.22303423285484314 -0.027685321867465973
6152 -0.03863087296485901 -0.056238919496536255 -0.12078770250082016
6153 -0.007476785685867071 -0.04125013202428818 0.06914226710796356
6154 -0.05879514291882515 0.03824998438358307 0.022754495963454247
6155 -0.1524432748556137 0.09702838957309723 0.0859442874789238
6156 0.14821197092533112 0.18909911811351776 -0.007851902395486832
6157 0.07387294620275497 -0.4652154743671417 0.03427153080701828
6158 -0.0244048573076725 -0.3788939118385315 -0.034954775124788284
6159 -0.09112560749053955 -0.12543421983718872 -0.059794649481773376
6160 0.056596241891384125 -0.35075557231903076 0.02700524963438511
6161 0.06410744041204453 -0.30123764276504517 -0.07141108065843582
6162 -0.021039774641394615 -0.1823260635137558 -0.08004038035869598
6163 0.035146284848451614 -0.16382381319999695 -0.10594800859689713
6164 0.0860939547419548 0.26536276936531067 0.02776937559247017
6165 -0.031812865287065506 0.23735134303569794 0.0027924934402108192
6166 -0.04259931296110153 -0.2240142822265625 -0.11239319294691086
6167 -0.017545878887176514 -0.4513058066368103 0.10090762376785278
6168 0.028589939698576927 0.07381606101989746 -0.13809232413768768
6169 -0.049136318266391754 0.47471868991851807 0.0819142684340477
6170 0.06368210911750793 -0.43378639221191406 -0.0344151146709919
6171 -0.08642961084842682 -0.19977830350399017 -0.10031644254922867
6172 0.09863273054361343 -0.38693517446517944 -0.006902388762682676
6173 0.01937873475253582 -0.1943778395652771 -0.1017799898982048
6174 -0.15135152637958527 -0.278949499130249 -0.0048552569933235645
6175 -0.01466242503374815 -0.03560900688171387 0.10616657137870789
6176 0.049329034984111786 -0.045877501368522644 0.09205254912376404
6177 -0.05266646668314934 -0.0914587676525116 -0.0430537685751915
6178 0.17514753341674805 -0.285251259803772 -0.022669214755296707
6179 0.05588369816541672 0.4053041934967041 -0.10817919671535492
6180 0.016792038455605507 -0.3985947370529175 0.023794881999492645
6181 -0.12319663912057877 0.3647926151752472 -0.06794395297765732
6182 -0.004057575017213821 0.2799980640411377 -0.08993634581565857
6183 0.07022570818662643 -0.4322277903556824 -0.0706438273191452
6184 0.08495161682367325 0.17935340106487274 0.03090176358819008
6185 0.08987882733345032 0.3634440004825592 0.1023610383272171
6186 -0.08023499697446823 0.3333764970302582 -0.007751088123768568
6187 -0.07093404233455658 -0.43642833828926086 0.005769143812358379
6188 0.16771024465560913 -0.05610586702823639 0.04686758294701576
6189 -0.02538931742310524 0.003983801230788231 -0.07958885282278061
6190 -0.039941295981407166 0.31944209337234497 -0.10989445447921753
6191 -0.08224739879369736 0.30584242939949036 0.059570249170064926
6192 -0.010795568116009235 -0.34583336114883423 0.04690028354525566
6193 0.12140621244907379 -0.11484305560588837 0.12100884318351746
6194 0.1283877044916153 0.22228248417377472 -0.06002073362469673
6195 0.16219587624073029 0.015558185987174511 0.07020266354084015
6196 -0.04092533886432648 0.17196686565876007 0.06274601817131042
6197 -0.06030398979783058 0.06033065915107727 -0.046934306621551514
6198 -0.11089712381362915 0.3307350277900696 0.09275298565626144
6199 0.07900602370500565 -0.2834336459636688 -0.06115218251943588
6200 0.06518936902284622 -0.34892258048057556 0.07391761988401413
6201 0.04081202670931816 -0.3109304904937744 0.057206857949495316
6202 0.03524557501077652 -0.025401776656508446 -0.13673244416713715
6203 0.08439521491527557 -0.27207690477371216 0.1553148478269577
6204 0.10368650406599045 -0.1259523183107376 0.06760425120592117
6205 -0.031269390136003494 0.3639741539955139 -0.07843896001577377
6206 -0.06737474352121353 -0.3694938123226166 0.1569848358631134
6207 -0.005143595859408379 0.4796913266181946 0.0990181416273117
6208 -0.1502062827348709 -0.18937118351459503 -0.04162340611219406
6209 -0.0612591914832592 -0.21332909166812897 -0.020370880141854286
6210 0.12159128487110138 0.10488036274909973 -0.038808003067970276
6211 0.06753720343112946 0.3655757009983063 -0.048963215202093124
6212 0.02095894142985344 -0.38493630290031433 -0.1056414544582367
6213 0.17508099973201752 -0.4605233669281006 0.04297561198472977
6214 -0.09969168901443481 -0.0210073534399271 0.07804463058710098
6215 -0.04818454757332802 -0.16555680334568024 0.026252714917063713
6216 -0.09261048585176468 -0.16943341493606567 -0.018221385776996613
6217 0.038881704211235046 0.4277702569961548 0.07049260288476944
6218 -0.03584670275449753 -0.01637214794754982 -0.08352664113044739
6219 0.0651962012052536 -0.10783828794956207 0.010623802430927753
6220 0.10700970143079758 -0.18824942409992218 -0.0781218633055687
6221 0.08561549335718155 0.3999185264110565 -0.01648237369954586
6222 0.15443168580532074 0.16671019792556763 -0.019666649401187897
6223 0.0951269194483757 -0.23817573487758636 -0.05808033049106598
6224 0.03945571929216385 -0.12685851752758026 0.16593565046787262
6225 -0.01707117073237896 0.1539182960987091 0.17589835822582245
6226 -0.10532047599554062 -0.14586305618286133 -0.12515504658222198
6227 -0.01815868727862835 0.26961642503738403 0.11013557761907578
6228 0.05862376093864441 0.11893176287412643 0.0030984515324234962
6229 -0.13270743191242218 -0.2399209588766098 0.01739967241883278
6230 0.12633424997329712 0.35420629382133484 0.01579052396118641
6231 -0.09409064054489136 -0.3177415132522583 0.06773974001407623
6232 0.13203929364681244 -0.3180442750453949 -0.029775023460388184
6233 0.07144994288682938 0.03896002098917961 -0.07752523571252823
6234 -0.09069441258907318 -0.25612521171569824 0.07191192358732224
6235 0.08652333915233612 -0.41345950961112976 0.11440247297286987
6236 0.07357317209243774 0.2555008828639984 -0.07841669768095016
6237 -0.02818700112402439 0.10961361974477768 0.06727699935436249
6238 0.08766140788793564 0.2627198398113251 -0.12254123389720917
6239 -0.043050169944763184 0.4598916172981262 0.04865266755223274
6240 0.02418198436498642 -0.1737416833639145 -0.023666121065616608
6241 -0.05504016950726509 -0.29818907380104065 -0.026620138436555862
6242 0.06401610374450684 -0.3306431174278259 -0.04089473932981491
6243 -0.046773090958595276 -0.43137678503990173 -0.05207131430506706
6244 0.123231440782547 -0.05813136324286461 0.001579410396516323
6245 -0.0021925843320786953 -0.38698482513427734 0.03795357048511505
6246 0.03861456364393234 -0.3369983732700348 0.060270149260759354
6247 0.04704754427075386 0.09598680585622787 0.05226484686136246
6248 -0.035994838923215866 0.19642920792102814 0.13255515694618225
6249 0.10063439607620239 0.31496676802635193 -0.023919442668557167
6250 -0.018932634964585304 -0.23724310100078583 0.07219245284795761
6251 -0.1143939197063446 -0.43241071701049805 0.017226358875632286
6252 0.11839527636766434 -0.15234169363975525 -0.05675133317708969
6253 -0.1406020075082779 -0.051216911524534225 0.004181446973234415
6254 -0.015799924731254578 0.37495338916778564 -0.10579676926136017
6255 0.05180776119232178 -0.3522317409515381 -0.07424434274435043
6256 -0.09117069840431213 -0.12202249467372894 -0.03643178567290306
6257 0.12050285190343857 0.02634742483496666 -0.08558738231658936
6258 -0.019765395671129227 0.15041691064834595 0.12512226402759552
6259 -0.01531126443296671 -0.2831549048423767 0.07133287191390991
6260 0.03255705535411835 -0.030480291694402695 0.041309110820293427
6261 -0.0494607649743557 -0.1779031902551651 -0.0610983744263649
6262 0.042808834463357925 -0.016989681869745255 -0.11059309542179108
6263 -0.07445712387561798 -0.02976170927286148 0.08764997869729996
6264 -0.003189101116731763 0.30436113476753235 -0.08642863482236862
6265 -0.011156495660543442 -0.28233030438423157 0.1430087685585022
6266 -0.032856788486242294 0.2558841109275818 0.01950843259692192
6267 0.04212130233645439 0.010311710648238659 -0.015808647498488426
6268 0.1000821590423584 -0.04833832383155823 0.007940583862364292
6269 0.024613428860902786 0.01825842261314392 -0.05125308409333229
6270 -0.03846319019794464 -0.002516090404242277 -0.02420014515519142
6271 0.10397811979055405 -0.0520220510661602 0.05284878984093666
6272 0.09147991240024567 0.14814844727516174 0.06265497952699661
6273 -0.013728336431086063 0.20021188259124756 -0.16490072011947632
6274 -0.00873811636120081 -0.272246778011322 -0.022123320028185844
6275 -0.14585711061954498 -0.29059135913848877 -0.04665575921535492
6276 0.11630019545555115 -0.3087961971759796 0.11177827417850494
6277 -0.12084803730249405 -0.009790066629648209 0.06874008476734161
6278 -0.06550677120685577 -0.20482251048088074 -0.06949122995138168
6279 0.17226675152778625 -0.1566915214061737 0.035175077617168427
6280 -0.02005145139992237 -0.10588027536869049 -0.15502458810806274
6281 -0.006438130978494883 0.4140167534351349 -0.10687480121850967
6282 -0.15181969106197357 -0.4259186089038849 0.016550462692975998
6283 0.06915920227766037 -0.2788558304309845 -0.08363191783428192
6284 0.10781718045473099 0.22228053212165833 -0.04194136708974838
6285 -0.07273038476705551 -0.45800110697746277 -0.08222605288028717
6286 0.02056516520678997 -0.0505317784845829 -0.0577114075422287
6287 -0.09893830120563507 -0.20187245309352875 -0.14973731338977814
6288 -0.058800000697374344 0.18261268734931946 0.07629728317260742
6289 -0.0648546889424324 -0.39933547377586365 0.05902915447950363
6290 -0.0970955416560173 0.4110720753669739 -0.003266269341111183
6291 -0.02091691642999649 -0.3463611900806427 -0.04811171814799309
6292 -0.08071264624595642 -0.09660322219133377 -0.04408767446875572
6293 0.14933021366596222 -0.09094229340553284 0.0353943333029747
6294 -0.07381784170866013 -0.32710883021354675 -0.06154884397983551
6295 0.017949914559721947 0.3981975018978119 0.10179369896650314
6296 -0.06347428262233734 -0.23035231232643127 -0.07323101162910461
6297 -0.041886404156684875 0.006910201162099838 -0.15303698182106018
6298 -0.04512951523065567 0.43908554315567017 0.11487146466970444
6299 -0.013160149566829205 -0.18788079917430878 0.1063983291387558
6300 -0.0964784026145935 -0.31297236680984497 -0.12762793898582458
6301 0.02265443466603756 0.4575946629047394 0.15428705513477325
6302 -0.11024479568004608 0.3163124620914459 0.04914643615484238
6303 -0.08105123043060303 0.12421897798776627 -0.070683553814888
6304 -0.10172013193368912 0.218098983168602 0.07282533496618271
6305 -0.06011815741658211 -0.09861284494400024 0.12160129100084305
6306 0.1386772245168686 -0.45434921979904175 0.08062855154275894
6307 -0.002262201625853777 -0.13936936855316162 0.06547524034976959
6308 0.08030162751674652 -0.25648626685142517 0.09882520884275436
6309 0.15276719629764557 0.17106005549430847 0.005596950650215149
6310 -0.07809058576822281 0.359075129032135 0.02747657336294651
6311 0.13762658834457397 0.14307449758052826 -0.09044056385755539
6312 0.14917463064193726 0.2276688814163208 -0.027011653408408165
6313 -0.053134046494960785 0.20651181042194366 0.15649189054965973
6314 -0.0391213484108448 -0.24532675743103027 -0.09566392004489899
6315 0.10792917758226395 0.2642008364200592 -0.05459347367286682
6316 -0.022809624671936035 -0.38775134086608887 -0.014447440393269062
6317 0.010371139273047447 0.01763269305229187 0.0018704491667449474
6318 -0.10495097190141678 0.2617330551147461 -0.07048189640045166
6319 0.031735070049762726 -0.3228522539138794 -0.1319582313299179
6320 -0.03255979344248772 -0.26283565163612366 0.11270259320735931
6321 -0.023340662941336632 0.05413331091403961 -0.007803386077284813
6322 -0.03099774569272995 -0.2413673847913742 -0.03122200444340706
6323 0.08734786510467529 -0.3286910057067871 -0.05169392004609108
6324 -0.09981493651866913 0.14798343181610107 -0.013803876005113125
6325 -0.0011596926487982273 -0.3560439944267273 -0.064689502120018
6326 -0.02478129230439663 -0.023521048948168755 -0.04668247699737549
6327 -0.038143232464790344 0.254242479801178 0.11849690228700638
6328 0.11430959403514862 -0.23927946388721466 -0.07622188329696655
6329 0.07538215070962906 0.03172896057367325 -0.10136574506759644
6330 -0.06719180941581726 -0.06435880064964294 -0.13306587934494019
6331 -0.022846443578600883 0.25621747970581055 0.0010998683283105493
6332 -0.002408767119050026 0.3216293156147003 0.0021592972334474325
6333 0.05137746036052704 0.2565971910953522 -0.08518937975168228
6334 -0.05988668277859688 0.2571312487125397 -0.030632570385932922
6335 0.178041473031044 0.12895743548870087 0.03654908016324043
6336 0.05955611541867256 -0.0003493949770927429 -0.10988356173038483
6337 -0.05080298334360123 0.42207205295562744 -0.05077212676405907
6338 -0.11497090756893158 -0.06464172899723053 0.06252195686101913
6339 -0.05170685425400734 -0.2368585467338562 0.17092400789260864
6340 -0.09890680760145187 0.07517597079277039 -0.09859056770801544
6341 0.11408794671297073 0.3967404365539551 0.08211831003427505
6342 -0.024274369701743126 -0.24602599442005157 0.09609074890613556
6343 0.03361367806792259 0.45599812269210815 -0.06980998069047928
6344 0.11281999200582504 -0.40590476989746094 0.08422772586345673
6345 -0.04393744096159935 0.3699927031993866 -0.10458886623382568
6346 0.09325485676527023 0.3670389652252197 0.023431651294231415
6347 0.10546472668647766 0.38815492391586304 -0.035370416939258575
6348 0.12761256098747253 -0.19106674194335938 0.12038955092430115
6349 0.11231280863285065 0.444022536277771 -0.12925836443901062
6350 -0.08374597877264023 0.12355874478816986 0.14870193600654602
6351 0.045887578278779984 -0.2865372598171234 -0.025354474782943726
6352 -0.001334078493528068 -0.018314866349101067 0.13953432440757751
6353 -0.12188408523797989 -0.176493301987648 -0.027704691514372826
6354 -0.10350371897220612 -0.1892939656972885 0.02552040107548237
6355 -0.04652317240834236 -0.43910205364227295 0.14599014818668365
6356 -0.06003835052251816 -0.14296364784240723 0.04759250581264496
6357 -0.05018132925033569 0.39247575402259827 -0.1019062027335167
6358 0.08010277152061462 0.07434695959091187 0.06414119899272919
6359 0.02274070680141449 -0.11843954026699066 -0.09560924023389816
6360 -0.012007356621325016 -0.4541512727737427 -0.13272139430046082
6361 -0.005340676289051771 -0.06814314424991608 0.12199040502309799
6362 -0.1393744796514511 -0.09197259694337845 0.06658535450696945
6363 -0.09000207483768463 -0.030972950160503387 -0.00782194547355175
6364 -0.15009525418281555 -0.03032178245484829 -0.0824669599533081
6365 0.05627870932221413 -0.3555220663547516 -0.160621777176857
6366 -0.030512159690260887 -0.06355616450309753 -0.1773485541343689
6367 -0.16329820454120636 -0.39776596426963806 0.07549586892127991
6368 -0.09799717366695404 -0.19741149246692657 -0.12512129545211792
6369 0.07816226780414581 0.4032353162765503 -0.061357513070106506
6370 0.09266609698534012 0.04004552960395813 0.15495066344738007
6371 0.06804532557725906 0.04306923598051071 0.11997111141681671
6372 0.12106472998857498 0.277933269739151 -0.03565580025315285
6373 -0.06045341491699219 -0.45875072479248047 0.0834384560585022
6374 -0.05489540472626686 0.19010242819786072 -0.10314303636550903
6375 -0.08939190208911896 -0.28664103150367737 -0.05495342239737511
6376 0.041476164013147354 -0.05432220175862312 0.13228167593479156
6377 0.1313970685005188 -0.11699722707271576 0.014418776147067547
6378 0.007294164039194584 -0.014133593998849392 -0.16224093735218048
6379 -0.06231052428483963 -0.019433725625276566 -0.12547889351844788
6380 -0.14802023768424988 -0.43958598375320435 -0.054126329720020294
6381 0.1496448665857315 0.095283143222332 0.025216367095708847
6382 0.039207976311445236 -0.23009289801120758 -0.1109817698597908
6383 0.08974340558052063 0.039233505725860596 0.0694601982831955
6384 0.10351052135229111 -0.18967166543006897 0.032817039638757706
6385 -0.010168108157813549 -0.3603741526603699 -0.03264949470758438
6386 -0.07369157671928406 -0.34201622009277344 -0.019585615023970604
6387 0.03995184600353241 0.12874366343021393 0.07635136693716049
6388 -0.1411132961511612 -0.34944871068000793 0.05534268915653229
6389 0.008037966676056385 0.4060385227203369 0.13076773285865784
6390 0.01756450906395912 0.07649646699428558 0.06570673733949661
6391 0.07052753865718842 0.3238648772239685 0.09854435175657272
6392 -0.08896513283252716 0.33462271094322205 -0.03583340346813202
6393 -0.04668782278895378 -0.16309073567390442 -0.014558793045580387
6394 -0.0006400463753379881 -0.17672353982925415 -0.06100010871887207
6395 -0.00013741193106397986 -0.0638338178396225 0.07524430006742477
6396 -0.0631561130285263 0.4062299132347107 -0.16591836512088776
6397 0.038886312395334244 0.4456862807273865 0.025562403723597527
6398 -0.13579538464546204 -0.08985835313796997 -0.02244836650788784
6399 -0.10333758592605591 -0.30271175503730774 0.05607887730002403
6400 -0.1498904526233673 -0.41215407848358154 -0.0387437678873539
6401 0.10084007680416107 -0.41873568296432495 -0.009068534709513187
6402 0.11845953017473221 -0.35997119545936584 -0.0011738031171262264
6403 0.09327563643455505 -0.3799433708190918 -0.1246652901172638
6404 0.06637780368328094 -0.08194322139024734 0.1363961398601532
6405 0.07520516216754913 -0.18393398821353912 0.05926264077425003
6406 -0.021468177437782288 -0.30476000905036926 -0.1590500921010971
6407 -0.02395704761147499 -0.3599607050418854 0.011808030307292938
6408 -0.14227081835269928 0.2967126667499542 0.025326469913125038
6409 -0.06536410003900528 -0.06417426466941833 -0.047646310180425644
6410 -0.04302971810102463 -0.018331704661250114 -0.16844698786735535
6411 -0.08655145764350891 0.35340526700019836 0.09919136762619019
6412 -0.16279172897338867 0.0523860827088356 0.06407282501459122
6413 0.06939677149057388 0.11766327172517776 -0.1642352044582367
6414 -0.07741305977106094 -0.014032679609954357 0.12182386219501495
6415 -0.01703464612364769 0.1587793529033661 0.04175073653459549
6416 -0.07128872722387314 0.4451458752155304 0.010467871092259884
6417 0.03200393542647362 -0.3992919921875 0.001790911890566349
6418 -0.06463856995105743 -0.33712926506996155 -0.07814839482307434
6419 0.109029121696949 -0.12221647053956985 0.13915452361106873
6420 -0.05677347630262375 0.1504778116941452 0.08760788291692734
6421 0.06427221745252609 -0.3241367042064667 0.001907320343889296
6422 -0.02148669771850109 -0.14997802674770355 -0.075581394135952
6423 0.15211164951324463 -0.2569146752357483 -0.09514676779508591
6424 -0.06347052752971649 -0.2647753953933716 0.10366873443126678
6425 0.11230568587779999 -0.47979554533958435 0.02715984359383583
6426 -0.0479685515165329 0.3873642385005951 0.17385727167129517
6427 -0.14081326127052307 -0.1246289536356926 -0.053622566163539886
6428 -0.16474199295043945 0.13859066367149353 -0.04346166178584099
6429 0.018193216994404793 0.10495737195014954 0.14310894906520844
6430 0.03760228678584099 0.2975499927997589 -0.09974764287471771
6431 0.04279007762670517 -0.37694233655929565 -0.07585779577493668
6432 0.03409748151898384 -0.04616563394665718 -0.03964759036898613
6433 -0.021071532741189003 -0.12250345200300217 0.0814182385802269
6434 0.06817474216222763 -0.06990930438041687 -0.08214104920625687
6435 0.040296491235494614 0.3797435164451599 0.06847318261861801
6436 0.12733814120292664 -0.0026960154063999653 0.015547550283372402
6437 -0.11656662821769714 0.23009930551052094 -0.03516741842031479
6438 -0.055955272167921066 0.3637858033180237 -0.015740348026156425
6439 -0.07752659916877747 0.04694156348705292 0.12656615674495697
6440 -0.14668487012386322 -0.014502517879009247 -0.09993445128202438
6441 -0.016999004408717155 -0.11147952079772949 0.11018044501543045
6442 0.04572977125644684 0.08364270627498627 -0.03888010233640671
6443 -0.11870291084051132 0.3747568726539612 0.04359515756368637
6444 -0.02779860608279705 0.18367962539196014 0.0860702395439148
6445 0.1299734115600586 -0.10210100561380386 -0.014939943328499794
6446 0.06913038343191147 0.11831668019294739 0.13785822689533234
6447 0.15692144632339478 -0.16878998279571533 -0.031767867505550385
6448 0.0002783893723972142 -0.02159326709806919 -0.03298428654670715
6449 0.006017139647156 -0.43963903188705444 0.10527881234884262
6450 0.0783546194434166 -0.2744334638118744 0.031213119626045227
6451 0.01171637699007988 -0.08047410100698471 -0.06426972895860672
6452 0.12965337932109833 0.42974889278411865 -0.12020925432443619
6453 0.12467624247074127 -0.29355388879776 0.10724702477455139
6454 -0.04404464364051819 0.20686757564544678 -0.023180905729532242
6455 0.045190487056970596 -0.4450396001338959 0.10117199271917343
6456 0.05414441227912903 0.11787102371454239 0.04479638859629631
6457 0.10748549550771713 -0.2575433552265167 0.02244698815047741
6458 0.08397406339645386 0.3017558753490448 -0.01332766655832529
6459 -0.10264963656663895 -0.41537338495254517 0.02077089250087738
6460 -0.06271354109048843 -0.11265010386705399 -0.05878182873129845
6461 0.05923675373196602 -0.050951339304447174 -0.06533339619636536
6462 0.0008972251671366394 0.3099134862422943 -0.0249822698533535
6463 0.004959520883858204 -0.4306270182132721 -0.041812457144260406
6464 0.09813080728054047 -0.39203429222106934 -0.04816374555230141
6465 0.030776865780353546 -0.1425434648990631 -0.09238136559724808
6466 -0.10094989091157913 0.2692800462245941 0.057079605758190155
6467 -0.09028109163045883 0.18157823383808136 0.09130530804395676
6468 -0.06632481515407562 0.07378266006708145 -0.02420041523873806
6469 0.011312656104564667 0.1828729659318924 -0.008088414557278156
6470 -0.06499583274126053 0.40759655833244324 -0.032572779804468155
6471 -0.005526903085410595 -0.3330034613609314 -0.07363250106573105
6472 0.10703139007091522 -0.2626732885837555 0.05411277338862419
6473 0.12306394428014755 -0.2697957158088684 0.11793801188468933
6474 0.08414432406425476 -0.3600125312805176 0.15479052066802979
6475 -0.006695130839943886 0.255598247051239 0.017741158604621887
6476 -0.14392317831516266 0.4131251275539398 -0.10329896956682205
6477 -0.09199421107769012 0.3120923936367035 -0.09131579846143723
6478 -0.05760432407259941 0.30567723512649536 -0.0491844117641449
6479 0.11896512657403946 -0.3224235773086548 0.024070467799901962
6480 0.0005315986345522106 -0.1734575629234314 0.12580034136772156
6481 0.023504814133048058 0.04507339745759964 -0.0765501856803894
6482 -0.0976051315665245 0.03201202675700188 -0.033059246838092804
6483 -0.0026986494194716215 0.24056412279605865 -0.026715897023677826
6484 -0.17718738317489624 -0.31721216440200806 -0.015819106251001358
6485 -0.15352901816368103 0.013917162083089352 0.006315997801721096
6486 -0.011075062677264214 -0.3161344528198242 -0.04725237563252449
6487 -0.028632663190364838 0.09809520840644836 -0.0005843566614203155
6488 0.05127720162272453 0.13999059796333313 -0.16483965516090393
6489 -0.0060173035599291325 0.32572340965270996 -0.1350681334733963
6490 0.05966722592711449 -0.21489892899990082 -0.05439923331141472
6491 -0.10200481861829758 0.17491945624351501 0.04500655457377434
6492 -0.04703867807984352 -0.023293577134609222 0.10787907987833023
6493 -0.1327037513256073 -0.03498619422316551 -0.04399406164884567
6494 -0.07796072214841843 -0.17735658586025238 -0.05468098446726799
6495 -0.009737926535308361 0.38554349541664124 -0.03668277710676193
6496 -0.05820896103978157 -0.043171484023332596 -0.12593050301074982
6497 0.037482865154743195 -0.12334826588630676 -0.1169326975941658
6498 -0.050923239439725876 0.24689102172851562 -0.012505351565778255
6499 -0.014558493159711361 -0.4591085910797119 -0.11239597946405411
6500 0.0257660374045372 0.06245727092027664 -0.04915385693311691
6501 -0.0351729653775692 -0.41582703590393066 -0.07177308946847916
6502 0.11528362333774567 -0.24490490555763245 -0.00617267657071352
6503 0.010096773505210876 -0.0335821732878685 0.054180581122636795
6504 -0.03904233127832413 0.3964311480522156 -0.1299782693386078
6505 -0.011815020814538002 0.2299772948026657 0.11936120688915253
6506 -0.0753600224852562 -0.13012775778770447 0.06603477150201797
6507 -0.003631636267527938 0.13295041024684906 0.06040579080581665
6508 0.03089667297899723 0.026477569714188576 0.07675658166408539
6509 -0.10575592517852783 -0.062400832772254944 -0.040096573531627655
6510 0.09067463874816895 -0.3234444260597229 0.011997624300420284
6511 -0.033179786056280136 -0.1288091391324997 -0.10640554875135422
6512 0.046926289796829224 -0.46588099002838135 0.1078195795416832
6513 0.0235154926776886 0.16252143681049347 0.041996657848358154
6514 0.05247025936841965 -0.13679897785186768 -0.10266001522541046
6515 0.04586813226342201 -0.07432829588651657 -0.08573329448699951
6516 0.05874849483370781 0.3916997015476227 0.03800840303301811
6517 0.15702536702156067 0.22050398588180542 -0.04856269434094429
6518 0.012809795327484608 0.1114400327205658 0.02005903050303459
6519 -0.010832778178155422 -0.06804289668798447 -0.05931354686617851
6520 -0.02298993244767189 0.11997276544570923 0.030178753659129143
6521 -0.06254209578037262 -0.3191547989845276 0.014596736989915371
6522 -0.07399533689022064 0.0331130176782608 -0.07385367155075073
6523 0.009594127535820007 -0.1257491558790207 0.1499299257993698
6524 -0.02904263511300087 0.31425896286964417 -0.1387607753276825
6525 0.13792216777801514 -0.3364427387714386 0.028642212972044945
6526 0.042236778885126114 -0.4237930178642273 0.08486823737621307
6527 -0.05860135331749916 -0.1343560367822647 -0.09350207448005676
6528 -0.1123911440372467 0.19820362329483032 0.0981547087430954
6529 -0.06957449018955231 -0.3945390582084656 -0.019821399822831154
6530 -0.040156085044145584 -0.0007866600644774735 -0.12309036403894424
6531 -0.07691118866205215 -0.2877233326435089 0.0016220604302361608
6532 -0.035966143012046814 0.3795943260192871 0.010656229220330715
6533 0.017743002623319626 -0.2187514752149582 -0.10598006099462509
6534 -0.13040593266487122 -0.10850249975919724 -0.03790273889899254
6535 0.03421133756637573 -0.31946542859077454 0.007720509544014931
6536 -0.14023809134960175 -0.2667647898197174 -0.03766220435500145
6537 -0.014548400416970253 0.32445746660232544 -0.10108189284801483
6538 -0.04609525203704834 0.0977109745144844 -0.035598400980234146
6539 -0.07988908141851425 0.40260985493659973 0.005312472116202116
6540 -0.11526697874069214 0.3484988510608673 -0.13115786015987396
6541 -0.011823576875030994 -0.2667897641658783 0.08571424335241318
6542 -0.1034374013543129 0.3696070611476898 -0.07714199274778366
6543 0.0007782010361552238 0.17352241277694702 0.07849343121051788
6544 -0.008310121484100819 0.34077131748199463 -0.014198760502040386
6545 0.002196480520069599 0.1722368448972702 0.03770321235060692
6546 -0.06929588317871094 0.19976826012134552 0.1413092017173767
6547 0.03753652051091194 0.0006958490703254938 0.104320228099823
6548 -0.06798253208398819 -0.05850185826420784 -0.013917031697928905
6549 -0.053121212869882584 -0.012964744120836258 0.13089877367019653
6550 0.0518338605761528 -0.18307006359100342 0.059543073177337646
6551 -0.06167850270867348 -0.08178205788135529 -0.0705394595861435
6552 0.006226739380508661 0.3071827292442322 -0.1516377478837967
6553 -0.0885729044675827 0.15997642278671265 0.011655237525701523
6554 -0.07663469761610031 0.46131375432014465 0.03280492499470711
6555 -0.05429797247052193 -0.1081499308347702 0.06730781495571136
6556 0.02548995427787304 -0.09821856021881104 -0.11540277302265167
6557 -0.016426386311650276 0.4029825031757355 -0.05544086545705795
6558 -0.061771173030138016 -0.24899013340473175 -0.058826640248298645
6559 0.09443902969360352 -0.03609718754887581 -0.0337178036570549
6560 -0.10825136303901672 -0.1055116355419159 -0.06108041852712631
6561 0.09962935745716095 0.34225794672966003 -0.06741002202033997
6562 -0.07121612876653671 -0.025192519649863243 -0.02510981261730194
6563 -0.08265647292137146 -0.34076210856437683 -0.1582748293876648
6564 0.1175251230597496 -0.219535693526268 -0.06293850392103195
6565 0.08743281662464142 -0.029803631827235222 0.0558898039162159
6566 -0.1174611896276474 -0.038056645542383194 0.08103181421756744
6567 0.05324259772896767 -0.09602753072977066 -0.06758052110671997
6568 0.040621694177389145 -0.41227203607559204 -0.13352517783641815
6569 -0.15369193255901337 -0.36762866377830505 -0.02650054544210434
6570 0.038748640567064285 0.08383530378341675 0.06962771713733673
6571 0.08418894559144974 0.05835196003317833 0.08865345269441605
6572 -0.06427861005067825 0.016793573275208473 0.12015043199062347
6573 0.07314865291118622 0.39623716473579407 0.1214253306388855
6574 -0.06960626691579819 0.10206549614667892 -0.02019468881189823
6575 -0.0038570379838347435 0.021408185362815857 -0.048568107187747955
6576 0.06715099513530731 -0.054026924073696136 -0.022179123014211655
6577 0.027279915288090706 -0.30915528535842896 0.032786253839731216
6578 0.0344025157392025 -0.20655255019664764 -0.12183527648448944
6579 -0.0217994824051857 -0.40038666129112244 -0.04016449302434921
6580 0.020353375002741814 0.18018895387649536 -0.1591704934835434
6581 -0.07244107872247696 0.0011815355392172933 -0.02666241116821766
6582 0.003071389626711607 0.040930572897195816 -0.011606774292886257
6583 0.12495611608028412 -0.19979846477508545 -0.07293181866407394
6584 -0.0018453646916896105 0.08810990303754807 0.008327760733664036
6585 -0.10705423355102539 -0.14894434809684753 -0.02010197937488556
6586 0.04208528995513916 -0.16755074262619019 -0.045348890125751495
6587 -0.11005496978759766 0.2748924195766449 -0.017153069376945496
6588 0.022893331944942474 -0.15613815188407898 0.15231092274188995
6589 -0.0780220627784729 0.010624095797538757 0.07487646490335464
6590 -0.013709500432014465 -0.08805820345878601 0.08376982063055038
6591 -0.050215598195791245 0.1281612515449524 0.07035373896360397
6592 0.06298680603504181 -0.3098612427711487 -0.01944517344236374
6593 -0.03644736856222153 -0.2856604754924774 -0.00697030033916235
6594 0.02914179116487503 0.11611569672822952 0.042704515159130096
6595 0.09306689351797104 0.07979213446378708 0.07687512785196304
6596 -0.018959317356348038 0.0367744006216526 0.06047036871314049
6597 0.08384039252996445 0.024206755682826042 -0.044946663081645966
6598 -0.10772880166769028 -0.052485689520835876 -0.13976991176605225
6599 0.10111697763204575 0.3837062120437622 0.0398574098944664
6600 -0.10035786777734756 -0.316967248916626 -0.07989588379859924
6601 0.1558387130498886 -0.2502228617668152 0.0016934882150962949
6602 -0.06767763942480087 -0.19958709180355072 -0.042916443198919296
6603 -0.09680511057376862 0.3011632561683655 -0.06498223543167114
6604 -0.14272327721118927 0.08301097899675369 0.06221560388803482
6605 0.06031482294201851 -0.1802947223186493 -0.1053251102566719
6606 0.006550340447574854 0.33407407999038696 -0.03195619210600853
6607 -0.022693172097206116 0.2685641050338745 -0.09229367226362228
6608 0.09446918219327927 -0.16132745146751404 -0.1016162782907486
6609 -0.06957625597715378 -0.2251882702112198 0.03797675296664238
6610 0.09093313664197922 -0.007009362336248159 0.038455232977867126
6611 -0.09817931801080704 0.21654972434043884 0.13261441886425018
6612 -0.03769540786743164 -0.3324020504951477 0.03210627660155296
6613 0.06130310520529747 0.2896392047405243 -0.047419048845767975
6614 -0.0006788485334254801 -0.12472105771303177 -0.05825544148683548
6615 0.020456016063690186 0.05131293833255768 0.03927603363990784
6616 -0.13930310308933258 -0.45500749349594116 -0.08630861341953278
6617 0.03540390729904175 -0.25422021746635437 0.04709753766655922
6618 -0.12161684036254883 -0.3101358115673065 -0.08383792638778687
6619 0.007129041478037834 -0.1984053999185562 0.042370401322841644
6620 0.03917865455150604 -0.14664283394813538 -0.13196584582328796
6621 -0.12608332931995392 -0.23359918594360352 -0.024153685197234154
6622 0.10456833243370056 -0.00791229959577322 0.12031883746385574
6623 -0.07300300896167755 0.02074497938156128 -0.0006867341580800712
6624 -0.019063912332057953 0.09653080999851227 0.1399858295917511
6625 -0.13181251287460327 0.47671300172805786 0.07738102972507477
6626 -0.09371911734342575 0.246445432305336 0.04003290459513664
6627 0.0564875565469265 -0.2494879812002182 -0.11633292585611343
6628 -0.12026581913232803 0.07568911463022232 0.05750536173582077
6629 0.11305204778909683 -0.12279611825942993 -0.016657724976539612
6630 0.10334071516990662 0.23671850562095642 -0.02513754926621914
6631 0.08733650296926498 0.11999546736478806 -0.04597613587975502
6632 0.1440725028514862 -0.10301142930984497 -0.07133661210536957
6633 -0.01942601054906845 0.47669994831085205 0.04891728237271309
6634 -0.031195949763059616 -0.1088598445057869 -0.08531634509563446
6635 -0.035509224981069565 0.41470783948898315 -0.07290833443403244
6636 -0.055390678346157074 -0.012292927131056786 -0.043737754225730896
6637 -0.10359781235456467 -0.07872621715068817 -0.01848268136382103
6638 0.004178626462817192 0.10202677547931671 0.08120356500148773
6639 -0.017661064863204956 0.050429604947566986 0.03015393763780594
6640 -0.12590542435646057 0.035946086049079895 -0.03981192782521248
6641 -0.10880587995052338 0.2551676034927368 0.019564270973205566
6642 0.04976416379213333 0.3397974967956543 0.11042417585849762
6643 -0.02125941403210163 0.42333972454071045 0.1026976928114891
6644 -0.04691378027200699 -0.07588580995798111 -0.13056997954845428
6645 0.022432301193475723 0.2317710965871811 0.11288047581911087
6646 -0.02843335084617138 0.13277041912078857 -0.12893766164779663
6647 -0.14860306680202484 -0.3633699119091034 -0.0020700590685009956
6648 0.047281961888074875 -0.09956011176109314 0.166585773229599
6649 -0.06410503387451172 -0.0764390155673027 -0.16926926374435425
6650 -0.06372927129268646 0.1630534827709198 0.12161248177289963
6651 0.04631959646940231 -0.04874345287680626 0.010326853953301907
6652 0.016993965953588486 -0.2113194465637207 0.019594043493270874
6653 0.010207464918494225 -0.3072473108768463 0.011668773368000984
6654 -0.050948094576597214 -0.1996864378452301 0.006895129568874836
6655 -0.02398492954671383 0.09319071471691132 0.1779821366071701
6656 -0.09487855434417725 -0.011386679485440254 -0.12113673239946365
6657 0.013336876407265663 0.35961124300956726 0.005272999405860901
6658 0.11134526878595352 0.46484923362731934 0.04929843172430992
6659 0.08353676646947861 0.2005332112312317 -0.053573980927467346
6660 0.07631054520606995 0.12836088240146637 -0.06796231120824814
6661 -0.13749006390571594 -0.005697035696357489 0.0914585068821907
6662 0.07114274799823761 -0.22624820470809937 0.0012376076774671674
6663 0.0011410240549594164 -0.09858833998441696 -0.04078907147049904
6664 0.13935628533363342 0.18903568387031555 0.09633585065603256
6665 0.07123547047376633 -0.22033162415027618 0.05152208358049393
6666 0.044468026608228683 -0.07249323278665543 0.008061641827225685
6667 -0.1716887503862381 0.18313589692115784 0.05241229385137558
6668 -0.005801925901323557 -0.09007585048675537 0.16840027272701263
6669 0.06128840893507004 -0.04387634992599487 0.04436873272061348
6670 0.05034972354769707 -0.09429114311933517 0.145326629281044
6671 -0.07364321500062943 -0.11131445318460464 0.004753794055432081
6672 0.07452339679002762 0.3155733644962311 0.028970178216695786
6673 0.027965122833848 -0.13532701134681702 0.05935574695467949
6674 0.013631276786327362 0.23340943455696106 -0.040228262543678284
6675 0.06522925198078156 0.09336642920970917 0.027236711233854294
6676 -0.005249456036835909 0.30437254905700684 -0.11083098500967026
6677 -0.14860954880714417 -0.0165035929530859 -0.06260419636964798
6678 0.060582369565963745 -0.26161882281303406 -0.023508932441473007
6679 -0.013688967563211918 0.035180702805519104 0.008487388491630554
6680 -0.02541509084403515 -0.025929557159543037 0.13477078080177307
6681 -0.015198093838989735 -0.22345250844955444 0.09225543588399887
6682 0.049044348299503326 0.3290135860443115 0.08886002004146576
6683 -0.025525808334350586 -0.2046518623828888 -0.002842942252755165
6684 -0.019468139857053757 -0.10974861681461334 -0.11530798673629761
6685 -0.0017359437188133597 -0.1531217247247696 -0.0628635436296463
6686 -0.05486993119120598 -0.4134533703327179 0.03674692660570145
6687 -0.06911726295948029 0.3535163700580597 0.003932769410312176
6688 0.028701476752758026 0.21216654777526855 0.1245642602443695
6689 -0.007618463132530451 0.36625534296035767 0.09211257845163345
6690 0.02530737593770027 0.32691118121147156 0.07295089215040207
6691 0.06599924713373184 -0.19833414256572723 0.04123356193304062
6692 0.08063714951276779 0.2923351526260376 0.13223965466022491
6693 -0.04666668549180031 -0.11787811666727066 -0.03663931414484978
6694 0.004888539202511311 0.467888206243515 0.03940941020846367
6695 -0.018061133101582527 0.47919511795043945 -0.04631289467215538
6696 -0.12904255092144012 0.09766480326652527 0.07715855538845062
6697 -0.128316730260849 0.12159456312656403 0.06619606167078018
6698 0.09921997040510178 0.02940174750983715 0.09295925498008728
6699 -0.06023671478033066 -0.21018901467323303 -0.15507318079471588
6700 -0.06603343784809113 0.33877432346343994 0.03794792667031288
6701 -0.001912035746499896 0.45114004611968994 0.059320151805877686
6702 -0.06881018728017807 -0.11640948057174683 0.10397465527057648
6703 -0.11314180493354797 -0.1277831494808197 0.0026944088749587536
6704 -0.011005566455423832 -0.3369510769844055 -0.10976526141166687
6705 0.01714063063263893 0.26650503277778625 -0.08364242315292358
6706 -0.03479598090052605 -0.21277885138988495 0.016418976709246635
6707 -0.0648033618927002 0.2878161072731018 -0.06272377073764801
6708 -0.009091128595173359 -0.09413900971412659 -0.13156907260417938
6709 -0.027784327045083046 -0.19961218535900116 0.0860593393445015
6710 -0.04548369720578194 -0.20186705887317657 -0.054546043276786804
6711 -0.01920631341636181 0.09808143973350525 0.021374717354774475
6712 0.08596299588680267 0.35299044847488403 -0.05287561193108559
6713 0.17810946702957153 -0.3239327371120453 -0.0177944116294384
6714 0.04152897372841835 -0.16013219952583313 0.048524435609579086
6715 0.023859921842813492 0.20713335275650024 -0.007158919237554073
6716 0.04950621724128723 -0.4490804672241211 -0.15436172485351562
6717 -0.028749827295541763 0.41650959849357605 0.049511417746543884
6718 -0.08221904933452606 0.25654488801956177 0.05673316866159439
6719 0.019295554608106613 0.19841034710407257 0.03849263861775398
6720 -0.11069334298372269 -0.41919630765914917 -0.009271936491131783
6721 -0.053037550300359726 0.12321741878986359 0.13175368309020996
6722 0.03319535031914711 0.25597837567329407 -0.07226541638374329
6723 0.11032693833112717 -0.46694931387901306 -0.04452008754014969
6724 -0.02046569436788559 -0.11155649274587631 -0.047512736171483994
6725 -0.01132421474903822 0.10974723845720291 -0.012420608662068844
6726 0.007485879585146904 -0.2520643174648285 0.04175236448645592
6727 -0.02124490961432457 -0.07042858004570007 0.1788407266139984
6728 -0.004926021210849285 0.28907784819602966 0.14645786583423615
6729 0.04187769070267677 -0.19354847073554993 -0.10477939248085022
6730 -0.08705178648233414 0.061736516654491425 -0.047018613666296005
6731 0.07935401797294617 -0.36699724197387695 0.07571297883987427
6732 -0.13799451291561127 -0.26849111914634705 0.02999446541070938
6733 -0.007156052626669407 0.28701210021972656 0.12259186059236526
6734 -0.16652199625968933 -0.08133340626955032 -0.06603700667619705
6735 -0.006834692321717739 0.2631708085536957 0.1538541615009308
6736 -0.15249347686767578 -0.04999934881925583 -0.09511864930391312
6737 0.005968078039586544 0.12004949152469635 0.12898509204387665
6738 0.06286086142063141 -0.18504999577999115 -0.12489456683397293
6739 0.08728508651256561 -0.14868728816509247 -0.08359632641077042
6740 -0.01133341807872057 -0.37801021337509155 0.018741270527243614
6741 -0.09724672883749008 -0.32525524497032166 -0.10113108903169632
6742 0.07764695584774017 0.016520686447620392 -0.01192744355648756
6743 -0.03788803890347481 0.3690858483314514 -0.13129886984825134
6744 -0.026711363345384598 0.1587880700826645 0.007349398452788591
6745 -0.07985617965459824 -0.06851455569267273 -0.0651557445526123
6746 -0.025055238977074623 0.34841233491897583 -0.11466550081968307
6747 0.13991005718708038 -0.3680853545665741 0.09328111261129379
6748 -0.10706482082605362 0.0564420111477375 -0.14702916145324707
6749 0.01994362659752369 0.11041238903999329 -0.06733899563550949
6750 -0.11204470694065094 -0.07195073366165161 0.009198110550642014
6751 -0.05531521514058113 0.009436288848519325 -0.012147986330091953
6752 0.029606575146317482 0.11485327780246735 -0.04548036679625511
6753 -0.03592347726225853 0.3188280165195465 0.04132693260908127
6754 0.008180570788681507 -0.2830146551132202 -0.002428676700219512
6755 0.015931688249111176 0.09021072089672089 0.10286770761013031
6756 -0.13573570549488068 -0.31369075179100037 -0.013321232050657272
6757 0.1564279943704605 -0.16927139461040497 0.01788289286196232
6758 0.09845827519893646 -0.029213635250926018 0.10114327818155289
6759 -0.04177255183458328 0.31365469098091125 -0.08090034127235413
6760 -0.062173254787921906 0.16891908645629883 0.09972243756055832
6761 -0.10627488046884537 -0.25733324885368347 0.04012550786137581
6762 -0.036416832357645035 0.04640640318393707 0.012983539141714573
6763 -0.04606910049915314 0.02410832606256008 0.006179687101393938
6764 0.042481377720832825 -0.13673575222492218 0.03844822198152542
6765 -0.11646829545497894 -0.0835348442196846 -0.10115142166614532
6766 0.005050338339060545 0.12822531163692474 -0.0678958147764206
6767 -0.07787832617759705 -0.2220897674560547 0.07359636574983597
6768 0.005064191296696663 0.44473838806152344 -0.06480950117111206
6769 -0.06469950079917908 0.23738296329975128 -0.16342845559120178
6770 0.14848677814006805 -0.17650693655014038 -0.055352285504341125
6771 -0.0554678700864315 0.3789205849170685 -0.15016894042491913
6772 -0.0659063383936882 0.20522040128707886 -0.09359155595302582
6773 0.02162126824259758 -0.19867151975631714 -0.04633243381977081
6774 0.029032060876488686 0.13236616551876068 0.027256736531853676
6775 -0.03744075447320938 -0.06139251962304115 0.15292967855930328
6776 -0.03874588385224342 -0.2626549005508423 0.0005075999069958925
6777 0.04043804854154587 -0.30565574765205383 -0.011322409845888615
6778 0.059680793434381485 -0.3796910047531128 0.05761393904685974
6779 -0.044300518929958344 0.3296857476234436 -0.15495723485946655
6780 0.011472740210592747 0.3414022922515869 0.09768591821193695
6781 -0.0709296464920044 -0.13130950927734375 -0.07247824221849442
6782 -0.030127357691526413 0.06426259875297546 0.05921567976474762
6783 -0.16311708092689514 0.22424107789993286 0.062064409255981445
6784 -0.11602407693862915 0.0947936624288559 0.02441287972033024
6785 -0.04858328774571419 -0.3966994881629944 0.0162175465375185
6786 -0.03301422297954559 0.35872283577919006 0.011641153134405613
6787 0.11550303548574448 -0.019817383959889412 0.13650692999362946
6788 -0.04693417623639107 0.19008073210716248 -0.0681491270661354
6789 0.02283942513167858 -0.2330804169178009 -0.009837260469794273
6790 0.06957059353590012 -0.1191389411687851 -0.11465013772249222
6791 -0.10595231503248215 0.36223313212394714 0.14590603113174438
6792 -0.0527145154774189 -0.11559765040874481 -0.10652634501457214
6793 -0.015707142651081085 -0.2439471036195755 0.1379631608724594
6794 0.009503952227532864 -0.24953290820121765 0.1046825721859932
6795 -0.13233019411563873 -0.3149817883968353 0.02884381264448166
6796 -0.15904562175273895 0.4310525953769684 -0.04892930015921593
6797 0.11473394930362701 -0.26760515570640564 0.0018159253522753716
6798 0.03753949701786041 -0.32831910252571106 -0.08333907276391983
6799 -0.07313484698534012 0.3853444755077362 -0.16383399069309235
6800 -0.0765182226896286 0.036050960421562195 -0.020183531567454338
6801 -0.04081527516245842 -0.20868012309074402 0.17092104256153107
6802 0.03437899425625801 -0.22690123319625854 -0.03944909945130348
6803 0.11640248447656631 0.33476483821868896 0.0019241564441472292
6804 -0.039992138743400574 -0.0722123384475708 0.1334095299243927
6805 -0.08643600344657898 0.027344506233930588 0.10291901230812073
6806 0.042122047394514084 -0.25036323070526123 -0.03989091515541077
6807 0.054729897528886795 0.04047183319926262 0.038411207497119904
6808 -0.08054428547620773 -0.4777531027793884 0.07221116870641708
6809 -0.13551951944828033 -0.00508098816499114 0.018989862874150276
6810 0.14336691796779633 0.2762073278427124 -0.09820086508989334
6811 0.09515535831451416 0.12071112543344498 0.10286642611026764
6812 0.0008251087856478989 0.48014435172080994 -0.16553670167922974
6813 0.09255794435739517 0.09377557784318924 -0.043558765202760696
6814 -0.018611066043376923 -0.2331014722585678 0.035602860152721405
6815 -0.032402243465185165 -0.33709022402763367 0.05617537721991539
6816 0.0792335718870163 -0.22610080242156982 -0.04130926355719566
6817 0.05391442030668259 -0.2775944769382477 -0.10820378363132477
6818 -0.01167586725205183 0.4015158414840698 0.08921508491039276
6819 -0.11966891586780548 -0.15624946355819702 0.004934090655297041
6820 -0.15323400497436523 -0.012569418177008629 0.0005335455643944442
6821 -0.01598856970667839 -0.27811089158058167 -0.12391027808189392
6822 0.024992771446704865 0.0739976167678833 0.006958524230867624
6823 -0.1248556450009346 -0.0415617935359478 0.02881157584488392
6824 -0.0019051349954679608 0.0038326552603393793 -0.015433301217854023
6825 -0.10426062345504761 0.022012317553162575 0.08271116018295288
6826 -0.02846202813088894 0.12926660478115082 -0.10276519507169724
6827 -0.007546981796622276 -0.2307029813528061 -0.02182263694703579
6828 -0.10259842872619629 0.00853763148188591 -0.1135166808962822
6829 0.00470756134018302 -0.22531139850616455 -0.051087070256471634
6830 0.07302724570035934 0.22793133556842804 0.09753766655921936
6831 0.01425918284803629 -0.09316161274909973 0.08341571688652039
6832 -0.025416210293769836 0.10173007100820541 -0.10453534126281738
6833 0.0785360038280487 -0.31705617904663086 -0.08417026698589325
6834 -0.011719382368028164 -0.26956629753112793 -0.10221346467733383
6835 0.027772461995482445 0.3575814366340637 0.10429775714874268
6836 0.0868489071726799 0.3492431342601776 0.06676406413316727
6837 0.0960005596280098 0.3941381573677063 -0.056898362934589386
6838 -0.10559863597154617 0.2784317135810852 0.03177395835518837
6839 -0.11043871194124222 0.23410750925540924 0.13955412805080414
6840 0.11918660998344421 0.23581886291503906 0.13164281845092773
6841 -0.005531645845621824 -0.2294653207063675 -0.07712666690349579
6842 -0.14400921761989594 -0.1288636326789856 0.007640386000275612
6843 -0.03823411464691162 -0.02359819784760475 -0.0026881657540798187
6844 0.005977042950689793 -0.3123338222503662 -0.10424918681383133
6845 0.004508075304329395 0.15738743543624878 0.058691609650850296
6846 0.05568013712763786 -0.3492564857006073 -0.016119083389639854
6847 0.048509180545806885 -0.06337951123714447 0.057990748435258865
6848 -0.09052173048257828 0.19284027814865112 -0.15543468296527863
6849 -0.038748808205127716 -0.3800053000450134 -0.09076281636953354
6850 0.055382125079631805 -0.25477156043052673 0.10772580653429031
6851 -0.15284626185894012 -0.01039356179535389 0.045897118747234344
6852 0.10739880800247192 0.10194797813892365 -0.14027974009513855
6853 -0.09839416295289993 0.17803733050823212 -0.0221233069896698
6854 0.04750225320458412 0.4057135283946991 0.0007835971773602068
6855 -0.09539493173360825 0.1945442259311676 0.11190369725227356
6856 0.029449280351400375 -0.12332538515329361 0.08074437826871872
6857 -0.04558519646525383 -0.06863224506378174 -0.027917886152863503
6858 0.04102585092186928 -0.45951154828071594 0.1456422209739685
6859 0.10456714034080505 -0.028354303911328316 0.020388741046190262
6860 -0.06356170028448105 -0.4554978311061859 -0.1115969642996788
6861 0.16813528537750244 -0.4197300970554352 0.03365107625722885
6862 0.01781245693564415 0.25452110171318054 -0.11662380397319794
6863 0.06550411134958267 0.14955934882164001 0.09827920794487
6864 -0.09377329051494598 -0.055999673902988434 0.053449299186468124
6865 -0.1271103024482727 -0.011857624165713787 -0.12032847851514816
6866 -0.09078238904476166 -0.013937056995928288 0.013827157206833363
6867 0.04310983419418335 -0.15776076912879944 0.07059018313884735
6868 -0.01492930855602026 -0.23913219571113586 0.013078558258712292
6869 -0.06623917818069458 -0.3774000108242035 -0.12741486728191376
6870 0.04355064406991005 -0.046899762004613876 0.03194070979952812
6871 -0.0285678468644619 0.12926296889781952 0.08240068703889847
6872 -0.09904079884290695 0.24850985407829285 0.10617521405220032
6873 -0.046340201050043106 -0.28061607480049133 0.06342054903507233
6874 0.03184563294053078 -0.2234450876712799 0.008168291300535202
6875 0.08877691626548767 0.01427384465932846 0.07346192747354507
6876 -0.014070656150579453 -0.1781078726053238 0.022977035492658615
6877 0.09239444881677628 0.25827738642692566 0.0714794248342514
6878 0.1098204180598259 0.18523550033569336 -0.12823042273521423
6879 0.03769871965050697 -0.2059045135974884 -0.06602966785430908
6880 -0.008960040286183357 0.4489186406135559 0.029799215495586395
6881 -0.024785630404949188 -0.03955274447798729 -0.015232520177960396
6882 0.0017526354640722275 0.09286826103925705 0.13669590651988983
6883 0.0611417256295681 0.4385851323604584 -0.03703363239765167
6884 0.14345450699329376 -0.2781946063041687 0.0067426059395074844
6885 -0.11099732667207718 -0.3028276860713959 -0.017667701467871666
6886 0.17398929595947266 -0.20818984508514404 -0.010977678932249546
6887 -0.10847648233175278 -0.33138740062713623 0.016423029825091362
6888 -0.1167105957865715 0.05910663306713104 -0.10123024135828018
6889 0.08606982976198196 -0.07710248231887817 -0.07144905626773834
6890 0.07549558579921722 -0.34609338641166687 -0.0014085968723520637
6891 0.04410219192504883 -0.2542269229888916 0.08161134272813797
6892 0.06250160932540894 -0.23231284320354462 -0.0785367488861084
6893 -0.05579381436109543 0.3695589303970337 0.011679702438414097
6894 0.02064322493970394 -0.090138740837574 -0.025166256353259087
6895 -0.009452737867832184 -0.2401949018239975 -0.055981963872909546
6896 -0.028875485062599182 0.06871748715639114 -0.03777950629591942
6897 -0.027223767712712288 0.056893132627010345 0.14581868052482605
6898 0.05015954375267029 -0.1917399764060974 -0.04857141897082329
6899 -0.10904254764318466 0.19649513065814972 -0.016802065074443817
6900 0.10123133659362793 -0.08706595748662949 -0.08664615452289581
6901 -0.023338288068771362 0.20884494483470917 0.03256155550479889
6902 -0.017643222585320473 0.3604643642902374 0.04620520398020744
6903 -0.12080428004264832 0.3467835485935211 -0.04653789475560188
6904 -0.005104864947497845 0.2785675823688507 -0.014304612763226032
6905 0.07733164727687836 -0.09893008321523666 -0.0526868999004364
6906 -0.0052895573899149895 -0.12699991464614868 0.022976137697696686
6907 -0.0065030367113649845 -0.15846556425094604 0.10419796407222748
6908 0.10269015282392502 -0.07124445587396622 0.07225322723388672
6909 -0.13301394879817963 -0.14248044788837433 -0.038548678159713745
6910 -0.11688528954982758 -0.0484655499458313 0.007181417662650347
6911 -0.001613974804058671 -0.06241703778505325 -0.011661469005048275
6912 0.14812731742858887 -0.04534527286887169 0.039768725633621216
6913 0.004562720190733671 0.10907704383134842 -0.049932289868593216
6914 0.1160837858915329 -0.24181051552295685 0.1296125054359436
6915 0.0469246543943882 0.41101524233818054 -0.16911563277244568
6916 -0.04125093296170235 0.4325522780418396 -0.027255814522504807
6917 -0.054007962346076965 0.15335392951965332 -0.040615055710077286
6918 -0.0606033056974411 -0.031885772943496704 -0.09817138314247131
6919 -0.049486614763736725 0.0886157676577568 -0.011943516321480274
6920 0.03867068141698837 -0.07142135500907898 -0.026313645765185356
6921 0.05493365600705147 0.21415342390537262 0.0840783342719078
6922 0.11198581755161285 0.3600180745124817 -0.006199887953698635
6923 -0.11826734244823456 0.34445086121559143 0.07728268951177597
6924 -0.09339829534292221 0.14841164648532867 -0.06269611418247223
6925 0.0472245030105114 -0.08752550929784775 0.04910982772707939
6926 0.04106711223721504 0.16109587252140045 0.09177886694669724
6927 0.04365367069840431 0.2744153141975403 -0.03779851645231247
6928 0.10078385472297668 -0.04867759719491005 0.08447182923555374
6929 -0.01596010848879814 0.2977307140827179 0.06555243581533432
6930 -0.03730940446257591 0.1388043463230133 0.04678360000252724
6931 0.031387828290462494 0.2653501629829407 0.0017631812952458858
6932 0.0007996369386091828 0.07395587116479874 0.03497769311070442
6933 -0.12579657137393951 0.19102248549461365 -0.12208262085914612
6934 -0.010209791362285614 0.3259160816669464 0.13113239407539368
6935 0.14744172990322113 -0.3354124426841736 -0.00875603873282671
6936 0.05605758726596832 0.07771719247102737 0.041467681527137756
6937 -0.06800752878189087 -0.05280507728457451 0.09423137456178665
6938 -0.03708682581782341 0.13287319242954254 -0.037389468401670456
6939 -0.0704292505979538 -0.2632429301738739 -0.009353109635412693
6940 0.0016452502459287643 -0.22639012336730957 0.07453367859125137
6941 0.04259920492768288 -0.2858668565750122 0.04201439768075943
6942 0.013548656366765499 -0.23954880237579346 -0.03231320530176163
6943 0.0776490792632103 -0.014036603271961212 0.11330694705247879
6944 -0.0780927911400795 0.07435324043035507 0.007816938683390617
6945 0.06991904228925705 0.3697253465652466 -0.1626371592283249
6946 0.056700874119997025 -0.22749806940555573 -0.12505795061588287
6947 0.13177889585494995 -0.25104793906211853 0.01377190463244915
6948 -0.04586559906601906 0.4116765558719635 -0.02291047014296055
6949 -0.06352677196264267 -0.2416476011276245 0.08425907045602798
6950 0.06847890466451645 -0.21726377308368683 -0.02128080651164055
6951 0.019295310601592064 0.4497186839580536 0.047207266092300415
6952 -0.09670432657003403 0.0789700374007225 -0.05897660180926323
6953 -0.03610062599182129 -0.07595690339803696 -0.04774567857384682
6954 -0.09460072219371796 -0.08351198583841324 0.1485462486743927
6955 -0.08047941327095032 0.20268598198890686 0.057679448276758194
6956 0.02898574061691761 -0.2015894651412964 -0.007531455252319574
6957 0.07276558130979538 -0.27684304118156433 -0.11927122622728348
6958 -0.021822068840265274 0.12396279722452164 0.05181598290801048
6959 0.019060278311371803 0.2038489282131195 0.016319215297698975
6960 -0.0719383955001831 -0.08580024540424347 -0.09233663231134415
6961 -0.02138230763375759 0.217680424451828 0.010726016014814377
6962 -0.08387036621570587 -0.2612224221229553 0.04902612045407295
6963 -0.13855816423892975 0.42768439650535583 -0.11846072971820831
6964 0.03374320641160011 -0.12696468830108643 -0.04019976407289505
6965 -0.05868030712008476 -0.33272695541381836 -0.1701740324497223
6966 0.09708640724420547 -0.3392360210418701 -0.007085053715854883
6967 0.0269269198179245 -0.47841978073120117 0.14398878812789917
6968 -0.12707096338272095 0.3275803327560425 -0.1268565058708191
6969 0.017968885600566864 -0.2425667643547058 -0.07839455455541611
6970 -0.10638605803251266 0.08863186091184616 0.10024002194404602
6971 0.07281304895877838 0.4214330017566681 -0.04500855877995491
6972 -0.06287356466054916 -0.22378918528556824 0.01155692245811224
6973 0.04711727052927017 -0.23363690078258514 0.06250248849391937
6974 -0.02579307183623314 0.03147520497441292 -0.0668734759092331
6975 0.0389215387403965 0.021077776327729225 -0.07636585831642151
6976 0.06966735422611237 0.4315074384212494 0.14192438125610352
6977 -0.04175184294581413 0.44015344977378845 0.0022293913643807173
6978 -0.023215418681502342 0.36178693175315857 -0.034322865307331085
6979 -0.025479724630713463 0.10555361211299896 -0.1514008790254593
6980 -0.03772414103150368 -0.30419161915779114 0.050176411867141724
6981 -0.13349850475788116 -0.03065328858792782 0.06336181610822678
6982 0.02310440130531788 -0.17274627089500427 -0.13270044326782227
6983 -0.02295880950987339 0.08270259946584702 -0.1789904534816742
6984 0.06143592298030853 0.20706279575824738 -0.023552965372800827
6985 -0.023341888561844826 0.28319600224494934 0.1554289162158966
6986 -0.04742443189024925 -0.2526746392250061 0.06421777606010437
6987 0.05076684430241585 -0.2637229263782501 0.021859167143702507
6988 0.07987111806869507 0.2671396732330322 -0.011719881556928158
6989 -0.03169982507824898 0.33152544498443604 -0.014942048117518425
6990 -0.009985612705349922 -0.1423223912715912 0.08747535198926926
6991 -0.09286603331565857 0.03334752470254898 -0.14986293017864227
6992 0.09141913801431656 -0.106669120490551 -0.06790383905172348
6993 0.1516595482826233 -0.18504275381565094 -0.012722973711788654
6994 -0.10330451279878616 -0.1904519498348236 0.10553036630153656
6995 0.09525779634714127 -0.020334383472800255 -0.06425915658473969
6996 -0.055772215127944946 -0.00926946010440588 -0.10470667481422424
6997 -0.11036399751901627 0.30591094493865967 0.11222074180841446
6998 0.16159173846244812 -0.4605768620967865 0.01055967342108488
6999 -0.11236371845006943 0.0018494119867682457 -0.06297037750482559
7000 -0.047077905386686325 -0.033825889229774475 0.02881692349910736
7001 -0.09158801287412643 0.06192844733595848 0.09475429356098175
7002 0.03391903638839722 -0.1113767921924591 -0.0199019405990839
7003 -0.029046030715107918 -0.12979823350906372 0.046692416071891785
7004 0.023609168827533722 -0.29072290658950806 -0.018610890954732895
7005 0.06370595842599869 0.10511486232280731 -0.08669085800647736
7006 0.07299862056970596 -0.16422954201698303 -0.0966709554195404
7007 -0.020791977643966675 0.4443381428718567 -0.018472906202077866
7008 0.06546426564455032 0.010929232463240623 0.1025310829281807
7009 -0.12422990053892136 -0.2831704318523407 -0.026762166991829872
7010 -0.11919253319501877 0.33978885412216187 -0.009719811379909515
7011 0.004706791136413813 0.159641295671463 -0.03770263120532036
7012 -0.021753059700131416 -0.037982918322086334 0.023518333211541176
7013 -0.027776699513196945 0.38642388582229614 -0.015257328748703003
7014 -0.07817988842725754 0.14829471707344055 0.13268733024597168
7015 0.028790123760700226 -0.03778252750635147 0.06935419887304306
7016 0.045194484293460846 0.11674784868955612 -0.15679192543029785
7017 0.037195924669504166 0.21175026893615723 0.10052710026502609
7018 -0.008636563085019588 -0.013234498910605907 0.08996216952800751
7019 0.04255485162138939 0.2142830491065979 0.06198270991444588
7020 -0.018775582313537598 -0.445674329996109 0.17723634839057922
7021 -0.04837837442755699 -0.22307273745536804 -0.059147242456674576
7022 -0.012272369116544724 -0.37718427181243896 -0.05653086304664612
7023 -0.16941200196743011 -0.3158665597438812 0.058507610112428665
7024 -0.055486638098955154 -0.1757534295320511 0.00530971447005868
7025 0.005571472458541393 -0.0876711905002594 0.18375468254089355
7026 -0.13770343363285065 0.017306583002209663 -0.05990642309188843
7027 -0.07201118022203445 -0.03595370799303055 0.014287392608821392
7028 0.1287318468093872 -0.28814783692359924 -0.0066986894235014915
7029 0.018659207969903946 0.040300436317920685 -0.045409008860588074
7030 -0.0007001952617429197 0.23458580672740936 0.01069380808621645
7031 -0.0028648932930082083 -0.3100396692752838 -0.18198262155056
7032 -0.03859403356909752 -0.18936339020729065 0.10993217676877975
7033 0.1365838348865509 -0.3236173987388611 -0.07745414972305298
7034 0.06420175731182098 -0.25065866112709045 0.044202204793691635
7035 -0.08988707512617111 0.1456773728132248 0.10361700505018234
7036 0.06448398530483246 0.2834477126598358 0.16593210399150848
7037 -0.07396260648965836 -0.4014527499675751 0.1599695086479187
7038 -0.09377190470695496 -0.021923046559095383 0.053033679723739624
7039 0.06646465510129929 0.2144944816827774 -0.08747275173664093
7040 0.022339574992656708 -0.44960135221481323 -0.16485513746738434
7041 0.09386534988880157 -0.0816119834780693 -0.039188917726278305
7042 -0.043200209736824036 0.083346888422966 0.08682981878519058
7043 0.15374834835529327 0.1252947449684143 -0.08988555520772934
7044 0.049928177148103714 0.05924687907099724 0.10230477154254913
7045 0.11077169328927994 0.1283804178237915 0.03502751886844635
7046 -0.06468632072210312 0.20513974130153656 0.015658484771847725
7047 -0.03949147090315819 0.09198550134897232 0.11300286650657654
7048 0.119805708527565 0.2701430320739746 -0.005661136470735073
7049 0.11588609218597412 0.07694889605045319 0.011234882287681103
7050 -0.10194328427314758 0.034939102828502655 0.049954939633607864
7051 0.14177128672599792 -0.16035988926887512 0.10516750067472458
7052 0.07442432641983032 0.01387238223105669 0.12156754732131958
7053 -0.10679095983505249 0.009067137725651264 -0.08735301345586777
7054 -0.07540768384933472 0.15479986369609833 -0.0330522358417511
7055 -0.08380414545536041 0.025903325527906418 0.12474402785301208
7056 -0.05261419340968132 -0.4707150161266327 -0.07281772792339325
7057 -0.10838029533624649 -0.13775452971458435 0.062192730605602264
7058 0.000288833980448544 0.1005868911743164 -0.06991010159254074
7059 -0.03607852756977081 0.26486870646476746 0.09125128388404846
7060 -0.08476317673921585 -0.08303879201412201 0.04164541885256767
7061 0.007413811516016722 -0.2496918886899948 0.0037334228400141
7062 0.08681876212358475 -0.23942099511623383 -0.0882667750120163
7063 0.10918696969747543 -0.10446387529373169 -0.03693196922540665
7064 -0.14219394326210022 -0.0011827284470200539 -0.04529201239347458
7065 0.020298615097999573 -0.3177589476108551 -0.17620795965194702
7066 0.0813821330666542 -0.26636236906051636 0.05570211261510849
7067 0.020407311618328094 0.19092915952205658 -0.03774547204375267
7068 0.08300521969795227 0.20653988420963287 0.024260226637125015
7069 -0.06711366772651672 0.07244915515184402 0.09199494868516922
7070 0.10073818266391754 0.044535357505083084 -0.030184315517544746
7071 -0.06537400186061859 -0.4119592607021332 -0.10454107820987701
7072 -0.11351530998945236 0.047242261469364166 -0.021332304924726486
7073 0.08853698521852493 0.19452887773513794 0.06983641535043716
7074 -0.04412170499563217 0.03295282647013664 -0.027132414281368256
7075 -0.04933490976691246 -0.1246974915266037 0.053008560091257095
7076 0.0007683702278882265 -0.16971564292907715 -0.11002030223608017
7077 0.08440746366977692 -0.01542662363499403 -0.08462010324001312
7078 0.036961477249860764 0.1473403424024582 -0.13334350287914276
7079 -0.047296322882175446 -0.0733281672000885 -0.09737947583198547
7080 -0.04427548870444298 0.06774357706308365 -0.020513014867901802
7081 0.09465774148702621 0.13760648667812347 0.019565686583518982
7082 -0.05672381445765495 -0.21337266266345978 -0.046525269746780396
7083 -0.05302304029464722 -0.343742311000824 0.12425287812948227
7084 0.06918025016784668 -0.27063485980033875 0.005800572689622641
7085 -0.046043943613767624 0.025496982038021088 -0.051866330206394196
7086 0.11754242330789566 -0.15738561749458313 -0.015286238864064217
7087 -0.13993191719055176 -0.30737364292144775 0.11008426547050476
7088 -0.03888683766126633 -0.055898770689964294 -0.15960021317005157
7089 0.0031890668906271458 -0.06349031627178192 0.17572496831417084
7090 0.1219455823302269 -0.04770371690392494 0.08506021648645401
7091 -0.0064768604934215546 -0.4216917157173157 -0.10481876134872437
7092 -0.003991515841335058 0.3117077946662903 0.147683784365654
7093 -0.08540316671133041 -0.4130822718143463 -0.14535003900527954
7094 0.03194129467010498 -0.05928833782672882 -0.1115911602973938
7095 0.16495420038700104 -0.052573204040527344 -0.06943998485803604
7096 -0.13024821877479553 -0.3730580806732178 0.07178370654582977
7097 0.011617541313171387 0.4248380959033966 0.016119172796607018
7098 -0.09350352734327316 -0.20909522473812103 0.1180887520313263
7099 0.10019517689943314 -0.25637930631637573 -0.04582829773426056
7100 -0.058436401188373566 0.010199461132287979 -0.0831061452627182
7101 -0.0775909498333931 -0.42901942133903503 -0.11481078714132309
7102 -0.0906205102801323 -0.23461033403873444 0.10859688371419907
7103 0.024487359449267387 -0.2510918974876404 0.06820235401391983
7104 -0.0006960986647754908 0.1344555914402008 -0.14432865381240845
7105 0.029771840199828148 -0.26387834548950195 0.005615268833935261
7106 -0.04901126027107239 0.11854419112205505 0.10200155526399612
7107 -0.14719991385936737 0.0018227128311991692 -0.06272077560424805
7108 -0.15214680135250092 -0.17117412388324738 0.04235362634062767
7109 -0.03536510467529297 0.15614254772663116 -0.05127807706594467
7110 -0.03789458051323891 -0.31124910712242126 0.0169974435120821
7111 0.08876614272594452 0.45066848397254944 0.018377425149083138
7112 0.04123608022928238 0.09275411814451218 -0.07423742860555649
7113 0.1101132333278656 -0.2988610863685608 0.0802200585603714
7114 0.10536941885948181 0.2256813496351242 0.10301818698644638
7115 0.009783973917365074 0.00825964193791151 -0.06343650817871094
7116 -0.072972372174263 -0.06936291605234146 0.058694738894701004
7117 0.05204421654343605 -0.20556557178497314 -0.14655393362045288
7118 0.018529213964939117 -0.3356247544288635 -0.07896200567483902
7119 0.04194486886262894 0.05919758975505829 0.044525325298309326
7120 0.16189348697662354 -0.2668202519416809 0.03960399329662323
7121 -0.05407344177365303 0.47985249757766724 -0.10925708711147308
7122 0.10730081796646118 -0.04085196182131767 -0.07813017070293427
7123 -0.00035392597783356905 0.2913177013397217 0.012463039718568325
7124 0.06355997920036316 0.059261754155159 0.02145671844482422
7125 0.08544381707906723 0.10295075923204422 -0.07060227543115616
7126 0.042697638273239136 0.18152937293052673 -0.07751975208520889
7127 0.07370755076408386 -0.25258949398994446 0.022130504250526428
7128 -0.12620103359222412 0.025921108201146126 -0.12073153257369995
7129 -0.11266150325536728 -0.12832759320735931 -0.13723070919513702
7130 0.09942710399627686 0.12711426615715027 -0.06468018889427185
7131 -0.012689074501395226 0.13730698823928833 -0.03875160217285156
7132 -0.0459163598716259 -0.18207420408725739 0.13475604355335236
7133 0.012621859088540077 -0.12610673904418945 -0.1419922560453415
7134 0.09587220102548599 -0.14532844722270966 -0.15291282534599304
7135 -0.0705842524766922 -0.09046168625354767 0.020650872960686684
7136 -0.06735284626483917 -0.43630707263946533 -0.0765685960650444
7137 -0.07451193034648895 -0.27751433849334717 -0.15229935944080353
7138 0.0463341660797596 0.2559567093849182 0.08803786337375641
7139 -0.005060161463916302 -0.05421111360192299 -0.10821419209241867
7140 0.007045573089271784 0.3451347351074219 0.12388060986995697
7141 -0.10084838420152664 0.35433316230773926 -0.03962351754307747
7142 -0.1469862014055252 0.12389254570007324 0.017807073891162872
7143 0.02096785046160221 0.08884962648153305 0.0292510986328125
7144 -0.11114749312400818 -0.27337175607681274 -0.04763678088784218
7145 0.07731309533119202 0.18139947950839996 -0.10919177532196045
7146 -0.08779142051935196 0.4545876085758209 -0.108089879155159
7147 -0.026864172890782356 -0.13761334121227264 -0.03923797234892845
7148 -0.09478543698787689 -0.3298032879829407 -0.02823731116950512
7149 -0.014236420392990112 -0.13055261969566345 -0.01828382909297943
7150 -0.05851857364177704 -0.27653178572654724 -0.04031209647655487
7151 -0.07951775938272476 0.39551931619644165 -0.0398147776722908
7152 0.11176785081624985 0.30772218108177185 0.08049589395523071
7153 0.01647992804646492 -0.32510000467300415 -0.04188912361860275
7154 0.025886958464980125 -0.0087738037109375 0.12647707760334015
7155 0.05585143715143204 0.20985490083694458 0.02084430493414402
7156 -0.1388392448425293 -0.3465912640094757 -0.026061512529850006
7157 0.09431517869234085 -0.2824738621711731 -0.019056953489780426
7158 0.08229678124189377 -0.4768848419189453 -0.014545990154147148
7159 0.17433589696884155 0.012593423947691917 -0.03969527781009674
7160 -0.10595942288637161 0.2644551992416382 -0.1453082263469696
7161 0.06022927165031433 0.17954403162002563 0.04369911924004555
7162 -0.1467130035161972 -0.23294518887996674 0.03851309046149254
7163 -0.07893763482570648 0.2308330088853836 -0.13102802634239197
7164 -0.12306898832321167 0.3195212483406067 -0.08042319864034653
7165 -0.04764058068394661 -0.08809106796979904 0.040589358657598495
7166 0.007148705422878265 -0.2104574739933014 -0.01713823527097702
7167 0.07174287736415863 -0.11934294551610947 0.16355733573436737
7168 0.006331054959446192 0.40255007147789 0.024525335058569908
7169 -0.024480972439050674 0.04941926896572113 0.10735174268484116
7170 -0.006726435385644436 0.10870183259248734 0.1349593847990036
7171 -0.02026374451816082 0.43192926049232483 -0.03833644092082977
7172 0.11815603077411652 0.15686140954494476 0.0701272189617157
7173 0.03828384727239609 0.023142781108617783 0.17590224742889404
7174 -0.024564219638705254 -0.22886772453784943 -0.08963779360055923
7175 0.004092300310730934 -0.18003427982330322 -0.08636869490146637
7176 0.10554017126560211 0.4682890772819519 -0.05422080680727959
7177 0.0489971749484539 -0.11263182014226913 -0.039387647062540054
7178 0.1536773145198822 -0.2872250974178314 -0.012703077867627144
7179 -0.002051818650215864 0.08290216326713562 0.17715996503829956
7180 -0.11327981948852539 -0.2943108379840851 -0.06403772532939911
7181 -0.037958644330501556 0.3919692635536194 0.16019535064697266
7182 0.10599458962678909 -0.1353917270898819 -0.11691097915172577
7183 0.1273629516363144 -0.40222835540771484 -0.001344874151982367
7184 -0.10344099998474121 -0.27597203850746155 0.06442077457904816
7185 0.07932235300540924 0.2788532078266144 -0.06772224605083466
7186 -0.08636465668678284 -0.0538942888379097 -0.08559716492891312
7187 0.13871099054813385 0.2642670273780823 0.008793475106358528
7188 -0.13174273073673248 -0.4204399287700653 0.025159277021884918
7189 -0.06952463090419769 0.457457035779953 -0.01066303625702858
7190 0.1807039976119995 -0.42195531725883484 0.016572723165154457
7191 0.06513069570064545 -0.4345400333404541 0.16511370241641998
7192 -0.0909532904624939 0.02490684576332569 0.02346798963844776
7193 -0.03212014213204384 -0.029508111998438835 0.08342895656824112
7194 -0.14022792875766754 -0.2933051884174347 0.027438577264547348
7195 -0.1349620223045349 0.3295056223869324 -0.037317175418138504
7196 -0.08816719055175781 0.0077967229299247265 0.009380853734910488
7197 -0.12375468015670776 0.43468064069747925 -0.0723850354552269
7198 -0.049179557710886 0.2290147840976715 -0.07841653376817703
7199 -0.044350527226924896 -0.04528219252824783 -0.07721133530139923
7200 0.09915724396705627 -0.26133447885513306 -0.09388994425535202
7201 0.032219357788562775 -0.2750997543334961 0.06626018136739731
7202 -0.180046945810318 0.3175615668296814 -0.011207806877791882
7203 -0.05100912228226662 0.3703973591327667 -0.17015284299850464
7204 -0.043938882648944855 -0.14648157358169556 0.17264977097511292
7205 -0.1194627434015274 0.02634386159479618 -0.07967217266559601
7206 -0.0639793649315834 -0.2623721957206726 0.137910395860672
7207 0.03444243222475052 0.03805621340870857 0.012216376140713692
7208 0.022248519584536552 0.007467611227184534 -0.13631896674633026
7209 -0.06401833891868591 -0.06841844320297241 0.033785536885261536
7210 -0.11043927073478699 0.14320147037506104 -0.04591689631342888
7211 0.01935880072414875 -0.005071120336651802 0.025970537215471268
7212 0.019561631605029106 0.35242825746536255 0.1441604048013687
7213 -0.014649459160864353 -0.026855772361159325 -0.11839653551578522
7214 -0.04425867274403572 -0.09504994750022888 -0.09630995243787766
7215 0.1105986014008522 0.40332871675491333 0.13351647555828094
7216 -0.038005564361810684 0.31994375586509705 0.09334756433963776
7217 -0.035053908824920654 -0.4250076115131378 0.015789806842803955
7218 -0.01907757669687271 -0.018204564228653908 -0.09879869222640991
7219 -0.04547556862235069 0.45525437593460083 -0.01745346002280712
7220 -0.05061536282300949 -0.35628896951675415 0.019524643197655678
7221 0.010871801525354385 -0.2570152282714844 -0.13937580585479736
7222 -0.020932216197252274 -0.37232154607772827 -0.17809157073497772
7223 0.06674445420503616 0.47732385993003845 0.0968756377696991
7224 0.0190568920224905 -0.20006906986236572 0.07168019562959671
7225 -0.04562812298536301 -0.43485113978385925 0.03425053879618645
7226 -0.03296317905187607 0.48329612612724304 -0.10237742960453033
7227 0.001601525815203786 0.16539855301380157 -0.16363799571990967
7228 -0.06539212912321091 -0.03992614895105362 -0.0548631027340889
7229 0.07842504233121872 -0.30081143975257874 0.11948156356811523
7230 0.046534448862075806 -0.21810534596443176 0.1321541965007782
7231 -0.1396699845790863 0.03411565348505974 0.057959094643592834
7232 0.025804918259382248 0.003912351094186306 0.007609435822814703
7233 0.013130255043506622 0.4152633249759674 -0.004660448525100946
7234 -0.01261112280189991 0.4081280827522278 -0.08260741084814072
7235 -0.037072472274303436 0.03084324114024639 0.08540791273117065
7236 0.17911900579929352 0.13946165144443512 -0.01390073262155056
7237 -0.11384902149438858 0.18461935222148895 0.13992516696453094
7238 -0.05779518932104111 -0.20264483988285065 0.04985422268509865
7239 -0.06008721515536308 0.21500180661678314 0.06284913420677185
7240 -0.11056613177061081 -0.03831126168370247 -0.07333876937627792
7241 0.09830733388662338 0.22701755166053772 0.03820961341261864
7242 0.03269818425178528 0.4553627371788025 0.0963803231716156
7243 -0.11175747215747833 0.13663089275360107 0.10659269243478775
7244 -0.0045174723491072655 0.12832991778850555 0.038858626037836075
7245 -0.05588817968964577 0.4296489655971527 0.016493143513798714
7246 -0.07330836355686188 0.031213875859975815 0.046900421380996704
7247 -0.020336013287305832 0.0427318811416626 -0.04215802997350693
7248 0.04829874634742737 -0.38275033235549927 0.007828522473573685
7249 -0.03032742254436016 -0.18770751357078552 -0.028364136815071106
7250 -0.02493635006248951 -0.1961766481399536 0.17866995930671692
7251 -0.021302392706274986 -0.3034396767616272 0.06494076550006866
7252 0.0796915665268898 0.21305912733078003 0.11203315109014511
7253 0.05129687860608101 0.36148685216903687 0.11234179139137268
7254 0.1455916464328766 -0.37468263506889343 -0.1056765615940094
7255 -0.03927392512559891 0.16987407207489014 -0.17410042881965637
7256 -0.027191152796149254 -0.16784623265266418 0.0503370426595211
7257 0.008519312366843224 0.040317535400390625 -0.11194437742233276
7258 0.060728833079338074 0.29852020740509033 -0.003002697601914406
7259 -0.1190207228064537 0.014802268706262112 0.13279125094413757
7260 -0.06962492316961288 -0.08050616085529327 -0.0022286451421678066
7261 -0.044922031462192535 0.05649128183722496 0.08778947591781616
7262 -0.005723216105252504 0.00515544880181551 0.020538318902254105
7263 -0.06848927587270737 0.09967339783906937 0.09662091732025146
7264 -0.11905786395072937 -0.0181462112814188 0.04240351915359497
7265 -0.024879490956664085 0.0028837574645876884 0.0682210773229599
7266 0.14868740737438202 -0.22225692868232727 0.016473868861794472
7267 -0.005087495315819979 0.16188858449459076 0.13878177106380463
7268 0.14376890659332275 0.2228512465953827 -0.00878126174211502
7269 -0.0556049682199955 0.35143551230430603 -0.13366134464740753
7270 0.08080963790416718 -0.15575547516345978 0.040678348392248154
7271 0.06544657796621323 0.3433561623096466 -0.039475131779909134
7272 -0.06653032451868057 0.09115280956029892 0.06472182273864746
7273 0.03755129873752594 0.29622024297714233 0.03020058572292328
7274 0.02365056425333023 0.4282892346382141 -0.03595336526632309
7275 -0.14927591383457184 0.20848754048347473 -0.004035434685647488
7276 -0.02331964671611786 0.03582407161593437 -0.13600654900074005
7277 -0.10721445828676224 -0.25385552644729614 0.11094172298908234
7278 -0.1188245415687561 0.052878834307193756 0.0027879190165549517
7279 0.013736027292907238 0.30432942509651184 0.12962546944618225
7280 0.008539789356291294 0.4420183598995209 -0.004444038961082697
7281 0.14650949835777283 0.41763776540756226 -0.05521992966532707
7282 -0.04696424677968025 -0.13219618797302246 0.0295270886272192
7283 -0.054041873663663864 0.06775010377168655 0.024350209161639214
7284 -0.14654816687107086 0.14475803077220917 0.04959690943360329
7285 -0.042509712278842926 0.0127348517999053 0.13867615163326263
7286 0.03111296147108078 0.1659964621067047 -0.12002851068973541
7287 0.11765832453966141 0.38085195422172546 0.13330425322055817
7288 -0.08668366819620132 0.3812660276889801 0.11498524993658066
7289 -0.10409259796142578 0.38402608036994934 -0.11093183606863022
7290 -0.07059492915868759 -0.02129959873855114 0.03780044615268707
7291 -0.02768966741859913 0.40149635076522827 0.01681353524327278
7292 -0.1446724236011505 -0.39042437076568604 0.05473487824201584
7293 0.1475653350353241 -0.3853197991847992 -0.03605479374527931
7294 -0.08392743021249771 -0.2997642159461975 -0.022226041182875633
7295 0.031513914465904236 0.07956650108098984 0.0475696437060833
7296 -0.13460353016853333 0.3259938955307007 0.08427257090806961
7297 -0.09217070788145065 0.0016687114257365465 0.03400027006864548
7298 -0.04546263813972473 -0.0030575140845030546 0.016641106456518173
7299 -0.02463247999548912 -0.06903958320617676 0.07093930244445801
7300 -0.0934043750166893 0.37793296575546265 -0.14921240508556366
7301 -0.02599971555173397 -0.15899720788002014 0.02883913740515709
7302 -0.0020367649849504232 -0.1997702270746231 0.08644776791334152
7303 0.06156977266073227 -0.4189942181110382 -0.1002371609210968
7304 0.13429999351501465 -0.19944240152835846 -0.03704844415187836
7305 -0.030485115945339203 -0.27878478169441223 -0.028829561546444893
7306 -0.106624074280262 -0.2962661683559418 -0.04070114344358444
7307 -0.1279820203781128 0.11618199944496155 0.09670228511095047
7308 -0.10129130631685257 -0.10158427059650421 0.04605123773217201
7309 -0.05206537991762161 -0.055635079741477966 0.011755711399018764
7310 -0.01772141084074974 -0.07467654347419739 0.02891538292169571
7311 0.13449546694755554 -0.3971088230609894 0.06903009861707687
7312 0.11657676100730896 0.17053179442882538 0.09649438410997391
7313 -0.04456355422735214 0.04015417397022247 0.12727397680282593
7314 -0.08366680890321732 0.0904063954949379 0.157066211104393
7315 -0.07093877345323563 0.3291141092777252 0.16408519446849823
7316 -0.07417203485965729 0.2538295090198517 0.14067724347114563
7317 0.15220873057842255 -0.38415852189064026 -0.06290306150913239
7318 -0.09464602172374725 -0.08923037350177765 0.004636552184820175
7319 -0.08593640476465225 -0.1902141124010086 0.12842650711536407
7320 -0.11350831389427185 0.05261540412902832 0.027891872450709343
7321 -0.0165326576679945 -0.19220750033855438 0.05318126827478409
7322 0.0013996547786518931 0.016623936593532562 0.0681426152586937
7323 0.08513844758272171 0.3666151762008667 0.07876106351613998
7324 -0.04561180621385574 -0.0936555489897728 -0.016604457050561905
7325 -0.026603205129504204 0.3004380166530609 0.019015302881598473
7326 -0.1443372517824173 0.11042989790439606 -0.03424350172281265
7327 0.007443611975759268 0.20169934630393982 0.059492383152246475
7328 -0.02493242174386978 -0.14729493856430054 0.06283725798130035
7329 0.06684083491563797 0.16962502896785736 -0.00029370540869422257
7330 0.12514503300189972 -0.2168077528476715 -0.026664914563298225
7331 0.02008143998682499 -0.13288874924182892 -0.013499585911631584
7332 -0.15719522535800934 -0.09878099709749222 -0.016666319221258163
7333 0.13898581266403198 -0.19480130076408386 0.02325776219367981
7334 0.10795523226261139 -0.439452201128006 -0.1427953839302063
7335 -0.08123455941677094 -0.3661842942237854 0.11485781520605087
7336 0.07265906780958176 0.3861742317676544 -0.09600584954023361
7337 0.11901901662349701 0.4091716706752777 -0.11360323429107666
7338 0.025319896638393402 0.357877641916275 0.0759078785777092
7339 0.06164538860321045 -0.222227543592453 0.07816950231790543
7340 -0.1453506201505661 -0.43316417932510376 0.061479657888412476
7341 0.03202755004167557 -0.21594108641147614 0.0689070001244545
7342 0.10471761226654053 0.3804388642311096 -0.10231861472129822
7343 -0.09155702590942383 0.29371127486228943 -0.014853328466415405
7344 0.02238532342016697 0.018661458045244217 -0.11571460962295532
7345 0.04608510807156563 0.029147334396839142 0.05803817883133888
7346 -0.07871802896261215 -0.11325832456350327 -0.0988941639661789
7347 0.1288129985332489 -0.4105144143104553 -0.12014376372098923
7348 0.04883289337158203 0.1158294677734375 -0.0702592208981514
7349 -0.016787024214863777 -0.19187049567699432 0.13181675970554352
7350 -0.1176828071475029 0.295931339263916 -0.0010986828710883856
7351 -0.000375108647858724 -0.22133712470531464 0.04720421880483627
7352 -0.023476112633943558 0.02684498019516468 -0.11167871206998825
7353 -0.018410008400678635 0.17832717299461365 -0.005622827913612127
7354 -0.1139797791838646 0.3816719949245453 0.015919828787446022
7355 0.036655206233263016 -0.016583453863859177 0.01651602052152157
7356 0.11089921742677689 -0.1288517862558365 -0.0947006568312645
7357 0.08561841398477554 0.3463333249092102 -0.08618298918008804
7358 0.0007751507801003754 0.15798811614513397 0.09921693056821823
7359 -0.11871232092380524 0.38279467821121216 0.09683091193437576
7360 0.01700674742460251 0.2788589894771576 -0.04039304703474045
7361 -0.07900158315896988 -0.15574167668819427 -0.029574554413557053
7362 -0.000981713063083589 0.1968076378107071 -0.051283568143844604
7363 -0.0734335407614708 -0.3196846544742584 -0.029502367600798607
7364 0.09868115931749344 0.09920026361942291 -0.09296569973230362
7365 0.10984813421964645 -0.09849333763122559 0.05585320293903351
7366 -0.09150369465351105 0.27429109811782837 -0.12246667593717575
7367 0.04726326838135719 -0.23966725170612335 0.02893035300076008
7368 -0.002169093582779169 0.1695239096879959 0.009359575808048248
7369 0.1111992746591568 0.4215785264968872 0.0739407166838646
7370 0.05397284775972366 0.06988124549388885 -0.0014616013504564762
7371 -0.028116578236222267 -0.0785679966211319 0.04968613013625145
7372 0.09381616115570068 -0.14271290600299835 0.024878062307834625
7373 0.10219324380159378 0.3453393876552582 -0.13158787786960602
7374 -0.04732836037874222 -0.18092726171016693 0.045345861464738846
7375 -0.011173184029757977 -0.29175853729248047 0.03851514309644699
7376 -0.023745296522974968 -0.28066468238830566 0.021425792947411537
7377 -0.01916036382317543 -0.10916808247566223 0.13667331635951996
7378 -0.15543828904628754 0.10332105308771133 0.033453941345214844
7379 -0.02255888283252716 -0.009729352779686451 0.010366086848080158
7380 -0.07338858395814896 0.28311291337013245 -0.021125957369804382
7381 -0.1532330960035324 -0.08191017061471939 -0.07731404900550842
7382 -0.0899004340171814 -0.2754656672477722 0.02448304183781147
7383 0.003274821676313877 -0.3106444478034973 0.03451259806752205
7384 -0.09376451373100281 -0.2272629737854004 -0.10616488754749298
7385 0.04475686699151993 0.47791552543640137 -0.10736814141273499
7386 -0.07410289347171783 0.051697053015232086 0.0813027173280716
7387 -0.06307508796453476 0.3864045739173889 0.11644808202981949
7388 -0.020962724462151527 -0.24682998657226562 -0.17963069677352905
7389 -0.06655573844909668 0.3751021921634674 -0.053335849195718765
7390 0.00021562342590186745 0.12453128397464752 0.17209051549434662
7391 0.09376820921897888 -0.28953415155410767 0.04047473520040512
7392 -0.01409328542649746 0.39137011766433716 -0.12486302852630615
7393 0.07825709879398346 0.11050902307033539 -0.11371364444494247
7394 -0.0348098985850811 0.13647817075252533 0.1350330263376236
7395 -0.05139185115695 0.1524750292301178 0.13826067745685577
7396 0.05068967491388321 0.12630552053451538 -0.10675324499607086
7397 0.06520616263151169 0.23546919226646423 -0.021135816350579262
7398 -0.06687389314174652 0.3445175290107727 0.13680090010166168
7399 -0.09360377490520477 -0.22885319590568542 -0.0323733314871788
7400 0.10777364671230316 0.10142279416322708 0.020472271367907524
7401 0.09666577726602554 -0.37286245822906494 -0.08565782010555267
7402 0.1422583907842636 -0.1145167350769043 -0.043717846274375916
7403 0.08165561407804489 -0.14694255590438843 -0.016171956434845924
7404 -0.06521093845367432 -0.12207721918821335 -0.016075564548373222
7405 -0.09909320622682571 -0.31438690423965454 0.15070928633213043
7406 0.07115916162729263 0.07822152227163315 0.011138368397951126
7407 0.044607747346162796 0.02228660136461258 0.0018155266297981143
7408 0.14145484566688538 0.23093555867671967 0.08533786982297897
7409 0.021543854847550392 0.2827991843223572 -0.06489381939172745
7410 0.005495084915310144 0.3986046016216278 -0.06752993166446686
7411 0.08782663196325302 -0.014491475187242031 -0.15177439153194427
7412 -0.10825784504413605 0.3716716766357422 0.07657080888748169
7413 0.03730383142828941 0.483036071062088 0.12402129918336868
7414 0.04040639102458954 -0.3284394145011902 -0.0556732714176178
7415 0.05147900804877281 0.04162529855966568 0.17214377224445343
7416 0.002929511945694685 0.39156702160835266 -0.013072472997009754
7417 -0.056706324219703674 -0.18977178633213043 -0.014883878640830517
7418 0.17589128017425537 0.25903674960136414 -0.027798384428024292
7419 -0.04072060063481331 0.042253125458955765 0.043744899332523346
7420 0.06617159396409988 -0.006122899707406759 0.08149927109479904
7421 -0.05483517423272133 0.32443708181381226 0.12746083736419678
7422 -0.10207269340753555 -0.4402311444282532 0.0401981882750988
7423 -0.08103654533624649 0.06663268059492111 0.11485043168067932
7424 0.10177455097436905 -0.1035035252571106 -0.14087359607219696
7425 -0.08749858289957047 -0.05342536047101021 -0.12497817724943161
7426 -0.009902183897793293 0.11864118278026581 0.0763397365808487
7427 0.1134830042719841 0.19589535892009735 0.09818536788225174
7428 -0.06838763505220413 -0.2952314019203186 0.0746787041425705
7429 -0.09263243526220322 -0.09731656312942505 0.08828680962324142
7430 0.06375044584274292 0.2977884113788605 -0.1476365476846695
7431 0.020837776362895966 -0.060119256377220154 0.02007153443992138
7432 -0.044789038598537445 0.3093215823173523 0.13914090394973755
7433 0.07468990236520767 0.22216904163360596 -0.1150648221373558
7434 0.021941358223557472 0.11952584236860275 0.1778145730495453
7435 -0.0197850801050663 0.022154880687594414 0.07614573836326599
7436 0.08532585948705673 0.017787886783480644 0.15491633117198944
7437 0.15262159705162048 0.014844675548374653 -0.02350163459777832
7438 -0.03645554184913635 -0.09060237556695938 -0.17689408361911774
7439 0.05358031392097473 0.008975309319794178 0.0385206900537014
7440 -0.015730436891317368 0.07929018139839172 -0.016015896573662758
7441 -0.17977188527584076 0.4798634946346283 -0.018426435068249702
7442 -0.13510340452194214 -0.08389081805944443 -0.0005954038933850825
7443 0.03282275050878525 0.1881687343120575 -0.10377606749534607
7444 -0.00939212553203106 -0.187763512134552 -0.0035565169528126717
7445 -0.016605589538812637 -0.1487300544977188 -0.11799262464046478
7446 -0.06665866822004318 0.2981092929840088 0.09156566113233566
7447 0.004225259646773338 -0.1850578635931015 0.061438921838998795
7448 -0.07906590402126312 -0.25074416399002075 -0.10902159661054611
7449 -0.07574251294136047 0.35502880811691284 0.05173284560441971
7450 -0.10901720821857452 -0.23884819447994232 0.028575733304023743
7451 -0.12847596406936646 0.16030901670455933 0.013825910165905952
7452 0.0056863888166844845 0.17984193563461304 0.05802489444613457
7453 -0.01237198431044817 0.041426222771406174 -0.15794312953948975
7454 -0.10752654075622559 -0.4533219635486603 0.022545434534549713
7455 -0.027672527357935905 -0.14946749806404114 -0.097783163189888
7456 -0.013446332886815071 0.008508848957717419 -0.09872299432754517
7457 -0.04241487756371498 -0.23507608473300934 0.10542639344930649
7458 0.08046521246433258 -0.19596190750598907 0.15414303541183472
7459 -0.04856543242931366 0.06345411390066147 0.04597289487719536
7460 -0.14659540355205536 0.119198277592659 -0.0651501938700676
7461 0.110866978764534 0.06329397857189178 -0.05037888512015343
7462 -0.0853530615568161 -0.25552836060523987 0.009573777206242085
7463 0.09276358038187027 0.4422784149646759 0.15449266135692596
7464 0.13412904739379883 0.46273478865623474 0.06928674876689911
7465 0.10556697845458984 -0.1951580047607422 0.1448197364807129
7466 -0.06665409356355667 0.05151800811290741 0.039356864988803864
7467 0.1394488662481308 -0.16212841868400574 -0.010294628329575062
7468 -0.00703894579783082 -0.3853316605091095 0.09348513931035995
7469 -0.046237073838710785 -0.1553957313299179 -0.042531684041023254
7470 0.07612938433885574 -0.24418295919895172 -0.0665883719921112
7471 0.1548367142677307 -0.02454707771539688 -0.08689840883016586
7472 0.019876159727573395 -0.1450614333152771 0.11333309859037399
7473 -0.07907859236001968 0.22660525143146515 0.07233209908008575
7474 -0.1631152182817459 -0.04704167693853378 -0.07476838678121567
7475 -0.027667993679642677 -0.29257097840309143 -0.10296659916639328
7476 0.14368803799152374 -0.4605505168437958 -0.0313991941511631
7477 0.005651040468364954 -0.16774645447731018 0.08171107620000839
7478 0.06603291630744934 0.12963421642780304 -0.1442285031080246
7479 0.013121400959789753 0.15179650485515594 -0.09701745957136154
7480 0.11317165195941925 0.39597585797309875 0.0037126573733985424
7481 0.0783165767788887 0.47947436571121216 0.010166347026824951
7482 -0.11339730024337769 -0.2337934523820877 -0.043788306415081024
7483 0.07991494983434677 -0.2201952338218689 -0.06671738624572754
7484 0.05912349745631218 -0.2008044570684433 0.16509628295898438
7485 -0.12292180955410004 0.18680821359157562 0.03640991076827049
7486 -0.12431546300649643 -0.09268701076507568 0.024049725383520126
7487 0.0845172181725502 -0.3324446380138397 -0.11783403903245926
7488 -0.01913478784263134 0.24692687392234802 0.10526930540800095
7489 0.15560442209243774 0.3937797546386719 6.971161928959191e-05
7490 -0.16901400685310364 0.271659791469574 -0.051406893879175186
7491 0.12546373903751373 -0.35416725277900696 -0.12736977636814117
7492 0.03169245272874832 -0.1538955718278885 -0.06851259618997574
7493 -0.17017923295497894 0.317705363035202 -0.0532105527818203
7494 0.18090064823627472 -0.4495125114917755 -0.010557523928582668
7495 -0.006947893183678389 0.25407740473747253 -0.11926233023405075
7496 -0.041943203657865524 0.24116410315036774 -0.0388885959982872
7497 -0.16494682431221008 0.28214946389198303 -0.072884202003479
7498 0.055292461067438126 -0.1477411687374115 -0.057534877210855484
7499 0.06884030252695084 0.415341854095459 -0.1702170968055725
7500 -0.12327832728624344 -0.00783479306846857 -0.008114716038107872
7501 -0.15208207070827484 -0.35109183192253113 -0.06577187031507492
7502 -0.0500970259308815 0.074710913002491 0.06631673127412796
7503 -0.040659692138433456 0.2662804424762726 -0.1493193507194519
7504 -0.08284366875886917 0.0028980616480112076 -0.057695407420396805
7505 0.11034966260194778 -0.35530149936676025 -0.07526472210884094
7506 0.045332130044698715 0.00410294346511364 0.06201111897826195
7507 -0.08446528762578964 -0.27808383107185364 0.10998181253671646
7508 -0.15797874331474304 -0.07356344908475876 0.02293633110821247
7509 -0.10067703574895859 0.46169474720954895 0.10862205922603607
7510 0.037088971585035324 0.26876300573349 0.0675055980682373
7511 0.12423716485500336 -0.1753358244895935 -0.04656055197119713
7512 -0.03695796802639961 0.01665653847157955 0.04916486144065857
7513 0.12265452742576599 -0.2573091685771942 -0.0899692252278328
7514 -0.016984768211841583 -0.28450000286102295 -0.07313741743564606
7515 0.13613738119602203 -0.11755112558603287 -0.1011214479804039
7516 -0.03230378031730652 -0.4342361092567444 -0.11524350941181183
7517 0.008978690020740032 -0.257563978433609 -0.018187789246439934
7518 -0.038785818964242935 -0.16202662885189056 0.1559620350599289
7519 0.13299298286437988 0.2649127244949341 -0.022501414641737938
7520 -7.461859786417335e-05 -0.20323191583156586 -0.050693489611148834
7521 -0.058663371950387955 0.0001517246273579076 -0.13548213243484497
7522 0.07293284684419632 -0.28526389598846436 -0.037008341401815414
7523 0.07449128478765488 0.47784423828125 0.11769664287567139
7524 0.05357532948255539 0.4203212261199951 -0.02698729932308197
7525 -0.03036832995712757 -0.09342721849679947 0.026840444654226303
7526 0.017032738775014877 0.19623802602291107 -0.07120243459939957
7527 -0.012328002601861954 0.23148563504219055 0.04631560295820236
7528 0.07178421318531036 -0.24065008759498596 -0.024038607254624367
7529 0.006474197376519442 -0.34693706035614014 -0.04373333975672722
7530 -0.09213057905435562 0.01866142638027668 -0.07205631583929062
7531 0.16614699363708496 -0.15213437378406525 -0.07288987189531326
7532 -0.06368021667003632 -0.19057509303092957 0.027620337903499603
7533 0.013304999098181725 0.02887837402522564 0.026179006323218346
7534 0.12205206602811813 0.37186434864997864 -0.0921625867486
7535 -0.043505992740392685 -0.24817253649234772 0.14407946169376373
7536 0.09125418215990067 0.2840676009654999 -0.12472980469465256
7537 0.020921971648931503 -0.27887067198753357 -0.08907371014356613
7538 0.14893312752246857 -0.07383701950311661 -0.09759271144866943
7539 0.03524282947182655 0.4476782977581024 0.13312599062919617
7540 -0.05980968102812767 -0.015382722951471806 0.166179820895195
7541 0.016327764838933945 0.3434646725654602 -0.05062978342175484
7542 -0.09060856699943542 -0.18057630956172943 -0.07339289039373398
7543 0.02086014673113823 0.08823702484369278 -0.06665654480457306
7544 0.04389113560318947 -0.1818734109401703 -0.15212416648864746
7545 0.044698212295770645 0.13345608115196228 -0.05005180835723877
7546 0.10134856402873993 -0.11845038831233978 0.1089400202035904
7547 -0.005250072106719017 0.3389408588409424 -0.11735149472951889
7548 0.1437985748052597 -0.25098589062690735 -0.03571564704179764
7549 -0.015584898181259632 -0.007024820428341627 -0.05585899576544762
7550 0.1376558542251587 0.1427767127752304 -0.05573422461748123
7551 0.1302669197320938 0.38536450266838074 0.017947161570191383
7552 0.06653674691915512 -0.308454304933548 0.035942479968070984
7553 0.06410994380712509 -0.322530597448349 -0.10511139035224915
7554 0.038593728095293045 -0.19768142700195312 0.08438221365213394
7555 0.15586839616298676 -0.21990714967250824 -0.020236719399690628
7556 0.12558379769325256 -0.08207426965236664 0.026352860033512115
7557 -0.1676046997308731 0.029382016509771347 -0.007338542491197586
7558 -0.042599715292453766 -0.012768419459462166 0.037552379071712494
7559 -0.012000780552625656 0.05455696955323219 -0.10274048894643784
7560 0.07155998051166534 0.024130014702677727 0.0504625141620636
7561 -0.04236287623643875 0.2078007459640503 0.10794857144355774
7562 -0.17093050479888916 -0.25513654947280884 0.05863159894943237
7563 0.180013969540596 -0.16396956145763397 0.009452681057155132
7564 -0.04196407273411751 -0.3013709783554077 0.10202442854642868
7565 -0.04118357226252556 -0.27642759680747986 -0.08457443118095398
7566 -0.04273739084601402 -0.028121614828705788 -0.13376614451408386
7567 0.07825344055891037 -0.10618052631616592 -0.13844479620456696
7568 0.008731680922210217 -0.03802327811717987 -0.01109352521598339
7569 -0.14870192110538483 0.049665190279483795 -0.09803766757249832
7570 -0.099197156727314 0.40942054986953735 -0.09447233378887177
7571 -0.012887263670563698 0.2792733609676361 0.026978161185979843
7572 -0.13603216409683228 -0.10311293601989746 0.04214106500148773
7573 -0.14025050401687622 0.15553274750709534 -0.0920918732881546
7574 0.06112998351454735 -0.05383600667119026 0.07432052493095398
7575 0.09109070152044296 -0.1115565299987793 -0.004815050400793552
7576 -0.05831345543265343 0.09112001210451126 0.012819016352295876
7577 0.07587886601686478 0.45902499556541443 0.08762995153665543
7578 -0.04973248392343521 0.029922334477305412 0.10598605126142502
7579 0.06529489904642105 0.17060787975788116 0.02333837002515793
7580 0.08021672070026398 -0.3344155550003052 0.052552059292793274
7581 -0.09640166908502579 -0.3496229946613312 -0.056833308190107346
7582 0.025282271206378937 -0.0845879465341568 -0.15200811624526978
7583 -0.002761491108685732 0.05991263687610626 -0.07628503441810608
7584 -0.05693422630429268 -0.28859859704971313 0.04033020883798599
7585 0.012377019040286541 -0.1434270590543747 0.09184974431991577
7586 0.11759127676486969 -0.2903394401073456 -0.022934449836611748
7587 -0.03855830058455467 -0.10167869180440903 -0.05889918655157089
7588 -0.05702438950538635 0.44539910554885864 -0.045450806617736816
7589 0.0735328197479248 0.0748387798666954 -0.060992687940597534
7590 0.056578394025564194 -0.2898077964782715 0.019551962614059448
7591 -0.10180645436048508 -0.08214044570922852 0.10684511065483093
7592 0.00024212285643443465 -0.022699598222970963 0.01778693124651909
7593 0.009456506930291653 -0.13468411564826965 -0.036836888641119
7594 0.1022987961769104 0.37897536158561707 -0.14551971852779388
7595 -0.06729812920093536 -0.15544980764389038 0.07364681363105774
7596 -0.06085176020860672 -0.3603094518184662 0.04643445089459419
7597 -0.05724206566810608 -0.03863305225968361 -0.00486405286937952
7598 0.11977460980415344 -0.4791022837162018 -0.08659343421459198
7599 0.03583434596657753 -0.08894959837198257 -0.17591355741024017
7600 -0.07905442267656326 0.3978247344493866 0.10320129245519638
7601 -0.12884365022182465 -0.4838809669017792 0.0802961215376854
7602 0.0915275439620018 -0.35811328887939453 0.020149361342191696
7603 0.10641288757324219 -0.1932353675365448 0.06105402484536171
7604 0.10720771551132202 -0.23523008823394775 0.09233452379703522
7605 -0.013248562812805176 0.13548390567302704 -0.07609956711530685
7606 -0.042334649711847305 -0.0564412958920002 0.09487845003604889
7607 -0.07859763503074646 -0.29787853360176086 -0.1208401694893837
7608 0.09305445104837418 -0.15489071607589722 0.13328740000724792
7609 0.08242854475975037 -0.2778972089290619 0.08107605576515198
7610 -0.012010229751467705 0.10587747395038605 0.10583975166082382
7611 -0.048784635961055756 -0.2523084580898285 0.09499730169773102
7612 -0.10059089213609695 -0.1759611964225769 -0.048855822533369064
7613 0.04116662219166756 0.18174420297145844 0.022222084924578667
7614 -0.14834721386432648 0.3132700026035309 -0.05541892349720001
7615 -0.1163848415017128 -0.2540734112262726 -0.07360099256038666
7616 0.06319404393434525 0.19787965714931488 0.12909705936908722
7617 0.13158494234085083 -0.09581704437732697 0.12238962948322296
7618 -0.04850170016288757 -0.16263335943222046 0.13852456212043762
7619 0.08228996396064758 -0.39464104175567627 -0.08595240116119385
7620 -0.047703713178634644 -0.09193234145641327 -0.14820411801338196
7621 0.06262263655662537 -0.3730209469795227 -0.10330921411514282
7622 -0.10545681416988373 0.47822141647338867 -0.1424921602010727
7623 -0.08491034060716629 0.4187256395816803 -0.15832307934761047
7624 0.004417125601321459 0.3308979570865631 0.07941232621669769
7625 -0.034043971449136734 0.05271676182746887 0.17345184087753296
7626 -0.014164255931973457 -0.04883650317788124 0.17736010253429413
7627 0.06142466515302658 -0.435357928276062 0.14193445444107056
7628 -0.08715277165174484 -0.12205192446708679 0.0410245805978775
7629 -0.14062100648880005 0.3602141737937927 -0.008588360622525215
7630 -0.11921323835849762 -0.07955054193735123 -0.008789502084255219
7631 0.02507541887462139 -0.4315061867237091 0.03755950182676315
7632 -0.08215320110321045 -0.022966941818594933 -0.10425665974617004
7633 0.007105517666786909 -0.3544853627681732 -0.10743358731269836
7634 0.1291322261095047 0.4070022702217102 0.06565290689468384
7635 0.03448799252510071 0.3710889220237732 0.01810574345290661
7636 0.15151840448379517 0.2671435475349426 0.09430015087127686
7637 0.012241149321198463 0.31840115785598755 0.10321119427680969
7638 0.0393717922270298 0.13942526280879974 0.1292458325624466
7639 0.17280149459838867 0.3932735323905945 -0.05848555266857147
7640 0.12265501171350479 -0.17765215039253235 0.06507441401481628
7641 0.12779273092746735 -0.3380633592605591 -0.11519929766654968
7642 0.006086545065045357 0.23993200063705444 0.08119196444749832
7643 0.13909316062927246 0.2638506591320038 -0.07822570949792862
7644 -0.05463818460702896 0.2851748764514923 0.061853088438510895
7645 -0.04137158766388893 0.10259916633367538 0.13424502313137054
7646 0.09229139983654022 -0.39945700764656067 -0.12255837023258209
7647 -0.05625542625784874 -0.10199643671512604 0.16893772780895233
7648 -0.15220694243907928 -0.09280134737491608 -0.039258964359760284
7649 -0.12676593661308289 -0.45733314752578735 0.004979243036359549
7650 0.09301508963108063 -0.1960310935974121 -0.015258591622114182
7651 0.06644587218761444 0.0882478803396225 0.16574452817440033
7652 0.033348243683576584 0.4088054895401001 0.1458122581243515
7653 0.06215166673064232 0.24407164752483368 -0.051163773983716965
7654 -0.057416271418333054 -0.2857550084590912 -0.06523855030536652
7655 2.547989242884796e-05 0.2975217401981354 0.03585019335150719
7656 0.07454785704612732 -0.3734923303127289 0.03305412083864212
7657 -0.12323901802301407 0.21244342625141144 -0.061891138553619385
7658 -0.08618272840976715 0.19883127510547638 -0.020131906494498253
7659 0.04023490473628044 -0.07805325090885162 0.10456652194261551
7660 0.07053309679031372 0.39277568459510803 -0.12287921458482742
7661 -0.09805602580308914 0.16647835075855255 -0.0052565354853868484
7662 -0.14288230240345 0.0574045404791832 -0.04702501744031906
7663 0.03670338913798332 -0.1337229609489441 0.017017390578985214
7664 -0.0724252313375473 0.27228859066963196 0.07283350825309753
7665 0.09515669196844101 -0.1770426332950592 0.012660065665841103
7666 0.014564613811671734 -0.27630066871643066 0.1524934321641922
7667 -0.09358683228492737 0.18403151631355286 -0.08473354578018188
7668 -0.016635945066809654 -0.1698380410671234 -0.12295131385326385
7669 0.13330739736557007 -0.3156448304653168 0.007992856204509735
7670 -0.051014795899391174 0.18720082938671112 0.14591558277606964
7671 -0.08222712576389313 -0.16434141993522644 0.08704836666584015
7672 0.062444474548101425 0.09062665700912476 -0.07071492075920105
7673 0.0495670847594738 -0.10225773602724075 -0.11447346210479736
7674 0.024149328470230103 -0.26749929785728455 0.16619014739990234
7675 0.10223345458507538 -0.2666963040828705 0.07646740227937698
7676 0.04976269602775574 -0.013879460282623768 0.04613830894231796
7677 0.002077520126476884 -0.22847208380699158 0.025072665885090828
7678 0.010376932099461555 0.2088252454996109 -0.11924927681684494
7679 -0.03501810505986214 -0.2655743956565857 0.04241899400949478
7680 0.02529154345393181 0.05256056413054466 -0.006152974907308817
7681 -0.07789511233568192 0.34390100836753845 -0.16009391844272614
7682 0.1301441639661789 -0.2652135193347931 -0.07216442376375198
7683 -0.008052167482674122 -0.13274143636226654 0.046182453632354736
7684 0.06576184928417206 0.05259891599416733 -0.05907825753092766
7685 -0.12322808802127838 0.08358108997344971 0.12027459591627121
7686 0.03074886091053486 -0.17804080247879028 0.018503548577427864
7687 0.14486223459243774 0.28031298518180847 -0.06629396975040436
7688 0.13659894466400146 -0.15584708750247955 0.024886654689908028
7689 0.09103262424468994 0.3163769245147705 -0.1260920763015747
7690 0.14624692499637604 0.24944941699504852 -0.032315488904714584
7691 -0.07280798256397247 -0.33757853507995605 -0.1393614262342453
7692 -0.04274939373135567 -0.2911868691444397 0.12898153066635132
7693 0.06464653462171555 -0.031167753040790558 0.06524461507797241
7694 0.016121307387948036 -0.3013291656970978 -0.08666437864303589
7695 0.05437515676021576 0.31920987367630005 0.12743204832077026
7696 -0.12518367171287537 0.07372676581144333 -0.00715145468711853
7697 -0.04953159764409065 -0.14800116419792175 0.009703561663627625
7698 0.11499197036027908 0.08624536544084549 0.06474877148866653
7699 -0.024431506171822548 -0.13039866089820862 -0.1259310245513916
7700 0.1651056855916977 -0.264334499835968 0.07040576636791229
7701 0.10347531735897064 0.17518845200538635 0.04613156244158745
7702 0.011777778156101704 0.3714885115623474 0.05479373782873154
7703 0.05962501838803291 -0.3265551030635834 0.047570448368787766
7704 0.15290747582912445 0.21288460493087769 -0.09204722195863724
7705 -0.11310312896966934 -0.2777537703514099 0.022504838183522224
7706 0.1662646383047104 0.2463228702545166 -0.012947959825396538
7707 0.13760679960250854 -0.019591044634580612 0.06985463201999664
7708 -0.07975126057863235 -0.18949875235557556 -0.024081164970993996
7709 0.13245341181755066 -0.27554741501808167 -0.11606480181217194
7710 0.09938599914312363 -0.08483955264091492 0.14635440707206726
7711 0.08931870758533478 -0.19100061058998108 0.07357695698738098
7712 -0.15118515491485596 0.177914559841156 -0.003532164031639695
7713 -0.04105285555124283 0.2026665210723877 0.00835795234888792
7714 -0.009908631443977356 0.0384884811937809 0.09122808277606964
7715 -0.023376796394586563 0.053319692611694336 0.07890856266021729
7716 0.07296956330537796 0.12373984605073929 0.10157275944948196
7717 -0.142324298620224 -0.19529210031032562 0.057419683784246445
7718 0.15108758211135864 -0.07240189611911774 -0.021643362939357758
7719 0.17781774699687958 -0.45554885268211365 -0.033111367374658585
7720 -0.011524769477546215 -0.1263778805732727 -0.08238158375024796
7721 -0.09644077718257904 -0.05667097121477127 0.14761359989643097
7722 0.17641809582710266 -0.05909563973546028 0.025710223242640495
7723 -0.08295410871505737 0.1334720253944397 0.010040364228188992
7724 0.12412107735872269 0.15529750287532806 -0.027141090482473373
7725 -0.023693736642599106 -0.3818103075027466 0.1278660148382187
7726 0.03097284771502018 0.40950721502304077 0.03471294417977333
7727 -0.09152653068304062 -0.28143468499183655 -0.013249026611447334
7728 -0.09635753929615021 -0.1118546575307846 -0.10638660937547684
7729 -0.01004229485988617 0.048325683921575546 0.12865105271339417
7730 0.1682138741016388 0.4793899357318878 0.05842796713113785
7731 -0.10504161566495895 0.0770547166466713 -0.02217957004904747
7732 -0.04521123692393303 -0.30469030141830444 -0.0839739665389061
7733 0.045257121324539185 0.043893709778785706 -0.1720678210258484
7734 0.007835212163627148 0.04840056598186493 0.06604138761758804
7735 -0.11752872914075851 -0.3499588668346405 0.02957734651863575
7736 -0.11991619318723679 -0.46827447414398193 -0.13571274280548096
7737 -0.10037633776664734 0.1270543485879898 0.026797963306307793
7738 -0.08435916155576706 0.08469772338867188 -0.012847033329308033
7739 -0.13320109248161316 0.06030498445034027 -0.0253040362149477
7740 0.13378575444221497 0.04586341604590416 0.11771095544099808
7741 -0.04371670261025429 0.3616161644458771 0.11258823424577713
7742 -0.06398936361074448 0.08459525555372238 -0.04612397775053978
7743 -0.11285602301359177 -0.16853377223014832 -0.06961151957511902
7744 0.1302730292081833 -0.06616423279047012 -0.01774085871875286
7745 -0.147493377327919 0.02823762036859989 0.030002720654010773
7746 -0.07223080843687057 0.21118716895580292 -0.005782821215689182
7747 0.09256427735090256 -0.09837355464696884 0.11836054921150208
7748 0.10313431918621063 -0.4427501857280731 0.050210725516080856
7749 -0.12828359007835388 0.20488576591014862 -0.09260812401771545
7750 -0.030917098745703697 0.21957962214946747 -0.10565352439880371
7751 0.02977040223777294 0.3036225140094757 -0.029537472873926163
7752 0.027868105098605156 0.2684963047504425 0.1759091168642044
7753 -0.08176048845052719 0.06741385906934738 0.0582410953938961
7754 0.008124039508402348 0.30199891328811646 -0.06210782378911972
7755 -0.10198206454515457 0.2376713752746582 -0.12847639620304108
7756 0.11265788972377777 0.3552206754684448 0.06289149820804596
7757 0.05906727537512779 -0.15507709980010986 0.09272357821464539
7758 -0.171491339802742 -0.015851875767111778 -0.04926107078790665
7759 0.05384146422147751 0.39800670742988586 0.13691331446170807
7760 0.025144005194306374 0.060473449528217316 -0.026975370943546295
7761 -0.12058699876070023 0.10914892703294754 -0.015398294664919376
7762 -0.15203671157360077 0.45107972621917725 -0.0960993841290474
7763 0.08264883607625961 0.06824459880590439 -0.004962210077792406
7764 0.03682234510779381 0.0186112429946661 0.02517673559486866
7765 -0.05533871054649353 -0.377313494682312 0.06289447098970413
7766 0.02193923108279705 -0.049295637756586075 0.03889256715774536
7767 -0.14324802160263062 -0.12358052283525467 -0.019719531759619713
7768 -0.0029680526349693537 -0.38230112195014954 -0.025808434933423996
7769 0.07643488794565201 0.0015059513971209526 -0.0960259810090065
7770 0.10530649125576019 0.41893163323402405 0.02991686388850212
7771 -0.10228459537029266 0.4507714509963989 -0.0049722264520823956
7772 0.09631303697824478 -0.19710272550582886 0.09659484028816223
7773 0.06971266865730286 -0.05123332142829895 0.01946009323000908
7774 0.14160075783729553 0.44039902091026306 -0.07067927718162537
7775 0.15233035385608673 0.11566227674484253 -0.04022688418626785
7776 0.014365144073963165 0.38986068964004517 0.07240646332502365
7777 -0.05944259837269783 0.27332431077957153 0.04279974102973938
7778 0.09153398126363754 -0.35939180850982666 0.04460670426487923
7779 0.14480195939540863 0.3281923234462738 -0.005669271107763052
7780 0.022339049726724625 -0.1107843816280365 0.1129293441772461
7781 -0.02805061638355255 -0.39972808957099915 -0.10087809711694717
7782 -0.005549841094762087 0.1258588433265686 0.014932067133486271
7783 -0.13085760176181793 0.2688049376010895 0.11960197240114212
7784 -0.008202507160604 0.2097262740135193 -0.09327340871095657
7785 -0.02207302488386631 0.2133912593126297 0.0943763479590416
7786 -0.02009950950741768 0.23608103394508362 -0.1200585588812828
7787 0.04249529168009758 0.4006441533565521 -0.07214920967817307
7788 -0.11006943136453629 0.017746875062584877 0.10759361833333969
7789 -0.06012536585330963 -0.35714295506477356 -0.16881722211837769
7790 0.0848727822303772 -0.3852555453777313 0.01373683288693428
7791 -0.10119148343801498 0.20498642325401306 -0.10537441074848175
7792 0.18046250939369202 0.024550531059503555 0.008617007173597813
7793 -0.0453764982521534 -0.16338230669498444 0.08249946683645248
7794 -0.022198107093572617 -0.07266462594270706 -0.1208762377500534
7795 -0.10015363991260529 -0.03266879543662071 -0.026990670710802078
7796 -0.01452591735869646 -0.4039463698863983 0.12217537313699722
7797 -0.059021711349487305 0.2619958519935608 0.1686604917049408
7798 -0.08198326081037521 -0.27109986543655396 -0.08954326808452606
7799 -0.10187046229839325 -0.04606926813721657 0.12676532566547394
7800 -0.08244588971138 -0.3844813108444214 -0.09873214364051819
7801 0.023119527846574783 -0.1166892796754837 0.024464434012770653
7802 0.06154177337884903 0.18720874190330505 -0.06661967933177948
7803 0.04251334071159363 0.18763090670108795 0.08270848542451859
7804 0.01619774103164673 -0.14887794852256775 0.07132827490568161
7805 -0.1336248815059662 0.05959838628768921 0.08798804879188538
7806 -0.06331318616867065 0.03957243263721466 -0.055116619914770126
7807 0.0581185407936573 -0.28225862979888916 0.0859982818365097
7808 0.005978143308311701 -0.12683551013469696 0.11315785348415375
7809 0.0773387998342514 -0.3392571210861206 0.023985223844647408
7810 -0.1548873335123062 0.06913618743419647 0.06383641809225082
7811 -0.09356044977903366 0.05788673087954521 -0.13389532268047333
7812 0.04793443903326988 -0.13179756700992584 -0.01196721475571394
7813 0.1263560950756073 -0.2262267768383026 0.08333732932806015
7814 -0.017016589641571045 0.022974329069256783 0.13682636618614197
7815 -0.13262046873569489 -0.35487017035484314 -0.05383087322115898
7816 0.09843392670154572 0.18971700966358185 0.010124439373612404
7817 0.038125984370708466 0.30384767055511475 0.10494352132081985
7818 0.12905839085578918 -0.2716420292854309 0.02315566875040531
7819 0.013650031760334969 0.003829129273071885 0.08991606533527374
7820 0.14966528117656708 -0.16258956491947174 0.04936356097459793
7821 0.10247378796339035 0.3352939486503601 0.14529047906398773
7822 0.13352204859256744 0.34888991713523865 -0.006022853776812553
7823 -0.07217370718717575 0.08443739265203476 0.0379684716463089
7824 0.10024483501911163 -0.4614853858947754 -0.11966416239738464
7825 0.01679939031600952 -0.18905285000801086 -0.06526922434568405
7826 0.02300313487648964 0.17495480179786682 0.08597834408283234
7827 0.029408860951662064 0.30616846680641174 0.17527301609516144
7828 0.05779172107577324 0.3416946828365326 0.13213373720645905
7829 -0.015913402661681175 0.3119955062866211 0.08303724974393845
7830 -0.1477346271276474 -0.4807458817958832 -0.10313861817121506
7831 -0.1545456200838089 -0.3380250036716461 0.08842315524816513
7832 0.07460090517997742 -0.19592216610908508 0.17007297277450562
7833 -0.14246448874473572 -0.19910922646522522 -0.06183376535773277
7834 -0.06972325593233109 -0.3036220371723175 -0.05015359818935394
7835 0.004643922206014395 0.005996368825435638 0.04450101777911186
7836 -0.08760009706020355 -0.44096311926841736 0.10311058908700943
7837 0.05056033656001091 -0.1559252142906189 0.13337856531143188
7838 -0.04338112846016884 0.002102574333548546 0.09202684462070465
7839 0.029146891087293625 -0.457622230052948 -0.14445023238658905
7840 0.14959827065467834 -0.258159339427948 -0.07435265183448792
7841 0.14224964380264282 0.35703909397125244 -0.051062338054180145
7842 0.09258188307285309 -0.25997912883758545 0.1184089407324791
7843 -0.055767808109521866 0.1254069060087204 0.1673608124256134
7844 0.024798506870865822 -0.3650263547897339 0.04878389090299606
7845 0.04798942059278488 -0.3001610040664673 -0.13221484422683716
7846 -0.16573607921600342 0.34669724106788635 0.06542681902647018
7847 0.030833659693598747 -0.3748936355113983 -0.1322406679391861
7848 0.14982515573501587 0.2367037683725357 -0.04471737891435623
7849 -0.06543475389480591 0.40926891565322876 0.032375723123550415
7850 -0.10035575181245804 -0.4784296751022339 -0.012159464880824089
7851 -0.07156889885663986 0.25876498222351074 -0.008332346566021442
7852 -0.09648464620113373 0.3636597990989685 0.009966558776795864
7853 0.09967465698719025 0.304158478975296 -0.06238514557480812
7854 0.10191407054662704 0.04474962130188942 -0.14015285670757294
7855 -0.1171235591173172 0.12989383935928345 -0.06659723073244095
7856 -0.13771149516105652 0.2579006254673004 0.0822681337594986
7857 -0.04957501217722893 -0.3229130506515503 0.09458498656749725
7858 0.007195735350251198 -0.48110830783843994 0.01752525009214878
7859 0.1049329861998558 0.21432968974113464 -0.14471255242824554
7860 0.08341605216264725 -0.43998631834983826 -0.14133800566196442
7861 0.14493758976459503 0.2021450698375702 -0.02589215151965618
7862 -0.17412804067134857 -0.05449124425649643 -0.021754326298832893
7863 0.057391684502363205 -0.07675527036190033 -0.12430673837661743
7864 -0.1609600931406021 0.020122068002820015 0.0702967643737793
7865 -0.08596843481063843 0.15292572975158691 -0.15780095756053925
7866 0.09154495596885681 -0.24618469178676605 0.05450401082634926
7867 -0.019864056259393692 0.46530118584632874 -0.1259521096944809
7868 -0.05811261385679245 0.021254783496260643 0.1568734049797058
7869 -0.06407109647989273 0.12902767956256866 0.023376530036330223
7870 0.06353086233139038 0.2625766396522522 -0.16917814314365387
7871 -0.15832529962062836 0.15963956713676453 0.027164775878190994
7872 -0.046291664242744446 -0.1648559868335724 -0.14577363431453705
7873 -0.05200066417455673 0.09517019242048264 0.16841092705726624
7874 0.02210117317736149 -0.05472679063677788 -0.01771494373679161
7875 0.04582052305340767 0.20802898705005646 -0.14983761310577393
7876 0.06285272538661957 0.12206625938415527 -0.022768398746848106
7877 -0.0529400072991848 0.3847440481185913 -0.03453978896141052
7878 -0.016496477648615837 0.3718234896659851 -0.05415591225028038
7879 0.0635213553905487 -0.19209024310112 0.076747365295887
7880 0.13836383819580078 -0.34331607818603516 0.10599728673696518
7881 -0.050007570534944534 0.20240411162376404 0.03362048417329788
7882 0.04205882549285889 0.3336920142173767 -0.0577721931040287
7883 -0.026456031948328018 0.19128552079200745 -0.08419529348611832
7884 -0.11140844970941544 -0.012553239241242409 -0.13778547942638397
7885 0.025365039706230164 0.2636798024177551 0.10552132874727249
7886 -0.013864262029528618 -0.055759210139513016 -0.13682305812835693
7887 0.07782672345638275 -0.3091418445110321 -0.12013343721628189
7888 0.0523853525519371 -0.269033819437027 0.16891765594482422
7889 0.039832357317209244 0.23494678735733032 -0.04627448320388794
7890 0.03637069836258888 0.0433654710650444 0.09189597517251968
7891 0.08631150424480438 -0.29982152581214905 0.0071409717202186584
7892 0.04154501110315323 -0.2658042013645172 -0.09069237112998962
7893 -0.05150539055466652 -0.3768310844898224 0.09623866528272629
7894 -0.059542473405599594 0.07401581108570099 -0.08118420839309692
7895 0.045576196163892746 0.020355505868792534 0.09413318336009979
7896 -0.05378817766904831 -0.3038365840911865 0.11640587449073792
7897 0.002545270835980773 -0.07854080945253372 0.010455531068146229
7898 -0.054533496499061584 0.03269704058766365 0.056823212653398514
7899 -0.16864866018295288 0.3313477039337158 0.03909477964043617
7900 -0.09635847806930542 0.3328685760498047 -0.09958165138959885
7901 0.16055133938789368 0.33871448040008545 -0.017203956842422485
7902 -0.100141741335392 -0.0982634574174881 -0.009850544854998589
7903 0.03263839706778526 0.27171242237091064 -0.17576360702514648
7904 0.09643867611885071 0.18957340717315674 -0.012336724437773228
7905 -0.11369870603084564 -0.014749612659215927 -0.08212944120168686
7906 0.041245151311159134 0.21017968654632568 -0.04503947123885155
7907 0.09252005070447922 -0.4146975576877594 -0.04183117672801018
7908 0.15043379366397858 -0.009155415929853916 -0.05968010053038597
7909 0.16103659570217133 -0.14040839672088623 -0.027461925521492958
7910 0.046284180134534836 0.049112819135189056 -0.037441253662109375
7911 -0.07061854004859924 0.02116185612976551 0.02011909894645214
7912 -0.1005566343665123 0.06598634272813797 0.012173159047961235
7913 -0.05819055065512657 -0.2822006046772003 -0.1683514565229416
7914 -0.0153890959918499 0.2839508056640625 -0.11449399590492249
7915 0.07232782244682312 0.33143851161003113 -0.10756441205739975
7916 0.04868711531162262 0.12904556095600128 0.1683526635169983
7917 -0.1357841193675995 0.2882143259048462 0.06720434874296188
7918 -0.11371555924415588 -0.3502391278743744 0.003986992407590151
7919 0.1411992609500885 -0.13802829384803772 -0.09654207527637482
7920 -0.11744141578674316 0.01655356027185917 0.018607985228300095
7921 0.11501157283782959 -0.2598622143268585 -0.026099609211087227
7922 -0.07104068249464035 0.10315077006816864 0.02628348022699356
7923 0.0206503476947546 0.4467366635799408 -0.023061053827404976
7924 0.0552314817905426 0.3099815547466278 -0.06701487302780151
7925 -0.02235635742545128 -0.08558423072099686 -0.0009290819871239364
7926 0.12877008318901062 -0.0760655403137207 0.08664656430482864
7927 -0.027038682252168655 0.08576955646276474 0.06931043416261673
7928 0.07908260077238083 -0.41633886098861694 -0.1626332700252533
7929 0.12624314427375793 -0.38348105549812317 0.12524065375328064
7930 -0.06893691420555115 -0.010087939910590649 0.018230566754937172
7931 -0.03383469954133034 -0.13218775391578674 -0.08357845991849899
7932 -0.0779605433344841 -0.4651709794998169 0.11458979547023773
7933 -0.022979870438575745 0.11564305424690247 -0.06521326303482056
7934 0.12249385565519333 -0.25677335262298584 0.08338381350040436
7935 0.1598275750875473 0.1408570408821106 0.0007648737519048154
7936 -0.11910354346036911 -0.21411915123462677 0.13464513421058655
7937 -0.10196084529161453 -0.23446665704250336 0.146027073264122
7938 0.12068288773298264 -0.3719383180141449 -0.06774246692657471
7939 -0.07675579935312271 -0.20902642607688904 0.16140934824943542
7940 -0.05338384211063385 -0.018597327172756195 0.08524764329195023
7941 -0.1276257336139679 -0.11583662778139114 0.12607190012931824
7942 0.02869288995862007 -0.184811532497406 0.05684133246541023
7943 0.06976111233234406 0.35144948959350586 -0.06972075253725052
7944 -0.015828225761651993 -0.20703783631324768 -0.08846551179885864
7945 -0.039511557668447495 0.06765066087245941 -0.06265464425086975
7946 -0.02585335075855255 -0.3137337565422058 0.17792245745658875
7947 0.01921045407652855 -0.08936372399330139 0.0058681657537817955
7948 0.14364643394947052 0.044093646109104156 -0.048922985792160034
7949 0.007210607174783945 0.07450064271688461 -0.046992771327495575
7950 0.04760230332612991 0.18211844563484192 0.06221580505371094
7951 -0.13043314218521118 -0.11461251229047775 -0.00343068758957088
7952 0.03424966335296631 0.1586984395980835 -0.07079000771045685
7953 -0.04221620783209801 -0.3407912254333496 -0.0499565564095974
7954 -0.08779913932085037 -0.3669651448726654 0.027095815166831017
7955 0.061045993119478226 0.08610944449901581 0.06695982068777084
7956 -0.11323387175798416 0.059595730155706406 0.09567132592201233
7957 -0.11450376361608505 -0.2640030086040497 -0.13764584064483643
7958 0.040391210466623306 -0.08228576928377151 -0.11107783764600754
7959 -0.039968013763427734 -0.3172702491283417 -0.11921513080596924
7960 0.118294857442379 0.30279460549354553 -0.11870447546243668
7961 0.07184697687625885 0.16048650443553925 0.0775190219283104
7962 -0.1337810903787613 0.30124786496162415 0.10331901162862778
7963 0.04741333797574043 -0.2794921398162842 -0.0017479377565905452
7964 0.14868713915348053 -0.08633153140544891 -0.045590270310640335
7965 -0.10136844962835312 -0.32900840044021606 -0.12378210574388504
7966 0.021459264680743217 -0.4823496639728546 -0.11648266017436981
7967 0.11755798757076263 0.46904706954956055 -0.13615697622299194
7968 -0.004900043364614248 0.37879523634910583 0.04078468680381775
7969 -0.07105434685945511 0.3676828145980835 -0.09208215773105621
7970 -0.030339762568473816 -0.45211338996887207 -0.059123165905475616
7971 -0.02316347137093544 -0.15565471351146698 -0.0214382391422987
7972 -0.027976971119642258 0.3782799541950226 0.03347484767436981
7973 -0.0591081827878952 0.04949607700109482 -0.17242200672626495
7974 0.05276907607913017 0.4111405611038208 0.11422445625066757
7975 0.11226102709770203 -0.20931671559810638 -0.13902999460697174
7976 -0.04838991165161133 -0.4557322859764099 0.10995320975780487
7977 -0.04060707613825798 -0.36136460304260254 -0.037658389657735825
7978 -0.0687464252114296 -0.1672309786081314 0.05056681111454964
7979 -0.1305382251739502 0.28242960572242737 -0.013137700967490673
7980 -0.037788793444633484 0.06912548094987869 0.10664232820272446
7981 -0.025621404871344566 -0.31771624088287354 -0.07473944127559662
7982 -0.1148102879524231 -0.3401811718940735 -0.06993049383163452
7983 -0.04963333532214165 -0.07096181809902191 0.05654288828372955
7984 -0.0932796373963356 0.18319863080978394 0.06863528490066528
7985 0.10933727025985718 -0.3088420629501343 0.005487371701747179
7986 0.06432459503412247 -0.3014112412929535 0.0016105753602460027
7987 -0.044482164084911346 0.09581625461578369 0.05582995340228081
7988 -0.06698823720216751 0.4795551598072052 -0.06088731810450554
7989 -0.12069249898195267 0.29023993015289307 -0.08073078095912933
7990 -0.018215680494904518 0.012380155734717846 0.0007339147268794477
7991 0.12810401618480682 -0.4759122133255005 0.11852946877479553
7992 -0.14009274542331696 -0.053051598370075226 0.07703526318073273
7993 -0.04815753549337387 0.36147499084472656 0.04423992708325386
7994 0.1079346239566803 -0.08981295675039291 -0.06381850689649582
7995 0.05613753944635391 0.45669499039649963 -0.16851620376110077
7996 0.07727282494306564 -0.1687265932559967 -0.04333120584487915
7997 -0.14359696209430695 0.040411561727523804 0.10539079457521439
7998 0.10340303182601929 -0.030878528952598572 0.0713609978556633
7999 0.0360533781349659 0.3968488574028015 0.053437698632478714
8000 0.0022401083260774612 0.03175370767712593 0.04833941534161568
8001 0.05664925277233124 -0.2932180166244507 0.11468379944562912
8002 -0.12975120544433594 -0.20340515673160553 0.028566818684339523
8003 -0.17113639414310455 0.37557879090309143 -0.04004506394267082
8004 -0.10455732047557831 0.14286869764328003 0.0087360218167305
8005 0.13847695291042328 0.16832804679870605 0.08104057610034943
8006 -0.1345805674791336 -0.2623545229434967 0.11452527344226837
8007 -0.10167869180440903 0.2820543944835663 0.12315547466278076
8008 0.1596166491508484 -0.48263540863990784 -0.011469202116131783
8009 -0.10969758033752441 -0.0032859265338629484 -0.12356230616569519
8010 0.05507068708539009 0.4537568986415863 0.17287075519561768
8011 -0.12758898735046387 -0.15517379343509674 -0.12666764855384827
8012 0.0122480234131217 -0.143303781747818 0.1351008117198944
8013 0.04820860177278519 0.3103340268135071 -0.040253035724163055
8014 0.1015840545296669 -0.40894749760627747 0.12784084677696228
8015 -0.12528757750988007 -0.3943132758140564 -0.008792459033429623
8016 -0.1555967777967453 0.4794483780860901 -0.017907854169607162
8017 -0.03144560381770134 0.018393099308013916 0.11754520982503891
8018 0.09607730805873871 -0.27735644578933716 0.015418649651110172
8019 0.08502757549285889 -0.2870791256427765 0.10211587697267532
8020 -0.06297082453966141 0.16227664053440094 0.07075376063585281
8021 -0.0647989884018898 0.17640987038612366 0.05461131036281586
8022 -0.06061171740293503 0.36330917477607727 -0.03551964461803436
8023 0.13190625607967377 0.19735080003738403 -0.08948802202939987
8024 0.15468792617321014 0.08340997248888016 -0.005929179955273867
8025 0.037175342440605164 -0.20011268556118011 0.0210712980479002
8026 -0.027293745428323746 -0.307662695646286 -0.024218369275331497
8027 0.14061324298381805 0.010136126540601254 -0.06690889596939087
8028 -0.07645575702190399 0.1346001923084259 0.04166552424430847
8029 -0.03741553798317909 0.2580919563770294 -0.032751891762018204
8030 0.07050822675228119 0.25028419494628906 0.004749974235892296
8031 -0.045149777084589005 0.267246276140213 0.0053519560024142265
8032 -0.13413578271865845 -0.41030025482177734 -0.022395426407456398
8033 -0.10516732186079025 -0.42750483751296997 -0.030191712081432343
8034 0.08418307453393936 -0.022111497819423676 0.08302798122167587
8035 0.040517013520002365 -0.3741999566555023 -0.10613439977169037
8036 -0.05207139626145363 0.4327009916305542 -0.14329513907432556
8037 -0.05752955749630928 0.2256775051355362 0.009512160904705524
8038 -0.1266850382089615 0.22877198457717896 0.03310626372694969
8039 0.15432240068912506 -0.29292774200439453 0.08659090101718903
8040 0.09865261614322662 0.08085636049509048 -0.06555914878845215
8041 -0.1750248670578003 -0.2883686125278473 0.02252134680747986
8042 -0.05650465935468674 0.13655056059360504 -0.106536865234375
8043 0.10250783711671829 -0.15056879818439484 0.047995131462812424
8044 0.04772168770432472 -0.17141717672348022 -0.08829976618289948
8045 0.023682227358222008 -0.4024001359939575 0.06682199984788895
8046 0.03422826528549194 -0.14736948907375336 -0.04786492511630058
8047 -0.11420907825231552 -0.4235590994358063 0.03624233603477478
8048 0.09563694149255753 0.13476382195949554 0.04751322790980339
8049 0.011452837847173214 -0.2761409282684326 -0.029253976419568062
8050 -0.10168634355068207 -0.3907701373100281 -0.016992587596178055
8051 0.025575852021574974 -0.3731563091278076 -0.059466391801834106
8052 0.01753457821905613 0.30107855796813965 -0.005452894605696201
8053 -0.08523911237716675 0.46433308720588684 -0.032533012330532074
8054 -0.04504447802901268 0.3434164524078369 -0.03297189250588417
8055 0.11162498593330383 -0.41016247868537903 -0.13860151171684265
8056 0.12866099178791046 0.19709943234920502 0.0782013013958931
8057 -0.09101777523756027 0.10715759545564651 0.1006188690662384
8058 -0.10154520720243454 0.4800121486186981 -0.08399660140275955
8059 0.015724556520581245 0.3818763196468353 0.0027452625799924135
8060 -0.04223339632153511 -0.23447003960609436 -0.07685643434524536
8061 0.011819594539701939 0.4080730974674225 0.05315205454826355
8062 -0.00741308880969882 -0.4644455909729004 0.08092158287763596
8063 0.02756531722843647 -0.3829854428768158 0.08442666381597519
8064 0.13945233821868896 -0.07797498255968094 0.061211008578538895
8065 -0.0945688784122467 0.33971306681632996 -0.12186583876609802
8066 -0.04626013711094856 0.1105172410607338 0.024649113416671753
8067 -0.1319660097360611 0.429360568523407 0.026163024827837944
8068 -0.042396195232868195 0.046699509024620056 -0.044975750148296356
8069 -0.03777044638991356 0.4428764283657074 0.1465345323085785
8070 0.021160634234547615 -0.11176344752311707 -0.05630193650722504
8071 -0.03467525169253349 0.08837389200925827 0.15678513050079346
8072 -0.036976490169763565 -0.3416571319103241 0.10279804468154907
8073 -0.07294255495071411 0.3086962401866913 -0.004878378938883543
8074 -0.018287627026438713 -0.002991652814671397 -0.1613335758447647
8075 -0.03744592145085335 -0.2921525835990906 -0.12828755378723145
8076 0.136866495013237 0.30775123834609985 0.010512663051486015
8077 -0.078825443983078 0.18619997799396515 0.018592936918139458
8078 -0.09166114032268524 -0.3439822196960449 -0.003002103418111801
8079 -0.053108688443899155 -0.2738666832447052 -0.11560460180044174
8080 0.08473451435565948 -0.2656410038471222 -0.05429236218333244
8081 0.08570662885904312 0.12344013899564743 -0.02339174784719944
8082 0.15756724774837494 -0.06530206650495529 0.08527117222547531
8083 0.04445657879114151 -0.4188818037509918 0.14630582928657532
8084 0.014539656229317188 0.12608590722084045 0.077018141746521
8085 -0.0381319485604763 -0.2942406237125397 0.03072131611406803
8086 -0.10731223970651627 -0.19426411390304565 -0.02197091095149517
8087 0.0914800614118576 -0.4538388252258301 0.10264118760824203
8088 0.02998841367661953 0.02906312420964241 -0.1756824404001236
8089 -0.12437627464532852 -0.37287068367004395 -0.04133742302656174
8090 0.04740775376558304 -0.3556757867336273 -0.04450714960694313
8091 -0.004261975176632404 0.19531406462192535 0.13946570456027985
8092 -0.0374448262155056 -0.13013435900211334 -0.17482231557369232
8093 -0.07768415659666061 -0.2532891035079956 -0.14800594747066498
8094 0.024451270699501038 -0.005246910732239485 0.0701512023806572
8095 -0.1084546446800232 -0.4799267649650574 -0.09989601373672485
8096 -0.16725687682628632 0.01449810154736042 -0.056056778877973557
8097 0.14919383823871613 -0.04473602771759033 0.09505733102560043
8098 -0.1392543613910675 -0.3698229491710663 0.025363033637404442
8099 0.03758914768695831 -0.3605528175830841 0.1355307251214981
8100 -0.01909373328089714 0.26938164234161377 -0.1332104653120041
8101 0.02296670712530613 -0.2934001088142395 0.11688153445720673
8102 -0.15945087373256683 0.16539433598518372 0.08034849166870117
8103 0.11432462185621262 0.36338984966278076 -0.028196552768349648
8104 0.0983533188700676 0.22490853071212769 0.14666178822517395
8105 0.13119065761566162 -0.4490797817707062 -0.09057968854904175
8106 0.09864313900470734 0.4005253314971924 -0.09576140344142914
8107 0.1291816383600235 -0.05438118800520897 0.05209298059344292
8108 -0.07457392662763596 -0.24826477468013763 -0.031242558732628822
8109 -0.08165853470563889 -0.10799068957567215 -0.12152034789323807
8110 0.12385778874158859 0.3564191162586212 -0.01687035709619522
8111 -0.031085429713129997 -0.2661398947238922 0.06758807599544525
8112 -0.04293271154165268 0.19163940846920013 -0.1536196768283844
8113 0.021660227328538895 0.1407959908246994 0.05960499495267868
8114 0.0287990253418684 0.3303821384906769 -0.03858556970953941
8115 -0.039658378809690475 -0.04045339301228523 0.15377217531204224
8116 -0.010145998559892178 -0.0610046349465847 0.046732641756534576
8117 -0.0068594422191381454 -0.44300416111946106 -0.019074076786637306
8118 -0.17492642998695374 -0.3708506226539612 0.04605056717991829
8119 0.04231885075569153 0.23140163719654083 -0.0913386270403862
8120 -0.047365397214889526 -0.14853064715862274 0.06548628956079483
8121 0.019513212144374847 0.4799806475639343 0.0074955555610358715
8122 0.03287823870778084 0.32087036967277527 -0.14111937582492828
8123 -0.040260136127471924 0.13294246792793274 0.006962318904697895
8124 0.009654204361140728 -0.213774636387825 0.14396986365318298
8125 0.026494842022657394 0.38107138872146606 0.04236410930752754
8126 0.013980996794998646 -0.08943187445402145 0.1625726968050003
8127 0.06124031916260719 -0.2575933635234833 0.14934594929218292
8128 -0.1305324286222458 -0.051671527326107025 -0.08211516588926315
8129 0.12072651833295822 -0.0987897664308548 0.017538176849484444
8130 0.12492886930704117 -0.04607371985912323 -0.12502534687519073
8131 0.013029517605900764 -0.4802514612674713 -0.09120164066553116
8132 0.03404653072357178 0.13046933710575104 -0.17589236795902252
8133 0.06339825689792633 0.4805423617362976 -0.0934983417391777
8134 -0.10378091037273407 -0.3731871247291565 -0.031439002603292465
8135 0.07182078808546066 -0.1198991909623146 -0.005243216175585985
8136 0.05363864451646805 -0.18502721190452576 -0.17287056148052216
8137 -0.08545299619436264 0.4834366738796234 0.005723576992750168
8138 0.0072653754614293575 0.19835850596427917 -0.13966253399848938
8139 0.0586300753057003 -0.3754839599132538 -0.03721572458744049
8140 -0.058191366493701935 0.31768471002578735 0.06200125440955162
8141 -0.08929715305566788 -0.4393717348575592 -0.08424001932144165
8142 -0.0006917509017512202 -0.11203248798847198 0.0663967952132225
8143 -0.030924854800105095 -0.4332520365715027 -0.06408781558275223
8144 -0.021069079637527466 -0.3766585886478424 0.04898779094219208
8145 -0.044755060225725174 -0.17677083611488342 -0.040082577615976334
8146 -0.08485659956932068 0.3120042085647583 -0.1336292326450348
8147 -0.02810216136276722 0.14277486503124237 0.025065461173653603
8148 -0.13213394582271576 0.4493766129016876 0.00203942833468318
8149 0.04299182817339897 0.3802998661994934 -0.08998517692089081
8150 -0.03783189505338669 -0.15834717452526093 0.10293680429458618
8151 -0.10405110567808151 -0.14841105043888092 -0.08936886489391327
8152 -0.025599882006645203 0.2196904718875885 0.13674834370613098
8153 0.05305640399456024 0.47538208961486816 0.07044319063425064
8154 0.05230417102575302 0.46602940559387207 0.035025037825107574
8155 0.1234218180179596 0.3688258230686188 -0.05417824909090996
8156 0.05387970060110092 -0.3906823396682739 0.03376622125506401
8157 -0.07739667594432831 -0.33478039503097534 0.051273684948682785
8158 -0.11774791777133942 0.38585808873176575 -0.07164529711008072
8159 0.04261616989970207 -0.13765081763267517 0.11209487169981003
8160 -0.011222900822758675 0.17254607379436493 -0.0508616603910923
8161 -0.004807174205780029 -0.3358869254589081 0.017792172729969025
8162 -0.12820927798748016 -0.4039960503578186 0.010834436863660812
8163 0.05257964879274368 -0.013004851527512074 0.16695654392242432
8164 0.0009436775580979884 0.3894537389278412 -0.0933460220694542
8165 -0.1250460147857666 0.408977210521698 0.001636813161894679
8166 0.10606186836957932 0.03722936660051346 0.052495915442705154
8167 0.05446609854698181 0.04085952416062355 0.01751481182873249
8168 0.05440505966544151 -0.12094644457101822 -0.17311088740825653
8169 0.0358084999024868 0.39212360978126526 0.0878753587603569
8170 -0.060489244759082794 0.0468660406768322 -0.029959701001644135
8171 -0.09426496922969818 0.04173078387975693 0.08984345197677612
8172 -0.052416589111089706 0.2758704125881195 -0.12306860834360123
8173 0.05498366057872772 0.23598794639110565 0.1674720048904419
8174 0.05225745216012001 -0.30674439668655396 -0.049590397626161575
8175 0.09475765377283096 -0.2994767427444458 -0.09622756391763687
8176 -0.05448268726468086 -0.3079237639904022 0.06364511698484421
8177 0.09846576303243637 -0.21036329865455627 0.007342389784753323
8178 -0.1091989129781723 0.1122765839099884 0.01386265642940998
8179 -0.004217713139951229 -0.1925157904624939 -0.10495646297931671
8180 -0.10002513229846954 -0.03760914131999016 -0.11374055594205856
8181 -0.015226157382130623 0.09667761623859406 0.049408890306949615
8182 -0.0019396450370550156 -0.13997168838977814 -0.17854587733745575
8183 -0.07041043788194656 0.3398052155971527 -0.08483269065618515
8184 -0.002798685571178794 -0.3557922840118408 0.009386238642036915
8185 0.0031776425894349813 -0.1676361858844757 -0.14678700268268585
8186 0.17613238096237183 -0.3604562282562256 -0.03634011745452881
8187 0.0834181010723114 -0.26304665207862854 -0.024354256689548492
8188 -0.1469419151544571 -0.44967570900917053 0.016057537868618965
8189 -0.004818377085030079 -0.26329636573791504 0.13199609518051147
8190 0.16263152658939362 0.20722129940986633 0.05974801629781723
8191 -0.10669365525245667 -0.1879471093416214 0.1408427208662033
8192 -0.14357392489910126 0.11688562482595444 -0.10020384192466736
8193 -0.07747542858123779 -0.19937799870967865 0.06421038508415222
8194 -0.07629095017910004 -0.1442800760269165 -0.10596679896116257
8195 0.15099313855171204 -0.13465440273284912 -0.004724550526589155
8196 0.16346068680286407 -0.43643659353256226 -0.07648972421884537
8197 0.023477701470255852 -0.3677573800086975 -0.019402608275413513
8198 0.08734291046857834 0.38759100437164307 -0.10988741368055344
8199 -0.013844292610883713 -0.38463321328163147 -0.13095712661743164
8200 -0.03115096502006054 0.34022849798202515 0.0551626943051815
8201 -0.04281409829854965 -0.38747018575668335 -0.02555171027779579
8202 -0.09522510319948196 -0.15433941781520844 -0.10811034590005875
8203 0.03345640376210213 0.22306859493255615 0.0366031676530838
8204 -0.03595452010631561 -0.18316306173801422 0.017760667949914932
8205 -0.08947161585092545 0.0844126045703888 0.07871056348085403
8206 0.032645080238580704 0.31075775623321533 -0.17529158294200897
8207 -0.13193799555301666 0.18663056194782257 0.12019643187522888
8208 0.1269330531358719 -0.030877040699124336 0.038466084748506546
8209 -0.07953137159347534 0.046491801738739014 0.006605795118957758
8210 -0.021002283319830894 0.08457476645708084 0.0973975658416748
8211 -0.13411882519721985 -0.0296840351074934 -0.005612815730273724
8212 -0.12100756168365479 0.276260644197464 -0.13369813561439514
8213 0.037053920328617096 -0.4208730161190033 -0.0782962292432785
8214 -0.047516413033008575 0.4503706991672516 0.16858632862567902
8215 0.14116045832633972 0.1515122503042221 -0.01655152067542076
8216 -0.1281975954771042 0.04643789678812027 -0.06389643251895905
8217 0.0719432383775711 -0.1888623982667923 -0.050622325390577316
8218 -0.11885616928339005 0.25639939308166504 -0.13227345049381256
8219 -0.09611266851425171 -0.23257851600646973 0.06935247778892517
8220 -0.0040845926851034164 -0.2951697111129761 0.12491324543952942
8221 -0.07692093402147293 0.36098697781562805 -0.04541825130581856
8222 -0.17454785108566284 0.4031221270561218 -0.024024609476327896
8223 -0.056828822940588 0.32411354780197144 -0.09489612281322479
8224 0.02760051190853119 -0.12383069097995758 0.042787376791238785
8225 0.08077332377433777 -0.07231591641902924 0.11077004671096802
8226 -0.14215178787708282 0.4670815169811249 -0.09641151875257492
8227 0.1355438232421875 0.13089269399642944 -0.002733311615884304
8228 0.1439700722694397 -0.11458072811365128 0.03699731454253197
8229 0.00407335115596652 0.26288163661956787 -0.029117045924067497
8230 0.13102401793003082 -0.3743639290332794 -0.12174378335475922
8231 -0.05767913535237312 0.3004876971244812 -0.14213421940803528
8232 0.06870690733194351 -0.4237392842769623 -0.010263594798743725
8233 0.060828797519207 -0.4790990948677063 -0.10850027203559875
8234 0.1553809642791748 0.4530559480190277 -0.09006931632757187
8235 -0.015412723645567894 0.2554520070552826 -0.03866337239742279
8236 -0.14219744503498077 -0.046372704207897186 -0.06353673338890076
8237 0.062401995062828064 0.26289689540863037 0.1700684130191803
8238 0.03110249526798725 -0.43056797981262207 -0.018934696912765503
8239 0.031095683574676514 0.38684070110321045 0.1389032006263733
8240 0.043007805943489075 -0.3631163239479065 -0.025417357683181763
8241 -0.15829505026340485 0.2503626048564911 0.00012976874131709337
8242 0.10543640702962875 -0.37206488847732544 0.1169980987906456
8243 -0.05995253100991249 0.4095459282398224 0.138920396566391
8244 0.067519411444664 0.23254717886447906 0.06376676261425018
8245 0.06836991757154465 -0.06684523075819016 0.044893696904182434
8246 0.0655544176697731 -0.2873510718345642 0.04579947888851166
8247 0.0005699179600924253 -0.312976598739624 0.17853426933288574
8248 -0.12761922180652618 -0.2706148028373718 0.09496553987264633
8249 -0.08332111686468124 -0.06548971682786942 -0.03137585148215294
8250 -0.046623021364212036 0.24210712313652039 0.030594920739531517
8251 -0.01268453523516655 0.10785943269729614 -0.12304973602294922
8252 -0.09995762258768082 -0.36886918544769287 0.09782126545906067
8253 -0.0060048033483326435 -0.4020751118659973 -0.17754711210727692
8254 -0.06431648880243301 -0.04765503853559494 -0.03289984539151192
8255 0.13811329007148743 0.3937211334705353 0.09637798368930817
8256 0.06414531916379929 -0.06407370418310165 -0.001303060445934534
8257 -0.09792841225862503 -0.17434583604335785 0.0024514421820640564
8258 0.17207244038581848 0.16815760731697083 0.04472937062382698
8259 0.1616346687078476 0.041323885321617126 -0.07905972003936768
8260 0.05487588420510292 0.19679485261440277 0.1590638905763626
8261 0.03814762085676193 0.25047239661216736 -0.12716181576251984
8262 -0.02771315909922123 0.19421690702438354 -0.03593087196350098
8263 0.07972515374422073 0.41689592599868774 0.12788493931293488
8264 -0.14339031279087067 -0.31689366698265076 -0.05018634349107742
8265 -0.08668281137943268 0.09207543730735779 0.11927557736635208
8266 0.14217664301395416 0.32230037450790405 -0.02771308273077011
8267 0.013833390548825264 0.46064814925193787 -0.14989133179187775
8268 -0.061300404369831085 0.1242399513721466 -0.14578132331371307
8269 -0.07461945712566376 0.06704264134168625 0.02692318521440029
8270 -0.07118170708417892 -0.4376080632209778 0.08612512052059174
8271 -0.15193036198616028 -0.4532025158405304 -0.03042345680296421
8272 0.03480079397559166 -0.26313069462776184 -0.11730626225471497
8273 0.0812608152627945 0.45452195405960083 -0.0492202527821064
8274 -0.01513668056577444 -0.483903169631958 0.06561486423015594
8275 0.0009951448300853372 -0.24134451150894165 -0.09686940163373947
8276 0.012950552627444267 -0.08262947201728821 -0.13595227897167206
8277 -0.013392692431807518 -0.056913670152425766 0.1491778939962387
8278 -0.021117879077792168 -0.021432703360915184 0.06254737824201584
8279 0.1322924643754959 0.4429115653038025 0.12244725227355957
8280 0.09099964052438736 0.3101502060890198 0.05231305584311485
8281 0.0135616734623909 -0.47870978713035583 0.12077763676643372
8282 -0.054147541522979736 -0.350445955991745 -0.0067658256739377975
8283 -0.0371590219438076 -0.2726479172706604 -0.17563246190547943
8284 -0.05168178677558899 -0.2826806306838989 0.08803510665893555
8285 0.056399211287498474 -0.05589061230421066 0.16629278659820557
8286 0.00863017700612545 0.025122368708252907 0.11899709701538086
8287 0.08883766084909439 -0.08286578953266144 -0.12616819143295288
8288 0.1486448049545288 0.06972574442625046 0.010358428582549095
8289 -0.09659405052661896 0.2151833176612854 0.030688654631376266
8290 -0.1437789499759674 0.09484235942363739 -0.10463086515665054
8291 0.05272442474961281 0.15468665957450867 0.03485620394349098
8292 -0.13318026065826416 0.10902155190706253 0.027544960379600525
8293 -0.11206285655498505 -0.32008010149002075 0.049431364983320236
8294 0.1788168102502823 0.09068375825881958 -0.013920634984970093
8295 0.00275371759198606 -0.01669888198375702 0.040059320628643036
8296 -0.01498910877853632 0.033771030604839325 -0.08925381302833557
8297 0.1541905254125595 0.36967775225639343 -0.021801987662911415
8298 -0.15948310494422913 0.46487122774124146 0.013779311440885067
8299 -0.08428897708654404 -0.2200000286102295 0.006195433437824249
8300 0.09194207936525345 -0.46189218759536743 0.00021654131705872715
8301 -0.06150935962796211 0.4304322302341461 -0.12724913656711578
8302 0.05863679572939873 -0.33517348766326904 -0.08728336542844772
8303 -0.06506931781768799 0.22704629600048065 0.16868291795253754
8304 0.18230566382408142 0.08255600929260254 0.006500066723674536
8305 -0.06858885288238525 -0.3373468220233917 0.0036199358291924
8306 -0.07870582491159439 0.2842538058757782 0.020748566836118698
8307 0.021009931340813637 -0.03611522167921066 0.011256632395088673
8308 0.011867165565490723 0.2706872820854187 0.014843451790511608
8309 0.105645552277565 -0.3263337016105652 -0.08869551122188568
8310 -0.02741783857345581 -0.3500051498413086 -0.01372702419757843
8311 0.01261936780065298 0.10923058539628983 -0.13053923845291138
8312 0.15704567730426788 -0.42919597029685974 0.08380092680454254
8313 -0.05344097316265106 0.4116647243499756 0.15787576138973236
8314 -0.08492805063724518 0.39560607075691223 -0.07886718213558197
8315 0.09227868169546127 0.13917051255702972 0.11172337830066681
8316 0.07252588868141174 -0.20045416057109833 -0.10583417117595673
8317 0.04950913414359093 0.3444106876850128 0.1724075973033905
8318 -0.09403935819864273 -0.2649127244949341 0.1291271597146988
8319 -0.10707539319992065 -0.4097382724285126 -0.1442236304283142
8320 -0.04184839501976967 -0.05378394201397896 -0.011357560753822327
8321 0.046003617346286774 -0.10880343616008759 0.11431819200515747
8322 -0.17344295978546143 -0.3424087464809418 0.03721408545970917
8323 0.07292237877845764 -0.16971105337142944 -0.07300087064504623
8324 0.15081194043159485 0.12812206149101257 0.0650247260928154
8325 0.057900480926036835 0.04370565712451935 0.13484975695610046
8326 0.023508591577410698 0.3637092113494873 0.1772129237651825
8327 -0.05083567649126053 -0.3563644587993622 -0.10399822145700455
8328 0.06253103166818619 0.0053578931838274 -0.03745170682668686
8329 -0.11343317478895187 -0.38153982162475586 -0.1403445154428482
8330 -0.17161141335964203 -0.47793102264404297 -0.005688531789928675
8331 -0.11043223738670349 0.28819742798805237 0.08139612525701523
8332 0.03422112017869949 -0.28470489382743835 -0.06560692936182022
8333 -0.1292862594127655 -0.412507027387619 0.05026443302631378
8334 0.1516021341085434 0.19336684048175812 0.07702545821666718
8335 0.028274860233068466 -0.023001089692115784 0.09565388411283493
8336 0.09057158976793289 0.3219090700149536 -0.07466603815555573
8337 -0.07864498347043991 -0.1634468138217926 -0.1035255491733551
8338 0.11979490518569946 -0.019387630745768547 -0.0716940388083458
8339 -0.017650172114372253 -0.088360495865345 0.12154944986104965
8340 -0.011898431926965714 -0.29206138849258423 0.16325484216213226
8341 0.03650527074933052 0.24346046149730682 -0.026480121538043022
8342 0.07019085437059402 -0.3689519762992859 -0.016662148758769035
8343 0.04754524305462837 -0.013674216344952583 -0.16940973699092865
8344 -0.07142170518636703 0.34488314390182495 0.0834931805729866
8345 -0.010537918657064438 -0.2052258998155594 0.02386781945824623
8346 0.1480327546596527 0.1588115096092224 0.09909576922655106
8347 -0.13513079285621643 0.48172441124916077 -0.08445437252521515
8348 -0.03424765169620514 0.08172987401485443 -0.08812054991722107
8349 -0.10810138285160065 0.035333845764398575 0.017215384170413017
8350 0.031242728233337402 0.234715536236763 0.17341454327106476
8351 -0.07292269170284271 0.2442144900560379 0.014079445973038673
8352 0.07522810250520706 0.24155424535274506 -0.06515564024448395
8353 -0.04376938194036484 0.06019488349556923 -0.09291400015354156
8354 -0.06926900893449783 0.05173986777663231 -0.09262870252132416
8355 -0.005747978109866381 -0.04780787602066994 -0.1787635087966919
8356 0.0556824617087841 -0.11899103224277496 -0.07285460084676743
8357 0.01211046427488327 0.019618457183241844 -0.03129024803638458
8358 -0.12567076086997986 0.20305265486240387 0.054536718875169754
8359 0.130819633603096 0.45374608039855957 0.03518657758831978
8360 -0.04804675653576851 0.45467743277549744 0.01833217404782772
8361 -0.12130995094776154 0.3719746768474579 -0.04738932475447655
8362 0.07977937906980515 -0.0670698881149292 0.08475638926029205
8363 0.005096103996038437 0.16556613147258759 -0.08039773255586624
8364 -0.07398472726345062 -0.07674943655729294 -0.1491154134273529
8365 -0.024753844365477562 0.11760035902261734 0.008511155843734741
8366 0.0526263527572155 -0.30333128571510315 -0.11001227051019669
8367 -0.01002056710422039 -0.3337894082069397 -0.02671932429075241
8368 -0.005575753282755613 0.2342797964811325 -0.18232309818267822
8369 0.036970943212509155 -0.2790273129940033 0.12109128385782242
8370 -0.010804057121276855 -0.4822774827480316 -0.08845563232898712
8371 0.04699765518307686 -0.36924266815185547 0.08897501230239868
8372 0.07540055364370346 0.20281635224819183 -0.0018205576343461871
8373 0.013296617195010185 -0.189000204205513 -0.01394631341099739
8374 -0.028868315741419792 -0.20971901714801788 -0.06914986670017242
8375 0.01685192435979843 0.25075384974479675 0.11952357739210129
8376 -0.02636108361184597 0.4691134989261627 0.10363581776618958
8377 -0.0428561195731163 0.2865026295185089 0.08290261775255203
8378 0.13564909994602203 -0.2610912322998047 -0.008551369421184063
8379 0.08783839643001556 -0.20068596303462982 0.049076322466135025
8380 -0.1265830248594284 -0.23245927691459656 0.05350159481167793
8381 0.12077731639146805 -0.235621377825737 -0.09832289814949036
8382 0.04592842608690262 0.010847697034478188 0.12620969116687775
8383 0.11164503544569016 0.42735227942466736 -0.040313661098480225
8384 0.0004919180646538734 0.06705466657876968 0.10613870620727539
8385 -0.029165297746658325 0.08055676519870758 -0.10958299785852432
8386 0.09918659925460815 -0.2221883237361908 0.04949748143553734
8387 0.1609344184398651 -0.0864589512348175 0.017405811697244644
8388 0.15509216487407684 0.40429195761680603 -0.09165795147418976
8389 0.04932449758052826 -0.3625444769859314 -0.09177140891551971
8390 -0.06352906674146652 -0.37716832756996155 0.12833403050899506
8391 0.07874684780836105 0.19233918190002441 0.04900156706571579
8392 -0.019679922610521317 -0.4076950252056122 0.16093599796295166
8393 -0.1064034104347229 -0.11785057187080383 0.0898275375366211
8394 0.1284956932067871 0.441866010427475 -0.04959992319345474
8395 -0.14611832797527313 0.07813413441181183 0.10331278294324875
8396 0.049453672021627426 -0.15621063113212585 0.00022437960433308035
8397 0.09683118760585785 -0.34325236082077026 0.1508129984140396
8398 0.01252124272286892 -0.06196010112762451 -0.14610782265663147
8399 -0.09852718561887741 -0.2901521921157837 -0.08908601850271225
8400 0.08043726533651352 0.18387487530708313 0.0034798518754541874
8401 -0.09837331622838974 -0.3368268609046936 0.048338793218135834
8402 0.006812566891312599 -0.1750713735818863 -0.17785143852233887
8403 -0.02872665971517563 -0.09719911217689514 -0.16487634181976318
8404 0.01067676953971386 0.29057812690734863 -0.023210858926177025
8405 0.0036110798828303814 0.06320160627365112 -0.12605790793895721
8406 -0.13324952125549316 0.15480515360832214 -0.11874303966760635
8407 -0.10068849474191666 0.3157671391963959 0.0229179784655571
8408 -5.2251893976063e-06 -0.23310446739196777 -0.17390944063663483
8409 0.17099598050117493 -0.09854493290185928 0.048616208136081696
8410 0.07028751820325851 0.3641799986362457 -0.014201831072568893
8411 0.09233255684375763 0.15342821180820465 -0.12966810166835785
8412 0.04773968458175659 0.32496729493141174 -0.09609629958868027
8413 -0.16942083835601807 0.30216363072395325 0.04539373517036438
8414 0.13724003732204437 -0.43484464287757874 0.08878349512815475
8415 -0.08050262928009033 0.11210770905017853 -0.03847726434469223
8416 -0.045283567160367966 0.25464731454849243 0.1418096125125885
8417 0.05289618298411369 0.09586195647716522 -0.17175742983818054
8418 -0.1268821358680725 0.1591416895389557 0.12761162221431732
8419 -0.08799359202384949 0.24548959732055664 0.08474855870008469
8420 0.0886039286851883 0.06089714914560318 -0.07179880887269974
8421 -0.03351990878582001 -0.14191222190856934 0.08367028832435608
8422 0.016329951584339142 0.0751558244228363 0.11820901185274124
8423 0.0637931078672409 -0.14960144460201263 -0.03382634371519089
8424 -0.031871020793914795 -0.24465659260749817 0.04914211854338646
8425 0.12315104901790619 0.12314040213823318 0.08743592351675034
8426 0.03426472097635269 -0.3306296765804291 0.10231239348649979
8427 -0.12735873460769653 -0.48049068450927734 0.0005302100325934589
8428 -0.0870898887515068 0.028508417308330536 -0.11756192147731781
8429 0.048215191811323166 -0.11033715307712555 0.05162201076745987
8430 -0.13685844838619232 -0.47541743516921997 0.03915749862790108
8431 0.0203658826649189 -0.08213146030902863 0.0418732576072216
8432 -0.09893674403429031 0.148146852850914 0.12404948472976685
8433 0.081454336643219 -0.07276127487421036 -0.10383815318346024
8434 -0.06824827194213867 -0.031707439571619034 -0.07754452526569366
8435 0.07166433334350586 -0.3118119537830353 0.15677103400230408
8436 -0.03949457406997681 0.11782737821340561 -0.015248765237629414
8437 0.13388851284980774 -0.23985785245895386 -0.06393919885158539
8438 0.08512207120656967 -0.34438496828079224 -0.08166215568780899
8439 0.0624794103205204 0.05776073783636093 0.05846137925982475
8440 -0.12061822414398193 0.013388954102993011 -0.04414799064397812
8441 -0.09171696752309799 -0.013120392337441444 0.10321902483701706
8442 -0.10821220278739929 -0.24849870800971985 0.08839075267314911
8443 -0.023148007690906525 0.3911890685558319 0.11311101168394089
8444 -0.021434880793094635 -0.17148073017597198 0.14291799068450928
8445 -0.1018756702542305 -0.34586694836616516 0.14160087704658508
8446 -0.09590610861778259 -0.2554819881916046 -0.03500515967607498
8447 -0.09517578780651093 0.40536272525787354 0.02864214777946472
8448 -0.07457657903432846 0.07286964356899261 -0.06333690881729126
8449 0.018275346606969833 -0.2751007080078125 -0.12835095822811127
8450 -0.17310936748981476 0.04617249593138695 0.034157294780015945
8451 -0.048082560300827026 -0.4062342941761017 0.16897590458393097
8452 -0.1150437518954277 0.12177813053131104 -0.09005061537027359
8453 -0.17108073830604553 0.2630435526371002 0.03897830843925476
8454 0.08711283653974533 0.20057325065135956 -0.1564677655696869
8455 -0.06133996695280075 -0.17676697671413422 -0.047434449195861816
8456 -0.0830870047211647 0.23630645871162415 -0.052357595413923264
8457 0.05332036316394806 -0.13683505356311798 0.15094874799251556
8458 -0.057476211339235306 0.005759736057370901 -0.059489671140909195
8459 0.08907724916934967 0.47986096143722534 0.10036108642816544
8460 0.1466955840587616 0.02419925294816494 0.036283936351537704
8461 -0.07905064523220062 -0.07686010748147964 0.08590754121541977
8462 0.006896697450429201 0.03778448700904846 0.13598035275936127
8463 0.027751531451940536 -0.2463524043560028 -0.12986843287944794
8464 0.05623530596494675 -0.16751639544963837 0.03192050755023956
8465 0.08866217732429504 0.06889117509126663 -0.038902346044778824
8466 -0.022216152399778366 -0.11395347863435745 0.060840267688035965
8467 0.11107704043388367 -0.15567943453788757 0.006728751584887505
8468 -0.08328378200531006 -0.4094217121601105 -0.06234435737133026
8469 0.15429216623306274 -0.2997949421405792 0.013432073406875134
8470 0.07494240999221802 0.04571148008108139 -0.03266582265496254
8471 0.05792330950498581 -0.20608823001384735 0.09495554864406586
8472 -0.09943383187055588 0.07733406871557236 0.040257979184389114
8473 0.018639404326677322 -0.39984023571014404 0.12046807259321213
8474 0.12806354463100433 -0.3638056814670563 0.037907663732767105
8475 0.0007522168452851474 0.47796741127967834 -0.029158879071474075
8476 -0.08846484124660492 -0.4487571716308594 0.08043621480464935
8477 0.01604287512600422 0.48232409358024597 -0.1370193064212799
8478 0.03360919654369354 0.18389026820659637 -0.05592720955610275
8479 -0.10054906457662582 -0.43253806233406067 0.12662824988365173
8480 0.08848291635513306 0.24847961962223053 -0.03712053596973419
8481 0.07485021650791168 -0.09366966038942337 0.08404714614152908
8482 0.08822034299373627 -0.15241818130016327 -0.03550899401307106
8483 -0.16214488446712494 0.08924604207277298 -0.07258991152048111
8484 0.07257774472236633 0.32722949981689453 -0.023275285959243774
8485 0.17034785449504852 -0.38126328587532043 0.010036345571279526
8486 -0.06182713806629181 -0.11353334784507751 -0.1409933865070343
8487 0.11610052734613419 0.23403292894363403 -0.10055044293403625
8488 -0.17131024599075317 0.2804717719554901 0.05545959994196892
8489 0.00812581181526184 -0.2999846637248993 -0.1265425980091095
8490 0.13497693836688995 -0.40375396609306335 0.029237523674964905
8491 0.025394616648554802 -0.17917823791503906 0.07888389378786087
8492 0.024001063778996468 -0.41082561016082764 -0.15610267221927643
8493 0.14031848311424255 0.16919775307178497 -0.08444053679704666
8494 0.1756853461265564 -0.024107445031404495 -0.03905755653977394
8495 0.14515668153762817 -0.4636291563510895 0.018503310158848763
8496 0.16984349489212036 -0.15645214915275574 0.057736046612262726
8497 0.17565980553627014 -0.18920232355594635 0.026329336687922478
8498 0.015269989147782326 -0.10113423317670822 -0.07859639078378677
8499 -0.12327006459236145 -0.4772433340549469 -0.07743457704782486
8500 0.08390302211046219 0.07794977724552155 0.11041806638240814
8501 -0.005862441845238209 -0.47820013761520386 -0.12980617582798004
8502 -0.022253304719924927 0.4787367880344391 0.1517571061849594
8503 -0.010056127794086933 -0.03708789870142937 0.002640696009621024
8504 -0.0005621134187094867 -0.08712249249219894 -0.012543213553726673
8505 0.049409959465265274 -0.4276038110256195 0.04983973503112793
8506 -0.15853576362133026 -0.15387974679470062 0.0856974646449089
8507 0.03715068846940994 -0.16594183444976807 0.007758548483252525
8508 0.15966877341270447 -0.0032409285195171833 -0.07984798401594162
8509 -0.08323487639427185 -0.259584903717041 0.16105708479881287
8510 -0.05198800191283226 0.10509201884269714 0.07903923094272614
8511 -0.1204802393913269 -0.12795941531658173 -0.01859774813055992
8512 -0.03537919744849205 -0.3751903176307678 0.1555090695619583
8513 -0.0269443579018116 -0.04497930780053139 -0.03979155793786049
8514 0.1756344437599182 -0.1789560467004776 -0.03792847692966461
8515 -0.06883583217859268 0.0303934458643198 -0.10270705819129944
8516 0.021836422383785248 0.28774118423461914 -0.11913859099149704
8517 -0.06181854382157326 0.13793042302131653 0.002745959209278226
8518 0.014017961919307709 0.1858925223350525 0.07368911057710648
8519 -0.06416027992963791 -0.26717278361320496 0.05880705639719963
8520 0.14625801146030426 -0.12431319057941437 -0.06380147486925125
8521 0.06510341912508011 -0.16265511512756348 -0.015122154727578163
8522 -0.11145669966936111 0.2312319576740265 0.05572972446680069
8523 -0.15262168645858765 0.4832131564617157 0.07986324280500412
8524 -0.1729625165462494 0.05726147070527077 -0.0012420950224623084
8525 -0.019540710374712944 0.29293081164360046 -0.023902688175439835
8526 0.0498385913670063 -0.2347685992717743 -0.0597352497279644
8527 -0.10244861245155334 -0.47446924448013306 0.07043489068746567
8528 -0.08262095600366592 0.3745517134666443 -0.07534826546907425
8529 -0.11801542341709137 -0.39122167229652405 0.11011349409818649
8530 -0.15650087594985962 -0.3556777536869049 -0.08981474488973618
8531 -0.0821671187877655 -0.17769092321395874 -0.1606007218360901
8532 -0.044872477650642395 0.30421581864356995 -0.17719747126102448
8533 -0.10479651391506195 -0.14225608110427856 -0.06115398555994034
8534 0.008257700130343437 -0.07150159031152725 0.1452903300523758
8535 -0.030112458392977715 -0.03331802412867546 0.04470497742295265
8536 0.12133269011974335 -0.013964205048978329 0.10571055859327316
8537 -0.06562721729278564 0.17301684617996216 -0.09898953139781952
8538 -0.15582327544689178 -0.3803447186946869 0.009875820018351078
8539 0.0253777913749218 -0.0035433706361800432 -0.0522511824965477
8540 0.07749204337596893 -0.1839296668767929 -0.09521952271461487
8541 -0.011980563402175903 0.46593591570854187 -0.1550462692975998
8542 -0.07314193248748779 -0.18771953880786896 0.10605143755674362
8543 0.04196368157863617 -0.24674373865127563 -0.00567634915933013
8544 -0.08599726110696793 -0.3138791024684906 -0.09738920629024506
8545 -0.08023539185523987 -0.4353890120983124 -0.13575425744056702
8546 -0.01257030013948679 -0.020669452846050262 -0.14080674946308136
8547 -0.05821700394153595 -0.05382257699966431 0.16689400374889374
8548 -0.09624547511339188 0.2943698763847351 -0.041720304638147354
8549 0.14270158112049103 0.04349097982048988 0.07196954637765884
8550 0.07447648793458939 -0.1569310426712036 0.01585802435874939
8551 0.011967102065682411 0.17492586374282837 0.14500589668750763
8552 0.11172427982091904 0.4076683521270752 -0.034555573016405106
8553 -0.05097311735153198 0.08730323612689972 -0.06469849497079849
8554 -0.15175248682498932 -0.11916638910770416 -0.0989801287651062
8555 -0.09379760175943375 -0.3039427399635315 -0.0012165689840912819
8556 0.11174722015857697 -0.1931801438331604 -0.030486349016427994
8557 -0.11779146641492844 0.4319458305835724 -0.11140327155590057
8558 -0.07398951053619385 -0.47685983777046204 -0.018175803124904633
8559 0.0712520033121109 -0.08491003513336182 -0.13996411859989166
8560 0.06587927788496017 -0.13878373801708221 0.030438167974352837
8561 -0.010278652422130108 0.4791353940963745 -0.00728520518168807
8562 0.07773419469594955 -0.14030146598815918 -0.13129980862140656
8563 0.013951655477285385 0.12553423643112183 0.10249815881252289
8564 -0.0744820386171341 -0.0188483614474535 -0.059090420603752136
8565 -0.03870297223329544 0.34999316930770874 -0.14797115325927734
8566 -0.07602731883525848 0.2846391797065735 0.054034627974033356
8567 0.07272843271493912 -0.24234606325626373 0.11295311152935028
8568 -0.15299385786056519 0.3439328968524933 -0.07337163388729095
8569 -0.020101649686694145 0.1446899175643921 0.05646979808807373
8570 -0.039162199944257736 0.37194785475730896 -0.025271566584706306
8571 -0.1330615133047104 -0.4540228843688965 0.11854510754346848
8572 0.03484851121902466 -0.40736111998558044 0.040688786655664444
8573 -0.10590778291225433 -0.018267318606376648 -0.10286252945661545
8574 0.027876364067196846 -0.4808805584907532 -0.022091958671808243
8575 -0.11415904015302658 -0.40469372272491455 -0.057444266974925995
8576 0.15408752858638763 0.39034849405288696 -0.05185490474104881
8577 -0.04928641393780708 -0.19110961258411407 -0.08177931606769562
8578 0.054360102862119675 0.04437309131026268 -0.01018182747066021
8579 -0.14557737112045288 0.0716676115989685 -0.10485561937093735
8580 -0.05429757013916969 0.17687788605690002 0.014480785466730595
8581 -0.09053970873355865 0.41651809215545654 0.06262456625699997
8582 0.008300506509840488 -0.269657164812088 -0.1584935039281845
8583 -0.025373419746756554 0.4292459189891815 0.16045711934566498
8584 0.17394813895225525 0.43166661262512207 0.026757586747407913
8585 0.1472981870174408 0.16197466850280762 -0.006260168273001909
8586 -0.057555217295885086 -0.13921871781349182 -0.1678730845451355
8587 -0.049386799335479736 0.09679468721151352 -0.16042286157608032
8588 -0.023875754326581955 0.04154278337955475 -0.17869611084461212
8589 -0.15287216007709503 0.26206329464912415 -0.026957260444760323
8590 -0.17181414365768433 -0.45926597714424133 0.04225732386112213
8591 0.09408362209796906 0.02349359728395939 -0.07229896634817123
8592 -0.06855296343564987 -0.02936546877026558 -0.14450180530548096
8593 0.0994129329919815 -0.06379058957099915 -0.09111043810844421
8594 -0.002703228499740362 0.41748106479644775 0.11428018659353256
8595 -0.15596528351306915 0.4185391068458557 0.0860537737607956
8596 -0.13783115148544312 0.14108122885227203 -0.032469917088747025
8597 0.09102005511522293 -0.4821106195449829 0.0466170497238636
8598 -0.019986629486083984 -0.289450466632843 -0.1427893489599228
8599 0.13928820192813873 0.3111390173435211 0.11235494911670685
8600 -0.07328974455595016 0.38969874382019043 0.07281646877527237
8601 -0.15648221969604492 0.0783073902130127 -0.02694011479616165
8602 -0.029564805328845978 0.34293973445892334 0.1599884182214737
8603 0.009353717789053917 0.22440601885318756 -0.017186399549245834
8604 -0.016578327864408493 0.229274183511734 -0.15968884527683258
8605 -0.05251695588231087 0.3027934730052948 -0.023576706647872925
8606 -0.03172365203499794 0.3316601812839508 -0.17522430419921875
8607 0.11284094303846359 0.4430984556674957 -0.014645853079855442
8608 0.11080743372440338 0.4802033007144928 -0.03421840816736221
8609 -0.1716894656419754 -0.15580277144908905 -0.06072322279214859
8610 -0.12467432022094727 0.3238884508609772 0.022193405777215958
8611 0.08229468017816544 0.05974823981523514 -0.11278679966926575
8612 0.038931090384721756 0.4024128019809723 -0.04297517240047455
8613 0.0648999884724617 0.0965469479560852 -0.13169896602630615
8614 -0.05687525495886803 0.09732414782047272 -0.09941501170396805
8615 0.10800501704216003 0.43496111035346985 -0.07106339186429977
8616 -0.02608802169561386 -0.011592560447752476 -0.11551014333963394
8617 0.09322894364595413 0.27581587433815 -0.10014905035495758
8618 0.01145077683031559 -0.13116036355495453 -0.07911210507154465
8619 0.171955868601799 -0.33514389395713806 -0.04215000942349434
8620 -0.043776482343673706 0.4820777177810669 0.01573018915951252
8621 0.06363535672426224 0.37587520480155945 0.16568458080291748
8622 0.08774305880069733 0.43803098797798157 -0.06617283076047897
8623 0.08806165307760239 -0.22624891996383667 -0.016226444393396378
8624 0.04894239082932472 -0.0123508395627141 0.12090571224689484
8625 0.03479082137346268 -0.38651877641677856 0.02436467446386814
8626 0.06649457663297653 0.388222873210907 -0.04766488075256348
8627 0.07591768354177475 -0.15380357205867767 -0.058797772973775864
8628 -0.16498632729053497 0.20608335733413696 -0.07068825513124466
8629 0.0725095272064209 0.29612430930137634 0.0680600181221962
8630 0.14916974306106567 0.4746384918689728 0.00268163182772696
8631 0.07745835930109024 0.03012237884104252 0.08631955087184906
8632 -0.1400221288204193 0.1432420313358307 0.07397063821554184
8633 -0.09476785361766815 -0.18145589530467987 -0.09352197498083115
8634 -0.038233932107686996 0.2954027056694031 0.12416016310453415
8635 0.024450456723570824 -0.45162859559059143 0.1044396385550499
8636 0.09993615001440048 0.25722038745880127 -0.003056084271520376
8637 -0.17451827228069305 -0.15022432804107666 -0.03939611464738846
8638 0.14369934797286987 0.4796510636806488 -0.0419711098074913
8639 0.07819131761789322 -0.3211759328842163 0.08736714720726013
8640 -0.10750505328178406 0.05763966590166092 0.04991386458277702
8641 0.029884440824389458 0.05401498079299927 -0.10001282393932343
8642 -0.11586242914199829 0.01762593723833561 -0.018403884023427963
8643 0.049837931990623474 -0.09454350918531418 -0.025755492970347404
8644 0.10412692278623581 -0.17010904848575592 -0.12370429933071136
8645 0.08191872388124466 -0.16502681374549866 0.07025144249200821
8646 0.008549344725906849 0.2121235877275467 -0.18015716969966888
8647 -0.09346605837345123 -0.05705179646611214 -0.007539549842476845
8648 -0.020982732996344566 0.32771289348602295 0.06893879175186157
8649 0.027797136455774307 0.1643081158399582 0.0646468997001648
8650 0.050041504204273224 -0.48216384649276733 0.06910647451877594
8651 0.07003302872180939 0.08546885848045349 -0.03933754190802574
8652 0.07272443175315857 0.018186205998063087 -0.11599751561880112
8653 -0.09428796172142029 0.009058178402483463 -0.029747864231467247
8654 -0.06435156613588333 0.2648378312587738 -0.05703471601009369
8655 -0.1508917510509491 0.3499627411365509 -0.034099478274583817
8656 -0.06726682186126709 -0.01928544230759144 0.1042846068739891
8657 0.09021110087633133 0.11648358404636383 0.12684734165668488
8658 -0.12415770441293716 -0.07195895910263062 -0.03165489807724953
8659 0.05712141469120979 0.3457146883010864 -0.12163445353507996
8660 -0.07998287677764893 0.0901159793138504 -0.1017930805683136
8661 -0.0773266851902008 -0.033049095422029495 0.0649225264787674
8662 -0.015077870339155197 -0.15184931457042694 0.12591294944286346
8663 0.01615993119776249 -0.3021646738052368 0.05259406194090843
8664 0.04268444702029228 0.0994323343038559 -0.053562358021736145
8665 0.05336441844701767 0.03161010518670082 -0.04669233411550522
8666 -0.15262266993522644 0.41108131408691406 -0.029002653434872627
8667 -0.14131364226341248 0.059935085475444794 0.07157142460346222
8668 -0.11214853078126907 -0.21060946583747864 -0.03771881014108658
8669 0.1557735949754715 0.36130642890930176 0.035602863878011703
8670 -0.05612902715802193 0.4182743430137634 -0.1019166111946106
8671 0.03623545914888382 -0.1072237491607666 0.036047156900167465
8672 0.1372908353805542 -0.0894111916422844 -0.0626448318362236
8673 -0.026986977085471153 -0.010643739253282547 0.17382219433784485
8674 0.0033216725569218397 -0.11547889560461044 -0.024083103984594345
8675 0.0005692783743143082 -0.29678627848625183 -0.04940387234091759
8676 0.051484063267707825 -0.3237929940223694 0.0966583862900734
8677 -0.07303212583065033 0.37280067801475525 0.13825048506259918
8678 -0.07284244894981384 0.19422245025634766 0.0025483788922429085
8679 0.09512823820114136 0.40358519554138184 0.11516032367944717
8680 -0.05472540855407715 -0.001744111068546772 0.11126969754695892
8681 -0.10186368972063065 -0.24024228751659393 -0.12217187881469727
8682 0.0950971394777298 -0.17617735266685486 0.04987742751836777
8683 0.025520235300064087 -0.22679078578948975 -0.06060006096959114
8684 0.02469443716108799 -0.39738646149635315 -0.04327318072319031
8685 0.08760052919387817 -0.04286930710077286 0.0708245113492012
8686 -0.01208589505404234 0.09079489856958389 -0.08791958540678024
8687 0.11324789375066757 0.2560717761516571 -0.1346614956855774
8688 -0.03993557021021843 0.17489655315876007 -0.11570289731025696
8689 -0.016737744212150574 0.11363505572080612 -0.18106168508529663
8690 0.09456730633974075 -0.022615661844611168 -0.09773831814527512
8691 -0.12636417150497437 -0.32927343249320984 -0.045618511736392975
8692 0.009747696109116077 0.0022403572220355272 0.11317502707242966
8693 0.022703303024172783 0.023432783782482147 0.0998942032456398
8694 0.12944182753562927 0.20994329452514648 0.031369052827358246
8695 -0.06756336241960526 0.13612774014472961 0.1069180816411972
8696 -0.14973357319831848 0.45811727643013 -0.047443944960832596
8697 -0.04711836576461792 -0.12876839935779572 0.09929051995277405
8698 0.005443870089948177 0.3859381675720215 -0.1778925359249115
8699 0.03041916713118553 -0.34215736389160156 -0.015887662768363953
8700 -0.03623783588409424 -0.46210649609565735 0.13985204696655273
8701 -0.07109741866588593 0.1397063285112381 -0.05216611176729202
8702 -0.1813420206308365 -0.35169798135757446 -0.0068259406834840775
8703 -0.0024582487531006336 0.07738558948040009 0.15479402244091034
8704 0.15420709550380707 0.47839242219924927 -0.07026400417089462
8705 0.17260247468948364 0.455654114484787 -0.049710310995578766
8706 -0.053126972168684006 0.38366350531578064 0.07051029056310654
8707 0.022129639983177185 -0.3272169232368469 -0.09885916858911514
8708 -0.10117662698030472 -0.40898337960243225 0.1366463452577591
8709 -0.027977775782346725 -0.25943583250045776 0.1552378237247467
8710 -0.14700105786323547 0.329773873090744 0.04984453320503235
8711 0.03942414000630379 0.12270963191986084 -0.08856077492237091
8712 0.16580109298229218 0.15630747377872467 0.06758999824523926
8713 0.02642142027616501 -0.12844301760196686 0.1013907715678215
8714 -0.05492531135678291 0.2259615957736969 0.11563372611999512
8715 0.12788186967372894 -0.4096250832080841 -0.08754005283117294
8716 0.1741638034582138 0.2243676483631134 0.04942503944039345
8717 -0.13617263734340668 -0.2137155681848526 0.047035638242959976
8718 0.00427244370803237 -0.35274413228034973 0.10533157736063004
8719 -0.008596722036600113 0.3627540171146393 -0.12578333914279938
8720 0.04898734763264656 0.16664502024650574 -0.16816487908363342
8721 -0.007245047949254513 0.3130638301372528 -0.04853725805878639
8722 0.03095184825360775 0.21631164848804474 -0.08070400357246399
8723 0.04015446454286575 0.34311443567276 0.06682616472244263
8724 0.02355022169649601 0.10600174963474274 0.0679406002163887
8725 0.1586941033601761 0.16857701539993286 -0.0390828400850296
8726 -0.11928848177194595 0.2737927734851837 0.009482214227318764
8727 0.06528633832931519 0.12529245018959045 -0.04510008916258812
8728 0.03584371507167816 0.08683954179286957 -0.1542903184890747
8729 -0.11237013339996338 0.31958356499671936 0.00951396580785513
8730 -0.16217806935310364 0.19967393577098846 0.028645526617765427
8731 -0.10541002452373505 0.12104249745607376 0.06654493510723114
8732 -0.002162498887628317 -0.033777400851249695 0.08867428451776505
8733 0.10610362142324448 -0.4034263491630554 0.007178217172622681
8734 -0.004214851651340723 0.16092327237129211 -0.10612823069095612
8735 -0.14281465113162994 -0.07766555994749069 0.04370604828000069
8736 0.08548303693532944 -0.40802472829818726 0.015060044825077057
8737 -0.016300715506076813 0.056286007165908813 -0.02710273489356041
8738 0.16855789721012115 0.4014061987400055 0.044536177068948746
8739 -0.056740470230579376 -0.012621652334928513 -0.08376632630825043
8740 0.1103576049208641 0.4821719229221344 -0.0013794020051136613
8741 0.07541578263044357 0.14422635734081268 -0.16180305182933807
8742 -0.05137971416115761 -0.1406160145998001 -0.11700160056352615
8743 -0.051126737147569656 -0.1517617106437683 -0.07224947959184647
8744 0.050388582050800323 0.11284875124692917 0.06567995250225067
8745 -0.00815563090145588 -0.3912321627140045 -0.09728434681892395
8746 -0.09583482891321182 0.0473000705242157 0.1492808610200882
8747 -0.05426216498017311 -0.23550035059452057 -0.02741527557373047
8748 -0.08915707468986511 -0.30864033102989197 -0.06100877746939659
8749 -0.03894677013158798 -0.14973095059394836 0.04453899338841438
8750 -0.03334054723381996 0.3073992133140564 -0.04033929854631424
8751 -0.17617768049240112 0.36324459314346313 -0.01997363567352295
8752 -0.12750667333602905 -0.06723532825708389 0.10853315144777298
8753 -0.048059575259685516 0.4313753545284271 0.05368795245885849
8754 -0.002244402188807726 0.2687123417854309 -0.15248531103134155
8755 -0.046604227274656296 0.24336719512939453 -0.11320202052593231
8756 -0.027082517743110657 -0.32570314407348633 -0.1736035794019699
8757 0.08122184127569199 -0.18204697966575623 -0.02778724581003189
8758 -0.0026913576293736696 0.36297890543937683 0.11394928395748138
8759 0.032054971903562546 -0.01741642691195011 0.16016454994678497
8760 0.12182555347681046 0.08795153349637985 -0.022886767983436584
8761 -0.005462052300572395 0.13864070177078247 0.13663172721862793
8762 -0.029031595215201378 -0.21679902076721191 0.04616127163171768
8763 0.09875810891389847 0.07422853261232376 -0.08728854358196259
8764 -0.10271492600440979 0.24082277715206146 -0.06269869953393936
8765 0.08517333120107651 0.28425467014312744 -0.03480701521039009
8766 0.019385643303394318 0.4681321978569031 -0.17055955529212952
8767 0.012960278429090977 -0.04297737777233124 -0.08109918981790543
8768 0.15417547523975372 0.41989225149154663 -0.035766299813985825
8769 -0.17030997574329376 0.42120450735092163 0.018940741196274757
8770 -0.08300399035215378 0.21687491238117218 0.09549882262945175
8771 -0.165458083152771 -0.23523208498954773 -0.04454939812421799
8772 0.07265762984752655 -0.4497379958629608 0.00841599702835083
8773 0.02587086148560047 0.195221945643425 -0.17750850319862366
8774 -0.000965153391007334 -0.15538038313388824 0.17819860577583313
8775 -0.008056378923356533 0.3650844991207123 0.14212685823440552
8776 -0.0037577853072434664 0.10735403746366501 0.03343191370368004
8777 -0.04490099102258682 0.14461146295070648 -0.015677427873015404
8778 0.05931077525019646 -0.3993365466594696 -0.010235744528472424
8779 0.041337836533784866 0.43232449889183044 -0.10696503520011902
8780 0.08729928731918335 0.08895578980445862 -0.1275213658809662
8781 0.16856075823307037 0.11690183728933334 -0.015087480656802654
8782 -0.058615345507860184 0.35504764318466187 -0.10330962389707565
8783 -0.029406912624835968 -0.14088082313537598 -0.00724892457947135
8784 0.09148269146680832 -0.4510016143321991 -0.08538269251585007
8785 -0.013195781968533993 0.45553189516067505 -0.08362284302711487
8786 -0.07193374633789062 -0.05492788553237915 0.006064401939511299
8787 -0.14893212914466858 0.17199236154556274 0.10151099413633347
8788 0.037500493228435516 -0.4494227170944214 -0.05701449140906334
8789 -0.009108834899961948 0.05640730261802673 0.05147398263216019
8790 -0.15024936199188232 -0.04166590794920921 0.06365647912025452
8791 -0.02114439196884632 -0.3643122911453247 -0.10086626559495926
8792 0.04304138198494911 0.48287147283554077 -0.05072934553027153
8793 -0.06730495393276215 -0.43788209557533264 -0.045426685363054276
8794 0.03505659103393555 -0.04828784614801407 -0.17424379289150238
8795 -0.12214244157075882 -0.08421739190816879 0.09216828644275665
8796 0.00971246138215065 -0.3497677445411682 -0.021403688937425613
8797 0.009621474891901016 0.459688663482666 0.09539874643087387
8798 -0.11273990571498871 -0.016460783779621124 -0.051334790885448456
8799 -0.05780907720327377 -0.00221201847307384 0.052336618304252625
8800 0.04224226623773575 -0.3603706359863281 0.011064850725233555
8801 0.07099202275276184 0.15269124507904053 0.1650044322013855
8802 -0.15441875159740448 -0.23406535387039185 -0.06489500403404236
8803 -0.03625599667429924 -0.07330682873725891 0.014017818495631218
8804 -0.17892172932624817 -0.40773260593414307 0.00993704330176115
8805 0.08830694854259491 0.1265987604856491 -0.15490350127220154
8806 0.09423444420099258 -0.1840910166501999 -0.05651310458779335
8807 0.12959252297878265 0.13630709052085876 -0.12279367446899414
8808 0.011811846867203712 0.28410759568214417 0.10723879933357239
8809 0.03767504543066025 0.1770399510860443 -0.03276120126247406
8810 -0.03991558775305748 0.10167719423770905 0.09508924186229706
8811 0.07608727365732193 0.4048331379890442 0.021769793704152107
8812 -0.07043774425983429 0.16858386993408203 3.051558815059252e-05
8813 0.001267479732632637 -0.13736774027347565 -0.1024915874004364
8814 0.08585472404956818 0.159882053732872 0.01668822206556797
8815 -0.005810077767819166 0.449439138174057 -0.13889676332473755
8816 -0.0637793019413948 0.18233051896095276 0.031337469816207886
8817 0.045393720269203186 0.027198685333132744 -0.168626606464386
8818 0.06781551986932755 0.06477940827608109 0.09698683023452759
8819 0.0744686871767044 0.11003969609737396 0.051431771367788315
8820 -0.16972216963768005 -0.27433449029922485 -0.03699195757508278
8821 -0.03866012021899223 0.25228792428970337 0.003267504507675767
8822 -0.08665572851896286 -0.055567674338817596 0.03198312222957611
8823 0.02194141037762165 -0.1252819150686264 0.17716790735721588
8824 -0.07274160534143448 0.3317776322364807 -0.059058163315057755
8825 -0.10174205154180527 -0.30039742588996887 0.09979334473609924
8826 -0.14664995670318604 -0.14440251886844635 -0.09806235134601593
8827 -0.04212522134184837 -0.22027061879634857 -0.008606204763054848
8828 -0.022640615701675415 0.06446108222007751 -0.15228037536144257
8829 -0.004456782713532448 -0.3275153934955597 0.05883432552218437
8830 0.0410025417804718 0.42153993248939514 0.12960927188396454
8831 0.0725107342004776 -0.09735190868377686 -0.030008697882294655
8832 0.1488087922334671 0.01073485892266035 0.09955841302871704
8833 0.09556715935468674 0.1466471254825592 -0.0016746241599321365
8834 -0.04084708169102669 0.26444491744041443 0.06639838218688965
8835 0.01874842308461666 -0.1958138793706894 0.0976036787033081
8836 0.10169868171215057 0.21673287451267242 -0.07495108246803284
8837 -0.08550192415714264 -0.07653998583555222 -0.12043620645999908
8838 0.03331676498055458 0.11569052934646606 -0.0046945237554609776
8839 0.07689560204744339 -0.12802521884441376 0.08459895849227905
8840 -0.030622024089097977 -0.25987139344215393 -0.1117270216345787
8841 0.06891714781522751 0.20556820929050446 -0.16634398698806763
8842 -0.09517090022563934 0.3169160783290863 0.11913607269525528
8843 -0.13934941589832306 -0.04110699146986008 -0.11415216326713562
8844 0.10282865166664124 0.3306071162223816 0.08827810734510422
8845 -0.01882215403020382 0.1713007539510727 0.023695068433880806
8846 -0.12756001949310303 -0.3278547525405884 0.004164797719568014
8847 0.048997968435287476 -0.23424525558948517 0.16966551542282104
8848 0.11438175290822983 -0.23155824840068817 0.01642363704741001
8849 -0.12759068608283997 0.4747923016548157 0.12015742808580399
8850 -0.05744399502873421 -0.1810631901025772 0.06871215254068375
8851 0.07375611364841461 0.25974178314208984 0.053955692797899246
8852 -0.0868779644370079 -0.12307531386613846 -0.11524274200201035
8853 0.040852613747119904 0.015661397948861122 -0.10277944803237915
8854 0.04758370295166969 0.039004746824502945 -0.1536577194929123
8855 -0.05245398357510567 0.18842841684818268 -0.004577782936394215
8856 0.022822163999080658 0.388775110244751 -0.09043139964342117
8857 0.06282158941030502 0.09388665854930878 -0.10737588256597519
8858 -0.03703983500599861 0.416963130235672 0.11967525631189346
8859 -0.02033137157559395 0.07002604752779007 0.012881352566182613
8860 0.043381962925195694 -0.09248307347297668 0.0734393298625946
8861 -0.051590677350759506 -0.03943575918674469 -0.17135320603847504
8862 0.06658457964658737 -0.2486821711063385 0.07024795562028885
8863 -0.007038961164653301 -0.1644076257944107 0.061985161155462265
8864 -0.01363390777260065 0.17908748984336853 0.1261775940656662
8865 0.024418791756033897 -0.3119840919971466 0.15138117969036102
8866 -0.006591946352273226 0.2814282178878784 0.09616116434335709
8867 -0.09481494873762131 0.19543561339378357 -0.12457913905382156
8868 -0.014338893815875053 0.41004255414009094 -0.17925377190113068
8869 -0.046730056405067444 0.43216121196746826 -0.17317038774490356
8870 0.181731715798378 -0.22484855353832245 0.0096284756436944
8871 0.07697094231843948 -0.4218217134475708 0.03355284407734871
8872 -0.1465088129043579 0.39081329107284546 0.01877138949930668
8873 -0.15616922080516815 0.36554059386253357 0.02584673836827278
8874 0.10584224760532379 -0.3345954120159149 -0.10997562110424042
8875 0.17069871723651886 0.37128782272338867 -0.006624408531934023
8876 0.0035784149076789618 -0.428075909614563 -0.08920720219612122
8877 0.13358107209205627 0.1066184714436531 0.06805790960788727
8878 0.05208925902843475 0.31167495250701904 -0.13384442031383514
8879 0.025976190343499184 -0.05496915802359581 0.1486881673336029
8880 0.033517125993967056 0.15308406949043274 0.02579861879348755
8881 -0.015413050539791584 -0.4483373165130615 -0.17608237266540527
8882 0.02360658533871174 -0.26857998967170715 -0.049738381057977676
8883 -0.10078789293766022 -0.3673701286315918 0.1337895542383194
8884 0.08615252375602722 0.2969842553138733 0.15620721876621246
8885 0.016804270446300507 -0.398226797580719 -0.12471933662891388
8886 0.011166518554091454 -0.14526352286338806 0.048864055424928665
8887 0.10641569644212723 0.28469517827033997 0.04849044233560562
8888 0.1290380358695984 -0.2012985497713089 0.08221946656703949
8889 -0.10023106634616852 -0.2158457189798355 0.09338270872831345
8890 -0.15134428441524506 -0.30414554476737976 -0.0009357648668810725
8891 0.11299262940883636 0.1232067346572876 -0.035157449543476105
8892 -0.031176457181572914 0.032863687723875046 -0.008512215688824654
8893 -0.08035162091255188 -0.4182299077510834 0.05938415601849556
8894 -0.05872184410691261 0.1627551168203354 -0.07206389307975769
8895 -0.07399309426546097 -0.45734861493110657 0.06562360376119614
8896 -0.04083818569779396 -0.24325425922870636 -0.01093912124633789
8897 -0.1103879064321518 -0.04108736664056778 -0.04967872053384781
8898 0.06663233786821365 -0.1334102600812912 -0.1510373204946518
8899 0.025622183457016945 0.3781774938106537 0.11631840467453003
8900 -0.06094018369913101 0.017383519560098648 0.0897296592593193
8901 0.02223789505660534 0.1424434632062912 -0.054432790726423264
8902 0.16500425338745117 0.4694446921348572 -0.002785720629617572
8903 -0.10802730172872543 -0.13898828625679016 0.026963843032717705
8904 -0.011347220279276371 0.36669209599494934 -0.08633880317211151
8905 0.03480206057429314 -0.40494203567504883 0.09303071349859238
8906 -0.0287411380559206 -0.42150530219078064 -0.09762053936719894
8907 -0.03792155534029007 -0.08168691396713257 0.08866597712039948
8908 -0.1788753718137741 0.04066205769777298 -0.024111103266477585
8909 -0.016257500275969505 0.42339545488357544 0.026942014694213867
8910 -0.02244410663843155 0.3409038484096527 -0.1355784386396408
8911 0.04149603843688965 -0.4220871329307556 0.10948889702558517
8912 0.01601315103471279 0.2856270670890808 0.17203746736049652
8913 0.049362096935510635 -0.362134724855423 0.051652878522872925
8914 -0.07227599620819092 0.21893927454948425 0.035064466297626495
8915 -0.08499378710985184 0.11123247444629669 0.008602243848145008
8916 -0.03305678442120552 -0.22446170449256897 -0.15162615478038788
8917 -0.04624681547284126 -0.31324872374534607 -0.007452004123479128
8918 0.1503860205411911 -0.3160790503025055 0.03711815923452377
8919 0.1659802943468094 -0.3383869528770447 0.029464116320014
8920 0.02980516105890274 -0.4386090040206909 0.08159999549388885
8921 0.08159633725881577 0.3696320652961731 -0.08063466101884842
8922 0.05200248211622238 0.04305432364344597 -0.09353557974100113
8923 0.12865598499774933 0.003647117642685771 0.03626537695527077
8924 0.04691029340028763 -0.1793537139892578 -0.0256184134632349
8925 0.1634763926267624 -0.42880457639694214 -0.0074768983758986
8926 -0.08352851122617722 0.4171440303325653 -0.020413341000676155
8927 -0.023550165817141533 -0.12063060700893402 0.1778946816921234
8928 0.1244574710726738 -0.02348668873310089 -0.01601153053343296
8929 -0.04956695809960365 0.11630136519670486 -0.04991496726870537
8930 0.08661957085132599 0.09502365440130234 0.02413233183324337
8931 -0.07157158106565475 0.3501356840133667 -0.016393795609474182
8932 -0.01991201750934124 0.2734883427619934 -0.0542571060359478
8933 0.10752665996551514 -0.39025887846946716 -0.10473635047674179
8934 -0.0725950226187706 -0.3382861912250519 0.10618047416210175
8935 -0.14102007448673248 0.32287222146987915 -0.016460897400975227
8936 -0.003755636513233185 0.13075041770935059 -0.09821002930402756
8937 0.04931090027093887 -0.24376951158046722 -0.09451066702604294
8938 0.16238394379615784 0.407639741897583 -0.051180820912122726
8939 -0.1762828677892685 -0.08232904970645905 -0.005225496832281351
8940 0.1317245364189148 0.22112977504730225 0.00829201377928257
8941 -0.029013194143772125 0.3872603476047516 -0.09137015044689178
8942 -0.15215085446834564 -0.27570611238479614 -0.06188561022281647
8943 0.002593342214822769 -0.042720068246126175 0.13637010753154755
8944 -0.0945046991109848 -0.28200769424438477 -0.12421996891498566
8945 0.17232510447502136 0.09124542027711868 0.05019250512123108
8946 -0.06861287355422974 -0.4336821138858795 0.029081305488944054
8947 0.03578009083867073 0.08557174354791641 0.1526198834180832
8948 -0.006117451470345259 0.3398382067680359 0.04885844513773918
8949 0.06006661057472229 -0.023484081029891968 -0.0025275263469666243
8950 -0.014160018414258957 0.2161380797624588 0.17950576543807983
8951 -0.11930627375841141 0.39609605073928833 0.039175890386104584
8952 -0.029830845072865486 0.1403365135192871 -0.17649762332439423
8953 -0.008603452704846859 -0.104559026658535 -0.003359075402840972
8954 -0.1554507315158844 -0.19279183447360992 0.014703497290611267
8955 0.13136476278305054 -0.2986253499984741 -0.07069705426692963
8956 -0.1108507588505745 0.176815927028656 -0.043101076036691666
8957 -0.016259752213954926 0.34018197655677795 -0.15496577322483063
8958 -0.010369732975959778 -0.001983041176572442 0.1078786551952362
8959 -0.0910019502043724 0.05046410486102104 -0.06770413368940353
8960 0.05244019627571106 0.1458151489496231 0.08132496476173401
8961 -0.00042853193008340895 -0.08242518454790115 -0.09988309442996979
8962 0.023215580731630325 -0.3962002992630005 -0.08727231621742249
8963 0.11384032666683197 -0.4111846685409546 -0.10422579944133759
8964 0.10411828011274338 -0.06314419955015182 -0.14513060450553894
8965 -0.1277955174446106 -0.2493610829114914 0.03785907104611397
8966 -0.10145595669746399 0.06703188270330429 0.06988418847322464
8967 -0.16678020358085632 -0.292492151260376 -0.06665683537721634
8968 0.022666392847895622 -0.21202534437179565 0.1006525531411171
8969 0.08446744084358215 -0.21219857037067413 -0.12970708310604095
8970 -0.04908508434891701 0.15792714059352875 0.002491500461474061
8971 0.10131923854351044 0.1553523689508438 0.1473233699798584
8972 0.13887913525104523 -0.43141934275627136 -0.06583540886640549
8973 0.0768449679017067 0.4376148283481598 -0.09025782346725464
8974 0.08700551092624664 0.4591034948825836 -0.12086518853902817
8975 -0.0013277647085487843 -0.05569031462073326 0.013900240883231163
8976 0.16184119880199432 -0.14790375530719757 0.015483643859624863
8977 0.03843701630830765 0.3167608678340912 -0.010532424785196781
8978 0.1344107836484909 -0.0097005320712924 -0.11244456470012665
8979 0.019381867721676826 -0.15186434984207153 -0.025522086769342422
8980 0.008865900337696075 0.1386924684047699 -0.11126254498958588
8981 -0.1418652981519699 0.3375193774700165 0.00012808764586225152
8982 -0.052163440734148026 0.009131211787462234 -0.03770666942000389
8983 0.12807689607143402 -0.038107823580503464 -0.030210327357053757
8984 0.013446719385683537 0.37032538652420044 -0.12011665105819702
8985 0.1607661098241806 0.38024821877479553 0.04704645276069641
8986 -0.11881847679615021 0.45606574416160583 0.0327528640627861
8987 -0.15613961219787598 -0.13824012875556946 -0.008708291687071323
8988 -0.08337999135255814 -0.29898592829704285 0.10974203050136566
8989 0.06310200691223145 0.27614426612854004 -0.013143818825483322
8990 0.004254497587680817 -0.2629950940608978 -0.08683468401432037
8991 -0.1503719538450241 0.09113285690546036 0.046969860792160034
8992 0.14650556445121765 0.4635544717311859 -0.05633851885795593
8993 -0.10626062750816345 0.4183840751647949 -0.11270252615213394
8994 0.10960827767848969 0.2435707300901413 0.05909828096628189
8995 0.030047765001654625 -0.19388388097286224 -0.027362646535038948
8996 -0.043745215982198715 -0.31453853845596313 -0.041439298540353775
8997 -0.07593005895614624 0.36789223551750183 0.08425924926996231
8998 -0.11821870505809784 0.47049763798713684 -0.021309616044163704
8999 -0.05865302309393883 0.3016228675842285 0.03825487196445465
9000 -0.03743571788072586 -0.08200723677873611 -0.07622464746236801
9001 -0.06736613810062408 0.4622204899787903 -0.11254110187292099
9002 -0.08669649809598923 0.45214855670928955 -0.13027560710906982
9003 -0.07512401044368744 -0.03087262436747551 0.13623832166194916
9004 -0.11799320578575134 -0.3090219795703888 0.0014676183927804232
9005 -0.0835457295179367 0.006237340159714222 0.1127253919839859
9006 -0.013098462484776974 0.08014849573373795 -0.13039074838161469
9007 -0.03874335438013077 0.28741782903671265 -0.05161656066775322
9008 -0.04944191500544548 -0.44736459851264954 0.004798102658241987
9009 -0.09459227323532104 0.16654430329799652 0.10838157683610916
9010 -0.026612918823957443 -0.01929713785648346 0.11411528289318085
9011 -0.12483213096857071 0.28823962807655334 0.04554833844304085
9012 0.12950365245342255 0.13404478132724762 -0.025500018149614334
9013 -0.137542724609375 -0.4038393497467041 -0.08123361319303513
9014 -0.16185839474201202 -0.41726288199424744 -0.07968086749315262
9015 0.14539369940757751 -0.05680066719651222 -0.0035097396466881037
9016 -0.05188512057065964 -0.05153753235936165 0.04089832305908203
9017 -0.06563679128885269 0.30038103461265564 0.07088705897331238
9018 0.06598495692014694 -0.1670123040676117 0.050639569759368896
9019 0.014655239880084991 -0.37349390983581543 0.06757257133722305
9020 -0.016705047339200974 -0.3236190676689148 -0.0028466684743762016
9021 -0.005603278987109661 0.0634249597787857 -0.05709070339798927
9022 0.0654112696647644 0.06397324800491333 -0.08427818864583969
9023 -0.07860584557056427 -0.3006635308265686 0.027759812772274017
9024 -0.0966922864317894 -0.2853010892868042 0.00749078718945384
9025 -0.06342416256666183 0.4440227746963501 -0.02554391883313656
9026 -0.026334211230278015 0.2560318112373352 0.1519295573234558
9027 -0.00925099104642868 0.2707851231098175 0.1349620819091797
9028 -0.06672246009111404 -0.18416817486286163 -0.07070796936750412
9029 0.08433044701814651 -0.37203899025917053 -0.1035296767950058
9030 -0.09100616723299026 -0.31909188628196716 0.023722367361187935
9031 0.1598665565252304 -0.2698862850666046 0.01751689426600933
9032 -0.09756232798099518 -0.22788295149803162 -0.010846294462680817
9033 0.10940203815698624 -0.006388562731444836 -0.019574211910367012
9034 0.10908223688602448 -0.0014258684823289514 -0.06049425154924393
9035 -0.04901482164859772 -0.06504009664058685 -0.07173718512058258
9036 0.12279500812292099 -0.43025562167167664 0.021988188847899437
9037 0.05635019391775131 -0.325870156288147 -0.12478078156709671
9038 0.001378220971673727 0.3571109175682068 0.033731140196323395
9039 -0.05341615155339241 0.14641524851322174 0.06983297318220139
9040 -0.07240451127290726 0.1600281447172165 -0.1307968646287918
9041 0.15964148938655853 -0.3663678467273712 0.08225563168525696
9042 -0.04384469613432884 -0.000392632297007367 -0.07642269879579544
9043 0.18004152178764343 -0.4280204176902771 -0.00039591759559698403
9044 -0.009577575139701366 -0.22584383189678192 -0.12703199684619904
9045 0.07806983590126038 -0.41749414801597595 0.13507619500160217
9046 -0.15503671765327454 -0.21626681089401245 0.007160088513046503
9047 -0.04108509048819542 -0.38267379999160767 -0.04874159395694733
9048 0.10954365134239197 -0.07908955216407776 -0.012961382046341896
9049 0.09269517660140991 -0.3350098133087158 0.10288528352975845
9050 0.01501944288611412 -0.0280867051333189 -0.14594538509845734
9051 -0.0237736776471138 -0.09614343196153641 -0.1000927984714508
9052 -0.03507935255765915 0.05482599884271622 -0.1655057966709137
9053 0.14972200989723206 -0.2730758786201477 -0.04986932873725891
9054 0.16305726766586304 -0.2984766662120819 -0.04839819669723511
9055 0.13389889895915985 -0.3347384035587311 -0.058572594076395035
9056 0.14046071469783783 0.2570083439350128 0.06001577526330948
9057 -0.038137227296829224 0.1457432508468628 -0.1121780201792717
9058 -0.0020187117625027895 0.25626710057258606 -0.09413791447877884
9059 0.006248754914849997 0.3919348418712616 -0.04803191125392914
9060 0.09601570665836334 -0.11475108563899994 0.03230728209018707
9061 -0.1664871871471405 -0.08904994279146194 0.06498095393180847
9062 -0.08344834297895432 -0.2563120722770691 0.09222453832626343
9063 -0.06668244302272797 -0.3775077164173126 -0.07313752174377441
9064 0.17603735625743866 0.37795785069465637 0.032729391008615494
9065 0.09114570915699005 -0.4800519049167633 0.11312765628099442
9066 0.02427353896200657 0.3480970561504364 -0.0916261300444603
9067 0.01795876771211624 0.2912693917751312 -0.17815661430358887
9068 0.009707863442599773 -0.32406947016716003 0.08092879503965378
9069 0.058239422738552094 0.2417955994606018 -0.17046532034873962
9070 -0.004366751294583082 -0.3203884959220886 -0.12028856575489044
9071 0.021516134962439537 0.24189861118793488 0.05387408658862114
9072 0.07042393833398819 0.19706621766090393 0.08570227026939392
9073 0.006747621111571789 -0.17991513013839722 0.14822648465633392
9074 0.012135082855820656 0.4791320860385895 0.0576825812458992
9075 -0.10055481642484665 -0.39073434472084045 0.03590918332338333
9076 -0.06996291875839233 0.25422000885009766 -0.151125967502594
9077 0.06548061966896057 -0.29513829946517944 0.13838425278663635
9078 -0.048120900988578796 -0.07447647303342819 -0.005081226117908955
9079 0.11415986716747284 -0.0949256494641304 0.10101760178804398
9080 0.15310852229595184 -0.12199658155441284 0.08906877785921097
9081 0.002251126104965806 0.056356366723775864 -0.16435515880584717
9082 0.15132272243499756 -0.05120226740837097 0.06079147756099701
9083 0.1184731051325798 0.06015830487012863 0.09404940158128738
9084 -0.03730977326631546 -0.42326220870018005 -0.029606882482767105
9085 -0.06481119990348816 0.25955483317375183 0.1139802560210228
9086 -0.0517389178276062 -0.12612177431583405 -0.07632389664649963
9087 0.007432089652866125 0.18665166199207306 -0.09106571972370148
9088 0.01718158647418022 0.2257721722126007 -0.1051420196890831
9089 -0.01008532103151083 0.37848126888275146 0.014376549050211906
9090 0.03323883190751076 0.2108450084924698 -0.11339107900857925
9091 -0.012405110523104668 -0.269065260887146 0.0413675382733345
9092 -0.021722236648201942 0.0067894901148974895 -0.03784453868865967
9093 0.03510897234082222 -0.2800471782684326 -0.10274237394332886
9094 -0.009624243713915348 0.2955271005630493 -0.15277163684368134
9095 0.06853882968425751 -0.2513454556465149 -0.08744560927152634
9096 -0.030408313497900963 -0.16788439452648163 -0.06616011261940002
9097 0.08420753479003906 -0.3581904470920563 -0.04174381121993065
9098 -0.057514339685440063 0.17661148309707642 -0.11432308703660965
9099 0.04023310914635658 0.15882942080497742 -0.021367492154240608
9100 0.13510286808013916 0.04355897754430771 -0.08669957518577576
9101 -0.03919462487101555 0.298613965511322 -0.10674930363893509
9102 -0.05704820901155472 0.39217114448547363 -0.12119857221841812
9103 0.027197783812880516 0.3268994688987732 -0.17351633310317993
9104 -0.15874147415161133 0.2999051809310913 -0.08318302035331726
9105 0.081446573138237 -0.4587796926498413 0.1277291178703308
9106 0.13679420948028564 0.4169309139251709 0.044526636600494385
9107 0.026995588093996048 0.1715153008699417 0.11005654186010361
9108 0.024324046447873116 0.15998537838459015 0.12996941804885864
9109 0.006028333213180304 -0.27540111541748047 0.0690874233841896
9110 0.08545515686273575 -0.41153573989868164 0.09312735497951508
9111 -0.1781589686870575 -0.08127887547016144 0.029729457572102547
9112 -0.0929054319858551 -0.19962303340435028 0.00947930384427309
9113 -0.003994970116764307 0.07814563810825348 0.05749513953924179
9114 -0.08064526319503784 -0.14088094234466553 0.0011631656670942903
9115 0.06717772781848907 -0.34910091757774353 -0.05424375832080841
9116 -0.10974474251270294 0.02565806731581688 0.03435913473367691
9117 -0.034442923963069916 0.435981422662735 0.023048795759677887
9118 -0.06482357531785965 -0.4189845621585846 -0.08596444875001907
9119 0.04971686750650406 0.4095801115036011 0.08509151637554169
9120 0.0818461924791336 0.33754658699035645 0.006543934345245361
9121 -0.027761802077293396 -0.2608098089694977 -0.04213957488536835
9122 -0.07013575732707977 -0.2730444669723511 0.157922625541687
9123 -0.049899619072675705 0.019860578700900078 0.03142455965280533
9124 -0.027547849342226982 0.1328887939453125 0.11194080859422684
9125 -0.09922736883163452 0.37189948558807373 0.09893200546503067
9126 -0.03487524390220642 -0.14639019966125488 -0.058783236891031265
9127 -0.17727556824684143 -0.18449975550174713 0.026805823668837547
9128 -0.1603269726037979 -0.11652636528015137 0.008574560284614563
9129 -0.0021556334104388952 -0.3067440986633301 -0.007416028529405594
9130 0.048259079456329346 0.00598496338352561 -0.1488490104675293
9131 0.06257717311382294 -0.016350157558918 -0.1416769176721573
9132 0.11539601534605026 -0.41821226477622986 -0.026620915159583092
9133 -0.03703143447637558 -0.14530198276042938 0.12458693236112595
9134 0.05768154561519623 0.27908024191856384 -0.09801722317934036
9135 0.07098005712032318 0.4660694897174835 0.03677412495017052
9136 0.0342620387673378 -0.16668276488780975 0.0954049602150917
9137 -0.003014327259734273 0.020937524735927582 -0.14870034158229828
9138 0.08306568115949631 0.2943515181541443 0.007260897196829319
9139 0.12155089527368546 -0.08878111094236374 -0.10639198869466782
9140 -0.1506592035293579 0.019578035920858383 -0.04132068529725075
9141 0.03501780331134796 -0.3079483211040497 -0.06498345732688904
9142 0.041900672018527985 0.14974184334278107 0.14691117405891418
9143 0.04909585788846016 0.3273724317550659 0.1460898369550705
9144 -0.0033595666754990816 -0.10648933798074722 -0.1782734990119934
9145 -0.050488051027059555 -0.23255471885204315 0.028049936518073082
9146 0.09223958104848862 -0.26608264446258545 -0.12012545019388199
9147 0.08136811852455139 -0.24429991841316223 -0.11947023868560791
9148 0.10931479930877686 0.27065014839172363 0.06980934739112854
9149 -0.012940372340381145 -0.003716113744303584 0.051777612417936325
9150 0.1266498565673828 0.19430458545684814 0.002415460767224431
9151 0.050239864736795425 -0.035218194127082825 -0.16458065807819366
9152 0.10718482732772827 0.2794312536716461 -0.06695529073476791
9153 -0.03975915536284447 -0.20567351579666138 -0.11960975080728531
9154 -0.06176166981458664 -0.2148202359676361 -0.10943195223808289
9155 -0.06670945882797241 0.4816291034221649 0.09671927243471146
9156 0.05285996198654175 -0.3182194232940674 0.02064603939652443
9157 0.06536375731229782 -0.047711994498968124 -0.08720099180936813
9158 -0.08024495095014572 0.010114369913935661 0.05216483026742935
9159 0.06539937853813171 -0.42560744285583496 -0.05249190330505371
9160 -0.06583230942487717 0.32525840401649475 -0.024735668674111366
9161 0.12409623712301254 0.1360289752483368 -0.09804211556911469
9162 0.10454629361629486 -0.37908682227134705 0.031311627477407455
9163 -0.0603119432926178 0.31344351172447205 -0.11356019973754883
9164 0.07525131106376648 -0.3945779502391815 0.054696857929229736
9165 -0.008328763768076897 -0.13795532286167145 0.1532607227563858
9166 -0.0047871326096355915 0.1970643252134323 -0.01313339825719595
9167 0.12261247634887695 -0.4321713149547577 -0.012917978689074516
9168 0.08360942453145981 -0.11225035041570663 0.06211673840880394
9169 -0.06032208725810051 0.28420013189315796 0.07896006107330322
9170 -0.06239110603928566 -0.3099173903465271 -0.07045046985149384
9171 -0.14038242399692535 -0.17447255551815033 -0.0571327805519104
9172 0.13216930627822876 0.10318411141633987 -0.05875106528401375
9173 -0.0940462127327919 -0.0007807697984389961 0.08500518649816513
9174 -0.07371718436479568 -0.16117021441459656 0.02127145603299141
9175 0.017299894243478775 -0.17789125442504883 0.03763062134385109
9176 0.07716422528028488 0.38482099771499634 0.00047544960398226976
9177 -0.05754264444112778 -0.059991467744112015 0.14087313413619995
9178 0.045203398913145065 -0.050346698611974716 0.11207640916109085
9179 -0.04733875021338463 0.27580514550209045 0.114040806889534
9180 -0.1097560003399849 0.25209328532218933 -0.02249734289944172
9181 0.09963799268007278 0.03001178801059723 -0.09541540592908859
9182 -0.024270590394735336 0.30975794792175293 -0.10711973160505295
9183 0.07750029116868973 0.22657658159732819 0.03128344565629959
9184 -0.0866362527012825 -0.165316641330719 0.03830202668905258
9185 0.11160678416490555 -0.056136541068553925 0.029075289145112038
9186 0.13607054948806763 0.28092268109321594 -0.1135646179318428
9187 -0.019369274377822876 0.40453505516052246 0.06730952858924866
9188 0.1181524246931076 0.14889119565486908 -0.05175026133656502
9189 -0.031592678278684616 -0.018031984567642212 -0.06434904038906097
9190 -0.07405440509319305 -0.3438289761543274 -0.04499828442931175
9191 -0.07257073372602463 -0.24921251833438873 -0.08113314211368561
9192 0.0005613525863736868 -0.2052607387304306 0.10956362634897232
9193 0.018918821588158607 0.4623485803604126 0.13514795899391174
9194 0.011240802705287933 -0.352653831243515 0.059104472398757935
9195 -0.054400671273469925 0.44151002168655396 -0.010323326103389263
9196 0.0139557383954525 0.45670780539512634 0.07323705404996872
9197 0.17567303776741028 -0.2821120619773865 -0.04363403841853142
9198 0.10478883981704712 0.24087287485599518 -0.056139979511499405
9199 0.004126707091927528 0.18703128397464752 -0.11408066004514694
9200 0.04659423977136612 -0.2908337414264679 0.06266588717699051
9201 -0.06761720776557922 0.23437191545963287 -0.027848556637763977
9202 -0.10196530073881149 0.09550412744283676 -0.11027073860168457
9203 0.003686683252453804 -0.4161023795604706 -0.07567395269870758
9204 -0.06588158011436462 0.21845106780529022 -0.1523456871509552
9205 0.1264158934354782 0.391450434923172 -0.03463982045650482
9206 -0.07887069880962372 0.10424523800611496 0.13935507833957672
9207 -0.15677443146705627 0.12619508802890778 0.039176199585199356
9208 0.10359129309654236 0.05948736146092415 0.018514622002840042
9209 0.008385707624256611 0.27518391609191895 -0.10728717595338821
9210 -0.07561732083559036 -0.09341603517532349 0.16040147840976715
9211 -0.05858450382947922 -0.2825164496898651 -0.01064391154795885
9212 0.10873477160930634 0.46327704191207886 0.03018375299870968
9213 -0.03299865126609802 0.3936954438686371 -0.06962592899799347
9214 -0.08278150111436844 0.28540244698524475 0.099097840487957
9215 -0.021862080320715904 0.3354794383049011 0.03127732872962952
9216 0.0529150553047657 0.08307401835918427 -0.01856779120862484
9217 -0.02378365956246853 0.38297003507614136 -0.14573517441749573
9218 0.060968536883592606 -0.4553004801273346 0.09237482398748398
9219 -0.11283218115568161 0.3115827441215515 -0.01296293642371893
9220 -0.021028360351920128 0.22698400914669037 -0.016987575218081474
9221 -0.04526431858539581 -0.12122610211372375 -0.1273331493139267
9222 -0.16048386693000793 0.1485959142446518 -0.08303346484899521
9223 0.07331956923007965 0.10072333365678787 0.011221210472285748
9224 -0.09339746832847595 -0.3980516791343689 -0.036869823932647705
9225 0.037365760654211044 0.06403439491987228 -0.0704188123345375
9226 0.024025704711675644 -0.07840926200151443 -0.08287445455789566
9227 0.056898340582847595 0.3840411305427551 0.05704870447516441
9228 0.17386536300182343 -0.31356945633888245 0.025419168174266815
9229 0.06263904273509979 -0.4238886535167694 0.07574077695608139
9230 -0.017040366306900978 0.17013271152973175 0.06284496933221817
9231 -0.1208740845322609 -0.12202095985412598 -0.05919642373919487
9232 -0.11564968526363373 -0.10500902682542801 -0.0789596438407898
9233 0.0517212338745594 -0.42780277132987976 -0.12181182205677032
9234 0.07483837008476257 -0.24418140947818756 0.16356097161769867
9235 -0.014730004593729973 -0.18398793041706085 0.0748475193977356
9236 -0.11634416878223419 0.2725241482257843 -0.03855034336447716
9237 -0.1349090039730072 -0.43367281556129456 -0.08165016770362854
9238 0.14603191614151 0.20994386076927185 0.1052856370806694
9239 -0.023683469742536545 0.07573233544826508 0.14734342694282532
9240 -0.057498518377542496 -0.24935603141784668 0.004119786899536848
9241 0.022648857906460762 -0.1483757197856903 -0.15084098279476166
9242 0.1041189506649971 0.01586373895406723 0.11732770502567291
9243 -0.0655326321721077 -0.19956311583518982 -0.13870470225811005
9244 0.11526106297969818 0.00622947933152318 0.1363046020269394
9245 -0.051374487578868866 -0.019077857956290245 -0.01920584961771965
9246 0.0007022987119853497 -0.0769614428281784 -0.043159980326890945
9247 0.16805672645568848 -0.3334711790084839 -0.00018065613403450698
9248 -0.010211394168436527 -0.16637827455997467 -0.07506194710731506
9249 0.038796767592430115 0.06647870689630508 0.14141283929347992
9250 0.02743804268538952 0.30260273814201355 0.07460573315620422
9251 -0.03730379045009613 -0.1822396218776703 -0.1471179723739624
9252 0.03000548668205738 0.317561537027359 0.05386143922805786
9253 -0.06496971100568771 0.03308706358075142 0.07561293244361877
9254 -0.05453655496239662 -0.046536900103092194 0.11481992155313492
9255 -0.02686055563390255 0.08993038535118103 -0.04208441078662872
9256 -0.13782250881195068 0.3428627550601959 -0.11593301594257355
9257 -0.05067719891667366 -0.46399280428886414 -0.12865296006202698
9258 0.17660067975521088 -0.44067245721817017 0.03220704197883606
9259 -0.030424900352954865 -0.16323021054267883 0.1760447919368744
9260 -0.04516661539673805 -0.381917804479599 -0.13004904985427856
9261 -0.09282121062278748 0.22987866401672363 0.11250457167625427
9262 0.03570868819952011 -0.41949599981307983 0.02165749855339527
9263 0.07517052441835403 0.2957638204097748 0.04588797688484192
9264 -0.08213068544864655 0.00589391402900219 0.13541948795318604
9265 0.042972248047590256 0.07971414923667908 -0.0586802139878273
9266 0.03492008149623871 -0.025211922824382782 -0.16261465847492218
9267 0.08170606195926666 0.22813290357589722 0.006786347832530737
9268 -0.0358237624168396 -0.28205162286758423 0.10071510821580887
9269 0.05282110720872879 -0.4019041061401367 0.05353248119354248
9270 0.004204480443149805 -0.06999130547046661 0.03176248073577881
9271 0.07049388438463211 0.0834994986653328 0.05135468766093254
9272 -0.025056978687644005 -0.2302730679512024 0.057039838284254074
9273 0.06400792300701141 -0.36157017946243286 -0.1249089315533638
9274 0.0924544632434845 -0.34886252880096436 -0.060685787349939346
9275 -0.06055872142314911 0.12074770033359528 -0.08922481536865234
9276 -0.11594975739717484 -0.04560103639960289 -0.0968872457742691
9277 0.010397165082395077 -0.3294433355331421 -0.00514173461124301
9278 0.018314175307750702 -0.07819674909114838 0.0637909471988678
9279 0.001765113091096282 0.2683272063732147 0.11708644777536392
9280 0.1489599496126175 0.20159487426280975 0.09121919423341751
9281 0.035631272941827774 0.19991207122802734 -0.08909663558006287
9282 -0.0562392957508564 -0.1742686927318573 -0.16929523646831512
9283 -0.08470539003610611 0.039813317358493805 -0.04931114986538887
9284 0.11713577061891556 -0.2470531463623047 -0.1353994756937027
9285 0.17288318276405334 0.43511974811553955 0.047882746905088425
9286 0.10971564054489136 -0.1806425303220749 0.10695289820432663
9287 0.08759143203496933 -0.46885690093040466 -0.07427648454904556
9288 -0.004182242322713137 0.07607448846101761 -0.1697695255279541
9289 -0.1766834259033203 0.25811704993247986 -0.029848488047719002
9290 -0.08593042939901352 0.09506430476903915 0.05301756411790848
9291 0.0020910759922116995 0.35602495074272156 0.052126288414001465
9292 -0.05929411202669144 0.10426963865756989 0.1425960659980774
9293 0.015435585752129555 0.12139862775802612 0.057049091905355453
9294 -0.010993926785886288 0.24593812227249146 0.14693167805671692
9295 0.17851343750953674 0.36912795901298523 -0.02634311094880104
9296 -0.13154835999011993 -0.1390286237001419 0.024926060810685158
9297 0.11772101372480392 -0.37200063467025757 -0.04350942745804787
9298 0.01623186096549034 -0.08210467547178268 0.02325309067964554
9299 -0.14463308453559875 -0.33283862471580505 0.025516340509057045
9300 0.15099403262138367 -0.08008800446987152 -0.06087222322821617
9301 0.043055713176727295 0.095513716340065 0.03015921078622341
9302 0.040093403309583664 0.2237710952758789 -0.008220109157264233
9303 -0.07754993438720703 -0.2419014275074005 0.09984702616930008
9304 -0.03278343752026558 -0.24068886041641235 -0.11337486654520035
9305 0.10293015837669373 -0.1450209617614746 0.07811319828033447
9306 -0.07161793112754822 -0.3917234539985657 -0.05741624906659126
9307 -0.059247635304927826 -0.295755535364151 0.01511774305254221
9308 -0.012240155600011349 -0.2944590151309967 0.09207111597061157
9309 0.04002034664154053 -0.17894642055034637 -0.12067253887653351
9310 0.07316479831933975 -0.22663356363773346 0.022646481171250343
9311 -0.08651715517044067 -0.3482724130153656 0.1262274831533432
9312 0.11140884459018707 -0.4161888360977173 0.10480846464633942
9313 -0.13867798447608948 -0.38851022720336914 0.004496466368436813
9314 -0.006754046771675348 0.38868144154548645 0.13774937391281128
9315 0.0771133154630661 0.3377775251865387 0.11229497939348221
9316 -0.11014077812433243 -0.20827904343605042 0.1083427220582962
9317 0.0472443513572216 0.29377061128616333 -0.0851559042930603
9318 -0.11571367084980011 0.4617861211299896 -0.13883660733699799
9319 -0.03926384821534157 -0.11112913489341736 0.08311650156974792
9320 -0.08018452674150467 -0.41448819637298584 0.012021050788462162
9321 0.107679583132267 -0.4075181186199188 -0.059654224663972855
9322 0.12412084639072418 -0.41583073139190674 -0.010317815467715263
9323 -0.032158151268959045 -0.00023337322636507452 0.10901908576488495
9324 -0.09562739729881287 -0.08036904036998749 -0.04967839643359184
9325 0.12157764285802841 0.14801377058029175 0.04670384153723717
9326 -0.12475919723510742 0.18695418536663055 0.080982506275177
9327 -0.041581958532333374 0.11554019153118134 0.04585723951458931
9328 -0.10344989597797394 0.3408314287662506 -0.14718689024448395
9329 -0.08440469205379486 -0.19011752307415009 0.0418713353574276
9330 0.018998131155967712 -0.07818539440631866 -0.11191713064908981
9331 -0.0197803545743227 0.1387038230895996 0.005607385654002428
9332 -0.1023612841963768 -0.05386417359113693 0.08687076717615128
9333 -0.142912819981575 -0.15266458690166473 0.00897667184472084
9334 -0.03531407564878464 -0.1777896136045456 0.06865642964839935
9335 0.10721708089113235 -0.02388879656791687 0.049037639051675797
9336 -0.031111080199480057 0.09268508851528168 -0.021563490852713585
9337 0.03474898263812065 0.09484867751598358 0.13266326487064362
9338 0.06261740624904633 -0.03379593789577484 -0.03025152161717415
9339 0.1181676909327507 0.049768321216106415 -0.10120251029729843
9340 0.06785757094621658 -0.03239572420716286 0.10051234066486359
9341 -0.07595951110124588 -0.1445993185043335 0.033986255526542664
9342 -0.004296228289604187 -0.10366667807102203 0.09489579498767853
9343 0.10596971213817596 0.40053385496139526 0.05247487500309944
9344 0.07644433528184891 0.4099859297275543 -0.09391054511070251
9345 -0.04227307811379433 0.06764055043458939 0.003417556406930089
9346 0.07136692106723785 -0.023541400209069252 0.03824584558606148
9347 0.006097633857280016 0.3198552131652832 -0.11908642947673798
9348 -0.09221915900707245 -0.4125075042247772 -0.01988811418414116
9349 -0.09100610017776489 0.36161673069000244 -0.012229546904563904
9350 -0.09406482428312302 0.04892471805214882 0.06305141001939774
9351 -0.06870919466018677 -0.12233440577983856 -0.039220180362463
9352 -0.07643385976552963 -0.135790154337883 0.09028299897909164
9353 -0.07698298990726471 0.3194888234138489 0.04233318194746971
9354 0.004477443173527718 -0.1018557921051979 -0.11695690453052521
9355 -0.04262633994221687 -0.21425595879554749 0.08964995294809341
9356 -0.06925511360168457 -0.27092570066452026 0.015372336842119694
9357 -0.033306822180747986 -0.22777576744556427 0.17733271420001984
9358 0.12439102679491043 0.18412156403064728 0.0889628529548645
9359 -0.026252472773194313 0.1057223379611969 0.12066685408353806
9360 -0.05169379711151123 0.02946178801357746 -0.07338991016149521
9361 0.09035180509090424 0.002635244745761156 -0.0016817994182929397
9362 -0.03693004697561264 -0.3764926493167877 0.02563656121492386
9363 0.10026217252016068 0.16404680907726288 0.07959432154893875
9364 -0.025572646409273148 -0.394706130027771 0.03485566005110741
9365 -0.11033667623996735 0.078497014939785 -0.14205902814865112
9366 0.004543846007436514 0.2930278778076172 0.06811632215976715
9367 0.16192050278186798 -0.1790711134672165 -0.0756227895617485
9368 -0.015066619031131268 0.45023083686828613 -0.05578366294503212
9369 0.02352769486606121 0.43437719345092773 -0.05904867500066757
9370 -0.07395981252193451 -0.2151762843132019 0.09376002103090286
9371 -0.031242340803146362 -0.22578579187393188 0.13855740427970886
9372 -0.03622438758611679 -0.020464617758989334 -0.031285256147384644
9373 0.02273881621658802 -0.09109864383935928 0.1034502312541008
9374 -0.021687809377908707 -0.2114783227443695 0.12684282660484314
9375 0.02610565349459648 -0.061029043048620224 0.10761420428752899
9376 -0.04033394157886505 0.3000865876674652 0.05296088010072708
9377 -0.10706900805234909 0.18500958383083344 -0.10819946974515915
9378 0.04242328926920891 0.43229302763938904 -0.046456366777420044
9379 -0.15413539111614227 -0.0067497254349291325 -0.019175821915268898
9380 0.08900441974401474 -0.11054844409227371 -0.1559695154428482
9381 -0.040810663253068924 -0.11453688889741898 -0.01629926636815071
9382 -0.15571251511573792 -0.13894818723201752 0.024000773206353188
9383 0.11826097965240479 0.2462286651134491 0.10998790711164474
9384 0.15310777723789215 -0.13781405985355377 -0.07978548854589462
9385 0.05526353418827057 -0.1923927366733551 -0.07281864434480667
9386 0.15741413831710815 -0.31732460856437683 -0.007537714205682278
9387 -0.12678036093711853 0.20165930688381195 -0.006166993640363216
9388 0.12705348432064056 -0.3423842191696167 -0.01031480636447668
9389 -0.006146707572042942 0.3320465087890625 0.10926833748817444
9390 -0.13893242180347443 -0.16253291070461273 -0.03089466318488121
9391 0.07741299271583557 -0.021202705800533295 -0.019821511581540108
9392 0.05119527503848076 -0.17536096274852753 0.10128268599510193
9393 0.0018235045718029141 -0.241573303937912 0.059491902589797974
9394 0.0027891965582966805 -0.24052022397518158 -0.044850222766399384
9395 -0.05689142271876335 -0.07632338255643845 0.013751148246228695
9396 0.13164882361888885 -0.24794632196426392 0.034605324268341064
9397 0.05685818940401077 -0.22907106578350067 -0.03684793412685394
9398 -0.046876195818185806 -0.33162572979927063 -0.15123191475868225
9399 -0.01721644587814808 -0.2738257944583893 -0.00017630330694373697
9400 -0.061699122190475464 -0.24631236493587494 0.04740137606859207
9401 -0.11332317441701889 -0.1773778647184372 0.10418915748596191
9402 -0.07516481727361679 -0.0023158935364335775 -0.11433636397123337
9403 -0.114251047372818 0.21550340950489044 -0.005970872472971678
9404 0.020183848217129707 -0.1766282320022583 -0.1125168427824974
9405 0.021418483927845955 0.206451877951622 -0.05270422250032425
9406 0.039995528757572174 0.2337748408317566 0.07517200708389282
9407 0.06475334614515305 -0.06116334721446037 0.05997166410088539
9408 0.1510757952928543 -0.34155988693237305 -0.0890314131975174
9409 0.016696341335773468 0.2255096137523651 0.02148430235683918
9410 -0.022813431918621063 0.2337571531534195 0.15555596351623535
9411 -0.09600915759801865 0.12817496061325073 0.09073595702648163
9412 0.10450644046068192 -0.12411423027515411 -0.04607134312391281
9413 0.11572474986314774 0.01291689183562994 0.09877001494169235
9414 -0.057312484830617905 0.0314764678478241 -0.010408416390419006
9415 0.1110822856426239 0.03297950699925423 -0.014448137953877449
9416 0.0876019224524498 0.10172441601753235 0.13092617690563202
9417 0.01860341802239418 -0.2392330765724182 0.08662933856248856
9418 -0.12759090960025787 -0.3684466779232025 0.005643623881042004
9419 -0.11561381071805954 -0.38598963618278503 0.01128960307687521
9420 0.015950262546539307 -0.15068268775939941 -0.12015315890312195
9421 -0.08288661390542984 -0.04687673598527908 -0.10532336682081223
9422 -0.12987786531448364 0.04206015169620514 0.018945740535855293
9423 -0.047499921172857285 -0.050586048513650894 -0.10039795935153961
9424 -0.0732191652059555 -0.18919919431209564 0.16549113392829895
9425 -0.0006918382714502513 0.3231101930141449 0.15743635594844818
9426 -0.056050825864076614 -0.061899177730083466 -0.1616252362728119
9427 0.02336457371711731 -0.2659772038459778 0.029221655800938606
9428 0.03208891302347183 -0.08943220973014832 -0.06527400761842728
9429 -0.12306757271289825 -0.2542176842689514 -0.04549221694469452
9430 -0.08591655641794205 -0.08934242278337479 0.0655861347913742
9431 0.12656694650650024 -0.05673659220337868 -0.08039554953575134
9432 -0.09552253782749176 0.45924222469329834 -0.019009992480278015
9433 -0.023556504398584366 -0.044712211936712265 -0.11162814497947693
9434 0.0013348048087209463 0.14357982575893402 -0.022343333810567856
9435 -0.11107034236192703 0.148920938372612 -0.028389757499098778
9436 0.1115269809961319 -0.13804931938648224 -0.13932427763938904
9437 0.01653534732758999 -0.3335842490196228 -0.05956447497010231
9438 0.01625566929578781 -0.21630334854125977 -0.035547055304050446
9439 -0.04640103131532669 0.3404741883277893 -0.11590388417243958
9440 0.024469727650284767 -0.17086899280548096 -0.08758760988712311
9441 0.08784454315900803 0.4798164367675781 -0.04424538463354111
9442 -0.14422285556793213 0.10829580575227737 0.09743160009384155
9443 -0.12239038944244385 -0.27940064668655396 -0.07626762241125107
9444 0.015028956346213818 0.09321023523807526 0.1813727170228958
9445 0.15572646260261536 0.2802320718765259 0.0007635557558387518
9446 0.1207045391201973 0.25467634201049805 0.0076606799848377705
9447 0.15430936217308044 0.27303603291511536 0.023046474903821945
9448 0.05091286078095436 -0.4210260212421417 0.17342911660671234
9449 -0.11112204194068909 0.45205312967300415 -0.06506732106208801
9450 -0.06361551582813263 -0.15202493965625763 0.16874396800994873
9451 -0.05828072130680084 -0.13158494234085083 0.17058399319648743
9452 -0.003399378852918744 -0.007093063089996576 -0.12124530225992203
9453 0.00551321217790246 0.10187193006277084 0.1175747662782669
9454 0.004388916771858931 0.1467204988002777 -0.17840929329395294
9455 -0.09872838109731674 -0.046338219195604324 -0.07968787848949432
9456 0.10623793303966522 -0.006149305030703545 -0.1435643434524536
9457 0.09835904091596603 -0.025395996868610382 -0.1367904245853424
9458 -0.10631716996431351 0.24424882233142853 0.08925020694732666
9459 4.909578274236992e-05 0.04202967509627342 -0.033522121608257294
9460 0.17474937438964844 0.27864065766334534 -0.03966343030333519
9461 0.13924315571784973 0.3678814172744751 -0.08696337044239044
9462 -0.0063002281822264194 -0.3051888048648834 -0.07021143287420273
9463 -0.1387064903974533 -0.021374814212322235 0.03327738493680954
9464 -0.07472937554121017 0.11404349654912949 0.06441985070705414
9465 -0.05844203010201454 -0.11140171438455582 0.02386271394789219
9466 -0.026148539036512375 -0.0001376273576170206 0.14861327409744263
9467 0.10227963328361511 0.37693727016448975 0.14759059250354767
9468 -0.08558407425880432 0.382866233587265 0.014672628603875637
9469 -0.15448158979415894 0.31370091438293457 0.09078128635883331
9470 0.13222618401050568 -0.40284499526023865 0.052767056971788406
9471 0.13534343242645264 -0.3795333206653595 0.06912269443273544
9472 -0.1282871514558792 0.0668427050113678 0.0380009301006794
9473 0.10343495011329651 -0.2170155942440033 -0.04070904105901718
9474 0.020528079941868782 -0.43688565492630005 0.09616576880216599
9475 0.1578141450881958 -0.20165280997753143 0.02984444983303547
9476 0.13465094566345215 0.0541604720056057 0.08570528030395508
9477 -0.14246469736099243 0.3019878566265106 -0.0018608825048431754
9478 -0.006144877523183823 -0.4103475511074066 -0.1584882289171219
9479 0.0716666430234909 0.029203936457633972 0.0283364187926054
9480 0.028164364397525787 0.03518527001142502 -0.12721148133277893
9481 0.10043919831514359 0.29402410984039307 0.14293624460697174
9482 -0.08081001043319702 -0.21129414439201355 -0.029939083382487297
9483 -0.13158267736434937 0.38038304448127747 0.07700471580028534
9484 -0.006152185145765543 0.14844658970832825 0.0784270241856575
9485 0.159701406955719 -0.3293575644493103 -0.023306040093302727
9486 -0.12627056241035461 -0.4456724524497986 0.04569704085588455
9487 0.01812252402305603 -0.33195966482162476 0.02738013118505478
9488 0.02305806428194046 0.23560182750225067 0.07955801486968994
9489 0.07018206268548965 0.12298121303319931 -0.09800408035516739
9490 0.03243952989578247 -0.2207319140434265 0.03771129623055458
9491 0.15233251452445984 -0.32067573070526123 -0.09450491517782211
9492 -0.17584410309791565 0.0948239341378212 0.023893261328339577
9493 0.0033497540280222893 0.04783928021788597 0.026850903406739235
9494 0.13367097079753876 -0.08353260159492493 0.04373577982187271
9495 -0.00684704864397645 0.06133601814508438 0.02089669741690159
9496 -0.01836928352713585 0.114723339676857 0.17958471179008484
9497 -0.0641697347164154 -0.10201779007911682 -0.02660585753619671
9498 0.16057799756526947 0.23673412203788757 0.086900494992733
9499 0.06503486633300781 0.05725166201591492 0.16978880763053894
9500 -0.08023639768362045 -0.054539524018764496 0.16174589097499847
9501 0.1565285325050354 0.03614204749464989 -0.015959030017256737
9502 -0.051174212247133255 -0.2204541712999344 0.12177356332540512
9503 -0.08748140186071396 -0.2432135045528412 0.035243887454271317
9504 -0.023004183545708656 -0.23369190096855164 0.11331086605787277
9505 -0.18010655045509338 -0.06078149750828743 -0.0012807067250832915
9506 0.15823465585708618 -0.12762488424777985 -0.04345765337347984
9507 0.14233966171741486 -0.17567037045955658 0.033390454947948456
9508 -0.10246653109788895 -0.084611676633358 0.026405543088912964
9509 0.053463902324438095 -0.1906680017709732 0.1501505970954895
9510 -0.11499357223510742 -0.1139029860496521 0.021354319527745247
9511 -0.16467513144016266 -0.3311336636543274 -0.06464400142431259
9512 -0.16933099925518036 0.33735695481300354 -0.059842485934495926
9513 -0.15205399692058563 0.055413875728845596 0.09494971483945847
9514 -0.1586342751979828 0.26000863313674927 -0.07870236784219742
9515 -0.021945225074887276 0.2531862258911133 -0.15164631605148315
9516 0.006855087820440531 -0.16609551012516022 0.01890900358557701
9517 -0.10473775863647461 0.4552079737186432 0.08862851560115814
9518 -0.037078678607940674 0.14465133845806122 0.09581594914197922
9519 0.15747128427028656 -0.4364311993122101 0.035950422286987305
9520 -0.00932755134999752 -0.21004118025302887 -0.03183485567569733
9521 0.062154751271009445 0.47988981008529663 0.14056597650051117
9522 -0.001543625839985907 0.23116059601306915 0.02996399626135826
9523 -0.018140217289328575 -0.4231366217136383 -0.1572040170431137
9524 -0.07137353718280792 -0.1585746705532074 -0.06517847627401352
9525 0.09313872456550598 -0.4457630217075348 0.009099013172090054
9526 0.07774590700864792 0.2752639353275299 -0.13865667581558228
9527 0.0686134621500969 -0.20991626381874084 0.015188825316727161
9528 0.020924162119627 0.07696305960416794 -0.08612335473299026
9529 -0.08852840960025787 -0.2023719698190689 -0.06418578326702118
9530 -0.012935901992022991 0.04433657228946686 -0.07239797711372375
9531 0.06066172197461128 0.1439225971698761 -0.06243162229657173
9532 -0.05505037680268288 -0.2606855034828186 -0.0757325068116188
9533 0.08314062654972076 0.04553735628724098 0.046563658863306046
9534 -0.09052380174398422 -0.33591601252555847 -0.0734233409166336
9535 0.07880300283432007 -0.3099818825721741 0.05428128316998482
9536 -0.17810370028018951 0.020041445270180702 0.008391096256673336
9537 0.1399272233247757 -0.06691466271877289 0.01833447255194187
9538 0.08057738840579987 0.07525577396154404 -0.08151267468929291
9539 0.05472373589873314 0.34976640343666077 -0.05580282583832741
9540 -0.04278026521205902 -0.02667630836367607 -0.11115473508834839
9541 -0.0358220674097538 0.27994367480278015 0.029737357050180435
9542 -0.07730916142463684 -0.03432280197739601 -0.12179973721504211
9543 0.006755954585969448 -0.007322015706449747 0.0023727556690573692
9544 -0.007500504609197378 -0.14745177328586578 -0.04245058819651604
9545 -0.05890229344367981 -0.3417870104312897 0.034241195768117905
9546 -0.11043456196784973 -0.08947271853685379 -0.012950756587088108
9547 -0.08178745210170746 0.4007059633731842 0.12547625601291656
9548 -0.03385042026638985 -0.04989846423268318 0.07587934285402298
9549 0.04270794242620468 0.19772259891033173 0.005762808490544558
9550 -0.04927310347557068 -0.09202644228935242 -0.1654045581817627
9551 0.06353417038917542 -0.39757394790649414 -0.09667569398880005
9552 0.13013577461242676 0.24804377555847168 -0.08695796877145767
9553 0.004769276827573776 0.4600726068019867 0.1421392261981964
9554 0.05407330393791199 0.2551932632923126 -0.03366556391119957
9555 -0.12645205855369568 0.22956930100917816 -0.07605524361133575
9556 -0.11215268820524216 0.2045244425535202 -0.04517519846558571
9557 -0.04882693290710449 0.25992366671562195 0.10412612557411194
9558 0.05780041590332985 -0.06612975895404816 0.0970628559589386
9559 0.011455113999545574 0.187178835272789 0.13358066976070404
9560 -0.1255180984735489 -0.19617168605327606 0.12111768871545792
9561 0.04680042713880539 -0.09773560613393784 -0.14133714139461517
9562 -0.03734269365668297 0.0854925587773323 0.014949045144021511
9563 -0.03256181627511978 -0.2541397511959076 0.02177387848496437
9564 -0.029168186709284782 -0.29403698444366455 0.14557988941669464
9565 -0.005749349482357502 -0.2930287718772888 -0.09277326613664627
9566 0.10220976173877716 0.19620005786418915 0.03444978967308998
9567 0.06502468138933182 0.28507745265960693 -0.12977218627929688
9568 0.1474686712026596 -0.28235024213790894 -0.10073581337928772
9569 0.11629702150821686 -0.26627087593078613 -0.10735400766134262
9570 0.06093796715140343 0.11190616339445114 0.09637143462896347
9571 -0.11633960157632828 -0.3311646282672882 0.034128088504076004
9572 0.03280989080667496 0.4255898892879486 0.02036990597844124
9573 -0.017753958702087402 0.030628563836216927 0.039492443203926086
9574 -0.006260247901082039 0.02491290494799614 0.02405701018869877
9575 -0.027003871276974678 0.35304975509643555 0.09752810746431351
9576 -0.03369941934943199 -0.05635475367307663 0.028574425727128983
9577 -0.0929521694779396 0.21459107100963593 0.004324521869421005
9578 0.08985017985105515 -0.42704495787620544 0.058575429022312164
9579 0.040764059871435165 0.14763657748699188 -0.09103574603796005
9580 -0.16948381066322327 -0.03277027606964111 -0.035361241549253464
9581 -0.043328333646059036 -0.356912225484848 0.06311936676502228
9582 0.01492930669337511 0.481733113527298 0.12461274117231369
9583 0.016612006351351738 -0.20798832178115845 0.11700958013534546
9584 -0.016405414789915085 -0.2059413641691208 0.10033860802650452
9585 -0.0008018888765946031 0.4232603907585144 0.07101769745349884
9586 -0.0008784558158367872 -0.12365131825208664 0.17734283208847046
9587 0.007827033288776875 -0.11166848242282867 0.1312946081161499
9588 0.010325667448341846 0.3020327091217041 -0.1308738887310028
9589 0.006298545282334089 0.36993733048439026 0.07579530030488968
9590 0.13763190805912018 0.3364672362804413 0.012572997249662876
9591 0.02424137108027935 0.40865960717201233 -0.07793524861335754
9592 -0.0627170205116272 -0.2848406136035919 -0.0896277129650116
9593 -0.06492379307746887 -0.39126071333885193 -0.09253047406673431
9594 -0.09284402430057526 -0.40037235617637634 -0.09168096631765366
9595 -0.10198340564966202 -0.37841764092445374 -0.09598811715841293
9596 0.10748612880706787 0.36420294642448425 0.13374897837638855
9597 0.09621560573577881 -0.06448705494403839 -0.1256868541240692
9598 -0.1607256531715393 -0.33510977029800415 0.06679557263851166
9599 -0.044615864753723145 -0.0023880358785390854 0.07181450724601746
9600 0.031126152724027634 0.24586671590805054 0.09338710457086563
9601 0.05255502462387085 0.022325703874230385 -0.15306565165519714
9602 -0.048089995980262756 0.14257483184337616 0.15940968692302704
9603 0.008661486208438873 0.11694042384624481 0.04142181947827339
9604 0.050545476377010345 -0.2941981554031372 -0.15237699449062347
9605 0.09111981093883514 0.03215055912733078 -0.15484583377838135
9606 0.06549322605133057 -0.45243021845817566 -0.139815554022789
9607 0.08630777895450592 -0.372490257024765 -0.022272005677223206
9608 0.06113848090171814 -0.13095514476299286 0.0530286505818367
9609 -0.06149328127503395 -0.3677377998828888 0.08035940676927567
9610 0.012831410393118858 -0.4226651191711426 -0.10505358874797821
9611 -0.09279359877109528 -0.11985605955123901 -0.005305757280439138
9612 -0.13035975396633148 -0.003959576599299908 -0.09057272970676422
9613 0.1537003517150879 0.00782094057649374 -0.045941468328237534
9614 0.18013907968997955 -0.14480485022068024 -0.013133451342582703
9615 0.14859236776828766 -0.18765343725681305 0.04839977249503136
9616 -0.10313370823860168 0.08950917422771454 0.003346710465848446
9617 0.0871557742357254 -0.39376160502433777 0.1261082887649536
9618 -0.1100335419178009 -0.0029698964208364487 0.010481798090040684
9619 0.05719733610749245 -0.41281864047050476 -0.16754291951656342
9620 -0.016995713114738464 0.099401094019413 0.08234371989965439
9621 0.1372855305671692 -0.021983906626701355 0.0207954291254282
9622 -0.14906439185142517 -0.10893485695123672 0.023670772090554237
9623 -0.016398997977375984 -0.29133376479148865 -0.014179853722453117
9624 -0.04278862476348877 -0.27127042412757874 0.15132437646389008
9625 0.05402540788054466 0.1645776331424713 0.15108659863471985
9626 0.05764184147119522 0.29495006799697876 -0.09712076187133789
9627 0.000840092427097261 0.09095830470323563 -0.053685951977968216
9628 -0.17288535833358765 -0.052738118916749954 -0.043464452028274536
9629 -0.06611496210098267 -0.36953049898147583 0.027352478355169296
9630 -0.024529118090867996 -0.33168572187423706 -0.1269536167383194
9631 -0.0817621499300003 0.3820880651473999 -0.1062878966331482
9632 -0.03693521395325661 -0.4532235860824585 0.0920470729470253
9633 -0.04510498046875 0.04989543557167053 0.10858655720949173
9634 -0.09977024048566818 0.2825624346733093 -0.07736175507307053
9635 -0.032623857259750366 0.3587876856327057 0.03174988925457001
9636 0.11522451043128967 -0.48131924867630005 0.13628989458084106
9637 -0.11364518851041794 -0.07402775436639786 0.11725832521915436
9638 0.15316776931285858 -0.4807848632335663 -0.03283113241195679
9639 -0.10787695646286011 0.2678818702697754 0.1404120773077011
9640 -0.11210783571004868 0.2722548544406891 0.10189587622880936
9641 -0.11899743229150772 0.2897014915943146 0.09838332235813141
9642 0.06912026554346085 0.3163039982318878 -0.046540267765522
9643 0.0694001317024231 -0.3024556636810303 0.0991407185792923
9644 -0.021757492795586586 -0.2991326153278351 -0.0422423779964447
9645 -0.1027773842215538 -0.16761261224746704 0.023899685591459274
9646 0.15541762113571167 -0.27180105447769165 0.08770211040973663
9647 -0.1116287037730217 0.23389308154582977 0.018668213859200478
9648 0.024388443678617477 -0.3528185784816742 0.02970784343779087
9649 0.018987763673067093 -0.35841047763824463 -0.05072953179478645
9650 0.12843744456768036 0.3371737003326416 -0.023150473833084106
9651 0.12078816443681717 0.19906306266784668 0.05359894782304764
9652 -0.05040990933775902 0.09021071344614029 0.034215036779642105
9653 0.028517678380012512 -0.004583943635225296 0.047300953418016434
9654 0.020934751257300377 0.013747939839959145 0.0649845078587532
9655 -0.16361196339130402 0.026461822912096977 -0.07514890283346176
9656 0.14165547490119934 -0.06374917924404144 0.09847857803106308
9657 0.0903179794549942 0.20693464577198029 0.1559254378080368
9658 0.08240699023008347 0.23241326212882996 0.15817774832248688
9659 0.032161399722099304 0.3151981830596924 -0.05120810866355896
9660 -0.12085525691509247 -0.06160438060760498 -0.06420831382274628
9661 0.10087093710899353 0.23287394642829895 0.014093402773141861
9662 0.14441250264644623 0.04312361031770706 -0.06894069910049438
9663 0.00038575896178372204 0.18688847124576569 -0.15620088577270508
9664 -0.015149586834013462 0.15246914327144623 -0.055463649332523346
9665 -0.01737120933830738 -0.31808561086654663 0.021670306101441383
9666 0.023989645764231682 0.10197097063064575 -0.11608756333589554
9667 0.028194302693009377 -0.3774859309196472 -3.0180044632288627e-06
9668 -0.0035775620490312576 -0.1715439260005951 0.04132387042045593
9669 0.023867828771471977 -0.15748627483844757 0.03662506118416786
9670 0.07726971060037613 -0.4234973192214966 -0.03943922743201256
9671 -0.0859319195151329 -0.2143915891647339 0.0494324192404747
9672 0.14472463726997375 -0.11362027376890182 -0.003398982575163245
9673 -0.04294614493846893 0.33033421635627747 0.0699443370103836
9674 0.06306251883506775 0.18141689896583557 0.07522744685411453
9675 0.1575859934091568 0.12558810412883759 0.0449131615459919
9676 -0.1032407209277153 0.25266289710998535 -0.13451942801475525
9677 -0.15932798385620117 0.4020068943500519 -0.010705004446208477
9678 -0.14159922301769257 -0.4821445941925049 0.018060175701975822
9679 -0.12345291674137115 0.46385177969932556 -0.09404978901147842
9680 0.14807388186454773 0.3732973039150238 0.09799259155988693
9681 -0.05482913926243782 0.2922148108482361 -0.11430557072162628
9682 -0.07590945065021515 0.07830725610256195 0.13322579860687256
9683 -0.030240068212151527 0.1765279769897461 -0.02368195913732052
9684 0.07162994146347046 0.4071396589279175 0.14564195275306702
9685 -0.13986298441886902 -0.46710488200187683 -0.02110331505537033
9686 0.10236869752407074 0.3144988417625427 0.03422520309686661
9687 -0.03087802603840828 -0.2943824231624603 -0.1768573820590973
9688 0.04528602212667465 -0.0763026550412178 0.17452561855316162
9689 -0.012665617279708385 0.030492251738905907 0.11250942945480347
9690 -0.14571557939052582 0.10123080760240555 0.012223735451698303
9691 0.00823536142706871 0.031327199190855026 -0.08775235712528229
9692 0.0682990700006485 0.038450680673122406 0.06640312075614929
9693 0.023880695924162865 0.28987357020378113 0.013234077952802181
9694 -0.06538919359445572 0.2891398072242737 0.003285662503913045
9695 0.1249578446149826 -0.3411298096179962 -0.08974844217300415
9696 0.16061082482337952 -0.4511341452598572 0.08262057602405548
9697 0.010210473090410233 -0.3837481737136841 -0.003922631032764912
9698 0.07895586639642715 -0.21600140631198883 -0.08965735882520676
9699 0.1419091820716858 -0.44704362750053406 -0.049600254744291306
9700 -0.17736011743545532 -0.38965263962745667 0.0011393306776881218
9701 0.02659348025918007 0.3881843686103821 0.17182041704654694
9702 0.026923391968011856 0.37124115228652954 0.15554742515087128
9703 -0.17814449965953827 -0.4800800383090973 0.016581492498517036
9704 -0.014335396699607372 0.19361664354801178 -0.14801521599292755
9705 -0.08154335618019104 0.06928905099630356 -0.08482040464878082
9706 0.02026195451617241 -0.31431835889816284 -0.020854942500591278
9707 0.03248925507068634 0.2358628809452057 0.15226809680461884
9708 -0.08712394535541534 0.26164013147354126 0.017430074512958527
9709 -0.009555116295814514 0.10577612370252609 0.0064515043050050735
9710 -0.04725883901119232 -0.2080002874135971 -0.07213285565376282
9711 -0.03465082123875618 -0.1903436928987503 -0.06728151440620422
9712 0.1561168134212494 -0.2654050886631012 -0.01598973758518696
9713 0.06259705126285553 0.004409254062920809 0.13356748223304749
9714 0.11178150773048401 -0.2056306153535843 0.044445302337408066
9715 -0.08242349326610565 -0.38586699962615967 0.1246662437915802
9716 0.07554815709590912 0.27658185362815857 -0.11537198722362518
9717 -0.0961691215634346 -0.1133909672498703 0.11004442721605301
9718 0.07996976375579834 -0.3374059200286865 0.13920316100120544
9719 0.10831300169229507 -0.3277811110019684 0.14414139091968536
9720 0.08852856606245041 0.37271273136138916 -0.01417157705873251
9721 0.06510140001773834 0.3231242299079895 -0.0938308835029602
9722 -0.17586545646190643 0.31192052364349365 0.023125074803829193
9723 -0.053694821894168854 0.23332495987415314 0.14861159026622772
9724 -0.09606672823429108 0.01865692250430584 -0.13325871527194977
9725 -0.11376157402992249 0.46076273918151855 -0.0799146294593811
9726 -0.000614370044786483 -0.09592216461896896 0.03738807141780853
9727 -0.01834077015519142 -0.1587984412908554 0.1593298465013504
9728 0.009394874796271324 -0.2611672580242157 -0.11371344327926636
9729 0.05446627363562584 -0.19446732103824615 0.11409559845924377
9730 0.011678394861519337 0.17395690083503723 -0.05864284560084343
9731 0.06903288513422012 -0.2874251902103424 0.10565321892499924
9732 -0.05478175729513168 -0.1008918285369873 -0.12359900027513504
9733 -0.004355421289801598 -0.10837580263614655 -0.07228296995162964
9734 0.18085575103759766 -0.19092942774295807 0.003452904522418976
9735 0.17091012001037598 -0.006115967407822609 -0.05135747045278549
9736 0.009620270691812038 -0.4703211486339569 -0.14534854888916016
9737 0.09769400209188461 0.0654848963022232 0.12328595668077469
9738 0.09708762913942337 0.08615318685770035 0.10523252934217453
9739 0.05291009694337845 -0.17602074146270752 0.014323368668556213
9740 -0.019819770008325577 -0.04816676676273346 -0.0574493408203125
9741 -0.07519933581352234 0.38420554995536804 -0.08795526623725891
9742 -0.1593698114156723 -0.363153874874115 0.01194473821669817
9743 0.05260537564754486 -0.26110777258872986 0.0020626718178391457
9744 -0.0651736781001091 -0.4353047013282776 -0.14302198588848114
9745 0.09029322862625122 -0.15564580261707306 0.001426956383511424
9746 0.15481045842170715 0.05146544799208641 0.05555040389299393
9747 0.10617557913064957 0.4038044214248657 -0.04911172389984131
9748 -0.10224106162786484 -0.32375001907348633 -0.0027827906887978315
9749 0.10391365736722946 -0.17024321854114532 -0.030662745237350464
9750 0.07949908822774887 -0.1269371658563614 0.016146494075655937
9751 -0.09111186861991882 0.2847038805484772 0.06871529668569565
9752 -0.1373201310634613 0.3481729328632355 -0.08522279560565948
9753 -0.03292370215058327 0.1331413835287094 0.0643494576215744
9754 0.15554282069206238 -0.34377390146255493 -0.02869383431971073
9755 -0.031223628669977188 0.3837938606739044 -0.042428530752658844
9756 0.031151674687862396 -0.4592810273170471 -0.013345979154109955
9757 0.024506596848368645 -0.28165683150291443 -0.1490621566772461
9758 -0.02190362848341465 0.4134964644908905 0.14942610263824463
9759 -0.05084040388464928 0.09661020338535309 -0.13812074065208435
9760 -0.052240561693906784 -0.016733210533857346 -0.14871244132518768
9761 -0.14866971969604492 0.4225045442581177 0.10663031041622162
9762 -0.041835587471723557 0.3398095965385437 0.1754618138074875
9763 0.0942789688706398 0.480724036693573 -0.01821960136294365
9764 0.12211273610591888 0.45341846346855164 -0.028058839961886406
9765 -0.050543468445539474 0.11476470530033112 -0.1146228238940239
9766 -0.05182280391454697 0.08161187171936035 -0.1140277087688446
9767 0.0697232186794281 0.11485827714204788 -0.13291078805923462
9768 0.06932699680328369 0.07461598515510559 -0.12973971664905548
9769 0.17138460278511047 -0.3515731394290924 -0.05667814612388611
9770 -0.062249306589365005 -0.15737047791481018 0.03569513186812401
9771 0.0725194588303566 0.318814218044281 0.06451841443777084
9772 -0.11140470951795578 -0.05654400587081909 -0.019888928160071373
9773 0.09273531287908554 -0.15195122361183167 -0.1210031658411026
9774 -0.0820152536034584 0.2571992874145508 -0.04750090092420578
9775 -0.07560844719409943 -0.038305092602968216 0.10738006234169006
9776 0.08649353682994843 0.1236976683139801 0.14361397922039032
9777 0.05535983666777611 0.33520275354385376 -0.10790157318115234
9778 -0.0717364251613617 0.09292786568403244 -0.08104538172483444
9779 0.041230786591768265 0.016025492921471596 -0.03702481836080551
9780 0.0400383360683918 -0.11849790811538696 0.023869184777140617
9781 0.01981155201792717 -0.10862211883068085 -0.03542444854974747
9782 0.06393976509571075 -0.3340928852558136 0.08616199344396591
9783 0.043462492525577545 -0.4007200002670288 -0.0286319088190794
9784 0.036576781421899796 -0.37846699357032776 -0.040565505623817444
9785 -0.004641546867787838 0.010574131272733212 0.12564346194267273
9786 -0.06523983180522919 0.11729578673839569 0.11413294821977615
9787 0.045863792300224304 -0.33617913722991943 -0.0011004519183188677
9788 0.03252619877457619 -0.3402363061904907 -0.03808903694152832
9789 0.17699122428894043 0.43592363595962524 -0.04307056963443756
9790 -0.06040472164750099 0.3814546465873718 0.08983976393938065
9791 0.15095309913158417 -0.3616032004356384 -0.09128816425800323
9792 -0.17561139166355133 0.11841634660959244 0.02691139653325081
9793 0.11319661140441895 -0.41370195150375366 -0.080982506275177
9794 0.050541311502456665 0.3612590730190277 0.07053878903388977
9795 0.16576211154460907 0.14708393812179565 -0.031960029155015945
9796 0.01453134510666132 -0.023677291348576546 0.07845591753721237
9797 -0.1717340350151062 0.20769456028938293 0.048233456909656525
9798 -0.18081361055374146 0.19686594605445862 0.03017243929207325
9799 -0.15045663714408875 0.40982210636138916 0.025646068155765533
9800 0.15992829203605652 0.3966783881187439 0.06358485668897629
9801 0.1767280101776123 0.4103875160217285 0.02684098109602928
9802 -0.04433317482471466 -0.16154463589191437 -0.12317025661468506
9803 -0.045917827636003494 -0.1684989035129547 -0.08831177651882172
9804 -0.025256061926484108 0.07259909808635712 -0.16627730429172516
9805 -0.017897769808769226 0.3714119791984558 0.10692567378282547
9806 -0.04636932909488678 0.24613231420516968 -0.09159478545188904
9807 -0.008497970178723335 -0.03529656305909157 -0.08668933063745499
9808 -0.0011077200761064887 -0.06164707615971565 -0.07963879406452179
9809 0.03175385668873787 0.21414540708065033 -0.16651766002178192
9810 0.03197995945811272 0.44718727469444275 -0.11415165662765503
9811 -0.029151402413845062 -0.15801449120044708 0.006877895910292864
9812 0.11241326481103897 -0.45237258076667786 -0.080617755651474
9813 0.02137751877307892 -0.43799012899398804 -0.051613446325063705
9814 -0.12167249619960785 -0.002382312435656786 -0.04969985410571098
9815 -0.0781390368938446 0.16461673378944397 0.0313931442797184
9816 -0.05583731085062027 0.32852426171302795 -0.07278533279895782
9817 -0.08788789808750153 0.31665700674057007 -0.05033314973115921
9818 0.06031879410147667 0.4179736375808716 0.13108651340007782
9819 -0.16003629565238953 -0.1558573693037033 -0.0817309319972992
9820 0.04045765474438667 0.1346423178911209 -0.014175170101225376
9821 0.13120916485786438 -0.22562529146671295 0.001245528575964272
9822 0.057560741901397705 0.059148840606212616 -0.15562476217746735
9823 -0.046306267380714417 0.41874101758003235 0.0999719649553299
9824 0.05184520035982132 -0.08697980642318726 0.08979813009500504
9825 0.00902328547090292 -0.2687039077281952 0.013516557402908802
9826 -0.06536399573087692 -0.021752215921878815 -0.16850519180297852
9827 -0.026425816118717194 0.1705806702375412 0.14133451879024506
9828 0.01002870686352253 0.26668858528137207 0.08752700686454773
9829 -0.007483671419322491 0.2955217957496643 0.08415041863918304
9830 0.05558936670422554 -0.41353994607925415 0.03280011564493179
9831 0.1828867495059967 0.3650882840156555 0.00962057989090681
9832 0.012248186394572258 -0.2583896815776825 -0.03747307136654854
9833 0.04178491234779358 -0.271430641412735 -0.03946441784501076
9834 -0.09823647141456604 -0.43111586570739746 0.06448344886302948
9835 -0.08979448676109314 -0.12792347371578217 0.019293276593089104
9836 0.013486240059137344 0.2698759436607361 0.15735235810279846
9837 -0.0520111583173275 -0.09042324125766754 0.07694222778081894
9838 -0.021390844136476517 0.4286150634288788 0.004588603042066097
9839 0.04903687164187431 -0.3777044117450714 0.04412514343857765
9840 -0.08621223270893097 0.4335428476333618 -0.0036577386781573296
9841 0.08529599756002426 0.3746176064014435 -0.05913788080215454
9842 0.06633683294057846 0.3677959442138672 -0.09292328357696533
9843 -0.06721998751163483 -0.3053370416164398 -0.008331866934895515
9844 0.00893351435661316 0.057059720158576965 -0.04930258169770241
9845 -0.03608516603708267 -0.3294031620025635 -0.021373441442847252
9846 -0.020921161398291588 -0.09963592886924744 0.17987258732318878
9847 -0.013800544664263725 -0.40596529841423035 -0.13973858952522278
9848 -0.04971596971154213 0.1500658392906189 -0.17293690145015717
9849 0.0016521626384928823 -0.12468267977237701 -0.003342748386785388
9850 0.1157597079873085 -0.3080165684223175 -0.0826437920331955
9851 0.06034020707011223 0.12794089317321777 0.07537684589624405
9852 0.11757531762123108 -0.43196994066238403 -0.10235648602247238
9853 0.13060836493968964 -0.4151991903781891 -0.10363741964101791
9854 -0.07534613460302353 -0.13859225809574127 -0.03444412723183632
9855 0.1004682406783104 -0.20585161447525024 -0.11705148220062256
9856 0.06918328255414963 0.4582783281803131 -0.12009158730506897
9857 -0.08232562988996506 -0.3019840121269226 0.08893393725156784
9858 0.13830600678920746 0.46034345030784607 -0.07505263388156891
9859 -0.029658472165465355 -0.3239997625350952 -0.05460334196686745
9860 -0.06874794512987137 0.30331382155418396 0.01928606815636158
9861 0.12199008464813232 0.11618819087743759 -0.01489250548183918
9862 0.14178617298603058 0.1380356252193451 -0.03851272165775299
9863 -0.16273225843906403 -0.4413681626319885 -0.0739905834197998
9864 -0.060495998710393906 -0.035839762538671494 0.040505409240722656
9865 0.054942578077316284 -0.1772727072238922 0.04476187005639076
9866 0.12005890160799026 0.015317322686314583 -0.06748229265213013
9867 -0.04983564838767052 0.09113553911447525 0.14194777607917786
9868 -0.07583748549222946 0.15822088718414307 -0.1128116250038147
9869 -0.1131603792309761 -0.0008660979801788926 0.0314420685172081
9870 -0.006180784199386835 0.050473690032958984 -0.04653593525290489
9871 0.028817322105169296 -0.32802101969718933 0.076561838388443
9872 0.018597746267914772 0.26227840781211853 0.049611952155828476
9873 -0.05157410353422165 -0.40855666995048523 -0.0406828448176384
9874 -0.01886739581823349 0.3715748190879822 -0.0033938782289624214
9875 -0.05700657144188881 0.4002770483493805 -0.14106717705726624
9876 -0.14610561728477478 0.2948242425918579 -0.06813277304172516
9877 0.07299075275659561 -0.3971559405326843 0.10566249489784241
9878 -0.07170199602842331 -0.20332637429237366 0.011926666833460331
9879 -0.04381699115037918 -0.13791705667972565 -0.06898272037506104
9880 -0.104496069252491 0.36802077293395996 0.11923211812973022
9881 -0.056890975683927536 0.01610247604548931 0.04841417074203491
9882 0.15365444123744965 -0.4380311071872711 0.016793426126241684
9883 -0.09986232966184616 -0.17096079885959625 0.112077496945858
9884 0.0997416153550148 0.27083855867385864 0.09180644154548645
9885 0.05960775166749954 -0.05446459725499153 -0.16817747056484222
9886 0.12473840266466141 0.2806735336780548 -0.08054925501346588
9887 0.07306299358606339 -0.03113388828933239 -0.07790874689817429
9888 0.06656398624181747 0.13456180691719055 -0.1217760294675827
9889 0.03280876576900482 -0.21314963698387146 -0.025660809129476547
9890 0.029862280935049057 -0.32918834686279297 -0.06856558471918106
9891 -0.014466501772403717 0.15660853683948517 -0.011954988352954388
9892 -0.16057857871055603 -0.17159056663513184 -0.052872441709041595
9893 -0.053911592811346054 -0.3218610882759094 -0.08297912031412125
9894 -0.025465451180934906 -0.0297135841101408 -0.10737019032239914
9895 -0.08237944543361664 -0.16552546620368958 0.005868725012987852
9896 0.10254908353090286 0.1250951588153839 -0.009089530445635319
9897 0.03922265022993088 -0.062264230102300644 0.09350106120109558
9898 0.1694580614566803 -0.28664955496788025 -0.05878187716007233
9899 -0.011953695677220821 0.19151784479618073 -0.102069191634655
9900 -0.0791957676410675 0.30119651556015015 0.10167788714170456
9901 -0.02667071670293808 0.4046825170516968 -0.14976496994495392
9902 -0.10875546932220459 0.3278907835483551 -0.016286510974168777
9903 -0.031186025589704514 -0.10418020188808441 -0.1346445083618164
9904 -0.09648466110229492 -0.39979299902915955 -0.0546005554497242
9905 -0.07983454316854477 -0.3828800320625305 -0.033911705017089844
9906 0.06378328055143356 -0.4226471781730652 -0.1382620483636856
9907 0.18054015934467316 -0.3189605176448822 0.0069008879363536835
9908 0.15609826147556305 -0.35016074776649475 0.0030589508824050426
9909 -0.036148715764284134 -0.45581257343292236 -0.11440376192331314
9910 -0.07815352082252502 0.24396353960037231 0.10590962320566177
9911 0.0769580602645874 0.28180769085884094 0.032525625079870224
9912 0.034127410501241684 -0.07176726311445236 0.12296263873577118
9913 0.01966012641787529 -0.10746507346630096 0.09452057629823685
9914 -0.17500880360603333 0.24036133289337158 -0.042733192443847656
9915 0.03208287060260773 0.12703602015972137 0.056186120957136154
9916 -0.1470835655927658 -0.3521171510219574 0.03481532260775566
9917 0.08545958250761032 -0.1426050066947937 0.06234018877148628
9918 0.05805828049778938 -0.22646819055080414 0.013272859156131744
9919 -0.16655310988426208 -0.18221724033355713 -0.04089329019188881
9920 -0.03764279931783676 0.3495825529098511 -0.12946808338165283
9921 -0.1430465579032898 -0.400115430355072 -0.009495502337813377
9922 -0.1379389762878418 0.20406417548656464 0.07561390101909637
9923 -0.08728144317865372 -0.043202225118875504 0.08984770625829697
9924 -0.03779038041830063 -0.1968856155872345 0.057591378688812256
9925 -0.1122426986694336 0.19569379091262817 -0.09482911974191666
9926 0.04964807629585266 0.09300248324871063 0.11814615875482559
9927 -0.034202829003334045 0.2809765934944153 0.056504230946302414
9928 0.046947795897722244 -0.028340941295027733 0.10595262795686722
9929 0.06291043013334274 0.4076545536518097 -0.0766579806804657
9930 -0.015013973228633404 -0.23648938536643982 0.18119163811206818
9931 0.1329403519630432 0.17368343472480774 0.09907890111207962
9932 -0.03579436242580414 0.12050405889749527 0.12599121034145355
9933 0.038752853870391846 0.16333988308906555 0.15378493070602417
9934 -0.054698970168828964 0.05272992327809334 -0.07254714518785477
9935 -0.002501060487702489 0.2815958857536316 0.050748299807310104
9936 -0.02334417775273323 0.4520926773548126 -0.03719982132315636
9937 -0.01772274635732174 -0.014762235805392265 -0.03092111274600029
9938 0.007705450523644686 -0.11234564334154129 0.1050788164138794
9939 0.1364714354276657 -0.3514549434185028 -0.022080501541495323
9940 0.13252924382686615 -0.32571569085121155 -0.006781440228223801
9941 -0.017890922725200653 0.34783080220222473 0.11945143342018127
9942 0.05162418261170387 -0.2433452159166336 -0.023317819461226463
9943 -0.05973087623715401 -0.26615744829177856 0.03582428768277168
9944 0.07057748734951019 0.07072291523218155 -0.1486130952835083
9945 0.061121102422475815 0.12268215417861938 -0.08204533904790878
9946 0.015122049488127232 0.2485397607088089 0.020555030554533005
9947 -0.05197783559560776 0.04154915362596512 0.004190700128674507
9948 -0.12096524983644485 0.030600158497691154 0.024691736325621605
9949 -0.1298193633556366 -0.25368398427963257 -0.02664836309850216
9950 0.16541844606399536 -0.2950878441333771 -0.07720761001110077
9951 0.1296338438987732 0.2563687264919281 0.02357763797044754
9952 -0.0111234737560153 0.09454189985990524 0.12290144711732864
9953 -0.00608736090362072 -0.31717240810394287 -0.08760210871696472
9954 -0.08875975012779236 0.120315782725811 0.07526235282421112
9955 -0.15757280588150024 0.33518901467323303 0.08347226679325104
9956 0.01954890415072441 -0.4218844771385193 0.1124243214726448
9957 0.13099701702594757 0.06984327733516693 0.08935873955488205
9958 -0.053480032831430435 0.12738037109375 -0.17065012454986572
9959 -0.09331175684928894 -0.20156539976596832 -0.026056643575429916
9960 -0.11238130927085876 -0.4615267515182495 0.04788581281900406
9961 -0.12872345745563507 -0.4550172686576843 0.026371434330940247
9962 0.149462029337883 -0.3224412500858307 -0.037522684782743454
9963 0.16374798119068146 -0.3251068592071533 -0.077365443110466
9964 0.046174876391887665 -0.20571501553058624 0.04420171678066254
9965 -0.06588905304670334 -0.0791032686829567 -0.024921050295233727
9966 -0.10739253461360931 -0.09963284432888031 0.012718115001916885
9967 -0.0679209753870964 -0.1539059579372406 -0.08659879863262177
9968 0.0017540897242724895 0.07534044981002808 -0.08688182383775711
9969 0.09099851548671722 0.029982425272464752 0.03551269322633743
9970 0.0596180222928524 -0.30839020013809204 0.053953252732753754
9971 -0.02490737847983837 0.07772301882505417 0.12193778157234192
9972 0.00030526399496011436 0.08491592854261398 0.11166302114725113
9973 0.030842846259474754 0.17913803458213806 0.13609755039215088
9974 0.07881397753953934 0.0830293744802475 -0.1407262235879898
9975 -0.01393980160355568 -0.3082425892353058 0.14503560960292816
9976 -0.038175106048583984 -0.002331583295017481 0.05341355502605438
9977 0.01824392005801201 0.1046980619430542 0.03464240953326225
9978 0.07435781508684158 -0.4675012528896332 -0.14191782474517822
9979 0.06348934769630432 -0.14864012598991394 0.04650145024061203
9980 -0.07368133962154388 -0.3658173978328705 0.06276761740446091
9981 -0.10811054706573486 -0.11198718845844269 -0.0026620307471603155
9982 -0.12982600927352905 -0.00713478634133935 -0.06997357308864594
9983 0.12216440588235855 -0.03156786039471626 0.021218974143266678
9984 -0.0531068779528141 -0.4424343407154083 0.0914449393749237
9985 -0.021345151588320732 0.36736974120140076 0.02164183184504509
9986 0.022210408002138138 -0.3720225989818573 0.027516577392816544
9987 0.17251597344875336 0.4189101755619049 -0.04220562055706978
9988 -0.034309279173612595 0.09857697784900665 0.031723108142614365
9989 0.09893918037414551 0.20822633802890778 0.14035595953464508
9990 0.0022997844498604536 0.1720348298549652 -0.1478336602449417
9991 -0.02848278544843197 -0.3100343942642212 0.03471750020980835
9992 -0.09815724194049835 -0.19892050325870514 0.05373193323612213
9993 -0.1118784174323082 0.24660983681678772 -0.12598870694637299
9994 -0.05666761100292206 0.2932167053222656 -0.12910938262939453
9995 0.04627206549048424 -0.08392314612865448 0.15881173312664032
9996 0.016942601650953293 0.04366188123822212 -0.09578779339790344
9997 -0.035412050783634186 -0.19992108643054962 -0.08066355437040329
9998 0.07577883452177048 0.3227713406085968 -0.0814976766705513
9999 -0.06740915775299072 0.23070578277111053 0.1380070596933365
10000 -0.020588282495737076 -0.09855114668607712 0.0455753356218338
10001 0.007939193397760391 -0.1024981290102005 0.018722856417298317
10002 0.058467280119657516 -0.2723607122898102 0.10194330662488937
10003 0.16555839776992798 -0.18181432783603668 -0.001126941991969943
10004 0.11665866523981094 0.39741629362106323 -0.04256359860301018
10005 -0.08762050420045853 0.26846566796302795 0.06708858162164688
10006 -0.039605651050806046 0.39760082960128784 -0.033273473381996155
10007 -0.14067010581493378 0.3452414870262146 -0.10047943145036697
10008 -0.06082276254892349 0.34738919138908386 0.16896705329418182
10009 -0.15348437428474426 -0.3672351539134979 0.044400062412023544
10010 -0.17881223559379578 -0.16808465123176575 -0.04434839263558388
10011 -0.05932845547795296 -0.03446362912654877 0.10363554954528809
10012 0.042859941720962524 0.03275933861732483 -0.033013954758644104
10013 0.051570892333984375 -0.11146648228168488 0.016628464683890343
10014 0.05540083721280098 -0.32685387134552 -0.014862175099551678
10015 -0.17277607321739197 0.11144515872001648 0.05004268139600754
10016 0.1570151448249817 0.4186547100543976 0.0322430282831192
10017 0.15095254778862 0.4109698534011841 0.05533647537231445
10018 0.01808704249560833 -0.06112544983625412 -0.07589250802993774
10019 0.007701837457716465 -0.02016361430287361 -0.07912370562553406
10020 0.03149106726050377 0.4649513065814972 -0.1086774542927742
10021 0.05544327199459076 0.4150990843772888 0.1484404355287552
10022 0.07578463107347488 0.12929674983024597 -0.0841502770781517
10023 -0.04638028144836426 0.4040985703468323 0.11079639941453934
10024 0.05330733209848404 -0.09825008362531662 0.10278329253196716
10025 0.01064300537109375 -0.28862494230270386 0.026796041056513786
10026 0.003060951130464673 -0.2657417953014374 -0.003243581857532263
10027 -0.0631275624036789 -0.0897844210267067 0.05713275074958801
10028 -0.008860677480697632 0.4364788830280304 0.015922877937555313
10029 0.07853242009878159 0.36430823802948 -0.11096154898405075
10030 0.03888970986008644 -0.38473543524742126 0.06094259023666382
10031 0.06293163448572159 -0.3683186173439026 0.043984491378068924
10032 -0.10583905130624771 0.4312489330768585 0.0027509068604558706
10033 0.016397830098867416 0.06324609369039536 -0.06806027144193649
10034 -0.03218547999858856 -0.10793907940387726 0.16881835460662842
10035 -0.014361375011503696 -0.13248057663440704 0.002321031177416444
10036 0.108124740421772 -0.4393327534198761 -0.09045431017875671
10037 0.12402641028165817 -0.42441636323928833 -0.11455311626195908
10038 -0.07235480099916458 -0.28391337394714355 0.09363023191690445
10039 -0.10198471695184708 -0.012454800307750702 0.0398736372590065
10040 -0.06356284767389297 -0.1894986629486084 0.008867178112268448
10041 0.07709405571222305 0.33779987692832947 -0.07507864385843277
10042 -0.05950668081641197 -0.32550469040870667 -0.06846557557582855
10043 0.04371822997927666 0.17056234180927277 0.14034759998321533
10044 -0.10562121123075485 0.331767201423645 -0.03272927179932594
10045 -0.04249049723148346 -0.11582523584365845 -0.14693555235862732
10046 -0.032935235649347305 -0.0981166809797287 -0.14940860867500305
10047 0.05363549292087555 -0.4356721043586731 -0.14395806193351746
10048 0.024859216064214706 -0.10631534457206726 0.07739534229040146
10049 -0.12670394778251648 0.20243477821350098 0.0889667198061943
10050 -0.10012524574995041 -0.03842828795313835 0.0790354460477829
10051 0.0487443245947361 -0.012458131648600101 0.09191936999559402
10052 -0.021272409707307816 -0.2524004280567169 0.17202670872211456
10053 0.03200766444206238 0.15300993621349335 0.16432194411754608
10054 -0.03719492256641388 0.044052883982658386 -0.07794858515262604
10055 0.04273636266589165 -0.11221449077129364 0.07094903290271759
10056 0.03192475810647011 -0.241812065243721 -0.02516891248524189
10057 -0.014818741008639336 -0.33358341455459595 -0.08988327533006668
10058 0.12127203494310379 0.06652161478996277 0.07160838693380356
10059 0.14844918251037598 0.07581523060798645 0.09283768385648727
10060 0.15103861689567566 -0.3075568377971649 -0.043092235922813416
10061 0.009106887504458427 0.09551452100276947 -0.08893024176359177
10062 -0.031623754650354385 0.10777059197425842 0.01899518258869648
10063 -0.11057019978761673 0.24381080269813538 -0.10861437767744064
10064 -0.0662999376654625 0.282230019569397 -0.12445821613073349
10065 0.05553341656923294 -0.07158110290765762 0.16314323246479034
10066 -0.022007247433066368 0.1049206405878067 0.010523509234189987
10067 0.07539556175470352 -0.2731854021549225 0.09786933660507202
10068 0.14833807945251465 -0.1778775155544281 0.0038401586934924126
10069 0.04324592277407646 -0.32076847553253174 -0.005817072931677103
10070 0.15254315733909607 0.40444454550743103 0.039961446076631546
10071 0.06835458427667618 -0.38387179374694824 0.044247377663850784
10072 -0.010464816354215145 -0.11817824840545654 0.0021914944518357515
10073 -0.10518801957368851 -0.013510975055396557 0.023081611841917038
10074 0.0762985572218895 0.32623225450515747 -0.06053517758846283
10075 -0.05961813032627106 -0.3348116874694824 -0.052404943853616714
10076 0.050319839268922806 -0.12274814397096634 0.06154434755444527
10077 0.11619805544614792 0.06472384184598923 0.05435195565223694
10078 0.06720711290836334 -0.07369992136955261 0.1511179655790329
10079 0.06728807836771011 -0.11864670366048813 0.06406384706497192
