34403 4 0
1 7348 5022 4543 407
2 7173 1689 7163 1690
3 8090 6342 6506 6010
4 6881 791 6026 3724
5 8313 4051 6121 4092
6 6558 5278 5997 3116
7 7275 5800 6781 5657
8 8072 1757 7855 7526
9 7298 2885 5679 3592
10 8246 6049 7888 7236
11 8257 7147 7498 7483
12 7859 7043 7372 6260
13 7665 1556 1377 3133
14 6667 5814 6434 5665
15 6946 5915 6326 4754
16 7243 5508 7211 6488
17 7788 6189 7554 5628
18 8212 6174 7141 4720
19 6841 819 6737 5900
20 8310 4739 5733 3220
21 6897 1208 6606 1488
22 6121 1433 3248 3249
23 7225 6238 6250 2410
24 6250 2411 185 186
25 6114 803 6040 4789
26 7752 5988 6674 5655
27 7890 4037 6293 2012
28 6596 5732 5793 5783
29 6413 157 4800 156
30 7863 6405 7423 6921
31 7619 3920 3921 1727
32 6729 5547 6575 5512
33 6230 4391 131 132
34 8367 6950 8363 6243
35 8345 5766 6640 5538
36 7795 3288 6886 1469
37 6846 149 148 4965
38 6343 2419 1759 1988
39 6061 2547 2314 5471
40 7019 736 7015 735
41 7831 3042 7658 784
42 6846 5068 148 149
43 7078 2860 6273 5251
44 7600 6666 7353 6427
45 6584 2502 6357 4756
46 7143 6537 6995 5674
47 7910 796 6649 4409
48 6592 2898 2985 5147
49 7092 4840 5664 4999
50 7086 6336 6943 5642
51 6515 3644 4288 5271
52 7549 2975 7111 4792
53 6884 2028 4071 4070
54 7394 5668 6350 5621
55 5804 5284 2607 3411
56 5647 3811 5366 5318
57 8157 7058 7402 1000
58 8414 6714 6761 1159
59 8079 5870 6435 5696
60 6897 5943 6594 1852
61 8238 749 7306 4649
62 5940 2002 5890 4041
63 6618 418 4990 417
64 6104 2876 1274 2875
65 8219 4496 7320 579
66 6088 3190 1397 1399
67 7438 6583 6708 5976
68 7263 3801 5355 3802
69 6038 2464 1072 1806
70 5808 4848 561 560
71 7160 861 860 4295
72 8314 5707 7230 6306
73 6832 1533 3612 2998
74 7103 6068 6636 6366
75 7074 5646 6261 5684
76 6477 4734 4944 384
77 7991 2107 7488 5508
78 5652 4022 4034 944
79 7646 4 4775 4705
80 7631 6234 6567 5604
81 7499 1707 7403 6701
82 6499 1668 3812 3796
83 7895 6478 6716 5758
84 8038 7171 7310 6477
85 7833 1746 7033 1760
86 6016 500 5879 4220
87 8236 6029 7662 7517
88 6621 4341 2896 4995
89 7475 5981 6913 6288
90 7838 4019 5890 2002
91 8064 3715 3718 787
92 7420 2350 6740 2351
93 6322 3021 6114 4789
94 7765 5760 6011 5546
95 7190 5879 5893 5817
96 8130 2586 6437 1140
97 7157 3902 6998 5286
98 8363 6243 7251 6234
99 7906 5513 7507 6300
100 7774 6395 6971 6397
101 5856 694 4647 4651
102 7005 6051 6170 5626
103 6974 5664 5749 5641
104 7812 6244 7684 6724
105 7729 2651 6184 1173
106 7916 4934 565 564
107 6744 3337 5922 1571
108 7931 4562 6465 142
109 6763 5596 6241 5994
110 6458 3519 1133 2583
111 8064 3744 3715 786
112 7939 6387 6977 5758
113 8393 6207 8315 7281
114 6728 3663 5828 4815
115 6692 600 5738 4997
116 7082 4306 3511 3503
117 6882 4421 6042 4209
118 6568 4109 265 266
119 6355 4060 2026 4089
120 8272 6272 6293 5907
121 7326 5340 3797 3888
122 7426 6321 7414 6819
123 7507 6190 6885 5513
124 7320 4496 6070 5235
125 6933 1770 4009 1742
126 8029 5765 7133 6329
127 8137 5959 6685 5651
128 6167 5974 6070 6069
129 7396 5746 7384 6967
130 7337 3721 5966 1643
131 7908 4309 5955 2759
132 7504 5634 6261 1043
133 7971 4924 6921 843
134 7994 6226 7771 6523
135 7416 4206 7012 3327
136 6165 2442 3428 1053
137 7586 5480 7563 5962
138 6587 435 434 5222
139 8162 6591 7071 6375
140 7031 5511 6321 5498
141 7452 2691 4564 2753
142 6682 4861 2731 624
143 7950 5836 7349 6513
144 8041 222 7860 4845
145 6031 2668 4719 2667
146 6806 5593 6013 5996
147 8296 6324 7164 6553
148 7344 5927 6872 5279
149 6621 4995 5838 4341
150 5878 5180 4342 394
151 8129 6746 6989 6003
152 7421 5490 6866 6118
153 7528 5744 6875 5815
154 7652 5966 6700 5971
155 8192 2055 7267 953
156 7120 626 6512 627
157 6758 3475 5250 4383
158 5913 5081 4358 778
159 7014 6188 6189 5628
160 7668 6292 7560 6552
161 6766 2024 6355 6135
162 6965 563 4959 4399
163 6133 4255 5272 3421
164 901 4061 5332 900
165 7648 2068 2052 956
166 8039 2572 6867 2539
167 6344 3496 1457 1818
168 5829 2428 707 4958
169 8024 5690 7841 7725
170 6975 724 5216 4475
171 6716 6387 6478 6068
172 7955 7114 7350 6818
173 7978 3904 7840 1710
174 8302 5716 7066 6280
175 6893 3558 1493 1856
176 7868 2618 7837 5200
177 7405 6194 6359 2468
178 6373 3281 1456 1816
179 6653 6308 6507 5621
180 7381 1253 7027 2828
181 7792 5601 6861 5778
182 6430 4298 6303 173
183 6653 6308 6491 6057
184 6373 2212 6255 2528
185 7548 5562 7023 5967
186 7965 6219 7445 6730
187 7194 5805 6732 6541
188 7290 6152 6350 5504
189 7862 5799 7362 7059
190 6649 795 3016 4321
191 7509 6737 7246 6265
192 5633 4112 2091 2090
193 5900 820 4394 819
194 4036 2001 886 5300
195 8351 6266 6813 6459
196 7510 2335 6122 2337
197 8118 5230 4586 2715
198 8249 1188 7107 2682
199 6868 949 6304 2047
200 8192 915 6913 2071
201 6833 6247 6813 5775
202 7931 2629 6551 107
203 5729 977 2280 2286
204 7040 5708 6348 5590
205 6282 3987 5488 5403
206 6933 5847 6133 1768
207 6969 674 6021 675
208 7202 5987 6183 5876
209 6822 4211 4245 314
210 7968 7176 7430 7408
211 8115 6228 8098 6341
212 8270 5815 6875 5744
213 7182 4518 3643 3080
214 6787 5623 6277 5496
215 8059 7040 7478 5585
216 6775 2786 6586 3572
217 7885 6084 7470 5727
218 7678 6687 7506 7016
219 7907 6221 7778 5773
220 7743 1533 1331 3013
221 6132 2378 2372 1140
222 6291 5061 823 2974
223 6954 3903 5369 3899
224 6709 6079 6425 6284
225 6322 5577 6108 6040
226 6905 5052 48 47
227 8079 7142 7445 5870
228 7746 6007 7304 1550
229 6654 5019 496 5092
230 6186 1546 5649 1910
231 6618 418 6062 4990
232 8333 7638 8110 5784
233 7855 5403 5488 3987
234 6246 3442 6021 5117
235 7665 3133 3328 1556
236 7528 6042 6164 5622
237 7385 230 6373 6212
238 7438 6271 6445 6423
239 8365 4382 8139 4966
240 5727 2159 2164 1036
241 7471 5953 6766 6135
242 7101 2349 7045 1474
243 6209 4393 4977 2310
244 7240 4880 711 712
245 7900 1263 7370 2850
246 6464 1485 6100 5908
247 7397 5243 6220 872
248 6772 5858 6406 5771
249 6293 1999 2007 4018
250 7654 5514 7167 5853
251 7057 2218 2219 1590
252 7428 6361 7082 5803
253 6254 4354 5145 103
254 7688 2459 2494 1070
255 7157 5295 3912 3827
256 8178 6762 7126 5497
257 7950 3268 5836 1381
258 7744 5595 6954 3903
259 8230 2636 2644 5152
260 7353 6107 7106 6666
261 5989 3167 5860 415
262 7836 5461 7734 5989
263 7371 2120 7279 4145
264 7825 4322 5957 4884
265 6970 6394 6426 5951
266 8163 3402 6984 2224
267 7000 5098 5851 2443
268 8166 963 7880 955
269 7878 1357 6999 1545
270 6444 411 410 4544
271 7718 6154 6712 6584
272 8035 1977 7897 3910
273 7624 5580 6383 6304
274 6708 5976 6583 6476
275 7536 3757 6259 5242
276 6267 987 2113 2106
277 7778 2577 7260 1135
278 7550 6305 6331 1055
279 6631 1898 2982 3605
280 7803 4033 5259 2068
281 7078 6273 7027 5550
282 6784 789 790 5277
283 6920 1282 1518 3460
284 7964 6725 7960 6749
285 7119 2566 6069 2343
286 7386 4687 6624 531
287 7515 1567 1406 3675
288 7456 7421 7427 7323
289 7387 5486 6802 6351
290 7607 5157 5462 611
291 8396 2959 8265 6631
292 7811 4745 6706 6036
293 6832 2999 5833 4321
294 7656 4035 917 2054
295 8123 6156 6444 3462
296 6413 4800 6104 5769
297 7567 5878 6376 394
298 6696 5086 6637 5829
299 8056 6314 6757 5504
300 7465 7127 7387 6292
301 7531 1793 1018 2141
302 2014 4208 4031 30
303 7773 6600 7488 278
304 2532 2528 6255 1105
305 7120 4520 6512 626
306 5602 3546 3200 4293
307 7094 5932 6710 5710
308 6293 1999 6272 4032
309 7162 5234 539 4458
310 7775 7150 7661 1061
311 6215 582 4470 616
312 5599 3733 1670 3732
313 6962 2902 6398 6108
314 6597 5801 6387 5963
315 6420 911 909 2035
316 8406 5669 7480 5619
317 7433 6389 7352 6359
318 7528 5532 7281 6338
319 7824 57 58 4808
320 6961 6806 6911 5201
321 7120 5342 6512 6189
322 7646 2057 4023 5452
323 6848 6347 6454 5988
324 7605 5661 7011 5706
325 6658 3046 6518 3043
326 7274 2143 4129 572
327 7160 860 5021 3108
328 8193 5758 7858 6387
329 7500 5870 7445 5908
330 8155 1668 3382 1625
331 8239 6139 7414 5498
332 7390 3793 1952 1614
333 7913 5783 7604 6081
334 7324 4348 7090 3606
335 6756 5073 4352 3044
336 7900 1263 1268 2847
337 8110 6252 7740 256
338 6706 2832 6670 6036
339 6417 5731 6373 5754
340 8209 6079 7530 6568
341 7729 6029 7517 6184
342 7853 6547 6648 6557
343 6708 3620 5656 5142
344 7695 4066 908 4084
345 7664 5536 6790 6553
346 7584 6037 6182 1532
347 8402 3422 5199 4397
348 7441 6109 7203 6525
349 7830 4873 2600 2648
350 8321 5798 7928 5544
351 6025 4225 4992 745
352 7622 6236 6838 6535
353 8186 4527 2809 2808
354 6832 1325 6037 1532
355 8044 5671 7425 5937
356 7593 638 7262 639
357 5877 3831 2030 5291
358 7183 5846 6953 6078
359 6659 3305 6524 3221
360 6209 2310 5818 1612
361 7663 5659 5685 5642
362 8161 1383 3151 3143
363 7429 5871 7408 7126
364 7445 5567 6843 5515
365 8240 6015 6160 5578
366 8219 3538 6761 2645
367 7718 6712 6992 5661
368 7293 6413 6679 6552
369 7304 3109 7026 4515
370 8268 4389 7572 4904
371 7873 4010 3992 5421
372 6307 5713 6119 5811
373 7203 5541 7127 6763
374 7519 2687 1187 2694
375 7677 5608 7081 6888
376 6620 4499 3243 5039
377 7729 6184 6767 1170
378 7854 2440 582 4487
379 6881 3722 6026 1644
380 6534 3761 6345 3701
381 6962 768 6398 2902
382 8276 7349 7950 3148
383 6579 1361 3090 3630
384 6993 5605 6731 6204
385 7536 3757 5242 3763
386 8243 1300 2935 1889
387 7057 2217 5789 1944
388 7494 1287 2905 1883
389 7714 6006 7197 5500
390 8214 3442 6246 1216
391 7794 6757 7289 6821
392 6983 50 51 4667
393 7583 6903 7407 7299
394 8289 1500 8128 1494
395 8006 2303 3344 1451
396 7896 7083 7250 2584
397 7617 3881 6005 5319
398 7129 6139 7050 6488
399 7868 1477 2618 1156
400 7457 5869 7216 6362
401 6951 1592 6148 3362
402 8231 5244 2477 3478
403 6279 4956 2794 4524
404 7403 944 5652 5252
405 6018 3355 2474 5108
406 8060 6407 6412 5441
407 5332 5171 900 4061
408 6444 4544 2950 5000
409 5883 3967 3950 1684
410 7137 4992 5111 744
411 8042 5853 6710 6022
412 8176 5805 7694 7070
413 6539 4369 4944 3004
414 7938 2758 4207 4461
415 6801 810 4831 809
416 7084 3647 1552 1903
417 7726 3536 1160 1480
418 7836 5989 7734 6618
419 7689 4274 7537 6702
420 8122 1709 6820 3823
421 8144 4030 4022 919
422 8252 5819 6074 5498
423 7684 6350 7159 6244
424 7198 1374 1917 3125
425 7106 6434 6847 6107
426 5687 204 205 4255
427 6234 4994 5812 4429
428 7849 4290 829 5177
429 6817 3570 6004 5181
430 7430 6389 7408 7126
431 7173 5571 7140 1969
432 8152 6622 6844 6364
433 8248 2105 8018 7488
434 7310 6619 7116 6639
435 6597 1495 3565 2770
436 7820 6341 7733 7151
437 7642 4287 5270 461
438 7296 3993 6297 1767
439 7078 1281 6798 6249
440 6460 3317 1416 3227
441 7379 4165 2183 4187
442 6412 5433 6279 2027
443 7189 1648 1675 3734
444 6592 2985 1517 1882
445 7774 4777 373 2953
446 7730 6807 7007 5540
447 6272 4984 3185 3186
448 7415 1228 6935 1215
449 7723 6448 6959 6087
450 7617 6211 7409 5319
451 6556 3811 5647 5595
452 7704 696 7062 2252
453 6587 4517 435 4539
454 7291 6654 6809 5019
455 6724 6428 6451 6257
456 6422 983 2292 2288
457 6795 3609 2991 5277
458 8237 4634 6421 730
459 6470 4662 2455 2429
460 8298 2470 7750 4597
461 6354 2316 1127 2562
462 7880 5440 5904 2065
463 6071 2530 5999 1455
464 7057 2219 5789 1590
465 7070 6771 6833 6813
466 7315 5564 6030 5536
467 7079 5790 6810 6217
468 2009 14 15 5106
469 6632 2716 1202 1201
470 8253 6265 7934 1309
471 7462 1794 5872 1020
472 7059 1124 6157 3504
473 7893 6525 7465 7187
474 7424 1681 7355 2326
475 7245 3602 6524 3224
476 6712 2239 6584 4565
477 7839 5656 6705 5142
478 7194 4754 6732 5915
479 2073 4032 22 4626
480 6932 47 4858 4871
481 8305 4688 459 460
482 6940 5972 6178 4173
483 7756 6900 7578 7473
484 6394 3410 1035 1797
485 8228 5602 7400 5960
486 6604 4288 4363 864
487 8065 3456 7368 7128
488 6199 5792 5973 5934
489 7515 1414 7459 6524
490 7855 1747 7056 3988
491 6640 699 6045 4585
492 7726 6082 6473 5784
493 7511 5533 6525 5543
494 8153 7027 7381 5947
495 7626 1307 6629 2966
496 7771 6226 7217 6523
497 7447 6331 6636 5846
498 8213 5738 6318 5627
499 7372 5682 7043 6196
500 8066 5990 7611 7503
501 7712 6858 7260 1152
502 6449 4870 6264 3624
503 6261 4167 5684 660
504 7516 4328 6936 5103
505 8131 1386 3162 3164
506 7629 5648 7136 5576
507 7484 4440 6150 5064
508 7315 449 4280 450
509 5808 561 4147 560
510 8195 1270 2868 3589
511 7540 966 5747 2006
512 7330 4445 2368 2370
513 6449 3624 6264 3027
514 6740 1695 5662 1972
515 7617 5313 7409 640
516 7746 5841 6462 5131
517 8296 1921 6324 1557
518 8129 6002 6989 6713
519 8203 1195 6496 6435
520 6448 3874 5334 3875
521 6026 3724 791 3722
522 7240 4880 5735 4638
523 7838 2064 6181 920
524 6218 82 6080 4657
525 7487 5243 4427 3133
526 8237 3887 732 3787
527 7912 6117 6353 847
528 8255 2764 7077 2674
529 8373 6165 7861 6969
530 6934 4374 3676 3214
531 7842 5197 4273 3473
532 8278 2094 7740 4106
533 5723 1743 1770 3422
534 7522 6558 6955 3106
535 7500 4594 6381 5457
536 7803 2005 5287 4033
537 5818 3894 1951 1612
538 6646 5189 3735 4479
539 8197 817 6020 4872
540 6568 4109 4115 265
541 7356 6661 7068 5671
542 7856 1071 2463 2462
543 7280 5791 6695 6470
544 8076 6581 7980 5620
545 6403 916 921 914
546 7763 6066 7165 6835
547 8027 6796 7025 6436
548 6609 2931 5796 3597
549 6246 3443 6021 5748
550 6171 5742 5943 4583
551 7919 5188 6555 3622
552 8284 7323 7421 5517
553 5866 2945 2940 1888
554 7916 4399 564 563
555 7799 5518 7400 7281
556 6143 1560 1559 3331
557 8249 2682 1186 1188
558 8222 5281 6301 607
559 7501 3350 6305 2575
560 7764 3574 7724 2800
561 7145 1476 2630 1161
562 6927 6072 6711 2741
563 7605 1080 2479 2482
564 8289 3303 1500 1494
565 6743 1920 1385 3155
566 6585 2620 1158 2624
567 8370 6537 7332 6162
568 7753 6249 6463 5726
569 6283 3870 3871 1584
570 7390 1613 7146 6637
571 7207 5594 5986 5586
572 6045 4663 5010 2612
573 8222 4265 7333 2376
574 7963 6808 6937 5581
575 7497 5714 6824 6156
576 7967 5927 7666 5874
577 7663 5659 6316 5829
578 7893 7187 7465 5499
579 6308 3534 5245 2385
580 6584 481 4565 4676
581 7818 2114 7446 4123
582 8244 5689 6898 6216
583 7390 1662 6696 6089
584 7540 2006 5747 4035
585 7985 6440 7904 6881
586 7840 3904 3821 1710
587 7567 5180 5878 394
588 5998 2473 2220 1078
589 8272 1552 3150 1382
590 7500 5515 7445 5870
591 7901 2264 5658 2453
592 7887 2478 6029 4643
593 7062 5538 5944 5909
594 6557 6242 6547 5748
595 7972 1163 6734 2634
596 5743 740 5321 741
597 8355 8082 8095 7088
598 7454 5483 6905 6623
599 7349 440 6840 4706
600 7860 2484 6614 2500
601 8135 6752 7340 6855
602 7283 1060 3426 2752
603 7082 3502 5213 3503
604 7760 1155 2616 2655
605 7983 6966 7555 6574
606 7445 5753 6730 5806
607 6261 5646 5887 5634
608 7496 266 265 2531
609 7878 3083 5914 1911
610 6956 3684 6278 1627
611 7801 3962 3932 1699
612 6445 4791 6031 38
613 8227 5581 7963 5940
614 6272 1999 2073 4032
615 7566 5292 7241 5975
616 6735 1104 6446 1453
617 8403 4122 4104 2097
618 5650 4388 788 3718
619 7403 5652 6701 3909
620 6593 4480 5625 4724
621 7345 6451 6724 6428
622 6625 5542 5686 5552
623 7390 1952 6637 2261
624 8296 6553 7784 5850
625 5891 3230 3232 1418
626 6290 3616 6058 4424
627 7620 243 5839 244
628 7149 6189 7120 7014
629 6692 599 600 4215
630 8149 2307 6997 6498
631 7916 4399 4934 564
632 7862 5799 7059 3393
633 7891 3582 6469 6401
634 6823 6154 6584 5871
635 7034 6248 6580 5731
636 5302 4041 892 893
637 8227 6808 7963 5581
638 7222 2152 2129 4153
639 7032 3750 1670 3745
640 7911 6599 7273 7155
641 7819 2669 2512 1179
642 8050 7840 7863 6820
643 6363 1933 6017 1572
644 6458 2541 5722 1139
645 6452 5173 3400 3515
646 7381 6094 7256 6811
647 6239 118 4701 3543
648 7301 3916 6628 2069
649 8183 6064 6781 5926
650 7166 6591 7120 5676
651 7070 6541 6732 5805
652 7206 851 4312 4942
653 7520 5600 6798 6249
654 7844 3828 845 3829
655 7092 5664 6917 5749
656 7476 5604 6031 5643
657 5866 4772 2941 2940
658 6977 5855 6857 6242
659 7696 6608 7399 6045
660 7055 6056 6850 6228
661 7096 5931 6373 5731
662 7258 4879 6720 4854
663 7823 1001 7402 7031
664 7732 5521 6709 6425
665 7757 6797 7426 6321
666 8031 6063 7025 6179
667 7244 5404 3985 4005
668 7214 5503 5841 5491
669 7403 6913 7267 5485
670 6887 4575 6043 584
671 6390 4682 4481 2566
672 6739 2853 6104 1265
673 6442 6242 6262 6073
674 7916 4934 6142 565
675 5748 4898 2640 3443
676 7668 7465 7560 6292
677 6412 946 4074 937
678 7885 2184 4168 4170
679 7390 2261 6637 2265
680 7577 1232 6966 1501
681 8120 6809 7707 6443
682 5888 1334 1904 3031
683 7218 5724 6517 5566
684 7876 1541 1350 3145
685 7496 2285 5754 4251
686 8371 6345 8224 7367
687 7459 2979 1414 3222
688 7186 1454 5950 2313
689 6231 1664 5868 1618
690 8273 2997 799 3617
691 7110 5531 7052 6912
692 8001 1260 1261 2841
693 7806 5936 7493 6927
694 7268 1959 3703 1635
695 6153 615 3445 4487
696 7488 6170 6600 5837
697 6752 1750 6323 4004
698 6556 3897 1955 1622
699 7756 3071 3056 5078
700 7628 2125 4137 2121
701 6259 4230 5242 794
702 7850 5711 6351 6302
703 7057 1944 5789 2216
704 7544 5554 7350 6813
705 7752 5514 7167 6674
706 6659 3337 5922 5899
707 8029 5559 7356 7133
708 7888 5422 4009 3996
709 7453 5970 6728 5828
710 8035 3910 6998 3914
711 7684 5504 6152 5911
712 7506 7219 7456 6792
713 7500 7229 7445 6379
714 8231 471 7758 7363
715 7986 109 7636 4508
716 7142 5753 5870 5696
717 6376 4451 396 5206
718 7133 5559 6393 5630
719 6318 2136 6268 2140
720 8225 5601 6835 5778
721 7905 2604 2598 1149
722 8400 3781 8303 3780
723 6039 2130 1026 2152
724 7747 4160 2193 2194
725 7669 6374 7588 6217
726 7991 7773 7818 5837
727 7467 6665 7399 7063
728 5796 1522 2931 1890
729 8279 6309 7553 7257
730 7420 6570 6740 6223
731 8201 5898 6395 376
732 6500 4811 3087 3641
733 8135 5631 7633 6855
734 7680 5842 6341 5639
735 7383 5508 6488 6315
736 7379 4163 2181 2182
737 7804 6815 7295 5522
738 6083 1611 3369 2256
739 7864 5791 7280 7009
740 5679 3592 1278 1514
741 8181 5879 7736 6344
742 7484 333 6150 5391
743 7823 2259 3385 5468
744 7774 2951 2953 374
745 6767 1170 6203 2652
746 8333 6473 7726 2627
747 7666 7284 7448 6725
748 7947 7493 7806 6874
749 6524 1414 3224 3602
750 8169 3694 5707 3742
751 6563 3273 5138 4209
752 7811 340 341 4322
753 7789 5976 7269 5656
754 7173 6096 7163 6869
755 8045 1884 6800 3458
756 7153 2765 6641 1230
757 6363 1573 3594 3266
758 6200 5472 2967 5051
759 6685 132 6230 4237
760 8177 4839 4583 662
761 8123 6397 6444 6156
762 7954 5720 7076 5760
763 7173 2340 1689 1688
764 6542 6123 6411 85
765 7137 3708 1637 3733
766 7242 5966 7179 5635
767 7276 6915 7219 6866
768 7651 4591 7591 765
769 4433 30 4031 4208
770 6970 3409 6394 6153
771 5171 4090 3922 899
772 7434 5968 6008 5803
773 8178 6528 6656 5767
774 7378 2370 7330 2367
775 7015 735 4611 4624
776 8363 5831 7683 6486
777 7716 6639 7473 6749
778 7147 5681 5766 5538
779 7824 7575 7768 6253
780 7420 6689 6986 5662
781 6354 6240 6248 6032
782 7988 6760 7787 5534
783 6740 3394 6056 1696
784 7804 5522 6857 6242
785 7365 1587 2215 2214
786 8219 1481 3538 2625
787 7993 5516 6355 6135
788 7933 3060 7018 1333
789 8254 7480 7955 6224
790 7791 2922 7308 1876
791 7597 4490 7265 2402
792 7820 5570 7694 7151
793 7836 5056 5461 4645
794 8127 974 7901 7815
795 7157 4057 6998 2016
796 8193 7228 7939 3564
797 6872 5279 5927 424
798 6983 51 52 5076
799 7591 2920 4526 4591
800 7261 3315 7257 6936
801 7694 6605 6989 6960
802 6747 4164 4186 2180
803 7918 5178 5720 543
804 5829 4996 5086 707
805 7602 935 5428 2032
806 7051 5883 6201 5771
807 6661 5524 6329 5644
808 8343 6043 7793 6688
809 7510 5771 5897 5883
810 7666 5523 7448 6198
811 7798 5909 6102 5686
812 7313 1038 1037 2703
813 8187 7350 7544 5554
814 7444 3197 3669 1400
815 7365 6188 7149 5323
816 7934 2946 7509 6737
817 7215 1822 1127 3510
818 6495 595 6059 2214
819 5836 3268 3140 1381
820 7643 5626 7058 5984
821 7964 7666 7960 6725
822 7138 2292 6284 995
823 7682 6022 6710 5853
824 8336 4425 4703 3165
825 6610 5677 6593 1807
826 8343 6760 8054 7667
827 7108 6611 6680 6538
828 6495 2215 5640 1587
829 7621 5554 5878 5615
830 7604 3158 6879 1379
831 7382 6385 6391 1314
832 7926 5435 4063 2044
833 7636 6312 7196 6551
834 7500 6100 7445 7229
835 7504 2161 1039 1043
836 7763 6066 7587 1509
837 7725 2221 6148 603
838 8262 3067 6554 3048
839 7374 2902 6108 5577
840 6371 1811 3280 1450
841 7887 6109 7287 6846
842 6592 1517 1284 2900
843 7335 1317 7090 2984
844 7335 2984 7090 6598
845 5225 5454 2011 905
846 6742 1538 6449 3040
847 8321 7859 8281 2312
848 7590 6525 6540 6447
849 5701 4952 3312 3591
850 6600 5594 5722 5586
851 6069 2551 1823 2343
852 7898 1028 2150 1027
853 7783 1777 5946 994
854 8335 1692 3931 1691
855 6545 3309 2838 1257
856 6864 5688 5692 5657
857 5750 3077 3642 4642
858 7247 1930 6659 1423
859 7771 5597 6523 6317
860 7379 6774 7103 4163
861 8337 7826 7945 5723
862 7801 1699 7192 3396
863 7709 1876 2863 1268
864 7580 5736 6415 6410
865 6841 3084 6020 4872
866 6490 5983 6414 5621
867 7412 6132 6334 5990
868 6214 3563 4667 3303
869 7621 5206 396 3102
870 7747 4160 683 4187
871 7844 3829 3830 1714
872 6166 2223 1077 1074
873 7153 5746 6966 5613
874 6964 2514 6147 2520
875 5743 3705 739 4750
876 8063 5943 6606 6171
877 6512 5329 3770 5351
878 7757 6941 7543 6588
879 7886 3513 2582 1113
880 7723 3874 1582 3767
881 7760 3093 2616 1836
882 8201 4968 375 374
883 7528 6875 7400 5815
884 8190 4515 180 216
885 5820 3707 1636 1960
886 7161 5769 6330 5543
887 8363 5825 7631 6234
888 6225 1199 1194 2714
889 5670 4078 5603 947
890 7866 6529 7273 814
891 7069 3087 1359 1913
892 7744 5595 7539 6954
893 7069 6076 6500 5945
894 8046 1679 1680 3944
895 6743 1386 1385 3162
896 6593 5625 6014 5531
897 8284 5920 7690 6511
898 7642 459 6149 4287
899 6974 526 4912 4389
900 7397 3865 6086 3864
901 7525 5816 7283 704
902 8230 6027 7606 6919
903 7732 6580 6709 6079
904 7842 5197 3473 3666
905 7635 2532 3486 4670
906 6911 4299 5715 2505
907 7631 6332 6523 5825
908 7096 5028 6061 2547
909 7934 6265 7509 1895
910 196 6274 7401 4949
911 7720 1585 6119 1584
912 8276 4922 3142 3137
913 7348 2944 5022 4817
914 7230 5875 7216 6335
915 7955 7350 7406 6224
916 7405 4555 6460 4730
917 5691 659 658 2716
918 8041 6752 6855 5413
919 7935 3473 7842 7080
920 7348 2929 5840 2944
921 6466 5026 3468 3191
922 7650 1318 1320 3069
923 7915 1568 5953 1433
924 8036 6915 7276 7275
925 7861 5851 6461 5843
926 6969 4178 4181 675
927 7668 6522 6796 6786
928 8106 5755 5932 5747
929 7852 4798 4803 2842
930 8203 6750 7576 3551
931 7864 5791 7009 6127
932 7914 665 6171 4860
933 7842 4293 6758 5602
934 5879 3387 501 4310
935 7448 6859 7297 7284
936 8016 7578 7716 5530
937 7769 3535 7347 1150
938 8161 1383 3268 1381
939 6166 1070 1074 2459
940 7466 5170 4286 2767
941 7540 5747 6628 5710
942 8106 1979 1723 3843
943 6602 5549 6358 5633
944 7078 5251 6798 2878
945 6602 5763 6358 6034
946 7726 1480 6473 6082
947 7745 728 727 5340
948 7402 991 7058 1001
949 7115 3583 2855 4796
950 6665 4177 6171 665
951 7253 5619 5649 5164
952 8008 7129 7762 6570
953 7605 2482 2479 4588
954 7517 6871 7375 6174
955 6717 6254 6707 6361
956 7539 3764 1620 3899
957 6352 5768 6106 5532
958 6385 2009 4029 4039
959 7978 1710 7840 7499
960 7305 5364 3928 761
961 7652 5971 6700 5938
962 7700 1018 7531 1793
963 7279 1787 5902 1004
964 5890 4041 5309 5302
965 7513 4578 6070 545
966 6115 5641 5995 5844
967 7771 6317 7217 5807
968 7591 6134 7323 5675
969 8078 5887 6745 1040
970 7798 5682 6565 5686
971 8369 7946 8360 5921
972 7467 1047 2612 1799
973 7890 2012 6293 3648
974 7959 6398 7883 7367
975 5716 4225 746 5049
976 7056 1988 1759 3982
977 6146 481 480 4825
978 8095 3101 3326 5153
979 7222 555 2129 554
980 6407 4016 2000 4040
981 6661 6515 6604 5553
982 8181 6299 8023 5715
983 8071 5633 7740 2091
984 8205 1431 7980 3256
985 7960 5927 7727 6872
986 6263 3540 5178 2641
987 7801 3396 6508 1700
988 7394 5849 7159 6350
989 7916 4148 5918 563
990 6717 6254 6361 6124
991 8323 6091 7942 3856
992 7338 5698 6191 6128
993 7154 5028 7096 233
994 7741 3553 2643 5107
995 8240 6409 7246 7200
996 7832 2309 6657 1446
997 7895 6187 7417 7086
998 7660 6095 6401 5556
999 6471 1936 1574 3340
1000 8287 1949 5695 1605
1001 6992 4972 6712 6154
1002 7866 814 7273 813
1003 6654 6295 6443 5092
1004 8025 4605 259 258
1005 6706 2688 6356 1251
1006 7138 3375 3372 996
1007 8274 2740 5031 5089
1008 7958 6152 7328 6244
1009 8417 5491 6930 6125
1010 7469 2466 5677 1073
1011 7416 6290 7012 4206
1012 6706 3580 6356 1505
1013 7591 765 4591 764
1014 8226 5949 8020 7293
1015 7549 5070 7111 6784
1016 7967 5874 7344 5927
1017 6854 3324 1912 1348
1018 7945 5839 7007 5540
1019 5887 2683 4492 2707
1020 4043 3930 5225 904
1021 7626 6156 6816 6444
1022 6616 2602 4048 2008
1023 7683 6332 7180 5482
1024 3153 7091 8217 4506
1025 7818 2106 6267 2113
1026 6251 2366 6075 5861
1027 7515 3222 7459 1414
1028 8015 2824 7802 1869
1029 6812 6492 6496 6435
1030 7437 488 5009 489
1031 7955 7114 7406 7350
1032 8248 5984 8157 7005
1033 7847 7548 7741 668
1034 6352 4739 436 437
1035 7709 3589 7308 6607
1036 6943 5685 6648 5642
1037 7513 581 4578 545
1038 7866 814 813 4991
1039 5564 5005 3170 4280
1040 6795 5277 6784 790
1041 7543 2635 6473 289
1042 8146 6979 7847 5782
1043 7765 4552 7076 510
1044 7595 6561 6836 2924
1045 6596 3157 5850 3163
1046 7912 5781 7844 7067
1047 7882 4835 6625 5702
1048 7000 714 5851 5098
1049 8038 3621 6477 3041
1050 6906 5946 6694 981
1051 6237 490 4370 4927
1052 7865 4699 78 79
1053 6450 4953 3418 5002
1054 7502 3997 6622 3973
1055 7013 1136 6707 1144
1056 7519 5074 7500 5457
1057 5881 705 4954 4685
1058 7637 5816 7525 4390
1059 7313 2703 6625 2575
1060 6916 4135 552 4143
1061 8201 3604 7774 374
1062 8267 5817 7105 6042
1063 7330 4445 326 3398
1064 6738 4863 6353 4935
1065 7850 5711 7187 6351
1066 8294 5631 6282 5606
1067 6588 4124 5680 4097
1068 7639 5317 6211 6005
1069 7501 6305 6625 2575
1070 7718 5661 6823 5575
1071 8215 5492 7899 7230
1072 7528 5815 7281 5532
1073 8081 6298 6794 6605
1074 8294 6302 7850 6351
1075 7550 1058 7447 7379
1076 7422 5023 7355 4790
1077 7455 5492 6362 5882
1078 945 4047 17 4044
1079 7061 6330 6550 5769
1080 7905 2597 6965 2386
1081 6138 3330 3329 1559
1082 5652 3909 3925 1739
1083 8408 1227 7286 1497
1084 6922 4971 2295 3379
1085 6432 3803 635 3774
1086 8281 3900 1622 1623
1087 5929 4196 2590 5140
1088 7467 1059 2187 2172
1089 6600 5016 278 277
1090 8223 5597 6232 5694
1091 7699 5565 7518 5626
1092 7095 5890 5940 5581
1093 7863 5256 3819 841
1094 5766 5538 5582 5502
1095 7868 6543 6585 1156
1096 6804 5487 6212 5488
1097 7939 7228 7908 2775
1098 8400 3780 7755 1947
1099 5804 3411 1151 1475
1100 7739 1144 5506 1470
1101 6620 4825 3228 4499
1102 6520 5575 6371 5705
1103 6649 4441 4318 3011
1104 7397 5247 6220 3868
1105 7998 5487 7677 6804
1106 8239 5493 7414 7050
1107 7051 5858 6894 5780
1108 7358 5863 6859 5779
1109 6962 768 2902 4541
1110 7895 5721 6977 5758
1111 7455 7179 7242 7016
1112 7091 4630 5005 448
1113 7623 6118 6828 6650
1114 6251 1703 1702 2366
1115 6023 612 2235 2233
1116 7501 5686 6625 6196
1117 7001 5925 6457 6276
1118 7615 3092 6186 3138
1119 8112 7003 7398 5493
1120 7095 1726 3846 1980
1121 5840 1888 1302 2944
1122 6993 3740 5935 5845
1123 8062 4855 4998 3637
1124 7873 4010 7705 3992
1125 6886 1832 1469 3288
1126 7399 5010 6608 2400
1127 7420 2350 2351 1694
1128 6748 1021 2449 1032
1129 7983 5885 6966 6574
1130 6616 6304 6514 5609
1131 6643 6382 6523 5825
1132 6637 5086 5881 5829
1133 7210 2913 6519 6296
1134 8321 6260 7859 5544
1135 7057 2217 2218 1590
1136 7313 5552 6625 5702
1137 6682 5676 6594 5943
1138 8161 3268 7950 1381
1139 8354 7697 8138 6566
1140 5960 463 3345 3269
1141 8365 3253 3338 4382
1142 5961 3509 3285 5130
1143 7460 7106 7423 6667
1144 5963 3567 2662 1496
1145 7805 6844 7588 7232
1146 7522 824 6955 5061
1147 7402 3384 2259 4219
1148 8149 1124 2559 3284
1149 7287 148 6846 6540
1150 6992 483 6154 484
1151 8193 3564 7939 2769
1152 7106 5559 6674 6667
1153 8112 6772 7212 5493
1154 6385 3316 2971 1880
1155 8271 6244 7812 5792
1156 6490 5985 6414 5951
1157 6673 5526 6174 6029
1158 7077 2764 2763 5267
1159 6130 5884 5901 5516
1160 6089 3885 5776 3794
1161 7474 5174 6049 246
1162 8119 6759 7770 5545
1163 7467 5852 7063 2171
1164 7234 179 3643 4518
1165 6829 5314 6025 3809
1166 7397 872 6220 5247
1167 7507 5509 7455 6885
1168 7997 6896 7561 5547
1169 6363 1933 3266 3319
1170 7093 5868 6908 5635
1171 6999 4942 3047 3628
1172 8288 6455 7699 7207
1173 6693 4859 6456 144
1174 7545 5897 7292 6787
1175 8272 1558 8014 1382
1176 7157 3827 5286 5295
1177 7984 4099 2080 2099
1178 6670 2827 1252 1245
1179 7280 5694 6695 6360
1180 7487 5699 6393 5630
1181 7911 5665 7288 6427
1182 8171 3911 5904 5171
1183 7655 7321 7458 7024
1184 8374 6747 7990 5925
1185 6354 3401 6032 2321
1186 7881 3776 7617 1593
1187 1422 3251 6415 1427
1188 6932 47 46 5052
1189 6368 5794 5857 953
1190 7438 2653 6445 6271
1191 7248 6216 7017 1394
1192 7852 189 5711 188
1193 6348 1245 2826 2813
1194 7272 5826 6842 4216
1195 6934 3677 3676 5255
1196 7263 5344 5355 3801
1197 7422 4790 295 4639
1198 6973 1663 2269 1616
1199 6784 5277 2991 789
1200 7049 6534 6663 1634
1201 7904 6026 6881 791
1202 7085 756 6954 5537
1203 7547 1522 2932 3097
1204 7925 6695 7280 5694
1205 8142 5490 8044 7449
1206 8191 6997 7737 7608
1207 7268 5743 6335 5820
1208 7186 1454 7064 5950
1209 5802 1678 2322 2320
1210 7138 2292 995 3372
1211 5972 657 656 4810
1212 7446 4123 275 276
1213 6129 3242 4913 448
1214 7678 5509 7455 6723
1215 7430 6166 7362 6194
1216 6764 412 6156 5114
1217 7518 5787 6588 6175
1218 7754 5529 7505 6374
1219 8267 6033 6042 5745
1220 7199 1772 2397 1744
1221 6583 35 4837 4580
1222 7514 4988 5011 422
1223 7873 6297 7570 5412
1224 8094 5724 7335 3003
1225 6212 229 4670 228
1226 7662 1169 7517 2650
1227 7720 5941 7443 4601
1228 7910 5128 6511 4213
1229 8145 3690 6497 3738
1230 7898 1027 6506 2475
1231 7862 4599 5469 2556
1232 8103 388 5063 2846
1233 8168 585 6688 6043
1234 7718 6823 7175 5575
1235 6074 5498 5658 5511
1236 8050 6405 7863 6429
1237 8334 7739 8074 5506
1238 6922 3379 4679 4971
1239 6658 3043 1339 1341
1240 8030 4029 928 4039
1241 5939 2356 1013 2353
1242 7149 629 628 5362
1243 7784 3155 6743 3157
1244 7326 5343 5340 3888
1245 6 4564 7 4064
1246 7628 6054 6451 5494
1247 8269 4694 7568 4573
1248 7211 6315 6488 5508
1249 8040 2535 7780 6071
1250 6826 3108 5021 3076
1251 6609 165 6492 4765
1252 6790 5732 6553 5850
1253 8296 3657 7784 3658
1254 6973 1617 6231 5868
1255 7484 4440 6617 6150
1256 7906 3729 7189 5143
1257 7850 6238 7633 6802
1258 8134 6833 7148 5479
1259 7042 3247 5009 488
1260 7547 202 6729 3097
1261 5866 2940 1302 1888
1262 7876 3154 7776 6353
1263 6463 4345 6249 5215
1264 8016 7578 7967 7716
1265 7940 7534 7599 7038
1266 7228 682 6615 681
1267 8059 5590 7981 6294
1268 6431 3786 1604 1605
1269 8012 5657 7275 6915
1270 7159 6257 6724 5480
1271 8235 6939 8075 7045
1272 7000 1064 6103 3430
1273 6447 1868 1249 2822
1274 8042 5710 7654 5853
1275 7521 2475 7072 5939
1276 8058 1277 7370 2883
1277 8261 239 240 5119
1278 7316 5395 5407 3989
1279 5789 3877 1589 1944
1280 6987 5282 353 354
1281 8390 5381 7976 7640
1282 8203 6435 8028 1195
1283 7932 875 2034 1994
1284 7526 1757 5488 1756
1285 7331 6781 7276 7275
1286 7938 5963 7867 1496
1287 8025 6252 6610 4856
1288 7796 6015 6866 5588
1289 7924 2056 2066 2075
1290 7517 1172 2656 2657
1291 6026 1643 5966 1673
1292 7800 1187 7519 5870
1293 8112 5771 7398 6759
1294 8154 6006 7038 6951
1295 5778 4936 2872 345
1296 7209 6912 7052 6888
1297 8160 5834 7278 5817
1298 8267 6389 7968 5697
1299 6928 4554 152 153
1300 7838 6181 7156 5979
1301 6100 1484 3297 3545
1302 7540 2001 5747 966
1303 7906 5513 6499 6190
1304 7075 4755 2811 366
1305 933 4049 5187 888
1306 7242 6660 7085 7016
1307 6783 3202 5740 4718
1308 5625 220 4724 4480
1309 8081 4450 362 5228
1310 8234 5497 6773 6338
1311 8335 1691 8327 1692
1312 8360 6652 7576 6048
1313 8206 7256 7381 5947
1314 6253 60 3213 5248
1315 898 5179 4053 5324
1316 8223 5694 7679 6595
1317 7141 113 4405 114
1318 8007 2595 4368 3407
1319 7963 5445 5435 2044
1320 7892 5632 7291 6654
1321 7366 4246 6600 2355
1322 6445 38 6031 4865
1323 8078 5727 6084 1042
1324 7837 4400 6308 5200
1325 7712 1152 7260 1473
1326 8145 3687 3738 4489
1327 7558 4546 6320 326
1328 7786 475 7688 7405
1329 7539 5310 6954 753
1330 8106 3844 6313 1723
1331 7728 6109 7511 6525
1332 6039 2130 2131 1012
1333 8119 6865 6894 6536
1334 8064 786 7979 3762
1335 7648 4094 5857 948
1336 7971 5256 3824 3823
1337 8317 4048 6616 6452
1338 5741 5273 827 826
1339 7892 498 497 5253
1340 8380 6856 8152 5992
1341 8374 7000 8150 1064
1342 8304 3154 1352 3066
1343 8308 6911 7047 5715
1344 7271 6893 7030 6048
1345 8294 6351 7526 6302
1346 8367 7683 7717 6647
1347 6483 4553 4760 2692
1348 8016 6186 7578 5530
1349 6045 5077 5681 4585
1350 8142 5954 7627 5937
1351 8268 2299 6655 4619
1352 7253 3638 3104 4430
1353 7526 4653 2416 2418
1354 7403 5252 5652 3909
1355 7036 5317 3777 644
1356 8127 2433 7715 2273
1357 7403 874 5252 3909
1358 6059 4214 2214 595
1359 8123 1526 6397 3604
1360 7803 4021 6093 2005
1361 7806 4852 6072 2747
1362 6114 803 4525 4814
1363 6442 6242 6246 6021
1364 6424 4305 3050 3627
1365 7561 5486 7556 7387
1366 5952 1417 1420 3236
1367 7461 4927 7437 6924
1368 8298 2466 7469 2467
1369 7587 6066 6564 1509
1370 7844 1713 6024 3829
1371 7940 7038 7649 7534
1372 6016 4266 499 498
1373 7431 6108 7323 5577
1374 6050 2689 5812 40
1375 6853 4377 2774 2761
1376 7238 6048 7030 6893
1377 8169 3694 4483 769
1378 8223 5567 6783 5597
1379 7151 5709 6548 5679
1380 7890 2012 20 4311
1381 7122 3254 3270 5012
1382 8178 6493 7439 7408
1383 6056 3961 1696 1697
1384 7612 5630 7487 6085
1385 8300 5726 7753 6535
1386 7997 5547 7995 5838
1387 7772 88 87 4885
1388 6060 1909 3063 3323
1389 8308 6404 7158 5844
1390 8372 5829 6696 5843
1391 8372 4250 5829 2422
1392 7552 2954 6800 2992
1393 7434 5921 6008 5968
1394 7399 2162 1059 1039
1395 7979 4974 784 783
1396 6011 1119 2560 2550
1397 7552 6172 6800 6254
1398 6886 3289 1832 1145
1399 7397 3868 6086 3865
1400 7185 4446 771 4776
1401 7355 2325 2326 1681
1402 8161 6504 7349 5779
1403 7253 4430 430 3638
1404 8302 6025 7066 5716
1405 6836 1891 1295 2921
1406 7936 5372 3937 3931
1407 8162 5527 6949 6375
1408 8166 5432 8144 6952
1409 7018 3049 1907 3060
1410 7889 5746 7396 5930
1411 8311 6476 7830 6452
1412 8311 1829 6452 1141
1413 7620 243 244 4333
1414 6447 183 6202 2804
1415 6100 1185 2680 1184
1416 7922 6543 7868 2623
1417 6928 152 4797 4536
1418 7469 2467 2466 1073
1419 6001 1008 2124 2125
1420 7547 3097 2932 202
1421 7892 497 6654 4381
1422 7412 2360 1137 1830
1423 7835 5983 7320 6761
1424 6233 1217 2756 1491
1425 7045 2588 6788 3414
1426 8031 167 168 4348
1427 8311 2602 6616 2649
1428 7460 7364 7423 6921
1429 7550 1055 6331 2444
1430 6075 2366 4452 4189
1431 8265 5033 7547 3132
1432 6416 2175 1802 2191
1433 6954 6660 6899 753
1434 8190 180 7265 4490
1435 7100 3491 2536 1110
1436 7817 5913 6561 5692
1437 8294 6302 7526 6282
1438 7558 324 4469 325
1439 8259 5532 7035 6576
1440 7717 5483 6623 5831
1441 7079 6837 6926 6392
1442 7297 5489 6577 6224
1443 6597 1222 2770 2661
1444 7782 6036 6601 5780
1445 7326 1601 6569 1948
1446 8124 5750 6826 5524
1447 896 5435 5331 895
1448 7263 5628 7014 6072
1449 7283 2752 704 4390
1450 7418 4356 6883 3075
1451 8110 4105 7740 4112
1452 7613 3892 6973 1617
1453 5670 4059 2018 4075
1454 7466 2677 4304 3557
1455 901 2051 5332 4061
1456 7413 4456 7208 150
1457 8015 371 6136 5774
1458 7121 2200 6275 1940
1459 7892 6295 6654 497
1460 6089 3794 1615 1663
1461 7418 3075 7087 4356
1462 8015 1248 6348 1245
1463 6846 4456 149 4965
1464 7365 3878 7221 1586
1465 8187 5764 7350 5785
1466 7560 5533 7465 6786
1467 6235 1745 1748 4001
1468 7838 5581 5940 5890
1469 7313 1037 2391 2703
1470 7204 4111 2098 2078
1471 7735 1466 3516 2542
1472 8375 6453 8151 3216
1473 7369 6526 6650 6058
1474 7935 1400 7444 1564
1475 6816 5783 6577 6482
1476 8025 4107 4856 258
1477 905 5252 3924 5454
1478 6933 1742 2392 1770
1479 7074 658 5684 4183
1480 8056 5983 7835 6761
1481 8171 1732 7942 5867
1482 7539 3764 1619 1620
1483 8087 6494 6778 1600
1484 8256 2806 7075 2811
1485 6357 1808 1086 2499
1486 1994 874 4046 944
1487 7268 1635 3703 3705
1488 6499 3812 5682 3797
1489 7672 2607 6939 569
1490 5851 2442 2443 4978
1491 7475 6393 7106 6405
1492 7563 5618 6892 5627
1493 6146 3234 3237 1420
1494 7896 1206 6503 2728
1495 6542 5099 86 3336
1496 6465 5221 2795 4523
1497 7786 7405 7688 6627
1498 8015 5774 7999 371
1499 6550 4282 6413 157
1500 7883 5718 6781 5926
1501 5967 5104 4327 666
1502 7614 5508 7243 6267
1503 8124 1354 6826 5750
1504 6272 4626 2073 3186
1505 8195 4773 5948 2867
1506 6104 2866 4800 2853
1507 7693 1314 3054 1328
1508 6899 5635 5971 5966
1509 8268 528 2299 4619
1510 6406 5459 2331 2329
1511 6895 5837 6480 6032
1512 8272 6722 8051 7975
1513 876 2005 5287 5426
1514 8019 1670 5599 1637
1515 8020 2897 4360 2983
1516 7744 718 3376 2275
1517 5935 782 4349 5013
1518 7399 1039 6608 1043
1519 8039 2539 2550 4455
1520 5723 1771 1743 2395
1521 7501 691 690 4869
1522 7648 5857 7157 3912
1523 6597 3565 6173 5161
1524 7944 2974 1897 1323
1525 7819 4536 4797 2669
1526 8084 3556 2754 5084
1527 7801 3970 6251 5393
1528 8281 3900 6556 1622
1529 7153 2778 6438 5651
1530 6424 6163 6264 5530
1531 6112 4330 6077 2857
1532 6354 1121 3401 2321
1533 8118 2783 6839 689
1534 7884 1430 6052 3255
1535 7685 6572 7497 6372
1536 8325 6223 7419 5624
1537 8420 3284 5132 4195
1538 8161 1381 3151 1383
1539 5953 935 4071 4086
1540 5829 1049 5659 2428
1541 7284 6988 7060 6898
1542 6868 5430 949 940
1543 7346 5807 7217 6317
1544 6597 5161 6365 2770
1545 7411 7031 7058 5653
1546 6603 864 865 3853
1547 7848 6814 7462 7333
1548 7444 5611 6980 6222
1549 8042 5932 6181 5979
1550 7510 2334 6122 2335
1551 5225 5454 905 3924
1552 6426 2380 6333 1022
1553 6322 4789 6040 803
1554 7210 1291 2914 1885
1555 6544 5918 6342 2135
1556 6289 5322 867 3862
1557 6138 3176 3660 4625
1558 6154 4972 4565 482
1559 7624 5643 6870 6793
1560 5692 1523 2882 3600
1561 6978 5807 6843 5567
1562 6122 4916 4241 2337
1563 7086 6210 6648 6547
1564 7885 5727 7313 2159
1565 6822 2354 6740 2352
1566 6645 205 6133 5687
1567 8120 4712 494 495
1568 6407 4040 6385 3314
1569 7557 5968 7169 5501
1570 6411 3562 2749 4882
1571 6025 745 746 4225
1572 7772 2749 87 4882
1573 8070 5027 4366 95
1574 6318 2140 1018 1030
1575 8402 4397 5199 209
1576 6934 1568 3676 3677
1577 7922 3529 6543 2623
1578 6883 4199 6854 3074
1579 8360 5921 7946 7616
1580 6438 1860 3568 2778
1581 7921 6122 7870 5897
1582 7431 6118 7421 5517
1583 6071 3494 1106 1455
1584 7647 5711 7526 6351
1585 6597 5963 6387 1496
1586 6592 5679 6560 6044
1587 8356 4677 5795 452
1588 7446 2114 6480 275
1589 6568 264 4890 265
1590 6706 2837 4804 2839
1591 7193 958 1996 2076
1592 7183 6187 6366 5846
1593 8315 5779 7358 6859
1594 6093 3820 5266 5294
1595 7599 7038 7534 5528
1596 6767 6184 6203 1170
1597 6973 3885 6089 1663
1598 7739 4484 6465 140
1599 7815 2094 7740 2092
1600 7891 379 6095 5093
1601 8001 1261 2844 2841
1602 8173 2058 4020 894
1603 6579 3090 2393 4581
1604 6789 5438 912 4084
1605 7954 5469 7918 7862
1606 8259 6773 7105 5497
1607 6143 5989 6138 3330
1608 8330 5604 7631 6945
1609 6899 752 3810 753
1610 7543 288 5135 3296
1611 7138 6277 6422 3372
1612 6965 2386 4959 2369
1613 8377 6410 8156 6510
1614 7672 7101 7290 5804
1615 6146 3237 5952 1420
1616 7378 323 6074 5146
1617 6512 5336 6283 5329
1618 7890 4037 7559 6293
1619 7536 6259 7388 6440
1620 6155 5594 5986 5565
1621 7726 1076 7469 2465
1622 7009 71 2630 4577
1623 6775 1235 2786 1501
1624 7976 3958 3969 3959
1625 6465 5535 6203 6185
1626 5564 4280 3170 3169
1627 5924 4620 5624 5121
1628 8348 7848 8034 6683
1629 6722 4376 6309 5066
1630 7633 6578 6802 6125
1631 8287 1605 2246 2247
1632 8319 5783 7297 5732
1633 5823 1976 3906 1712
1634 6088 1399 1397 3196
1635 6122 2335 4689 303
1636 7413 4443 149 150
1637 7018 6151 6938 4831
1638 7919 210 5188 211
1639 8248 2116 7005 2084
1640 8005 6150 7130 5708
1641 5804 571 5668 570
1642 7161 3585 6388 3584
1643 7854 3445 6394 3410
1644 8118 7286 7867 6532
1645 6632 1198 6594 2713
1646 7391 4284 5848 678
1647 8383 5697 7608 7139
1648 6594 1193 1851 2701
1649 6991 5763 6626 6602
1650 8277 3261 3349 1577
1651 8038 6477 7310 6264
1652 7481 2109 6982 4102
1653 6827 5726 6463 6249
1654 7158 6404 6538 5484
1655 6653 575 6308 4155
1656 7810 5544 7109 5595
1657 8082 3101 3655 1555
1658 8362 353 8357 5373
1659 6897 2619 6682 4520
1660 7193 3479 5203 3480
1661 5804 5284 571 570
1662 7272 318 4233 5183
1663 6752 3983 6323 1750
1664 7929 6565 7483 6377
1665 6969 6021 6442 675
1666 6603 863 6533 864
1667 7338 6077 7022 5921
1668 7268 1669 7049 3749
1669 6662 308 5717 4937
1670 7567 5180 3086 3636
1671 8110 255 256 4105
1672 7584 2989 4343 2973
1673 6930 5491 6364 6125
1674 8363 6486 8220 7083
1675 7241 6313 7028 856
1676 7285 5568 6404 6113
1677 7253 5649 6942 3085
1678 7631 6567 6695 5604
1679 6894 3945 3946 5391
1680 7280 6360 6695 5791
1681 6706 2839 1258 2837
1682 6917 1143 5654 1469
1683 6169 2372 4542 4757
1684 8255 2674 7491 1858
1685 6418 1007 2748 2333
1686 6167 5974 6069 5568
1687 8373 6969 7861 5777
1688 5789 3773 3877 1944
1689 6658 1340 6546 3046
1690 7530 6755 7034 6367
1691 7681 5956 6867 1111
1692 6580 5731 6229 6079
1693 5903 5561 5729 5614
1694 7077 2763 1219 2759
1695 7261 1515 1520 3315
1696 6632 5676 6375 5519
1697 8405 3978 8382 8309
1698 7851 3223 1416 1415
1699 8262 3067 7876 6554
1700 7907 5174 2577 3407
1701 7429 6823 7408 5871
1702 6171 664 4860 665
1703 7638 6082 6941 6455
1704 6942 5649 6186 1546
1705 7708 2708 5786 1197
1706 7449 6427 6666 6650
1707 6063 3444 5959 3557
1708 6065 2077 4024 970
1709 8374 2192 2176 4188
1710 8063 6591 7598 7166
1711 7671 6263 7485 3540
1712 8036 6561 7595 5913
1713 8348 6333 6748 6683
1714 7669 6217 6810 6402
1715 6643 81 4923 3675
1716 8324 433 7131 5669
1717 8403 977 5763 2097
1718 7495 1553 5739 3098
1719 7904 793 7584 5192
1720 7873 4010 6644 6217
1721 7267 2055 2071 964
1722 7157 5857 6848 5781
1723 6651 2275 2274 4254
1724 7025 5862 6436 6179
1725 8276 6513 7300 4922
1726 5656 3620 1337 1537
1727 7881 1945 2225 1594
1728 7487 6085 6220 5243
1729 8272 5907 7975 6098
1730 8268 5113 7527 4933
1731 8114 5442 6789 5446
1732 6466 420 3468 5026
1733 6320 293 2322 2318
1734 5569 2267 1086 1808
1735 7391 678 677 4284
1736 6703 3267 5919 5834
1737 7428 6707 7013 6361
1738 7412 6161 6886 6642
1739 8081 3593 2894 5228
1740 5681 2256 3369 4641
1741 7312 2039 4077 2025
1742 7366 3518 1831 2382
1743 7775 2173 1049 2188
1744 8203 2589 3550 1195
1745 7911 6319 6427 6116
1746 8179 5806 6100 1185
1747 6778 6275 6468 1940
1748 6812 2705 6496 4877
1749 8033 1514 2952 2889
1750 7696 5685 7663 5816
1751 7060 5689 6618 5761
1752 7976 3969 7420 3959
1753 7060 5689 6898 5536
1754 8002 4368 7620 6221
1755 8009 5955 7908 7228
1756 7719 1603 6431 3786
1757 7694 5805 6732 6605
1758 5720 543 5178 3540
1759 7704 2247 2248 1949
1760 7741 4932 7548 2593
1761 7102 2233 6023 2235
1762 7640 347 348 4753
1763 7383 2544 6957 6719
1764 7118 6146 6620 5871
1765 6734 4038 5609 2634
1766 7722 4119 2104 2081
1767 7547 2904 5678 1288
1768 7705 6217 7505 6753
1769 7162 538 6806 5211
1770 7396 5596 7384 5746
1771 5789 1590 2219 1591
1772 8071 6602 6797 6626
1773 6975 724 5137 2444
1774 7062 5856 5944 696
1775 7833 6195 7647 5529
1776 7564 5697 6498 5893
1777 6407 4016 4799 2061
1778 6253 61 60 5248
1779 7474 5174 5397 247
1780 7826 5566 6517 5551
1781 7642 460 4287 461
1782 6776 4463 2387 2251
1783 6732 4550 4754 2803
1784 6544 2135 4149 4148
1785 8231 7363 7758 6106
1786 7419 5717 6922 4224
1787 6521 2784 3569 5238
1788 7331 5577 7276 6781
1789 7020 105 7009 3531
1790 7223 6377 7109 5882
1791 7720 2211 7443 7221
1792 7987 7142 7562 5526
1793 8008 7003 7309 6918
1794 5961 3515 2543 4514
1795 6638 5767 6237 6141
1796 8158 4853 7065 6131
1797 6884 5449 942 2062
1798 8105 5008 2430 203
1799 6829 746 6025 5314
1800 8254 6859 7448 6733
1801 6964 1810 1097 2514
1802 6584 5871 6154 6146
1803 7663 5829 5843 5683
1804 6853 4377 6211 643
1805 6114 3021 805 4789
1806 7018 1907 6902 1347
1807 7304 3107 6007 1866
1808 6155 281 2596 282
1809 7305 3796 6499 5367
1810 7996 3018 1531 1330
1811 6826 3076 1354 3108
1812 8222 6672 8108 6549
1813 6887 5902 6043 2330
1814 6991 4486 6140 2282
1815 8263 5790 6810 5722
1816 6992 484 4686 483
1817 6956 3687 1627 1628
1818 6218 81 4993 82
1819 7930 5102 7698 3455
1820 8372 5735 6316 5843
1821 5940 4020 2002 4041
1822 7261 1520 3596 3315
1823 7277 6505 6521 2711
1824 7326 3784 5343 3888
1825 6083 3807 1611 3791
1826 7250 6486 6516 5831
1827 8003 7066 7653 5635
1828 7261 1266 6936 1262
1829 7460 5693 7167 6554
1830 8122 3824 3825 1711
1831 8079 7030 7946 7266
1832 7990 5721 7861 7435
1833 7686 1529 3111 3608
1834 5802 3943 3942 1678
1835 8318 5540 7945 6844
1836 7225 2410 6323 6238
1837 6129 3244 4501 3678
1838 7420 6570 6689 5662
1839 7596 5487 6837 6374
1840 7418 4432 3074 3075
1841 8133 4771 6904 520
1842 7403 923 7267 6913
1843 8048 6365 7178 5500
1844 6225 1202 5691 2614
1845 6911 2624 534 535
1846 6249 2892 1281 1878
1847 7075 5590 6613 6541
1848 6968 3575 1236 2797
1849 7731 5134 6290 4424
1850 6227 1916 1373 3327
1851 6942 3085 5649 1546
1852 7643 6139 7411 6321
1853 6426 2243 4191 2380
1854 7738 3654 1378 2995
1855 6882 4453 503 4421
1856 7830 4873 6583 2600
1857 6035 446 445 4506
1858 7405 5470 4767 4555
1859 6668 1486 6435 1192
1860 7374 6322 6384 6108
1861 6050 40 4785 2682
1862 7833 1760 3989 1983
1863 7588 6837 7079 6392
1864 6728 5828 5970 4633
1865 6814 2154 5872 1794
1866 6946 4527 5915 4805
1867 7515 5673 6524 5567
1868 6747 5758 5955 5848
1869 6234 2667 6031 4994
1870 7098 1935 3262 1434
1871 5564 1389 3170 3172
1872 7938 1218 2758 1496
1873 7658 2980 3603 784
1874 7413 151 4801 150
1875 8222 6301 6549 607
1876 7921 6726 6906 6422
1877 6238 2403 4491 2407
1878 6779 6385 6407 2000
1879 7192 5826 6918 6508
1880 6550 6330 6413 5769
1881 8277 1433 7524 6121
1882 6646 5189 6511 3731
1883 8174 2205 2518 4407
1884 7907 5773 7260 5226
1885 7472 4945 5887 4492
1886 5794 964 1997 953
1887 7860 6614 6888 5531
1888 8051 1903 7084 1552
1889 7805 6392 7588 6807
1890 23 4984 2059 2073
1891 7547 2904 1288 1522
1892 7839 6705 7789 5667
1893 8105 4693 202 4665
1894 6692 4215 4997 2219
1895 7530 6568 6755 6686
1896 7135 3541 2672 4744
1897 7194 1244 1240 2812
1898 6632 5519 6594 5676
1899 6245 2533 4433 4208
1900 7104 4331 390 5258
1901 7947 1490 7493 2593
1902 6603 864 3853 3855
1903 7794 6757 7285 5760
1904 7055 6310 6850 5662
1905 5789 5348 3877 3773
1906 7471 5901 6097 5884
1907 6952 5617 6913 6288
1908 6248 273 4969 274
1909 7925 6382 6695 5694
1910 6991 5763 6602 5729
1911 6990 4521 6081 5863
1912 6250 4868 6238 183
1913 7726 6082 6741 1480
1914 7796 6866 7627 6963
1915 7713 6288 6913 6862
1916 8183 5926 7185 6064
1917 7163 2340 2339 4678
1918 7160 5292 5975 4811
1919 7538 5888 6546 1334
1920 8159 6217 6297 5540
1921 7147 5592 6589 5539
1922 7832 1446 6038 5730
1923 7603 5605 6280 5716
1924 7118 5891 6146 5871
1925 5433 4062 10 4524
1926 7989 7396 7827 6967
1927 7868 6013 6585 6543
1928 7397 3865 3864 870
1929 6186 1360 3092 1910
1930 6910 5340 6300 5822
1931 6512 6189 6283 5676
1932 8116 6868 7646 2057
1933 8075 2349 5014 4613
1934 7839 5667 7789 6708
1935 7011 2277 1808 1088
1936 7756 1351 7578 7344
1937 6256 5588 6137 6015
1938 7559 2074 2060 968
1939 8118 7227 7286 6532
1940 6259 5242 795 794
1941 7969 6169 7681 5752
1942 7763 5778 6835 6386
1943 7371 5616 5902 1006
1944 7453 5761 5970 5828
1945 6804 5410 227 5403
1946 6046 4784 4528 2923
1947 7101 6168 6788 5844
1948 7699 6819 7518 6941
1949 7462 1795 3341 2376
1950 6450 3419 199 5002
1951 7201 1441 6164 6042
1952 7624 6793 7476 5643
1953 8356 454 7317 6681
1954 7658 783 784 4349
1955 7736 1459 1819 3500
1956 7190 5218 6042 4421
1957 6266 4449 399 398
1958 7917 90 6811 6191
1959 6399 3280 5006 4842
1960 7057 4629 598 2216
1961 8081 5228 2894 4450
1962 5940 965 2002 4020
1963 8398 7098 8305 5824
1964 7885 2160 4173 2159
1965 7718 6712 7011 6357
1966 6704 634 633 5348
1967 6964 2291 1097 1810
1968 8336 1919 8131 1384
1969 7070 5590 6813 6541
1970 6544 560 4147 2151
1971 6949 5876 6408 5527
1972 7454 6623 7144 5483
1973 6129 4501 6035 4913
1974 8178 5767 6656 5977
1975 7775 2173 6979 5659
1976 7790 2639 1050 1803
1977 8039 1826 5956 2550
1978 7617 5500 6211 6005
1979 7045 3414 2349 4613
1980 7168 4103 4126 2119
1981 6298 361 5392 5378
1982 6209 1612 5818 2260
1983 7120 627 6512 5342
1984 6050 40 6031 4785
1985 6790 6207 6337 6092
1986 7206 5293 850 851
1987 7669 6837 7588 6374
1988 7753 5600 6800 6249
1989 7910 6440 7388 6259
1990 6595 3159 1918 3160
1991 5701 4337 3312 4952
1992 6906 1779 6284 983
1993 6301 2226 5703 3363
1994 6776 4463 4955 2387
1995 7531 1793 2141 2139
1996 6413 158 157 5017
1997 7180 6838 6925 5482
1998 7040 5585 6348 6136
1999 7757 5511 6797 6321
2000 7763 6835 7640 6386
2001 7699 5626 6315 5986
2002 6878 5572 6683 6333
2003 6426 1796 2147 1034
2004 8329 6254 7269 6172
2005 8249 7751 7972 1186
2006 6533 5204 861 862
2007 7189 1648 6646 3731
2008 5723 1771 3423 1991
2009 6861 5778 6849 5058
2010 6404 5996 6113 5568
2011 7939 2775 7908 1224
2012 7659 5387 3965 343
2013 7526 2418 6302 188
2014 6496 5737 6492 165
2015 8398 5612 7532 5824
2016 6678 4446 2938 2925
2017 7933 3035 1333 1339
2018 8005 5064 5708 2821
2019 6381 5899 5922 3337
2020 7988 6878 7341 5480
2021 7341 6878 7299 5572
2022 8115 2848 350 351
2023 6662 308 307 4980
2024 8291 7561 7754 7505
2025 7558 4546 326 4478
2026 5312 3930 4043 904
2027 8289 2788 7772 4885
2028 8168 4925 7793 587
2029 6170 5626 6051 5986
2030 6238 4868 2410 2405
2031 7547 5033 2932 3132
2032 7322 5118 7315 4677
2033 8175 7067 8035 5877
2034 7649 7239 7534 5528
2035 7605 3484 6712 1069
2036 6998 3914 5303 5260
2037 8269 5404 223 222
2038 8020 5040 7618 4360
2039 6822 314 4245 2352
2040 6827 5873 6535 5726
2041 6929 1443 6563 1939
2042 8207 2382 6155 6051
2043 8075 568 4141 4613
2044 7944 6256 7549 7111
2045 8383 6194 8191 5697
2046 8133 6642 6904 4771
2047 7555 5930 6586 5958
2048 6586 3572 4568 177
2049 7162 5234 4458 540
2050 6712 2239 4565 3483
2051 8158 3194 6149 459
2052 7390 3896 6880 5558
2053 7496 4114 6568 4109
2054 7560 5769 6739 5993
2055 7386 2569 6168 4788
2056 5932 1720 5747 5710
2057 7215 1115 2563 1127
2058 6496 6435 6492 5737
2059 7933 6434 6902 5665
2060 8192 6368 6789 5446
2061 7233 6994 7196 6595
2062 6590 2451 2452 1009
2063 6929 469 4414 3476
2064 6322 2947 803 4780
2065 6295 3360 5263 498
2066 6679 4618 159 5055
2067 7076 509 4820 5469
2068 7430 5697 6389 5965
2069 7891 379 5093 4713
2070 8269 5606 6804 225
2071 7458 5638 7321 6227
2072 7800 2693 6281 159
2073 7479 5801 6977 5855
2074 6701 3909 1739 1975
2075 7565 613 3366 2308
2076 7736 5879 7564 5893
2077 7882 5702 6625 5686
2078 6961 4240 3495 2548
2079 7846 5643 6031 5812
2080 7656 6181 7156 2041
2081 7111 4792 6784 5070
2082 6233 5748 5782 2640
2083 5669 4198 5619 4291
2084 6931 5895 6576 5622
2085 7780 6071 7100 5950
2086 7615 391 4357 390
2087 6916 6054 6691 6169
2088 6385 5106 2009 4652
2089 7684 6257 6350 5504
2090 7544 5906 7486 5554
2091 6353 4894 848 847
2092 8043 979 7759 5521
2093 7936 3955 7659 7173
2094 8129 6713 6989 6746
2095 6604 3110 6515 1553
2096 7374 2902 5577 2934
2097 1 2008 4048 2602
2098 6917 3289 3521 1469
2099 6980 6198 6222 5611
2100 8294 5487 7647 6351
2101 6305 2575 1068 1038
2102 8008 7050 7129 5493
2103 7547 5687 6896 6729
2104 7048 3862 3927 1734
2105 7390 6637 7132 6696
2106 7661 1060 7283 7063
2107 6761 5983 6070 5974
2108 6672 2230 6005 1595
2109 7823 2259 7402 3385
2110 6593 4480 4724 2488
2111 7860 4845 4975 2500
2112 7719 3786 6431 3787
2113 7524 1577 5884 1433
2114 7767 3952 5571 3953
2115 7216 5582 5909 5502
2116 7565 6269 7102 2235
2117 7157 4094 2029 4091
2118 7627 5741 5997 5644
2119 7687 3999 6677 6235
2120 6313 3845 5890 1725
2121 7703 5460 5027 93
2122 7832 2309 1446 1108
2123 5872 2142 4133 4157
2124 7782 5388 337 5379
2125 8204 6271 7438 6423
2126 6175 2576 5231 284
2127 7727 3293 424 5268
2128 6893 3444 6063 2742
2129 7283 2768 7063 1060
2130 6970 5133 614 613
2131 6621 2908 3459 1519
2132 7011 4668 5706 5569
2133 7335 3003 6631 2982
2134 7363 3310 6285 3217
2135 6175 4098 285 2117
2136 7559 916 2060 2074
2137 7779 3983 7687 6752
2138 7998 5505 7633 5631
2139 8049 84 85 4271
2140 7744 2275 1665 1620
2141 886 2013 5300 2001
2142 6320 2318 6041 2317
2143 7423 6405 7106 6921
2144 6449 1906 3191 1335
2145 7258 821 822 4725
2146 6780 3031 802 3026
2147 7591 3618 800 4526
2148 6634 5733 5895 5700
2149 5574 4584 187 188
2150 6323 2405 1750 2407
2151 6324 1557 3474 3153
2152 6264 387 6163 5078
2153 6644 5420 5400 3979
2154 7365 5342 7149 6189
2155 7885 7183 7470 6178
2156 8247 120 6379 4283
2157 7915 1925 3213 1409
2158 8006 5754 6770 1105
2159 6046 2923 3208 1338
2160 5995 1142 2588 3404
2161 7470 5684 7074 6084
2162 5819 4219 320 319
2163 6136 4533 4813 2826
2164 7419 311 6223 3391
2165 8404 5717 8325 5623
2166 7385 5414 6489 231
2167 8095 7738 8082 3655
2168 5887 2404 1044 2707
2169 6327 997 2295 985
2170 7648 953 5857 5794
2171 6291 5273 2993 3461
2172 8364 5482 8206 6535
2173 7973 5613 7393 5968
2174 7982 5642 6943 6336
2175 5680 4097 4124 2118
2176 7254 5392 6298 5371
2177 7791 1268 2862 2922
2178 7346 5567 6978 6317
2179 6829 747 746 5349
2180 7811 5571 7767 3952
2181 7929 5542 7711 7259
2182 7321 5762 7174 5638
2183 6728 3664 1561 3663
2184 7474 3972 7236 5423
2185 6651 2274 716 4254
2186 7789 5555 6705 5656
2187 6354 1822 1463 2321
2188 7652 5966 7179 7016
2189 6233 1217 1210 2615
2190 8289 6067 8128 6411
2191 7344 1542 3626 3466
2192 6794 6044 6560 5679
2193 6059 4214 595 4243
2194 7422 4790 2325 295
2195 7583 6903 7197 5759
2196 7880 963 7125 5440
2197 6324 1921 3474 1557
2198 6475 4646 192 2419
2199 6988 6349 6891 5518
2200 7704 5856 7062 696
2201 7954 5799 7918 5720
2202 8159 6297 7705 7296
2203 5877 5297 2046 3831
2204 6458 2583 1133 1827
2205 7361 3079 5914 4394
2206 6629 2958 2928 4447
2207 7742 3710 4992 4225
2208 5537 5318 757 756
2209 6791 5603 5772 5507
2210 7401 2423 196 4949
2211 7346 6317 7217 5698
2212 7742 3710 1639 1638
2213 6608 699 2400 5010
2214 6929 1939 6563 1439
2215 7956 5990 6867 6437
2216 7800 5908 6464 5870
2217 8197 6756 7943 5657
2218 5989 4625 416 4645
2219 8338 5493 8008 7003
2220 7921 6422 6906 6284
2221 5743 4967 5592 738
2222 6083 3807 3890 1659
2223 6476 3514 6452 2383
2224 6301 3363 2225 4227
2225 7565 612 6970 4190
2226 7743 3009 1329 3011
2227 7330 2373 6320 6041
2228 6404 5593 6013 5504
2229 7500 5908 7445 6100
2230 8148 1011 1026 2347
2231 7771 5807 7346 6317
2232 5749 1834 2603 1149
2233 6287 4902 2271 2272
2234 8372 708 5829 4250
2235 8199 3533 7769 2606
2236 8256 6613 8186 6541
2237 6685 133 4237 4308
2238 900 4061 5171 4090
2239 5717 4931 5521 2454
2240 7546 6277 6662 3375
2241 7517 6029 7375 6184
2242 7747 4187 2183 2193
2243 6175 284 285 4098
2244 6476 3516 3514 69
2245 6320 291 292 4546
2246 7602 5953 7524 6135
2247 10 4062 9 4524
2248 6005 1654 1595 3881
2249 7424 5858 7051 6406
2250 7735 1114 2542 3508
2251 5694 3161 4702 3160
2252 7777 6905 7454 7318
2253 7255 6092 6840 5700
2254 5928 3579 2840 1253
2255 6119 1584 1942 2208
2256 7615 5587 7104 4331
2257 7436 5617 6288 5772
2258 8258 6730 7445 7142
2259 8192 915 6789 913
2260 8345 5695 7062 1607
2261 6337 6092 6207 5836
2262 6354 4903 6032 4969
2263 7543 4126 6777 4103
2264 5798 718 2278 3376
2265 6563 1441 6164 1439
2266 8193 7858 7938 6387
2267 7468 5627 6010 5738
2268 7240 712 6287 4880
2269 6356 4968 6136 4533
2270 8010 5501 6978 5807
2271 6691 6132 6169 5990
2272 8097 7220 7472 6947
2273 7644 5751 7072 5939
2274 7815 975 2094 974
2275 7689 5167 4274 427
2276 6739 1269 2855 1874
2277 7020 5506 6707 1470
2278 7661 7063 7283 7150
2279 8359 2509 8283 1102
2280 7743 3016 1331 1533
2281 8239 5498 6721 5861
2282 6649 797 6511 5126
2283 7762 6822 6842 6056
2284 7022 1447 3355 2491
2285 5722 1139 2541 1113
2286 8294 5631 7998 7633
2287 7699 6941 7426 6819
2288 7383 2305 6957 3383
2289 6497 769 6398 768
2290 7868 1477 1839 2618
2291 6706 2839 6545 1258
2292 7353 7068 7288 5671
2293 7200 5688 5913 5845
2294 6551 2629 3204 4717
2295 7885 4170 2160 2184
2296 6021 4898 5748 3443
2297 6981 2938 1301 1887
2298 7830 6514 6583 4873
2299 6734 1163 1837 2426
2300 8293 5780 6601 5883
2301 7079 5586 6926 5964
2302 7302 1511 2876 3311
2303 8231 7363 8037 471
2304 7817 5081 5692 2882
2305 7661 4180 2185 4161
2306 7978 839 3904 3817
2307 6206 524 5664 4840
2308 7037 5735 6696 5683
2309 6603 3852 864 3855
2310 6573 4501 6129 3244
2311 7888 6049 6221 245
2312 7538 3023 3039 4741
2313 7363 3215 6352 4503
2314 6610 1083 2487 2490
2315 7027 2840 6273 2859
2316 8269 5606 7244 6855
2317 5658 2453 2264 291
2318 7605 3482 5661 4943
2319 6206 4221 5097 522
2320 6704 3774 635 634
2321 6670 1248 6348 5708
2322 7617 6006 7197 6005
2323 7860 5625 6593 5531
2324 8364 7123 7581 5550
2325 7655 3124 7458 6227
2326 7795 561 5808 4848
2327 7801 3396 7192 5826
2328 7036 5315 645 5368
2329 8266 6313 7095 5890
2330 6371 2520 3485 1449
2331 8052 2671 7191 2670
2332 5835 3340 1428 3252
2333 24 4055 5255 25
2334 6896 5678 6729 5547
2335 8283 5830 7635 1102
2336 6373 230 6255 6212
2337 7010 5992 6677 6014
2338 8039 516 4781 4637
2339 7677 6392 7081 5608
2340 7313 1037 1798 2391
2341 7053 3139 6620 1569
2342 6656 6147 6510 5705
2343 8261 2582 7886 3513
2344 6282 225 224 3986
2345 7997 6621 7377 5678
2346 7803 3908 5259 3822
2347 7943 7226 7866 7273
2348 6233 2615 2756 1217
2349 7379 6276 6636 6457
2350 7093 5868 6973 6231
2351 7760 1155 2393 1836
2352 7758 469 5905 4292
2353 6878 6153 6394 5534
2354 6534 3701 6345 3699
2355 7371 1003 5902 1787
2356 6810 2554 6419 5024
2357 1995 4014 33 4514
2358 7878 5001 3083 3084
2359 6708 5976 6579 3093
2360 7173 2340 7163 1689
2361 6246 3442 3443 1216
2362 5997 828 4281 827
2363 7609 5506 7145 7020
2364 6963 5607 6866 6118
2365 7481 2109 4115 2110
2366 8233 5330 5582 3788
2367 8018 5508 7488 6719
2368 6491 1032 2155 2145
2369 7890 1552 7084 3647
2370 6643 5597 6523 6382
2371 6378 379 6213 3318
2372 6883 6303 6641 5182
2373 7466 171 4286 5170
2374 6231 3374 1618 2271
2375 7654 5514 7172 7167
2376 7748 1960 5820 1636
2377 7322 3251 4919 3333
2378 7929 5704 7810 7512
2379 7836 3002 6742 4355
2380 7997 5701 6552 5838
2381 6942 1358 1548 3469
2382 7530 6686 7209 5674
2383 7021 5569 6768 2480
2384 7717 5483 7624 6623
2385 7478 6771 7070 6813
2386 7012 5765 6227 5630
2387 6608 5010 6045 699
2388 7920 7176 7718 6357
2389 8048 5759 7178 6365
2390 7473 6449 6900 6466
2391 8097 6078 7982 6943
2392 7936 3955 1690 3937
2393 7919 211 5188 4462
2394 5739 3098 3650 5177
2395 7836 417 5056 3014
2396 6624 532 4235 533
2397 6686 5674 6162 6034
2398 7166 7014 7120 6815
2399 21 5038 4626 4032
2400 8341 2685 4775 5100
2401 7679 2197 6860 3178
2402 7904 4230 6259 794
2403 6477 4870 6264 3041
2404 8282 4056 6121 2021
2405 7260 1135 3525 2576
2406 4799 4016 12 2061
2407 6204 3751 1671 3712
2408 6463 5803 6236 5873
2409 6929 1439 6563 6164
2410 6835 6341 6607 6310
2411 6225 2614 5648 2702
2412 7700 1017 2374 1793
2413 7432 7288 7353 7068
2414 6979 6021 6416 672
2415 7011 1808 6357 1088
2416 6390 2566 6069 6011
2417 7377 2983 3595 1283
2418 6391 17 5057 3054
2419 8306 3162 6743 3153
2420 7779 6677 7687 5415
2421 6697 4406 4822 589
2422 6618 5689 6216 6062
2423 8336 3163 6596 5850
2424 6413 4800 6330 156
2425 8287 695 7704 2247
2426 7145 2574 7020 3531
2427 8274 4385 5089 640
2428 6385 4040 2009 5106
2429 7234 6693 7182 3643
2430 7939 6597 6977 5801
2431 8371 6534 6663 5510
2432 5716 3751 5049 4950
2433 6395 376 5898 4782
2434 7121 6215 6275 582
2435 8124 4295 3105 3099
2436 7886 4350 3519 2583
2437 6473 5246 4579 290
2438 7702 6325 6497 5707
2439 6396 640 5359 5313
2440 7763 2868 3588 4753
2441 7078 6273 6798 5251
2442 6064 1303 1889 2942
2443 7584 5205 3610 792
2444 6518 4738 6114 806
2445 6326 363 327 4550
2446 6825 1962 1640 3714
2447 6398 768 769 4778
2448 7168 4103 6777 4126
2449 7341 6490 7124 5480
2450 8406 7088 8386 5785
2451 6401 4644 6213 379
2452 8386 5615 7621 5645
2453 8111 66 65 3354
2454 6780 4814 6546 3026
2455 6404 5996 6013 5593
2456 7667 5713 7492 5520
2457 7361 1547 7069 6076
2458 6968 3574 2792 1236
2459 6675 4532 6340 293
2460 6925 5928 5942 5550
2461 6721 6320 6675 5788
2462 7554 5757 7263 5528
2463 7709 2847 2863 350
2464 8376 6681 8092 5041
2465 6407 1262 2854 1266
2466 8141 6785 6870 6423
2467 7974 1715 1717 3831
2468 6954 5369 756 755
2469 6121 5884 5953 1433
2470 7196 6871 6994 6312
2471 6178 5648 5786 5576
2472 8257 6209 7525 5881
2473 7940 7534 7649 7299
2474 7768 3213 6253 59
2475 7862 1462 6194 1123
2476 6799 5546 6011 5956
2477 8255 2674 1220 2764
2478 7225 1752 2410 1986
2479 8419 6931 7909 7433
2480 6534 3748 6019 4818
2481 7107 2689 6050 2682
2482 8407 4457 8340 8331
2483 6199 1013 5934 2133
2484 8247 4283 7229 119
2485 7565 4190 6970 613
2486 7424 2328 1682 1966
2487 5619 429 430 5166
2488 5557 2844 4801 2841
2489 7159 6244 7124 5480
2490 6970 4466 614 5133
2491 7674 6742 6749 5761
2492 6841 818 5051 2961
2493 6413 5769 6330 4800
2494 6621 1285 5838 1279
2495 6408 4793 2711 618
2496 7296 1990 6484 3993
2497 6413 3311 5047 158
2498 6426 1034 6394 3409
2499 8180 5672 6225 5527
2500 8055 1483 2501 1175
2501 6246 5117 6021 3443
2502 7152 6470 6567 5791
2503 7222 6439 6691 554
2504 7100 4712 2536 3491
2505 7927 5484 7645 6611
2506 7497 6156 6764 5793
2507 6417 1458 5471 2546
2508 7496 5065 2285 4251
2509 8288 7209 7426 6941
2510 8168 586 4684 2333
2511 7072 4243 2353 4887
2512 7477 867 7321 6289
2513 7231 2926 3024 4547
2514 7291 3258 4381 5019
2515 5881 4690 4977 705
2516 7836 5461 5989 4645
2517 5706 517 2572 516
2518 6416 5659 6316 5642
2519 7762 6570 7129 5624
2520 8347 7680 7791 7308
2521 5822 3785 729 5343
2522 6468 1940 6275 1579
2523 7370 2883 4340 2846
2524 6958 5046 6114 805
2525 6690 918 922 2077
2526 6767 1170 2652 2659
2527 6911 5593 6806 5715
2528 7327 636 5354 3775
2529 8173 5165 894 3848
2530 7355 6406 6909 6140
2531 6215 616 615 4487
2532 7407 5759 6269 6183
2533 7996 1531 6213 1330
2534 7359 1292 1886 2917
2535 6426 2146 2147 1796
2536 6283 3769 3870 1585
2537 6999 3633 1545 1357
2538 8368 6834 6870 6647
2539 8230 2636 7712 2644
2540 6407 2854 3314 1266
2541 8345 2254 6640 1609
2542 7882 5686 7501 6196
2543 6841 818 4351 819
2544 7240 5098 6287 713
2545 7955 5785 6818 6224
2546 7190 4310 5879 501
2547 5924 312 4620 5121
2548 2009 15 4652 5106
2549 7899 6792 7603 7456
2550 6046 1338 3208 1536
2551 8019 5605 7742 5599
2552 7996 7674 7836 6742
2553 7643 7058 7411 5984
2554 7538 840 6405 4741
2555 8021 7551 7937 5998
2556 6973 1616 3892 3885
2557 8392 6205 6270 5892
2558 8242 4257 7922 4256
2559 6419 5722 6032 1465
2560 7504 5525 6171 5742
2561 7026 1237 2790 1866
2562 8183 5718 7185 5926
2563 7283 5881 7150 5816
2564 8267 5817 5893 5879
2565 8104 6529 7943 6020
2566 6550 2679 6464 5017
2567 8074 5929 6465 5885
2568 7089 4292 5905 4423
2569 6705 67 5163 66
2570 6719 988 2300 2298
2571 6161 2594 3289 1145
2572 6025 745 5352 5314
2573 7803 5823 6715 5794
2574 7709 3589 6607 2863
2575 8265 5796 7547 6896
2576 7383 2297 6957 2544
2577 7584 791 5192 792
2578 8367 5643 7631 6647
2579 7135 5806 6219 5753
2580 7612 3121 5888 3032
2581 7177 5530 7114 6247
2582 7823 3385 7402 1001
2583 6542 6067 6411 6123
2584 7250 6503 6516 6486
2585 8042 5853 7654 5507
2586 6441 2744 2726 130
2587 8266 7566 7701 5581
2588 5781 3827 1714 3902
2589 6692 4895 6010 599
2590 7754 5486 7561 7387
2591 8048 6173 6365 5500
2592 6439 2128 2126 4143
2593 6211 5317 643 5319
2594 7814 6390 6769 6001
2595 6882 504 3283 2540
2596 6937 1729 3854 3919
2597 8050 5485 7475 6429
2598 6191 4264 6128 6052
2599 8137 1493 6893 3558
2600 7681 2538 1111 2363
2601 7820 6002 7733 6341
2602 6894 5858 6759 5780
2603 6998 4050 2030 4081
2604 7577 5746 6641 6303
2605 7882 4826 692 2242
2606 6354 2562 1127 1822
2607 8280 5381 7640 347
2608 7451 1374 7198 3125
2609 6035 4824 445 4501
2610 6444 4538 410 411
2611 6253 61 6097 5251
2612 7150 5685 7063 5816
2613 7787 5572 7583 7299
2614 7497 6553 6572 5793
2615 7254 3933 5371 3936
2616 6243 1189 1183 2678
2617 7565 4472 6328 3366
2618 7669 6926 7154 5964
2619 6070 5235 4496 2645
2620 7746 4434 6676 5131
2621 7328 5844 7290 7101
2622 6391 1993 5057 17
2623 7082 5916 7013 5803
2624 8039 4781 515 4637
2625 7374 5577 6384 2934
2626 7575 2859 6273 5067
2627 7655 869 7458 4261
2628 7468 1015 1029 2153
2629 5691 1202 2719 2614
2630 7819 4536 2669 2501
2631 7510 1685 1686 3951
2632 7301 4025 3834 5168
2633 6378 4364 6095 379
2634 7783 4582 2266 2258
2635 7280 4662 6470 74
2636 7493 5936 7023 6927
2637 7758 5125 6285 3310
2638 6645 206 4325 4259
2639 8377 1427 6415 6410
2640 8294 6351 7232 5487
2641 6640 699 4585 4802
2642 7350 5764 6818 5785
2643 6452 5455 2601 3400
2644 6469 3582 2927 1507
2645 7846 5812 7107 6090
2646 6809 3594 6638 6363
2647 7390 6025 6880 3896
2648 7237 1297 5840 3005
2649 7060 5761 6216 5689
2650 6690 6065 6355 5434
2651 8281 1622 7928 2279
2652 7863 841 3819 5262
2653 6942 3085 1358 3469
2654 6706 5601 6545 5957
2655 6279 4524 2782 4062
2656 7283 704 5816 4390
2657 6355 5434 4089 910
2658 7370 1277 5639 3453
2659 7798 6565 7099 5909
2660 7143 2517 6995 262
2661 7234 5151 7182 6586
2662 7515 6317 6643 5567
2663 8321 3378 5798 5191
2664 7514 6831 7453 6088
2665 7621 5554 6890 6376
2666 7702 1632 6663 5707
2667 7110 6807 7052 5992
2668 7092 2603 5749 3522
2669 8075 5014 568 4613
2670 7684 6821 7611 6428
2671 7773 5837 6600 6032
2672 6266 5236 399 4449
2673 7160 861 6487 5308
2674 7811 5376 341 340
2675 6801 3024 809 808
2676 7814 548 6769 6390
2677 7870 6662 7546 6277
2678 6563 4209 3272 3273
2679 6190 760 5143 4194
2680 7077 5267 4284 2764
2681 7862 3505 5799 3393
2682 8088 6019 7949 6534
2683 6682 4861 624 625
2684 8296 3658 7164 1390
2685 4014 32 4514 3509
2686 5879 500 5817 5159
2687 6742 3002 1902 3464
2688 7584 2973 3610 1315
2689 6640 4585 6045 5681
2690 6149 1401 5629 5602
2691 7718 5661 6992 6823
2692 5789 3774 1591 3803
2693 7419 5624 6223 4620
2694 8414 1159 7347 6714
2695 7729 2659 6767 2656
2696 6551 1371 3204 1161
2697 7864 6360 6695 6226
2698 8246 4009 7888 3995
2699 6465 140 4484 141
2700 6390 4138 6001 548
2701 6147 485 4277 2514
2702 7525 2256 5681 4641
2703 7829 5705 6510 6147
2704 6204 3712 5716 3751
2705 6972 4043 5312 3930
2706 6442 5004 675 4691
2707 5985 2146 1022 2156
2708 8033 1278 5906 2987
2709 7445 6239 6843 5567
2710 7082 3503 5213 4306
2711 7765 5546 6799 6311
2712 7909 507 7352 5745
2713 7814 6769 7371 6001
2714 6556 5595 6260 5544
2715 7917 2788 5109 4885
2716 6470 2429 1178 2666
2717 5694 3160 4702 3171
2718 7292 5493 6787 6669
2719 4799 2061 12 4770
2720 7778 5565 5787 5773
2721 7119 1129 2343 1126
2722 7380 6062 7017 3182
2723 7665 5630 7612 5888
2724 6472 3502 1122 2555
2725 6742 5034 4355 3002
2726 6402 5418 237 5420
2727 6324 1921 3172 3474
2728 6955 5937 6558 5741
2729 6386 4936 5372 346
2730 6142 4911 566 565
2731 7826 6844 7195 5486
2732 7786 5891 7002 3230
2733 7496 6079 6694 4114
2734 7662 6029 6673 6174
2735 6710 5301 853 854
2736 7734 5044 5461 5056
2737 7196 1918 6595 3159
2738 7957 5193 7573 100
2739 7573 5193 6361 4306
2740 7841 5120 5738 4981
2741 7874 5668 6507 5621
2742 6991 978 5763 2286
2743 7951 2789 6851 6214
2744 6190 759 5647 5311
2745 7091 5564 6324 6030
2746 8010 5501 7641 6208
2747 7251 2251 6776 6243
2748 6175 2576 284 283
2749 7280 4721 73 4507
2750 7845 5912 7674 6944
2751 7564 5697 7139 6299
2752 7366 5594 6600 6051
2753 6504 437 4708 438
2754 7431 7323 7421 7276
2755 7999 7802 7981 6348
2756 7658 3603 6265 4349
2757 7429 5589 6762 6656
2758 7839 69 70 4561
2759 6376 4334 396 4451
2760 7152 1841 6567 6470
2761 5682 3797 3812 1625
2762 7576 6048 7238 6893
2763 8356 5795 6891 6681
2764 7096 5731 6061 5931
2765 7194 2802 6541 6459
2766 8203 7238 7576 6652
2767 8275 5605 6993 5935
2768 8332 1780 2112 2102
2769 7096 6061 6417 1458
2770 7759 979 6327 5521
2771 7782 2835 6617 336
2772 6738 5514 6628 5710
2773 8265 2963 3132 1311
2774 7743 1329 6907 3013
2775 6491 4155 5985 2156
2776 6615 4160 682 683
2777 6757 5568 6069 5974
2778 6497 3691 769 4666
2779 6399 4842 6206 3280
2780 5739 3113 4281 4290
2781 6709 6079 6580 6425
2782 7883 7276 7431 5577
2783 6399 5006 6206 4842
2784 6494 2237 6328 6215
2785 6800 5656 6254 6172
2786 5963 3567 4428 2662
2787 7885 6366 6839 6305
2788 6495 2214 2215 595
2789 8229 538 7769 537
2790 7926 2023 2025 4080
2791 6358 6034 6252 5549
2792 6413 157 5047 2875
2793 6424 388 4305 5078
2794 7227 3446 1499 1861
2795 7775 1049 7150 3427
2796 6653 5200 6308 4400
2797 7720 7221 7443 6119
2798 7628 1008 6418 5616
2799 7859 5544 7372 6400
2800 7561 6896 7218 5512
2801 5872 4157 2154 2142
2802 6998 5291 2030 4050
2803 6291 825 5061 2993
2804 5680 285 286 2086
2805 6413 2875 6104 4800
2806 7986 4510 6767 6312
2807 6827 2880 3052 4361
2808 7306 5776 5971 5635
2809 7602 5730 7193 5428
2810 6318 1018 3406 1030
2811 7987 5526 6574 6208
2812 7740 4105 4106 2094
2813 7306 751 6899 5971
2814 7933 3035 6319 6151
2815 22 4032 21 4626
2816 7308 2922 1270 1876
2817 6629 4447 4783 2958
2818 7996 1330 6213 3012
2819 7718 6584 6712 6357
2820 7021 1086 6357 5569
2821 8403 6162 7204 5763
2822 7967 3051 7344 6186
2823 2038 27 5453 5214
2824 7159 6314 6350 6257
2825 8086 5720 6113 5568
2826 6343 2420 1759 2419
2827 7383 3383 6957 2297
2828 8008 6056 6918 6850
2829 6970 6023 6328 5572
2830 7036 5315 6559 6365
2831 5820 3706 5743 4750
2832 7698 4534 7585 2871
2833 5939 2353 1013 1790
2834 6383 2017 4069 4074
2835 8418 5964 7154 6402
2836 7022 5998 6018 1078
2837 7768 3206 3213 59
2838 6504 3215 6352 5768
2839 6822 3394 6740 4245
2840 6505 2711 6408 4793
2841 7293 5769 7061 6413
2842 7645 6611 6680 5575
2843 6942 3086 1358 1546
2844 7785 3340 461 5250
2845 8401 5007 4316 2608
2846 7767 341 342 4884
2847 7991 2107 5508 6267
2848 21 20 5038 2012
2849 6419 5024 2554 2553
2850 6864 2967 6200 3072
2851 6472 4223 6446 5873
2852 7330 6509 7254 1704
2853 7013 2375 5196 2319
2854 7121 1578 6778 1600
2855 7781 4355 6742 5034
2856 8062 3637 7069 6500
2857 6617 4759 2827 2825
2858 7466 171 6430 6179
2859 7371 1006 5902 1003
2860 5937 5750 5900 5584
2861 8106 3843 5932 1979
2862 7426 5549 7209 6367
2863 7960 6831 7673 7453
2864 6654 495 5019 5092
2865 7652 5938 6474 6204
2866 6933 4009 5847 3995
2867 6518 4738 806 3043
2868 5739 3113 3650 1553
2869 7727 424 5927 5268
2870 7514 3192 6728 5970
2871 7610 6258 7030 5696
2872 7533 1992 7199 2396
2873 7601 1820 7215 1115
2874 7430 5965 7352 6194
2875 6824 1896 2976 1316
2876 7033 3991 5409 3981
2877 6845 5942 6145 5892
2878 7819 2663 6673 2512
2879 7577 3572 6586 176
2880 5942 5550 5928 5892
2881 8242 4130 573 574
2882 7415 6279 6935 1234
2883 8226 6492 6609 5042
2884 5998 3481 2473 1078
2885 7898 2207 5939 1790
2886 6892 5480 6724 5962
2887 7207 6926 7079 5586
2888 6685 5651 5959 3568
2889 7345 5494 6590 6339
2890 8114 5446 6789 6368
2891 5997 4290 5739 4281
2892 6660 3753 5966 5261
2893 8055 1181 7135 3541
2894 7961 5681 7147 5538
2895 6319 4596 6151 4438
2896 7352 3507 6194 5965
2897 6814 2142 5872 1031
2898 5908 2695 1485 3545
2899 7634 2551 2343 4680
2900 6293 1999 4032 2007
2901 7525 703 704 4393
2902 8163 2224 2348 3402
2903 7967 5874 7716 7578
2904 6526 4556 5465 801
2905 8099 2268 710 4638
2906 7831 4792 7111 4849
2907 8368 6633 8364 7123
2908 7315 4280 5564 3169
2909 7251 4606 2251 2675
2910 6141 2523 3491 1813
2911 7705 6753 7505 6450
2912 7401 6009 7033 1984
2913 7462 5872 7274 2143
2914 7122 3254 1437 3270
2915 7730 6049 7007 5565
2916 7898 2475 5939 2207
2917 8270 5195 5905 467
2918 6843 5567 5807 5515
2919 6449 1335 3624 3027
2920 7372 5886 7043 6400
2921 7517 2656 6767 2657
2922 7795 5043 5808 561
2923 7834 6559 7797 1656
2924 8086 540 4195 541
2925 7639 3779 6559 5368
2926 7422 6140 6991 5788
2927 3915 4049 4067 5187
2928 7085 5647 5810 5172
2929 7193 4301 2048 4026
2930 7615 3138 6424 3050
2931 7536 5242 6259 4230
2932 7591 3034 5517 3618
2933 8260 3082 3278 1357
2934 7897 3832 7252 1715
2935 7889 6586 7234 7182
2936 8175 5514 6454 6000
2937 884 885 5168 4025
2938 7729 2658 6184 2651
2939 7970 5692 7817 6561
2940 8040 6071 7809 5715
2941 7669 6402 6810 5964
2942 7439 5497 7105 6773
2943 8042 6710 7028 6313
2944 8224 7456 7899 7367
2945 7377 2906 6609 5678
2946 5939 2356 5934 1013
2947 6712 2498 6584 2239
2948 7474 5397 3976 3972
2949 7226 2921 5800 3117
2950 6593 2488 5677 2466
2951 6540 1870 2816 1256
2952 7028 855 3094 4998
2953 7693 2970 7382 1328
2954 6536 3943 3944 330
2955 6454 2037 2022 4082
2956 7301 961 5450 4096
2957 8037 4477 472 4503
2958 8205 1572 6017 1429
2959 7681 5752 6169 5956
2960 6344 4220 1818 1090
2961 7729 2658 1173 2478
2962 6653 2155 6507 4130
2963 6447 2804 1241 1868
2964 7109 5882 6885 5513
2965 6563 6033 6042 4209
2966 7891 4713 5093 2927
2967 8148 6984 7345 6339
2968 8219 6070 7320 4496
2969 7916 4934 6965 6142
2970 8185 7006 8151 5669
2971 4067 888 5187 4049
2972 8065 2952 8033 5202
2973 6060 1349 3063 1343
2974 6539 383 4944 4369
2975 6954 3903 3898 5369
2976 8200 1946 7834 7102
2977 5852 666 667 4161
2978 7398 6096 7392 6869
2979 7326 3888 3797 1601
2980 6534 3748 1669 1959
2981 7849 5176 5739 830
2982 7014 5936 6072 5628
2983 7708 4512 2706 2702
2984 8385 7362 8383 5579
2985 7156 2041 6181 2064
2986 7805 7232 7588 6392
2987 6883 4459 4201 175
2988 7122 4594 3681 5012
2989 8011 2965 409 4608
2990 5289 5309 2010 891
2991 8052 1179 7819 1843
2992 7715 4639 7422 294
2993 6707 3287 1470 1144
2994 7926 2023 4063 5212
2995 7282 5265 6701 5981
2996 5923 3358 1589 1651
2997 7575 5067 59 4329
2998 7548 5852 6110 5562
2999 7779 5415 7687 5419
3000 7736 1819 1117 3387
3001 6947 5856 5944 5909
3002 6449 3624 3041 4870
3003 7970 3117 1305 2949
3004 7938 1496 7867 1218
3005 7610 7030 7271 5737
3006 7637 4663 2612 2427
3007 6666 5630 5888 5559
3008 7900 7709 7791 7308
3009 6812 6435 6496 2705
3010 6281 5020 159 2693
3011 8079 7030 7142 5696
3012 7754 6351 7232 5486
3013 7499 6093 6715 5485
3014 6473 2417 2627 4579
3015 7628 1005 6418 2748
3016 7723 3875 1580 1581
3017 6554 847 6353 6117
3018 7120 627 628 5083
3019 6402 5418 238 237
3020 7638 5549 7426 5633
3021 7968 7139 7923 6611
3022 7188 4292 7089 3299
3023 6567 2668 6031 2667
3024 7049 4485 737 3749
3025 6452 5173 5455 3400
3026 7972 1163 2634 2660
3027 7701 6791 7436 5507
3028 6972 3930 1736 3867
3029 5571 3952 1687 3953
3030 7768 3206 59 58
3031 6597 3567 5963 1496
3032 8257 5881 7525 5816
3033 6956 3689 6910 6325
3034 8152 5992 7805 7007
3035 7786 4730 6460 4660
3036 6938 810 4571 4831
3037 7987 6208 6843 5526
3038 6091 2023 4053 2025
3039 7501 6196 6625 5886
3040 6147 4277 2520 2514
3041 7756 5530 6424 6264
3042 6870 6623 6765 6633
3043 8204 5976 7760 6579
3044 7464 5311 3901 5364
3045 6452 3515 930 5173
3046 7369 6427 6526 6040
3047 6694 980 981 2101
3048 7149 628 2733 2735
3049 6562 2810 1243 1241
3050 7912 3813 7897 7067
3051 7634 2552 1120 2551
3052 6593 1089 2504 2500
3053 7621 5615 6942 5645
3054 7027 2859 1267 1259
3055 7168 2088 2119 1786
3056 6503 6332 6486 6123
3057 7359 2917 6322 6046
3058 8168 585 6043 4575
3059 6389 5965 6033 5745
3060 7491 1858 1209 2762
3061 7405 6359 6460 4767
3062 6665 2187 663 4177
3063 6601 3967 5883 3951
3064 6145 4843 57 56
3065 7397 3929 3865 870
3066 8369 6652 8079 6668
3067 7698 4534 2871 3455
3068 6445 4511 37 38
3069 7906 6499 7305 6190
3070 6799 5956 6011 2550
3071 6419 5085 5024 2553
3072 5939 2207 2353 1790
3073 7372 5686 6565 5682
3074 8076 1570 7042 6410
3075 7636 6185 6551 4717
3076 7038 5528 6148 5789
3077 8221 3211 1405 1407
3078 6696 4996 6637 5086
3079 7763 4753 7640 6607
3080 8353 3887 5695 5582
3081 6571 2505 1090 3498
3082 5659 1048 1049 2173
3083 7752 5781 5988 5655
3084 8386 6818 8187 5554
3085 7736 6299 6961 6498
3086 7019 5502 7015 5592
3087 7739 2346 4484 5140
3088 6359 474 473 4722
3089 6527 5882 6362 5492
3090 6952 6288 6913 5981
3091 8113 5959 6179 6063
3092 7119 1129 1126 2567
3093 8031 4765 6492 165
3094 5647 5537 5595 5318
3095 6695 5791 6567 6470
3096 7707 5632 7564 5999
3097 8224 7456 7883 5718
3098 7333 6301 7073 5660
3099 6700 3717 1963 1641
3100 5659 2169 1048 2173
3101 5611 5164 429 428
3102 7914 1203 7598 5967
3103 7280 2654 7152 4498
3104 7994 6994 7641 6595
3105 8308 5593 8023 6538
3106 8122 5823 7364 5655
3107 7255 3225 6634 3226
3108 7582 5920 6907 6118
3109 6250 183 5880 4819
3110 7435 6716 6747 5758
3111 7102 1946 2232 2233
3112 7969 5956 7681 2557
3113 7788 6591 7120 6815
3114 8008 6570 7309 7129
3115 7298 4344 6751 358
3116 5904 2051 2065 5440
3117 7379 1058 6276 2183
3118 8171 3922 7942 3858
3119 8170 6587 7828 7131
3120 6132 2378 3399 4908
3121 5867 3853 1731 1730
3122 7405 5470 6359 4767
3123 6703 5834 5919 5744
3124 6972 5225 5652 2011
3125 6872 5279 424 423
3126 7329 2004 6245 2003
3127 6517 5551 5827 5503
3128 7292 5614 5729 5561
3129 6654 497 6295 496
3130 8307 5791 6945 6127
3131 7533 1744 7199 1992
3132 7395 6502 6773 6338
3133 7806 3300 4852 2747
3134 7552 6254 6800 6124
3135 6934 5431 2028 4055
3136 7869 6088 7248 5734
3137 7579 6270 6765 6420
3138 7282 5265 6220 6085
3139 6213 1531 1530 3320
3140 7365 1943 1587 2214
3141 7119 6069 6167 1823
3142 6583 70 6476 4580
3143 5738 601 602 4889
3144 7831 6160 7658 7111
3145 6584 480 6146 481
3146 7710 5892 6845 6309
3147 7690 5607 6907 6118
3148 7447 6433 6727 5813
3149 7165 5854 6066 5948
3150 6842 6056 6740 3394
3151 6768 1084 2485 2495
3152 8230 6919 7606 2636
3153 7568 5830 6888 6614
3154 6101 3364 4218 609
3155 7985 7536 7904 6440
3156 8313 2038 8282 8277
3157 7484 5384 333 3946
3158 7428 6707 6717 5506
3159 8023 6299 7139 5593
3160 8017 6198 7448 6733
3161 7084 4037 6391 5907
3162 7727 4372 6872 424
3163 6586 176 177 5151
3164 5900 4642 3642 4725
3165 5872 2154 2143 1020
3166 8298 6014 7750 6677
3167 6209 3370 4977 4690
3168 8251 4619 7186 530
3169 6563 3273 3272 1439
3170 6901 6163 6264 387
3171 4023 4 4705 3
3172 6966 6465 6775 2795
3173 7762 6056 6842 5756
3174 5935 782 781 5105
3175 7149 629 2733 628
3176 6589 5356 5818 5321
3177 6518 6114 6319 806
3178 7008 5525 6985 6648
3179 5798 718 4252 2278
3180 7442 2701 623 624
3181 7922 6543 7874 6308
3182 8393 6207 7281 6976
3183 7933 6902 7018 6151
3184 8289 2749 7772 6411
3185 7515 1402 3203 1406
3186 6026 790 5275 4262
3187 6592 1284 6044 2900
3188 7357 6610 6614 1087
3189 6742 6449 6466 3040
3190 8094 3613 1534 3028
3191 7204 4122 2097 2098
3192 7836 5912 7692 7625
3193 7619 6487 7095 5581
3194 8195 6066 7763 1875
3195 7502 3973 6622 3975
3196 7760 2469 7152 2393
3197 8303 5325 8301 7755
3198 7941 5815 7877 7799
3199 8372 5843 6316 5829
3200 6592 5679 6044 1284
3201 6691 556 4908 4622
3202 6734 2648 1837 1163
3203 6615 4186 682 4160
3204 6673 6029 6126 5526
3205 7093 6287 6973 5728
3206 6134 799 5189 800
3207 8272 1552 8051 7084
3208 6594 4716 5742 2713
3209 906 944 4046 874
3210 7992 6660 7085 4278
3211 6045 5077 4585 700
3212 6634 1412 3231 1418
3213 6495 4598 6158 594
3214 7783 2258 5946 3351
3215 6175 283 284 4098
3216 6854 5994 6462 6241
3217 7520 6097 7235 4339
3218 7729 2651 1173 2658
3219 7964 7284 7666 6725
3220 7744 3376 2278 1954
3221 6498 2540 6157 1116
3222 8316 3332 8221 3211
3223 7826 5551 6622 5723
3224 8355 1365 3326 3101
3225 6511 798 5128 3731
3226 7525 704 7283 5881
3227 8151 435 7131 6587
3228 8005 2814 7802 6613
3229 8348 6333 6683 5572
3230 8362 5370 6630 355
3231 6883 176 4199 175
3232 7430 5965 6194 5697
3233 7903 1657 1599 3883
3234 7908 5955 7077 2759
3235 7337 1641 6700 1963
3236 8210 5498 7050 5819
3237 6684 5504 6013 5593
3238 7069 6500 6826 5750
3239 8007 2595 8002 4368
3240 7367 6306 7230 5707
3241 7894 7009 7020 105
3242 7887 146 2658 2478
3243 7663 5881 7150 5829
3244 7589 6548 6987 2881
3245 7549 2996 2975 4792
3246 5299 4067 3915 4049
3247 6072 2747 633 2741
3248 6887 4749 4575 584
3249 6604 5553 6603 6289
3250 6344 1117 1457 3387
3251 7617 3805 3881 5319
3252 7028 5975 6076 5945
3253 7015 736 4485 4611
3254 7736 3387 5879 4310
3255 6090 4714 2690 4567
3256 7076 4806 509 510
3257 7838 5603 7156 2045
3258 8311 1148 7830 2383
3259 7691 844 7364 3905
3260 6795 5607 6687 6015
3261 8099 6089 6696 3371
3262 7547 3097 2904 1522
3263 6359 3212 5895 4767
3264 7764 1504 3578 2800
3265 6608 4656 5944 4650
3266 6319 808 4596 4438
3267 7645 6055 6206 5664
3268 6916 2126 6054 2127
3269 8111 65 4212 2464
3270 6609 164 6492 4628
3271 7854 3410 1025 2440
3272 6776 1178 6567 1177
3273 6610 2503 1089 1087
3274 6824 1896 2988 2976
3275 8363 6483 7251 7083
3276 5991 1904 5888 1372
3277 7925 4946 5694 4702
3278 7803 3818 6715 3822
3279 7763 4753 6607 3589
3280 6069 2551 1120 1823
3281 7486 397 6890 396
3282 7465 6292 7387 5499
3283 7279 1004 1025 2149
3284 7578 1542 7344 1351
3285 7119 6011 6069 2566
3286 8010 6208 6978 5501
3287 6467 1034 6426 6414
3288 7523 5826 6508 6075
3289 6604 865 6603 864
3290 7671 6070 7485 6167
3291 8348 4217 7607 7264
3292 7469 1073 2465 1076
3293 6691 5973 6054 6039
3294 7844 845 3830 3829
3295 6638 5865 6237 5767
3296 7294 5515 6112 6077
3297 5592 4967 737 738
3298 7356 6329 7133 6661
3299 7023 6233 6557 5782
3300 7428 5916 5968 5803
3301 6564 1509 6066 3454
3302 7766 5520 6339 6158
3303 5904 4061 5332 2051
3304 7837 3534 2385 1150
3305 7202 647 648 4428
3306 6817 5885 5929 5797
3307 6620 5039 6154 482
3308 6965 5641 5654 5598
3309 8005 2815 4821 4816
3310 7710 5892 7553 6633
3311 6621 199 5838 4995
3312 6583 5667 6514 6476
3313 6620 3228 3243 4499
3314 7366 3518 6051 5254
3315 6296 2910 5866 2930
3316 6622 1991 3997 1771
3317 7566 6487 7095 5308
3318 6158 593 4600 4598
3319 8273 3617 799 3618
3320 7952 5842 7709 6607
3321 7655 7397 7487 5699
3322 7460 6921 7423 6434
3323 7002 3237 6146 4733
3324 8004 2173 7775 2188
3325 7580 5589 6410 5620
3326 5225 2011 904 905
3327 7261 1266 6407 3314
3328 7115 190 6475 5711
3329 6110 5642 5685 5659
3330 6624 5088 531 4687
3331 6315 5837 6170 5508
3332 7713 5772 6347 5988
3333 8267 5893 6033 5697
3334 7556 6517 7195 5486
3335 7229 4283 6100 2680
3336 7385 6212 7316 5407
3337 6589 739 5743 738
3338 6285 3217 3310 1411
3339 7843 2447 6433 2739
3340 7524 1577 6038 5884
3341 7213 6370 6949 5876
3342 7470 5646 7074 5684
3343 7538 6107 7106 6405
3344 6437 517 5706 4551
3345 7390 6089 7132 6025
3346 7917 5109 7772 4885
3347 7704 2248 2252 1606
3348 7540 5450 7301 5477
3349 7092 1469 3290 1143
3350 6175 286 5680 285
3351 7397 872 4427 5243
3352 7816 6027 7110 6082
3353 8005 4816 6536 6150
3354 7742 5605 6993 6204
3355 7262 637 636 5360
3356 7207 6392 7081 6807
3357 7478 6619 7406 7354
3358 6752 5505 6014 5625
3359 8133 5990 6642 6161
3360 6315 5984 6170 5626
3361 7988 5480 7373 6878
3362 6395 376 4782 2978
3363 7731 5465 6526 5991
3364 5856 5552 5702 5686
3365 6691 4908 555 4542
3366 6460 4730 4555 3227
3367 7916 563 564 4148
3368 6646 5675 6134 4479
3369 6632 2717 6225 5573
3370 7277 619 6408 618
3371 6812 4877 6496 6492
3372 6766 5516 6765 6270
3373 6634 5895 6460 5700
3374 8178 5497 7439 5977
3375 7312 2039 5904 4077
3376 7665 3328 1916 1556
3377 7335 5724 6631 3003
3378 8364 6925 8206 5482
3379 6635 3238 4422 3235
3380 7585 4534 7115 190
3381 6149 1562 5629 1401
3382 7522 3106 3156 5110
3383 7163 4937 2342 2340
3384 8368 6948 8364 6633
3385 6621 4341 5838 2901
3386 7065 457 4853 458
3387 7165 6835 7148 6341
3388 7628 1007 2121 1005
3389 6884 2062 942 2028
3390 8001 2842 2829 1261
3391 7350 5554 7114 6247
3392 7866 4352 6756 5073
3393 7870 4917 7546 4678
3394 6086 3868 1736 3865
3395 6643 3203 6232 4699
3396 7025 6492 6609 5864
3397 7223 6527 7216 5502
3398 6632 2701 6594 1851
3399 6585 1156 6543 1158
3400 7022 3352 6128 1445
3401 6441 130 6230 131
3402 7826 6517 7041 5486
3403 6251 3970 3963 5393
3404 6961 4240 6806 5201
3405 7080 1563 1403 3205
3406 7874 6057 6314 6308
3407 7204 2098 5763 2078
3408 8346 5506 8334 8074
3409 8185 6285 6453 6176
3410 7741 2593 7548 5967
3411 6526 803 6114 4814
3412 7517 6184 7375 6767
3413 6122 2334 3389 4689
3414 7513 2158 4156 581
3415 7237 403 4548 404
3416 8101 6103 7000 4260
3417 7894 4436 7542 5220
3418 7968 7408 7430 6389
3419 8252 5498 8210 5819
3420 7749 5841 6180 5491
3421 6646 6134 6511 5189
3422 7487 6227 7133 5630
3423 6887 5534 6043 5902
3424 7572 2287 2299 4904
3425 7077 5267 5955 5848
3426 7087 5994 6555 3622
3427 8180 5573 6877 6375
3428 8061 6513 7300 6092
3429 7971 3825 7364 3824
3430 7383 6957 7029 6488
3431 7157 3912 6024 3827
3432 7550 1067 2456 2446
3433 7580 6030 6129 5563
3434 6137 1900 2993 1322
3435 6854 1908 6462 5994
3436 6648 5685 5852 5562
3437 7970 4991 7866 3117
3438 6635 3235 5952 3238
3439 7940 6671 7586 7299
3440 8101 2435 7857 6699
3441 6314 5621 6057 5983
3442 6425 6079 6229 2103
3443 6751 5393 357 5375
3444 7320 4136 579 580
3445 6026 3722 3752 1673
3446 6823 6493 6611 6528
3447 7571 5591 6934 3214
3448 7924 6514 6616 6304
3449 7865 80 79 4760
3450 7943 6756 7866 5800
3451 6872 4988 422 423
3452 6197 5703 6101 6005
3453 6287 2269 713 2272
3454 7720 2210 2211 1585
3455 6545 1506 1871 3307
3456 7853 7181 7804 6591
3457 8118 5576 7479 6068
3458 7926 2044 2023 4080
3459 7573 99 5213 98
3460 7462 3341 6748 2376
3461 6378 1530 6213 5912
3462 8265 1311 7324 1308
3463 6901 385 4773 386
3464 8060 5483 7454 7144
3465 6492 4752 164 4877
3466 6706 1505 6670 2832
3467 7483 7147 7223 5538
3468 7948 2550 6799 2560
3469 7583 5759 7197 6197
3470 7615 3050 4357 3138
3471 7660 6356 7170 5982
3472 6102 4746 5856 694
3473 6223 3392 3391 4620
3474 6327 2295 5521 985
3475 6571 3494 6071 1455
3476 8125 6265 6864 5688
3477 7465 6525 7203 5533
3478 5913 4654 5845 5692
3479 8152 6856 7010 5992
3480 6848 4072 5857 934
3481 6545 6095 6356 2838
3482 8269 222 223 4975
3483 8270 4384 7569 465
3484 7870 4678 7546 6662
3485 8240 5578 7219 6015
3486 7756 3071 3627 1351
3487 6584 4676 4565 2239
3488 7991 7488 7773 5837
3489 5763 977 5729 2286
3490 6996 3493 6417 3497
3491 7878 1911 1355 3082
3492 7087 3029 3075 1353
3493 7524 5730 6135 5884
3494 7873 3992 7705 4011
3495 7775 5659 7150 1049
3496 7089 3668 6222 1407
3497 7997 6292 6896 6796
3498 6666 5991 6546 5888
3499 6845 53 4376 54
3500 7356 5671 7353 6666
3501 5812 4729 41 2689
3502 7976 348 7640 5381
3503 7121 6105 6275 6215
3504 8071 2090 5725 5633
3505 7017 1332 6728 6216
3506 8109 6481 7022 4627
3507 6963 5588 6866 6137
3508 7035 5895 6576 5733
3509 8200 3886 1946 1597
3510 6181 917 920 2041
3511 7256 5980 6811 6191
3512 8273 5920 7582 5517
3513 7523 3396 6508 5826
3514 8105 2425 6450 201
3515 7261 3315 6936 2856
3516 5991 3122 5465 4556
3517 6114 4738 3046 4525
3518 7234 4513 3643 179
3519 5883 1968 3388 1684
3520 8203 6750 8028 6652
3521 6697 2452 6590 2451
3522 6840 438 4706 4516
3523 7513 581 7320 6070
3524 8019 1637 5845 1670
3525 7289 5911 6821 6757
3526 6592 2898 5906 2987
3527 7112 6469 6545 5601
3528 6290 834 4206 833
3529 7692 6824 7497 5714
3530 8093 1282 6592 1882
3531 7020 1470 6707 3287
3532 7824 2840 6273 5928
3533 7501 4869 4576 2575
3534 6518 3035 3036 5116
3535 7716 5530 7578 7473
3536 7847 7023 7548 5562
3537 1994 875 4046 874
3538 7107 2751 6935 6090
3539 7343 5507 7172 7068
3540 6670 1255 2834 2832
3541 6913 913 5432 2053
3542 6670 2827 6617 2835
3543 5890 5309 5289 3918
3544 5952 1420 1421 3235
3545 7356 6329 6661 5671
3546 6975 4475 5216 725
3547 7482 5485 6913 5652
3548 6646 3728 3735 5189
3549 7882 691 7501 6625
3550 7304 1866 6007 1237
3551 7820 7151 7733 5570
3552 8363 6382 7251 6483
3553 6661 5937 6329 5524
3554 7406 6224 6577 5489
3555 6703 1438 3269 1436
3556 7708 6505 7629 6225
3557 7107 2751 5812 4729
3558 7424 2329 7051 1682
3559 7884 3255 1437 1430
3560 6088 3560 4853 3019
3561 7289 5616 6390 5752
3562 7569 3345 5960 463
3563 8124 4295 6533 6177
3564 7863 5262 6429 6405
3565 7445 5806 6100 5753
3566 8414 1159 1162 2626
3567 7228 4309 681 680
3568 6154 483 4972 482
3569 7624 5580 6623 5483
3570 7973 7266 7557 7169
3571 7240 5851 6287 5098
3572 7497 6816 6944 5714
3573 6218 4993 6080 82
3574 6031 4791 4785 39
3575 7324 4348 3606 2960
3576 5995 4934 2597 3404
3577 7741 668 4932 3553
3578 6635 4824 3236 4827
3579 6313 5474 5890 5755
3580 7255 4695 440 441
3581 7876 1350 6938 3145
3582 5733 1927 3220 3226
3583 7984 7759 7962 2099
3584 6450 4249 5547 199
3585 7954 4599 7862 5969
3586 7894 6127 7152 6579
3587 6298 4205 6044 360
3588 6840 4516 4731 438
3589 6982 2089 4102 2109
3590 6810 5586 5964 5722
3591 7538 6393 7106 5559
3592 7464 5364 6190 5311
3593 7294 123 124 5074
3594 8119 5858 7770 6759
3595 8072 6343 7056 1747
3596 7989 5746 7396 6967
3597 7810 6908 7093 5868
3598 6422 2288 2292 4232
3599 7672 1154 7101 1151
3600 7300 441 7255 440
3601 7819 2512 6126 2663
3602 8381 6060 7776 6599
3603 6157 3283 3504 1461
3604 6417 3493 4896 2507
3605 8274 1209 6718 2740
3606 6245 4024 5961 2004
3607 8040 5950 7809 6071
3608 8127 973 5763 978
3609 8201 374 375 3604
3610 7271 6893 7238 7030
3611 8061 442 7300 6513
3612 6684 1475 1151 2609
3613 7537 3051 4392 425
3614 7091 447 4630 448
3615 8307 5976 8204 6579
3616 8114 2040 6368 5857
3617 6723 1647 3736 3739
3618 7605 6712 6992 1069
3619 6031 4994 4719 40
3620 6464 4847 6413 5017
3621 8038 6264 7310 6639
3622 7536 5192 6881 3754
3623 7505 5512 6450 5547
3624 7224 5854 7116 5948
3625 7257 3596 2970 4970
3626 8317 6514 6690 5832
3627 6678 4778 6398 769
3628 7690 7421 7592 5607
3629 7522 5110 6955 824
3630 7096 5931 6489 6373
3631 6634 1416 6460 5895
3632 6445 4511 38 4865
3633 6659 1930 3239 1423
3634 8214 1857 2754 3556
3635 6673 2512 1180 1843
3636 7235 4269 6782 5184
3637 8151 3673 6453 1926
3638 8291 5499 7754 7387
3639 6272 3659 1395 1558
3640 7728 6846 7511 6109
3641 7063 5852 6665 5685
3642 6293 2012 4032 5038
3643 7301 5450 6454 4096
3644 8055 1175 8052 3542
3645 6643 5825 6523 6317
3646 8053 5858 7770 6865
3647 6635 3236 5952 3235
3648 7867 1496 5963 1218
3649 7866 4991 7226 3117
3650 8060 6779 7454 6407
3651 7537 5268 5927 424
3652 7617 1654 3881 3805
3653 7973 6048 6685 5651
3654 7386 6028 6624 4687
3655 7346 5807 6978 5567
3656 7498 6664 7483 7147
3657 6882 2540 6157 5893
3658 6825 3714 5938 3716
3659 6785 5516 6765 6355
3660 7017 3662 4279 3022
3661 6052 3255 89 3276
3662 7848 6748 7462 6683
3663 7034 5608 6926 5731
3664 8200 5325 5365 3886
3665 7861 5843 6461 6336
3666 6646 4479 6134 5189
3667 6296 5866 6294 5764
3668 6914 5611 5619 5166
3669 7806 5936 7014 6874
3670 5950 1110 2313 1454
3671 6691 2130 6039 4153
3672 5972 5648 5691 2614
3673 7338 5921 7022 5998
3674 6676 4434 215 4494
3675 6692 600 6010 4899
3676 6693 143 4737 2798
3677 5591 4897 3214 3185
3678 7508 6448 6877 5345
3679 6400 5150 723 724
3680 6399 3280 6371 2293
3681 7976 5610 7640 6310
3682 6838 5712 6535 6236
3683 7598 5936 7493 6874
3684 7627 5644 6329 5937
3685 7781 5467 4828 420
3686 7985 6259 7910 7690
3687 6964 2291 1100 2519
3688 6414 5983 6057 5621
3689 6218 2979 3222 83
3690 6879 5850 6596 5732
3691 7258 5584 7246 6737
3692 8100 718 7744 2275
3693 8270 465 7569 6875
3694 7700 1017 5660 2374
3695 6460 4555 4767 3317
3696 6697 4601 589 590
3697 7781 4828 5034 3464
3698 7325 3356 2449 1021
3699 6287 4253 4902 714
3700 6661 5644 6604 6515
3701 7100 2536 2529 1109
3702 6520 2519 2289 5097
3703 7704 5909 7062 5856
3704 7109 5544 6260 5595
3705 7507 5513 6362 6300
3706 6707 2579 5193 2580
3707 6305 1055 1068 3350
3708 7154 5931 7096 6061
3709 8304 3625 7776 3064
3710 8160 6471 7291 6485
3711 6693 5930 5958 4522
3712 8101 3430 7000 6103
3713 6287 714 713 5098
3714 8115 5639 6548 5842
3715 7161 6330 6928 5543
3716 7210 2914 6296 2910
3717 6641 6430 6438 4298
3718 7531 2139 1019 1017
3719 8292 5435 7963 2058
3720 7419 4679 5624 4620
3721 8180 6949 7879 5527
3722 7432 5853 7351 7068
3723 8140 4093 6420 5437
3724 8050 7364 7423 5655
3725 6592 5570 6560 5679
3726 5904 5332 5217 2051
3727 8020 2897 2888 5040
3728 7613 6899 7490 5868
3729 6703 1936 3475 1438
3730 7495 1554 1363 3652
3731 7013 5797 6004 5196
3732 7889 6854 7182 6241
3733 6558 3116 5997 5644
3734 7279 2149 1025 1797
3735 7552 2992 6172 4354
3736 7920 6357 7011 5569
3737 7382 6722 7257 5066
3738 7429 6154 6823 5871
3739 7929 5544 7711 5886
3740 7021 2499 6357 1086
3741 7064 1813 3491 1454
3742 5919 3267 3451 4380
3743 6481 4926 6112 2491
3744 6706 2688 6545 6356
3745 6310 5390 350 5385
3746 6705 5142 5656 2956
3747 8087 6778 7046 5335
3748 7013 2319 6004 5916
3749 7990 5925 7861 5777
3750 6706 2837 1258 1251
3751 7784 3157 6743 5850
3752 6289 866 5190 3472
3753 7060 6216 6898 5689
3754 7645 5484 7158 6538
3755 7008 6078 6943 6648
3756 7313 5702 6745 5552
3757 8125 6265 7246 6737
3758 8109 5108 6750 4627
3759 8224 6345 6534 6047
3760 6004 134 135 5160
3761 7466 3447 6438 6430
3762 6932 5831 6516 5917
3763 7021 2489 2227 1084
3764 6234 4994 6031 5812
3765 6938 3145 4571 5115
3766 7729 6767 7517 2656
3767 6906 2296 2288 5029
3768 7904 793 4230 794
3769 6501 6050 6304 5609
3770 7501 6331 6975 5886
3771 8348 7264 7607 6023
3772 6708 70 3093 3631
3773 6083 1659 1950 2255
3774 6604 5190 865 4363
3775 7620 4333 244 4368
3776 7624 6304 6793 5580
3777 6509 362 6298 5378
3778 7617 6053 6396 6006
3779 7196 6595 6994 6871
3780 7886 5722 6458 5790
3781 6649 5833 6259 4321
3782 7793 5713 6697 6418
3783 6621 3459 2896 1283
3784 6661 5671 6329 5937
3785 8278 2092 7815 7740
3786 7224 6477 7171 6539
3787 6245 2004 5961 2015
3788 8015 4530 2820 371
3789 5695 1606 3887 1949
3790 7146 5539 5818 3884
3791 6700 3719 1642 1963
3792 8019 5605 5845 1637
3793 6050 5812 6031 40
3794 7731 3134 7012 4535
3795 7615 3050 6424 390
3796 7273 812 7226 813
3797 7605 1080 7011 6712
3798 7245 5567 6524 5673
3799 8064 6474 7979 6160
3800 5796 3597 2931 1522
3801 7605 1069 6992 5661
3802 6638 492 493 5072
3803 7684 5911 7289 6757
3804 7885 5846 7183 6366
3805 6993 3709 1961 1638
3806 7907 6049 7502 7474
3807 7296 5008 5687 2390
3808 7482 3868 6220 3926
3809 7431 5517 7323 6108
3810 7108 5950 7064 5859
3811 7986 110 4508 4761
3812 8128 2749 6411 3562
3813 8380 8152 8344 7502
3814 7342 1543 6803 1909
3815 8056 6013 7874 5504
3816 8068 3161 3147 4507
3817 6485 5824 5960 5835
3818 6735 5274 2526 3377
3819 7940 7534 7586 6671
3820 7654 5772 5979 5507
3821 6645 206 4259 5272
3822 7853 6547 7804 7181
3823 7824 5901 7575 6253
3824 7121 2199 2238 4470
3825 8120 4712 6443 4683
3826 7393 4237 6008 2315
3827 8257 7037 7982 7483
3828 7996 5912 6213 1531
3829 8167 6635 8061 443
3830 1931 1427 6415 3251
3831 7611 5598 7503 7158
3832 8057 6721 7212 5788
3833 6300 5682 5822 5340
3834 7785 5835 5960 5824
3835 5702 2721 4587 2391
3836 6373 230 4378 2508
3837 7075 2806 4823 366
3838 7822 2415 2413 4584
3839 7153 1230 6641 3450
3840 8051 3007 1345 3471
3841 8397 6163 7680 5639
3842 8230 2636 7606 6027
3843 6203 3573 2613 1238
3844 8110 5784 6252 256
3845 8098 6310 7055 5390
3846 6601 5910 6036 5957
3847 7059 1821 1462 3393
3848 7385 231 6489 232
3849 7441 6109 7396 7203
3850 6290 835 4206 834
3851 8048 7036 7639 6559
3852 7213 5786 6532 6521
3853 5970 3192 421 5011
3854 7911 5665 7600 6319
3855 7804 6857 7295 6370
3856 5940 4041 5302 4020
3857 7431 6118 7369 5490
3858 7380 1394 7248 1391
3859 5906 2987 4334 4451
3860 8131 6337 8061 3164
3861 7036 5161 6365 6173
3862 8226 5042 6609 5048
3863 6171 4177 663 664
3864 7346 5567 5899 5807
3865 5679 3592 2885 1278
3866 6734 4862 6616 4519
3867 7741 7023 7493 5967
3868 7630 2741 6072 633
3869 6190 760 5311 5364
3870 6343 1983 1759 2420
3871 8147 4108 4113 2096
3872 6253 5251 60 61
3873 6726 2288 6422 5029
3874 8101 2639 4260 3430
3875 6728 4815 4633 3663
3876 7154 6061 7096 5028
3877 7620 4350 5269 3519
3878 6495 5473 594 595
3879 7042 3679 3247 488
3880 8232 6248 7962 6580
3881 6437 4551 518 3517
3882 6441 3558 2744 4391
3883 7484 5384 335 334
3884 7346 5899 6659 5922
3885 7786 6193 7721 5871
3886 6732 5915 6326 5805
3887 6801 1301 6064 2942
3888 7632 4074 6383 937
3889 6860 1398 6783 3177
3890 7883 5718 7456 7276
3891 7834 2232 7102 1946
3892 8407 6521 8340 5238
3893 7234 5151 177 4518
3894 6369 300 4614 299
3895 6202 4559 4830 2810
3896 7012 6290 6650 6058
3897 7325 2145 6491 2156
3898 7780 2529 7100 6071
3899 7882 4826 6569 6196
3900 6512 5329 6283 3769
3901 6735 2257 2526 4258
3902 7489 5759 7197 6903
3903 6205 4957 3294 3183
3904 6043 2336 5902 5616
3905 6171 4583 5943 2723
3906 7512 7037 7259 5843
3907 7936 1689 7173 1690
3908 8107 4019 6736 5890
3909 8357 353 352 5373
3910 5933 3508 4431 5129
3911 7379 6636 6716 6457
3912 7944 7111 7549 2975
3913 6287 5098 5851 714
3914 6650 6058 6526 5991
3915 6431 5582 6421 5695
3916 7237 3005 2929 405
3917 6916 6439 6691 6054
3918 7527 3524 6115 1472
3919 7550 6331 6975 2444
3920 8293 5389 3948 5379
3921 7062 696 4473 2252
3922 6373 5931 6255 5731
3923 7550 1805 6636 1055
3924 7104 4331 2937 5208
3925 7414 6139 6321 5498
3926 6670 2827 2835 1252
3927 7021 2480 6768 2485
3928 6910 728 729 4671
3929 7758 469 4292 5125
3930 6190 759 5810 5647
3931 6182 1315 3111 1319
3932 7379 2182 4165 4163
3933 5900 4642 5750 3642
3934 6373 5731 6255 5754
3935 7140 2338 2339 1969
3936 7214 5503 7097 6763
3937 6740 2354 3394 1696
3938 7812 6244 6724 5792
3939 7886 1139 6458 5722
3940 7662 6174 7517 6029
3941 7325 2156 6491 5985
3942 6670 1245 6348 1248
3943 6583 4873 36 4616
3944 7960 5927 6872 5874
3945 6496 4752 2705 3438
3946 6246 4691 6021 3442
3947 7779 219 6014 4681
3948 7687 3999 4001 5406
3949 6688 2201 4468 2202
3950 7201 5744 5919 5583
3951 6378 3320 6213 1530
3952 7703 5947 7551 5027
3953 7629 6225 6505 5527
3954 7601 5471 1820 2546
3955 7733 6044 7298 6751
3956 6171 2723 5037 4583
3957 6632 2716 5691 1202
3958 6636 2195 2181 4184
3959 7315 5005 5564 4280
3960 7257 6346 6936 5917
3961 6221 5773 6049 5565
3962 6742 3040 3464 1538
3963 7058 2087 1001 991
3964 7528 5622 7105 6042
3965 7993 5933 7832 6065
3966 6744 6052 6542 5922
3967 6203 1153 2652 1170
3968 8107 5890 7838 4019
3969 6929 5815 6106 5905
3970 7798 5686 6565 5909
3971 8063 5943 7181 5519
3972 7939 3564 1495 2769
3973 5649 5619 5645 5523
3974 7229 4283 2680 2537
3975 6255 229 230 2528
3976 6144 3136 5232 4509
3977 7781 6466 6742 5761
3978 5935 780 5845 3740
3979 7535 7294 7519 6668
3980 8048 6211 7639 7036
3981 6744 3682 6052 1430
3982 8280 5372 7936 3931
3983 8295 6195 7833 5529
3984 7744 3903 7539 1620
3985 8160 5632 6016 5817
3986 6583 5976 6423 5667
3987 6668 1192 6435 6281
3988 7740 5633 6358 6252
3989 7619 1727 1980 3849
3990 6747 5848 5955 679
3991 8413 4910 6237 4382
3992 6851 1233 1864 2709
3993 8109 4915 6018 4258
3994 7884 3255 3276 1937
3995 6274 4952 5701 4659
3996 7369 6046 6526 6058
3997 6872 423 422 3055
3998 6672 5281 608 2228
3999 8015 2824 2820 4530
4000 7966 6369 7783 5903
4001 7621 3639 7567 394
4002 7515 3675 6218 3222
4003 6024 5823 5857 5655
4004 7577 6775 6966 5746
4005 7920 5569 7011 5706
4006 7790 6699 7001 5813
4007 7637 4390 7525 703
4008 7590 5574 6250 5059
4009 6856 3999 6677 5424
4010 6593 4480 6014 5625
4011 6566 3030 172 4356
4012 6514 4493 4873 2648
4013 7968 7176 7923 5579
4014 6753 4008 1989 4010
4015 8156 4267 7829 484
4016 8326 2345 309 4248
4017 7676 6459 7544 6266
4018 7623 6118 6963 6828
4019 6391 17 945 1993
4020 6825 3714 1672 1962
4021 7591 4526 3034 3618
4022 6801 1301 2942 3024
4023 7880 6086 6972 3863
4024 7289 6390 6769 5974
4025 8260 3082 7878 1355
4026 7617 5313 5359 3776
4027 6756 5692 6200 1892
4028 7617 6396 7339 6006
4029 7502 247 7474 5423
4030 6776 1182 6243 2251
4031 5747 3843 3915 1721
4032 6554 4574 4894 847
4033 6132 1828 3399 2378
4034 7424 2326 2328 1966
4035 6543 1158 1156 2623
4036 7586 5962 7563 5618
4037 7839 6657 6705 5667
4038 8018 1782 6719 988
4039 8107 5755 7838 5890
4040 7078 1510 1275 2880
4041 8194 5495 7554 6307
4042 8153 2870 2858 4366
4043 6974 525 6399 4912
4044 6991 978 2282 2270
4045 8379 8013 8215 6306
4046 7878 7351 7682 5914
4047 6917 3289 6886 6161
4048 7643 7031 7411 5653
4049 5857 953 5439 2040
4050 6909 4486 4636 298
4051 6076 1362 3094 3078
4052 6566 172 6430 173
4053 7822 6302 7526 2415
4054 7561 7214 7556 6517
4055 7558 4478 326 325
4056 6120 5210 2972 2877
4057 7835 577 578 4128
4058 7835 4128 6057 577
4059 7430 5965 6389 6359
4060 7220 6953 7183 5646
4061 7943 7155 7273 6599
4062 6704 5348 5344 3877
4063 8180 5672 7508 6225
4064 8290 2035 6766 4087
4065 7171 6401 6539 6213
4066 8329 7269 8069 6127
4067 1269 2866 6739 1265
4068 8015 2813 6136 372
4069 6646 5189 3731 3728
4070 8124 3105 1364 3099
4071 6761 5974 6757 5983
4072 7361 5900 7069 3089
4073 8004 6979 7775 2173
4074 6783 5637 5740 5673
4075 5573 2717 4867 622
4076 7970 3117 5800 1295
4077 7523 5162 4452 2364
4078 6787 6139 6669 5493
4079 6646 3759 5889 3730
4080 6447 2822 5880 183
4081 8240 7200 7658 6409
4082 8420 5132 2559 4437
4083 7519 5074 2694 2695
4084 6735 2526 1104 3377
4085 7560 5533 6786 5769
4086 8006 1105 6770 1107
4087 4045 943 889 888
4088 902 901 2065 5217
4089 8218 7657 8057 5663
4090 6095 4365 4704 2838
4091 6707 2579 6361 5193
4092 6452 930 5455 5173
4093 8178 6493 7408 6823
4094 7927 6311 7285 5484
4095 7538 1905 6546 1340
4096 7917 4264 6052 89
4097 8115 2848 7709 350
4098 8044 7288 7425 5671
4099 8019 1670 5820 5599
4100 6703 5744 5960 5834
4101 7224 4369 6539 382
4102 7930 5993 6739 6388
4103 6592 5679 5906 5570
4104 6213 1330 1531 3017
4105 6295 2530 496 5263
4106 7139 6404 6538 5593
4107 7537 3051 7344 6702
4108 8224 6047 7949 5718
4109 7508 5466 6448 5334
4110 6715 1711 5823 3908
4111 880 2063 2029 5295
4112 7580 5620 6891 6502
4113 6766 2035 2019 4087
4114 7644 5618 7586 7534
4115 6645 3605 6631 4325
4116 7549 6784 7111 6015
4117 8018 2107 7488 2082
4118 7446 4123 2114 275
4119 8271 6892 7468 6268
4120 6327 979 2080 985
4121 7282 5290 3869 5265
4122 7883 5577 6398 5926
4123 7227 5230 2715 3446
4124 7138 1779 6284 2111
4125 7174 6393 7133 5559
4126 7838 5890 5940 2002
4127 8311 3400 6452 2601
4128 7790 1803 1050 2174
4129 8267 5879 7564 5817
4130 7348 406 6081 405
4131 8099 1615 3373 1663
4132 7552 6254 6707 102
4133 8234 5700 6976 5563
4134 7580 6502 6762 5589
4135 8361 2685 8341 8249
4136 8229 6585 8199 7769
4137 8047 2754 2756 4960
4138 6753 4008 6644 3979
4139 6768 2497 6166 2495
4140 8163 6339 7766 6984
4141 8256 6613 7075 2796
4142 7777 1862 2794 1503
4143 5838 2901 197 5036
4144 6373 6212 6255 5931
4145 8056 5996 6013 5504
4146 8161 5836 7950 3268
4147 7839 4192 6705 6657
4148 8306 7336 8167 6035
4149 7917 6052 7772 89
4150 8167 3164 4669 444
4151 6934 5953 6121 4070
4152 8016 5649 7967 6186
4153 8015 371 7999 4530
4154 8351 6144 6296 6294
4155 7887 145 6456 146
4156 8198 7427 7678 7455
4157 5966 3721 4228 5261
4158 6133 205 5272 4255
4159 8290 2035 7706 6420
4160 6057 577 576 4415
4161 8271 5792 6892 6724
4162 8390 5381 8280 3956
4163 7483 5538 6947 6889
4164 7524 2048 7193 4301
4165 7510 1969 7140 5571
4166 7354 5764 7350 6294
4167 6378 5556 6213 6095
4168 7743 3016 6649 4441
4169 6415 3325 1424 1422
4170 6039 2133 5934 1012
4171 7657 6251 6918 6075
4172 7141 113 5079 112
4173 7821 4249 7529 6450
4174 7407 6105 6494 6328
4175 8314 5707 7367 6398
4176 8280 347 6386 4936
4177 7411 6139 7050 5498
4178 6797 6626 6721 6675
4179 7948 4901 513 4674
4180 6739 2851 6104 5701
4181 7558 5498 6074 5861
4182 7648 2063 4094 948
4183 7648 3912 7157 5295
4184 6593 4724 2504 2488
4185 6420 2035 909 5429
4186 7871 5502 7147 5592
4187 7761 5558 7498 7132
4188 8228 5518 7673 5734
4189 8314 6398 7323 6962
4190 7521 5751 7057 6692
4191 7485 3437 1482 1120
4192 7835 5144 578 4193
4193 7547 202 2932 5033
4194 7892 6016 6295 498
4195 8009 5955 7228 5758
4196 6955 5750 6558 5937
4197 6016 499 2521 498
4198 8347 6264 6901 6163
4199 6369 4569 4614 300
4200 8274 5031 7593 5089
4201 7344 6872 6900 423
4202 7892 5253 6016 498
4203 6542 5099 6123 85
4204 7839 4192 6657 5129
4205 7375 5535 6574 6208
4206 7961 5944 6947 6889
4207 8135 7244 7340 7225
4208 7766 5934 6984 6339
4209 7313 5727 6953 5552
4210 7552 2992 6800 6172
4211 7432 7167 7172 6667
4212 6682 4861 4520 2730
4213 8123 6156 6824 6397
4214 7850 6578 7232 6351
4215 8354 7087 8094 3028
4216 7558 5861 6721 5498
4217 6473 2417 4579 5246
4218 8015 1248 2820 2824
4219 6426 5133 4191 2243
4220 6472 2511 1453 1094
4221 7558 7330 7378 2370
4222 7558 5658 6074 5498
4223 7149 5362 5323 629
4224 7892 4381 7291 5253
4225 7944 1528 6409 1897
4226 7561 6517 7041 5512
4227 8392 6098 6205 5892
4228 7564 5632 7439 5817
4229 8232 7211 8189 7614
4230 7558 2370 7378 324
4231 8024 2371 5660 5257
4232 6776 2666 6567 1178
4233 5252 944 906 874
4234 7648 4094 7157 5857
4235 876 4033 877 5259
4236 8116 2634 4038 4023
4237 8261 3513 6810 2554
4238 7869 5809 6131 5734
4239 5867 3859 5762 3862
4240 7974 1715 3831 3910
4241 7895 6187 7435 6716
4242 8270 5905 7089 7054
4243 6225 1199 1202 2614
4244 8204 5791 7152 5604
4245 7558 4445 2370 324
4246 7652 6687 7016 5578
4247 8257 7483 7982 6889
4248 6748 5155 3341 2449
4249 7135 6219 6730 5753
4250 8124 1367 1364 3105
4251 7892 498 6295 5263
4252 8059 5774 7981 6348
4253 7152 2654 4658 2469
4254 6554 3067 6353 4574
4255 7838 959 5603 2045
4256 905 906 5252 5454
4257 7558 4445 7330 2370
4258 6604 4288 6515 3118
4259 7977 1203 7947 7598
4260 8265 1308 2959 1311
4261 8187 6266 7350 6144
4262 7209 6455 7052 6912
4263 6780 1334 6546 5888
4264 7613 1617 6973 5868
4265 8270 5156 466 467
4266 6103 3430 1064 1050
4267 8262 3048 6902 1907
4268 6063 3444 168 2742
4269 8247 6239 7445 5899
4270 7077 2763 5955 5267
4271 7863 5262 7840 6429
4272 6031 4865 4719 2668
4273 7892 5632 6443 6295
4274 8315 7281 7877 5532
4275 8009 6173 7939 6853
4276 7986 110 109 4508
4277 7895 5855 6478 5758
4278 7838 4028 2002 959
4279 8055 1175 3542 1483
4280 1975 3815 6701 1707
4281 7951 6851 6968 6925
4282 6809 3265 494 3594
4283 5569 4416 2480 2267
4284 8314 6398 6962 6497
4285 6782 64 6130 5184
4286 6783 4718 5740 2361
4287 8037 472 7363 4503
4288 6769 6001 6390 5616
4289 7933 3061 6902 6434
4290 7835 4128 6414 6057
4291 7650 4364 6378 3069
4292 7514 3196 1397 3192
4293 5294 875 4068 2034
4294 7449 6427 7331 5490
4295 6784 5275 6026 790
4296 7514 1397 6728 3192
4297 7979 6204 6474 3713
4298 5652 5252 3924 3925
4299 5856 4746 5702 4647
4300 7607 3356 6748 6333
4301 7547 3097 6729 4763
4302 8005 2821 1869 2823
4303 6153 3409 3445 4466
4304 5763 2078 2098 978
4305 5944 697 4492 4650
4306 7758 470 5125 471
4307 6769 4145 545 546
4308 8128 1494 3562 2647
4309 7994 6226 6523 6360
4310 7371 5719 7279 5902
4311 6797 5511 5658 5498
4312 7988 5480 7586 5962
4313 8101 717 8100 6651
4314 6806 4240 5211 538
4315 6691 5973 6039 2131
4316 7293 5533 7061 5769
4317 7979 784 7831 7658
4318 7547 3132 2932 1890
4319 6875 464 5197 465
4320 6004 134 5916 3501
4321 6026 4388 3747 1643
4322 8308 5844 6684 6404
4323 7593 6073 7339 7004
4324 7399 6045 6608 5010
4325 6788 3524 6115 3528
4326 6383 940 6304 2047
4327 7431 6058 7369 6118
4328 6148 4889 603 3362
4329 7731 5465 5991 836
4330 5812 4429 41 42
4331 6271 1841 1171 2653
4332 8255 6262 7491 2674
4333 6424 3050 3138 1542
4334 5989 4645 416 5095
4335 7147 5538 5766 5502
4336 7892 6443 6654 6295
4337 8373 1053 6165 1062
4338 8128 2745 1494 1212
4339 6969 4172 6021 674
4340 6554 847 846 4574
4341 6682 1193 6594 2701
4342 6776 2665 6234 1182
4343 5266 2034 5294 4068
4344 7000 2443 2757 5098
4345 877 2068 5259 4033
4346 7878 1357 3083 1911
4347 8336 4703 6596 3163
4348 8115 6310 8098 350
4349 7290 6684 7101 5844
4350 7723 3767 6959 6448
4351 6608 698 699 4802
4352 7668 6552 7560 7293
4353 7129 6139 6488 5496
4354 8276 3137 6513 4922
4355 5661 2460 4943 3482
4356 8296 5850 6743 6324
4357 8007 6221 7778 3407
4358 7550 1805 2456 1067
4359 7962 4121 6580 271
4360 7851 1415 6634 1412
4361 7357 5674 7143 6614
4362 7336 5952 6635 6573
4363 8219 7320 7835 579
4364 7160 4811 859 5292
4365 6273 5067 2859 2840
4366 7497 6156 6816 5714
4367 7508 5672 6448 5466
4368 7848 6683 7462 6814
4369 6637 2261 5086 4996
4370 7521 2475 3403 597
4371 6795 2991 6784 5277
4372 6295 2529 496 2530
4373 8042 7028 7241 6313
4374 6658 1341 1339 3038
4375 7045 5995 6788 2588
4376 7962 5054 6248 4242
4377 6182 1319 3111 1529
4378 7841 603 4981 604
4379 6795 2989 1319 1529
4380 8159 6297 7296 5847
4381 8400 6269 7903 1598
4382 6637 2265 2261 4996
4383 7673 6149 6831 5602
4384 8308 7809 8040 6624
4385 8343 6688 7793 6087
4386 8016 5649 6186 5615
4387 7889 176 6883 6586
4388 8192 915 2071 2055
4389 7663 5642 6316 5659
4390 6753 4010 6644 4008
4391 876 5259 5287 4033
4392 5905 4423 4292 468
4393 6797 5658 6721 5498
4394 7936 1690 7173 6612
4395 7835 4154 6414 578
4396 7836 6618 7734 5056
4397 7835 4193 2384 2625
4398 6133 2431 1768 3421
4399 7375 6029 6174 5526
4400 6904 520 4771 4809
4401 8248 2116 8157 7383
4402 7515 3602 5673 3202
4403 7835 6414 7320 5983
4404 7782 5780 7484 6617
4405 886 887 5300 2013
4406 7599 6010 6692 5618
4407 8242 573 6507 574
4408 898 897 4053 5179
4409 6753 1763 1989 4008
4410 8110 256 7740 4105
4411 8072 5488 7647 7526
4412 8155 1625 7043 1668
4413 7547 5678 6896 5796
4414 7906 762 4497 761
4415 8023 6538 7108 5859
4416 8112 6772 7545 5771
4417 8060 2050 6779 962
4418 6261 2168 5887 1044
4419 6146 480 4733 3234
4420 8326 7419 8211 4248
4421 8015 1245 2813 2820
4422 7516 4328 5103 49
4423 6800 2992 2954 1306
4424 7049 5592 7019 7015
4425 8249 2682 7107 6050
4426 8119 7130 7875 6111
4427 5564 3172 1390 1389
4428 8408 5987 8188 5963
4429 6803 3047 3062 1343
4430 6841 5548 6020 5914
4431 6608 2605 5634 1043
4432 6803 1343 6060 1909
4433 7684 5911 6152 5598
4434 7357 6912 7209 6614
4435 7600 6427 7353 5665
4436 7147 5681 6083 5766
4437 7636 109 4717 3129
4438 7699 5626 6819 6315
4439 7194 2812 2808 1244
4440 8072 5978 7647 5488
4441 7538 6546 6658 1340
4442 6060 1349 3064 3063
4443 6407 2000 6385 4040
4444 7163 2340 1690 1689
4445 6424 3050 1542 3627
4446 7210 5764 6519 6012
4447 8015 372 6136 371
4448 5701 4337 4906 2851
4449 8024 5690 7725 6301
4450 6354 4969 6248 4242
4451 7839 5656 7789 6705
4452 7016 5966 6026 5650
4453 5600 2911 1516 2893
4454 8120 495 6654 4712
4455 7523 321 6075 4452
4456 7295 6815 7004 5522
4457 6687 5578 6015 5607
4458 7089 1564 3668 3199
4459 7271 6063 7238 6893
4460 7683 6486 6516 5770
4461 6998 5877 6848 4081
4462 7134 750 5971 3720
4463 7785 5250 6758 3475
4464 5702 4647 4746 693
4465 8036 6792 7276 6915
4466 7500 5457 5074 2695
4467 6265 5688 5935 5013
4468 7619 3921 3847 1980
4469 8121 139 140 5149
4470 7834 1656 7797 2232
4471 6822 2350 6740 6223
4472 6573 3228 5952 1417
4473 7900 1268 7791 7709
4474 6809 1573 3265 3594
4475 7430 5579 7362 6166
4476 5766 1610 1950 3790
4477 7504 2166 6261 4169
4478 6305 3350 1068 2575
4479 8424 4398 8422 2392
4480 8212 5740 7141 5637
4481 8016 6186 7967 7578
4482 6422 983 6284 2292
4483 7926 5670 6808 4080
4484 7258 820 3601 821
4485 7051 2329 2331 1967
4486 6431 1605 5695 3787
4487 8039 2539 6867 5956
4488 6108 2907 2918 4541
4489 6350 6257 6314 5504
4490 5955 5267 2763 679
4491 2005 2034 5266 4068
4492 2005 5266 5426 4068
4493 6313 1724 3842 3845
4494 2005 3907 5426 5266
4495 6811 4838 3481 92
4496 7992 1674 6881 1644
4497 8171 6754 7125 5904
4498 6745 2404 5887 4945
4499 6812 4985 3548 163
4500 8307 5791 8204 5604
4501 876 4033 5287 2005
4502 7654 5507 7436 5772
4503 8022 6226 6717 6236
4504 7836 4355 6062 417
4505 8385 7923 8383 7139
4506 8337 5847 8246 5839
4507 7069 3637 1547 1359
4508 5826 3395 4216 319
4509 7836 4645 7692 3321
4510 6295 5263 496 497
4511 5684 660 4167 659
4512 6583 4616 35 4500
4513 7836 6062 6618 417
4514 6946 5805 6326 5915
4515 6083 5681 5818 2256
4516 6812 2698 6435 1486
4517 7679 1923 6860 2197
4518 6868 5430 2057 2042
4519 7587 5854 6564 6066
4520 7521 5751 6692 6010
4521 6192 2396 2397 4396
4522 8336 3165 1919 1384
4523 6562 1868 1241 2807
4524 6814 3405 1019 1031
4525 7495 1554 3652 3653
4526 7836 7625 7692 4645
4527 7643 5653 7411 7058
4528 6453 3216 1410 1566
4529 7508 620 4867 2718
4530 6609 1288 5678 2906
4531 6157 1461 3504 1124
4532 8121 139 2791 4435
4533 6816 5793 6444 6156
4534 8326 4937 7163 5717
4535 8122 6715 8050 6820
4536 6827 5726 5947 5873
4537 6063 2742 168 4303
4538 6084 4173 5972 656
4539 5883 1684 3950 1968
4540 7728 6126 7208 6846
4541 8065 394 6376 5878
4542 7835 577 6057 4193
4543 7751 5609 6514 6050
4544 6199 4131 558 559
4545 7925 76 6470 2666
4546 8248 7383 8157 5984
4547 7254 3936 6251 1703
4548 6882 4209 505 504
4549 8106 5755 6736 5474
4550 7280 4658 7152 2654
4551 7517 6767 7375 6312
4552 6885 5647 5810 5509
4553 7226 811 2935 3452
4554 6044 360 4205 359
4555 7193 5428 5730 5444
4556 7795 1469 3292 3288
4557 6944 5489 6749 6639
4558 8172 5387 7659 343
4559 7486 2985 6592 4449
4560 7535 6112 7294 6668
4561 5786 2708 1229 1197
4562 7835 4193 2625 5144
4563 7836 4645 3321 3018
4564 7551 5027 95 94
4565 8229 3532 6585 2620
4566 7501 6331 6625 6305
4567 6419 3510 1463 1822
4568 6137 1900 2991 3609
4569 6817 5181 6004 136
4570 6071 1815 2529 1106
4571 6352 4503 3215 436
4572 6554 4833 3048 4574
4573 7528 5815 6929 6164
4574 8048 6211 7197 6005
4575 7502 5773 7007 6049
4576 7549 6784 6795 2991
4577 6812 5949 6492 6435
4578 7006 6176 6733 5669
4579 6148 1652 5789 2219
4580 7763 1875 1509 3588
4581 7287 1249 6447 1868
4582 8038 1327 7996 6539
4583 6573 3228 6146 5952
4584 7351 5945 7068 5853
4585 8243 2942 6801 6064
4586 7777 2879 7318 1503
4587 7471 6270 6633 5516
4588 8343 5713 7667 7314
4589 6171 664 663 5037
4590 7500 3545 3297 4963
4591 6715 3822 1711 3908
4592 6554 4894 6353 847
4593 6264 3624 4870 3027
4594 6417 4896 5754 2507
4595 6057 577 4415 4193
4596 8387 2244 2246 1604
4597 6782 4269 6097 3260
4598 7743 3016 3011 1331
4599 6237 4382 4910 491
4600 7464 6190 6260 5647
4601 7651 765 7591 6962
4602 6024 1714 5781 3827
4603 8275 6204 6731 5605
4604 7166 2735 2733 1207
4605 5287 5426 2005 3907
4606 6084 1036 5727 2164
4607 6600 2541 6032 5722
4608 7135 5753 6730 6330
4609 7188 3207 4292 3299
4610 7624 6050 6793 6304
4611 7342 3629 3323 4940
4612 8352 637 638 5084
4613 8036 5688 6915 5657
4614 7685 5489 6944 6577
4615 7158 5844 6404 6152
4616 8299 6674 7752 7167
4617 7628 5752 6451 6054
4618 7508 5466 5334 620
4619 8109 129 6750 5108
4620 8003 5882 6527 5492
4621 6285 5815 6106 5768
4622 6708 3631 6579 1544
4623 6225 2614 1194 1199
4624 8377 1427 3250 3325
4625 7248 5734 6216 5809
4626 6638 6141 6237 5072
4627 8203 2589 8028 3550
4628 8166 5432 6952 6862
4629 8329 7020 7894 7009
4630 6961 5715 6911 6806
4631 7055 6056 6740 5662
4632 7517 6312 7375 6871
4633 7537 427 4274 426
4634 8221 3332 1405 3211
4635 7824 5901 6253 6205
4636 7684 6257 6724 6244
4637 7020 4545 4436 105
4638 5887 4650 4492 2683
4639 7918 4820 7076 6263
4640 8248 2084 8157 2116
4641 6955 4642 5750 5584
4642 8214 1491 6233 2756
4643 6946 4805 5915 4754
4644 7713 6913 7475 5485
4645 8014 3149 3294 4843
4646 6934 4070 6884 5953
4647 6706 6036 6670 5982
4648 8229 6013 6806 5593
4649 6467 4136 2148 2157
4650 7472 4945 6745 5887
4651 8016 5615 6818 5649
4652 7125 6862 6952 5617
4653 8009 5848 5955 5758
4654 6926 5964 6240 6061
4655 7767 3952 3953 5376
4656 7517 6174 7375 6029
4657 7247 5922 6659 1930
4658 6855 5413 4004 3984
4659 6431 5695 5909 5582
4660 8249 1200 1188 2691
4661 7064 1452 6479 2522
4662 6074 5511 5658 4469
4663 6132 1140 1828 2378
4664 6084 4174 5972 4171
4665 6979 5782 6021 672
4666 6840 4731 6504 438
4667 7783 5946 6369 5053
4668 7906 763 6499 6300
4669 7879 5876 6949 5894
4670 8290 954 5449 960
4671 6148 2221 6053 3362
4672 6158 4600 594 4598
4673 7558 5861 7378 7330
4674 8209 6255 6770 5608
4675 7882 692 693 4495
4676 8123 6824 7650 5714
4677 6887 583 2324 4749
4678 7921 6277 7546 6422
4679 6878 5572 6333 5951
4680 7977 1207 7598 7166
4681 7389 5728 7093 6973
4682 6842 6056 6822 6740
4683 7596 5978 7316 6212
4684 7519 2687 2699 1187
4685 8077 366 4786 365
4686 7186 4687 530 2313
4687 7674 6372 7060 6749
4688 6732 4550 2803 3593
4689 6640 1610 1609 2253
4690 6422 2292 5032 4232
4691 7196 3159 4794 4761
4692 7620 5399 5839 243
4693 6923 6029 6184 5535
4694 6845 52 6309 5066
4695 8165 3393 3505 5240
4696 7515 1402 6783 3203
4697 7514 3192 5970 5011
4698 8144 919 4022 923
4699 7352 2472 4549 474
4700 6249 5215 4345 2892
4701 7016 6026 6687 5650
4702 7486 5906 6592 2898
4703 6563 5622 6164 6042
4704 7539 1664 7490 5868
4705 7835 4154 7320 6414
4706 8343 6418 6760 5713
4707 8355 1365 7088 3649
4708 8107 925 4019 920
4709 8231 4414 471 5244
4710 7683 7123 7180 5770
4711 7836 5056 7734 5461
4712 7805 5992 7052 6807
4713 6986 5610 6689 6386
4714 7864 7145 7641 6717
4715 8327 6689 7420 6223
4716 7413 151 7208 5557
4717 7524 3479 7193 5730
4718 8272 3150 7890 6293
4719 7164 1389 5564 1390
4720 7914 2732 1207 1203
4721 5619 431 430 4430
4722 5866 2928 5636 1302
4723 6213 3017 1531 3320
4724 7909 2471 6931 1075
4725 8343 6760 7667 5713
4726 7835 578 6414 4128
4727 7933 3061 6434 3025
4728 6467 2158 2148 4156
4729 7593 639 7262 6396
4730 6099 1468 1133 3519
4731 7078 1281 5726 1275
4732 7497 5793 6764 6553
4733 6016 2521 3360 498
4734 7489 5894 7407 7314
4735 8420 8165 8394 8378
4736 7862 2556 4590 3505
4737 7510 1686 1687 3952
4738 8355 3649 7088 1369
4739 8166 5448 6862 950
4740 7508 620 5672 5466
4741 6624 533 4316 532
4742 7599 5627 6010 5618
4743 6855 222 4002 3985
4744 6855 222 5405 4002
4745 7495 1553 6604 5644
4746 6858 4417 6175 3525
4747 7513 6467 7279 5719
4748 6454 4096 2037 4082
4749 6097 62 61 3189
4750 7484 3946 6894 3947
4751 6998 4057 5260 4050
4752 7526 2415 6302 2418
4753 6858 3525 6175 5787
4754 7591 4479 6134 5675
4755 6354 2321 6032 4903
4756 6231 2272 2271 1617
4757 6498 1116 2545 2540
4758 6025 745 744 5352
4759 7734 5056 6618 5044
4760 7538 1340 3039 1905
4761 7510 3951 1686 3952
4762 6745 2412 1042 1041
4763 6141 5072 2522 3487
4764 7678 6440 7016 5509
4765 5660 2371 2374 1017
4766 6992 6147 6823 5661
4767 6860 2197 1923 1398
4768 6407 4326 3314 2854
4769 7660 6401 7116 5556
4770 6718 6073 6246 6242
4771 8344 3975 7533 4000
4772 6862 2031 950 5448
4773 6863 3941 6041 5802
4774 7419 4679 6922 5624
4775 7935 7054 7842 3199
4776 7525 2256 5818 5681
4777 8066 6161 6886 6334
4778 6916 554 553 4757
4779 6660 4379 4278 3723
4780 7560 5499 7465 5993
4781 6971 5714 6395 5898
4782 7118 5700 5952 5891
4783 8387 4495 6102 4746
4784 7153 1230 1863 2765
4785 8257 7696 7961 6889
4786 6869 6612 6689 5560
4787 6972 3930 5312 3863
4788 6559 5315 3779 3891
4789 7936 3955 7173 1689
4790 7854 5902 7279 5719
4791 8148 2347 6984 6339
4792 8052 1843 7819 6673
4793 7374 2907 6108 4541
4794 7888 6049 7474 7236
4795 7617 6396 7409 7339
4796 7617 640 7409 6396
4797 6975 2444 6331 6305
4798 7311 1051 2189 1062
4799 7803 3907 6715 3818
4800 7732 6315 6669 5496
4801 8185 6176 7188 6285
4802 7526 1756 2416 1757
4803 6869 5571 5883 5771
4804 7969 4748 6390 2564
4805 6102 5686 5909 5856
4806 5955 2759 4309 680
4807 7842 4273 6875 6758
4808 6213 4644 3318 379
4809 7376 3913 6736 5476
4810 6438 2767 5959 1221
4811 7227 3569 6521 2784
4812 7345 5792 5962 5934
4813 8411 976 5729 977
4814 8228 6149 8158 7673
4815 7981 368 2818 2833
4816 7315 6349 6891 5536
4817 8049 4846 4294 84
4818 6475 191 4646 5101
4819 5647 3897 758 5366
4820 7501 3350 6975 6305
4821 8062 6076 7028 5975
4822 7741 668 5107 669
4823 7944 2975 7549 1323
4824 6463 5873 6236 5712
4825 7146 3884 6880 5539
4826 8211 4248 7419 3390
4827 8055 6219 7819 7135
4828 6728 1332 3022 3663
4829 7809 5859 6071 5950
4830 7440 6807 7207 6455
4831 7838 2064 7156 6181
4832 7433 4767 6359 4722
4833 6616 4027 969 2008
4834 7528 7281 7400 6338
4835 7183 6078 6187 5846
4836 7544 6813 6833 6247
4837 7484 4759 6617 4440
4838 7615 6186 7177 6424
4839 8042 5932 6313 5755
4840 7539 3810 7490 1664
4841 7613 3795 7490 5350
4842 7843 5175 6699 2445
4843 5252 944 5454 906
4844 7871 6664 7223 6527
4845 7431 6040 6046 5577
4846 7977 1854 2720 3301
4847 7847 670 7741 7023
4848 7668 6522 6786 6292
4849 6876 1927 5895 1413
4850 7617 6005 7197 5500
4851 7484 334 333 5384
4852 7498 7037 7483 6664
4853 7893 6525 7187 5541
4854 7800 1485 5908 1847
4855 7850 6302 7225 6250
4856 6877 3871 6283 5337
4857 7047 5264 4316 533
4858 6041 2317 1677 1706
4859 7991 4116 7773 277
4860 7854 4487 6153 3445
4861 6452 1466 1824 5475
4862 6447 5541 6202 5880
4863 6447 2804 2810 1241
4864 6719 2300 1782 2544
4865 6863 3941 327 3966
4866 7374 4541 6108 2902
4867 6679 159 160 5055
4868 6024 1976 5823 1712
4869 7580 6129 6415 5736
4870 8045 1884 3458 2912
4871 5675 765 4635 3684
4872 8025 6610 7357 4605
4873 7675 3974 7533 1773
4874 8276 441 7349 440
4875 7224 383 4362 3454
4876 6904 519 4943 2460
4877 7733 6548 7151 6002
4878 5307 5259 877 2068
4879 7978 839 3817 838
4880 5725 2090 971 2108
4881 5291 5303 883 4050
4882 6882 3283 6157 2540
4883 6884 954 942 5449
4884 7663 5829 7150 5659
4885 7521 4895 7057 598
4886 7119 2566 2343 1129
4887 7149 5342 628 627
4888 6592 2985 1882 1282
4889 6823 6147 6520 5661
4890 8318 6844 7041 5540
4891 8348 5572 7607 6333
4892 6886 2592 5090 4289
4893 5307 877 878 2068
4894 7515 6218 7459 3222
4895 6296 365 4786 2913
4896 7342 6060 6803 5896
4897 2052 2068 5307 878
4898 6887 6275 6688 6043
4899 7077 2764 4284 2674
4900 7432 6667 7172 7068
4901 8376 5041 4948 3623
4902 6026 4262 791 4343
4903 7562 5696 7142 6258
4904 7714 5757 7339 7004
4905 7502 5423 7236 3997
4906 7023 5936 6557 6233
4907 7354 5840 6577 5764
4908 7115 3583 5993 2855
4909 6944 6619 6816 6577
4910 7552 6124 6361 6254
4911 8310 4739 6352 437
4912 6728 6088 6216 1332
4913 7912 847 5305 3833
4914 7327 6432 7262 6951
4915 8220 6486 7896 7083
4916 7495 3652 7416 3653
4917 6893 2744 6441 3558
4918 7495 1553 1363 3472
4919 7521 5939 6506 2475
4920 6026 3752 1643 1673
4921 7672 2607 2381 1151
4922 6089 1953 3809 1662
4923 7380 6216 6618 5689
4924 8076 3333 7322 3680
4925 6675 4807 4488 293
4926 6524 3221 3224 1414
4927 5644 3113 1553 1915
4928 7450 5479 7112 6835
4929 2063 5276 5295 879
4930 7194 2812 1240 2803
4931 6780 4556 6526 801
4932 7487 5243 7397 4427
4933 7523 5819 6075 321
4934 6895 6315 6480 5837
4935 8384 5227 215 216
4936 7502 3997 7236 6622
4937 7502 5396 3997 3973
4938 7495 5644 6604 5638
4939 7502 5396 3973 3975
4940 6740 2352 1695 2351
4941 7115 6195 6475 192
4942 6199 2151 559 560
4943 7510 5883 6122 2334
4944 8121 137 4420 138
4945 7115 5701 6195 4906
4946 8097 6943 7008 6078
4947 7501 6305 6975 6331
4948 6854 3324 3080 1912
4949 8301 3567 4285 647
4950 6695 6382 6523 5597
4951 7139 5484 6538 6404
4952 7631 5643 6234 5604
4953 6503 1206 1853 2728
4954 2052 878 5276 879
4955 6951 1592 1653 3882
4956 7575 5067 6273 2840
4957 6393 5981 6220 6085
4958 5961 3515 1995 930
4959 7525 2256 6209 5818
4960 8229 536 3532 2620
4961 7523 320 5819 321
4962 7892 5253 7291 4266
4963 6450 199 5547 200
4964 7464 6190 7305 6260
4965 8318 6844 7826 7041
4966 7978 1974 6701 3815
4967 6179 168 6063 3557
4968 7909 4474 7433 7352
4969 6157 4419 3504 5136
4970 7537 5927 7344 425
4971 6897 1852 6682 2730
4972 7150 3427 5829 4958
4973 7598 5936 6874 6591
4974 8120 6654 6809 6443
4975 7502 6622 7236 7007
4976 7887 4560 6456 145
4977 7549 4792 7111 5070
4978 7809 5715 6071 5999
4979 7222 556 6691 4153
4980 6911 535 4302 536
4981 8034 6683 7341 5572
4982 6890 5906 6376 5554
4983 7954 4599 7076 5469
4984 7399 2612 2400 1059
4985 8214 6246 8084 6233
4986 7920 5579 6768 6311
4987 7974 1717 7252 1718
4988 5015 774 6047 3761
4989 5789 1589 2216 1944
4990 6326 327 4754 4550
4991 5649 5164 5611 428
4992 7697 6598 7090 2984
4993 7135 2501 3541 5080
4994 7235 63 62 4269
4995 5961 3509 4014 4514
4996 8382 6009 6873 1984
4997 7547 1288 5796 1522
4998 7100 3491 6443 4712
4999 6894 5780 6759 6150
5000 6026 3747 5650 1643
5001 6026 4388 5650 3747
5002 7061 5769 6550 6413
5003 8419 3212 1408 1413
5004 6544 4148 5918 2135
5005 6972 3924 5652 5225
5006 7839 5667 6708 5976
5007 6229 2103 6079 4114
5008 6229 268 2103 4114
5009 6138 1559 3329 3660
5010 7092 5749 6917 5654
5011 5967 5104 5852 665
5012 7615 7177 7567 5878
5013 7705 6575 7296 1766
5014 7850 6578 7633 7232
5015 6934 4374 5591 5431
5016 6148 4889 3362 3361
5017 8055 2501 1179 1175
5018 6461 5843 5851 5735
5019 7495 3653 7416 1554
5020 7366 5254 2355 3518
5021 7822 4584 2414 186
5022 7266 6258 7142 7030
5023 7909 3353 5237 507
5024 7167 6117 6554 5693
5025 7895 6242 6547 5855
5026 2052 5276 2063 879
5027 6899 752 4228 751
5028 2052 5307 5276 878
5029 6472 5803 6008 5916
5030 6938 3065 4571 3145
5031 7331 6116 6981 6781
5032 5656 1321 1306 2956
5033 7975 55 6145 5062
5034 6133 3421 5272 2431
5035 8267 6033 6389 5965
5036 7875 6830 6960 5805
5037 5890 3918 5474 1724
5038 6959 3768 3872 1583
5039 6489 232 6373 4378
5040 6900 3055 422 3058
5041 7497 6372 6572 5860
5042 8131 1919 1386 3168
5043 8023 5859 7707 7564
5044 7625 5860 7060 6372
5045 7253 4430 5645 5619
5046 7462 1032 6748 3341
5047 6660 1644 5966 1673
5048 6902 3057 6554 4834
5049 6788 5844 6168 6115
5050 7074 658 5972 5684
5051 7878 5896 7682 7351
5052 6288 5699 6086 5617
5053 7627 5741 6558 5937
5054 6903 6005 6006 5703
5055 6179 170 5283 169
5056 6902 5814 6151 5665
5057 7291 4266 5253 3271
5058 7199 1991 6622 5723
5059 7254 5377 5371 359
5060 7106 5559 6666 6107
5061 7781 5034 6742 3464
5062 6864 1892 3600 1524
5063 5929 2341 2590 4196
5064 7367 5707 7230 5510
5065 7521 598 7057 4629
5066 8164 5514 7752 6674
5067 7979 783 6731 4974
5068 8121 137 6817 4420
5069 6179 170 4286 171
5070 6745 1041 1040 2409
5071 8309 6873 7821 1762
5072 8219 2625 6761 1481
5073 7998 5606 7677 6888
5074 6744 1571 3681 3337
5075 6739 5543 6388 5993
5076 7671 1840 7485 6070
5077 7884 2857 6128 6077
5078 7846 7476 7624 6050
5079 7569 5960 6875 463
5080 7750 5185 217 2470
5081 8406 5785 8170 7088
5082 6937 3852 1729 3851
5083 4012 891 5289 2010
5084 7829 2520 7334 5705
5085 6447 183 2804 2822
5086 8264 6392 7588 7232
5087 6577 5783 5840 5636
5088 7312 5670 6862 6791
5089 6135 935 5953 4086
5090 8092 5612 7395 6681
5091 7282 4741 839 838
5092 7520 63 7235 5169
5093 7822 186 6302 4584
5094 7502 5423 7474 7236
5095 7600 6114 6427 6319
5096 6907 6037 6118 5607
5097 7189 1675 6723 3727
5098 8161 5779 7349 5836
5099 8214 3443 6246 6233
5100 6670 4557 6617 6036
5101 7633 6323 7574 6238
5102 7676 4449 7486 6592
5103 6909 298 299 4747
5104 7704 6102 6431 5909
5105 6065 926 5961 2077
5106 7703 6094 6811 93
5107 7977 3301 7947 1854
5108 7847 5107 7741 670
5109 8186 1246 2809 2815
5110 8237 4610 4634 731
5111 6442 5721 6242 6021
5112 7501 2575 6625 4869
5113 6136 372 4813 373
5114 6909 5729 5903 2280
5115 6629 2928 5774 4447
5116 7746 6241 6854 6462
5117 7909 3353 507 2471
5118 8273 6134 6511 5920
5119 7811 5957 6706 4804
5120 7039 1271 2869 3584
5121 8142 6329 7449 5671
5122 7538 3023 5888 1334
5123 7623 6650 6805 6290
5124 7686 1529 6182 3111
5125 7744 2278 5798 1621
5126 7502 5396 5423 3997
5127 6718 2628 1209 2674
5128 7529 198 4951 197
5129 8262 6938 7018 5814
5130 7622 6236 6535 6124
5131 7687 5415 4001 4003
5132 7936 6386 6861 5372
5133 7537 424 5927 425
5134 8296 4928 7784 7164
5135 7480 5619 5669 5611
5136 6279 4062 2782 4054
5137 5961 1098 3285 1114
5138 6953 5542 6331 5886
5139 7107 5812 6050 2689
5140 6690 2056 922 918
5141 7587 2872 5778 4936
5142 7897 7067 3813 1977
5143 7149 6189 7014 6188
5144 8069 6124 7622 7269
5145 7881 6301 7725 5690
5146 8114 5446 6368 2040
5147 6471 3271 1574 1936
5148 7864 6360 7641 7145
5149 7335 2982 6631 1898
5150 7822 4584 6302 2415
5151 8048 6173 7036 6365
5152 7629 6178 6940 5648
5153 6651 716 715 4260
5154 7529 4949 6274 5036
5155 7247 1571 5922 1930
5156 7898 1028 1027 2475
5157 6763 5841 6241 6007
5158 6201 3388 5883 1968
5159 7135 6330 6928 5080
5160 6441 4391 2744 130
5161 6836 1295 5800 2921
5162 6369 5561 5946 5614
5163 7500 6100 7229 6379
5164 7311 1802 6416 2175
5165 8039 4455 515 4781
5166 6916 4757 6169 4542
5167 7521 4629 5751 4900
5168 7085 757 5172 4229
5169 7656 6454 7540 2054
5170 7881 5690 7725 6053
5171 7001 2194 1804 1057
5172 6685 132 4237 133
5173 7049 5510 6663 6534
5174 7807 4721 3119 72
5175 7268 6335 7049 5510
5176 5857 5439 4094 4091
5177 8039 4637 5569 516
5178 7164 4928 6764 4696
5179 8117 1306 6800 1521
5180 6917 3289 6161 4367
5181 8003 5882 7653 7223
5182 7451 4709 3141 3127
5183 7538 3032 5888 3023
5184 7614 3436 7243 6922
5185 7501 5886 6975 5216
5186 6642 1830 2571 1131
5187 8240 6866 7246 6256
5188 7565 2235 7102 6023
5189 8001 5574 7590 1254
5190 8352 7004 7593 7262
5191 6693 4740 4737 144
5192 7693 1328 1345 3007
5193 8373 2442 8150 6165
5194 7084 1903 3053 3647
5195 6877 622 5345 5328
5196 6060 1343 3063 1909
5197 7332 259 7307 6034
5198 6132 4908 3399 4622
5199 5961 5427 4014 2015
5200 7884 6052 6744 6077
5201 7638 6912 7426 5549
5202 6682 1193 2701 2731
5203 5702 692 4587 693
5204 7960 5970 7514 7453
5205 8139 4966 6924 5009
5206 8170 3654 6587 5222
5207 8055 1483 3541 2501
5208 7353 6666 7106 5559
5209 7521 4629 7057 5751
5210 7884 1440 6128 2857
5211 7761 7132 7498 6664
5212 7464 5311 6190 5647
5213 6353 4935 4863 3066
5214 8091 5226 7907 7502
5215 8147 4102 6982 4113
5216 7443 6119 7221 6307
5217 7676 2905 7494 6459
5218 7910 3739 7388 6723
5219 7158 5844 6152 5641
5220 8067 2998 6832 3612
5221 7919 5994 6555 5503
5222 7907 5226 7260 3413
5223 7617 5500 7339 6211
5224 8260 1357 7878 3082
5225 6868 6304 6383 940
5226 6480 4119 275 2104
5227 8312 2180 7001 2194
5228 8046 7355 7424 1681
5229 6764 5114 414 413
5230 7758 5768 6285 6106
5231 6780 3026 1334 3031
5232 7864 7009 7807 7145
5233 6397 1894 1312 2951
5234 7702 1630 1631 3691
5235 6505 5527 6225 5672
5236 7247 3240 3335 1930
5237 6886 5808 6334 4289
5238 6282 3986 1755 4006
5239 6497 1629 1957 3690
5240 7230 5707 6663 5510
5241 8372 4851 7240 5735
5242 8198 7455 7506 5492
5243 7267 964 2071 4021
5244 7918 2556 7862 5469
5245 6470 2455 1841 2429
5246 7477 3651 4444 5194
5247 7973 5651 7393 5613
5248 7300 3231 6634 3219
5249 7349 440 7255 6840
5250 7177 6247 7114 5554
5251 6896 5678 6796 5796
5252 8038 3041 6449 1538
5253 7634 4680 2343 4481
5254 6530 5975 6500 6177
5255 7822 1987 7526 6282
5256 7970 5692 6756 1523
5257 7971 5256 842 3824
5258 8114 4072 4085 2040
5259 7132 6089 6696 5728
5260 6368 953 5857 2040
5261 7414 5493 7292 6669
5262 6021 5117 674 673
5263 5927 5279 425 424
5264 8142 6828 7449 6329
5265 7529 5036 6274 5838
5266 7584 5205 5833 3611
5267 7499 3816 7403 1707
5268 8333 5784 7726 6473
5269 6070 2645 3437 5235
5270 8163 4918 7766 6059
5271 6005 2230 1596 1595
5272 6924 4966 490 489
5273 8058 5639 7370 1277
5274 6558 5644 5937 5524
5275 7491 2674 6718 1209
5276 6308 5245 6057 576
5277 8162 7071 7213 5527
5278 7997 5547 7561 6292
5279 7558 4478 6320 4546
5280 8144 919 6913 2053
5281 6646 3737 6278 4479
5282 7978 3817 3904 1708
5283 7180 6380 6838 6332
5284 8308 5844 7158 6538
5285 6764 412 413 4696
5286 7743 6907 7582 5920
5287 7584 5607 6795 6182
5288 7048 3862 1734 1732
5289 7558 5658 6320 4478
5290 8152 7010 7805 5992
5291 7951 6845 6983 6309
5292 6680 5844 6115 6028
5293 5649 3085 5164 428
5294 7156 5603 5979 5772
5295 7708 1194 6505 6225
5296 8293 6601 7782 5388
5297 7690 5833 7592 6259
5298 7036 5368 6559 5315
5299 880 879 2063 5295
5300 7606 252 6919 6677
5301 6847 6434 6658 6107
5302 6927 1210 6711 6233
5303 6600 5986 6051 5594
5304 6155 5186 283 282
5305 7513 4139 545 4145
5306 7676 5236 6459 400
5307 7562 7061 7142 5696
5308 7988 7586 7787 6760
5309 7774 6395 6397 3604
5310 7504 663 6665 2187
5311 880 2029 5286 5295
5312 8366 44 4715 4714
5313 8223 5694 7994 5597
5314 7499 1710 6715 6093
5315 7128 2890 1280 1879
5316 6114 4738 805 806
5317 6932 3547 4909 4871
5318 7623 6058 6907 6118
5319 7701 5553 6791 6603
5320 6929 1439 2229 3279
5321 4036 5300 886 5298
5322 7182 5151 3080 3324
5323 8116 2042 957 949
5324 7674 6749 7060 5761
5325 7676 6266 7544 6592
5326 6772 5788 6159 6140
5327 7996 7674 7845 5912
5328 6863 5802 6111 3941
5329 7800 5870 6464 6281
5330 7523 319 320 2362
5331 7525 5818 6209 5681
5332 7414 6139 6819 6321
5333 7115 191 192 4646
5334 7523 321 4452 5162
5335 6934 3248 5953 1568
5336 6233 1491 2640 1217
5337 7117 5990 6437 6055
5338 6563 5138 6033 4209
5339 5906 2898 4334 2987
5340 6936 2856 5103 4328
5341 7591 4635 5675 765
5342 7115 192 6475 4646
5343 7601 2316 4242 5054
5344 7537 3626 7344 3051
5345 7631 6382 6695 6234
5346 6120 830 4336 831
5347 7361 6076 7069 5900
5348 7137 5599 6880 4947
5349 7712 6027 6858 1478
5350 7898 1027 6544 6506
5351 7730 5586 7079 5722
5352 7128 1514 5679 2889
5353 8277 4301 7524 3349
5354 8057 6041 7330 6320
5355 5961 2015 4014 3509
5356 7988 5962 7586 7492
5357 6277 5496 5623 5521
5358 7849 5210 6120 830
5359 7764 4698 6811 5025
5360 6933 1768 6133 2431
5361 6897 5676 6682 5943
5362 6044 359 2899 2885
5363 6438 2722 1498 1226
5364 8242 5668 7922 7274
5365 7542 3619 4436 5145
5366 7217 6236 6838 6226
5367 6199 1790 2132 2151
5368 7226 811 812 5115
5369 7342 1909 3323 1543
5370 7313 2575 6625 6305
5371 6093 2034 2005 4083
5372 7595 3598 6836 4939
5373 7152 4658 2393 2469
5374 8166 6862 7125 950
5375 7526 1755 1987 2415
5376 7993 5832 6785 5667
5377 8189 6327 6922 5521
5378 4012 891 890 5289
5379 7409 642 3561 4385
5380 7133 5630 6393 5699
5381 7599 5751 6692 5528
5382 7792 5479 7392 5910
5383 7521 2475 6506 3403
5384 7822 2415 7526 1987
5385 8105 6450 6729 201
5386 7495 1376 6227 3651
5387 6934 1925 3676 1568
5388 7651 2918 7359 2915
5389 7816 6455 6941 6082
5390 7467 2427 7399 2612
5391 6486 6123 6332 6080
5392 6654 5092 6443 4712
5393 7617 3776 6396 1593
5394 6229 268 4896 269
5395 7732 6248 6895 6480
5396 7228 3564 681 2775
5397 6412 2061 6407 4770
5398 7540 2069 6628 3838
5399 6870 5580 6765 6623
5400 6356 4704 5898 4836
5401 7495 6227 7477 7458
5402 7792 5560 6861 5601
5403 8333 2627 4857 254
5404 7319 2981 4854 4879
5405 6728 3663 4633 3664
5406 7759 2080 6327 979
5407 8389 6770 8209 6568
5408 6797 6675 6721 5658
5409 8003 6280 7179 5492
5410 5260 881 4057 5286
5411 4057 5286 881 2029
5412 881 5286 880 2029
5413 8223 5637 7679 6860
5414 8234 6502 6773 5497
5415 7532 5835 7098 6485
5416 4448 101 5193 7552
5417 6940 5648 5972 4810
5418 7160 4811 6500 3641
5419 7115 4906 6739 5701
5420 7311 1051 2439 2771
5421 8038 6449 6742 1538
5422 5829 2428 2422 4250
5423 7115 5701 6739 5993
5424 7962 4099 272 273
5425 7175 6055 6520 5575
5426 7664 6207 6859 5732
5427 7504 2187 4166 663
5428 7123 6647 6870 6623
5429 7115 4906 6195 192
5430 8180 6225 7136 5527
5431 7429 6510 6656 6147
5432 7313 2159 5727 1798
5433 8195 2868 7763 3589
5434 7891 4713 3582 5060
5435 8311 2601 6616 2602
5436 5995 3404 2597 1147
5437 7591 5675 7323 6962
5438 7486 4449 6266 398
5439 7418 3074 6854 5994
5440 7422 6140 7355 5023
5441 7415 4069 6383 2017
5442 8141 5667 6785 6423
5443 8186 7130 8005 6536
5444 6776 1177 6567 2667
5445 6182 6037 6120 1532
5446 7313 6625 6953 6305
5447 883 4050 5303 882
5448 8271 6142 8235 6268
5449 8280 346 5372 3931
5450 7548 4161 5852 667
5451 7151 5570 6833 6247
5452 5223 2237 6215 615
5453 6206 521 522 4367
5454 6822 313 314 4921
5455 6887 4609 583 584
5456 7780 1109 6071 1815
5457 6772 5771 6406 5614
5458 6104 3312 5701 2851
5459 6056 1697 1696 2357
5460 7356 7133 7343 6661
5461 7701 6533 6603 6487
5462 5804 4257 571 5284
5463 6632 1198 2713 2716
5464 7628 2125 6001 4137
5465 8127 978 6991 2270
5466 6563 2471 5745 5138
5467 6492 5042 5048 163
5468 7684 6428 7289 6821
5469 7892 5632 6295 6016
5470 6505 2704 2711 4793
5471 6053 2221 2222 1593
5472 7642 460 459 4287
5473 6593 1807 5677 2488
5474 6005 1595 1596 3778
5475 6946 328 4805 4754
5476 7444 5611 6914 5166
5477 7371 4145 6769 4146
5478 7577 6641 6883 6303
5479 7645 7158 7611 7503
5480 7677 6888 7081 6392
5481 8421 6510 7334 6656
5482 7639 6197 6559 3779
5483 7499 1710 6093 3820
5484 8268 6655 6680 6115
5485 7013 1118 1464 2319
5486 7036 645 644 5368
5487 7996 3018 5912 1531
5488 6906 5946 6726 6694
5489 5681 2255 4585 5077
5490 8367 6647 7717 5643
5491 5838 2886 2901 5036
5492 6293 6272 6286 5907
5493 8262 5814 6902 6554
5494 7101 1151 1154 2608
5495 7401 2423 6873 1984
5496 6589 3894 5818 5356
5497 7234 4513 6693 3643
5498 7915 1409 3213 3206
5499 7634 546 2552 2551
5500 7652 6204 7603 5716
5501 6435 2698 6281 1192
5502 7639 3778 3777 5317
5503 7401 195 196 2398
5504 7168 2108 1002 2119
5505 6654 4381 496 5019
5506 7180 5980 6380 6067
5507 7642 5270 6758 462
5508 7657 5545 7003 6746
5509 7538 3032 3023 4741
5510 6951 3362 1653 1592
5511 7104 3453 5258 4340
5512 7313 2391 5702 4587
5513 7618 5020 6698 161
5514 7593 6531 7339 6073
5515 7870 4678 7140 4917
5516 7926 3854 6091 5212
5517 7336 5563 6129 6030
5518 8353 733 4408 3695
5519 8340 5987 6532 6521
5520 8201 6136 6971 6395
5521 7639 3779 3777 1596
5522 7464 5364 7305 6190
5523 6355 5434 6135 2024
5524 6097 61 5248 3635
5525 7443 3357 2211 4471
5526 7613 5350 7490 5320
5527 5580 4079 4073 4060
5528 7901 975 7815 974
5529 7666 5523 6198 5611
5530 7836 4355 7781 6062
5531 7794 5974 6757 6069
5532 7699 5626 5986 5565
5533 7359 6108 6322 1886
5534 6195 192 4906 193
5535 7443 4482 6158 4471
5536 7811 3952 7767 5376
5537 7528 6338 7400 5583
5538 8038 1902 6539 3621
5539 7115 4646 6475 191
5540 7932 3816 7499 6093
5541 7741 2593 7493 3553
5542 6145 56 5942 5069
5543 6790 5536 6030 5564
5544 8167 4827 444 4824
5545 8022 6717 7864 7641
5546 7824 5928 5942 56
5547 6886 2570 2592 4289
5548 6964 6147 6371 2520
5549 6953 5886 6625 5542
5550 7122 6077 6744 6381
5551 8134 5982 7170 6771
5552 7772 4885 87 2749
5553 7146 3370 6637 1661
5554 8166 6952 8144 2070
5555 7524 4301 7193 3479
5556 7807 7009 7280 4658
5557 7939 6387 6597 5801
5558 8160 7291 7892 5632
5559 8201 5898 6356 6136
5560 8151 3674 4531 435
5561 6445 4878 36 37
5562 6683 5985 6490 5951
5563 7794 5974 7289 6757
5564 8343 6418 7793 6043
5565 7604 408 6596 4425
5566 7386 530 531 4788
5567 6143 5564 5860 1387
5568 6629 1307 5636 2958
5569 6882 504 4421 4209
5570 6204 3760 1671 1640
5571 8256 4755 7075 6459
5572 7869 5734 7248 5809
5573 6958 807 6319 806
5574 6291 2993 2994 1322
5575 7894 3090 4581 3630
5576 8000 1602 1603 3785
5577 6520 2289 6399 6206
5578 6793 6423 6785 6514
5579 7540 6454 7301 5450
5580 7134 3719 6700 3717
5581 7697 170 6179 4323
5582 7994 5597 6695 6523
5583 7104 5639 6548 1273
5584 6955 824 823 5061
5585 7783 3351 5946 5053
5586 8147 4102 4113 263
5587 6250 4819 185 184
5588 8055 2501 7819 1179
5589 6295 5999 6016 5632
5590 7624 6935 7415 5483
5591 8207 2596 6155 281
5592 8063 6591 7166 5676
5593 7777 1234 6279 2794
5594 6957 5924 6719 313
5595 7905 5995 6965 2597
5596 8201 373 6136 4533
5597 7327 6396 7262 5347
5598 5965 507 5233 4419
5599 7467 2172 6665 2171
5600 7932 4083 7403 929
5601 6804 5410 6212 228
5602 8121 2341 5929 4196
5603 6959 3872 1941 1583
5604 7676 5236 3460 2905
5605 7961 6889 6947 5538
5606 7423 6921 7106 6434
5607 7438 4878 4837 36
5608 6961 4302 5715 3498
5609 7342 6020 6529 5896
5610 8018 2107 1782 988
5611 6686 5729 5946 5561
5612 7501 4826 690 691
5613 6739 1874 2855 3583
5614 6181 4035 5747 4042
5615 7639 6005 6197 1596
5616 6662 4980 307 3375
5617 6512 5351 5342 627
5618 6962 765 5675 4841
5619 7693 6391 7084 3053
5620 6702 3091 4392 3051
5621 6964 1449 1100 2520
5622 7930 5993 7115 3583
5623 5994 3622 1353 3073
5624 7594 6317 7515 5567
5625 6419 5586 6354 6032
5626 7454 1262 6905 2879
5627 8122 5823 6715 1711
5628 6659 1423 3239 3305
5629 6780 6114 6546 4814
5630 5826 319 4216 318
5631 6016 4220 2521 499
5632 7834 5759 7583 6197
5633 5656 1306 2955 2956
5634 5857 953 948 5439
5635 7037 5728 6696 5735
5636 7287 6540 6846 6109
5637 5848 4188 678 679
5638 8171 3858 3911 5171
5639 7628 2127 6590 1788
5640 8229 2620 6585 2624
5641 7627 5937 6558 5644
5642 8027 5862 7610 6967
5643 8355 1369 1914 3115
5644 8273 5920 7743 7582
5645 7627 5644 6558 5741
5646 8119 5545 6830 6759
5647 7095 3846 1725 3845
5648 7962 4121 7902 6580
5649 7206 6022 6738 5710
5650 7959 6398 6678 5926
5651 6418 1005 2327 2748
5652 8236 6673 7662 6029
5653 5694 3171 4702 4946
5654 7275 5954 6915 5490
5655 5664 524 5006 525
5656 6847 840 4735 5262
5657 6544 5808 6199 5792
5658 7045 3414 4613 567
5659 6625 5686 5702 5552
5660 5923 1588 2304 1651
5661 6824 5114 6156 2976
5662 6059 2214 5923 5640
5663 6199 5973 6039 5934
5664 7702 1631 1632 3694
5665 6071 1109 2529 1815
5666 5511 993 3425 2437
5667 6515 1915 1553 3110
5668 6057 4134 576 577
5669 6447 5880 6202 183
5670 7549 1323 2975 2996
5671 7985 6440 7678 6723
5672 8020 6552 7293 6679
5673 8219 2645 6070 4496
5674 887 4067 5299 4049
5675 7919 5551 7205 5503
5676 6856 3974 5402 3998
5677 7855 4007 3987 1757
5678 6798 5901 6097 5251
5679 7398 5771 6869 5910
5680 7728 6525 7511 5533
5681 8198 6306 7456 7427
5682 7470 5684 6084 5972
5683 7517 2657 4876 2650
5684 8085 619 7277 5339
5685 6016 4380 500 499
5686 7617 5313 6396 5359
5687 8054 7407 7787 6105
5688 5808 4289 5090 559
5689 7927 5579 7920 6311
5690 6476 4500 4580 70
5691 8310 2476 4739 3220
5692 7579 2035 6766 6420
5693 7860 6593 6614 5531
5694 6629 4777 2953 2966
5695 6149 3187 5270 4287
5696 6970 5133 3409 4466
5697 7489 5500 7197 7178
5698 6165 3428 2439 1062
5699 6947 5856 5909 5686
5700 6100 3545 5908 1485
5701 7905 1149 2386 1834
5702 7108 6479 7064 6655
5703 6202 181 4830 182
5704 8006 2303 1451 1812
5705 8421 6581 7042 5589
5706 7816 5565 7440 5773
5707 8223 6595 7994 5694
5708 7970 3117 1295 1305
5709 6636 6068 6457 5846
5710 8278 257 8025 4107
5711 7486 5147 2985 4449
5712 5890 3918 1724 1725
5713 7355 4790 5023 2326
5714 7447 5813 6457 6276
5715 6972 3924 5225 3867
5716 5564 3172 3170 5005
5717 8079 5870 6668 6435
5718 7898 6199 6544 2151
5719 6582 5651 6258 5613
5720 6703 3475 5960 3269
5721 8134 7112 7450 5479
5722 8402 2395 5723 3422
5723 7536 1645 3763 3754
5724 6489 233 5409 5417
5725 7970 3044 6756 2949
5726 6839 4168 689 653
5727 6720 823 6291 5584
5728 7554 5528 7038 5757
5729 7495 7458 7477 3651
5730 7715 2273 294 4488
5731 7738 5764 6144 5785
5732 8307 5604 6945 5791
5733 7621 394 5206 3639
5734 8201 4836 5898 376
5735 6100 1484 1184 3297
5736 7529 5036 197 4949
5737 6932 4871 4909 46
5738 6031 40 5812 4994
5739 5706 516 5569 4637
5740 7624 7107 7415 6935
5741 8376 4270 6681 5041
5742 7307 4111 7204 2078
5743 5670 2018 4078 939
5744 7993 6657 7832 5933
5745 6330 5543 5769 5533
5746 7927 6311 7923 5579
5747 7552 4448 101 2954
5748 8372 4851 8196 7240
5749 7842 3200 7080 3473
5750 6590 2451 1010 2344
5751 7441 6693 7396 6109
5752 7048 5762 5867 5617
5753 6402 5420 237 236
5754 7902 4118 6229 4117
5755 3913 1722 8106 5476
5756 8016 5554 6818 5615
5757 8264 6392 7998 7677
5758 8185 1411 7188 1565
5759 6550 5753 6464 6100
5760 7930 7039 7698 5993
5761 6887 2440 5902 2324
5762 7971 6921 7364 843
5763 6946 6111 6326 5805
5764 5817 4231 501 5159
5765 7639 3777 7036 5317
5766 7639 1596 6197 3779
5767 8229 6684 6911 2624
5768 7432 5693 7167 6667
5769 6927 6233 6711 5936
5770 6975 5216 5886 725
5771 7639 5368 3777 3779
5772 7745 4671 6956 3688
5773 8228 5824 7642 6758
5774 8161 3152 7198 5863
5775 7198 1917 1380 3146
5776 8146 5748 6021 5782
5777 7932 2034 6093 4083
5778 5959 3444 1493 3557
5779 7740 4112 4105 2091
5780 8208 7127 7827 6967
5781 6649 795 6259 4409
5782 7747 4187 7379 2183
5783 6979 4158 2191 2169
5784 6136 4533 2826 3432
5785 6634 1415 3219 1412
5786 6442 4691 6246 3555
5787 8093 6592 6920 6560
5788 6683 5621 6490 5985
5789 8102 5899 6381 5515
5790 8003 7223 7653 6664
5791 7655 6227 7458 5699
5792 6142 565 566 4151
5793 7689 3667 4274 5167
5794 7152 5791 6271 5604
5795 7948 4674 6768 4901
5796 8386 6890 8187 8095
5797 7589 1273 7410 6548
5798 6938 5665 6151 5814
5799 7424 2326 7355 2328
5800 7967 5927 7344 6702
5801 8392 7872 8279 7553
5802 7979 3042 7831 784
5803 2013 4049 887 5299
5804 7206 3799 3835 851
5805 6024 5655 5857 5781
5806 7767 3953 342 341
5807 6229 4118 2103 268
5808 8123 1316 2976 3462
5809 6368 5655 5857 5794
5810 6563 3272 6042 1441
5811 8070 5003 7551 95
5812 7253 5164 5649 3085
5813 7718 6823 6992 6154
5814 6829 3889 747 5349
5815 5946 2294 3351 981
5816 6776 2251 6382 4463
5817 5812 42 4729 43
5818 6056 1696 3394 2357
5819 6250 2410 185 2411
5820 8023 6299 7564 7139
5821 6770 265 6568 4890
5822 8221 6176 6914 6222
5823 7504 2187 6665 2162
5824 6953 5552 5727 5646
5825 6983 3563 6214 50
5826 6166 1074 2468 2459
5827 7522 826 5278 3100
5828 7917 4264 6191 6052
5829 7422 5788 6991 6675
5830 7621 394 6376 5206
5831 8234 5497 6762 6502
5832 7697 3614 6598 2984
5833 8042 5975 7241 7028
5834 8174 7143 7357 6537
5835 7424 2328 6406 2329
5836 6447 2804 6202 2810
5837 6447 2822 2804 1868
5838 7034 6079 6895 6755
5839 7682 5945 6076 5914
5840 7824 4808 5928 3579
5841 7915 5248 6253 3213
5842 7597 4648 7574 2401
5843 8346 7557 7983 6208
5844 7572 6399 6680 6479
5845 6698 5020 2686 161
5846 7416 3653 1376 1554
5847 8182 2841 8001 2844
5848 5943 2725 4583 4839
5849 7991 5837 7818 7488
5850 8226 7293 7377 5864
5851 7399 5010 2400 2612
5852 885 5298 4036 886
5853 7644 5751 7521 6506
5854 8124 1551 6515 3099
5855 6334 558 557 4621
5856 8030 6346 6779 6385
5857 7635 1451 2524 3486
5858 7359 1338 6046 5517
5859 7861 5735 7311 5851
5860 8046 1680 6865 3944
5861 8174 6537 7357 6034
5862 6043 2330 5902 2336
5863 8284 7592 7985 7690
5864 7495 5176 7416 3652
5865 4063 5212 2023 897
5866 6597 4285 6365 3567
5867 8042 5975 6530 5507
5868 8099 4638 5735 4880
5869 5303 4050 5260 882
5870 7632 4093 7144 5437
5871 7484 3947 5780 5389
5872 7215 5964 6419 6402
5873 6772 5614 6406 6140
5874 8183 4476 6345 6047
5875 8253 2961 2967 1893
5876 8300 5726 6535 5550
5877 7061 6464 6550 5753
5878 7777 6905 7318 2879
5879 6884 4087 6766 4086
5880 5300 5299 2013 887
5881 2069 5298 3838 2001
5882 7867 1218 5963 1225
5883 6563 6042 6164 1441
5884 6335 5539 5743 5592
5885 7108 6655 6680 6479
5886 6449 1540 3468 3040
5887 6563 1939 3273 1439
5888 7685 7284 7297 6572
5889 6475 4653 5711 190
5890 7591 3034 7359 5517
5891 7422 295 6340 4532
5892 6842 2357 6056 3394
5893 8008 6056 6850 6570
5894 7944 2994 2974 1323
5895 8076 3680 1426 1570
5896 8009 6977 7939 6173
5897 7311 6165 7240 2439
5898 6884 5431 5591 2062
5899 7121 6215 6494 6105
5900 8042 5853 7028 6710
5901 7731 5991 7012 836
5902 8188 4203 2777 4428
5903 8221 6222 6914 1407
5904 6675 4488 294 4532
5905 3838 2001 5298 5300
5906 7002 6357 6584 5871
5907 8168 6418 7793 4925
5908 8143 4715 4795 43
5909 7664 7060 7284 6988
5910 6868 2047 6304 940
5911 2069 2001 4036 5298
5912 7092 4999 5749 2603
5913 7298 4344 358 3592
5914 7166 6874 7149 7014
5915 8220 3439 4993 2587
5916 6693 2798 4737 2799
5917 7487 5124 3328 4427
5918 7255 4723 4695 3219
5919 6589 739 738 5356
5920 8177 661 4169 660
5921 6413 158 5047 157
5922 8038 1902 7996 1327
5923 6905 5831 6623 5483
5924 7461 1096 6371 2513
5925 4036 5300 5298 2001
5926 7881 3363 5703 2226
5927 6175 285 5680 2117
5928 7484 5389 335 5384
5929 6946 4805 329 4527
5930 7903 6269 7407 6328
5931 5260 881 882 4057
5932 6038 3354 2464 1806
5933 8384 7304 8190 4515
5934 7731 4535 836 3134
5935 7670 6036 6830 5910
5936 8365 1932 3257 1431
5937 7412 4622 6132 3399
5938 7311 6416 6969 2189
5939 7774 2951 6397 1312
5940 7768 6253 7575 59
5941 8197 4872 816 817
5942 7862 1462 1123 3505
5943 8210 7029 7272 5756
5944 7078 1281 2878 2891
5945 6992 1097 1069 2458
5946 885 5298 2069 4036
5947 7967 6725 7955 7716
5948 8284 6723 7985 7678
5949 7998 6392 7805 5505
5950 8001 5543 7698 7039
5951 7713 6288 6862 5772
5952 7487 6220 7397 5243
5953 7057 2218 598 599
5954 7743 5833 6649 3016
5955 8227 947 6808 5603
5956 7293 5864 5949 5696
5957 6830 6150 6759 5780
5958 2023 5179 897 5212
5959 7104 1276 5639 1273
5960 6004 3570 5160 136
5961 8251 4619 529 5113
5962 7194 4754 5915 4805
5963 7841 5627 6318 5738
5964 5918 4148 4149 562
5965 6839 653 689 2783
5966 7913 5836 6207 5779
5967 6539 3012 382 3006
5968 7197 6005 6211 5500
5969 8148 2128 6590 6439
5970 8277 5214 3349 3261
5971 6847 3195 841 4735
5972 6188 1651 3802 1588
5973 6977 6173 6853 6262
5974 8100 2275 4254 4244
5975 5711 189 190 4653
5976 7656 917 6181 2041
5977 7898 1790 5939 1013
5978 8255 2674 7077 6262
5979 2046 5443 2030 5291
5980 7741 3553 7493 2643
5981 8307 6423 6647 5604
5982 8188 5963 7202 4428
5983 7901 291 5658 2264
5984 7705 2425 6575 3420
5985 7982 5843 7663 5642
5986 5829 3427 1049 2428
5987 7632 4073 6383 5580
5988 8094 6598 7335 5724
5989 8094 3613 5209 3000
5990 7684 6257 7159 6350
5991 7921 5623 7870 6277
5992 7988 5962 7492 7345
5993 7074 4171 6084 5972
5994 6547 6210 6242 5721
5995 7878 1545 7342 1357
5996 7467 2171 1047 2172
5997 6998 5291 5877 2030
5998 5961 930 1995 5427
5999 7621 6376 7567 5878
6000 7187 5499 6351 5711
6001 7510 5571 7140 5771
6002 7168 993 2118 2088
6003 7906 4497 5239 3759
6004 8356 5795 7322 5620
6005 7333 5257 3408 607
6006 7730 5586 5722 5594
6007 8091 5773 7712 6027
6008 6137 3609 1529 1900
6009 6730 5753 6219 5806
6010 8029 7133 7356 6329
6011 8348 6023 7583 7264
6012 7148 6835 7112 5479
6013 5890 2010 5289 5309
6014 7135 4536 2501 5080
6015 2046 884 5443 5297
6016 7146 1660 3884 3792
6017 7736 5893 7564 6299
6018 6308 2385 5245 4400
6019 7135 6126 6928 6330
6020 7352 5965 6389 5745
6021 7820 6341 7148 5479
6022 7803 3908 5307 5259
6023 7000 4260 715 3430
6024 7001 4186 6747 6615
6025 7513 2158 7279 6467
6026 7313 2391 4587 4835
6027 7615 390 6424 5587
6028 8273 799 5126 798
6029 6928 5080 6330 153
6030 8326 5717 7419 4248
6031 8001 7039 7698 1260
6032 7131 435 4531 434
6033 8375 6012 7358 6990
6034 6264 3027 4870 387
6035 6101 609 3365 3364
6036 7216 5502 5875 5582
6037 7504 6665 7399 2162
6038 8055 7819 8052 1179
6039 6516 4858 4297 2729
6040 7480 5523 5619 5611
6041 7933 6319 7600 6151
6042 7916 6268 7468 2138
6043 7937 2220 7551 5003
6044 7051 1967 1683 3948
6045 6934 4263 5255 4055
6046 6506 2475 1027 3403
6047 7123 6623 6870 6633
6048 6391 2971 945 17
6049 7708 1850 6505 1194
6050 7595 6019 6047 5913
6051 8095 4465 6266 6144
6052 7587 1509 6564 1272
6053 7680 6163 7370 5639
6054 6519 2995 1293 2916
6055 5852 2170 2171 666
6056 5835 3252 1428 1432
6057 7901 2276 6675 4807
6058 6407 4799 2854 2817
6059 6291 1322 6137 2993
6060 7686 5588 6963 6182
6061 7696 5816 7637 7399
6062 7263 632 6072 5355
6063 7346 6123 6317 5698
6064 7849 4335 6120 5210
6065 6291 5273 5741 825
6066 6881 1644 3724 3722
6067 8178 6528 6823 6656
6068 6033 506 507 4419
6069 8225 5601 6469 5854
6070 8372 7240 8196 5735
6071 8414 8056 8342 6761
6072 8097 5542 7259 6852
6073 6401 382 6213 381
6074 7005 280 6051 4402
6075 6708 6476 6583 70
6076 7360 5208 7104 2937
6077 6793 5832 6785 6355
6078 6206 522 5097 523
6079 8372 708 6696 5829
6080 7892 6654 7291 4381
6081 7150 3427 1061 1801
6082 6597 2770 3565 5161
6083 5959 1493 2677 3557
6084 7237 6081 6990 4521
6085 7021 6166 6627 1085
6086 6089 3885 3794 1663
6087 7911 6116 7226 6938
6088 6546 4525 3046 3037
6089 7169 5515 6843 5807
6090 7371 4146 2120 4145
6091 5168 5298 3916 2069
6092 5168 2069 3916 4025
6093 5168 4025 885 2069
6094 5168 2069 885 5298
6095 7535 125 126 4891
6096 7920 5706 7175 7117
6097 7646 4705 4023 4
6098 8180 6448 7508 5672
6099 2030 5291 5443 883
6100 8030 2072 6779 2067
6101 7366 3518 1468 1831
6102 7987 6574 7557 6208
6103 884 5168 5297 4025
6104 2046 5291 2030 3831
6105 7627 5937 6955 5741
6106 7115 4796 4906 192
6107 6509 5378 5392 3968
6108 5297 5168 3834 4025
6109 7782 4557 2835 336
6110 7849 5739 5997 4290
6111 7718 6712 7605 7011
6112 7998 7232 7633 5505
6113 8091 2611 4439 4200
6114 7825 3307 6545 5957
6115 6063 3444 3557 168
6116 6473 1164 1480 2417
6117 6596 4703 4675 3163
6118 7978 1974 7499 6701
6119 7715 4532 7422 6675
6120 7034 6240 6926 5586
6121 4476 3761 6047 774
6122 7977 2733 7166 6874
6123 7658 3607 6409 2980
6124 7205 4462 4202 212
6125 7807 3128 7233 3119
6126 7988 5494 7492 6760
6127 8244 5809 8096 7248
6128 7005 5626 6175 6155
6129 8048 5500 7197 6211
6130 7306 751 5971 750
6131 6001 2123 548 4138
6132 5684 659 4167 4183
6133 7649 5495 7489 7314
6134 7515 1414 3675 3222
6135 7495 6227 7458 3651
6136 8422 5827 8402 8320
6137 7717 6647 7123 6623
6138 6293 5038 3150 3648
6139 7409 642 6211 4377
6140 8066 7611 7812 5598
6141 7115 190 191 5101
6142 7623 5666 6963 6037
6143 7415 6935 7107 1215
6144 7091 4913 6129 6035
6145 6433 5175 2739 719
6146 7159 5849 7124 6244
6147 7632 938 6383 4073
6148 6201 3389 301 302
6149 6199 5934 6039 2133
6150 6628 1978 5747 3838
6151 8115 5842 8098 6310
6152 7009 106 4577 105
6153 7628 2748 6418 1007
6154 6201 2334 5883 1684
6155 6044 1278 5679 2885
6156 7209 7052 7081 6888
6157 7970 2949 4991 3117
6158 7768 59 7575 58
6159 7858 6068 6774 6387
6160 6460 3317 5895 1416
6161 7011 2498 6712 1080
6162 6535 5712 6463 6236
6163 8184 7185 8183 6345
6164 6466 422 5970 421
6165 8277 1433 6121 3261
6166 7011 2496 5569 2277
6167 8011 6444 7626 5793
6168 8033 2952 395 5202
6169 7732 6669 6755 6709
6170 7486 5147 6592 2985
6171 7017 3291 3182 4279
6172 7881 2226 1654 3363
6173 7984 2081 7722 6327
6174 7965 6730 7445 5526
6175 7486 2898 6592 5147
6176 7013 5916 6004 5797
6177 7024 5148 3864 3860
6178 6928 153 152 4536
6179 5260 4057 882 4050
6180 7479 5855 6977 6478
6181 6999 3628 6803 1543
6182 5600 4347 2911 5169
6183 7632 5437 2036 4093
6184 7636 6551 7196 3129
6185 7656 2054 917 5447
6186 8290 6420 6766 2035
6187 7122 2857 6077 4330
6188 7999 4530 371 370
6189 5988 5781 5857 5655
6190 7976 5662 6310 5385
6191 5706 516 4668 517
6192 6660 3753 5261 3723
6193 7359 2915 1294 2920
6194 7621 396 3115 3102
6195 7499 1707 6701 1974
6196 7374 1286 6384 3021
6197 7973 5613 7271 5651
6198 7146 3884 3808 5357
6199 7499 5485 7403 6093
6200 7683 5831 6516 6486
6201 6641 5182 3450 4459
6202 7620 244 5839 4368
6203 6793 6514 6690 6304
6204 7745 1626 6278 1956
6205 7699 6367 6895 6819
6206 7403 4022 5652 944
6207 8258 5515 7946 7142
6208 6963 6015 6866 5607
6209 7303 1398 1923 3179
6210 6097 4269 3189 3260
6211 8203 1195 8028 2589
6212 8328 5974 7634 6070
6213 6906 2079 6694 6284
6214 8417 2438 6930 4494
6215 7424 2329 1682 2328
6216 7429 5871 6620 6154
6217 8007 4368 8002 6221
6218 7253 3085 6942 3469
6219 7921 5897 6787 5561
6220 7628 1788 1005 2127
6221 7675 6364 7533 3974
6222 6316 2428 1048 2422
6223 6287 4902 6231 2271
6224 8191 6157 8149 6498
6225 6479 3487 6141 2522
6226 7499 1708 1710 3820
6227 6969 4172 2175 673
6228 7017 3022 6728 1332
6229 7270 1095 1809 2220
6230 6515 3644 3118 4288
6231 7016 6687 6881 6440
6232 6616 5455 6452 4048
6233 8053 7355 7422 6140
6234 7818 2113 6267 2114
6235 7080 3473 1403 1563
6236 7970 5657 6756 5692
6237 7377 1285 6552 1279
6238 7017 4279 5828 5467
6239 7366 3518 2355 1468
6240 7018 4596 3049 3060
6241 6464 5870 5908 5753
6242 6112 2857 3352 4926
6243 5763 2098 2097 977
6244 7685 6577 7297 5489
6245 7769 3533 537 538
6246 7491 6262 6531 6073
6247 6600 5986 6170 6051
6248 7624 6383 6501 6304
6249 7495 1376 3651 1554
6250 8115 6341 8098 5842
6251 7343 7133 7174 6661
6252 7882 6625 7501 5686
6253 7538 1340 6658 3045
6254 7745 3686 3685 728
6255 7907 247 5226 3526
6256 8357 5282 352 353
6257 7292 5561 6787 5897
6258 7538 1340 3045 3039
6259 6745 4651 2412 2409
6260 7984 7722 7962 6248
6261 6271 2653 1171 2655
6262 7218 5503 6522 6517
6263 5661 2460 1069 2457
6264 6496 2633 4752 3438
6265 6957 316 6822 4245
6266 6772 6140 6159 5614
6267 6867 6169 6821 5956
6268 8313 27 4268 26
6269 8163 3402 4600 592
6270 7814 6001 7371 1006
6271 7842 3666 4373 5197
6272 8143 5812 6234 5643
6273 5804 5284 3411 3529
6274 8044 5954 7155 5490
6275 7617 5500 7197 6006
6276 7391 678 5848 4188
6277 7915 6253 7768 3213
6278 7021 2480 2485 1081
6279 6175 2117 5680 5653
6280 7019 5592 6589 5766
6281 6789 915 5446 913
6282 8212 5637 7965 5740
6283 6985 5742 6261 5684
6284 6415 1931 6410 1427
6285 7787 6153 6970 5572
6286 7650 2978 2990 1896
6287 7728 5526 6730 6126
6288 7529 198 5838 199
6289 7525 5881 7283 5816
6290 7917 1864 6968 2792
6291 8017 6859 7664 6207
6292 6567 1165 1178 2429
6293 8028 2589 1195 1486
6294 7514 3196 6831 6088
6295 7480 5669 7131 7006
6296 7732 6755 6895 6079
6297 7020 5506 6717 6707
6298 7628 5616 6418 5494
6299 6695 5694 6382 5597
6300 7021 1084 6768 1085
6301 8304 3064 6060 1349
6302 6858 2610 3525 1152
6303 7021 1081 2227 2483
6304 5961 3509 5130 2015
6305 8109 4915 4258 130
6306 7635 4670 3486 228
6307 6404 5911 6152 5504
6308 7519 5870 7500 5908
6309 7938 3566 2769 1496
6310 6865 3944 6536 3943
6311 8034 6671 7073 5703
6312 7887 146 4643 147
6313 7964 6198 7666 7284
6314 7173 1688 3954 1969
6315 7022 3352 6112 6077
6316 7549 6015 7111 6256
6317 7835 4193 578 577
6318 8090 1027 6544 1014
6319 7735 3516 6476 4431
6320 6621 4341 2901 2896
6321 7416 833 4206 4454
6322 7072 597 596 4887
6323 7325 2432 3356 1033
6324 7558 6074 7378 5861
6325 6418 2333 1008 1007
6326 7845 5556 6944 6619
6327 7762 5624 7129 6488
6328 8072 7526 7855 5488
6329 8166 950 963 5448
6330 7713 6368 6674 5988
6331 7231 2934 1298 1299
6332 7485 3437 6167 6070
6333 7513 581 4139 2158
6334 6503 1853 2647 2728
6335 7027 1253 1259 2828
6336 8154 6903 7940 7038
6337 7265 181 182 2403
6338 6466 420 4828 3040
6339 8038 6466 6749 6742
6340 7028 5306 6710 855
6341 7648 5307 2052 2068
6342 7747 2183 6276 2193
6343 5910 5771 5883 5780
6344 7467 1046 1047 2171
6345 8401 2569 7101 6168
6346 7013 1825 3511 2579
6347 7734 6138 7380 6618
6348 6166 2495 2497 1085
6349 7273 3064 813 814
6350 6465 5885 5929 140
6351 7756 3627 6424 1351
6352 7717 5831 6623 5770
6353 7689 5927 7666 6702
6354 6186 1360 3138 3092
6355 6282 224 4005 3986
6356 7365 2215 5640 2214
6357 7828 7006 7358 6733
6358 6245 2015 5961 5130
6359 7359 1292 6108 1886
6360 6369 301 6201 4569
6361 7330 3398 326 2373
6362 5702 2412 4647 2721
6363 7947 2593 1203 1854
6364 6120 2877 2972 1532
6365 8024 7725 7841 604
6366 7847 670 6979 4182
6367 7665 7487 7612 5630
6368 7144 5483 6623 5580
6369 6199 1028 1790 2151
6370 5600 3088 2911 4347
6371 7403 3814 3909 1707
6372 6344 1818 1457 3498
6373 6334 4289 5808 558
6374 7714 6006 7038 6903
6375 7934 3275 2946 4351
6376 6680 5641 6115 5844
6377 7048 1732 5867 3862
6378 6883 175 4201 176
6379 7710 5770 7123 6623
6380 7325 2156 5985 1022
6381 7512 6231 7093 6287
6382 7094 3840 5932 1720
6383 7486 396 6376 4334
6384 7568 5606 6888 5830
6385 8131 5836 6513 6337
6386 7912 847 6353 848
6387 7664 5536 7060 6988
6388 7855 1758 1747 3988
6389 5742 660 659 2713
6390 6122 3389 302 4689
6391 6839 2783 6178 653
6392 7032 5081 779 4654
6393 7620 242 5399 243
6394 7509 6409 7319 1525
6395 5804 570 2607 5284
6396 7796 5954 7627 6866
6397 7718 6823 7176 7175
6398 7959 5718 7185 6345
6399 6854 1912 6462 1348
6400 7623 6650 6828 6329
6401 5970 5011 421 422
6402 6744 1571 3682 1934
6403 6636 5846 6366 6068
6404 8220 4993 6483 2587
6405 7966 6369 6909 299
6406 6629 5636 5774 2928
6407 7620 242 5839 5399
6408 7599 6148 7038 5528
6409 8248 4101 7005 2116
6410 6751 5393 6630 6251
6411 8298 2467 7469 2470
6412 6114 4789 804 803
6413 7571 3185 5591 3214
6414 8150 2443 7000 5851
6415 7596 5931 7154 6837
6416 6643 81 3209 4697
6417 7524 3479 3349 4301
6418 8256 2811 7075 4755
6419 6589 3791 6083 5818
6420 6933 1742 2394 2392
6421 8024 606 6301 4227
6422 7318 5831 6932 6905
6423 7887 146 6456 2658
6424 6562 1243 2799 2805
6425 8248 280 7005 4101
6426 6965 2369 4959 5043
6427 8373 6165 6969 1062
6428 7052 5505 6888 5531
6429 7082 4306 6361 3511
6430 6016 2521 5999 3360
6431 7120 6512 6682 5676
6432 8250 5983 7320 6414
6433 6922 310 4224 2295
6434 6545 3309 6095 4365
6435 5673 3602 5096 4563
6436 7467 6665 7063 5852
6437 7834 6269 7102 6023
6438 6704 3774 6432 635
6439 7519 6668 7294 5515
6440 8078 2163 2165 4171
6441 7841 5738 6318 4981
6442 8050 6429 7863 7840
6443 6747 681 6615 4164
6444 6076 3637 3094 1547
6445 7157 5286 4057 2029
6446 7440 5565 7207 6807
6447 7898 6506 6544 6342
6448 5675 3684 4841 765
6449 7692 414 6764 5114
6450 7394 5668 7274 5872
6451 7619 1980 3847 1726
6452 7640 4753 348 4661
6453 6926 5586 6240 5964
6454 7310 6477 7171 5948
6455 6557 5522 6547 6242
6456 6840 3226 4516 439
6457 7692 4645 7625 5989
6458 6095 378 4365 5093
6459 6503 5112 4294 2647
6460 8056 5568 6761 6714
6461 7571 1409 7044 1404
6462 7873 6217 6644 6402
6463 6119 1942 5941 2206
6464 8270 6875 7054 4373
6465 7249 5545 6960 6746
6466 8278 7740 7815 6358
6467 7635 227 6804 228
6468 6526 6040 6114 803
6469 7289 6257 6757 5974
6470 7939 3564 7228 2775
6471 7535 4330 7294 6112
6472 8185 3671 8151 1926
6473 7199 3975 6622 3973
6474 6571 2505 5715 4299
6475 7188 6285 7089 4292
6476 8045 6249 7753 6800
6477 7297 5732 7284 6859
6478 7679 3178 7196 3159
6479 7676 4449 3460 5236
6480 7352 473 4549 508
6481 6672 4218 2230 2228
6482 6519 2916 6012 2995
6483 7558 4469 6074 5658
6484 6841 817 5001 3084
6485 6016 4380 5817 500
6486 7983 5535 7555 6966
6487 7042 3679 1426 3247
6488 8093 1282 6920 6592
6489 5933 3508 5129 2516
6490 7316 3982 7056 3989
6491 7494 2802 6459 2903
6492 6567 2666 6470 1178
6493 5488 3987 1756 1757
6494 6672 4218 608 609
6495 7331 6114 6384 6319
6496 7866 3117 7226 5800
6497 5691 658 2719 2716
6498 6044 358 359 2885
6499 8348 6683 8034 5572
6500 5826 319 5819 320
6501 6234 4994 2665 2667
6502 7043 3380 6400 4475
6503 8162 7295 7788 5495
6504 7572 4912 2283 4389
6505 7422 295 2325 2323
6506 7735 3508 5933 1114
6507 7941 6875 7054 5815
6508 6499 3797 5682 5340
6509 8396 205 5687 204
6510 7941 7080 7935 7842
6511 7624 6090 6935 5483
6512 6860 1923 6783 1398
6513 8371 1632 6663 1633
6514 7175 6904 7117 5706
6515 7745 3730 6300 727
6516 6254 102 4448 4354
6517 6122 304 4241 4916
6518 7477 3472 4296 866
6519 5722 1113 1465 3513
6520 6279 3577 2794 4956
6521 8311 1141 1148 2383
6522 7917 6191 6811 5980
6523 6512 3770 3878 5351
6524 7636 108 109 4874
6525 6983 4970 52 51
6526 7962 5054 4242 272
6527 6369 4569 300 4582
6528 7644 7492 7586 5962
6529 6562 1241 2805 2807
6530 7326 1948 1602 3784
6531 7013 1136 5929 2341
6532 7811 5571 6601 5957
6533 7694 6833 7544 7070
6534 6571 3492 1455 1817
6535 7887 6029 7729 6456
6536 8364 6925 7123 5550
6537 6947 5686 6565 5542
6538 7389 5728 6973 6089
6539 8086 5568 6714 5720
6540 6411 4882 87 86
6541 6640 2255 5766 1610
6542 7205 3073 6462 4202
6543 7983 5535 6465 6185
6544 7047 2609 4316 5264
6545 7730 6807 7207 5565
6546 7611 6821 7117 5990
6547 6046 2923 1294 2917
6548 6933 1769 5847 1768
6549 7997 6292 6552 5701
6550 7602 2021 4056 935
6551 7373 5616 7289 6451
6552 7048 3860 6754 1735
6553 6857 6073 6242 5522
6554 7541 6577 7297 5783
6555 5680 4097 2083 2086
6556 7725 2225 2222 4888
6557 7523 4452 6075 2364
6558 8214 2754 8084 3556
6559 7049 7015 7019 4485
6560 7082 4315 6827 6463
6561 6473 2635 5246 289
6562 8407 5363 5326 650
6563 6793 6050 6514 5609
6564 7149 4401 2720 629
6565 7013 6361 6707 2579
6566 6297 5790 5839 5540
6567 8181 5999 8023 7564
6568 8215 7455 8198 5492
6569 6520 5705 6147 5575
6570 8300 5555 7753 5600
6571 7921 5561 6709 6284
6572 6119 3871 1942 1584
6573 6991 296 6140 4639
6574 7415 6279 6383 5483
6575 6990 4787 4548 403
6576 7746 3166 6462 3632
6577 7051 3948 5780 3947
6578 7053 6147 6154 484
6579 6703 1436 5919 3451
6580 7484 5384 3946 3947
6581 7810 6377 7093 6908
6582 6251 1702 6075 2366
6583 5692 4654 3600 5081
6584 6970 3409 6153 4466
6585 7055 1696 6056 3961
6586 8297 6180 7026 6202
6587 7550 2444 1805 1055
6588 7490 1617 1618 3795
6589 7837 4400 2618 2385
6590 7630 2615 6711 4979
6591 6288 5981 6086 5699
6592 8136 5528 7534 7239
6593 6953 6331 6625 5886
6594 6643 6080 6218 81
6595 7688 2468 7405 4467
6596 7359 1294 6046 1338
6597 5584 4725 822 4642
6598 6666 5888 6546 6107
6599 6046 4528 3208 2923
6600 6245 4433 2076 4031
6601 7967 6702 7666 5927
6602 6909 299 6406 4747
6603 6213 3017 5045 3012
6604 8133 6437 6904 6642
6605 7599 5690 5738 5627
6606 7966 2280 972 2617
6607 5971 4228 5966 3721
6608 8073 7937 8070 5249
6609 7376 5187 3913 889
6610 8214 2756 8084 2754
6611 6259 4321 5833 794
6612 7221 1585 6283 6119
6613 6865 1679 3944 3943
6614 8298 4681 7750 6014
6615 7477 4296 6289 866
6616 6014 219 4480 4681
6617 7057 4215 6692 2219
6618 7403 5485 7267 6093
6619 7933 5665 7600 6107
6620 7110 5992 7052 6014
6621 6996 4117 6229 269
6622 6558 5524 5937 5750
6623 6150 332 5064 4816
6624 5662 3959 3960 5385
6625 7730 5540 5839 5790
6626 6632 1201 5573 2712
6627 6714 1481 2626 3539
6628 8031 6496 7238 2736
6629 7861 6969 7311 6416
6630 6401 380 379 4713
6631 8250 5983 6757 5974
6632 6211 642 643 4377
6633 7478 5775 7406 6619
6634 8273 3009 5126 2997
6635 7558 326 6320 2373
6636 8021 5712 6094 5998
6637 7778 5773 6221 5565
6638 7701 5581 7566 6487
6639 6076 3078 5914 1355
6640 7012 6650 6805 5765
6641 8214 1491 2756 2754
6642 7868 1156 6585 1477
6643 7181 5519 7071 6591
6644 7931 107 6551 6185
6645 6237 4382 490 4966
6646 6503 6067 6332 6123
6647 7821 1761 2424 1762
6648 8226 4360 8020 5949
6649 8214 1216 6246 3443
6650 7835 579 7320 4154
6651 7062 2252 1607 1606
6652 7484 4440 334 4759
6653 6988 5536 6898 6891
6654 7638 6082 7543 6941
6655 6413 158 5017 4847
6656 7716 5489 7114 6639
6657 6262 5721 5848 5758
6658 8267 5697 7968 7564
6659 7775 1061 7661 1801
6660 7774 6629 6971 6136
6661 6473 289 5246 290
6662 7433 5895 6359 3212
6663 7271 5737 7238 6063
6664 7912 3833 7844 847
6665 7628 5494 6451 5616
6666 8245 1189 6243 2696
6667 6544 5808 5918 561
6668 6459 2903 364 2905
6669 6645 3003 6631 5724
6670 7880 963 2065 4017
6671 6911 535 536 2624
6672 7168 1785 5680 2118
6673 7401 6009 6873 5529
6674 7719 3785 3786 730
6675 7272 4219 319 5183
6676 6445 4791 38 4493
6677 7082 6463 6827 5873
6678 7634 5974 6769 6069
6679 8322 4030 8144 2070
6680 7317 455 4371 5030
6681 7626 6482 6816 5636
6682 6191 5071 4264 90
6683 6333 1022 2380 2432
6684 6143 5689 5989 5860
6685 8176 6459 6732 6541
6686 7445 5870 7142 5753
6687 7352 508 4474 473
6688 6970 4191 6426 5133
6689 7087 3622 6555 3028
6690 8192 6368 7713 6789
6691 7527 4320 527 4933
6692 7226 810 6938 6801
6693 6443 5092 2536 4712
6694 5724 208 3003 5209
6695 5569 4416 514 4901
6696 5742 5684 5691 659
6697 7678 5889 7427 6723
6698 6678 5577 6398 2902
6699 6632 1202 6225 2717
6700 6832 2999 1325 3611
6701 6708 4561 3631 3033
6702 8288 6367 7699 6941
6703 7253 1366 6942 5645
6704 7588 5540 7079 6217
6705 7891 2927 5093 3309
6706 6354 2562 4242 2316
6707 7068 5671 6661 5524
6708 8417 6930 7597 6125
6709 6993 5845 5935 5605
6710 7394 5621 6507 5668
6711 6688 2203 2202 4615
6712 6512 625 5329 626
6713 6865 3935 6536 3944
6714 7309 5493 7129 6096
6715 7939 3564 2775 1495
6716 7947 1489 7493 1490
6717 7327 6053 6396 3804
6718 5664 524 4999 4840
6719 8057 5663 7657 5861
6720 7022 1445 2493 1447
6721 7880 4017 5127 5312
6722 7937 2527 5249 3488
6723 7122 5012 3270 4976
6724 7877 6859 7358 6733
6725 7362 5969 6166 5579
6726 6592 2898 1517 2985
6727 6589 5356 5743 739
6728 7732 6315 6819 6669
6729 6564 1873 2943 1264
6730 8355 5153 8095 3326
6731 7333 3405 3408 5257
6732 7859 722 6400 723
6733 7446 4903 275 274
6734 6608 4650 5887 2605
6735 7015 735 736 4611
6736 6454 2022 6347 4082
6737 6458 1133 6099 1468
6738 7487 5699 6220 6085
6739 6064 2936 1300 1889
6740 6946 328 329 4805
6741 6797 6159 6626 6602
6742 6910 728 5340 5343
6743 6141 2522 2523 1813
6744 6497 1957 6325 3691
6745 7897 1977 1715 3910
6746 8170 3649 8082 3103
6747 7141 4720 6174 2664
6748 8306 6743 8131 5850
6749 7184 3641 6500 3087
6750 6714 3539 1167 1481
6751 8353 6325 6421 4634
6752 7698 5102 7585 4534
6753 7507 6362 7455 5889
6754 6081 4766 3268 3152
6755 7654 5514 5853 5710
6756 7915 5953 7571 5591
6757 5899 3239 4272 3305
6758 8177 661 4716 4839
6759 6509 362 3934 3971
6760 7780 1109 1815 2535
6761 7993 5730 6038 5884
6762 7885 2184 6839 4168
6763 7772 87 6542 6411
6764 6356 2688 4704 4836
6765 7567 5180 7368 5878
6766 7099 5513 6362 5882
6767 6600 2541 6458 2379
6768 7735 5832 6476 6452
6769 8210 7402 8157 7411
6770 7199 2434 1772 1991
6771 7705 1764 6753 6450
6772 7021 2480 1081 1086
6773 7484 5780 6894 6150
6774 8095 3655 8082 3101
6775 7756 1906 3027 3056
6776 8049 4657 7896 4846
6777 6860 2361 6783 5740
6778 6468 3766 1579 1580
6779 7649 7299 7489 6903
6780 7522 4395 5110 825
6781 7889 5596 6241 5930
6782 8301 647 7202 3567
6783 6833 5775 6813 6771
6784 6331 1055 6305 2444
6785 5616 2336 1006 1008
6786 7158 5593 6538 6404
6787 6487 1728 1727 3851
6788 7792 5560 7392 6386
6789 6313 3844 3841 1723
6790 8315 6859 8017 6207
6791 8156 5736 7429 5589
6792 7568 2510 6804 5830
6793 4472 615 6215 2237
6794 6706 4745 2837 3581
6795 6858 4417 2610 4210
6796 7704 5695 7062 5909
6797 7372 5886 6400 5544
6798 4838 93 6811 6094
6799 7525 4390 5816 704
6800 7599 5690 6148 5738
6801 6747 4188 5848 4159
6802 7313 2721 5702 2391
6803 6202 4559 2810 2804
6804 8348 6101 8108 610
6805 8177 6171 7504 663
6806 6761 1481 6714 1167
6807 8156 5589 6510 6410
6808 6922 997 6327 3379
6809 7735 2542 3516 4431
6810 7065 4595 458 4688
6811 5972 2614 4751 4810
6812 6033 506 5745 507
6813 6603 3853 5867 1730
6814 6136 2813 4813 372
6815 6567 1177 1178 2667
6816 6912 5784 6610 5549
6817 6482 4608 409 408
6818 7074 658 4183 4171
6819 7921 5561 6787 6709
6820 6120 831 4336 2998
6821 6191 3481 2493 92
6822 6732 1287 2803 1867
6823 5972 658 4171 657
6824 7075 2811 2806 366
6825 8352 3556 8084 5084
6826 7005 282 6155 283
6827 6937 3919 3920 1728
6828 5812 4994 41 4429
6829 8410 5892 6145 6098
6830 5875 3695 4408 3696
6831 6062 418 4355 419
6832 8092 5041 456 4948
6833 7425 6530 7068 5945
6834 7873 5418 6644 4010
6835 7405 4767 6460 4555
6836 7076 4599 5969 510
6837 5929 1144 2590 2341
6838 8361 2685 1186 2660
6839 7495 6805 7416 5176
6840 7083 2584 3439 1849
6841 6384 6040 6322 6114
6842 8097 6943 7982 6889
6843 7988 5534 5616 5494
6844 6010 2492 5738 4899
6845 8397 6163 8347 7680
6846 8061 442 4505 4422
6847 7550 2446 2456 5137
6848 8271 5792 7812 5918
6849 7507 6300 6362 5889
6850 6939 5668 5872 570
6851 7078 1267 7027 2859
6852 5660 5257 2371 3405
6853 7082 3502 6472 4315
6854 7925 4702 6470 75
6855 7153 1226 6438 2778
6856 7082 3503 1464 1118
6857 7286 3569 7227 1861
6858 7877 6733 7358 6453
6859 6827 4345 6463 98
6860 8010 6978 7994 7771
6861 7836 6742 7674 5761
6862 7846 6050 7107 5812
6863 6712 2498 2239 1080
6864 8328 4145 7371 7279
6865 6129 3678 4913 3242
6866 7891 5093 6095 4365
6867 6832 2877 1325 2998
6868 7688 4604 2494 475
6869 6906 1778 983 2288
6870 7487 5699 7133 6227
6871 7072 4887 5939 2475
6872 7695 4065 908 5436
6873 6234 5812 6031 5643
6874 6556 3897 1622 3900
6875 8308 6538 7158 5593
6876 5692 1892 1523 3600
6877 6128 1937 3276 1440
6878 6293 968 6272 1999
6879 5940 3848 5304 3921
6880 6848 2020 6347 4072
6881 7055 1696 6740 6056
6882 5739 5177 3650 4290
6883 7979 3713 6731 6204
6884 7224 6401 7116 5854
6885 7080 3205 1403 3201
6886 7932 1994 7403 874
6887 7525 4390 704 703
6888 8227 7963 8173 5940
6889 7081 6392 7052 6807
6890 8114 4085 4066 4084
6891 7336 5952 7300 6635
6892 7691 4924 6434 4529
6893 6290 5134 3008 3616
6894 8157 1783 990 3440
6895 6845 54 4892 4375
6896 7747 4187 2193 4160
6897 7750 217 218 4597
6898 7806 3554 4852 3300
6899 7529 5036 5838 197
6900 5706 4637 5569 4668
6901 7911 6116 6938 6151
6902 8275 6160 7200 5935
6903 8287 5695 6431 1605
6904 6458 5594 6099 5790
6905 7617 640 6396 5313
6906 6999 5896 6803 5821
6907 7094 852 3800 3799
6908 6449 1538 3041 1540
6909 6678 2902 6398 4778
6910 7967 5874 7578 7344
6911 7145 1371 6551 1161
6912 5743 4750 739 740
6913 7084 5057 6391 4311
6914 8158 5734 7673 6831
6915 6354 1121 6032 3401
6916 6016 5817 5879 500
6917 5932 1979 1721 3840
6918 6720 2974 4854 3463
6919 7443 5640 6495 6158
6920 5928 1504 3579 1253
6921 7324 1311 2964 2960
6922 7898 2151 6544 2150
6923 7783 3351 5053 2258
6924 7886 3519 7620 6458
6925 7986 6312 7636 4510
6926 7941 5629 7799 6198
6927 6708 5656 6579 5976
6928 7636 4508 109 3129
6929 7528 5583 7400 6875
6930 7993 5730 7832 6657
6931 7724 5928 7381 1253
6932 7811 5957 7767 5571
6933 5935 781 780 3740
6934 6897 2619 2735 1208
6935 6829 5349 3809 3889
6936 7087 3030 6566 4356
6937 6672 6005 6101 5703
6938 7087 1336 3030 3029
6939 6201 3389 3388 301
6940 7346 6524 6659 5899
6941 6583 37 6445 36
6942 5820 3707 5743 4222
6943 6046 2917 4780 4784
6944 8244 6216 7380 5689
6945 7617 1654 6005 3881
6946 8124 6515 6533 3099
6947 7643 5984 6315 5626
6948 5935 5050 5688 4654
6949 6016 499 500 4220
6950 7939 1495 6597 1222
6951 5958 1238 2408 2780
6952 7164 4696 2262 3658
6953 6583 37 36 4873
6954 7964 6898 7284 7060
6955 7283 4954 3426 4685
6956 7205 5491 5841 5503
6957 5904 5217 2065 2051
6958 6285 3310 5125 3207
6959 6783 4718 2361 3202
6960 6863 3964 1706 3966
6961 7685 6816 7297 6577
6962 6897 5083 2735 2619
6963 8072 3417 7526 6475
6964 7663 5816 7150 5881
6965 7360 1513 7128 1879
6966 7550 1055 6636 6305
6967 6600 4246 279 278
6968 7915 1925 7571 6934
6969 6847 4735 841 5262
6970 7089 3199 3668 5195
6971 7470 6178 6940 5972
6972 6038 1806 1446 3354
6973 7018 3049 6151 4831
6974 6625 5542 5886 5686
6975 5573 2718 4867 2717
6976 6704 5757 6432 3774
6977 7039 1271 1260 2869
6978 7036 645 6365 5161
6979 8258 5526 7965 7445
6980 7053 1569 5736 1929
6981 7817 2882 2962 4358
6982 6822 4921 314 2352
6983 6526 4780 803 802
6984 7550 5137 7447 2446
6985 7090 1308 6436 3606
6986 7451 1410 1374 3125
6987 7133 5765 6661 6329
6988 6526 4780 6040 803
6989 7091 3153 6324 3474
6990 6445 4511 6271 2653
6991 8108 2376 6748 5155
6992 6520 5705 6371 6147
6993 8383 7608 8191 7737
6994 6558 1370 6515 1551
6995 7092 3522 5749 1834
6996 7096 233 5028 2547
6997 7785 460 7642 461
6998 7206 6022 7094 852
6999 7785 3475 6703 6471
7000 8097 5634 7220 7008
7001 7513 580 7320 581
7002 6004 5181 3570 136
7003 7254 6251 6746 6509
7004 7094 1720 3837 3840
7005 7567 5180 392 393
7006 6685 5160 5651 2778
7007 5940 3798 5890 3847
7008 7095 1725 5890 3845
7009 7426 6367 6686 5549
7010 7912 5288 6738 5293
7011 7328 6350 7290 6152
7012 5872 2142 2154 1031
7013 8197 3599 6756 6200
7014 7774 2953 6629 4777
7015 6600 5016 2541 2379
7016 7638 6941 7426 6912
7017 7844 1714 6024 1713
7018 6065 5434 918 2049
7019 7419 311 4679 4620
7020 7460 6554 7167 6117
7021 7121 1600 6778 6494
7022 6445 38 37 4493
7023 7566 3845 7095 6313
7024 7912 3832 7897 3813
7025 6529 4872 6020 3084
7026 8191 7059 8149 6157
7027 5941 2204 4602 4886
7028 8424 5566 6645 6133
7029 7369 6427 6666 6526
7030 7888 5399 5398 244
7031 6793 5609 6514 6304
7032 8183 6781 6836 5718
7033 8256 1244 1242 2811
7034 7385 4378 6373 230
7035 5845 780 779 3740
7036 6659 1928 3305 3221
7037 7249 5479 6960 6830
7038 8358 5704 7810 7711
7039 7292 6159 7212 5493
7040 8130 6132 6867 1140
7041 7101 2569 1154 1130
7042 8129 6713 6918 6850
7043 8202 7396 7989 6923
7044 6698 4360 161 4985
7045 6512 3878 3771 5342
7046 7251 4760 2675 2692
7047 6197 3364 1596 2230
7048 7100 6071 6295 5859
7049 7888 4368 244 245
7050 7637 7063 7467 7399
7051 8060 6407 7454 6412
7052 6797 5498 6321 5511
7053 7648 956 948 953
7054 7605 1448 6712 3484
7055 7109 5647 6260 5513
7056 7405 4467 2468 5470
7057 7462 2155 6491 1032
7058 7100 1454 3491 1110
7059 6401 5045 380 381
7060 6482 3010 5840 5636
7061 6961 1117 6344 6299
7062 7746 3081 1356 1550
7063 7925 6695 6776 6470
7064 6856 5424 6677 252
7065 7794 6821 7289 5752
7066 6480 274 275 4119
7067 5956 1826 1119 2550
7068 6691 557 6334 5973
7069 6663 4624 3698 3696
7070 7786 5891 6193 5871
7071 8051 3007 7693 1345
7072 7756 3027 6449 6264
7073 6265 2968 5013 2948
7074 6557 5522 6242 5748
7075 6450 2425 3418 4953
7076 6692 4997 6148 2219
7077 7096 1458 6417 1456
7078 6754 1982 6086 3863
7079 7013 1144 5929 1136
7080 6259 794 795 4321
7081 7338 6191 7256 7022
7082 7913 5836 6879 5732
7083 7102 2233 1947 1597
7084 7595 4769 6561 2924
7085 7013 2319 5916 1118
7086 7096 6373 6417 5731
7087 6914 5619 5669 4198
7088 7474 247 5397 5423
7089 7103 686 5139 687
7090 7201 2198 5919 1442
7091 8086 2626 5996 540
7092 7444 5166 6914 3210
7093 6832 3611 5833 2999
7094 8192 6368 7267 6913
7095 7701 5507 7436 5553
7096 7490 752 6899 5320
7097 7487 5699 7397 6220
7098 8127 2092 6358 973
7099 7104 5587 6163 5258
7100 6829 5314 3809 5349
7101 6282 5403 4006 3987
7102 7153 6817 6966 2787
7103 7338 5807 7217 5698
7104 8069 6945 7864 6127
7105 7235 4339 6097 61
7106 7206 6628 6738 3835
7107 7933 5665 6902 6151
7108 7864 5791 6945 6695
7109 6388 2865 1269 1874
7110 6678 4446 4776 2938
7111 8256 2802 7194 1244
7112 7484 6150 6894 5391
7113 6946 5915 6111 5805
7114 7048 5762 7024 5316
7115 6774 4461 685 684
7116 7106 6107 6847 6405
7117 7159 5480 7124 6490
7118 5904 3861 3923 5217
7119 6567 2429 6470 1841
7120 5717 4224 309 4931
7121 7235 5169 63 5184
7122 5574 186 5059 4558
7123 6632 5691 6594 5519
7124 8410 7975 8014 6145
7125 5747 2013 5300 5299
7126 7287 2807 4743 2819
7127 6755 6669 6686 5561
7128 6544 561 5918 4149
7129 6992 2515 6147 1097
7130 6426 5985 6414 2146
7131 6032 1465 5722 3512
7132 7946 6112 6668 5515
7133 7126 6389 7035 5895
7134 8321 722 7859 2281
7135 7108 5859 7064 6479
7136 6821 5752 6169 6054
7137 6993 1638 1639 3711
7138 8410 6098 6722 5907
7139 7610 5737 5864 5696
7140 7032 777 5913 4238
7141 7365 3879 3771 1587
7142 6379 4283 4272 121
7143 8373 4178 2177 2190
7144 6302 186 6250 5574
7145 7338 5712 7256 6380
7146 6624 5088 4235 532
7147 6847 3195 6658 3038
7148 7109 6565 7099 5513
7149 7000 2441 4247 2757
7150 7875 5805 6960 6605
7151 6715 3907 6093 1710
7152 7590 5880 6250 5574
7153 6517 5491 5551 5503
7154 6927 2746 2643 1213
7155 7921 6277 7870 7546
7156 7106 6288 6674 5559
7157 7110 6741 6912 6082
7158 7686 3111 4353 3608
7159 7832 2533 6245 3285
7160 6748 2449 3341 1032
7161 6571 2505 4299 2301
7162 6811 92 5025 4698
7163 8117 1290 8045 5600
7164 7344 1542 3051 3626
7165 6600 5986 6032 5837
7166 6720 823 4854 2974
7167 6128 3255 6052 3276
7168 7056 1759 6343 5978
7169 7661 1060 2185 1061
7170 6203 2613 1153 1238
7171 7832 1446 3480 1108
7172 5569 4637 2267 2277
7173 6445 6031 6271 4865
7174 6634 3238 5952 1418
7175 6975 3350 4576 5216
7176 7495 5739 6805 5176
7177 7105 5745 6042 5622
7178 7012 3134 836 3122
7179 6685 2778 5651 3568
7180 7500 3545 6100 3297
7181 5942 56 3579 2801
7182 7495 1554 7416 1376
7183 6517 5566 5724 5503
7184 7375 6208 6574 5526
7185 7198 3141 1380 1917
7186 5923 1588 2214 2304
7187 6638 3266 3594 492
7188 7115 191 6475 5101
7189 7434 6380 7338 7217
7190 6544 561 4149 4147
7191 7886 5790 7620 4350
7192 7311 2771 1802 1051
7193 6562 1243 2805 1241
7194 7464 3928 3901 1667
7195 6289 866 4296 5322
7196 7343 5524 7174 6530
7197 5857 948 4094 5439
7198 6178 653 2783 4623
7199 6998 3902 5260 5286
7200 7786 476 475 4730
7201 7340 4002 6855 3984
7202 7019 736 737 4485
7203 5966 3753 3721 5261
7204 7018 3060 6151 4596
7205 7938 2769 6387 1496
7206 6246 5748 6233 3443
7207 7868 7769 7837 1839
7208 8202 7203 7396 6109
7209 5833 793 4321 3611
7210 5706 4588 4943 518
7211 7477 3096 3651 5194
7212 8360 6750 8109 6441
7213 8003 5635 7653 7242
7214 7604 5732 6879 6596
7215 8058 1263 1277 2883
7216 7338 5998 7256 5712
7217 6885 5647 6190 5810
7218 7119 1129 2567 1128
7219 7091 3474 4630 447
7220 5866 1888 5840 1304
7221 7287 6525 6540 6109
7222 8266 7241 7566 6313
7223 8030 6385 6779 2072
7224 7797 6101 7264 3365
7225 7998 7232 7805 6392
7226 7400 6485 6773 5824
7227 7150 5829 5881 4958
7228 7402 5183 7272 3384
7229 7696 7063 7399 5685
7230 7306 5971 6899 5635
7231 7756 3056 3027 5078
7232 7909 1075 1444 3353
7233 6801 6116 6319 6151
7234 6787 6277 6709 5496
7235 6251 2367 1703 2366
7236 6853 3561 6531 4377
7237 6882 4453 4421 504
7238 7568 4694 2510 2462
7239 6316 2422 5829 2428
7240 6658 1342 3046 3043
7241 6584 481 4676 480
7242 6251 2366 5861 2367
7243 7121 4470 2238 5223
7244 6614 6593 6610 5531
7245 6665 2171 4177 665
7246 7153 1230 3450 1226
7247 7720 2210 7443 2211
7248 5989 4914 3329 3330
7249 8266 5890 7095 5581
7250 7831 3607 3042 4849
7251 7751 2632 1163 1174
7252 7072 5923 6059 4900
7253 6704 633 6072 632
7254 7005 4125 4100 282
7255 7052 6392 6888 5505
7256 7287 6447 6540 6525
7257 7122 4976 3270 4330
7258 7561 7387 7556 7214
7259 7049 4485 3749 3702
7260 7859 3380 2312 5150
7261 6363 3319 6017 1933
7262 7302 4618 6679 2887
7263 8277 3261 4268 5214
7264 6799 4901 5569 514
7265 8256 2802 2811 4755
7266 7917 4885 7772 2788
7267 7048 5617 7024 5762
7268 6919 5402 6856 252
7269 8189 5624 6488 5496
7270 6010 3433 2492 4899
7271 7504 2161 4166 2162
7272 6585 2620 3532 1156
7273 6682 2730 4520 2619
7274 5722 1113 2541 3512
7275 7153 1226 2778 3570
7276 8083 4229 5172 3758
7277 7394 5668 6939 5849
7278 7010 6677 6856 6364
7279 7516 4297 6516 4858
7280 7193 2032 958 2048
7281 8056 6761 7347 6714
7282 7005 6051 6155 281
7283 7910 796 4409 4213
7284 6017 1572 1933 3319
7285 5702 4651 4647 2412
7286 8019 5845 7748 1670
7287 6940 655 2706 4512
7288 8170 6587 7131 434
7289 7825 2861 3308 4664
7290 7912 7252 7897 3832
7291 7937 5003 5249 2527
7292 7141 114 6860 5740
7293 6883 4459 175 174
7294 7704 695 5856 696
7295 7932 1994 2034 4083
7296 7482 3867 6972 1736
7297 5972 4810 5648 2614
7298 5806 1181 2673 1845
7299 7588 6374 7041 6217
7300 7881 6005 7617 1654
7301 6515 1551 1370 3644
7302 7796 6256 7246 6866
7303 7714 5495 7649 7554
7304 6557 5522 6233 5936
7305 7885 2196 6839 2184
7306 6199 2133 5973 4140
7307 7031 1001 1784 3385
7308 7479 5576 6478 6068
7309 7851 1418 6634 5891
7310 7532 5824 6773 6485
7311 7579 5580 6765 6355
7312 7044 6270 6286 6098
7313 7094 3837 3800 5296
7314 5847 1769 3995 1768
7315 7997 5701 7995 6292
7316 8225 6564 7953 1264
7317 7204 6034 6358 5763
7318 6555 209 5209 4317
7319 7255 5733 6840 3226
7320 7081 6926 7034 5608
7321 8276 440 4922 441
7322 7986 111 6871 2657
7323 6973 5776 6089 3885
7324 6432 5354 635 3803
7325 8199 2606 7769 1839
7326 6768 2495 2485 4674
7327 7141 2664 4426 4720
7328 7424 1681 6894 6865
7329 7398 5910 7249 5771
7330 7231 1298 6981 1887
7331 8238 4649 7134 4617
7332 7333 1020 2377 1794
7333 7385 5407 7316 5395
7334 5967 5104 2732 4327
7335 8162 6370 7295 5495
7336 7689 6702 7537 5927
7337 7502 7007 7236 6049
7338 8203 6652 8028 6435
7339 7608 6997 7162 6498
7340 7827 6786 7465 5533
7341 8228 5518 7400 5602
7342 6826 6177 6530 6500
7343 5940 3798 3847 5302
7344 7642 462 6758 461
7345 2065 2051 5217 901
7346 8187 7088 8095 5785
7347 6357 1088 1808 2502
7348 8152 6364 7533 6622
7349 8046 1681 6865 1680
7350 8023 5715 7809 5999
7351 6361 5193 3511 4306
7352 7418 4356 7087 6566
7353 7921 6726 7870 6122
7354 7891 4365 6095 3309
7355 6293 2007 4032 2012
7356 7880 5312 6972 4043
7357 6373 1092 5754 2212
7358 7302 2887 6552 1279
7359 6104 2875 1274 2853
7360 7614 998 1781 2534
7361 7337 1641 1963 3715
7362 7615 392 4357 391
7363 7984 2099 7962 272
7364 7000 715 2441 3430
7365 7997 5838 6621 5547
7366 8134 7112 7165 7116
7367 8030 2067 4029 2072
7368 6702 427 4392 3091
7369 7307 2078 2093 4111
7370 6918 6251 6508 6075
7371 7441 6693 7287 6562
7372 6998 2030 5877 4081
7373 7672 2381 569 5014
7374 7784 5793 7164 6764
7375 7095 5890 6313 3845
7376 7158 5598 6152 5911
7377 354 6987 2881 4359
7378 6787 5496 6709 6669
7379 8144 4022 7403 929
7380 7135 1181 2672 3541
7381 7541 5840 7210 5764
7382 6815 5628 6711 6072
7383 5818 1660 3792 1612
7384 6518 806 3036 3043
7385 6767 6185 6203 5535
7386 6592 2898 1284 1517
7387 6150 5391 333 332
7388 5938 3751 5716 4950
7389 7244 4005 6282 5404
7390 7875 6746 6960 5545
7391 6499 763 3812 3797
7392 6603 1730 5867 5481
7393 7197 6006 6903 6005
7394 6542 5698 6123 5922
7395 6942 5615 5649 5645
7396 5919 1575 3451 1436
7397 6383 4074 4069 937
7398 7400 5583 6773 6485
7399 7845 6619 6639 5556
7400 7152 1171 6271 1841
7401 7494 1883 3593 1287
7402 7538 3039 840 4741
7403 6088 3019 1332 1561
7404 8201 373 7774 6136
7405 7031 1784 5680 989
7406 7304 3112 1550 1368
7407 6616 4862 2602 2008
7408 7635 5608 6770 6255
7409 6448 5334 3767 5345
7410 7121 5894 6778 6275
7411 6182 1315 2972 3111
7412 8081 6605 6794 6560
7413 8103 4340 7370 6163
7414 8209 5754 7496 6770
7415 7421 6866 7276 7219
7416 6978 6208 6843 5501
7417 8118 5576 6178 5786
7418 7742 1638 6993 1961
7419 7297 5783 5793 5732
7420 8246 3995 7888 5847
7421 6604 6533 6603 5553
7422 6445 2653 4878 4511
7423 6751 5377 6044 358
7424 7422 4639 6991 6140
7425 7880 5217 5904 3923
7426 8161 5863 7913 3152
7427 7478 6771 6813 5775
7428 7513 2158 6467 4156
7429 8083 7085 7992 7016
7430 7621 1366 6942 3640
7431 7729 2656 1173 2659
7432 7865 6382 6643 5825
7433 7301 3834 6628 3916
7434 7849 5666 5997 5739
7435 6712 4565 6154 4972
7436 5887 2404 2707 4945
7437 7991 6267 7818 2106
7438 7743 1533 6832 3016
7439 6875 463 6758 4273
7440 7283 3427 7150 4685
7441 7138 6284 6422 6277
7442 7431 6058 6118 5517
7443 6072 631 5355 632
7444 5971 4228 3720 751
7445 6512 625 6283 5336
7446 7789 5667 6705 5555
7447 7927 5484 7923 6311
7448 7138 995 6284 1779
7449 6735 2257 1104 2526
7450 7327 636 3775 5360
7451 7991 5508 7818 6267
7452 8249 2691 7452 1200
7453 7927 6611 7176 5484
7454 7538 6085 6393 5888
7455 8136 7239 7534 5520
7456 7363 472 471 5229
7457 6695 5604 6567 5791
7458 7344 5279 3068 3466
7459 5999 2521 1817 3360
7460 7241 3845 3842 858
7461 7997 5547 6621 5678
7462 7661 5852 6110 4180
7463 7904 5607 7584 5833
7464 8132 1215 2753 2781
7465 7946 5921 6112 5515
7466 6303 173 4298 5182
7467 7577 6966 7153 5746
7468 7604 407 3140 406
7469 5942 4892 3575 2797
7470 7446 275 6480 274
7471 6513 3137 4505 4922
7472 7479 6387 6774 6068
7473 6298 4450 361 5378
7474 7413 150 4801 4443
7475 6734 1837 1168 2649
7476 6539 3004 3621 1902
7477 7733 6044 6794 5679
7478 5810 3726 4413 3727
7479 5985 2156 4134 2146
7480 7946 6048 7266 7030
7481 5672 2714 2704 4589
7482 5867 3862 1732 3859
7483 6519 4509 2919 3136
7484 6812 3548 4877 163
7485 7143 1093 2509 2517
7486 7134 5971 6700 3720
7487 8065 4342 2889 5202
7488 7650 5898 6395 5714
7489 6143 5689 6138 5989
7490 5664 525 4999 524
7491 7145 6717 7020 5506
7492 7488 5508 6170 5837
7493 6970 5572 6153 5951
7494 7890 3647 3053 4311
7495 6703 5960 6471 5834
7496 8094 3028 7087 6555
7497 6509 3934 3968 1704
7498 8257 7483 7498 7037
7499 6175 5231 3525 4417
7500 6791 5617 5867 5762
7501 6863 5380 6509 3971
7502 7756 3027 6264 5078
7503 7821 6450 6753 3419
7504 7642 5602 6758 6149
7505 7988 6878 7586 7341
7506 7784 4538 4928 3657
7507 7703 5027 7551 94
7508 6281 1190 1187 2693
7509 6556 5366 5647 3811
7510 7443 4471 2211 591
7511 7437 2513 6371 4736
7512 6745 4651 5702 2412
7513 8317 4027 6616 4048
7514 7656 6181 7540 6000
7515 6609 5042 4628 3597
7516 7147 5681 6209 5818
7517 6472 5803 6446 6008
7518 5985 4155 4134 2156
7519 6864 1892 5692 3600
7520 6610 5531 6593 5677
7521 7984 2081 6327 2080
7522 6825 3714 3751 4950
7523 6907 3013 1329 3008
7524 7970 5800 7866 6756
7525 5652 5454 5225 3924
7526 7519 5457 7294 5074
7527 7844 1714 7067 5781
7528 7149 4401 6874 2720
7529 7149 628 7120 627
7530 7150 4958 5881 3427
7531 8154 5703 6903 6006
7532 7538 1905 3039 3023
7533 6201 3389 6122 2334
7534 7630 4307 6711 2615
7535 7430 6359 6389 6193
7536 7878 6020 6841 3084
7537 6609 3597 5796 1288
7538 6608 4656 699 698
7539 7121 2199 2200 1940
7540 5902 1787 2324 1004
7541 5943 1204 2723 2725
7542 6970 613 4191 5133
7543 6444 5000 411 4544
7544 7899 7230 7367 6306
7545 7341 6683 6878 5572
7546 8289 6067 7772 6851
7547 7166 5083 7120 2735
7548 8005 4816 6150 5064
7549 7173 6096 6869 6612
7550 6564 1272 2943 1873
7551 7209 6614 6888 5674
7552 6432 5084 4960 636
7553 6739 5543 5993 5769
7554 6301 5281 5703 2226
7555 7159 6490 7124 5621
7556 7153 5181 6817 3571
7557 6433 2447 4387 2739
7558 7442 625 6682 624
7559 6465 5221 142 4562
7560 6526 802 801 4784
7561 6143 3330 6138 1559
7562 6495 4598 2213 3357
7563 7193 4026 2076 5203
7564 5717 308 309 4937
7565 7915 3206 7044 1409
7566 6220 3926 5247 872
7567 8258 7169 7946 5515
7568 7878 5914 6841 6020
7569 7089 4423 5905 467
7570 6469 1507 2927 1506
7571 7952 5842 6607 6310
7572 7620 3520 6099 3519
7573 6084 2164 4174 2165
7574 7623 6329 6805 6650
7575 7821 2424 7529 4249
7576 6784 789 5275 790
7577 7166 6897 7120 5083
7578 8103 6901 7791 5063
7579 7885 6953 7183 5846
7580 7146 5558 6880 3896
7581 5944 697 698 4473
7582 7072 4214 596 4900
7583 6964 5661 6520 6147
7584 8298 6677 6741 6014
7585 6743 1557 6324 1920
7586 6832 2999 3016 1533
7587 8293 3948 7051 1683
7588 5695 1606 1607 3887
7589 7049 6335 7015 5510
7590 6759 5771 5910 5780
7591 6295 2530 6071 1106
7592 7936 3937 5386 3955
7593 7728 6109 6923 6029
7594 6849 5058 4664 343
7595 6793 5609 6304 6050
7596 6629 2958 2966 1307
7597 7121 4607 6275 2199
7598 6705 67 4411 4192
7599 7839 6476 6708 70
7600 5887 1045 2605 2683
7601 6881 3724 5192 791
7602 8369 7946 8079 6652
7603 6720 822 4854 823
7604 7233 3130 6551 1371
7605 8258 7142 7946 7169
7606 7702 3691 6497 6325
7607 8172 343 342 5387
7608 6869 5571 5910 5883
7609 7158 6152 6404 5911
7610 8023 6538 6611 6493
7611 6414 2146 5985 4134
7612 7726 1160 2627 2417
7613 7457 5582 6431 5909
7614 7361 5914 6076 5900
7615 7102 2233 2235 1947
7616 6344 2521 6016 4220
7617 7996 6639 7674 6742
7618 5717 5521 5623 5496
7619 6206 5097 4842 523
7620 7309 6918 7003 6713
7621 7676 3460 7494 2905
7622 7063 1046 2171 2170
7623 7529 199 4249 198
7624 8035 6998 7067 3914
7625 6473 1164 2417 2635
7626 7374 3263 1286 3021
7627 6871 4876 4794 112
7628 5600 5169 2911 2893
7629 7843 2445 2739 5175
7630 6861 5372 345 5386
7631 6265 2948 3603 1895
7632 7138 996 995 2111
7633 6575 2430 1766 3420
7634 6875 463 4273 464
7635 7160 5308 859 860
7636 7934 1895 7509 2946
7637 6956 3688 1627 3686
7638 6705 5600 6130 5163
7639 8088 5492 6527 6335
7640 7160 3641 859 4811
7641 7636 6312 6551 6185
7642 6520 6371 6399 2289
7643 6638 491 6237 4910
7644 5924 312 5121 4930
7645 7772 6411 6542 6067
7646 6738 5514 6022 5853
7647 7839 68 6708 3620
7648 8254 5523 7480 6733
7649 6145 55 5069 4892
7650 6199 2133 6039 5973
7651 7302 2886 6552 6274
7652 6555 4317 3028 5188
7653 8372 5735 8196 6316
7654 7800 2693 159 3298
7655 7100 6295 6443 5859
7656 7004 5522 6246 6242
7657 6971 5714 6816 6397
7658 6580 4117 270 4121
7659 6379 3337 122 5075
7660 7957 3458 6800 2954
7661 7529 197 5838 198
7662 7049 5592 7015 6335
7663 6119 5941 6087 5713
7664 7096 3282 232 4844
7665 7311 2439 7240 4851
7666 7730 5540 7007 5839
7667 7500 3545 4673 2695
7668 6038 1806 1072 3479
7669 6238 4491 6202 183
7670 6874 5936 6815 6591
7671 6252 2487 4856 257
7672 7622 6535 6838 5482
7673 7655 5124 4261 3124
7674 7394 5872 6939 5668
7675 6196 726 690 2284
7676 5961 5475 1824 3515
7677 7486 5153 397 398
7678 7473 5874 6749 6466
7679 7505 6644 6873 6753
7680 7416 5463 6805 4454
7681 8113 6438 7466 5959
7682 7372 6260 7043 5513
7683 6882 5136 6033 3283
7684 7048 3862 5762 5316
7685 6628 3838 2069 5298
7686 8160 5817 6016 5834
7687 7676 6920 7494 3460
7688 7646 4705 4775 2660
7689 6545 1257 1258 2839
7690 8312 2180 1066 1056
7691 6808 5581 6791 5481
7692 7641 6595 7233 6360
7693 7808 121 122 4963
7694 6563 5745 6033 5138
7695 6278 3737 5675 4479
7696 6693 1237 6562 6007
7697 7775 2188 1049 1801
7698 8154 6053 7881 6006
7699 6084 2164 1042 1036
7700 6811 91 5025 92
7701 7053 484 483 4758
7702 7746 6241 6462 5841
7703 8178 6493 7707 7439
7704 7889 5746 6303 5596
7705 8256 1244 2811 2802
7706 6983 5076 6214 3303
7707 7161 153 6928 6330
7708 7402 5183 3384 4219
7709 8179 1185 2681 2684
7710 8090 2135 1791 1014
7711 7642 461 5270 462
7712 8348 610 8108 6748
7713 6734 2634 4519 4038
7714 7615 3092 7567 6186
7715 7115 5993 6739 2855
7716 8269 222 8041 6855
7717 8101 6103 7790 1050
7718 7157 3827 6024 5781
7719 6148 3362 603 2221
7720 7311 1062 6165 2439
7721 7522 3106 4395 3100
7722 7437 5705 7334 6371
7723 5774 370 371 4447
7724 8359 6995 8283 7143
7725 7916 6142 6268 4151
7726 7149 629 7014 4401
7727 7973 7266 7271 5613
7728 6940 656 5972 4173
7729 6993 3709 1637 1961
7730 7164 6553 6764 5793
7731 7046 5894 6778 5876
7732 5999 1817 1455 3360
7733 8256 2796 7075 2806
7734 6571 3494 1455 3492
7735 8177 661 4175 4169
7736 7706 916 7559 6403
7737 7571 1404 3214 1409
7738 6033 4209 5138 505
7739 6032 3401 1465 3512
7740 7118 5736 6620 6573
7741 7136 5648 6225 5691
7742 8014 3294 6205 4843
7743 7777 5483 7454 6412
7744 7002 5082 478 479
7745 6645 205 206 5272
7746 2030 4050 5291 883
7747 7256 5998 6094 5712
7748 8066 5654 7812 5808
7749 7868 1477 7769 1839
7750 7628 4150 6916 4135
7751 7850 6351 7387 6802
7752 7764 6811 6968 3574
7753 6832 2998 6120 2877
7754 7283 1060 2752 2768
7755 6131 3019 6088 4853
7756 7935 1563 6980 3667
7757 5706 4588 518 517
7758 6846 4965 148 4643
7759 5647 5366 758 757
7760 6512 5351 3878 5342
7761 6053 3804 1653 1593
7762 7352 4549 6194 3507
7763 8346 6465 8074 6185
7764 7978 6701 7499 6429
7765 7881 1594 2225 3363
7766 8261 5119 238 239
7767 6215 616 4470 5223
7768 8217 4506 7091 6035
7769 7122 4330 3270 2857
7770 7499 1707 1974 3816
7771 6927 5936 6711 6072
7772 7442 6283 6877 5676
7773 6999 3633 4700 3628
7774 6641 3450 2722 1226
7775 7983 5885 6574 5613
7776 7168 5511 5680 1785
7777 7863 6921 7423 7364
7778 7115 5102 3583 4796
7779 8405 235 7154 234
7780 8208 5930 7441 6007
7781 6520 2519 5097 4221
7782 7168 2118 4124 2088
7783 7176 6611 6823 6493
7784 8013 6956 7745 5869
7785 7616 5968 7393 6008
7786 6039 2131 5973 2133
7787 6287 713 4902 2272
7788 8180 6375 6877 5811
7789 8166 950 7125 963
7790 7628 2127 4150 4135
7791 6929 3476 3279 469
7792 6391 5057 3053 3054
7793 7044 6205 6253 5901
7794 7819 4797 7208 4864
7795 7152 2455 1171 1841
7796 8112 7212 7657 7003
7797 924 4037 6391 928
7798 6762 5977 6502 5497
7799 7498 6696 7132 6637
7800 7508 622 621 5345
7801 5961 4514 4014 5427
7802 5702 2721 4647 693
7803 8283 5830 7143 5674
7804 8060 5441 6412 946
7805 8384 5227 6676 4494
7806 5940 5302 3847 5304
7807 6233 5094 2746 2743
7808 7931 5224 142 141
7809 5684 659 4183 658
7810 6487 3851 1727 3850
7811 5706 4668 4588 517
7812 8142 6866 7627 5954
7813 7571 1395 7044 5591
7814 7933 1333 7018 6902
7815 5747 4049 5299 3915
7816 6804 6212 6255 228
7817 7792 5610 6835 6386
7818 6614 1089 6610 6593
7819 6026 3722 791 4262
7820 5652 5454 5252 944
7821 6780 802 4556 801
7822 6133 4255 5687 205
7823 7486 396 6890 6376
7824 6938 4831 6801 810
7825 7883 5577 7431 7323
7826 8030 914 6403 921
7827 7715 2270 6991 4639
7828 7429 6154 6620 5736
7829 5852 4161 2185 2170
7830 7909 3353 2471 1075
7831 7504 2162 1039 2161
7832 7630 2741 6711 6072
7833 6081 404 405 4766
7834 7160 3641 5021 859
7835 6850 5610 6310 6228
7836 6600 5722 6032 5586
7837 6571 2301 4299 3492
7838 6267 998 2113 1781
7839 6755 6694 6709 5561
7840 7173 1969 2339 1688
7841 7807 71 3119 2630
7842 6856 3974 6364 3999
7843 6707 2591 2580 4204
7844 6825 6474 6700 5938
7845 6397 3604 1526 1894
7846 6465 5221 4562 3573
7847 7579 5429 2019 2035
7848 7221 1585 2211 1650
7849 6790 6324 6553 5564
7850 7076 2561 4820 4806
7851 8272 1558 6272 6098
7852 8224 6792 7899 7456
7853 7917 4314 5109 2709
7854 7640 4661 348 349
7855 4063 5331 5212 896
7856 7168 2118 5680 4124
7857 8045 6800 7753 6124
7858 6793 6304 6690 6355
7859 7090 2986 1898 3606
7860 6885 5513 6190 5647
7861 6897 2619 1488 1204
7862 7475 6288 6393 5981
7863 7777 1503 3577 1247
7864 7429 5871 7118 6620
7865 7396 5958 6693 5930
7866 6158 3357 4471 593
7867 7166 2735 7149 2733
7868 2046 4025 884 5297
7869 7225 1986 2411 1753
7870 8412 263 8147 262
7871 6653 4155 4132 575
7872 7115 2855 6739 4906
7873 7166 2735 6897 5083
7874 7591 5517 7359 6108
7875 7191 2670 4711 4540
7876 7718 7011 7605 5661
7877 7312 2025 4077 936
7878 6617 2825 5708 4440
7879 7004 5522 6815 6711
7880 6677 252 253 5185
7881 7597 2402 4648 2401
7882 6937 5581 6808 5481
7883 5645 3104 5619 4430
7884 7046 652 651 5335
7885 6905 5052 2845 48
7886 8271 5849 7958 6892
7887 7128 1514 2889 1280
7888 7540 5477 2054 5450
7889 7175 6055 6904 5661
7890 8180 6877 7508 6448
7891 7484 3947 6894 5780
7892 7120 626 5083 4520
7893 7636 2652 6203 108
7894 6597 2661 2770 4285
7895 5828 4815 5467 420
7896 7909 3353 1444 3477
7897 6097 3189 5884 3260
7898 7409 6211 6531 4377
7899 7656 4035 7540 6181
7900 7621 5645 6942 1366
7901 7568 2463 4573 2462
7902 7032 5845 6019 5913
7903 7178 5500 6365 6173
7904 6817 5613 5885 5797
7905 6685 5160 6004 5651
7906 6136 372 5774 371
7907 7471 5884 6097 5953
7908 6039 1012 2131 2133
7909 7418 6566 7384 6303
7910 7182 6241 6854 1356
7911 7181 6547 7086 6648
7912 7235 5184 6130 5169
7913 7926 3854 6937 5481
7914 7471 6270 6766 5953
7915 6791 5481 6603 5867
7916 7184 3641 3087 1549
7917 8076 1570 6410 1931
7918 6383 4073 6304 5580
7919 5743 740 739 5356
7920 7058 5653 7031 2117
7921 6998 5303 5291 4050
7922 7656 2054 7540 4035
7923 7373 5534 6878 5719
7924 8055 3543 6239 5806
7925 6966 3304 1501 1232
7926 6265 4349 3603 2948
7927 8173 5165 3848 3920
7928 7952 6835 7165 6341
7929 8031 165 6492 5737
7930 8170 5785 7828 6012
7931 6201 2334 6122 5883
7932 8166 2070 5432 5448
7933 6909 4486 2280 4636
7934 7078 2859 7027 6273
7935 5297 5443 2046 3831
7936 7927 7117 7645 5484
7937 6366 5846 6187 6068
7938 6594 2725 4839 2700
7939 7947 2593 1854 1490
7940 7962 5054 272 271
7941 7515 1567 6524 3602
7942 7094 5301 6710 3840
7943 6856 5425 5402 251
7944 6297 5839 5847 5540
7945 7921 6422 7546 6726
7946 6470 75 4702 74
7947 6400 723 722 4386
7948 7186 6028 6624 5950
7949 7178 5801 6370 5500
7950 8167 443 8061 444
7951 8046 2320 6340 2323
7952 7257 4742 6936 3315
7953 6954 5369 755 754
7954 6462 5841 6241 5994
7955 7885 6305 6953 5846
7956 8196 2771 2439 4851
7957 6354 2321 4969 2562
7958 7708 2706 4623 2708
7959 7537 4275 4274 3201
7960 7324 4348 6179 5283
7961 6379 4272 5899 3239
7962 7445 6239 7229 5806
7963 6044 2899 4205 2900
7964 6214 3303 1494 3563
7965 7660 6401 6469 5854
7966 6179 168 5283 4348
7967 6914 431 5619 4198
7968 6268 4151 2136 2153
7969 8284 6511 7910 6723
7970 6550 156 6413 6330
7971 8313 3249 8277 6121
7972 5291 3831 2046 5443
7973 7484 4440 333 334
7974 7250 1853 6503 1206
7975 7645 7503 7611 7117
7976 6709 5561 6694 6284
7977 6968 3575 5942 1865
7978 7913 6081 7604 3268
7979 7224 5035 5060 2852
7980 7450 5910 6830 5479
7981 8106 5755 6313 5932
7982 7157 5286 6998 4057
7983 8150 2442 1054 2443
7984 6974 526 527 4320
7985 6636 6305 6366 5846
7986 7174 5617 5762 5699
7987 8151 4531 7131 435
7988 6766 6135 6765 5516
7989 7810 2274 6651 2275
7990 8325 6570 7129 6096
7991 7085 5509 5810 5647
7992 7190 3500 503 2545
7993 7190 5218 502 4231
7994 7191 117 6239 3542
7995 5656 3620 3033 1337
7996 6809 495 494 3265
7997 6245 5130 3285 4208
7998 6045 4641 5681 701
7999 6962 768 6497 6398
8000 6032 2321 3401 4903
8001 6750 129 128 5108
8002 6820 1709 6715 1710
8003 7636 4874 2652 108
8004 7595 4939 4762 3598
8005 7192 3940 3932 5370
8006 8325 5717 7163 5623
8007 7453 6898 7060 6216
8008 5810 5172 4413 3726
8009 7684 6257 7289 6428
8010 6406 4747 299 5459
8011 7016 5966 6881 6026
8012 7560 5701 6292 5499
8013 7826 5512 7041 6517
8014 7671 1840 6761 1167
8015 5661 4809 2457 4612
8016 6492 5696 6435 5949
8017 7645 5575 6206 6055
8018 6476 5832 5933 5667
8019 7454 1262 7261 6936
8020 7192 5826 6842 6056
8021 6172 1537 5656 1337
8022 7205 5841 5994 5503
8023 8374 7861 8373 8150
8024 7762 6570 6822 6740
8025 7181 5525 6985 5742
8026 7561 6522 7387 7214
8027 7125 4075 6862 5670
8028 7938 6387 7858 6774
8029 6836 1300 1891 3452
8030 7374 1886 6322 6108
8031 7690 5920 6649 6511
8032 7819 2512 6673 1843
8033 6829 3809 6089 3889
8034 7909 7352 7433 5745
8035 6021 673 4898 5117
8036 6790 5850 6553 6324
8037 7194 4754 4805 2812
8038 6412 2027 6279 2017
8039 7447 6276 6433 5813
8040 7165 7113 7116 5948
8041 7550 1067 6636 2195
8042 7305 6260 7043 1624
8043 8012 5954 7246 6915
8044 6320 2373 326 4546
8045 7404 428 4276 5167
8046 6811 6094 6191 3481
8047 7570 6297 6484 3993
8048 7525 2260 6209 2256
8049 7729 1172 7517 1169
8050 7780 1110 7100 1814
8051 6412 3577 6279 4956
8052 6772 5614 5897 5771
8053 8342 7347 7837 6013
8054 6463 5803 6361 6236
8055 6583 4493 6514 6445
8056 7416 1373 3131 3327
8057 8031 168 6179 4348
8058 8227 5603 7838 959
8059 7196 3144 3159 4761
8060 6895 6032 6240 5586
8061 7850 6802 7633 6578
8062 7329 2003 6245 2076
8063 8288 7081 7209 6455
8064 6033 5138 5745 506
8065 7283 4390 5816 2752
8066 6708 1337 5656 3033
8067 6399 1096 2283 2293
8068 5972 4810 656 4512
8069 5619 431 4291 4198
8070 6573 5736 6129 5563
8071 7036 6173 6211 5161
8072 7401 2423 1984 3412
8073 7833 1760 7316 3989
8074 7128 1280 5679 1514
8075 7932 929 7403 1994
8076 7967 5523 6725 5874
8077 7542 5656 6579 6172
8078 6767 2659 4510 2656
8079 7514 6728 7453 5970
8080 6784 789 4388 5275
8081 7498 5683 6637 6209
8082 7547 1522 5796 1890
8083 6635 3236 3235 4827
8084 7832 5961 6065 5933
8085 7600 6151 6319 5665
8086 6603 3853 1730 3855
8087 7941 6176 7054 6222
8088 7352 474 6359 6194
8089 6137 3461 2993 1900
8090 7800 1847 2694 1190
8091 7645 7158 7503 6680
8092 6672 5703 6549 6301
8093 8127 2273 7901 974
8094 7969 4135 6916 4150
8095 7742 1637 7137 3708
8096 8315 5779 6504 5768
8097 7080 3546 1401 3200
8098 7974 3834 5877 5297
8099 8163 6059 7766 6158
8100 6037 1532 1325 2877
8101 8383 7737 8191 7362
8102 6966 1235 6775 1501
8103 6836 5718 6781 6561
8104 5833 3611 4321 2999
8105 7914 5967 6606 6171
8106 7509 6265 7246 6409
8107 7619 3920 1727 1728
8108 4063 5212 897 896
8109 7452 2691 2753 1848
8110 7915 7044 7768 6253
8111 7746 4434 3632 3081
8112 5900 3089 4941 4725
8113 7803 5259 5307 2068
8114 5942 4892 5069 2801
8115 8335 6612 8280 6986
8116 8302 5716 6280 5605
8117 6234 4429 2665 4994
8118 7201 3346 1576 1441
8119 6016 498 5253 4266
8120 8022 7217 7434 5501
8121 7686 6120 6963 5666
8122 7968 6611 7923 7176
8123 7379 2181 1058 2182
8124 6907 5607 6832 6037
8125 6415 3001 448 449
8126 7277 618 6408 2711
8127 8275 6160 6731 6204
8128 5916 1460 3501 2315
8129 6953 5542 6852 5846
8130 7844 3828 7364 844
8131 8107 5747 6181 5755
8132 6643 4923 6218 3675
8133 6946 330 6536 4527
8134 7414 5493 6669 6139
8135 7643 5984 7029 6315
8136 7457 6362 7216 7099
8137 6245 4031 2076 2003
8138 5918 561 5808 5043
8139 7426 6602 6797 5633
8140 5717 4248 309 4224
8141 7878 3084 6841 5001
8142 7710 6633 7581 5892
8143 7412 4622 3399 2360
8144 6604 3110 1553 3472
8145 7829 4267 486 485
8146 7821 2389 4249 3419
8147 6571 1455 6071 5999
8148 7106 6434 6921 6847
8149 8234 6762 7126 7118
8150 7333 2376 4265 2377
8151 894 895 5165 2058
8152 8174 2486 4407 260
8153 7141 4989 6871 6860
8154 6906 2079 983 1778
8155 6344 4220 5879 3496
8156 7076 4552 4806 510
8157 6121 1433 5953 3248
8158 7322 3333 4919 451
8159 7549 6015 6795 6784
8160 8332 2111 2112 996
8161 6274 196 4659 5036
8162 6122 4916 2337 2335
8163 5681 3369 701 4641
8164 7704 5856 6102 5909
8165 5600 1290 2911 3088
8166 6954 754 753 5310
8167 7756 1346 3071 1351
8168 5919 3451 2198 5159
8169 7527 1472 6115 5995
8170 8277 1577 1433 3261
8171 7276 5490 7275 6915
8172 5789 3803 5757 3774
8173 7205 3622 5994 3073
8174 6651 716 4253 715
8175 6649 797 4318 796
8176 7793 4886 6697 5941
8177 6255 229 6212 230
8178 6678 2925 1298 2934
8179 8044 5548 7425 7288
8180 6726 5053 5946 2294
8181 7714 5495 7554 7295
8182 7797 3365 1655 3364
8183 6215 4466 615 4472
8184 6596 408 409 4703
8185 7365 1587 3771 1586
8186 7808 4283 7229 6379
8187 6062 3182 4990 418
8188 7686 5273 6291 3461
8189 6059 4214 5923 2214
8190 7380 5689 6618 6138
8191 8187 6890 7486 6266
8192 7552 6172 6254 4354
8193 6812 1486 6435 3548
8194 6555 5188 3028 3622
8195 5913 4654 5692 5081
8196 6357 1088 2502 2498
8197 8271 7958 8235 6142
8198 889 888 943 5187
8199 6928 153 3584 4554
8200 6776 6234 6243 1182
8201 7206 3835 5293 851
8202 6775 1502 2786 1235
8203 6662 4980 4931 308
8204 7207 5565 5986 5594
8205 7512 5704 6287 5735
8206 7080 1401 5629 3201
8207 5687 5008 203 5033
8208 8187 6144 7350 5764
8209 8115 350 7709 6310
8210 7209 5674 5830 5608
8211 8294 5488 7647 5487
8212 8006 1105 6255 5754
8213 7415 1234 6935 1228
8214 7028 855 856 5306
8215 7340 4004 6323 1751
8216 8258 7169 7987 7266
8217 7342 1543 6999 6803
8218 6511 798 3731 5189
8219 7982 5642 7663 6943
8220 7210 1885 1297 2909
8221 7723 6448 6468 3875
8222 7293 6786 7061 5533
8223 5900 3642 3089 4725
8224 8142 6329 7627 6828
8225 7303 77 6232 3180
8226 7834 6197 7583 7264
8227 6492 4752 165 164
8228 7832 2533 3480 4433
8229 7803 4021 1997 964
8230 7496 5065 266 2531
8231 7615 5878 7567 7368
8232 7685 6577 6944 6816
8233 7938 1496 6387 5963
8234 8071 5633 6797 6602
8235 7344 3068 6900 1351
8236 7413 150 149 4456
8237 7115 5701 5993 5499
8238 7336 6349 6790 6207
8239 7466 3557 5959 2677
8240 7510 5897 7140 6122
8241 7076 2561 6263 4820
8242 6418 5616 6043 5494
8243 6461 5851 6287 5735
8244 6119 2206 5941 2208
8245 5717 4224 4931 2454
8246 4053 897 2023 5179
8247 7986 4508 7636 7196
8248 7545 6787 7292 5493
8249 6461 5704 6287 5851
8250 6800 2954 3458 1521
8251 5905 4410 5156 467
8252 7329 5730 6135 5444
8253 6071 1455 1106 2530
8254 7418 4432 6883 3074
8255 8225 5854 7953 6564
8256 7675 2396 7533 7199
8257 6274 2886 5838 5036
8258 7979 784 7658 783
8259 8241 5687 6645 6133
8260 7884 3270 1437 1937
8261 7242 7016 7179 5966
8262 6719 988 2298 987
8263 8218 6111 6863 6041
8264 8048 5759 7197 7178
8265 6266 4465 399 5232
8266 8023 6493 7707 7108
8267 7412 2360 3399 1137
8268 7844 6024 7364 3828
8269 7536 1964 1645 3754
8270 8231 4414 3478 3476
8271 7730 5565 7207 5594
8272 7379 1058 2183 2182
8273 7552 6361 6707 6254
8274 7665 5888 5991 5630
8275 8169 769 4483 770
8276 7466 3557 6179 5959
8277 7053 3139 1569 1929
8278 6923 6109 6456 6029
8279 7340 4002 7244 6855
8280 6850 6056 6740 6570
8281 6930 6235 6364 3999
8282 7981 368 5866 4779
8283 7755 1597 7102 1947
8284 8020 5055 7618 5040
8285 7527 2604 6974 4320
8286 8414 3534 8342 1479
8287 7558 326 7330 4445
8288 8022 5506 7428 6717
8289 7512 6231 6287 5704
8290 7316 5395 3989 3990
8291 7388 3726 5810 3727
8292 7413 5068 149 4443
8293 7396 6109 6693 5958
8294 7760 1361 6579 3093
8295 6135 5434 6065 2033
8296 6011 1119 5956 1125
8297 7647 5711 6351 5499
8298 7419 311 3391 3390
8299 7374 3263 1289 2907
8300 6157 2540 3283 1112
8301 7397 6086 7024 3864
8302 7652 6474 6700 5650
8303 7460 6434 7106 6667
8304 7047 534 4299 535
8305 6437 1828 6132 1140
8306 6044 2899 1284 1278
8307 7671 6070 6761 1840
8308 6381 5012 5457 4594
8309 8203 3550 3551 2737
8310 7982 5843 7037 5683
8311 6271 2653 4511 2638
8312 4063 5331 896 5435
8313 8156 6410 6415 5736
8314 8161 6840 7198 4706
8315 7199 5723 6622 6192
8316 5127 5312 4017 903
8317 7873 6217 7705 4010
8318 7920 5569 6799 6768
8319 6019 4961 4238 777
8320 8283 1102 7635 1451
8321 8346 7557 7641 5506
8322 8101 2639 3430 1050
8323 7416 3327 6227 1373
8324 6638 5072 6237 491
8325 7971 843 7364 3905
8326 8380 8091 8344 8230
8327 6214 5076 2789 3303
8328 6714 2646 1167 3539
8329 7215 2314 6061 5028
8330 5905 4410 467 468
8331 8112 7003 7657 5545
8332 8283 5608 7635 5830
8333 7408 6493 7176 6823
8334 7977 6874 7947 3301
8335 6991 5729 6602 6159
8336 7337 1963 6700 1642
8337 8144 6862 6952 5432
8338 7351 5896 6999 5821
8339 8212 4711 7191 2671
8340 8073 5249 8070 5458
8341 8383 5697 8191 7608
8342 7200 5845 5935 5688
8343 6114 806 805 5046
8344 7251 2675 2251 1183
8345 7231 2926 6981 3024
8346 7217 6380 6838 5712
8347 8076 3679 7042 1570
8348 6715 5485 6093 5794
8349 7564 6299 6498 5697
8350 7180 5980 6838 6380
8351 7027 1253 5928 1259
8352 6715 3818 1709 3822
8353 7662 2650 4876 5079
8354 7415 2782 6279 1234
8355 7698 2871 1260 1271
8356 8127 5763 6991 978
8357 5569 2496 4637 2277
8358 7010 6364 6844 6578
8359 7337 3715 6474 3744
8360 7559 5907 6403 924
8361 7422 4790 7355 2325
8362 4043 904 5225 2011
8363 6670 5708 6617 2827
8364 6933 4009 3995 1742
8365 8386 8095 8187 7088
8366 6021 4898 5782 5748
8367 7048 3860 1735 1733
8368 6383 4069 938 937
8369 7140 4917 2338 4241
8370 6088 1397 3560 1561
8371 7828 6224 7541 6012
8372 6255 2528 4670 229
8373 6573 3244 1425 3229
8374 6764 413 414 2262
8375 7218 5512 6896 5687
8376 6464 1484 6100 1485
8377 6923 6029 6456 6184
8378 6904 5661 6520 4612
8379 6808 5670 6791 5603
8380 6304 949 957 2047
8381 7475 6674 7423 7106
8382 6100 1485 1484 3545
8383 8017 6207 7664 6988
8384 7824 6145 6205 57
8385 6728 4815 5828 4633
8386 6334 558 5973 557
8387 7342 1909 6060 3323
8388 7998 5505 5631 5606
8389 7941 6875 7842 7054
8390 7549 2991 6795 6137
8391 7459 3222 6218 2979
8392 7803 3822 5287 3818
8393 8032 5809 7869 7248
8394 6787 6669 6709 5561
8395 5636 1302 2928 1296
8396 8124 5524 6533 6515
8397 8371 1633 3697 3742
8398 7457 5822 6431 6421
8399 8302 7066 7761 6280
8400 5913 5081 5845 4654
8401 8205 3683 1429 3256
8402 8031 4303 166 2724
8403 6964 2520 1100 2514
8404 7370 6163 7104 5639
8405 7449 6118 7369 6828
8406 7925 77 76 4955
8407 8130 6437 7956 6867
8408 6194 2468 6166 1077
8409 7617 3805 3776 1594
8410 7792 5778 6835 5601
8411 8010 6208 6994 5637
8412 7282 5981 6701 6429
8413 7460 6434 6667 6554
8414 7372 6260 7109 5544
8415 8184 4631 6345 3743
8416 7628 1005 2121 2127
8417 6848 4091 4076 934
8418 6033 5138 506 505
8419 6401 5060 380 4713
8420 7764 5025 6811 3574
8421 7118 5563 6762 5736
8422 6084 2164 5727 4173
8423 7786 7021 7721 6627
8424 6895 5986 6032 5586
8425 7615 5709 7177 5878
8426 7289 6257 6451 6428
8427 7023 2746 5782 670
8428 8379 7427 8215 5889
8429 6776 1182 1844 2665
8430 7825 1507 6469 1506
8431 7416 6805 7012 6290
8432 7223 5502 5909 5538
8433 6495 5520 6158 5640
8434 7869 3181 7248 3552
8435 7908 1859 1224 2759
8436 6708 1337 6172 5656
8437 6665 5685 5852 5525
8438 7966 299 6909 4636
8439 7027 2840 2859 1259
8440 7733 6003 6989 6794
8441 8380 8091 8230 6919
8442 6795 1529 6182 6137
8443 7933 3025 6434 3038
8444 7279 2120 2149 4145
8445 5961 4514 1995 3515
8446 8005 4821 6536 4816
8447 7560 5701 7302 6552
8448 6080 82 4993 4657
8449 7930 1508 6388 1874
8450 7570 4350 5790 241
8451 6418 2748 4925 2333
8452 8284 7427 7678 7592
8453 7659 6849 6861 5560
8454 7584 6182 6795 2973
8455 7898 1028 6199 2151
8456 8305 3259 7098 3264
8457 7894 7020 7542 105
8458 6964 2519 1100 1449
8459 7157 5295 2029 2063
8460 7699 7207 7440 5565
8461 6204 1640 3713 3760
8462 6157 4419 6033 5965
8463 6693 2799 4737 4740
8464 8099 1615 1953 2268
8465 7403 929 4022 944
8466 6151 4596 4831 3049
8467 6203 4562 6185 108
8468 6004 4239 5916 2319
8469 8112 5545 7249 7003
8470 6638 3319 3266 492
8471 5725 2108 971 992
8472 7510 2338 1969 1687
8473 8134 7113 7165 7148
8474 8178 7408 7429 6823
8475 8123 3604 2977 1526
8476 7352 507 5237 508
8477 7784 4675 410 3157
8478 6850 6228 6341 5610
8479 8175 7167 7752 5514
8480 7418 1353 7087 3075
8481 7239 5923 6188 5640
8482 6471 1428 5835 1574
8483 6593 5677 6014 4480
8484 5763 2098 977 978
8485 6638 491 492 5072
8486 8294 6282 7998 5606
8487 7954 7076 7918 5469
8488 7377 1283 6621 1285
8489 6991 2282 6140 296
8490 8207 2382 7366 1831
8491 7337 1963 3718 3715
8492 7992 3754 7536 6881
8493 7271 6048 7030 6258
8494 7993 5516 6135 5884
8495 8364 6948 8300 7581
8496 7978 3817 7282 838
8497 7245 118 5096 3224
8498 6745 2409 4945 4651
8499 6875 5602 6758 5960
8500 7477 867 6289 4296
8501 6780 3026 6546 1334
8502 7768 4957 58 57
8503 6894 1681 3945 3935
8504 7844 846 6554 6117
8505 7591 5517 6134 3618
8506 7638 6455 6912 6082
8507 6315 5986 6170 5837
8508 8050 7423 7863 6405
8509 8190 4515 7304 7026
8510 6726 5561 6369 5614
8511 6001 4138 4137 2125
8512 8253 6265 8125 7934
8513 7280 74 4702 3161
8514 8120 493 4683 2523
8515 8295 2421 4929 2398
8516 8306 6324 6790 6030
8517 8093 6920 8081 6560
8518 6970 6333 6426 4191
8519 6909 5729 6140 5614
8520 6052 4964 89 3255
8521 5691 2614 2719 4751
8522 6484 1741 6133 1768
8523 6562 2805 2799 4740
8524 5625 220 4480 219
8525 7259 5704 6461 6336
8526 6071 2535 1815 3494
8527 8164 5514 6454 5988
8528 6933 1742 3995 1769
8529 7188 1407 7089 6222
8530 8052 2670 7191 3542
8531 8133 5990 6161 6055
8532 6390 549 548 4682
8533 8134 6771 7170 5775
8534 6799 2550 6011 2560
8535 6005 3881 5317 5319
8536 7814 2124 6001 1006
8537 7995 7505 7754 5529
8538 7180 6925 7123 5482
8539 6296 4779 6294 5866
8540 5826 2359 4216 3395
8541 7637 4390 2427 2768
8542 7895 6716 7435 5758
8543 8121 4435 6817 138
8544 7511 5543 6928 5533
8545 5937 5584 5900 5548
8546 7413 5068 6846 149
8547 8134 6771 7450 5982
8548 6466 420 5970 5828
8549 7777 1234 2794 1862
8550 6148 4889 5738 603
8551 6031 2667 4719 4994
8552 6509 3971 5380 362
8553 5919 3451 1938 2198
8554 8386 7088 8187 5785
8555 7652 5650 6700 5966
8556 7231 1299 6958 6384
8557 7253 1366 3104 3638
8558 6996 270 269 3497
8559 8077 2910 6296 4786
8560 7977 1854 1203 2720
8561 5309 892 5302 4041
8562 6064 1303 2942 1301
8563 4053 899 5324 4090
8564 8011 409 6482 4608
8565 6282 1755 4005 1987
8566 6587 3654 2995 4539
8567 7167 5514 6738 5853
8568 7011 2482 4668 2496
8569 6417 3493 1456 1458
8570 7925 6470 7280 6695
8571 7930 3583 6739 5993
8572 6025 5314 746 745
8573 7784 4538 3657 3155
8574 7819 6928 7135 6126
8575 6917 6055 6206 6161
8576 5658 2453 291 4478
8577 6548 5639 6341 5842
8578 7333 607 6549 6301
8579 7952 6607 7709 7308
8580 6005 3881 1595 3778
8581 5587 5258 390 389
8582 5763 977 2286 978
8583 6989 6605 6794 6003
8584 7800 1847 5908 2694
8585 7808 6379 7500 6381
8586 7234 5930 7182 6693
8587 7489 6183 7407 5876
8588 6848 4081 5877 941
8589 7787 7299 7583 7407
8590 7521 597 3403 5464
8591 7802 1250 1869 2824
8592 7475 7106 7423 6405
8593 7153 2778 5651 3570
8594 6853 6173 6531 6262
8595 7668 6292 6796 6522
8596 6955 5584 6291 823
8597 8054 7299 7787 7314
8598 7782 5389 7484 5780
8599 7727 6149 6831 1562
8600 7469 5677 5784 2465
8601 7258 6720 7246 5584
8602 7944 6256 6720 6291
8603 7355 6140 6909 297
8604 6869 5560 5957 5571
8605 8382 3981 7033 1984
8606 7237 2909 7210 1297
8607 6397 3604 6395 2977
8608 7549 1322 6291 2994
8609 7636 3129 7196 4508
8610 6521 1229 2784 2710
8611 7356 7343 7353 7068
8612 7160 3105 860 3108
8613 7481 4115 6568 4109
8614 6181 2041 920 2064
8615 6545 4365 2838 3309
8616 6775 1501 2786 3572
8617 5942 3575 2801 1865
8618 7922 6308 7874 6507
8619 7364 3905 3826 3825
8620 7228 682 681 3564
8621 7437 489 2506 2513
8622 7777 6279 6412 3577
8623 6119 5713 6087 5811
8624 7965 6219 6730 6673
8625 6709 5496 6277 5521
8626 6739 1265 6104 1274
8627 5517 1536 3617 3618
8628 5973 2133 2131 4140
8629 6310 351 350 5390
8630 6047 4818 775 5015
8631 7601 2546 1820 2316
8632 6841 4872 817 3084
8633 7496 5065 267 266
8634 7002 480 6584 4756
8635 7566 6313 7241 3845
8636 7773 6032 6600 2541
8637 8049 6503 7896 6123
8638 7982 7663 7696 6943
8639 6264 5078 3027 387
8640 7481 981 2110 2101
8641 6784 789 788 4388
8642 7577 176 4201 2831
8643 7973 6685 7393 5651
8644 6515 1370 3118 3644
8645 6050 2682 2689 40
8646 7742 1961 6993 1637
8647 6505 2704 5672 2714
8648 7577 1232 1501 2831
8649 6058 5241 3208 4528
8650 6534 1634 1669 3701
8651 7892 4266 6016 5253
8652 8116 6616 7924 969
8653 8254 6733 7828 7358
8654 6323 1751 1750 2405
8655 6900 422 6466 3058
8656 7104 1273 2937 1276
8657 6726 4866 2294 2296
8658 6567 1841 6271 1165
8659 7793 6418 6697 4925
8660 7555 5930 7396 5746
8661 8078 2167 7074 1040
8662 6832 5833 6037 5607
8663 6673 1843 1180 2671
8664 7312 4075 5670 936
8665 7923 5484 7139 6113
8666 6057 4155 576 4134
8667 7241 4811 5975 5292
8668 8398 5824 8228 7395
8669 6684 1158 6585 6543
8670 7940 7299 7583 5572
8671 7463 3425 5658 5511
8672 6045 701 5681 5077
8673 6718 2628 1214 1209
8674 7624 6793 6870 5580
8675 6801 4774 2935 810
8676 6821 5990 6691 6169
8677 6951 5789 6148 1652
8678 7080 1401 1403 3200
8679 7202 4428 5963 3567
8680 7509 1895 3603 1525
8681 7143 262 6995 6537
8682 7103 5139 4586 687
8683 5919 4380 5834 3267
8684 7072 5751 6059 5923
8685 7560 5993 6739 5701
8686 7457 6421 6431 5582
8687 6602 6034 6358 5549
8688 7470 7183 7417 5576
8689 6401 5045 6213 380
8690 6880 4672 4947 742
8691 6845 54 55 4892
8692 8312 1803 7790 2180
8693 7908 2759 2775 4309
8694 6544 2134 2150 4147
8695 7242 5537 6908 6885
8696 6249 3052 5726 1281
8697 8142 6828 7627 6866
8698 6758 5270 6149 3546
8699 7830 6514 6734 6616
8700 8032 3181 7869 5030
8701 6516 2745 1212 2729
8702 5891 3237 1418 1421
8703 7593 7339 7409 6396
8704 6673 2671 1180 2664
8705 6418 2452 2327 1005
8706 6901 5948 6477 6264
8707 6042 4421 3346 3272
8708 7290 5504 6684 6404
8709 7435 6336 6457 6187
8710 6114 4738 4525 804
8711 7416 3653 3652 5176
8712 8030 6391 6403 5907
8713 6864 1524 2967 3072
8714 7926 6091 7312 2025
8715 6074 4469 5146 2437
8716 5691 4751 2719 658
8717 7668 6786 7465 6292
8718 6108 5577 6046 6040
8719 8123 1896 7650 6824
8720 8030 924 6403 928
8721 7903 1657 3883 3895
8722 7446 274 6032 4903
8723 7348 3010 6482 4543
8724 6872 5970 6466 422
8725 6083 2256 5818 1951
8726 7820 5570 7733 7694
8727 7515 3602 6524 5673
8728 6965 5641 5749 5654
8729 8140 7144 8060 6779
8730 7278 6485 6773 5583
8731 6093 3816 3820 5294
8732 5879 500 501 3496
8733 6609 5042 3597 2906
8734 8271 6724 6892 6244
8735 7063 2768 1046 1800
8736 5750 1354 3077 3156
8737 7528 5622 6929 6576
8738 8197 6200 6756 5657
8739 8065 394 5878 4342
8740 6956 6325 6910 5869
8741 6505 1850 2704 1194
8742 6272 5449 5591 2073
8743 8117 1290 5600 3088
8744 6608 2605 5887 5634
8745 8231 6352 8037 6106
8746 7514 3188 6831 3196
8747 7108 5575 6528 6479
8748 7268 1635 3748 1959
8749 6630 5370 3932 3962
8750 5820 3732 1670 1636
8751 7529 5547 6450 4249
8752 7056 3982 1759 3989
8753 7816 5565 7699 7440
8754 7072 4243 4918 2353
8755 6696 4996 5829 708
8756 7100 1110 2536 1814
8757 6618 4990 5044 417
8758 6043 5494 5616 5534
8759 7165 5854 7112 6835
8760 7685 6372 6944 5489
8761 6378 1318 3069 3318
8762 7246 5584 6720 6256
8763 6437 4551 5706 518
8764 7529 7401 7505 5529
8765 6112 5921 6077 5515
8766 6332 5698 6123 6067
8767 7720 6119 7443 5941
8768 7247 3336 1571 3335
8769 7645 6055 7175 5575
8770 5673 3602 4563 3202
8771 7484 334 335 4759
8772 7278 5834 5919 5817
8773 8055 6219 7135 5806
8774 8276 3148 7950 3142
8775 7280 72 4658 73
8776 6272 4626 3659 3150
8777 7091 3172 4630 3474
8778 8131 6513 8061 6337
8779 7793 2203 6688 4602
8780 7721 7126 7408 5871
8781 8118 688 4586 5230
8782 7410 1513 7360 1877
8783 7958 7328 7672 7045
8784 8162 6370 7213 7071
8785 6200 3072 2967 5472
8786 7705 1766 3992 1765
8787 8312 2180 2194 1066
8788 6662 5717 6277 5623
8789 7607 5462 6023 5198
8790 8243 6064 6981 6781
8791 7439 7105 7278 6773
8792 8063 6171 6606 5967
8793 7100 1454 7064 3491
8794 7880 4043 6972 1998
8795 7909 1075 6931 1444
8796 6969 2175 6416 673
8797 7442 5676 6877 6375
8798 6597 2661 4285 3567
8799 8250 6314 6490 6257
8800 7776 3145 3625 1541
8801 6927 1855 6233 2746
8802 6632 2716 1201 1198
8803 7907 245 5174 3407
8804 7201 1441 1576 3277
8805 7565 2235 6023 612
8806 6657 5516 6130 5555
8807 8161 3143 3151 4706
8808 7089 5905 6285 5815
8809 7756 6424 7578 1351
8810 7746 3166 3632 5131
8811 7602 6121 7524 5953
8812 7242 5509 7085 5537
8813 5881 706 4685 4958
8814 7648 948 5857 953
8815 6958 6319 6384 6114
8816 8311 6452 7830 6616
8817 7977 3301 2720 4401
8818 6512 626 4520 625
8819 8048 7178 7197 5500
8820 7005 2085 2084 4100
8821 6199 4140 5973 558
8822 8001 2842 7698 7585
8823 7250 1212 6516 6503
8824 8336 6743 8131 1386
8825 7462 1020 7333 1794
8826 6384 6114 6322 3021
8827 6944 5556 6378 5714
8828 7069 5900 6076 5945
8829 7251 2587 2692 1846
8830 5702 693 4587 2721
8831 7996 6742 7836 3002
8832 7253 1548 6942 1366
8833 6393 6085 6220 5699
8834 6529 4940 815 816
8835 6789 4084 912 5442
8836 6707 1470 5506 1144
8837 8173 3848 4020 5304
8838 7958 6350 7159 5849
8839 7237 3005 5840 2929
8840 5557 2841 4801 151
8841 5029 2288 6422 304
8842 7082 98 6463 5213
8843 7254 6509 6746 6003
8844 8297 7304 7746 6007
8845 8207 6051 7366 2382
8846 6076 1355 1362 3078
8847 7798 5682 7099 6565
8848 7405 474 6359 5470
8849 7735 2542 1824 1466
8850 7878 5001 6841 5914
8851 7063 2427 1047 1046
8852 6085 873 4504 837
8853 6989 6003 6746 6605
8854 6955 5750 5937 5584
8855 6441 2738 129 130
8856 7409 642 4385 641
8857 7503 6680 7158 5641
8858 7932 875 1994 874
8859 7903 1599 6494 1658
8860 6399 2293 4912 5006
8861 7241 3842 6313 3841
8862 8001 7585 7698 5993
8863 7523 6075 6508 2364
8864 7376 5289 4012 890
8865 7988 7341 7586 5480
8866 5658 4469 5511 3425
8867 7973 5921 7616 7169
8868 6295 3360 6016 5999
8869 6774 4461 4207 685
8870 6911 5201 6806 537
8871 6038 3479 5730 1446
8872 8101 6699 8100 2435
8873 5995 3404 1147 1472
8874 7971 3905 7364 842
8875 8098 5374 352 351
8876 7704 1606 5695 1949
8877 6850 5662 6689 6570
8878 6815 6072 6711 5936
8879 6555 4317 3613 3028
8880 7520 2891 4339 63
8881 6266 398 399 4465
8882 7677 6212 7596 5931
8883 6696 5829 6637 5683
8884 7494 3593 6732 1287
8885 5961 5427 1995 4514
8886 7827 6730 7562 7061
8887 7765 6311 6799 6768
8888 7201 3435 1576 3346
8889 8297 5541 7441 6007
8890 6330 156 4800 155
8891 6363 1933 3623 1435
8892 7258 822 5584 4725
8893 6657 4192 2309 2516
8894 6999 3628 4700 4942
8895 7486 398 6266 4465
8896 6492 5696 5864 5737
8897 6658 3046 6546 6518
8898 6266 5232 6144 4465
8899 6499 5367 3812 763
8900 5564 1387 3170 1389
8901 7929 6377 7483 5542
8902 7650 5714 6824 6378
8903 7419 4248 310 311
8904 6444 3462 6156 5000
8905 6875 5960 6758 463
8906 7013 1136 2375 1825
8907 6603 3852 3855 1729
8908 6544 4147 4149 2134
8909 8107 931 6736 4019
8910 8312 1056 1066 2445
8911 7846 6031 6050 5812
8912 7576 3551 6750 4726
8913 7779 219 218 5419
8914 6983 4667 51 5076
8915 8311 6734 7830 1168
8916 7739 1134 2346 1470
8917 8263 4983 7886 2582
8918 6460 4767 5895 3317
8919 6017 1429 1572 3338
8920 7126 5871 6193 5891
8921 6279 4524 5433 4956
8922 6289 5316 5762 3862
8923 7459 2979 6218 83
8924 6733 5669 6176 5611
8925 6906 6422 6726 2288
8926 7337 4388 5650 3718
8927 7053 3139 3241 4758
8928 7261 3314 6407 6385
8929 8161 7349 7950 5836
8930 7034 5586 6895 6240
8931 7226 2921 6836 5800
8932 5845 3745 1637 3740
8933 7357 5549 6912 6610
8934 6373 2508 4378 3281
8935 7447 6457 6636 6276
8936 7162 2548 6498 1459
8937 6355 5580 6304 2026
8938 7765 5760 7119 6011
8939 6083 3890 5766 1950
8940 6684 1475 2609 3530
8941 7822 1754 7244 1753
8942 6752 4004 5401 3983
8943 8239 5498 7414 6797
8944 6570 5924 6223 5624
8945 7948 2560 6799 6011
8946 8296 3658 7784 4928
8947 7340 1986 3984 1752
8948 7924 2056 2075 922
8949 7069 3637 6076 1547
8950 7948 513 2560 512
8951 6630 3939 5375 3962
8952 6808 5603 6791 5581
8953 7935 1400 3199 3666
8954 6039 4153 2130 2152
8955 8226 5048 6492 5042
8956 6428 5990 6334 5973
8957 7263 5346 7014 3772
8958 7376 890 4045 889
8959 7584 4343 6795 6026
8960 7905 5641 7527 6974
8961 5776 5358 3794 3885
8962 6846 5068 6540 148
8963 7485 2641 2642 1482
8964 6736 933 5747 5187
8965 5838 1279 2901 2886
8966 7890 4037 7084 5907
8967 7871 7147 7223 6664
8968 5916 2315 1122 1460
8969 8191 6997 7608 6498
8970 7082 3503 3511 1464
8971 7747 6276 7379 6716
8972 6482 5636 5840 5783
8973 6202 182 4830 4559
8974 7977 7166 7598 6874
8975 6197 2230 6101 3364
8976 7545 5493 7398 6096
8977 7523 5162 2364 3397
8978 7988 5534 7787 6878
8979 6322 2947 4789 803
8980 8305 5835 7098 3259
8981 7100 5859 7064 5950
8982 5749 1149 2603 2604
8983 7691 6921 7460 6434
8984 6313 1725 1724 3845
8985 8115 3590 8058 2884
8986 6468 3766 1580 3875
8987 8254 6224 7448 7297
8988 7268 1635 3705 3706
8989 7731 4528 6526 5465
8990 7554 6188 7263 5628
8991 7076 509 5469 4599
8992 7361 1359 7069 1547
8993 5872 2154 1020 1794
8994 8382 3991 5411 5417
8995 8055 3541 7135 2501
8996 7497 6572 6816 5793
8997 8231 6929 6931 6576
8998 7670 6771 7040 5982
8999 7268 3703 3749 4967
9000 6930 1775 2438 3424
9001 8271 7812 7813 5918
9002 7768 4957 6205 3183
9003 7272 317 6842 4234
9004 6610 2487 6252 2490
9005 7107 2751 2755 1215
9006 6625 2575 2703 4869
9007 7726 1160 1076 2627
9008 8055 7191 8052 6219
9009 7867 5139 4207 2776
9010 8088 5510 7230 6335
9011 7724 1504 5928 1253
9012 7197 5703 6197 6005
9013 7890 2012 3648 20
9014 6192 212 4396 4418
9015 8112 6759 7770 5858
9016 8243 2935 7226 6801
9017 7647 6351 7526 5488
9018 6788 1835 3414 2588
9019 7522 3106 6955 3156
9020 7672 1154 2381 2399
9021 7857 2445 7843 6699
9022 6487 3852 3851 5204
9023 7260 3413 1473 1135
9024 7857 1056 2445 2435
9025 8079 6435 7030 5696
9026 7641 6994 7233 6595
9027 7828 5785 6224 6012
9028 7000 715 4247 2441
9029 7324 6609 7025 5737
9030 8397 6247 7310 5530
9031 5677 2488 1807 1083
9032 7613 5320 6899 5350
9033 7523 1700 2362 3397
9034 7276 5490 6915 6866
9035 7277 6521 7046 5238
9036 7969 2557 4748 2564
9037 7119 4806 7076 4552
9038 7064 2522 6479 6141
9039 6884 4086 6766 5953
9040 7034 5731 6926 6240
9041 8109 6008 6230 6018
9042 7415 1228 1215 2781
9043 6221 3407 4368 245
9044 8052 1175 1179 2670
9045 7839 4431 6476 69
9046 7396 5958 6923 6109
9047 7500 5515 7294 6381
9048 7365 1588 1943 2214
9049 6911 2505 5715 4302
9050 7530 6079 6755 6568
9051 7801 5826 7192 6508
9052 8098 351 6310 5390
9053 7597 2402 7265 4648
9054 7245 5673 6524 3602
9055 6203 1170 6184 1153
9056 8177 5742 6171 4583
9057 7903 6269 7565 2308
9058 7886 4983 4350 2583
9059 7866 815 6529 4313
9060 6745 2409 2404 4945
9061 6546 1905 3037 1340
9062 7278 5583 5919 5834
9063 7685 6372 7497 6944
9064 7697 3614 2984 4323
9065 7372 5686 6196 5886
9066 7210 2913 1291 1293
9067 7280 4498 73 2654
9068 7301 4096 6848 941
9069 6263 2561 6167 2642
9070 6093 5266 2005 2034
9071 5881 705 4977 704
9072 7049 737 7019 5592
9073 7282 839 6429 838
9074 6848 4082 2020 4072
9075 6266 400 399 5236
9076 6520 2289 6206 5097
9077 8304 6353 7776 3154
9078 7584 793 5833 5205
9079 7262 5347 638 5360
9080 6090 4714 2751 2690
9081 7282 6405 6429 840
9082 7482 5652 6701 5485
9083 6864 1524 3600 2969
9084 7897 3813 3832 1715
9085 7283 2752 5816 2768
9086 7422 296 5023 4790
9087 7537 425 7344 3626
9088 5935 781 3740 5105
9089 7811 341 7767 4322
9090 7347 5568 6714 5996
9091 7607 2449 6748 3356
9092 6590 2451 1009 1010
9093 7027 1259 1267 2870
9094 7425 7068 7351 5945
9095 7898 2150 6544 1027
9096 6675 293 4488 4532
9097 7012 4206 3656 3327
9098 7022 5921 6018 5998
9099 8239 6797 7414 6159
9100 7838 4028 4019 2002
9101 6905 5483 6090 5831
9102 5890 4041 2002 2010
9103 8323 3922 5171 4090
9104 7284 6372 7060 6572
9105 7069 3087 6500 3637
9106 5935 5013 5688 5050
9107 7761 5539 7147 5558
9108 6496 4752 6492 4877
9109 6632 1198 1201 2712
9110 6371 1811 2293 3280
9111 7881 1654 7617 1594
9112 7910 4409 6649 6259
9113 8000 2245 1602 2242
9114 7832 6245 7329 5961
9115 6970 5951 6426 6333
9116 6988 5536 6891 6349
9117 7667 7314 7649 7299
9118 6638 3338 6017 3319
9119 6460 3223 4730 3227
9120 6157 5136 3504 3283
9121 7732 6709 6755 6079
9122 5940 5302 5890 3798
9123 6157 5136 6033 4419
9124 6648 5562 6110 5685
9125 5826 319 2362 3396
9126 5774 370 4447 2941
9127 7777 2879 7454 6905
9128 7703 94 7551 6094
9129 7261 3316 1520 1515
9130 7947 5967 7598 2593
9131 6768 511 2495 4674
9132 7746 6007 6241 5841
9133 7462 6491 7394 6683
9134 8079 5515 7445 7142
9135 6181 5932 6000 5710
9136 6480 275 2114 2104
9137 6236 5712 5873 5803
9138 6974 6115 6680 5641
9139 6168 3527 4788 2568
9140 6424 389 5587 390
9141 7592 7456 7506 7219
9142 5899 5515 5807 5567
9143 8087 6494 7407 5894
9144 6604 3118 4363 4288
9145 6284 1779 995 2292
9146 6104 3312 2851 1274
9147 8203 6652 7576 6750
9148 6635 4827 3235 443
9149 7888 5422 5398 4009
9150 6157 5965 6033 5697
9151 7296 1767 2430 2390
9152 6996 270 6580 4117
9153 6206 4221 522 521
9154 6936 1266 2856 1262
9155 7221 1650 3770 1585
9156 7795 3288 4848 5090
9157 7206 5710 6628 3799
9158 7915 3635 1925 1568
9159 6860 3177 4405 2197
9160 7303 1923 1393 3286
9161 8107 920 7838 6181
9162 7352 474 4549 473
9163 7839 5129 5933 4431
9164 7471 6270 6884 5591
9165 7352 473 6359 474
9166 7911 7226 7273 6938
9167 7634 1120 6167 6069
9168 6529 3323 3063 4313
9169 7078 6249 6798 5726
9170 7486 6376 6890 5906
9171 6327 985 2081 997
9172 6989 6228 6713 6002
9173 7848 6671 7341 7073
9174 7374 2907 2902 1286
9175 7078 2878 6798 2891
9176 7482 3867 1736 1738
9177 7264 6023 7102 2233
9178 8323 4090 5324 899
9179 8114 6368 7713 5988
9180 7078 1281 6249 5726
9181 6825 1640 6204 3751
9182 6922 2295 6327 997
9183 8125 5657 8012 7246
9184 7438 4837 6583 36
9185 8329 6127 8069 7864
9186 8031 5737 7238 6496
9187 7196 3144 1918 3159
9188 7048 3927 7024 3860
9189 7985 6723 7910 6440
9190 6089 3889 1953 1615
9191 7373 5951 6878 6490
9192 7831 786 4792 4849
9193 7917 4264 89 4314
9194 7395 5518 6898 6891
9195 7814 2122 547 2123
9196 6965 2386 2597 4399
9197 7875 6326 6509 5663
9198 8253 2967 1313 1893
9199 7897 3813 1715 1977
9200 6467 5951 6394 5719
9201 7272 5756 6842 5826
9202 7294 6077 7122 6381
9203 6061 5028 2314 2547
9204 7378 4452 6075 322
9205 5649 5164 5619 5611
9206 5670 939 4078 951
9207 6707 102 6254 103
9208 6635 4824 5952 3236
9209 7920 5579 7021 6768
9210 7943 7226 7273 7155
9211 7294 124 4976 4330
9212 6354 6032 6248 4969
9213 6980 1400 3667 3197
9214 7442 623 6877 5337
9215 7777 3577 6412 6407
9216 6569 2240 2241 4826
9217 7805 6844 7007 6807
9218 7601 6354 7215 6240
9219 7222 554 6691 4542
9220 8031 2724 6063 2742
9221 7115 2855 4906 4796
9222 8184 773 772 4631
9223 7100 2536 6443 2529
9224 6789 5442 912 5446
9225 6291 6137 6256 5588
9226 7089 1564 6222 3668
9227 6276 1804 1065 3431
9228 7978 1710 7499 1708
9229 7714 6903 7489 7197
9230 8218 7770 8112 5545
9231 7296 1766 6575 2430
9232 7889 5151 4199 176
9233 7077 4284 6442 2674
9234 7907 5174 247 3526
9235 5900 5584 5750 4642
9236 6536 330 6111 3943
9237 6559 646 5315 3891
9238 7153 1230 1226 3571
9239 7103 2195 6636 4184
9240 7444 3197 7404 3669
9241 7734 4990 6618 3173
9242 7614 2114 6267 998
9243 7472 4492 5944 696
9244 6508 1701 2364 1702
9245 7270 5998 6735 6446
9246 6696 5735 5843 5683
9247 8327 3390 8211 3391
9248 7900 7370 7791 2850
9249 6644 5420 3979 4008
9250 6045 699 5010 700
9251 7449 5490 7155 6427
9252 7947 1490 1854 3301
9253 7296 5847 6484 6133
9254 6551 4717 107 2629
9255 6355 4060 5580 2026
9256 6218 82 4923 81
9257 6554 4574 6353 4894
9258 7628 6054 6590 2127
9259 8156 3325 3250 4267
9260 6683 5951 6333 5985
9261 6290 835 834 5134
9262 7896 2584 4846 4657
9263 6628 1978 1719 3799
9264 7922 5668 7874 6543
9265 8366 2696 8245 6243
9266 6852 6187 6457 6336
9267 6290 5134 4319 3008
9268 7412 5990 6642 6132
9269 6590 2126 6439 2128
9270 6205 1558 6098 1395
9271 8051 3471 7975 6722
9272 6463 98 4345 5215
9273 7149 627 7120 5342
9274 7479 6387 6977 5801
9275 7782 4557 336 337
9276 6561 5657 5800 5692
9277 7971 4832 842 5256
9278 6430 172 5170 4298
9279 8276 440 7349 3148
9280 7785 3340 5835 3252
9281 7651 2920 4591 2915
9282 8146 5642 6110 5659
9283 7020 105 3531 2574
9284 7298 2890 6751 356
9285 7933 6151 7600 5665
9286 6597 1496 2769 1222
9287 8384 7304 7746 6180
9288 7305 5513 6260 6190
9289 7096 1456 6417 6373
9290 6414 4134 6057 4128
9291 8094 3613 3000 1534
9292 6679 6281 6464 5696
9293 6846 4456 4965 2621
9294 7786 3232 5891 3230
9295 7735 5933 6476 5832
9296 7843 6433 6699 2739
9297 7559 4018 924 2074
9298 7812 5973 6428 6334
9299 6599 5665 5814 5693
9300 7034 6240 6895 6248
9301 5972 4810 4751 657
9302 8154 6006 7881 5703
9303 7126 6193 6460 5891
9304 6793 6304 6355 5580
9305 7988 6878 7373 5534
9306 6344 4220 6016 5879
9307 7166 7120 7149 2735
9308 6182 2972 6120 4335
9309 5777 675 676 4178
9310 7875 6111 6326 5663
9311 6520 1449 6371 2289
9312 7784 411 4928 4538
9313 7371 6001 6769 5616
9314 7300 3219 7255 4695
9315 6981 5577 6781 5926
9316 6763 6007 6241 5596
9317 6082 2635 3296 1164
9318 7795 5043 6965 5918
9319 6601 5780 5910 5883
9320 6906 6284 6694 5561
9321 8018 2082 7488 2105
9322 6672 2230 6101 6005
9323 5919 3343 5744 1938
9324 6415 1424 5736 1929
9325 2145 4132 2155 6491
9326 6778 5894 6468 6275
9327 7727 5629 6149 1562
9328 6136 373 4813 4533
9329 7301 2069 961 4025
9330 6558 5278 3116 3645
9331 8374 1064 8150 1052
9332 8228 7065 7395 5734
9333 7932 6093 7403 4083
9334 7414 6139 7050 5493
9335 6825 6204 6474 5938
9336 7970 1305 6836 6561
9337 8153 2870 7027 1267
9338 7507 5509 6885 5810
9339 7742 5716 6204 3712
9340 7121 1940 6778 1578
9341 7415 1234 1228 2782
9342 6267 2106 988 987
9343 7120 627 5083 626
9344 7304 1866 2790 3109
9345 6544 2151 6199 560
9346 6618 5989 6138 5689
9347 6542 6052 6067 5698
9348 8080 6524 7459 1928
9349 6780 5991 6526 4556
9350 6647 5604 6423 5643
9351 6688 2202 6468 2201
9352 6261 1045 5887 2168
9353 7253 5645 6942 5649
9354 6966 2791 3304 1232
9355 7361 4394 5914 5900
9356 7852 4798 7585 4534
9357 7331 6384 6981 6116
9358 8066 7503 7611 5598
9359 7882 2245 692 4495
9360 7764 3578 5460 4698
9361 7302 3591 3312 1511
9362 6526 4784 4780 802
9363 6702 428 5649 5611
9364 6508 1701 3963 3970
9365 7186 1454 2313 3368
9366 7624 6501 7107 6050
9367 6355 4089 2026 910
9368 7303 3179 77 3180
9369 7554 6188 7239 5528
9370 6148 1652 2219 3361
9371 7304 2790 7026 3109
9372 6172 1306 5656 1321
9373 6597 6173 6365 5161
9374 6620 3243 6573 1569
9375 7217 6317 6523 6332
9376 7078 1510 1267 2860
9377 5662 1972 1695 3960
9378 8003 6664 7871 6527
9379 5511 2437 1785 993
9380 7903 2308 2236 1657
9381 6290 5134 3616 4424
9382 6289 5322 3857 865
9383 7561 5547 6896 5512
9384 5739 3113 5644 3116
9385 6282 224 5404 4005
9386 7864 7020 7145 6717
9387 6499 5513 6300 5682
9388 6499 5682 6300 5340
9389 7527 4933 3524 2598
9390 7013 3511 6361 2579
9391 8005 2815 1250 1246
9392 7013 5797 5929 5506
9393 7226 3117 813 812
9394 6260 5647 6190 5513
9395 8001 2869 1260 2841
9396 8237 3787 6431 5695
9397 7974 3834 1717 1718
9398 6754 1733 3923 3861
9399 6808 952 5445 947
9400 5650 3718 788 787
9401 6512 3769 3770 5329
9402 6601 3951 5883 5571
9403 7300 6634 7255 3219
9404 6466 5026 3191 3058
9405 6662 4980 3375 2290
9406 8245 2587 7251 1846
9407 6414 4154 2157 2147
9408 6643 3675 3209 81
9409 7454 6905 6936 6346
9410 7905 1147 5995 2597
9411 6407 1247 3577 2817
9412 6706 4745 4804 2837
9413 5777 676 2178 2177
9414 7329 970 4024 2003
9415 7792 5910 7392 6869
9416 7973 6048 7946 7616
9417 7012 4535 3656 835
9418 7234 5930 6775 6586
9419 7726 5784 7469 6741
9420 6811 5071 90 91
9421 5740 4718 116 115
9422 7693 5907 7382 6722
9423 7541 5840 7237 7210
9424 7055 5662 6740 1695
9425 6784 6015 6687 5578
9426 5834 4380 4266 3267
9427 6556 3811 1955 3897
9428 7186 2299 3368 4619
9429 7526 188 5711 4653
9430 5647 757 5537 5318
9431 5599 4222 4947 3732
9432 7243 6488 6957 6719
9433 7873 6297 7705 6217
9434 7310 7116 7171 6639
9435 6842 2357 3394 316
9436 6827 6249 6463 4345
9437 7100 1110 5950 1454
9438 8089 5618 6892 5962
9439 8184 4476 773 3743
9440 7337 1643 1642 3721
9441 7475 5655 7423 6674
9442 7516 49 2745 4297
9443 7420 2351 6740 1972
9444 5943 1852 1204 2725
9445 6550 157 6413 156
9446 8253 1309 7934 2961
9447 7806 2747 6927 3300
9448 7862 1462 7059 6194
9449 6369 5614 6201 5897
9450 6287 4880 713 2269
9451 6751 357 358 4344
9452 8024 4893 5660 605
9453 6441 2726 2738 130
9454 7238 2633 1487 1205
9455 6961 2548 3495 1117
9456 6408 5333 5672 619
9457 6690 918 6065 5434
9458 8368 6765 6785 5516
9459 6703 1436 3345 1575
9460 7880 2065 5127 4017
9461 6969 4172 4181 2189
9462 7006 6453 6733 6176
9463 5802 1965 2322 1678
9464 7312 6862 7125 5617
9465 7296 4255 6133 2390
9466 6693 4859 144 143
9467 7486 398 397 5147
9468 6731 3711 3760 4974
9469 8193 683 682 5207
9470 6641 5182 2722 3450
9471 7313 2721 2391 1036
9472 7668 7293 7377 6552
9473 7741 5967 7548 7023
9474 7315 6030 6349 5536
9475 7218 5503 6517 5724
9476 7272 5183 319 318
9477 6567 6031 6234 2667
9478 7255 3225 3226 4723
9479 6556 3897 5647 5366
9480 7933 3025 1333 3061
9481 7880 6754 7125 5617
9482 7315 5564 6143 3169
9483 8238 747 6829 748
9484 6934 4374 5431 5255
9485 6201 1684 3389 2334
9486 6981 6064 6801 1301
9487 6492 4877 164 163
9488 7885 6305 7313 6953
9489 6806 5593 6299 5715
9490 7700 5627 7531 6318
9491 6594 2713 5742 5691
9492 6010 4236 4899 600
9493 7540 3838 6628 5747
9494 6955 3077 5750 4642
9495 7732 6480 6895 6315
9496 7472 5856 6745 4945
9497 7570 3980 242 241
9498 6499 5340 6300 763
9499 7051 5858 6759 5771
9500 8086 5996 6714 5568
9501 7775 1801 7150 1061
9502 7453 5734 6898 6216
9503 6289 3862 867 5316
9504 7651 766 2918 4591
9505 6465 3573 2795 5221
9506 7263 5789 6704 3877
9507 6993 3711 5105 3709
9508 6026 4262 3752 3722
9509 6295 3360 2530 5263
9510 7306 5361 5350 750
9511 6688 4468 6043 585
9512 7263 5344 6072 632
9513 7502 5396 249 248
9514 7561 6517 7556 5486
9515 6544 560 6199 5808
9516 5649 1546 3085 3634
9517 7961 5944 6889 5634
9518 6564 1272 1509 3454
9519 7973 6048 7271 7266
9520 8001 2842 7852 5574
9521 6274 4949 196 5036
9522 7784 3155 3157 4538
9523 8088 5820 6335 5599
9524 7280 7009 7152 4658
9525 7720 4601 7443 591
9526 6706 5957 5982 5601
9527 7600 6546 6666 6427
9528 7922 2623 4256 4257
9529 6431 3787 3786 1605
9530 5681 3369 2255 5077
9531 8064 5070 6784 4792
9532 7072 4900 6059 4214
9533 6836 6561 6781 5800
9534 7431 5490 7331 7276
9535 6026 3722 1673 1644
9536 6225 2714 5672 2718
9537 6520 4221 6206 6055
9538 6004 3501 135 134
9539 6829 3794 6089 5776
9540 7318 2879 6905 5052
9541 7544 5570 6592 5906
9542 6519 5764 6296 6144
9543 7390 3793 1614 3893
9544 7255 5733 6634 5700
9545 6597 1496 2661 3567
9546 8144 6913 6952 6862
9547 7546 4917 4241 305
9548 8375 6012 6990 6587
9549 7676 5236 6266 4449
9550 7013 2341 2375 1136
9551 7013 2579 6707 1136
9552 8372 5829 6316 2422
9553 8093 2895 2894 1282
9554 7249 6713 7003 6746
9555 6587 4539 435 5222
9556 8048 6365 7036 6559
9557 6492 5737 6435 5696
9558 7595 5913 6047 5718
9559 6464 5908 6100 5753
9560 7845 5912 6944 5556
9561 7320 4156 6467 4136
9562 8005 2814 6613 1246
9563 7109 5647 6885 5595
9564 6041 2318 5802 1965
9565 7720 2210 4601 591
9566 7511 6109 6846 6540
9567 7374 3263 6322 1289
9568 8081 4450 2894 2895
9569 6665 665 6171 5852
9570 7322 5795 7315 5620
9571 6141 4683 3491 2523
9572 7540 966 2069 2001
9573 5945 5900 5937 5750
9574 7569 3347 5744 3343
9575 7325 1022 1033 2156
9576 7477 5638 7458 6227
9577 7767 4884 6849 5957
9578 6936 2845 2856 4328
9579 7902 4118 4117 2111
9580 6620 3228 1425 3243
9581 7298 2890 4344 3592
9582 7926 4080 7312 5670
9583 7306 749 5358 5361
9584 7008 5685 6665 5525
9585 7286 1499 1227 3569
9586 7335 1898 1317 2982
9587 8001 6525 7187 5993
9588 8040 4299 6571 5715
9589 6542 3682 4592 4964
9590 7860 5531 6888 5505
9591 6001 4138 2124 2123
9592 7247 1930 1423 3240
9593 7005 2116 4101 2084
9594 8051 3471 1345 1903
9595 7417 7086 7181 6547
9596 6149 3194 1881 3187
9597 6511 4213 5128 797
9598 7687 1749 7574 6752
9599 6551 3129 4717 3130
9600 8256 4755 6459 2802
9601 8043 979 2454 982
9602 6419 5085 6402 5024
9603 6605 6003 6509 6298
9604 6947 5909 5944 5538
9605 7305 1667 6260 1624
9606 7478 6813 7070 5590
9607 7125 950 5440 963
9608 6156 2976 5114 412
9609 7382 1880 2970 3596
9610 7129 6139 6787 5493
9611 6791 5762 6603 5553
9612 5810 758 5647 759
9613 7101 1474 1130 2349
9614 7327 3775 6951 1592
9615 6059 595 4918 4243
9616 5881 4958 5829 706
9617 4850 4054 2782 9
9618 7814 4146 6769 547
9619 7121 5894 6275 6105
9620 5670 4065 2018 4059
9621 6369 301 5053 302
9622 6275 4607 2200 2199
9623 7329 5730 7193 6245
9624 7261 3596 7257 3315
9625 6908 5595 6885 5537
9626 8137 4391 6441 6230
9627 7825 3307 4322 4884
9628 7615 5208 7368 393
9629 7675 2436 1774 1773
9630 7055 6228 6850 6310
9631 7955 5785 7480 6818
9632 7432 5693 7351 5821
9633 7035 5700 5895 5733
9634 6509 5378 6298 5392
9635 5743 4750 4222 3707
9636 7324 6436 7025 5796
9637 6149 3546 5270 3187
9638 6084 1042 5727 1036
9639 7875 5805 7130 6830
9640 6245 2015 5130 2014
9641 7744 2275 3376 1665
9642 6523 5825 6332 6317
9643 7710 5770 6623 5917
9644 7234 179 6693 4513
9645 7322 450 7315 5118
9646 6654 496 6295 5092
9647 6706 5957 6545 2839
9648 6991 5614 6140 5729
9649 7833 3989 7316 5978
9650 6991 6626 6675 6159
9651 8148 6590 7345 6054
9652 7443 4471 6158 3357
9653 6649 795 4409 4441
9654 7331 6040 6384 6114
9655 7496 268 6229 4114
9656 5944 4492 5887 4650
9657 7938 684 7858 3566
9658 7307 6358 7204 6034
9659 7853 6547 7181 6648
9660 7403 5485 6701 5652
9661 7375 5535 6184 6029
9662 6018 1078 1809 2474
9663 7934 3275 4351 2961
9664 7074 2167 5887 1040
9665 6990 403 4709 402
9666 6567 2667 6234 2665
9667 7167 5853 6738 5693
9668 6569 2242 1948 2240
9669 8111 6038 6657 3354
9670 6945 6226 6523 5482
9671 7326 1948 3888 1601
9672 7628 6418 6590 5494
9673 8076 3680 7322 4732
9674 6661 5524 6515 5553
9675 6632 2713 6594 5691
9676 8247 3221 6524 3305
9677 7931 3416 2629 142
9678 8165 4590 7918 544
9679 6535 6236 6463 6124
9680 7635 1451 3486 1812
9681 7850 6802 7187 5880
9682 5904 5440 4077 2039
9683 7771 6978 7346 5807
9684 8229 6806 6911 5593
9685 8165 3505 4590 544
9686 7062 5944 6640 4473
9687 8277 5214 2048 4301
9688 7688 2459 6166 2468
9689 5860 2262 414 3167
9690 7469 5677 6741 5784
9691 5845 5688 5692 4654
9692 6983 52 2793 2789
9693 7926 2044 4080 951
9694 7756 6900 7473 6449
9695 8122 3825 7364 1712
9696 7322 4677 7315 5795
9697 7331 6781 7275 6116
9698 6483 4993 6080 4553
9699 6442 6021 6246 4691
9700 7332 6034 7307 7204
9701 8089 6342 6544 5792
9702 6702 5167 427 428
9703 6883 4356 6303 173
9704 8101 6651 6699 6103
9705 8191 5965 7059 6157
9706 6930 6125 6364 6235
9707 8085 5335 6778 3873
9708 5774 4447 2928 2941
9709 5966 1643 3721 3753
9710 7739 140 5929 5140
9711 6831 1399 6088 3196
9712 7240 5735 6287 5851
9713 8107 4042 6736 931
9714 8132 4850 4564 4052
9715 6272 3186 3659 4626
9716 8096 3175 1392 1922
9717 5739 4290 3650 3113
9718 6546 6040 6526 6427
9719 6677 252 5424 253
9720 7354 6577 6971 6619
9721 7535 4403 2699 124
9722 7776 6938 7273 3625
9723 7889 5596 7418 6241
9724 6018 1095 2257 1809
9725 6956 4671 6910 3688
9726 7279 2149 4139 4145
9727 7821 1762 2424 2389
9728 6516 5770 5917 5831
9729 7326 3797 6569 1601
9730 7772 89 6052 4964
9731 7880 5440 7125 5904
9732 7964 7673 7960 7666
9733 6965 4399 4959 2386
9734 7948 4674 513 512
9735 7739 140 6465 5929
9736 8401 6684 8308 5844
9737 7001 6276 6433 1804
9738 7745 3685 1956 3730
9739 6558 5644 6515 3116
9740 6662 4678 307 4937
9741 7915 5953 6097 1433
9742 8205 3683 1572 1429
9743 6175 2576 3525 5231
9744 8109 6230 7616 6441
9745 7835 5144 579 578
9746 8124 1367 6826 1354
9747 7784 4675 6596 410
9748 7248 3181 1394 3552
9749 7336 6035 6573 4824
9750 7135 2684 6550 4744
9751 5826 319 3396 3395
9752 5902 1003 1006 2330
9753 7163 5623 7140 6096
9754 6678 2934 2902 4778
9755 7122 5012 3681 3254
9756 6074 323 2302 5146
9757 6087 2204 1941 2203
9758 6558 3645 1370 1551
9759 6827 5726 6535 6463
9760 8423 8365 8413 8139
9761 5784 2490 256 4857
9762 8247 3221 3305 4982
9763 7497 5912 6944 6372
9764 6670 1255 2826 1252
9765 7632 4074 6412 6383
9766 7515 5597 6783 5567
9767 6712 3483 4565 4972
9768 7821 6450 7529 5547
9769 7801 3970 6508 6251
9770 6887 584 6275 4609
9771 7678 6687 7592 7506
9772 7785 3340 6471 5835
9773 5972 657 4174 656
9774 6399 5006 4912 525
9775 6482 4543 408 407
9776 7211 5837 6480 6315
9777 5789 2217 1590 1944
9778 6064 2936 3020 1300
9779 6491 4155 2145 4132
9780 8118 6774 7867 5139
9781 7223 5882 7109 7099
9782 5647 5318 5366 757
9783 8040 6071 7780 5950
9784 5574 4584 186 187
9785 6693 144 6456 4740
9786 6215 4466 6153 615
9787 7327 3803 6951 3775
9788 7993 5730 6657 6038
9789 7166 6815 7120 6591
9790 8154 5690 7881 6053
9791 6621 2901 1285 2896
9792 6614 2500 2484 1087
9793 8230 7712 8091 4200
9794 7161 153 6330 154
9795 8117 5555 6705 5600
9796 7337 3721 6700 5966
9797 7207 6807 7081 6455
9798 6718 1209 1214 2740
9799 7339 6006 7262 6951
9800 7227 6521 6532 5786
9801 7340 1753 7244 4002
9802 7430 6166 6627 5579
9803 8135 6855 7340 7244
9804 7504 6171 6665 663
9805 6991 978 2286 2282
9806 8030 921 2067 914
9807 5914 3095 1355 3079
9808 6795 5277 2989 3609
9809 7324 1311 5796 1890
9810 7608 5697 6498 6299
9811 7880 5617 6952 6086
9812 7836 417 3014 4355
9813 5661 2457 1069 1097
9814 6529 3323 6060 3063
9815 7482 5652 6972 3924
9816 6609 5042 2906 5048
9817 7993 5933 6065 5832
9818 7341 5572 7299 6671
9819 7662 1157 1842 2650
9820 7342 6803 6999 5896
9821 7343 6667 6674 5559
9822 8297 6007 7746 5841
9823 6617 2827 5708 2825
9824 5706 516 4637 4668
9825 7964 6198 7673 7666
9826 7949 5718 6047 5913
9827 7952 7165 7680 6341
9828 6097 4269 62 3189
9829 6704 3877 5789 5348
9830 6961 5211 6806 4240
9831 6644 4010 5418 4008
9832 6733 6176 6198 5611
9833 6692 4899 5738 600
9834 7344 1542 1360 3051
9835 6697 4822 2327 2452
9836 6452 5475 3400 1829
9837 8247 3224 7245 3221
9838 7728 6029 6846 6109
9839 6004 4239 135 3501
9840 6854 1908 5994 3074
9841 7422 296 6140 5023
9842 7000 6103 6461 5704
9843 7665 5630 7012 6227
9844 6548 1273 5639 1276
9845 7151 5639 6548 5709
9846 7482 6913 6952 5652
9847 6021 4691 674 5117
9848 7042 6410 6510 5589
9849 7989 5746 6967 6582
9850 7445 5753 6100 5908
9851 8115 3590 6548 5639
9852 6975 2444 5216 724
9853 6212 229 228 5416
9854 7528 6576 6929 6106
9855 7990 5848 7391 6442
9856 8118 6068 7103 6366
9857 8076 7322 7980 4732
9858 6263 5720 6167 5760
9859 8185 6176 7006 5669
9860 7437 6924 7334 5705
9861 7880 5904 6754 3923
9862 7345 5934 6984 6039
9863 8024 6301 7881 2225
9864 7224 6401 7171 7116
9865 7745 3730 727 3685
9866 7991 4120 7488 2107
9867 6643 3203 4699 4697
9868 7346 5567 6524 5899
9869 7347 2626 6714 1159
9870 7538 6107 6847 6658
9871 5857 4091 934 5439
9872 7885 2184 2160 1038
9873 7348 405 7237 2929
9874 7482 6952 6972 5652
9875 7767 4884 5957 4322
9876 7648 5794 5857 5823
9877 7056 3988 3982 5416
9878 7538 5559 7106 6107
9879 8345 1607 7062 2252
9880 7693 6391 7382 5907
9881 8117 1306 1521 2955
9882 6659 1928 1419 3305
9883 8162 7295 7804 6591
9884 6091 5179 4053 2023
9885 6089 3794 3889 1615
9886 7553 5917 6623 6346
9887 6201 5771 5897 5614
9888 5802 1965 3942 3941
9889 6074 2558 2302 323
9890 7721 7126 7430 7408
9891 8163 6158 7766 6339
9892 8290 5449 5591 960
9893 8090 2234 7521 6506
9894 7617 1594 1654 3805
9895 7355 5023 6140 297
9896 7540 2054 6454 5450
9897 7228 5758 6747 6615
9898 7214 7097 7127 6763
9899 6614 1087 6610 1089
9900 7214 6522 7127 7097
9901 7615 392 7567 3092
9902 6391 4013 5057 1993
9903 7449 7155 7288 6427
9904 6594 2700 1193 1852
9905 5743 741 4222 740
9906 8066 6428 7611 5990
9907 7570 241 5412 3993
9908 7336 6030 6129 6035
9909 6552 5838 6274 2886
9910 6552 5701 6274 5838
9911 8359 4890 4572 3344
9912 7244 5606 6282 5631
9913 7723 1941 1582 2203
9914 7303 1398 6783 1923
9915 7318 46 3576 5052
9916 7510 2337 6122 4241
9917 8303 7178 7202 6183
9918 6131 4812 456 3661
9919 6981 1298 2938 1887
9920 7352 474 6194 2472
9921 7418 3074 6883 6854
9922 7298 6002 6751 6548
9923 8380 6856 8344 8152
9924 8031 2736 7238 2724
9925 6322 4789 6114 6040
9926 7526 5488 6282 1756
9927 7839 4561 6708 68
9928 6384 5577 6322 6040
9929 8170 3654 8082 7738
9930 8208 6967 7384 7127
9931 5905 467 4423 468
9932 5879 5159 501 500
9933 6190 761 5143 760
9934 7463 992 1002 2108
9935 7635 1812 3486 2532
9936 900 4090 5171 899
9937 8166 7125 7880 963
9938 7795 3288 3292 4848
9939 6301 607 5281 606
9940 6406 5459 4614 2331
9941 7920 7011 7175 5706
9942 5887 2167 1044 1040
9943 6546 6040 6427 6114
9944 6892 5627 6318 5849
9945 7819 2669 4797 2512
9946 7601 2316 5054 2546
9947 6856 5424 5402 3974
9948 7733 6751 7298 6002
9949 5918 562 4149 561
9950 6344 3496 5879 3387
9951 6024 3912 1713 3827
9952 6914 5166 5619 431
9953 7951 1864 6851 2793
9954 6975 5886 6400 4475
9955 8319 6859 7358 5863
9956 7619 5581 6937 6487
9957 8352 5084 8084 7262
9958 7354 5840 5866 5636
9959 6959 3872 3767 1941
9960 7418 5596 7097 5994
9961 6415 3242 6129 3001
9962 7795 5043 5918 5808
9963 7483 6565 6947 5909
9964 7428 5803 7013 5916
9965 7353 7068 7343 6667
9966 7025 5737 6609 6492
9967 7715 294 2270 4639
9968 8172 3953 5571 1969
9969 6194 2468 2472 474
9970 6534 1634 3701 3699
9971 7282 3815 6701 5290
9972 6968 5980 6925 6851
9973 7104 5208 391 4331
9974 7343 6288 7174 5559
9975 7462 1032 7325 6748
9976 7000 4253 6287 714
9977 6298 361 4205 360
9978 8138 6555 8094 7087
9979 7726 5784 6741 6082
9980 6631 2982 4325 3605
9981 6845 53 2793 52
9982 7637 703 702 4390
9983 7146 3896 6880 5357
9984 5890 4041 2010 5309
9985 6974 5664 6399 525
9986 5784 2465 5677 2490
9987 7419 4248 4224 310
9988 5691 2716 2719 1202
9989 6612 3931 3937 1691
9990 7015 5875 6335 5502
9991 8355 3326 3115 5153
9992 5935 5013 5050 781
9993 8146 6110 6648 5562
9994 6344 4220 3496 1818
9995 7504 2162 4166 2187
9996 8244 5795 6898 5536
9997 7795 3292 5043 4848
9998 7345 6428 6724 5973
9999 7108 6479 6680 5575
10000 7066 6025 6829 5716
10001 8269 224 6282 225
10002 7971 6820 7863 5256
10003 7338 5698 6380 6191
10004 7077 1219 6853 1859
10005 7141 114 5740 4720
10006 6283 624 5337 5336
10007 7976 6310 7640 349
10008 7833 6009 7596 7316
10009 8046 6340 7422 2323
10010 7703 5027 94 93
10011 6325 4634 3692 3689
10012 7574 1985 2401 1749
10013 7657 5663 6746 6251
10014 7324 6179 7090 5283
10015 6688 4615 4602 2203
10016 6515 3118 1915 3110
10017 7888 245 5398 5422
10018 7982 7259 7483 7037
10019 7881 3363 6301 5703
10020 7357 2503 6610 1087
10021 6708 68 4561 3620
10022 7330 1706 6863 1705
10023 7138 2111 995 1779
10024 7009 71 4577 106
10025 6409 1528 1525 2980
10026 5812 42 41 4729
10027 6586 3572 177 176
10028 6534 3701 1669 3761
10029 6854 1348 6462 1908
10030 6720 2981 1528 3463
10031 8288 6367 7426 7209
10032 6426 2243 1023 1796
10033 6248 273 4242 4969
10034 7592 5607 7219 6687
10035 6297 4011 1767 3993
10036 7205 5994 6462 3073
10037 8273 3009 4318 5126
10038 7902 2112 4121 2102
10039 6621 5547 5838 199
10040 6767 5535 6312 6185
10041 7330 6509 6863 5663
10042 7327 636 7262 6432
10043 6539 4944 6477 3621
10044 6482 3010 2957 4543
10045 6884 4071 942 4086
10046 5957 3307 2839 4322
10047 6435 5870 6281 5696
10048 7657 6746 7003 6918
10049 7286 1499 7227 2715
10050 7683 5770 7180 6486
10051 8284 7678 7985 7592
10052 6108 2907 1886 2918
10053 7898 5939 7644 5934
10054 4017 4043 903 5312
10055 7595 4939 6047 775
10056 6971 5714 6397 6395
10057 6767 2659 2652 4874
10058 6008 4237 2511 2315
10059 6038 1072 3348 1577
10060 6719 2298 2300 313
10061 7894 3630 4581 106
10062 8152 6844 7805 7010
10063 7322 3251 6415 449
10064 6444 5000 412 411
10065 7359 2918 6108 1292
10066 7360 2873 2937 1273
10067 6053 2221 1653 3362
10068 7428 5803 7082 7013
10069 6800 1521 3458 1884
10070 6783 2361 1398 1402
10071 6378 3318 1530 1318
10072 6259 5242 4409 795
10073 7558 5498 6721 5658
10074 5923 4900 5751 4629
10075 7245 118 117 5096
10076 6940 655 656 4173
10077 6378 4782 5898 4364
10078 6780 3031 5991 4556
10079 7884 6052 6128 3255
10080 6041 1965 5802 3941
10081 7089 4292 6285 5905
10082 7347 3535 3434 1479
10083 7096 5471 6061 1458
10084 7901 971 7463 5725
10085 7122 3681 6744 3254
10086 6797 6159 6721 6626
10087 6450 5002 199 200
10088 7686 3111 6182 4335
10089 7505 6217 7041 6374
10090 7032 3745 5845 779
10091 6620 4825 6146 3228
10092 6112 2857 6077 3352
10093 7318 1503 3576 3448
10094 7496 6568 6694 6079
10095 7780 2311 2535 5088
10096 7432 5853 7167 5693
10097 7394 6814 7124 5849
10098 7938 4461 6774 684
10099 7363 3218 5768 3215
10100 6046 2923 1338 1294
10101 7765 5969 6768 511
10102 6567 2429 1841 1165
10103 4020 894 5304 3848
10104 7293 5769 6786 5533
10105 5946 981 3351 994
10106 7013 1144 6707 5929
10107 5955 679 5848 5267
10108 8028 4891 7535 6481
10109 7245 5096 117 4563
10110 7735 3508 2542 4431
10111 6956 4537 3689 3688
10112 6864 5657 6200 5688
10113 7417 7071 7136 5576
10114 7447 4460 2448 2446
10115 8025 6252 7357 6610
10116 5970 3192 4633 421
10117 7339 6006 6951 5757
10118 7498 5818 7147 6209
10119 7972 5609 7751 6050
10120 8341 2057 6868 5430
10121 7031 2306 989 2558
10122 7692 5860 6764 414
10123 6112 4926 4330 2857
10124 8200 3891 1656 3886
10125 6691 557 2131 556
10126 6064 2939 4768 2936
10127 8164 6674 7752 5988
10128 7085 757 5647 5172
10129 5918 5043 562 561
10130 7076 4806 4820 509
10131 6825 1641 6474 3744
10132 7609 1476 3416 1134
10133 8267 5817 7190 5893
10134 6808 951 5445 2044
10135 6804 227 226 5403
10136 8031 6063 7238 5737
10137 6743 1920 6324 3153
10138 6863 3966 327 5380
10139 6558 5524 6515 5644
10140 7692 415 5989 5860
10141 7020 3359 4545 2574
10142 6062 4279 419 5467
10143 7879 5333 6448 5672
10144 8232 6580 7759 7732
10145 7626 6397 6971 6816
10146 5838 198 2901 4341
10147 7365 5342 3771 5362
10148 6856 6364 6677 3999
10149 7689 5611 7404 6702
10150 7601 5731 6248 6240
10151 7185 4776 6678 4446
10152 7729 6184 7517 6767
10153 6468 3765 3876 1579
10154 6477 384 4987 385
10155 7126 5497 7035 6389
10156 7216 5502 6335 5875
10157 6610 4856 6252 2487
10158 8203 3551 7576 2737
10159 6143 3169 5564 1387
10160 8065 2889 2952 5202
10161 6742 3464 1902 1538
10162 8226 2983 8020 4360
10163 7018 3060 1907 1347
10164 7068 5945 6530 5853
10165 6114 804 805 4738
10166 7620 5790 7570 242
10167 7648 5823 6024 3912
10168 6909 4636 299 298
10169 8015 6348 7999 5774
10170 7926 6808 7312 5481
10171 7550 2444 2456 1805
10172 7357 5531 6912 6614
10173 7884 6744 7122 6077
10174 8078 5646 6745 5887
10175 8295 1983 2420 2421
10176 7292 5561 6686 6669
10177 7429 5705 6823 6147
10178 5672 2714 620 2718
10179 7707 5767 7108 6528
10180 8373 2442 6165 1053
10181 8211 3390 2345 4248
10182 7961 6045 6640 6608
10183 7487 4427 3328 3133
10184 6340 5802 6320 2322
10185 6267 2534 1781 987
10186 7368 5709 7360 7104
10187 7623 6329 6828 5666
10188 6804 2524 226 227
10189 7208 149 6846 4456
10190 8059 5774 6348 5585
10191 7873 6402 6810 6217
10192 8255 2761 1219 3561
10193 5780 3947 3948 5389
10194 7805 5992 7010 5505
10195 7450 5601 5982 5957
10196 6334 2570 4289 4621
10197 7903 6183 7407 6269
10198 7370 5639 7104 3453
10199 6140 296 4486 297
10200 7821 2423 7529 2424
10201 8235 6318 7531 6268
10202 5890 2002 4019 2010
10203 6045 700 5010 701
10204 7818 5837 7773 7446
10205 8115 350 8098 351
10206 7638 5633 5784 5549
10207 7561 5486 7041 6517
10208 7920 6768 6799 6311
10209 7588 6217 7041 5540
10210 8133 6055 6437 5990
10211 8063 6171 7181 5943
10212 6710 5306 5301 854
10213 6181 5747 5932 5755
10214 8042 5507 7654 5979
10215 7901 974 2276 975
10216 6914 5166 431 3210
10217 6275 4609 4468 2201
10218 7410 2890 7128 1879
10219 7914 6171 6606 4860
10220 7689 6980 7404 5611
10221 6381 5899 6379 5515
10222 6166 1085 2497 1070
10223 8200 3891 6559 3779
10224 7822 2413 2414 4584
10225 6769 547 4146 4680
10226 7372 5542 6565 5686
10227 7403 5652 6913 5485
10228 6149 3187 1562 3546
10229 6206 523 3521 4367
10230 7320 579 4496 580
10231 6649 4441 4409 796
10232 6305 1068 2196 2184
10233 6848 4096 6454 4082
10234 6438 1498 1860 2778
10235 7566 5975 7160 5292
10236 6393 5981 6288 5699
10237 6419 1465 6032 1121
10238 7852 4798 4534 189
10239 7261 1520 1880 3596
10240 7428 6361 6717 6707
10241 8294 6351 7850 7232
10242 7089 6176 7054 5815
10243 7850 6351 6802 5486
10244 7705 6644 6753 4010
10245 5738 602 603 4889
10246 6609 1288 5796 5678
10247 8355 1369 3326 1365
10248 7840 5262 3904 839
10249 6558 3100 3645 1551
10250 6938 5115 4571 811
10251 6839 4185 689 4168
10252 6254 4354 6172 5145
10253 6681 5734 6131 5809
10254 5923 4900 2304 4214
10255 5302 5304 4020 893
10256 7333 1031 6814 1794
10257 6231 3374 4253 716
10258 7989 5746 6582 6258
10259 7157 6848 6998 5781
10260 7743 3016 6832 5833
10261 5818 5539 5743 5321
10262 5715 3498 4302 2505
10263 8079 7030 7266 7142
10264 7419 310 6922 4971
10265 7570 3993 6484 3977
10266 8122 6820 8050 7863
10267 6984 592 6339 2347
10268 7337 3718 1642 3747
10269 6171 665 4177 664
10270 7124 6244 6892 5480
10271 8229 537 6911 6806
10272 7916 565 6142 4151
10273 8199 537 7769 3533
10274 8019 6019 7748 5845
10275 5302 4020 4041 893
10276 7989 6582 6967 6258
10277 7019 3790 5327 736
10278 6271 2668 2638 4865
10279 7333 1031 3408 3405
10280 8301 646 5365 4285
10281 8127 2433 973 2270
10282 8020 2888 6552 2887
10283 7374 1286 2902 2934
10284 6858 4417 6588 6175
10285 7397 3868 3929 5247
10286 7763 6607 7640 6835
10287 8064 3718 5650 787
10288 7325 1033 2145 2156
10289 7723 6087 6468 6448
10290 7375 5535 6923 5526
10291 7424 3946 6894 3945
10292 7235 6097 6782 4269
10293 6095 4364 5898 377
10294 7064 1813 6141 3491
10295 4020 894 893 5304
10296 6665 665 5852 2171
10297 7695 4084 908 4059
10298 6458 1139 1827 2379
10299 7154 233 7096 6489
10300 8174 2205 7143 2518
10301 7413 6846 7208 149
10302 7388 1647 6723 3739
10303 6199 2151 2132 4131
10304 6855 5413 6752 4004
10305 7377 1279 6552 2888
10306 7261 6936 7257 6346
10307 6917 3521 3290 1469
10308 6237 4382 491 490
10309 7659 344 6861 6849
10310 8289 4885 2749 2788
10311 7549 2996 4792 5070
10312 6951 3362 6148 1653
10313 7378 5819 6075 5498
10314 7748 1636 1670 3746
10315 7731 4424 3465 5241
10316 7380 1392 6143 6138
10317 5943 4583 5742 4839
10318 6887 583 6275 4607
10319 7321 5699 7174 5762
10320 7138 3372 995 996
10321 5906 1278 5679 1284
10322 6621 2908 4995 3459
10323 6472 2555 6446 4223
10324 7419 4620 6223 311
10325 7769 5996 6806 6013
10326 6340 5788 6320 5802
10327 7222 4153 2129 555
10328 5890 1726 3847 3798
10329 7729 2658 6456 6184
10330 7335 2982 1317 1326
10331 6776 4955 2666 2387
10332 7021 5579 6627 6166
10333 7401 2398 196 3412
10334 7185 771 772 4776
10335 7631 5825 6382 6234
10336 7547 6729 6896 5678
10337 6542 3682 5922 1571
10338 6924 4966 6237 490
10339 6300 3759 5239 3730
10340 6504 436 6352 3215
10341 6715 1710 1709 3818
10342 7487 5630 6393 6085
10343 8207 8002 8007 1146
10344 7686 5741 6291 5273
10345 7780 1109 7100 2529
10346 7960 5970 7453 5761
10347 7359 1886 6322 2917
10348 6646 5889 6278 3730
10349 6138 3330 5989 3329
10350 7462 6491 7325 1032
10351 7378 2366 6075 4189
10352 6849 344 5058 343
10353 6135 4058 2024 2033
10354 7380 1391 3173 3182
10355 7371 5902 7279 1787
10356 6479 3487 2522 1452
10357 7382 3007 6722 5066
10358 6205 3294 1395 3183
10359 6645 3605 4325 206
10360 6731 3760 6204 3713
10361 6994 6185 6551 6312
10362 8298 4597 4681 2467
10363 5941 4601 2206 589
10364 6026 5275 4388 3752
10365 7173 5560 6869 5571
10366 5941 589 2206 4406
10367 6194 1462 3507 1123
10368 8374 2178 4162 2176
10369 7888 246 7474 245
10370 7625 5912 7497 6372
10371 7393 2315 6008 5916
10372 7815 2091 2094 975
10373 8346 6994 7641 6208
10374 7810 5595 7744 5798
10375 7818 2106 2113 4123
10376 6609 2931 4628 4765
10377 2010 892 891 5309
10378 8353 4408 7015 5875
10379 6458 3519 6099 1133
10380 7293 6464 6679 6413
10381 5958 2780 2408 4859
10382 7456 7219 7276 6792
10383 6044 2900 1284 2899
10384 6641 4459 3450 2765
10385 7504 4175 4166 2161
10386 7615 3092 4357 392
10387 7637 7063 7399 5816
10388 6827 98 6463 4315
10389 7224 383 6539 4369
10390 7984 4099 7722 2081
10391 8221 1565 7188 1405
10392 5582 3887 3788 5330
10393 6867 5990 6821 6169
10394 6870 5643 6647 6423
10395 8283 7635 8006 1451
10396 7023 2643 6927 2746
10397 6578 6125 6364 5491
10398 2010 892 5309 4041
10399 7005 283 4125 282
10400 6617 5708 6150 4440
10401 7310 6264 6477 5948
10402 8088 7230 7899 5492
10403 6227 3124 1373 1916
10404 7377 1283 1285 2897
10405 5906 1278 1284 2987
10406 7396 6967 7384 5596
10407 7074 4171 5972 658
10408 7985 6259 7536 6440
10409 6957 4245 6822 4211
10410 7358 6733 7006 6453
10411 6993 5105 5935 3740
10412 6468 3875 6448 5333
10413 7231 6801 6958 4547
10414 7704 5909 6431 5695
10415 6282 3986 4006 225
10416 7256 5998 7022 6191
10417 7705 3420 1766 1765
10418 8055 3543 7191 6239
10419 7332 4122 7307 259
10420 7385 5414 231 3990
10421 7079 5722 6810 5790
10422 7613 6899 7306 5350
10423 8181 6016 7564 5879
10424 7981 4779 6294 367
10425 6809 493 6638 3594
10426 6503 4294 6411 6123
10427 8180 5672 7879 6448
10428 5891 3237 3230 1418
10429 7431 6040 7369 6046
10430 7383 2116 999 2115
10431 8256 6541 8186 7194
10432 8168 4615 7793 6688
10433 8058 2883 7370 1263
10434 7202 3567 6597 6365
10435 7599 5528 6692 6148
10436 7766 5934 7644 5939
10437 7082 4315 6463 98
10438 7597 6125 7574 7265
10439 5474 5476 8106 1722
10440 6823 5575 6147 5705
10441 7697 170 7090 6179
10442 7419 311 3390 4248
10443 7377 1285 6621 6552
10444 6281 2693 2686 5020
10445 7319 3601 7258 2946
10446 8240 7200 7246 6915
10447 898 5324 4053 899
10448 7083 2587 1191 3439
10449 7638 5784 6473 6082
10450 6196 4826 2241 690
10451 7104 5709 6548 5639
10452 6711 4307 2756 2615
10453 8172 1969 3954 3953
10454 6646 3759 1649 1676
10455 6832 2877 6120 6037
10456 7981 5866 6294 4779
10457 6191 3274 6128 4264
10458 7517 2657 6871 4876
10459 7937 5003 2527 2220
10460 7890 4013 2012 4311
10461 7521 4938 598 5464
10462 7390 5352 3793 3893
10463 7991 277 7773 4120
10464 8046 2323 1680 1679
10465 6231 2271 1618 1617
10466 6462 3073 5994 1908
10467 6335 5599 5820 5743
10468 7637 4390 702 2427
10469 6225 2718 5573 2717
10470 6738 5710 6022 5514
10471 8242 7274 7922 4257
10472 6716 5846 6457 6068
10473 6298 4450 5378 362
10474 7681 2557 5956 2549
10475 7687 6752 7010 6014
10476 6466 3040 3468 420
10477 8234 5563 6976 6349
10478 6088 1561 3560 3019
10479 7324 5796 7025 6609
10480 7751 4493 6514 2648
10481 6697 6418 6590 2452
10482 7795 4848 5043 561
10483 6601 4745 6036 338
10484 6998 3914 3910 5303
10485 6978 5637 6843 6208
10486 8232 7614 7722 6480
10487 6904 520 4809 4612
10488 6323 1750 1749 2407
10489 7092 4840 6206 5664
10490 7974 5297 5877 3831
10491 6412 4956 6279 5433
10492 6753 3418 6450 1764
10493 7077 2759 5955 2763
10494 7189 3734 5143 3729
10495 5942 5069 56 2801
10496 7391 677 2178 676
10497 6927 1210 1855 2741
10498 8189 6922 7614 7243
10499 7511 6846 7413 5068
10500 6546 3037 3046 1340
10501 7511 6109 6540 6525
10502 7915 3635 6097 5248
10503 6589 3791 5818 3894
10504 6326 5380 363 362
10505 7244 5631 6855 5606
10506 7994 6360 7641 6226
10507 7141 2622 5079 113
10508 7476 6514 6583 6423
10509 6402 5085 2563 235
10510 7708 2702 2706 1850
10511 7723 1581 2202 2203
10512 7184 5750 6826 1354
10513 7024 5316 868 3927
10514 6901 387 6264 4870
10515 7781 5467 6062 419
10516 7285 6113 6311 5760
10517 7707 5859 7108 6141
10518 7782 337 336 5379
10519 6886 1145 6161 3289
10520 7543 6082 6858 6588
10521 7017 6062 6216 5828
10522 8141 6423 6870 6834
10523 7547 1890 2932 1522
10524 7628 1007 2125 2121
10525 7399 2612 1059 1799
10526 7011 4588 5706 2482
10527 7791 2850 2862 1268
10528 7309 6570 6689 6096
10529 6777 290 4110 4126
10530 7449 6427 7369 7331
10531 5857 5655 5823 5794
10532 7759 2099 2080 979
10533 8025 6034 7357 6252
10534 5763 2078 978 973
10535 7630 6072 6704 633
10536 6704 5348 5789 3773
10537 8017 6988 7664 7284
10538 8238 7134 7306 5938
10539 7057 2217 598 2218
10540 7608 6299 7162 6806
10541 6985 5684 6261 5646
10542 7322 6415 7315 449
10543 7878 6999 7342 1545
10544 7335 3003 1326 3000
10545 8272 3646 7975 1552
10546 8152 7007 7805 6844
10547 5662 1972 3960 3959
10548 7398 6869 7392 7249
10549 8265 6436 6631 1308
10550 6087 2203 4602 2204
10551 8273 5126 6511 798
10552 6825 1640 3751 3714
10553 7796 5588 6291 6256
10554 8093 6560 8081 6794
10555 6363 1435 1573 3266
10556 7305 1624 7043 6499
10557 7621 5554 6376 5878
10558 6946 3943 330 329
10559 7839 69 6476 70
10560 6513 6092 6337 5836
10561 7393 134 6685 4237
10562 6929 1439 3279 1939
10563 6500 5945 6076 5975
10564 7521 6010 6692 4895
10565 6275 4609 2200 4607
10566 7955 6818 7350 6224
10567 8024 5660 7841 5690
10568 7395 5612 6891 6681
10569 7293 6413 7061 6464
10570 7996 3014 1330 1327
10571 8317 927 6452 5961
10572 7157 5295 5286 2029
10573 6484 1741 3980 3977
10574 7709 1876 3589 2863
10575 8166 2070 8144 5432
10576 7094 3840 3837 5301
10577 6672 1595 6005 2226
10578 7198 3146 1380 3143
10579 7418 3075 3074 1353
10580 7397 3868 6220 6086
10581 8001 6525 7511 6540
10582 7051 5771 6759 5780
10583 6353 4863 848 4894
10584 7202 6183 7178 5876
10585 7418 7097 7384 6566
10586 5691 5648 5684 5519
10587 6738 5693 6353 6117
10588 6498 1459 2545 1116
10589 6604 5190 6289 865
10590 7224 5948 6066 5854
10591 6175 5231 285 284
10592 8146 6557 6648 6547
10593 7963 6808 7926 6937
10594 6832 4321 5833 3016
10595 7996 3012 6539 1327
10596 6887 2330 6043 4575
10597 7728 5526 6923 6730
10598 8267 7439 7968 6389
10599 8045 6463 7957 7552
10600 8178 6528 7707 6493
10601 6104 2876 5047 3311
10602 7651 6108 6962 6398
10603 7558 4469 7378 6074
10604 7542 5656 7269 6579
10605 7645 5484 7611 7158
10606 6011 2565 1125 1128
10607 8297 6763 7749 5541
10608 7915 6934 7571 5953
10609 6145 55 4843 5069
10610 6353 4894 3154 4863
10611 5904 5171 5332 4061
10612 7862 1077 6194 6166
10613 6344 1090 1818 3498
10614 7243 6488 6719 5508
10615 7715 6675 6991 6626
10616 6534 6047 6345 3761
10617 6911 535 4299 2505
10618 7986 110 7636 109
10619 7064 1813 3368 1101
10620 7648 2063 2052 5276
10621 6450 2425 4953 201
10622 8038 6539 7845 7171
10623 7983 6574 7555 5535
10624 7631 6695 6945 5604
10625 5747 4042 2013 4049
10626 7028 3078 3094 855
10627 7248 1332 6216 6088
10628 7303 6232 6783 1398
10629 6369 5614 5946 5903
10630 6718 1214 2750 2740
10631 6121 4071 5953 935
10632 6800 2954 1521 1306
10633 6946 329 330 4527
10634 6227 1376 3126 3651
10635 6081 4707 405 406
10636 7398 7309 7392 6096
10637 7894 4658 7152 7009
10638 7468 5618 6342 6010
10639 8113 6063 6179 5862
10640 7520 2893 2891 63
10641 6896 6522 6796 6292
10642 7839 5976 6708 6476
10643 7401 1984 6873 6009
10644 6573 1929 6129 5736
10645 7862 7059 7362 6194
10646 8179 2684 7135 2672
10647 7496 267 4114 266
10648 8315 5779 6859 6207
10649 7741 5107 7023 670
10650 7336 6129 6573 6035
10651 7949 5913 6019 5845
10652 6111 3941 5802 3942
10653 7233 1371 3119 3128
10654 7120 5083 6897 4520
10655 7348 4817 2929 2944
10656 6044 1284 5679 1278
10657 6390 4138 548 549
10658 7206 5821 6738 5853
10659 8165 5240 544 4437
10660 7520 6130 6798 5600
10661 6250 5059 5574 186
10662 5833 794 4321 793
10663 6415 1929 6129 3242
10664 6863 1706 1677 3966
10665 5852 666 4161 2170
10666 8204 6271 6423 5604
10667 7398 7003 7309 5493
10668 6693 144 4737 143
10669 7033 3981 5409 5414
10670 7587 1272 2872 3587
10671 5933 3508 2516 1114
10672 8180 5811 6877 6448
10673 6835 6310 6607 5610
10674 8091 2611 7712 5773
10675 7900 2850 7791 1268
10676 8049 6123 7459 7247
10677 7476 6423 6793 6514
10678 6588 4210 5135 287
10679 6476 4500 70 69
10680 7403 6093 7267 923
10681 7997 6552 7377 6621
10682 7047 2624 3530 534
10683 7326 5343 5822 5340
10684 6693 6109 6456 5958
10685 5923 2216 5789 1589
10686 7143 5830 6888 5674
10687 6871 111 4876 2657
10688 6530 5945 5975 5853
10689 5670 951 4078 947
10690 7376 931 943 4012
10691 7101 2608 1154 2569
10692 8256 6459 7075 6541
10693 7881 2222 7725 2225
10694 5938 3716 3714 4617
10695 7525 5681 6045 4641
10696 7672 5804 6939 2607
10697 6390 4137 6001 4138
10698 7293 6464 7061 5696
10699 7231 1299 1298 3015
10700 6999 3633 3628 1545
10701 7712 1473 7260 2611
10702 6916 2126 4135 4143
10703 7746 1912 1356 3632
10704 8071 7740 7815 2091
10705 7193 3480 5730 3479
10706 7889 6883 7418 6303
10707 7384 6303 6566 6430
10708 6692 4899 6010 5738
10709 7227 1861 3569 2784
10710 6769 546 4146 4145
10711 8264 6374 6837 5487
10712 7918 5799 7862 4590
10713 7877 5768 6285 6176
10714 6826 5524 6530 6177
10715 5967 2593 2732 1203
10716 7819 6126 7135 6219
10717 7929 7109 7372 6565
10718 8028 4891 6481 4710
10719 5935 780 5050 4654
10720 6937 6487 6603 3852
10721 7240 4880 6287 5735
10722 7588 6392 7079 6807
10723 7404 429 5611 5166
10724 7431 7276 7421 6118
10725 8261 5408 240 239
10726 6573 1929 5736 1569
10727 6736 5474 5890 5289
10728 6902 6434 6554 5814
10729 8020 2897 1285 2888
10730 5890 5302 5309 3798
10731 7435 5925 6747 6716
10732 7744 718 5798 3376
10733 7153 3570 6817 5181
10734 5943 2725 2723 4583
10735 8417 4490 3424 5227
10736 6515 3116 5644 1915
10737 8135 6323 7633 7225
10738 7374 1886 6108 2907
10739 6643 5597 6382 6232
10740 6545 1506 2927 3309
10741 8319 5732 7297 6859
10742 7652 5578 6474 5650
10743 7938 6387 7867 5963
10744 6122 2335 2334 4689
10745 6115 5113 3528 3524
10746 8111 4411 6705 66
10747 7648 5857 6024 5823
10748 7394 6507 7274 5668
10749 7533 4000 1773 3998
10750 6634 3225 3219 1415
10751 6919 4566 251 252
10752 7618 6281 6679 5949
10753 6593 1807 2504 1089
10754 8055 7135 7819 2501
10755 7320 4136 6414 4154
10756 6806 4240 537 5201
10757 7854 4487 3445 3410
10758 7956 6437 7117 5990
10759 7622 6226 6838 6236
10760 7726 2465 7469 5784
10761 7275 5800 7155 6116
10762 8026 6374 7588 7232
10763 6550 156 2681 4282
10764 7917 90 2792 3574
10765 8136 5520 6059 5640
10766 7792 5910 7450 5479
10767 7308 1876 1270 3589
10768 5647 5318 5595 3811
10769 7018 4596 6151 3049
10770 6836 3598 1295 1891
10771 7973 7169 7557 5968
10772 7807 72 3119 71
10773 7599 5627 6671 5690
10774 7642 6149 6758 5270
10775 7997 6552 6621 5838
10776 6184 2651 2408 1170
10777 8273 3617 7582 2997
10778 6044 2885 2899 1278
10779 8383 7362 7430 5579
10780 7540 6000 7301 6454
10781 8343 5713 7314 6087
10782 8373 1054 8150 2442
10783 6026 4262 5275 3752
10784 7544 5554 6813 6247
10785 6215 5223 615 616
10786 7618 159 6679 5020
10787 6706 3581 1251 1505
10788 5973 4140 557 558
10789 6166 2497 2461 1070
10790 8300 6798 7078 6273
10791 6863 1705 1706 3964
10792 8170 7088 8082 3649
10793 6927 1213 3300 2747
10794 6629 4783 372 4777
10795 7196 3144 4508 3129
10796 7811 6036 6706 5957
10797 7601 2546 6996 6417
10798 6899 5966 5971 4228
10799 7467 1047 1799 2172
10800 7262 5360 638 637
10801 7878 3084 7342 6020
10802 6128 3352 1440 1445
10803 6086 3865 1736 1982
10804 7991 2107 6267 2106
10805 6215 615 6153 4487
10806 7469 2470 2467 1076
10807 7590 6540 7287 6447
10808 6991 2286 5763 5729
10809 6991 6140 6909 5729
10810 7092 1143 3290 3522
10811 8123 3462 6824 6156
10812 7412 6334 6642 5990
10813 7885 6953 7313 5727
10814 7413 150 7208 4864
10815 8080 4692 7459 4271
10816 7626 2966 1312 1307
10817 6197 3779 1596 1655
10818 7069 5900 5945 5750
10819 6784 788 5070 787
10820 7976 3959 7420 5662
10821 7782 5389 336 335
10822 6841 819 5001 818
10823 7818 2114 7614 6480
10824 7579 6765 7144 6420
10825 6121 4051 4070 4092
10826 6632 1201 1202 2717
10827 8018 2544 7383 6719
10828 5954 5584 5937 5548
10829 8275 6474 7652 5578
10830 6424 4305 390 3050
10831 7966 2280 2617 4636
10832 7746 5131 6676 5841
10833 7237 1297 7210 5840
10834 7565 3366 2236 2308
10835 6685 4308 4237 134
10836 7525 4641 701 702
10837 8397 5639 7151 5709
10838 8179 1845 1185 2684
10839 6671 5690 6301 5703
10840 7053 483 5039 4758
10841 6371 1450 2289 1449
10842 6931 5622 6563 5745
10843 6083 2255 5766 5681
10844 943 888 933 5187
10845 5863 4521 3152 3141
10846 8256 1244 8186 1242
10847 6735 6018 6230 6008
10848 8025 2503 6610 4605
10849 6719 987 6267 988
10850 7553 6346 7257 5917
10851 6690 2077 6065 918
10852 6407 2817 2854 1262
10853 6975 4475 6400 724
10854 6129 3001 3242 448
10855 7457 5822 6910 6300
10856 5997 5644 5739 5666
10857 5649 5611 5619 5523
10858 8073 5458 8070 8021
10859 6232 1402 3193 3203
10860 7816 6941 7699 7518
10861 7651 7323 7591 6108
10862 8247 4982 4701 118
10863 7290 6152 6404 5844
10864 7404 3669 429 5166
10865 8133 6437 6642 5990
10866 6190 5143 5810 4194
10867 7267 5485 6913 6368
10868 6670 2835 6617 4557
10869 5881 706 705 4685
10870 6845 53 54 4375
10871 7416 3653 3131 1376
10872 7250 2727 4858 2729
10873 6380 6052 6067 5980
10874 7390 1614 1952 2261
10875 6426 1022 1023 2380
10876 7496 268 267 4251
10877 7417 6187 6985 6078
10878 6969 675 4181 674
10879 7726 2417 6473 1480
10880 8086 2626 6714 5996
10881 6038 1806 3479 1446
10882 7047 4299 6911 535
10883 8169 7185 7959 6678
10884 6636 2179 6305 2195
10885 7530 6079 7034 6755
10886 7885 2160 1037 1038
10887 7730 5722 7079 5790
10888 7216 5502 6527 6335
10889 7222 4153 6039 2152
10890 7418 5994 7087 1353
10891 6963 6137 6182 5588
10892 7527 5113 6115 3524
10893 7951 6925 6968 5942
10894 6252 2490 257 256
10895 7164 414 6764 5860
10896 7784 6444 6596 5793
10897 6896 5547 6729 5512
10898 7247 6123 6542 5099
10899 6958 2933 6384 1299
10900 7419 4248 5717 4224
10901 6901 387 4870 386
10902 7180 6067 6380 6332
10903 7329 6245 7193 2076
10904 7282 6085 6220 5981
10905 8060 967 6779 6407
10906 7860 6614 7568 5606
10907 7974 3831 1717 3834
10908 6445 37 4873 4493
10909 7411 5498 6321 6139
10910 7771 6523 7217 6317
10911 6916 4143 6439 2126
10912 6430 172 171 5170
10913 7206 849 6738 4935
10914 7962 2099 7902 4121
10915 6942 3639 1358 3086
10916 7419 311 310 4971
10917 7731 835 7012 6290
10918 7075 4823 368 367
10919 7491 6262 6442 2674
10920 8289 2788 2749 1231
10921 6735 6008 6446 5998
10922 6918 6075 6508 5826
10923 5726 2880 1275 3052
10924 7188 1411 3207 1565
10925 8281 1667 7464 3901
10926 7525 4393 6209 2260
10927 7370 2883 3453 4340
10928 7686 3608 6137 1529
10929 7082 1122 6472 3502
10930 7079 5586 6810 5722
10931 5678 2908 1288 2904
10932 7976 5662 6986 5610
10933 7433 4722 7352 473
10934 7082 1460 1122 3502
10935 6705 2956 2955 67
10936 6359 474 4722 4767
10937 6373 1092 2508 1816
10938 7481 2101 2110 4109
10939 7436 6530 7174 5553
10940 7799 6988 7673 5518
10941 7794 6069 6769 5974
10942 7368 7128 7360 5709
10943 7527 4320 2598 2604
10944 7813 6142 6965 5995
10945 7883 6306 7456 7367
10946 7329 970 5444 2049
10947 8314 6962 8145 6497
10948 7876 1541 3154 3467
10949 6145 5069 5942 4892
10950 6707 1136 2579 2591
10951 7626 6156 6444 6397
10952 8004 4182 6979 2173
10953 7426 6819 7414 6367
10954 7650 3069 4782 4364
10955 7254 6003 6746 6251
10956 6727 722 721 4460
10957 6658 1340 3046 1342
10958 6730 6126 6330 5533
10959 8054 5534 7787 6760
10960 7355 4747 6406 2328
10961 7615 392 5208 393
10962 8060 946 2036 2050
10963 7611 7117 7503 5990
10964 8064 6015 6784 5578
10965 8164 5772 7713 5988
10966 7329 2049 6065 970
10967 8001 1260 7698 2842
10968 7710 5917 6309 5770
10969 8036 5913 7949 6792
10970 8058 5842 7900 7370
10971 8069 6717 7622 6124
10972 7080 3201 1403 1401
10973 7080 3546 5602 1401
10974 7075 6294 6541 6459
10975 7522 3106 5110 4395
10976 7072 4918 5939 2353
10977 8307 6127 7269 6579
10978 6095 378 377 4365
10979 7424 6406 7051 2329
10980 5840 2944 1302 3010
10981 8136 7534 7644 5520
10982 8198 6306 7899 7456
10983 8351 400 6459 364
10984 5945 5900 5914 5548
10985 7946 7142 7266 7169
10986 7581 6633 7471 5892
10987 8175 6117 7752 7167
10988 7194 2803 6732 4754
10989 6947 5909 6565 5686
10990 7536 3754 3763 4230
10991 7416 1373 6227 1376
10992 7425 5524 6530 5945
10993 7938 4461 3566 2758
10994 7619 1728 6937 3920
10995 7329 5444 6065 2049
10996 7884 3255 6128 3276
10997 7333 607 6301 5257
10998 7072 4243 6059 4918
10999 7522 5278 6558 3100
11000 7182 3080 6854 3324
11001 7071 6375 6591 5519
11002 8073 7270 8021 7937
11003 6191 92 2493 5071
11004 7622 5482 6838 6226
11005 7739 5140 5929 2590
11006 7208 4864 4456 2663
11007 7424 2328 7355 6406
11008 8085 3873 6778 3876
11009 7918 5178 6263 5720
11010 7855 6212 7056 5978
11011 6636 2195 6305 1055
11012 5740 4711 4720 115
11013 7263 6072 6704 5628
11014 7202 5963 6597 3567
11015 7579 2024 6766 2019
11016 6121 4070 4071 4056
11017 6670 1255 1252 2834
11018 7847 7023 7741 7548
11019 6243 2678 1183 2676
11020 7963 5581 6937 5940
11021 8128 1494 1500 3562
11022 7324 5283 7090 4348
11023 7329 958 7193 5444
11024 7970 5800 6836 1295
11025 7681 6169 6867 5956
11026 7330 1705 6509 1704
11027 7686 3608 827 5273
11028 7750 5415 218 217
11029 7747 6615 7001 6276
11030 7422 2323 6340 295
11031 7120 6189 6512 5676
11032 7425 5937 5945 5548
11033 8218 5802 6865 6111
11034 7422 294 295 4532
11035 7082 5873 6827 4315
11036 6632 1198 2712 1851
11037 6651 717 716 4260
11038 7684 5911 7611 6821
11039 6981 5926 6678 6384
11040 7777 6407 7454 1247
11041 7532 5835 7291 7098
11042 7245 5096 5673 3602
11043 7420 2351 1972 1694
11044 7880 963 4017 955
11045 7677 6804 6888 5606
11046 7653 5882 7242 6908
11047 7653 6664 7037 5728
11048 7327 5347 7262 5360
11049 7815 974 2094 1776
11050 7073 6301 6549 5703
11051 7653 6377 7512 7037
11052 7837 2385 1839 1150
11053 7919 5503 6555 5827
11054 7120 5083 628 2735
11055 7082 1118 7013 5916
11056 7082 4315 6472 5873
11057 7077 2674 6442 6262
11058 7082 3511 7013 1464
11059 7750 218 4681 4597
11060 7422 6340 6675 4532
11061 7885 2160 2159 1037
11062 7429 6762 7118 5871
11063 8197 817 816 5472
11064 7578 5874 7473 6900
11065 8258 5515 7445 6843
11066 7494 2905 3460 1883
11067 7142 5696 7061 5753
11068 7828 6733 7480 7006
11069 7426 6797 7414 6321
11070 7682 6076 7028 3078
11071 7399 4663 6045 2612
11072 8031 6492 6609 5737
11073 7458 7024 7321 5148
11074 7683 5770 6516 5831
11075 7344 423 6900 3055
11076 7344 5874 6872 5927
11077 7579 2019 6766 2035
11078 7344 5874 6900 6872
11079 7340 3984 4004 1751
11080 6555 5209 5827 5724
11081 6698 161 2686 4985
11082 7416 6227 7012 5765
11083 6095 379 378 5093
11084 7418 3075 6883 4432
11085 7860 2500 6614 6593
11086 7667 6760 7492 5713
11087 7409 642 4377 3561
11088 8031 167 166 4303
11089 8008 6918 7309 6850
11090 8168 586 7793 4615
11091 7432 7068 7351 7288
11092 7798 7216 7457 5909
11093 8089 5962 6724 5792
11094 7329 5444 7193 5730
11095 8174 2205 7357 7143
11096 8015 2820 2813 371
11097 7531 5849 6318 5627
11098 7859 6400 7043 3380
11099 7426 6686 7414 6602
11100 7437 489 4927 2506
11101 7235 62 6097 4269
11102 7296 5008 6575 5687
11103 7073 5703 6671 6301
11104 7296 5687 6133 4255
11105 7077 5848 6442 4284
11106 7296 2390 1741 1990
11107 7608 5593 7139 6299
11108 6712 1080 2239 1448
11109 7077 6262 6442 5848
11110 8085 5339 3873 3876
11111 7073 5660 5690 5627
11112 7424 6406 7355 5858
11113 7882 4835 5702 692
11114 7426 6941 7209 6912
11115 8348 6101 8339 8108
11116 8053 5788 6772 6140
11117 8222 608 4265 4226
11118 8193 6387 7938 2769
11119 8031 166 165 2736
11120 7078 1281 1275 2878
11121 7082 6361 7013 3511
11122 8115 351 4338 2848
11123 7406 5764 6577 6224
11124 7052 5625 6014 5505
11125 6858 4417 3525 2610
11126 8006 2303 1107 2531
11127 6571 5999 6344 1090
11128 6477 4870 4734 385
11129 7676 4449 6920 3460
11130 6963 6118 6866 6828
11131 7683 5825 6486 6332
11132 6954 5635 6660 5537
11133 7251 6382 6776 2251
11134 8120 4712 4683 494
11135 8414 7837 8342 7347
11136 7711 6336 7259 6852
11137 6454 4096 5450 2037
11138 7803 3908 7648 5307
11139 7797 1656 6559 3779
11140 7808 6379 7229 6100
11141 7784 5850 6553 5793
11142 7786 475 7405 4730
11143 7780 2311 5088 4687
11144 8066 5808 7812 6334
11145 8228 5824 7400 7395
11146 7327 6432 6951 3803
11147 7330 1705 6863 6509
11148 7805 6844 7232 6578
11149 7327 636 6432 5354
11150 7388 1647 3726 3727
11151 7330 1704 6251 1703
11152 7073 5690 6671 5627
11153 7344 1360 6186 3051
11154 7428 7013 7082 6361
11155 7716 6725 6749 5874
11156 8414 2626 7347 1159
11157 7717 6090 7624 5483
11158 6820 3821 1709 1710
11159 8049 7247 7459 4271
11160 7841 603 6148 5738
11161 7993 5667 5933 5832
11162 7085 755 756 4278
11163 7085 4278 6954 755
11164 7429 6147 6823 6154
11165 7399 1043 6608 5634
11166 7686 5741 5997 5588
11167 7418 3074 5994 1353
11168 7917 4314 2709 2792
11169 8240 6866 7219 6915
11170 8001 6525 7590 7187
11171 7357 1082 2205 2486
11172 7342 1909 6803 6060
11173 7896 4846 6503 4294
11174 7830 6514 7751 6734
11175 7336 6030 6790 6349
11176 8348 6748 7848 6683
11177 6722 5066 3007 4376
11178 7722 984 6327 2081
11179 7720 2211 7221 1585
11180 7781 5828 6062 5467
11181 7992 1964 7536 3754
11182 7794 5546 7285 5911
11183 7836 3321 7692 5912
11184 7781 420 5828 5467
11185 7327 3804 6396 5347
11186 7327 5360 3804 5347
11187 7330 6041 6863 1706
11188 7323 6108 6398 5577
11189 7962 6580 6996 270
11190 7766 5939 7644 6059
11191 7478 6294 7354 6813
11192 7368 4342 5878 5180
11193 7781 3040 6466 4828
11194 7360 3456 5208 2873
11195 7742 3708 7137 5111
11196 6726 5029 303 4866
11197 7584 6026 6795 6687
11198 7344 1542 6186 1360
11199 7347 3535 1479 1150
11200 7438 36 6445 4878
11201 7593 639 6396 640
11202 6617 336 2835 335
11203 8078 1040 7074 5887
11204 6356 4704 6095 5898
11205 7971 842 3825 3824
11206 5856 694 4746 4647
11207 6238 2407 4491 2405
11208 7969 2557 7681 4962
11209 7340 4004 6752 6323
11210 7344 5279 6872 423
11211 7340 3984 6855 4004
11212 7336 6207 6976 6349
11213 7336 6092 6976 6207
11214 7340 4004 6855 6752
11215 7412 1137 6642 1830
11216 7028 855 4905 3078
11217 7416 1376 3131 1373
11218 7779 5401 5625 220
11219 7431 5490 7369 7331
11220 8410 5892 8392 7553
11221 7412 6132 6642 1137
11222 8210 7029 7411 5984
11223 7833 5529 7596 6009
11224 7875 6111 7130 5805
11225 7552 4354 2954 2992
11226 8359 2509 1102 3344
11227 7432 5821 7351 5853
11228 7428 6236 6361 5803
11229 8212 5740 7191 4711
11230 7799 5518 7281 6988
11231 7784 6553 7164 5793
11232 7432 5853 7172 7167
11233 7836 5761 7781 6742
11234 7802 2818 6613 2814
11235 8262 1344 3048 1907
11236 8111 5884 6657 6038
11237 7021 1086 5569 2480
11238 7489 6183 7178 5759
11239 7930 5993 7698 7585
11240 7896 6123 6486 6080
11241 8399 46 7318 6932
11242 7573 6124 7552 6463
11243 8313 8277 8282 6121
11244 8175 6738 7912 7167
11245 7078 1275 5726 2880
11246 8167 4640 8061 3164
11247 8206 5550 7027 5928
11248 7716 6749 7473 5874
11249 8168 587 586 4925
11250 7414 6669 6686 6367
11251 7357 2503 2249 4605
11252 7344 5279 423 3068
11253 7433 5745 6389 5622
11254 7357 4605 6610 2503
11255 7342 4940 6529 4872
11256 6076 5914 5945 5900
11257 7613 3892 3795 5350
11258 7594 7247 7459 6123
11259 7676 6592 6920 2985
11260 7936 5372 5386 3937
11261 7795 1143 5749 2369
11262 8203 6496 7238 6652
11263 7357 5549 6610 6252
11264 7638 6473 7543 6082
11265 7434 5998 6446 6008
11266 8297 5841 7746 6180
11267 7967 3091 6186 5649
11268 8297 6202 7749 6180
11269 7999 369 4530 370
11270 7792 5560 6849 5957
11271 8113 6179 7466 6430
11272 7665 1372 1377 3122
11273 7354 5764 5866 5840
11274 7357 4605 2249 259
11275 7416 3327 7012 6227
11276 7435 5758 6747 5848
11277 7336 6030 6349 5563
11278 8175 6117 7912 5781
11279 7479 6532 7213 5576
11280 7699 5986 7207 5565
11281 7321 867 868 5316
11282 6958 806 6319 6114
11283 6617 335 2835 2827
11284 7309 6570 6850 6689
11285 7891 4713 2927 3582
11286 8053 6140 6772 5858
11287 8041 221 220 5413
11288 8412 262 8147 6995
11289 7082 1464 7013 1118
11290 7966 300 2266 4582
11291 8076 4732 7980 3246
11292 8056 5568 6404 5504
11293 8167 7336 8061 6635
11294 8079 5515 7946 6668
11295 7963 2044 6808 5445
11296 7434 7169 7338 5921
11297 7357 6034 6537 5674
11298 7347 1162 2631 2626
11299 7847 670 4182 669
11300 6658 3045 1342 3195
11301 7810 5704 6651 6231
11302 8050 6405 7475 7423
11303 8193 682 7858 6615
11304 7201 1442 1938 3347
11305 7436 6530 7343 7174
11306 7434 5501 7217 5807
11307 7344 3068 423 3055
11308 7357 5531 6614 6610
11309 7354 5636 6971 6577
11310 7875 5805 6605 6326
11311 7871 5592 6335 5502
11312 7783 2258 1777 994
11313 7357 5549 7209 6912
11314 7434 5873 6446 5998
11315 7357 6610 6912 5531
11316 7354 5585 6971 5636
11317 8231 6106 6576 6352
11318 7830 2648 7751 6514
11319 8039 1826 2550 2539
11320 8388 4337 5701 4952
11321 7836 6618 7674 7625
11322 8060 962 6779 967
11323 8232 6580 7962 7759
11324 8145 6497 6962 4632
11325 7342 3084 6529 6020
11326 7823 321 5819 320
11327 7704 1606 7062 5695
11328 7594 6218 6643 6080
11329 7979 4655 3713 3762
11330 7935 6980 7444 1400
11331 8032 5030 7317 4371
11332 8202 6109 7396 6923
11333 8203 1487 7238 6496
11334 6442 5091 5004 2628
11335 7347 5234 5996 2631
11336 7342 1545 6999 1543
11337 7862 3505 1123 2556
11338 7336 6349 6976 5563
11339 7342 4872 6529 3084
11340 7344 3055 6900 3068
11341 7357 5549 6252 6034
11342 7352 2472 6194 4549
11343 8086 5568 6113 5996
11344 7352 4722 6359 473
11345 7347 5234 3434 3535
11346 7343 6661 7174 5524
11347 7352 5237 4474 508
11348 7347 2631 5996 2626
11349 7343 5524 7068 6661
11350 7879 5672 6408 5333
11351 8031 6063 6179 168
11352 7830 1837 6734 2648
11353 8255 2766 7491 6531
11354 7435 5758 5848 5721
11355 8064 4792 7831 786
11356 8215 7427 7455 5889
11357 8025 4605 4856 2503
11358 8055 3543 2673 1181
11359 7337 1641 3715 3744
11360 7675 1773 7533 1992
11361 8065 3456 7128 1879
11362 8040 4299 7047 533
11363 8067 3612 3013 4442
11364 7807 3119 7145 2630
11365 8170 3654 7738 6012
11366 7893 7387 7465 7127
11367 7342 3629 1545 1543
11368 7342 3084 3629 4872
11369 7435 6457 6716 6187
11370 7879 5894 7046 5876
11371 7338 5921 7169 5515
11372 7334 4973 6371 2520
11373 7342 4872 3629 4940
11374 7338 5807 6077 5515
11375 8336 1386 8131 1919
11376 8228 5960 6758 5602
11377 7462 4130 6507 2155
11378 8253 2961 7934 6737
11379 7073 6301 6671 5690
11380 7078 2878 2860 5251
11381 7073 5660 6301 5690
11382 7889 7182 7234 5930
11383 8287 2247 694 695
11384 8020 2887 6679 5055
11385 7852 5711 6302 188
11386 7675 2438 1774 2436
11387 7791 2922 1876 1268
11388 7675 2396 1773 1992
11389 8036 5718 7595 6561
11390 8040 6624 7780 2535
11391 7855 3988 5416 5410
11392 7875 5545 6960 6830
11393 8099 4638 3373 2268
11394 8329 6254 7020 6717
11395 7830 1168 6734 1837
11396 7761 6025 7390 7132
11397 7438 2655 4878 2653
11398 7968 6493 7564 7139
11399 7334 3485 6371 4973
11400 7337 3744 6474 1641
11401 7336 5563 6976 5700
11402 7336 6207 6790 6092
11403 8104 6599 7351 7288
11404 7336 5700 6976 6092
11405 7334 4973 4736 3485
11406 7334 4736 6371 3485
11407 7435 6210 7086 5721
11408 7336 5700 7300 5952
11409 8014 3646 3149 4843
11410 7336 6092 6790 6337
11411 7336 6092 7300 5700
11412 8136 6059 7644 5751
11413 8283 1451 8006 3344
11414 8297 6447 7441 5541
11415 6958 3015 4547 807
11416 6830 5780 6617 6150
11417 8014 1558 6205 3294
11418 7776 6599 7273 6938
11419 7334 487 7042 488
11420 7334 2520 6371 5705
11421 7761 5558 6880 5539
11422 7334 487 4736 4973
11423 7438 2655 4837 4878
11424 7438 2653 6271 2655
11425 7438 6423 6583 5976
11426 7438 2655 2616 4837
11427 7830 6734 7751 2648
11428 8267 5745 7105 6389
11429 8349 3264 7098 3339
11430 8257 6045 7961 7696
11431 8283 1093 1102 2509
11432 7911 6319 7600 6427
11433 8311 6616 6734 2649
11434 7790 2174 6747 2180
11435 8014 1558 3294 3149
11436 7959 6398 7367 5707
11437 7830 2648 1168 1837
11438 7334 5705 6656 6510
11439 7438 4837 2616 3093
11440 8242 572 4130 2143
11441 8229 6585 7769 6013
11442 8030 928 6391 4039
11443 8008 7129 7309 5493
11444 7757 5725 6797 5511
11445 7776 3625 7273 3064
11446 7776 1541 1352 3154
11447 7877 6176 6453 5768
11448 8088 5539 6335 6280
11449 8222 609 608 4226
11450 8386 1914 8355 7088
11451 8106 3913 6736 5187
11452 8202 7203 7827 7396
11453 7852 188 4803 4798
11454 7776 6060 7273 6599
11455 7776 6599 6938 5814
11456 8377 3325 8156 6415
11457 8079 6652 7946 7030
11458 8268 4904 527 4389
11459 8028 4403 4891 3549
11460 7876 1541 3467 1350
11461 7777 3448 6935 1862
11462 7776 3625 1352 1541
11463 7776 5693 6599 5814
11464 8090 2481 6010 4895
11465 7855 5488 6804 6212
11466 8252 7031 7823 7402
11467 8080 3240 7247 1423
11468 8028 6668 7535 4403
11469 8284 5517 7421 5920
11470 8310 436 8037 6352
11471 8155 3382 7043 3381
11472 8077 4786 6296 365
11473 8028 1192 6668 3549
11474 7777 3448 7318 6935
11475 8351 6296 8077 6294
11476 7776 5814 6353 5693
11477 8412 4572 8359 4890
11478 7877 5815 6106 5532
11479 8028 1486 6668 1192
11480 8378 3539 8086 541
11481 8077 4755 7075 366
11482 8212 2671 7191 6673
11483 8229 537 8199 536
11484 8031 4348 4986 167
11485 8079 5870 7519 6668
11486 8417 6676 6930 5491
11487 8116 6304 6868 949
11488 8116 2057 5452 2042
11489 7157 3827 3902 5286
11490 8159 5540 7041 6217
11491 8108 6101 6672 609
11492 8079 5515 7519 5870
11493 8410 4376 7975 5062
11494 7278 6042 7105 5817
11495 8107 920 6181 925
11496 8079 6668 7519 5515
11497 6649 5126 4318 797
11498 7057 5789 5923 2216
11499 7959 6345 7367 5718
11500 7969 4962 7681 551
11501 7263 6188 7014 5628
11502 6847 3038 4924 4832
11503 7923 5484 7176 6611
11504 7850 6250 7225 6238
11505 6861 4936 6386 5778
11506 7885 2159 7313 1037
11507 5517 1338 1536 3034
11508 7741 2643 7023 5107
11509 8057 5861 7558 7330
11510 8065 1879 2889 3456
11511 7998 6282 6804 5606
11512 5652 2011 5225 5454
11513 6600 5016 4246 278
11514 8122 7863 7971 6820
11515 7860 4975 7856 2484
11516 6963 6037 6182 5607
11517 8146 5562 6648 6557
11518 8374 5925 8150 7000
11519 6390 5616 6001 5752
11520 6799 4901 6768 5569
11521 5660 605 4893 2371
11522 7837 5200 2618 4400
11523 5904 4090 4061 2039
11524 7397 3864 7024 870
11525 7649 7239 7554 6307
11526 7843 2739 6699 5175
11527 6683 5985 6491 5621
11528 7149 2720 6874 2733
11529 7441 6562 7287 6447
11530 8006 1812 1107 2303
11531 6051 4402 5254 3518
11532 7574 6323 6752 1749
11533 7105 5622 6389 5745
11534 6703 1436 3451 3267
11535 7754 5486 7387 6351
11536 6010 2481 3433 4236
11537 5701 4337 2851 3312
11538 7951 2797 6845 5942
11539 6229 4251 5754 4896
11540 7874 6013 6543 5504
11541 6246 3442 1492 3555
11542 6084 656 2164 4173
11543 7442 2731 6682 2701
11544 6497 3690 1957 3691
11545 7954 5469 7862 4599
11546 7443 6158 6339 5520
11547 6745 1040 2404 2409
11548 6201 301 3388 4569
11549 6743 3155 1385 3157
11550 5845 3745 1670 1637
11551 7348 5840 7237 5783
11552 5887 1040 1044 2404
11553 6462 1912 3632 3166
11554 7141 4989 6860 4405
11555 5722 3512 1465 1113
11556 5852 666 2171 665
11557 6971 6577 6816 6619
11558 6938 811 4571 810
11559 7020 104 3359 103
11560 6545 3309 1257 1871
11561 6122 304 4916 303
11562 7811 339 4804 4745
11563 7884 1437 7122 3254
11564 7445 5899 6239 5567
11565 7532 5767 5977 5865
11566 5640 2213 1587 1586
11567 6074 1785 5511 2437
11568 7397 872 5247 871
11569 7844 846 6117 847
11570 5918 563 4148 562
11571 6809 3594 6363 1573
11572 8037 4503 6352 436
11573 7591 2920 3034 4526
11574 7092 4840 4999 3522
11575 7019 3789 5766 3790
11576 7509 1895 1525 2946
11577 6220 3866 3926 872
11578 7777 7318 7454 5483
11579 6852 5846 6457 6187
11580 6618 5044 5056 417
11581 7162 2307 4458 3499
11582 8130 2572 8039 5706
11583 7541 6224 6577 5764
11584 6897 6594 6682 1852
11585 7245 116 6239 5673
11586 8290 4087 6884 942
11587 7816 5787 7260 6858
11588 7103 4184 2181 4163
11589 7182 3324 6854 5151
11590 7651 4591 2918 2915
11591 7363 6106 6352 5768
11592 5895 3212 1413 3317
11593 6645 5272 6133 205
11594 7486 5906 6890 5554
11595 7557 5501 7428 5968
11596 7509 7246 7319 6409
11597 7834 5759 7755 6269
11598 6585 1158 3530 2624
11599 6353 3067 4894 4574
11600 7874 5621 6350 5668
11601 7184 6826 7160 5021
11602 7356 5671 6666 6650
11603 6462 1908 3059 3073
11604 8129 6508 6918 6251
11605 7424 1682 6894 3946
11606 6777 4110 2108 4126
11607 8406 5619 7480 5645
11608 6158 592 4600 593
11609 7222 4153 555 556
11610 6651 6231 6287 4253
11611 7183 6178 6366 5576
11612 7528 5532 6576 6106
11613 7397 3868 3865 3929
11614 6004 3501 5916 4239
11615 6128 3276 6052 4264
11616 5648 4810 2702 2614
11617 6229 268 269 4118
11618 8142 5954 8044 5490
11619 7974 6628 7301 3834
11620 7725 5690 6148 6053
11621 6895 5986 6315 5837
11622 8120 4712 6654 6443
11623 6974 5641 6680 5664
11624 7047 535 6911 534
11625 7047 2624 6911 6684
11626 7447 3431 1065 2448
11627 7727 5629 6831 6149
11628 8340 6532 7286 7227
11629 7058 2085 2087 991
11630 7597 1985 7574 6235
11631 6062 3182 418 4279
11632 7449 6427 7288 5671
11633 8332 7138 8043 6425
11634 6144 5232 3655 4465
11635 8188 3302 4203 5141
11636 7628 5616 6451 5752
11637 8240 6792 7200 6915
11638 6601 5883 5910 5571
11639 8260 7682 7878 5896
11640 8049 4657 6218 6080
11641 6848 934 4076 941
11642 7403 944 5252 874
11643 7876 6353 7776 5814
11644 6966 5885 6817 5613
11645 7451 5768 6453 1410
11646 7399 1059 2400 1039
11647 7319 6720 7258 4879
11648 7265 4830 6202 181
11649 8111 6130 6782 64
11650 8063 7598 7853 5967
11651 6794 5679 6560 5570
11652 7307 2078 7204 6358
11653 6676 4434 214 5131
11654 7539 5868 6231 1619
11655 6047 5015 775 774
11656 7820 7148 7151 6833
11657 7914 4860 2734 2732
11658 7528 6164 6929 5622
11659 6171 665 5967 5852
11660 7391 2178 5777 676
11661 8384 216 215 3112
11662 7391 5091 6442 4284
11663 6438 3447 1860 1498
11664 7182 4518 3080 5151
11665 6563 5622 6042 5745
11666 8184 2939 7185 772
11667 6329 5644 5997 5666
11668 7189 3734 5810 5143
11669 6709 6284 6694 6079
11670 7300 442 6635 4422
11671 6376 5206 395 4451
11672 7141 4426 2622 113
11673 6172 1537 3120 1899
11674 6131 4812 4853 457
11675 7399 2400 6608 1039
11676 6932 47 6905 48
11677 7851 1415 1416 3225
11678 6999 4942 5821 3047
11679 8000 5822 7798 7326
11680 6558 5741 5997 5278
11681 7222 555 6691 556
11682 8306 6324 7091 3153
11683 6590 1010 1009 2128
11684 8038 6742 7996 1902
11685 8255 6853 7077 1219
11686 5923 2304 2214 4214
11687 7902 6425 6580 6229
11688 7545 6096 7398 6869
11689 7146 5558 6637 6209
11690 6788 6115 6168 3528
11691 5724 208 207 3003
11692 6667 5693 6554 5814
11693 7412 3399 6132 1137
11694 7215 1822 6419 6354
11695 8090 4895 2234 2481
11696 8271 5918 6342 5792
11697 7736 6498 6961 2548
11698 5880 2822 4819 183
11699 7651 6108 7359 2918
11700 7667 5520 6307 5713
11701 6984 2347 1026 3402
11702 7418 5596 7384 7097
11703 6991 4639 2282 296
11704 7667 7492 7534 5520
11705 6344 1090 5999 2521
11706 7089 467 5905 5195
11707 7901 291 6675 5658
11708 6934 2028 6884 4070
11709 5867 1731 3857 3859
11710 7665 5888 7612 1372
11711 6769 547 4481 548
11712 5905 468 4292 469
11713 7849 4290 5997 828
11714 8081 6560 6732 6605
11715 5739 1553 5644 3113
11716 6298 360 5392 361
11717 7141 2664 6174 2622
11718 7893 5541 7214 7127
11719 7557 5797 7428 5506
11720 7319 1525 6409 1528
11721 7844 5781 6024 1714
11722 5942 56 5928 3579
11723 8111 5555 6705 6657
11724 7431 6046 7369 6058
11725 7758 3310 7363 5229
11726 7568 5830 7143 1093
11727 7489 5876 7178 6183
11728 6407 2817 1262 1247
11729 6313 1725 5890 1724
11730 7453 6216 7060 5761
11731 6729 3097 202 4763
11732 6265 5013 5935 4349
11733 7602 2038 2032 2048
11734 7896 4657 6080 4993
11735 8073 3489 5249 4223
11736 7523 3396 2362 1700
11737 5217 5332 901 2051
11738 7489 7178 7197 5759
11739 6757 5504 6314 6257
11740 6578 6235 6364 6125
11741 6737 2946 820 4351
11742 7833 1746 7401 7033
11743 6705 5555 6130 5600
11744 7325 3356 6748 2449
11745 7601 6248 6354 6240
11746 8104 7155 8044 5548
11747 7664 6859 7284 5732
11748 7810 6651 7744 2275
11749 6863 3971 6509 1705
11750 7434 6008 6446 5803
11751 5747 3839 3836 1720
11752 7015 5582 5875 5502
11753 5989 416 3329 4914
11754 6544 5792 6342 5918
11755 7430 6389 7126 6193
11756 7940 5690 6671 5703
11757 8117 5656 6705 5555
11758 7226 3452 812 811
11759 6704 634 5348 3774
11760 7974 3831 5877 3910
11761 7413 149 7208 4456
11762 6567 6031 6271 5604
11763 7301 2069 5477 961
11764 6400 4475 5150 724
11765 6835 5610 6341 6310
11766 6934 3677 5255 4263
11767 6718 6242 6442 6073
11768 6415 1422 1424 3001
11769 7495 5644 6661 6329
11770 6250 183 4819 184
11771 7380 1394 1391 3182
11772 8062 857 856 4998
11773 5966 1673 1643 3753
11774 6553 5564 5860 5536
11775 7786 478 7002 5082
11776 6250 183 184 4868
11777 6661 5644 6515 5524
11778 8111 6130 6657 5516
11779 7916 564 4152 2138
11780 7595 775 4762 4939
11781 6520 6206 6399 5575
11782 6909 5614 6369 5903
11783 6973 1616 1617 3892
11784 7392 6341 6835 5610
11785 7503 5641 5749 5664
11786 6810 5024 238 2554
11787 7688 2489 2494 4604
11788 6509 362 5378 3934
11789 7679 6860 6871 3178
11790 6891 6349 6502 6338
11791 8008 6056 7762 5756
11792 8103 2846 7370 4340
11793 6575 5547 6450 5512
11794 7686 3461 6291 6137
11795 6963 6182 6795 5607
11796 7893 7214 7387 7127
11797 7433 5622 6931 5745
11798 6453 1566 1410 3218
11799 8266 5581 6791 5603
11800 6697 5494 6590 6418
11801 8037 5244 471 472
11802 6646 3728 3731 1648
11803 6752 1749 6323 3983
11804 6716 6068 6478 6187
11805 6453 1410 5768 3218
11806 6734 1163 2426 2634
11807 6179 169 4304 170
11808 6934 1568 3677 3248
11809 7627 5588 6963 5666
11810 6812 5949 6435 6281
11811 7935 1563 7080 6980
11812 7189 3731 3736 1648
11813 6312 5535 6208 6185
11814 7133 5638 6661 5765
11815 6453 1566 1926 3673
11816 6887 4749 5902 2330
11817 6646 3737 3735 1649
11818 7457 5909 7216 5582
11819 6697 588 587 4925
11820 7804 6370 7071 5855
11821 6460 4767 6359 5895
11822 7810 5595 5798 5544
11823 7049 4485 7019 737
11824 6146 5891 5952 3237
11825 5687 4255 5008 204
11826 7884 1937 6128 1440
11827 7585 4798 2871 4534
11828 5669 4198 4291 432
11829 7764 3578 7703 5460
11830 6776 2667 6567 2665
11831 6767 2656 4510 110
11832 6662 2290 5521 4931
11833 7982 5683 7663 5843
11834 8155 4475 7043 6400
11835 7821 6753 7505 6873
11836 7523 1700 6508 3396
11837 7874 5504 6350 6314
11838 903 904 5312 4043
11839 7929 5886 7711 5542
11840 8002 6221 7620 6099
11841 7634 545 4578 2552
11842 6592 2987 1284 2898
11843 6670 2826 6356 6136
11844 5905 468 469 4197
11845 6962 4489 767 766
11846 8068 6360 7233 5694
11847 7425 5524 5945 5937
11848 8185 1411 1565 3671
11849 6201 1684 5883 3388
11850 7879 5811 7314 6949
11851 7921 6709 6787 6277
11852 5823 3912 3906 1976
11853 7164 414 5860 2262
11854 5672 5466 2714 4589
11855 5999 1455 2530 3360
11856 7359 1338 5517 3034
11857 7635 1451 1102 2524
11858 6596 4675 3157 3163
11859 7491 6442 6718 2674
11860 6406 5771 6201 5614
11861 8097 6078 6953 6852
11862 6167 1120 6070 3437
11863 7488 278 6600 6170
11864 7647 5529 6374 5487
11865 6583 6423 6514 5667
11866 6778 3876 3873 1578
11867 7059 5799 6997 3393
11868 5744 3347 1938 3343
11869 5619 5164 430 429
11870 8002 2595 2599 4333
11871 8338 5861 8239 7657
11872 6033 505 5136 504
11873 8039 4455 514 515
11874 7240 4978 6165 5851
11875 8239 5498 6797 6721
11876 8009 5758 7939 6977
11877 7915 1925 6934 1568
11878 7878 1357 3629 3084
11879 7154 6489 7096 5931
11880 7552 4448 2954 4354
11881 6172 1321 5656 1899
11882 7779 6014 7750 4681
11883 8009 7228 7939 5758
11884 7549 5070 6784 2991
11885 6547 5748 6242 6210
11886 7948 6768 7765 6799
11887 6097 1433 5953 5884
11888 6876 3220 5733 1927
11889 5941 2208 2206 4601
11890 7927 7175 7176 6611
11891 8328 5719 7513 7279
11892 6551 2406 3204 2629
11893 7522 5741 6558 5278
11894 6437 1140 2586 1828
11895 8071 5725 6797 5633
11896 6131 456 5030 3661
11897 7472 5552 6745 5856
11898 5812 43 4729 2751
11899 6052 3255 3682 4964
11900 6414 2147 2157 1034
11901 8377 3679 3334 1570
11902 7832 5730 7329 6245
11903 7398 7249 7392 7309
11904 7700 1017 7531 6814
11905 7650 2978 6395 4782
11906 7010 5992 6014 5505
11907 6417 4896 6229 5754
11908 6449 1335 3027 1906
11909 902 2065 5127 5217
11910 902 903 5127 4017
11911 902 4017 5127 2065
11912 7524 3479 6038 1072
11913 7697 6179 7090 6598
11914 7898 5792 6199 5934
11915 8356 5018 7980 453
11916 7697 3615 4323 172
11917 8133 6161 6642 2594
11918 7260 3525 5787 2576
11919 6953 5846 6852 6078
11920 7547 4763 2904 3097
11921 8310 2477 4477 2476
11922 6861 345 5778 5058
11923 7547 2904 6729 5678
11924 7873 5421 3992 5408
11925 7547 4763 6729 2904
11926 5960 5583 5834 5744
11927 6535 5712 5947 5873
11928 6993 3711 6731 5105
11929 7549 2991 2996 5070
11930 8183 4768 6064 2939
11931 7547 5678 5796 1288
11932 7460 6667 7167 5693
11933 8073 7270 7937 3488
11934 7577 2785 4201 4459
11935 7668 6786 6796 5864
11936 6485 5834 5960 5583
11937 8353 5330 7015 734
11938 7337 5650 6700 6474
11939 6084 656 5972 4174
11940 7164 1387 5860 5564
11941 7587 2849 2872 1873
11942 6513 4922 4505 442
11943 6415 449 3251 3001
11944 7914 1203 5967 2732
11945 6070 3437 4578 5235
11946 7886 3519 6458 2583
11947 7496 5754 6229 4251
11948 7543 289 4126 4103
11949 7235 4339 61 62
11950 7461 2525 1091 2506
11951 7393 4237 6685 6230
11952 6894 3946 1682 3947
11953 5902 1003 2324 1787
11954 5887 2168 1045 1044
11955 7250 2729 1853 1206
11956 8173 894 4020 3848
11957 8023 5715 6299 5593
11958 5961 3285 2543 1114
11959 6385 3316 4652 2971
11960 7773 276 7446 4875
11961 7229 2680 5806 2537
11962 6363 1435 3266 1933
11963 7462 2143 7274 2144
11964 7428 5506 7013 6707
11965 8317 6616 6690 6514
11966 6587 4539 5222 3654
11967 5707 3694 1632 3742
11968 6877 5328 623 622
11969 7267 5485 6368 5794
11970 8156 5589 7429 6510
11971 7667 7492 7586 7534
11972 5916 1118 3501 1460
11973 8082 3490 1365 1555
11974 8041 5606 6855 5625
11975 6716 5758 6478 6387
11976 6010 3433 4899 4236
11977 5900 820 4941 4394
11978 6396 639 5347 5359
11979 6641 6430 6582 6438
11980 7359 6046 6322 6108
11981 6884 2062 2028 5431
11982 6548 1276 5639 2881
11983 6088 3190 3560 1397
11984 6025 4225 5716 4992
11985 6821 6169 6691 6054
11986 6274 4659 5701 3591
11987 6776 6567 6695 6234
11988 7514 6088 6728 1397
11989 6376 5554 5906 5878
11990 7922 4257 5804 3529
11991 6776 2387 1844 1182
11992 7513 4145 7279 4139
11993 7375 5526 6574 5535
11994 7354 6294 7350 6813
11995 7637 6045 7399 4663
11996 6041 3941 1677 1965
11997 6769 4481 6390 548
11998 7883 6398 7323 6306
11999 8081 6560 6920 6732
12000 7403 4083 923 929
12001 7694 5570 6794 6560
12002 7678 5509 6723 6440
12003 7590 4819 5880 2822
12004 7624 5483 7415 6383
12005 6121 1433 3249 3261
12006 7078 5550 7027 5726
12007 7253 3638 5164 3469
12008 7092 4840 3290 3521
12009 7525 704 6209 4393
12010 7730 5790 7620 6099
12011 6442 5721 6021 5777
12012 6825 5716 6204 5938
12013 6084 2165 1042 2164
12014 7795 2369 6965 5043
12015 6164 5156 5905 4410
12016 6302 4584 5574 188
12017 6265 5013 4349 2948
12018 6284 1779 2103 2111
12019 7751 4791 4493 2632
12020 6646 3730 1649 3759
12021 7190 2545 6882 5893
12022 6643 3209 3203 4697
12023 6344 1090 2521 4220
12024 8295 2420 6195 193
12025 8235 566 567 4144
12026 7700 5627 6318 5660
12027 7512 6287 7093 5728
12028 7365 5640 6189 6188
12029 6893 1211 2744 3558
12030 7688 6166 6194 2468
12031 7301 5477 5450 961
12032 7152 5791 6579 6127
12033 7542 5220 4436 3470
12034 6275 1579 2200 2201
12035 7300 3231 4695 441
12036 7870 5623 6662 6277
12037 7125 950 6862 4075
12038 5810 4194 3734 3727
12039 7711 5704 7259 6336
12040 7981 4772 5866 368
12041 8227 965 4020 2058
12042 6466 5828 5970 5761
12043 7982 6336 6943 6078
12044 6919 6677 6856 5992
12045 7777 2794 6279 3577
12046 6705 2956 5656 2955
12047 7979 4974 6731 3713
12048 7025 6436 6796 5796
12049 6083 1951 5818 3791
12050 7925 76 4702 75
12051 7812 5792 6724 5973
12052 6381 4594 6379 3337
12053 6703 1438 6471 1936
12054 8153 5726 7078 7027
12055 7089 3299 4292 4423
12056 6640 4802 4585 2253
12057 8086 3539 2626 541
12058 7745 5340 6910 728
12059 6931 5895 6876 6576
12060 8112 7249 7398 7003
12061 6993 5105 3740 3709
12062 7420 1694 1972 3959
12063 7325 1022 6333 2432
12064 6692 4236 6010 600
12065 6827 97 4345 98
12066 7220 6985 7008 5634
12067 6847 3195 3038 4832
12068 8159 5512 7505 7041
12069 8218 7770 8119 6865
12070 7352 508 4549 5233
12071 8336 4425 6596 4703
12072 6544 1027 2134 1014
12073 6046 1536 5517 1338
12074 8274 6531 7491 2766
12075 7003 6713 6918 6746
12076 8118 6366 7103 6839
12077 6629 4783 5774 372
12078 6975 5137 6400 6331
12079 7565 614 4472 3366
12080 7539 3764 3899 5310
12081 6464 3544 2679 1484
12082 7439 6773 7278 5632
12083 7000 5704 6651 6103
12084 7273 5896 6599 6060
12085 5810 4194 5143 3734
12086 6778 3873 5335 3783
12087 6942 5615 6186 5649
12088 7515 3602 1406 1567
12089 7199 1744 2397 2396
12090 7821 5547 7505 6450
12091 7462 6748 7325 6683
12092 6148 2219 4997 3361
12093 6631 1527 1898 3605
12094 8213 2492 7468 1015
12095 7464 3928 7305 3901
12096 5863 4709 4521 3141
12097 6795 3609 6137 2991
12098 6544 4147 2150 2151
12099 6169 552 2538 2363
12100 8271 6268 7916 6142
12101 7441 6109 7287 6693
12102 7321 5194 4444 868
12103 6723 3727 1675 1647
12104 7822 7225 7244 5631
12105 7273 812 4728 5115
12106 7369 6058 6650 6118
12107 7819 6126 6673 2663
12108 7043 5513 6499 5682
12109 7418 5994 6241 5596
12110 7827 6786 7610 6967
12111 7980 3246 3256 1431
12112 5971 3721 3720 4228
12113 8147 262 4113 4108
12114 7319 2981 1525 1528
12115 7708 4623 5786 2708
12116 8271 5918 7813 6142
12117 7657 6746 6918 6251
12118 7401 3412 196 2423
12119 7894 5220 7542 3630
12120 6032 4903 3401 4875
12121 7064 1813 1101 2522
12122 6453 3218 3217 1566
12123 8236 4965 2388 2621
12124 8399 6932 6950 4909
12125 6010 4895 4236 599
12126 7467 1799 7399 1059
12127 7119 1126 1823 2561
12128 7028 856 6710 5306
12129 7839 5129 68 5142
12130 6102 693 4746 4495
12131 7883 5926 6781 5577
12132 6496 2633 165 4752
12133 7992 1674 1964 3754
12134 7703 5460 93 4698
12135 7468 5627 6892 5618
12136 6682 1852 6594 1193
12137 6714 1159 2626 1481
12138 6648 5685 6110 5642
12139 7220 5646 7183 6985
12140 7632 5580 6383 5483
12141 7134 6700 6825 1641
12142 7317 455 4270 454
12143 7311 1051 1802 2175
12144 7903 6328 7407 6494
12145 7974 1715 7252 1717
12146 6780 802 4814 3026
12147 6489 232 5409 233
12148 7057 5789 6692 5528
12149 8199 1839 3533 2606
12150 8354 3030 7087 1336
12151 7304 3112 3081 1550
12152 6899 753 6660 5261
12153 7691 4924 6921 6434
12154 6798 5600 6130 5555
12155 6638 3266 6363 3594
12156 7727 5629 7673 6831
12157 7531 1018 6318 2140
12158 7442 624 623 5337
12159 7470 5519 5684 5648
12160 6957 2544 2297 4211
12161 7471 5953 6884 6270
12162 6935 3448 2690 1234
12163 6726 5946 6369 5561
12164 7472 5634 6889 5944
12165 5511 3425 4469 2437
12166 7976 3958 5385 349
12167 7860 4845 222 4975
12168 5945 5548 5937 5900
12169 7471 6135 6766 5516
12170 7348 5022 407 406
12171 8246 1770 7236 4009
12172 6415 3001 6129 448
12173 7237 404 6081 4521
12174 7903 6328 6494 2236
12175 8049 6080 7594 6123
12176 6004 137 136 5196
12177 6246 6021 6242 5748
12178 7750 217 4597 2470
12179 6369 4582 301 4569
12180 5743 3706 3705 4750
12181 7954 6263 7918 7076
12182 6031 39 4719 4865
12183 7678 6723 7455 5889
12184 7082 5916 6472 1460
12185 7472 5887 6745 5646
12186 7098 1573 6809 6363
12187 7616 6008 7393 6230
12188 5670 4065 4078 2018
12189 7783 2258 2266 1777
12190 7304 3109 3112 1368
12191 6684 5593 6404 5504
12192 6646 1676 3728 1648
12193 7716 6639 6749 5489
12194 5747 1978 5710 1720
12195 8039 4455 2550 514
12196 6083 3791 1611 1951
12197 6322 2947 1289 3263
12198 6694 4114 2079 2100
12199 8368 6834 8141 6870
12200 5810 5172 758 4413
12201 7535 6112 6481 4926
12202 6518 3043 3046 4738
12203 7477 4444 7458 7321
12204 6426 4191 6333 2380
12205 7171 5556 7116 6401
12206 6143 5118 3331 4677
12207 7889 5151 7182 6854
12208 7329 970 6065 4024
12209 8121 2791 6817 4435
12210 5766 2255 1950 1610
12211 5584 4642 822 823
12212 8148 6439 6590 6054
12213 6640 1609 2254 2253
12214 5887 1043 5634 2605
12215 7810 6231 7512 5704
12216 6663 1633 3698 1958
12217 6157 3283 1461 1112
12218 8039 516 5706 2572
12219 6424 3138 6186 1542
12220 7009 105 4577 3531
12221 6994 6185 6312 6208
12222 7564 5893 6498 6299
12223 6624 5088 532 531
12224 7363 3672 3218 4503
12225 7455 5509 7242 5882
12226 8360 6441 7616 6048
12227 7017 3662 1924 3291
12228 7475 5655 6674 6368
12229 6711 5628 6704 6072
12230 5740 114 2361 4718
12231 6720 823 5584 822
12232 8018 6719 7488 988
12233 7296 1741 6484 1990
12234 7476 5604 6423 6031
12235 7584 1315 6182 2973
12236 7476 6445 6583 6514
12237 7119 5760 6069 6011
12238 7477 3096 4296 3472
12239 8019 5599 7742 1637
12240 7699 5626 7518 6819
12241 5969 511 510 2461
12242 7271 6258 6582 5651
12243 6864 3072 1892 1524
12244 6033 5745 5965 507
12245 6932 5052 6905 47
12246 8171 7312 7942 5904
12247 7917 6851 6968 1864
12248 7827 5533 7061 6786
12249 7385 4378 231 232
12250 6686 5763 6602 6162
12251 8089 5792 6892 6342
12252 6201 1684 3388 3389
12253 7800 5870 6281 1187
12254 6302 5574 6250 5880
12255 6970 5951 6333 5572
12256 6665 2172 2187 4177
12257 7466 2677 5959 2767
12258 7488 278 2082 4120
12259 6151 4438 4596 3060
12260 7970 1523 6756 3044
12261 6284 2079 2103 1779
12262 7074 5684 6261 4167
12263 7934 4351 6737 2961
12264 6145 4843 56 5069
12265 6201 2332 4614 4569
12266 7997 6552 7668 7377
12267 7920 5569 7021 6357
12268 6711 6432 6704 5757
12269 8364 6633 7581 7123
12270 7766 5934 5939 2356
12271 7903 1657 2236 1599
12272 6361 2579 3511 5193
12273 7233 6595 7196 1918
12274 7224 4369 382 4362
12275 7984 2081 2080 4099
12276 6696 708 4324 4996
12277 6172 3322 5656 1537
12278 7768 3183 3206 4957
12279 8000 6102 7798 6431
12280 7237 404 4521 403
12281 7798 5909 7457 6431
12282 6784 789 5070 788
12283 8118 6839 7103 688
12284 7478 6813 7354 7350
12285 5743 5321 5539 741
12286 7283 2752 3426 4954
12287 7785 5835 6471 5960
12288 7472 5646 6745 5552
12289 8367 6234 7631 5643
12290 7125 5617 6754 5867
12291 8239 6721 6797 6159
12292 7290 5668 6350 5804
12293 7543 5680 6588 4124
12294 7677 5608 6888 5830
12295 6556 3811 5595 1621
12296 6966 5535 6775 6465
12297 6442 675 6021 4691
12298 7891 6401 7660 6095
12299 8076 3333 1570 1931
12300 7644 5618 7534 5751
12301 7979 786 7831 785
12302 6955 3106 6558 5750
12303 7955 5523 7448 6725
12304 7879 6949 7314 5894
12305 7945 6622 7236 5723
12306 7031 5680 6321 5511
12307 8270 5905 7054 5815
12308 6492 165 4628 164
12309 7746 6462 6854 1912
12310 6529 4940 3323 4313
12311 7162 1459 6498 3499
12312 6534 3761 1669 3748
12313 8258 6843 7965 5526
12314 8242 6507 7274 4130
12315 5680 4097 2118 2083
12316 7662 2650 7517 4876
12317 7293 5949 6679 5696
12318 8267 5893 6882 6033
12319 6867 5956 6821 5546
12320 7166 1208 6897 2735
12321 6167 1120 2642 2561
12322 7051 5780 6759 5858
12323 8396 6631 8265 6436
12324 7905 1147 2597 2386
12325 8118 2715 7286 7227
12326 7761 6880 7390 6025
12327 8118 2760 7286 2715
12328 8225 1264 7953 2861
12329 2212 1105 6255 2528
12330 8003 7179 7242 5882
12331 7824 5901 6205 5892
12332 5939 4887 2207 2475
12333 7599 5738 6692 6010
12334 8029 5765 7012 5630
12335 7440 6455 7110 6807
12336 7538 6405 7282 4741
12337 7579 6270 6766 6765
12338 7794 6757 6821 5911
12339 7877 6176 6285 5815
12340 6708 3033 5656 3620
12341 7381 5947 7256 6094
12342 7812 5792 5973 5808
12343 6597 5801 6365 6173
12344 6316 1048 5659 1063
12345 7024 868 5148 3927
12346 7330 3398 1706 1705
12347 6653 574 5200 4400
12348 7072 5751 5923 4900
12349 6289 3862 5762 5322
12350 6726 304 6122 303
12351 8241 6517 7218 5512
12352 6880 3896 6025 744
12353 6308 576 6057 4155
12354 7475 6674 7106 6288
12355 7150 3427 5881 4685
12356 5708 2825 1248 2821
12357 8018 986 7383 2544
12358 8003 5492 7179 5882
12359 7905 1472 1147 2598
12360 7143 1099 2517 2518
12361 5866 370 2941 4772
12362 7255 3226 6634 5733
12363 7160 4295 860 3105
12364 6320 5802 6041 2318
12365 8175 6000 6628 5514
12366 6544 2134 4149 2135
12367 7850 5880 7187 6302
12368 7812 5808 5918 5792
12369 6558 3645 3116 1370
12370 8169 6497 7959 5707
12371 8323 7312 7942 6091
12372 7389 7066 7132 6089
12373 7481 2101 6694 981
12374 6784 5650 6026 4388
12375 7744 3376 5798 2278
12376 5574 4558 2843 2829
12377 7911 6938 7273 6599
12378 8018 2082 986 1782
12379 7441 6447 7287 6525
12380 8244 7248 7380 6216
12381 6894 3935 6865 1681
12382 8379 6306 8314 8013
12383 8020 5055 2888 2887
12384 7881 5703 6005 2226
12385 6203 2613 2652 1153
12386 8234 5700 7035 6976
12387 7979 7658 7831 6160
12388 7478 6294 6813 5590
12389 7803 2005 6093 3907
12390 8070 95 96 5003
12391 7934 6737 7509 6265
12392 7885 4173 6178 6084
12393 8144 5432 6913 6862
12394 6969 674 4181 4172
12395 6391 924 5907 4037
12396 7465 6786 7127 6292
12397 6178 2783 5786 4623
12398 7112 5601 6835 5854
12399 7825 4664 6849 5058
12400 6867 2363 1132 1138
12401 6731 6160 6474 6204
12402 7758 4292 6285 5125
12403 6021 673 672 4898
12404 5935 4654 5845 780
12405 7824 58 5067 4808
12406 8160 6485 7278 5834
12407 7226 811 6938 810
12408 7881 1593 6053 1945
12409 8019 6280 7603 5605
12410 8123 2977 6395 2978
12411 7483 5542 6947 6565
12412 6677 217 5406 5415
12413 7324 5796 6609 2931
12414 7226 810 2935 811
12415 7170 5556 7116 6619
12416 6123 85 5099 4271
12417 7796 6866 7246 6915
12418 6539 4944 3621 3004
12419 5808 5090 4848 560
12420 7685 6816 7497 6572
12421 7795 5918 6965 5808
12422 7954 5969 7862 7362
12423 5867 3853 3857 1731
12424 8102 5922 7346 5698
12425 6999 5821 6803 3047
12426 6839 4170 4168 653
12427 7077 2764 1219 2763
12428 8038 1327 6539 1902
12429 8285 4088 7695 6347
12430 6345 4631 3699 3743
12431 7354 5636 6577 5840
12432 8121 5885 6966 5149
12433 7078 2891 6798 1281
12434 6673 2664 6174 2671
12435 7214 5503 6763 5841
12436 7956 5546 7117 6311
12437 6373 5754 6255 2212
12438 8250 6257 6757 5983
12439 8114 4085 6347 4066
12440 8278 6358 7307 6252
12441 6238 2403 182 4491
12442 7197 6005 6903 5703
12443 7382 1314 1328 2970
12444 8223 5597 7994 6978
12445 7215 6240 6419 5964
12446 7190 501 5879 5817
12447 7672 2607 569 2381
12448 6325 3689 1957 1629
12449 7268 3703 1669 3749
12450 6957 316 6842 6822
12451 6031 39 38 4791
12452 6287 4253 6231 4902
12453 7968 5579 7430 7176
12454 6688 584 6043 4468
12455 8242 4130 7274 2143
12456 5782 2640 5748 4898
12457 7462 2376 7333 1020
12458 5591 2059 5431 4897
12459 23 2059 4897 5451
12460 6700 3721 5971 5966
12461 7399 2612 6045 5010
12462 7648 2052 948 956
12463 7310 6247 7113 5775
12464 8066 5808 6334 5654
12465 7554 5528 7263 6188
12466 8039 515 5569 4637
12467 8001 2842 1261 1260
12468 7167 5693 6738 6117
12469 8235 2140 6268 2136
12470 6085 873 5243 4504
12471 6225 2717 1202 2718
12472 6380 6052 6191 5698
12473 7382 1314 2970 1880
12474 7280 4498 7152 6470
12475 5916 2315 3501 134
12476 7487 3124 6227 3328
12477 7833 6009 7316 7033
12478 7445 5753 7142 6730
12479 6685 2773 4308 3568
12480 7251 1183 6243 1189
12481 7538 6405 6847 6107
12482 8311 1141 6452 3400
12483 7027 1259 5928 2840
12484 7255 4723 6840 440
12485 7099 6300 6362 5513
12486 6406 4614 6369 6201
12487 6646 3730 6278 1649
12488 8124 5524 6558 5750
12489 7780 2311 1814 1109
12490 8053 7422 8046 6340
12491 6271 2638 4511 4865
12492 7909 3477 7433 4474
12493 7489 5894 7314 6949
12494 8113 5651 7271 6582
12495 6696 5086 5829 4996
12496 8226 2906 7377 3595
12497 8065 1879 7128 2889
12498 7389 5776 6829 6089
12499 7485 2641 1482 3540
12500 6531 4385 3561 2766
12501 8424 6933 8409 5566
12502 8191 6997 7059 5799
12503 6316 1048 1063 2422
12504 7739 2573 4484 2346
12505 7182 3643 6693 6007
12506 8381 6060 8304 7776
12507 8231 6106 6929 6576
12508 6498 2307 3499 1459
12509 7979 3713 6474 3762
12510 7904 5833 7592 5607
12511 7330 2367 6251 5861
12512 7687 3999 6235 4001
12513 8351 364 365 4509
12514 7820 5479 6713 6341
12515 8160 4266 7892 7291
12516 7717 5770 7683 5831
12517 7015 735 4624 734
12518 8376 5612 8092 6681
12519 7422 4639 295 294
12520 7548 5562 5967 5852
12521 7091 6035 6129 6030
12522 7237 404 4548 3005
12523 6767 5535 6203 6184
12524 7228 6615 6747 681
12525 7366 1468 6458 6099
12526 8423 6017 8413 8365
12527 6194 1077 1123 2472
12528 6934 5255 3676 4374
12529 6916 4143 552 553
12530 8127 7715 7901 2273
12531 7268 1959 1669 3703
12532 7378 5146 6074 4469
12533 6783 3177 1398 2361
12534 6057 577 4128 4134
12535 6848 4082 6347 2020
12536 7380 3173 6618 3182
12537 6090 43 5812 2751
12538 6751 2890 5158 356
12539 6730 6126 6673 6219
12540 7409 641 5319 642
12541 7538 4741 7282 6085
12542 7696 6943 7663 5685
12543 7491 2766 1220 2762
12544 8396 2963 204 5033
12545 8406 8170 8324 7088
12546 8111 5163 6705 6130
12547 6413 157 4282 5017
12548 8245 1191 7083 2587
12549 7832 5961 7329 6065
12550 7809 5950 7108 5859
12551 8225 5058 7825 5778
12552 6751 5393 358 357
12553 7471 5953 6135 5884
12554 6638 4910 492 491
12555 7577 1501 6775 6586
12556 6975 2444 6305 3350
12557 5817 5159 500 4380
12558 6812 162 5949 4985
12559 6658 3043 6518 1339
12560 6728 4633 5970 3192
12561 6518 3043 3036 1339
12562 7989 7396 7555 6923
12563 6489 5414 5409 232
12564 7528 5744 6042 5583
12565 6860 2361 5740 3177
12566 7960 5874 6749 6725
12567 5830 2510 1102 1093
12568 7083 1849 1191 3547
12569 7215 1820 2314 1115
12570 5812 2689 41 40
12571 8097 6889 7259 5542
12572 7096 2547 3282 4844
12573 5924 4930 2298 313
12574 7315 5795 6891 5620
12575 7522 5741 6955 6558
12576 6688 2201 6275 4468
12577 7684 6244 7159 6257
12578 7654 7172 7436 5507
12579 5733 3220 4739 4731
12580 6594 1852 2725 2700
12581 7988 5480 7345 6451
12582 6842 317 2357 316
12583 7061 6330 6730 5753
12584 7330 1704 2368 1705
12585 8003 6280 7761 7066
12586 6494 2237 5223 3367
12587 6769 4680 4146 546
12588 6484 1990 1741 3977
12589 6484 5399 5847 5839
12590 7513 4139 7279 2149
12591 6811 91 92 5071
12592 6147 2514 2515 485
12593 5656 3620 3322 5142
12594 6970 5572 6333 6023
12595 7056 1759 5978 3989
12596 5959 1493 1223 2677
12597 7018 3049 3065 1344
12598 8271 6244 7958 7813
12599 7492 5713 6339 5520
12600 6250 184 185 2410
12601 6775 1235 2795 1502
12602 7526 2418 188 4653
12603 7714 6006 7339 7038
12604 6998 5286 5260 4057
12605 8209 6229 7496 5754
12606 6518 3046 6114 4738
12607 7726 2470 1076 1160
12608 6235 1745 4001 3999
12609 7817 2882 5692 1523
12610 6998 3902 1716 3914
12611 5949 162 4360 4985
12612 7278 5834 6485 5583
12613 6203 3573 6185 4562
12614 6863 1706 6041 1677
12615 6072 632 4852 631
12616 7695 4065 7156 5670
12617 7933 1339 1333 3025
12618 6415 3251 6410 1931
12619 6512 3769 6283 3770
12620 7501 690 6196 726
12621 8137 132 133 3559
12622 6840 3226 5733 4731
12623 6632 5691 6225 1202
12624 6269 1947 2235 1598
12625 7035 5895 6389 5622
12626 7894 3630 7542 6579
12627 6167 1823 6069 1120
12628 6481 127 2491 4627
12629 6678 5577 6384 5926
12630 7762 6488 7129 5756
12631 6672 609 6101 4218
12632 7936 1690 6612 3937
12633 7549 1322 1323 2996
12634 7662 1176 1157 2622
12635 7119 6167 7076 2561
12636 7337 3747 1642 1643
12637 5952 3235 1421 3238
12638 7765 5546 6311 5760
12639 6220 5699 6086 5981
12640 7688 6194 7430 7405
12641 7494 1287 2903 2905
12642 5647 759 758 5311
12643 7708 4512 6940 2706
12644 6858 1478 2450 1166
12645 8192 5446 6789 915
12646 6697 5713 6339 5494
12647 7033 5417 6489 5409
12648 8020 6552 6679 2887
12649 7494 1883 6920 1518
12650 7402 1001 7058 7031
12651 6446 1453 1104 3488
12652 8021 5458 6827 5873
12653 7495 5176 3652 3098
12654 8105 5008 6575 2430
12655 7365 5640 5923 2214
12656 6464 3544 1484 1485
12657 6333 5157 3356 2432
12658 6290 3008 4319 3013
12659 7883 7323 7456 6306
12660 6019 4961 4818 3704
12661 6594 4839 5943 5742
12662 7748 3746 1670 3750
12663 6546 4525 6114 3046
12664 7879 5876 7046 6949
12665 8208 7396 7441 5930
12666 7330 3398 6041 1706
12667 8134 7116 7170 7112
12668 6956 1628 1627 3688
12669 6415 5736 6129 1929
12670 5917 50 5103 4742
12671 8158 6088 6831 1399
12672 6579 3631 3093 1361
12673 8068 74 7280 3161
12674 6460 3227 4555 3317
12675 8292 7963 8173 2058
12676 7013 2375 1464 1825
12677 7028 3078 6076 3094
12678 7121 1578 1600 2238
12679 6640 4585 5681 2255
12680 6452 5427 5961 927
12681 7059 5965 6194 3507
12682 6858 6175 6588 5787
12683 6450 1764 3418 2425
12684 6666 6427 6546 6526
12685 7911 7155 7273 7226
12686 7406 5764 7354 6577
12687 6610 1807 1089 2487
12688 6693 5958 6456 4859
12689 8044 5954 8012 7155
12690 6199 2132 4140 4131
12691 7033 1746 1984 3981
12692 6323 2403 6238 2407
12693 7720 2210 2209 4601
12694 7978 3815 3817 1974
12695 8050 6715 7840 6820
12696 5909 5502 5582 5538
12697 6283 5336 5337 3870
12698 6840 5700 6504 5733
12699 8156 484 7053 4267
12700 6784 5578 6687 6026
12701 6802 6125 6202 5880
12702 6143 3331 3169 1560
12703 5660 3405 2371 1017
12704 6378 6095 6213 379
12705 8197 815 7866 5073
12706 6558 5278 3645 3100
12707 7100 2529 6295 6071
12708 6558 3116 6515 1370
12709 6566 173 6430 6303
12710 7803 3907 5287 2005
12711 7477 866 6289 3472
12712 7496 4251 6229 268
12713 8062 4811 7241 858
12714 8252 7402 7411 7031
12715 7624 5483 6383 5580
12716 8100 5175 718 4244
12717 7214 6517 6522 5503
12718 7263 3877 6704 5344
12719 7780 1815 6071 2535
12720 6203 4562 2613 3573
12721 8239 6159 7212 6721
12722 5747 5187 3915 3843
12723 6726 302 5053 2294
12724 7356 6661 7343 7068
12725 6593 2466 5677 4480
12726 7483 5909 6947 5538
12727 6953 5846 6331 5542
12728 7742 4225 5716 3712
12729 6696 2265 6637 4996
12730 7385 6212 6373 5931
12731 7119 2567 1126 2561
12732 7134 3717 6700 1641
12733 7433 4722 3306 3212
12734 6290 833 4319 834
12735 5747 933 4042 4049
12736 6720 2974 6291 823
12737 7205 5841 6676 5131
12738 8123 2950 6397 1894
12739 7749 5491 6180 6125
12740 7497 5714 6944 5912
12741 7613 5635 7306 6899
12742 7781 5761 6062 5828
12743 5946 2294 981 2296
12744 8243 2942 6064 1889
12745 7699 6367 7426 6941
12746 7914 3441 2734 4860
12747 5820 4750 3707 3706
12748 8403 7332 8370 4104
12749 6281 1187 5870 1192
12750 7462 2144 4130 2155
12751 6181 4042 925 4035
12752 7238 5737 7030 6496
12753 7886 2582 2583 1139
12754 7498 6209 6637 5558
12755 8039 5956 7956 6799
12756 7776 3145 6938 3625
12757 6567 2667 1178 2668
12758 7199 1772 1744 3975
12759 7328 6788 7045 5995
12760 6104 2853 1274 1265
12761 7119 2567 4806 4552
12762 7440 6807 7007 5565
12763 7518 6155 6175 5626
12764 6956 3686 1627 1626
12765 7926 5212 6091 2023
12766 7711 5704 7512 7259
12767 6310 5385 350 349
12768 6718 2628 6442 3555
12769 8224 5510 7367 7230
12770 6616 4048 4027 2008
12771 5636 1302 1296 3010
12772 7628 5752 6001 5616
12773 7843 1057 6433 2447
12774 5820 4222 5743 5599
12775 6172 1899 3120 2992
12776 5647 5311 758 3897
12777 7656 5979 6181 6000
12778 7134 750 3720 3719
12779 6718 1214 1492 2750
12780 6573 1569 1425 3244
12781 7160 4295 6177 861
12782 8229 6806 7769 538
12783 7528 6106 6929 5815
12784 7764 3578 7724 7381
12785 6827 6463 6535 5873
12786 7044 3183 6205 1395
12787 7746 6241 7182 1356
12788 7211 5837 6315 5508
12789 5906 5570 5878 5554
12790 7880 4043 4017 5312
12791 7304 1368 1550 3107
12792 8001 5574 7852 7585
12793 7885 5846 6366 6305
12794 7880 5617 7125 6952
12795 6731 4349 5935 782
12796 7223 5882 7099 6362
12797 6391 17 3054 2971
12798 6295 498 6016 3360
12799 8269 7568 7856 2463
12800 7385 5395 7316 3990
12801 7500 2695 5908 3545
12802 7977 7598 7947 6874
12803 6726 5029 6422 304
12804 6597 2770 6365 4285
12805 7819 6219 6673 6126
12806 7482 1736 6086 3868
12807 6583 4493 6445 4873
12808 6526 803 4814 802
12809 5603 2045 959 947
12810 8056 6714 7347 5568
12811 6001 1008 5616 1006
12812 6391 4013 932 4037
12813 8036 5657 6561 5692
12814 7420 3392 6223 2350
12815 6590 2126 1788 2127
12816 8317 927 5961 926
12817 6143 1560 1387 3330
12818 6975 724 6400 5137
12819 6594 2725 5943 4839
12820 6594 1851 2713 1198
12821 6824 2976 6156 3462
12822 6520 4221 6055 4612
12823 8299 7167 7752 6117
12824 7501 5216 4576 726
12825 6172 2992 1321 1899
12826 6982 2089 4113 4102
12827 8122 7364 7971 7863
12828 7261 6385 6779 6346
12829 6437 3517 6132 1467
12830 7786 4730 7405 6460
12831 6536 331 4821 330
12832 7215 1127 2563 3510
12833 7493 1213 2643 1489
12834 6128 3274 3276 4264
12835 7523 320 5826 5819
12836 7853 5562 7598 6557
12837 7245 118 3224 4982
12838 5856 695 694 4651
12839 7800 6281 6464 159
12840 5708 2825 2827 1248
12841 8003 5882 7223 6527
12842 7679 3178 1393 2197
12843 8270 5744 6164 5815
12844 7769 6806 7347 3535
12845 5651 3570 2778 5160
12846 6707 103 4204 102
12847 7502 247 5423 248
12848 6099 1831 3520 2599
12849 7691 844 4529 4834
12850 7936 5372 6861 5386
12851 7400 6338 6773 5583
12852 7933 6151 7018 3060
12853 7222 4542 6691 555
12854 6697 6339 6590 5494
12855 7503 5749 6917 5664
12856 6916 6169 6691 4542
12857 6990 4787 403 402
12858 6225 2718 1199 2714
12859 7146 5357 3808 3896
12860 7500 5908 6100 3545
12861 8053 5788 6340 5802
12862 6952 5617 6288 6086
12863 6371 1811 1450 3485
12864 5967 666 5852 5104
12865 7626 5636 6971 6629
12866 7755 5759 7178 6183
12867 7779 6677 7750 6014
12868 6475 5101 3415 3417
12869 8289 1231 2749 1500
12870 6095 379 4364 378
12871 6148 4997 5738 4889
12872 6339 2344 590 2451
12873 6864 1892 6200 5692
12874 8270 6875 7569 5744
12875 7047 2609 5264 3530
12876 7709 1876 7308 3589
12877 7454 6407 6779 6346
12878 7223 5502 7216 5909
12879 6660 4379 5261 753
12880 7350 6818 7114 5554
12881 7223 6565 7109 6377
12882 7340 1986 7225 1753
12883 7327 5360 3775 3882
12884 7887 147 4743 146
12885 7192 2359 3395 1699
12886 7851 1418 3232 1412
12887 7307 2078 6358 2093
12888 7821 7401 7529 2423
12889 8348 6748 8339 7848
12890 7096 233 2547 4844
12891 7264 2233 7102 2232
12892 7085 755 6954 756
12893 7224 6477 6539 383
12894 7045 2588 6142 5995
12895 6036 2832 4557 338
12896 7804 5855 6857 6370
12897 8045 1516 6249 1290
12898 6998 3902 3914 5260
12899 8002 4333 7620 4368
12900 6272 960 5449 2073
12901 6768 5579 6166 5969
12902 7034 6248 6895 6580
12903 8155 6400 7043 5886
12904 7948 2550 2560 513
12905 7674 6639 6749 6742
12906 7434 6236 7428 5803
12907 7277 6408 7046 6521
12908 6705 4192 5142 67
12909 6155 5565 5986 5626
12910 6904 519 2460 4809
12911 6594 4839 5742 2700
12912 5928 2840 1259 1253
12913 7743 3013 6832 1533
12914 7064 2522 1101 1452
12915 7112 5601 6545 5982
12916 7728 7208 7511 6846
12917 6378 3320 1530 3318
12918 7272 319 5826 318
12919 7689 3201 7537 4274
12920 6913 5438 5432 913
12921 7993 5730 6135 6065
12922 7513 2149 7279 2158
12923 6562 1868 6447 1241
12924 6484 3994 3980 1741
12925 6793 6355 6785 6765
12926 6130 5884 6097 5901
12927 5845 3740 779 3745
12928 8177 4169 4175 2166
12929 6390 548 4481 4682
12930 6320 4546 2318 2317
12931 7108 6479 6528 5767
12932 7473 6466 6900 5874
12933 7687 6235 7574 1749
12934 6596 408 6482 409
12935 6169 4757 552 2363
12936 7181 6648 6985 5525
12937 6919 251 6856 5402
12938 7986 4761 7196 4794
12939 7661 1801 1061 2186
12940 6567 2668 1178 1165
12941 8110 254 4857 255
12942 6199 5808 5973 5792
12943 6318 3406 5738 2365
12944 7132 5728 7037 6664
12945 6897 2730 6682 2619
12946 7335 2982 1326 3003
12947 8027 7025 7610 5862
12948 7937 2527 7270 2220
12949 7498 7037 7132 5683
12950 7130 6111 6536 5915
12951 5639 3590 1276 1277
12952 8107 6181 7838 5755
12953 7510 5771 5883 5571
12954 7719 6421 6431 5822
12955 8112 5545 7770 6759
12956 5750 3106 1354 3156
12957 7824 4808 3579 56
12958 7581 5550 7123 6925
12959 8270 7054 7089 5195
12960 7349 5779 6092 5836
12961 6005 3881 3778 5317
12962 7057 599 4215 2218
12963 7882 4495 2244 2245
12964 7751 2632 2648 1163
12965 5754 2507 4896 4251
12966 7273 4728 813 3064
12967 7512 5843 6461 5735
12968 8151 5123 7131 4531
12969 7191 3542 6239 3543
12970 6601 3951 5383 3967
12971 6268 4144 2136 4151
12972 7890 3648 3150 1552
12973 5818 3894 5321 5356
12974 7379 6636 7103 6068
12975 7372 6196 7043 5886
12976 6295 5859 5999 5632
12977 6672 2228 608 4218
12978 7073 5627 6814 5660
12979 6147 2514 1097 2515
12980 5778 345 2872 2849
12981 7521 597 5464 4629
12982 8033 2889 7128 5679
12983 6685 3568 1221 2773
12984 6167 5568 6069 5760
12985 7134 3720 6700 3719
12986 8398 7395 8228 7065
12987 7402 991 2259 3384
12988 6887 4609 6275 583
12989 8223 5637 6860 6783
12990 8101 717 6651 4260
12991 6418 2327 4925 2748
12992 8075 2349 7672 2399
12993 6615 4186 681 682
12994 8247 119 7229 4701
12995 6409 1897 1528 3607
12996 7087 3029 1539 1336
12997 7439 5632 7278 5817
12998 8023 5859 7564 5999
12999 7798 6431 7457 5822
13000 6295 1106 6071 2529
13001 6604 6515 6533 5553
13002 6794 6003 6605 6298
13003 7002 4756 6357 2499
13004 7301 4025 961 4095
13005 6662 4678 306 307
13006 7322 5620 7315 6415
13007 8059 7354 7478 6294
13008 8229 5593 6911 6684
13009 6545 2688 1258 2838
13010 8262 6902 7018 1907
13011 5661 3482 1069 2460
13012 7872 6420 7553 6270
13013 7000 3430 2441 1064
13014 7820 6960 6989 6713
13015 6827 5458 5285 4361
13016 8137 133 2772 3559
13017 8281 3901 3900 1623
13018 7458 3651 6227 3126
13019 7302 2886 6274 3591
13020 6432 3774 5757 3803
13021 7337 3718 3747 4388
13022 6827 4361 4345 97
13023 7638 6777 7543 6473
13024 6827 4223 5458 97
13025 7524 1072 6038 1577
13026 7887 4743 7287 4560
13027 6518 5116 6319 3035
13028 7887 6456 7287 6109
13029 7728 5533 7511 6126
13030 6566 4356 172 173
13031 7044 6205 6270 6098
13032 6814 1031 5872 2154
13033 6788 3528 1474 1835
13034 6524 3602 1567 1414
13035 7296 1767 6297 4011
13036 7727 5268 3665 3293
13037 7410 1879 7128 1513
13038 8393 6504 8315 5779
13039 7106 5559 6393 6288
13040 6724 6257 6451 5480
13041 6659 3239 5899 3305
13042 6210 5777 6021 5721
13043 7515 1406 3209 3675
13044 7136 5519 6632 6375
13045 7951 2793 6845 2797
13046 6466 3040 6449 3468
13047 7392 5610 6713 6341
13048 6287 712 713 4880
13049 8311 5455 6616 2601
13050 6635 3235 4422 443
13051 6788 5844 6115 5995
13052 8090 6010 7468 6342
13053 7500 5515 6381 6379
13054 8336 6879 8131 5850
13055 7191 117 3542 4540
13056 7871 7147 7761 5539
13057 5877 3910 3831 5291
13058 7104 5587 5709 5639
13059 8334 7609 7931 7739
13060 6641 5746 6582 6303
13061 6391 1314 6385 2971
13062 7051 2329 6406 2331
13063 6201 5883 5897 5771
13064 7585 5499 7187 5711
13065 6289 866 865 5190
13066 6182 1532 6120 2972
13067 8118 5230 7227 3446
13068 8120 6141 6809 5767
13069 5782 4898 672 4300
13070 7694 6960 7070 5805
13071 7997 5678 7668 6796
13072 8410 6098 8014 7975
13073 7109 5513 6885 5647
13074 6448 3875 5466 5333
13075 6146 3234 1420 3228
13076 6649 3016 5833 4321
13077 7550 1805 1067 2195
13078 6155 282 2596 5186
13079 8383 7362 8191 6194
13080 6744 1571 5922 3682
13081 7688 4467 7405 475
13082 6550 5017 6413 4282
13083 6795 1529 6137 3609
13084 5798 4252 5191 3378
13085 5963 2777 1225 1218
13086 6758 3546 6149 5602
13087 7490 3810 3795 1664
13088 7911 5665 6938 6599
13089 7467 2171 7063 1046
13090 6310 350 4661 349
13091 7516 48 6936 4328
13092 6951 3803 1591 1652
13093 7640 4661 6607 4753
13094 6469 5060 6401 3582
13095 6580 6229 6425 6079
13096 6155 3523 5787 2576
13097 6339 2344 2347 4482
13098 7066 6089 6829 6025
13099 7800 1187 6281 1190
13100 8212 2671 6174 4720
13101 6498 1116 6157 1112
13102 6593 2488 2504 1807
13103 7382 6385 7261 6346
13104 8033 2952 2987 4451
13105 6164 3347 5744 5156
13106 7438 36 6583 6445
13107 7976 5662 7420 6986
13108 7029 6315 6488 6139
13109 6083 1659 3369 1611
13110 7738 6144 6519 3136
13111 8262 1344 7018 3065
13112 7211 5496 6488 6139
13113 6785 5667 6514 6423
13114 7537 426 6702 427
13115 6197 6005 6101 2230
13116 5919 5744 5834 5583
13117 6684 1475 3530 1158
13118 7324 2960 4986 4348
13119 6348 2826 6136 2813
13120 7494 3460 6920 1883
13121 7532 6809 7291 5632
13122 7189 1676 6646 1648
13123 6584 2498 2502 4676
13124 7854 5534 5902 5719
13125 5740 4563 116 4718
13126 7990 5721 7435 5848
13127 8174 2486 7357 2205
13128 6755 6079 6709 6694
13129 6626 6358 6602 5763
13130 6143 5860 5989 3330
13131 6691 556 555 4908
13132 7688 475 2494 4467
13133 6687 5650 6026 5578
13134 6744 3254 3681 1934
13135 7024 5617 6086 5699
13136 6417 2507 1456 3493
13137 6146 4733 3237 3234
13138 7059 1124 1821 3393
13139 7077 2759 1219 1859
13140 8308 6404 6684 5593
13141 7199 1991 6192 2434
13142 6836 1300 3598 1891
13143 5820 4222 3732 3707
13144 6297 5540 6217 5790
13145 7625 5689 7060 5860
13146 6058 3616 3465 4424
13147 8124 3099 6533 4295
13148 7573 6361 7552 6124
13149 8017 6859 7877 6733
13150 7538 3039 4735 840
13151 6304 2026 5580 4073
13152 6742 5034 3002 3464
13153 7115 5102 191 190
13154 6391 945 932 1993
13155 6175 4417 285 5231
13156 6947 5552 5686 5542
13157 7358 5768 6453 5779
13158 6546 3026 1905 1334
13159 7349 3148 440 3151
13160 7106 6847 6921 6405
13161 7251 4606 6382 2251
13162 8276 3142 7950 3137
13163 5730 1446 3479 3480
13164 7287 2816 1249 2819
13165 6049 245 246 5174
13166 7042 5009 6924 488
13167 6568 265 4115 264
13168 6052 1430 3682 3255
13169 6415 3001 3251 1422
13170 7657 5861 6251 6075
13171 5782 5094 671 670
13172 7730 5839 7620 5790
13173 6958 2933 3015 5046
13174 6883 4432 4199 3074
13175 6172 3120 5145 4354
13176 7743 5920 7690 6907
13177 7205 3073 4202 4462
13178 7884 1430 6744 6052
13179 7416 4454 6805 833
13180 6957 315 3383 4234
13181 6957 4211 2297 315
13182 6081 4707 3268 4766
13183 6886 1832 3288 2592
13184 6801 809 2942 4774
13185 6708 1544 6172 1337
13186 6760 5494 6043 5534
13187 7447 6400 6727 4386
13188 7518 5565 6155 5626
13189 7193 5203 2076 4433
13190 6646 4479 6278 5675
13191 7202 647 4428 3567
13192 5820 4222 5599 3732
13193 8348 6333 7607 6748
13194 7519 5908 7500 2695
13195 6567 1178 6470 2429
13196 6086 1982 3864 3865
13197 7465 5993 7187 6525
13198 7571 3185 3214 1404
13199 8302 5716 7742 6025
13200 7193 2076 6245 4433
13201 7520 5600 6249 2893
13202 6446 2555 3489 4223
13203 7564 5817 6016 5632
13204 8267 6042 7105 5745
13205 7550 2195 6636 1805
13206 7325 2432 6333 3356
13207 7141 4426 114 4720
13208 6930 1775 1774 2438
13209 5961 4024 5427 2015
13210 6754 3860 3864 1735
13211 6703 1438 3475 3269
13212 7326 1948 3784 3888
13213 6940 2702 5648 4810
13214 7630 4979 4307 2615
13215 6790 6030 6324 5564
13216 7470 6084 6178 5972
13217 5928 4808 2840 3579
13218 6703 3271 6471 1438
13219 6674 5988 6368 5655
13220 7875 6605 6960 6746
13221 5821 4942 4312 3047
13222 7433 5622 6389 5895
13223 5784 2465 2490 4857
13224 7346 5807 5899 5515
13225 6133 3421 1768 1741
13226 7389 6089 7132 5728
13227 8191 5799 7737 6997
13228 7854 6394 7279 3410
13229 8280 6386 7640 6986
13230 6827 3052 4345 4361
13231 7417 5576 7213 7071
13232 6662 307 306 3375
13233 7562 6730 7142 7061
13234 7521 3403 6506 2234
13235 7000 715 4253 714
13236 7435 5925 6457 6336
13237 5738 5120 603 602
13238 6609 4765 4628 165
13239 7046 5876 6521 6408
13240 6100 1184 2680 3297
13241 7851 6460 7786 5891
13242 7521 4895 598 4938
13243 7779 220 5625 219
13244 7779 219 5419 5401
13245 6584 4676 4756 480
13246 6775 3449 2786 1502
13247 7153 3450 6641 1226
13248 8275 5578 7652 7603
13249 7477 5638 6604 6289
13250 6733 5611 6198 5523
13251 7590 2822 2836 4819
13252 8330 7269 8069 7622
13253 8239 6159 7414 5493
13254 6584 2498 6357 2502
13255 6584 482 4565 481
13256 8171 6754 7048 5867
13257 6705 2955 5163 67
13258 7342 1543 3323 3629
13259 7936 6861 7659 344
13260 7919 3622 6555 5994
13261 7721 6823 7718 5871
13262 7522 5061 6955 6291
13263 6584 4676 2239 2498
13264 6559 5315 5368 3779
13265 7614 3379 6327 984
13266 7522 824 5061 825
13267 7523 5826 6075 5819
13268 8012 6915 7275 5954
13269 7631 5482 6523 6332
13270 7287 4560 6562 4740
13271 8031 4348 7324 4986
13272 8049 85 6123 4271
13273 7522 825 6291 5741
13274 7905 2604 7527 2598
13275 7917 2792 6968 3574
13276 7524 1577 3349 1072
13277 7525 4641 6045 701
13278 7522 5061 6291 825
13279 8290 2043 2035 4087
13280 6559 646 6365 5315
13281 8088 6335 7230 5492
13282 7980 453 5018 3246
13283 6566 173 6303 4356
13284 7100 3491 7064 6141
13285 7497 6553 6764 5860
13286 6884 5953 6766 6270
13287 7471 5901 6948 6633
13288 7491 6262 6718 6442
13289 7289 5616 6769 6390
13290 7852 188 6302 5574
13291 7525 4393 2260 703
13292 6283 1584 6119 1585
13293 7971 4924 843 842
13294 7615 391 7104 5208
13295 6726 5897 6201 6122
13296 7693 3054 6391 3053
13297 7735 1466 3514 3516
13298 7573 5193 7552 6361
13299 7053 6154 6620 5039
13300 7526 1756 6282 1755
13301 7823 2306 7031 2558
13302 6272 4984 5591 3185
13303 6878 5951 6394 6153
13304 7874 6013 7837 6543
13305 6246 3442 3555 4691
13306 7527 2598 3524 1472
13307 7527 4933 5113 3524
13308 7164 2262 6764 414
13309 7402 3384 7058 991
13310 7002 479 478 4502
13311 8230 250 251 5152
13312 6939 5668 6350 5849
13313 8013 5869 7230 6325
13314 7223 6362 7099 6527
13315 6878 6333 6683 5951
13316 6283 1585 3870 1584
13317 6946 6111 6536 330
13318 7122 6381 6744 3681
13319 7213 5876 6949 5527
13320 8054 6275 6688 5894
13321 8181 7564 8023 6299
13322 6754 1735 3864 1982
13323 7462 6748 7333 2376
13324 6810 3513 5722 2554
13325 6074 5146 2302 2437
13326 7915 6097 6253 5248
13327 6511 5189 6134 799
13328 7528 6042 7105 5583
13329 6443 4712 3491 4683
13330 6354 2321 4903 4969
13331 6688 2202 4468 4615
13332 6115 529 3528 5113
13333 6114 4789 805 804
13334 6582 5613 6574 5746
13335 6319 807 808 4438
13336 7365 3879 6188 5323
13337 6977 6073 6857 6173
13338 6443 3491 6141 4683
13339 7542 3470 4436 3619
13340 7672 7045 7328 7101
13341 8235 2141 2140 4141
13342 7910 6723 7388 6440
13343 6678 2934 6384 5577
13344 5636 2958 1307 1296
13345 6780 5888 5991 3031
13346 7951 2793 6851 2789
13347 6168 3528 6115 529
13348 7827 7562 7610 7061
13349 7944 3463 6720 1528
13350 7329 4024 6065 5961
13351 7192 2359 6842 5826
13352 7032 779 5845 4654
13353 7482 6086 6972 6952
13354 7727 7537 7689 3201
13355 6726 302 6369 5053
13356 7645 5664 6206 5575
13357 8175 6628 7301 5877
13358 7335 6598 6631 5724
13359 7209 5674 6686 5549
13360 6505 2704 6225 1194
13361 7389 6829 7066 6089
13362 7103 687 4184 686
13363 6492 5696 5949 5864
13364 6508 3963 6251 3970
13365 7840 3821 6820 1710
13366 7743 3011 1329 1331
13367 7159 6244 6724 6257
13368 7529 4949 7401 6274
13369 7628 1007 6418 1008
13370 7132 6089 7066 6025
13371 6555 5724 5827 5503
13372 7605 5661 5706 4943
13373 7389 6089 6973 5776
13374 7433 3477 3306 4474
13375 6425 2103 6284 6079
13376 8151 1926 3671 3673
13377 7831 7111 7658 3607
13378 7389 5776 7066 6829
13379 6608 1043 1039 5478
13380 7946 5515 7169 5921
13381 7546 305 306 4917
13382 7531 1019 6814 1017
13383 8157 990 7058 1000
13384 6178 4623 654 653
13385 7561 6522 7214 6517
13386 8089 6544 7898 5792
13387 7544 5554 6247 5570
13388 6524 3221 1414 1928
13389 7305 5513 6499 6260
13390 6209 704 5881 4977
13391 7754 6351 7647 6374
13392 8051 7084 7693 6722
13393 5942 3579 5928 2801
13394 8108 610 5155 2449
13395 5961 4514 2543 3509
13396 6628 5514 6000 5710
13397 5645 3104 1914 3114
13398 7929 7259 7711 7512
13399 6442 4691 3555 5004
13400 7204 2097 5763 2098
13401 7486 4449 398 5147
13402 7101 1151 6684 5804
13403 6902 3061 3057 4834
13404 7456 7276 7421 7323
13405 7804 5522 7295 6857
13406 7350 6247 7114 5775
13407 7938 4207 6774 4461
13408 7189 1648 3734 3729
13409 6171 5037 4860 664
13410 6860 3177 5740 114
13411 8202 7827 7989 7396
13412 7268 5820 6019 1960
13413 6762 5589 6502 5977
13414 7063 2171 5852 2170
13415 6075 322 4452 321
13416 7649 5528 7534 7038
13417 7784 5793 6596 5850
13418 7916 564 2138 4148
13419 5804 3529 3411 1475
13420 7878 3084 3083 1357
13421 7989 6258 7555 5746
13422 7540 6000 6181 5747
13423 7107 1215 6935 2751
13424 6171 5525 5852 5562
13425 7802 2814 1250 2833
13426 7676 2905 6459 5236
13427 8171 5904 7942 5171
13428 6972 3867 5225 3930
13429 6430 4298 5170 3447
13430 6842 3394 4245 316
13431 6546 6114 6518 3046
13432 5998 2220 1809 1078
13433 6784 4388 6026 5275
13434 6697 4601 5941 589
13435 6354 5586 6240 6032
13436 7910 3739 3736 4213
13437 7583 6197 7197 5703
13438 6175 4098 4125 283
13439 6085 837 5265 873
13440 7748 5845 7032 1670
13441 7089 3199 6222 1564
13442 7708 2702 1850 1194
13443 5838 198 197 2901
13444 7182 1356 6854 3080
13445 7996 5912 7836 7625
13446 7958 6939 7672 6350
13447 6629 4777 2966 4783
13448 6772 6140 6406 5858
13449 7369 6040 6526 6046
13450 7550 1058 7379 6636
13451 7664 5732 6790 6207
13452 8029 5630 6666 5559
13453 7536 3763 5242 4230
13454 6450 5002 3418 3419
13455 7082 3502 4315 98
13456 7134 3716 6825 5938
13457 7911 5665 6319 6151
13458 8177 4839 5742 4583
13459 6808 5481 6791 5670
13460 7970 6756 7866 2949
13461 7889 6303 7418 5596
13462 8078 5646 6084 5727
13463 6242 6021 6210 5748
13464 6776 2387 2666 1177
13465 6293 4626 3150 5038
13466 8156 5589 6410 5736
13467 5741 5273 4395 825
13468 6194 3507 4549 2472
13469 6653 4130 6507 574
13470 6339 4482 590 2344
13471 7567 3086 6942 1546
13472 7010 6014 6752 5505
13473 5821 4935 3062 4312
13474 7353 6667 7106 5665
13475 6653 5200 6507 6308
13476 7482 3924 6972 3867
13477 7615 5709 7368 7104
13478 7721 6193 7126 5871
13479 7888 7236 7474 5422
13480 7516 49 4297 48
13481 6754 3863 1735 1982
13482 6884 2062 5591 5449
13483 6308 4155 575 576
13484 7723 3875 1581 3874
13485 6567 5604 6271 5791
13486 6670 2834 2835 4557
13487 6289 5322 5762 3857
13488 6884 4071 5953 4070
13489 6481 126 127 4710
13490 6567 1165 6271 2668
13491 7244 3985 4002 1753
13492 7140 4917 2339 2338
13493 5989 4625 3329 416
13494 6008 5803 5968 5916
13495 6576 5700 5733 5532
13496 6735 3377 1453 2511
13497 6423 5604 6271 6031
13498 8216 7070 7478 6771
13499 5747 1721 3915 3839
13500 7000 2757 4247 5098
13501 7459 5922 7346 6659
13502 6232 3180 77 78
13503 6819 6139 6669 6315
13504 6100 3297 2680 4283
13505 6735 4258 6018 2257
13506 7774 6397 6971 6629
13507 6452 927 930 5427
13508 6861 4936 345 5372
13509 7847 4180 668 4179
13510 6594 1852 5943 2725
13511 6914 431 4198 3211
13512 8189 6488 7211 5496
13513 8117 2955 1521 3088
13514 6130 4347 5600 5169
13515 7145 2630 3119 1161
13516 7066 5716 6829 5776
13517 8177 4169 7504 6261
13518 6544 2135 6342 1014
13519 6832 2999 1533 1325
13520 8294 7232 7998 5487
13521 7537 425 4275 5268
13522 7685 6224 7448 5489
13523 6318 4981 5738 3406
13524 7440 6807 7110 5992
13525 7537 425 4392 426
13526 7318 5483 6935 6090
13527 7519 5074 124 2687
13528 7601 2546 6417 5471
13529 7536 3757 7388 6259
13530 6348 5774 6136 5585
13531 6172 1537 1337 3619
13532 6961 5715 6806 6299
13533 6640 698 6608 4802
13534 7337 3747 5650 4388
13535 6155 5594 6051 5986
13536 5902 2440 1025 1004
13537 7313 5552 6953 6625
13538 7421 6866 7219 5607
13539 7904 4230 7536 6259
13540 7538 3045 6847 4735
13541 7539 3764 3810 1619
13542 6812 5949 6698 4985
13543 6148 3362 6053 1653
13544 8279 6722 7382 5907
13545 6154 482 5039 483
13546 6018 5921 6008 5998
13547 7540 4035 2054 966
13548 7243 6719 6957 5924
13549 7569 464 465 4384
13550 8117 1521 1884 3088
13551 7944 1323 7549 2994
13552 7818 5508 7488 5837
13553 8221 1407 6914 3211
13554 6407 4016 4040 4326
13555 6272 2073 5591 4984
13556 6026 3752 4388 1643
13557 7542 3470 1337 1544
13558 7855 5403 3987 4007
13559 6642 5990 6334 6161
13560 6913 5438 6862 5432
13561 6682 1852 1193 2730
13562 7465 5993 6525 5543
13563 6646 4479 3735 3737
13564 7529 4949 4951 2424
13565 7936 5560 7659 6861
13566 7252 3835 3832 5293
13567 5970 421 4633 420
13568 8322 2070 8144 6952
13569 7539 5635 6954 6908
13570 6755 5561 6709 6669
13571 6826 5750 6500 5945
13572 8022 5968 7428 5501
13573 8295 1983 7833 6343
13574 7782 338 6601 6036
13575 7628 1008 6001 2125
13576 6051 4402 2382 281
13577 7511 5557 7208 6928
13578 8310 437 5733 4739
13579 7514 3188 4988 4372
13580 6706 2832 3581 1505
13581 6582 6258 6574 5613
13582 5848 678 4284 5267
13583 6252 5549 5784 5633
13584 7481 5561 6694 6686
13585 7669 6009 6837 6374
13586 7543 287 6588 288
13587 7047 3530 5264 534
13588 6856 3998 5425 4000
13589 6263 4820 2642 5178
13590 6300 727 763 5340
13591 6534 6019 6047 4818
13592 7481 6694 6755 6686
13593 6464 5696 6281 5870
13594 8277 2038 7602 2048
13595 6703 3269 5960 3345
13596 5932 3839 1720 1721
13597 7955 6818 7480 5523
13598 6841 5472 5051 817
13599 7822 1987 2413 2415
13600 7667 5520 7534 7239
13601 6021 4898 3443 5117
13602 6636 1805 2195 1055
13603 7292 6669 6787 5561
13604 6452 5475 5961 3515
13605 7816 7110 7440 6455
13606 7224 5948 7171 6477
13607 6901 386 4870 385
13608 8113 6582 7271 5862
13609 7881 6006 7617 6005
13610 6024 3912 5823 1976
13611 6757 5504 6404 5568
13612 8066 6161 7503 5654
13613 7529 2424 4951 4249
13614 6019 4961 3704 3741
13615 6373 230 2508 2212
13616 7378 5861 6075 2366
13617 6954 5310 3899 754
13618 8200 646 6559 3891
13619 7294 6381 7122 5012
13620 7459 6659 7346 6524
13621 6987 6341 6548 6228
13622 6388 1508 3584 3585
13623 6304 2047 957 2066
13624 6150 332 333 5064
13625 7253 1366 5645 3104
13626 7335 1326 2984 3614
13627 8197 816 5073 3599
13628 8010 6994 7994 5637
13629 7103 687 2179 2195
13630 6587 4517 4539 401
13631 7420 1694 3392 2350
13632 7836 6742 7781 4355
13633 6963 6137 6866 6015
13634 7903 2308 7565 6328
13635 7390 1662 3809 3893
13636 7426 5549 6602 5633
13637 7372 5682 6196 5686
13638 8289 1231 1500 3303
13639 5905 4197 4410 468
13640 6472 5873 6446 5803
13641 7681 2538 2549 1111
13642 7632 937 938 2036
13643 7545 6772 7292 5897
13644 6653 4132 2155 574
13645 7824 5550 7581 5892
13646 6220 3866 872 873
13647 7786 5871 7002 5891
13648 7166 6591 6874 6815
13649 6175 2576 5787 3525
13650 18 4013 5057 4311
13651 7119 2343 1823 1126
13652 5923 3358 2216 1589
13653 6424 389 390 4305
13654 6402 237 5024 5085
13655 5922 1571 3337 1930
13656 8062 858 7241 857
13657 7597 2401 1748 2402
13658 7486 4465 5153 398
13659 7234 4518 178 179
13660 6415 1424 3242 3001
13661 7993 6065 7832 5730
13662 8368 6647 8364 6834
13663 8018 2544 6719 1782
13664 6138 1392 3660 3176
13665 6413 2875 4800 157
13666 7912 6117 6738 6353
13667 7174 6288 6393 5559
13668 7414 6602 6686 6159
13669 6992 1097 2458 2515
13670 8289 6214 8128 6851
13671 7869 3019 6131 3661
13672 7912 848 5288 5305
13673 8127 6358 6626 5763
13674 7495 5765 6661 5638
13675 7442 6283 6682 625
13676 7450 5601 7112 5982
13677 6620 4499 482 481
13678 8157 1783 3440 2305
13679 8359 3344 8283 8006
13680 7062 1607 5695 1606
13681 7664 5732 6572 6553
13682 7777 1503 7318 3448
13683 6289 5322 865 866
13684 6653 6491 6507 2155
13685 7546 306 6662 4678
13686 6697 590 4822 2451
13687 6229 4251 4896 268
13688 8413 4382 8365 3338
13689 6708 70 6583 4580
13690 7797 3365 7264 2231
13691 7580 5736 6762 5563
13692 7995 7505 7529 5547
13693 6864 2969 1313 1524
13694 7366 2355 1133 1468
13695 5754 1092 2285 1105
13696 7643 6315 7029 6139
13697 6203 108 2613 4562
13698 7777 1503 2794 3577
13699 7782 338 4557 337
13700 7866 4313 6529 814
13701 6199 2133 4140 2132
13702 8018 5508 7383 6170
13703 7981 367 7075 368
13704 8296 1920 3657 1557
13705 7839 5129 6657 5933
13706 7702 1632 5707 3694
13707 6657 2516 5129 4192
13708 7489 7314 7407 7299
13709 6618 3182 3173 4990
13710 5883 1684 1685 3967
13711 8050 7423 7475 5655
13712 6544 560 5808 4147
13713 7383 2297 986 999
13714 7831 3607 7658 2980
13715 8062 856 7241 7028
13716 7615 6186 7567 7177
13717 7096 2547 5471 1458
13718 7277 2711 6521 2710
13719 6648 5562 5852 5525
13720 6230 132 131 5274
13721 7936 344 7659 3955
13722 6836 2924 1295 3598
13723 5747 2006 2013 4042
13724 7336 5700 5952 5563
13725 7445 5515 6379 5899
13726 6680 6115 6655 6028
13727 7018 5814 6938 6151
13728 7165 5854 7116 7112
13729 7194 4754 2812 2803
13730 7579 4093 4060 907
13731 7489 6949 7314 5495
13732 7817 1523 1310 2882
13733 7054 3199 5195 4373
13734 7629 7136 7213 5576
13735 6795 6687 6784 6015
13736 7901 5658 7463 2453
13737 8255 1858 7491 1220
13738 8175 7067 7912 7252
13739 7854 4487 6215 6153
13740 7377 3595 2906 1519
13741 8214 1492 6246 3442
13742 6027 1838 1478 2636
13743 7053 1569 6620 5736
13744 5946 5561 5903 5614
13745 8047 635 6432 5354
13746 7881 1945 6053 2222
13747 7548 4932 5967 2593
13748 7787 5572 6970 6328
13749 6701 3815 3869 5290
13750 7206 3835 6738 5293
13751 6812 2705 4877 3548
13752 7797 3364 6101 3365
13753 7982 6078 6852 6336
13754 7336 6573 6635 4824
13755 8238 4950 6829 747
13756 7821 6450 7505 6753
13757 7984 273 7962 7722
13758 8129 6918 7801 7192
13759 6621 4995 2896 3459
13760 6033 5136 506 4419
13761 6495 593 6158 4598
13762 8058 1263 7900 2847
13763 7902 2102 4121 2099
13764 7146 1661 6637 1613
13765 6406 6201 6369 5614
13766 7470 5519 7181 5684
13767 7256 5712 6094 5947
13768 7753 6463 6535 5726
13769 7283 5816 7150 7063
13770 7251 2675 1183 1189
13771 5900 4725 5584 4642
13772 7014 4401 629 630
13773 6169 2378 6132 4542
13774 7378 4189 322 323
13775 7129 5496 6488 5624
13776 6624 2535 4235 5088
13777 6471 3342 1428 1574
13778 6692 4236 600 599
13779 6692 5618 6010 5751
13780 6378 5556 6095 5898
13781 6038 2464 3348 1072
13782 6826 5750 6530 5524
13783 7150 5659 5829 1049
13784 6130 5163 5600 4347
13785 7233 6551 7145 1371
13786 7774 2951 1312 2953
13787 5672 5333 5466 4589
13788 8080 3233 7459 4692
13789 7000 714 4247 715
13790 7794 5546 6821 5956
13791 6424 5078 6163 388
13792 8136 5520 7644 6059
13793 7254 359 6298 6044
13794 7298 358 6751 6044
13795 6881 1673 6026 5966
13796 6051 4402 280 5254
13797 7968 6389 7439 7408
13798 7403 1707 3816 3814
13799 8180 5573 7508 6877
13800 7914 5104 4860 2732
13801 7710 5892 7581 6925
13802 7773 6032 7446 5837
13803 6120 4335 2972 5210
13804 6238 5880 6202 6125
13805 7773 4875 7446 6032
13806 7401 3412 1746 2398
13807 8000 5822 7719 6431
13808 6621 1519 3459 1283
13809 7024 5617 6754 6086
13810 7623 6037 6120 5666
13811 6041 2318 1677 2317
13812 6155 5986 6051 5626
13813 7550 2444 6975 2456
13814 6637 1613 1661 3370
13815 7285 5760 6757 5568
13816 8352 638 5031 2750
13817 7285 6404 6757 5911
13818 6883 174 3075 4356
13819 6313 1722 3842 1724
13820 5851 4978 2443 5098
13821 8071 7815 7901 975
13822 6390 4682 4748 549
13823 7680 5639 7151 7113
13824 7551 2473 94 2220
13825 7704 696 2252 2248
13826 7253 3638 430 5164
13827 8380 8230 8344 6919
13828 7757 5511 6321 5680
13829 6024 3828 1713 1976
13830 7153 1226 6641 6438
13831 7189 5889 6646 3759
13832 8190 4515 7026 4829
13833 6553 5793 5850 5732
13834 7366 4246 2355 5254
13835 7508 5573 6225 2718
13836 7224 5035 2943 4362
13837 7541 5783 7237 5840
13838 7446 274 6480 6032
13839 8001 1261 2829 1254
13840 7730 7079 7207 6807
13841 7047 534 5264 533
13842 6014 219 5625 4480
13843 7380 3291 7017 1394
13844 7497 5860 6572 6553
13845 6128 6052 6077 5698
13846 7402 5819 7272 4219
13847 7520 6798 7235 6097
13848 7552 5193 6707 6361
13849 8252 5819 8210 7402
13850 6393 5888 6085 5630
13851 7146 1661 3808 1660
13852 7851 1412 3232 1415
13853 6766 4087 2019 5456
13854 7017 3022 4279 5467
13855 7400 5518 7395 6338
13856 6231 2274 1619 3374
13857 7021 1084 2227 1081
13858 7796 5588 6256 6015
13859 7437 6371 7334 4736
13860 7361 3079 4394 3095
13861 7651 766 4591 765
13862 6069 4481 2343 2566
13863 7842 3199 7054 4373
13864 7873 5790 6297 6217
13865 8062 857 4998 4855
13866 6593 4480 2488 2466
13867 7539 6899 7490 3810
13868 6448 3874 3767 5334
13869 8000 6431 7798 5822
13870 6021 675 674 4691
13871 6424 3071 4305 3627
13872 6795 2973 6182 1319
13873 6136 2826 4813 2813
13874 7555 5746 6586 5930
13875 6477 385 4734 384
13876 7298 358 2885 3592
13877 8362 6002 7589 6630
13878 7884 3276 6128 1937
13879 7481 2110 4115 4109
13880 6845 4892 6145 5942
13881 6862 5772 6288 5617
13882 7388 1646 3726 1647
13883 6293 4032 6272 4626
13884 6285 3310 3207 1411
13885 7908 1859 6853 1224
13886 7883 6306 7367 6398
13887 7954 7362 7862 5799
13888 6942 3640 1366 1548
13889 7194 1244 2802 1240
13890 6689 5560 6612 6386
13891 6690 910 918 5434
13892 5658 325 4469 3425
13893 8134 5775 6833 6771
13894 7663 5843 6316 5642
13895 7119 1128 2567 2565
13896 7652 7506 7603 5578
13897 7876 3467 6353 3067
13898 7615 7368 7567 393
13899 6378 3318 3069 4364
13900 6621 1519 5678 2908
13901 7462 1794 7333 5872
13902 8065 5202 6376 394
13903 8189 6327 7614 6922
13904 7923 6113 6311 5484
13905 8237 731 5341 3787
13906 6951 1653 6148 6053
13907 7360 5208 2937 2873
13908 7710 6623 7553 5917
13909 6146 4825 480 3234
13910 7915 3189 6097 3635
13911 8127 2273 1776 2433
13912 8157 2116 2084 1783
13913 6472 2315 2511 1094
13914 6328 6105 6215 6153
13915 7549 2991 6137 1900
13916 7297 5783 6816 5793
13917 5829 4958 3427 2428
13918 8257 5683 7982 7037
13919 6737 5548 5900 5584
13920 7579 909 4093 5429
13921 7478 5775 7170 6771
13922 5672 5466 620 2714
13923 6168 529 3527 3528
13924 6864 2969 5692 5688
13925 6206 2289 4842 5097
13926 7556 6802 7195 5491
13927 7245 5567 6239 5899
13928 5619 429 5611 5164
13929 6265 2968 5688 5013
13930 8161 3143 1380 1383
13931 7823 1001 7031 3385
13932 7338 7022 7256 5998
13933 6936 4742 5917 5103
13934 5672 4589 2704 4793
13935 7821 1740 1762 2389
13936 6808 947 5445 951
13937 5747 5187 933 4049
13938 7056 1747 6343 1988
13939 6121 4070 5953 4071
13940 7391 4284 677 5091
13941 6727 720 721 5191
13942 7227 1229 5786 2783
13943 7949 7603 7899 6792
13944 7432 5821 5853 5693
13945 7263 5346 3772 3802
13946 7750 217 6677 5415
13947 7690 5607 7592 5833
13948 8314 6325 8145 6956
13949 7557 5506 5929 5797
13950 5747 2001 3838 5300
13951 7361 4394 4941 3184
13952 6886 2592 3288 5090
13953 7005 281 6155 282
13954 6653 2155 4130 574
13955 7542 6172 7269 5656
13956 6916 4135 551 552
13957 6399 3280 6206 2289
13958 7199 2397 6192 2396
13959 7062 4473 2250 2252
13960 8203 3550 1487 1195
13961 8073 4223 5249 5458
13962 6893 1856 1493 3444
13963 7956 5956 6867 5546
13964 7053 3241 4267 4758
13965 7457 5869 6910 6421
13966 8284 6723 7427 6646
13967 6944 5912 6378 5556
13968 6739 1274 6104 2851
13969 8175 7252 7912 6738
13970 6401 380 6213 4644
13971 6981 2934 6678 1298
13972 7915 6253 7471 7044
13973 6282 3987 4006 1756
13974 7017 5467 5828 3022
13975 7061 5533 6330 5769
13976 6620 4499 5039 482
13977 6896 6436 6796 6522
13978 7651 2915 7359 2920
13979 7919 210 4317 5188
13980 8280 346 6386 5372
13981 7602 2032 7193 2048
13982 6134 5189 4479 800
13983 6966 1232 2787 2791
13984 7794 6390 7289 5974
13985 8315 5532 7877 5768
13986 7523 3397 6508 1700
13987 6916 6054 6169 5752
13988 8203 2737 1487 3550
13989 6414 4128 578 4154
13990 6755 6686 6694 5561
13991 7801 6251 6630 5393
13992 6756 1892 6200 3599
13993 7531 2141 568 2139
13994 7192 3962 6630 3932
13995 8062 3637 6500 4855
13996 6495 3357 2213 1586
13997 7337 1963 1642 3718
13998 6978 5501 6843 5807
13999 7568 6614 6888 5606
14000 8072 6475 7647 6343
14001 7841 603 7725 6148
14002 6964 1810 1100 2291
14003 6378 3318 6213 3320
14004 7421 6118 7276 5490
14005 7891 5060 6401 4713
14006 7005 282 4100 281
14007 7714 6903 7649 5495
14008 7164 4696 3658 4928
14009 5798 2278 3378 1621
14010 7465 5533 5769 5543
14011 6691 5990 6334 6132
14012 7926 5481 6937 6808
14013 6982 5729 6686 6162
14014 7852 4803 2829 2842
14015 6047 774 775 4939
14016 7714 7038 7649 6903
14017 7000 5925 6461 6103
14018 7559 960 6286 6272
14019 7240 712 711 4978
14020 6918 5819 6075 5826
14021 6710 854 4905 855
14022 6926 6061 6240 5731
14023 6278 3684 3737 1626
14024 7235 63 4339 62
14025 6632 2717 5573 1201
14026 7809 5999 6071 5859
14027 5989 3330 5860 3167
14028 6975 725 5886 4475
14029 7748 4238 7032 6019
14030 7560 6552 7302 5769
14031 8175 5514 7752 5988
14032 7883 5926 7367 5718
14033 7015 734 4624 4408
14034 6682 625 6512 4520
14035 6416 1063 5659 2169
14036 6676 5491 6180 5841
14037 7297 5793 6572 5732
14038 7983 6185 6208 5535
14039 7794 5760 7285 5546
14040 7842 4273 6758 4293
14041 7005 283 6175 4125
14042 6877 5337 5328 3871
14043 7563 5480 7341 7124
14044 7499 6429 6701 5485
14045 7542 6579 7269 6127
14046 8235 2141 7531 2140
14047 5573 622 4464 2712
14048 5989 3330 3167 4914
14049 7843 6433 7001 5813
14050 8218 5802 6111 6041
14051 6490 5621 6314 5983
14052 6416 672 6021 673
14053 8031 2742 6063 4303
14054 6677 5406 5424 3999
14055 7464 6260 7305 1667
14056 7081 6888 7052 6392
14057 7820 5479 7148 6833
14058 7564 5879 6016 5817
14059 7506 7179 7455 7016
14060 6761 2645 1167 1840
14061 7133 5765 6227 5638
14062 7852 2829 5574 2842
14063 8038 6539 7996 7845
14064 8276 3137 7950 6513
14065 7097 5994 6763 5503
14066 6688 4468 6275 584
14067 8226 162 5048 2983
14068 7736 1117 6961 6299
14069 8122 5823 8050 6715
14070 6654 495 5092 4712
14071 6864 5692 6200 5657
14072 8032 7248 7869 3181
14073 7001 2447 6433 1057
14074 7960 6831 7727 7666
14075 8160 6471 6485 5834
14076 6571 3498 5715 2505
14077 7769 1150 1839 2606
14078 7723 6468 6688 2202
14079 5955 2759 680 2763
14080 6718 6246 6442 6242
14081 6922 3436 4679 3379
14082 6378 3318 4364 379
14083 7521 6010 6506 5751
14084 7933 6518 7600 6319
14085 4040 4016 13 4326
14086 8267 7564 7968 7439
14087 8144 929 7403 923
14088 7875 5545 6111 5663
14089 5569 4637 515 2267
14090 7608 6299 6806 5593
14091 8364 6647 7123 5482
14092 8123 2976 6824 3462
14093 6667 5814 6554 6434
14094 6293 4626 6272 3150
14095 7997 7377 7668 5678
14096 6083 1950 5766 2255
14097 7566 5975 6530 6177
14098 7987 5501 6843 6208
14099 7700 5660 6814 5627
14100 8197 6020 6841 6200
14101 8343 6043 8054 6760
14102 6291 5584 5741 5588
14103 7540 2001 2069 3838
14104 6091 1731 3856 1730
14105 7878 1357 7342 3629
14106 7157 4091 5857 4094
14107 6573 3229 1425 1417
14108 8243 6801 6981 6064
14109 7829 4277 4973 2520
14110 6811 4838 6094 3481
14111 7108 5859 6479 6141
14112 6788 2588 5995 1142
14113 6214 3563 1494 2745
14114 7572 4389 2287 4904
14115 8063 7166 7598 6606
14116 5963 2662 2777 1218
14117 6573 3236 5952 4824
14118 7889 6883 7577 6586
14119 6199 4131 559 2151
14120 6744 1934 3681 1571
14121 7101 2609 6684 1151
14122 7433 5895 6389 6359
14123 8270 4373 466 465
14124 7309 6850 6918 6713
14125 7447 5846 6457 6331
14126 6004 5160 4308 134
14127 7082 5803 6472 5916
14128 5847 3995 5839 5399
14129 7147 5766 6589 5592
14130 6468 1580 2201 2202
14131 7875 6605 6746 6509
14132 6426 5985 6333 5951
14133 7391 676 6442 5091
14134 6754 3864 6086 1982
14135 7139 5484 6404 6113
14136 5961 1114 5933 1098
14137 7674 6749 6944 6372
14138 6850 6228 6713 6341
14139 7262 5347 6396 639
14140 7151 6002 6548 6341
14141 8271 7813 7958 6142
14142 7843 1066 2739 2445
14143 7094 852 6022 5296
14144 6897 1204 1488 2723
14145 8045 2912 1516 1290
14146 7049 5875 7015 6663
14147 6487 3850 3849 5308
14148 7100 6141 7064 5859
14149 7936 1689 1690 3955
14150 7794 5956 6390 6011
14151 7791 1876 7709 1268
14152 7233 1918 7196 3144
14153 6805 5739 6329 5666
14154 7161 154 2866 2865
14155 6794 6003 6298 6044
14156 8099 5728 6696 6089
14157 7355 5858 6406 6140
14158 6998 5781 6848 5877
14159 7292 5729 6686 5561
14160 7296 2430 6575 5008
14161 6666 5630 5991 5888
14162 7185 5926 6678 4776
14163 6691 4622 557 556
14164 7415 2017 6383 6279
14165 8175 6628 6738 5514
14166 7570 241 242 4350
14167 6326 5380 327 363
14168 7916 5918 6965 563
14169 5762 3859 3857 5322
14170 7632 937 6383 938
14171 8050 5655 7475 6368
14172 8250 6257 7289 5974
14173 7779 5415 7750 6677
14174 6816 6156 6397 5714
14175 6589 5356 3791 3894
14176 7910 6511 6649 4213
14177 7507 5810 7189 6723
14178 7466 5170 6430 171
14179 7254 3968 5392 3933
14180 7001 6615 6747 5925
14181 6526 4784 6046 4780
14182 6935 2690 6090 2751
14183 7739 1134 7609 2573
14184 7602 935 6135 5428
14185 7149 2720 2733 629
14186 7325 1021 1032 2145
14187 8269 225 6282 5606
14188 7573 5213 6463 98
14189 8180 6375 7136 6632
14190 7694 6794 6989 6605
14191 6492 163 164 5042
14192 7163 5717 6662 5623
14193 6452 3515 5961 930
14194 8038 6449 6477 6264
14195 6550 6100 6464 2679
14196 2012 4311 4013 19
14197 5895 3317 1927 1416
14198 6916 554 6439 4142
14199 6812 3548 6435 2705
14200 8236 2663 6673 6126
14201 7310 5948 7171 7116
14202 7263 3772 6188 3802
14203 7501 690 4576 4869
14204 8091 5773 7907 5226
14205 7200 5935 6265 5688
14206 7292 5561 5897 5614
14207 6677 253 5424 5406
14208 7879 6448 6468 6087
14209 6097 4339 5251 61
14210 7428 5916 7013 5797
14211 8113 5959 7466 6179
14212 8372 4851 5735 4638
14213 7802 5708 6613 5590
14214 7915 5953 7471 6097
14215 7483 7037 7259 6377
14216 6571 1090 6344 3498
14217 7135 6330 6550 5753
14218 6025 4992 744 745
14219 7540 3838 5747 2001
14220 5778 2849 5058 345
14221 7818 5837 7446 6480
14222 7701 6177 7566 6530
14223 8281 6260 7928 6556
14224 8166 5432 6862 5448
14225 6342 2135 2137 1791
14226 6590 2127 6054 2126
14227 6977 5801 6173 5500
14228 6291 5061 2994 2993
14229 6852 5542 6331 5846
14230 7575 4329 6273 2859
14231 6539 3004 1327 3006
14232 6592 1284 5906 5679
14233 7651 4541 6108 2918
14234 6563 3273 2471 5138
14235 6419 2553 1463 3510
14236 7385 230 5407 5395
14237 7172 5853 6530 5507
14238 6407 4326 4799 4016
14239 7517 2650 1169 2657
14240 6521 1229 6505 5786
14241 6808 947 5670 5603
14242 7623 5666 6805 6329
14243 7393 4237 6230 6008
14244 6905 5917 6623 5831
14245 6052 3276 89 4264
14246 7294 5012 4976 123
14247 7002 5891 6146 3237
14248 7445 5753 5908 5870
14249 6766 6355 6765 6135
14250 7117 5990 6821 5546
14251 7475 6393 6405 5981
14252 6300 727 5239 763
14253 6391 4311 5057 4013
14254 7263 3802 6188 1651
14255 6996 269 6229 4896
14256 7777 5483 6412 6279
14257 8167 6337 8061 7336
14258 5521 2454 4931 2290
14259 7436 5772 6791 5617
14260 7061 6413 6550 6464
14261 7486 397 4334 5147
14262 7307 258 259 4111
14263 7545 5493 7292 6772
14264 7294 5012 7122 4976
14265 8226 5048 6609 2906
14266 6929 1939 3279 1443
14267 7702 5707 6663 5875
14268 5991 3031 3122 4556
14269 6756 3599 3044 1523
14270 7353 6667 7343 5559
14271 6495 1587 5640 2213
14272 7297 6572 7284 5732
14273 7628 2127 2121 4150
14274 6481 4710 127 4627
14275 6019 3741 4238 4961
14276 8383 7923 7968 7139
14277 7829 4277 6147 485
14278 7539 753 3810 5310
14279 7223 5909 7099 6565
14280 8126 2396 7199 6192
14281 7728 6029 6923 5526
14282 6710 5306 854 855
14283 7808 122 4594 4673
14284 7011 2496 1088 1080
14285 7576 1205 2738 2726
14286 7228 681 6747 680
14287 7000 5704 6461 5851
14288 6811 3481 6191 92
14289 7786 5891 6460 6193
14290 8331 650 649 5363
14291 6188 3802 3772 1588
14292 7025 6609 6796 5864
14293 6026 4262 4343 790
14294 8099 5728 6973 6287
14295 6373 2212 2508 1092
14296 7096 232 6489 4844
14297 6464 5696 5870 5753
14298 7026 4830 4829 2790
14299 7612 837 6085 4504
14300 7558 2373 7330 326
14301 7261 1515 3315 1266
14302 7395 5518 6891 6502
14303 7305 1624 3928 1667
14304 7555 6586 6775 5958
14305 7802 1869 5708 1248
14306 7454 1247 6407 1262
14307 6573 3229 3236 4824
14308 5806 2537 2680 1185
14309 7692 7497 7625 5912
14310 5521 985 2454 979
14311 7565 614 6970 4472
14312 7231 6801 6981 6958
14313 7089 5195 7054 3199
14314 6484 1768 5847 3994
14315 6690 5832 6355 6065
14316 7373 6490 6878 5480
14317 6730 5526 6673 6126
14318 7696 6045 7637 7525
14319 7968 7139 7564 5697
14320 7671 1840 2646 3540
14321 6462 5131 4202 3166
14322 6573 4824 6035 4501
14323 7728 5533 7203 6525
14324 7823 5468 5819 4219
14325 8321 7928 8281 6260
14326 7823 322 321 4412
14327 7550 6331 7447 5137
14328 6924 490 6237 4927
14329 7860 2463 7856 4975
14330 7825 1506 3307 3308
14331 8253 6864 8125 6265
14332 8038 1902 3621 1538
14333 6979 671 5782 672
14334 7409 6211 7339 6531
14335 7204 5763 6162 6034
14336 6583 36 35 4616
14337 7659 344 343 3955
14338 7057 4629 5923 5751
14339 8111 5884 6782 5516
14340 7891 6095 7660 6469
14341 7426 6912 7209 5549
14342 8289 6411 8128 2749
14343 7059 1124 3506 1821
14344 7365 5640 7221 6189
14345 7058 2085 991 1000
14346 7019 5327 737 736
14347 6916 553 552 4757
14348 7225 2410 6250 2411
14349 7912 6117 7167 6738
14350 7313 1038 2703 2575
14351 7310 5530 7114 6639
14352 6393 5559 5888 5630
14353 7263 5757 5789 5528
14354 7080 5602 5629 1401
14355 6728 1397 6088 1561
14356 6708 3093 6579 3631
14357 6891 5809 6681 5795
14358 6279 2027 5433 4062
14359 7251 6234 6776 6382
14360 6282 4006 1755 1756
14361 6261 5634 5887 1043
14362 7279 2158 2149 1797
14363 6890 5153 3115 396
14364 6971 5636 6816 6577
14365 6697 588 2327 4822
14366 7577 4459 6883 6641
14367 6203 2408 6184 5958
14368 7548 4180 5852 4161
14369 7763 6835 7587 6066
14370 6811 3574 5025 90
14371 7884 6077 6128 6052
14372 6143 3331 1559 3295
14373 7141 2664 2622 4426
14374 7843 1066 7001 1057
14375 6708 6172 6579 5656
14376 7313 2703 2391 4835
14377 6668 1192 6281 5870
14378 6424 4305 6163 389
14379 6898 5795 6891 5536
14380 6716 6276 6457 5925
14381 7206 3799 6628 3835
14382 6691 5973 6334 5990
14383 6691 4542 6169 6132
14384 6164 1441 3277 2229
14385 7579 4093 5580 4060
14386 8061 3137 3168 4505
14387 6094 2220 5998 2473
14388 8106 1723 6313 1722
14389 7661 5685 7150 6110
14390 6922 4224 2454 2295
14391 5939 2353 4918 2356
14392 6083 3369 5681 2256
14393 7749 5880 6202 5541
14394 6445 4511 4878 37
14395 6066 3454 3586 4987
14396 6756 4352 2949 3044
14397 7751 6445 7476 6514
14398 7867 1218 1225 2758
14399 7474 3976 7236 3972
14400 8124 3105 7160 6826
14401 7692 6156 7497 6824
14402 7964 6898 7673 6988
14403 6188 1588 3772 3879
14404 7317 455 5030 456
14405 6327 997 984 3379
14406 6412 2061 5433 5441
14407 7421 5517 6118 5920
14408 7973 5968 7616 5921
14409 7952 6607 7763 7165
14410 7277 652 7046 617
14411 6979 5659 6416 5642
14412 7485 1840 1482 3437
14413 7261 3316 6385 1880
14414 7738 1555 3655 1378
14415 7019 4485 7015 736
14416 7412 1830 6642 1131
14417 7591 4591 4526 764
14418 7681 2549 4962 2557
14419 7051 5771 6406 5858
14420 7910 4213 3736 5128
14421 7152 1171 2469 1155
14422 7926 5481 6091 3854
14423 7329 4024 6245 2004
14424 7207 6807 7079 6392
14425 6761 6070 6167 5568
14426 6666 6526 6546 5991
14427 5877 3831 2046 2030
14428 5742 5519 5691 5684
14429 6249 2892 3457 5215
14430 7665 6227 7487 5630
14431 6670 1248 5708 2827
14432 5678 1519 2906 1288
14433 7757 5653 6588 5680
14434 6181 925 920 917
14435 7917 3574 6968 90
14436 7571 5953 6934 5591
14437 7189 3727 6723 5810
14438 6168 2568 4788 2569
14439 8001 2869 7039 1260
14440 8256 6541 7194 2802
14441 8197 816 3599 5472
14442 7404 4276 3669 3197
14443 7022 6128 6191 2493
14444 6736 933 931 4042
14445 7579 4089 2024 907
14446 7567 394 3639 5180
14447 7361 4941 5900 3089
14448 7023 2746 6233 5782
14449 5883 1684 2334 1685
14450 7823 3385 4412 5468
14451 6753 3979 1763 4008
14452 6707 4204 3287 2591
14453 6249 2893 5600 1516
14454 8046 1681 7424 6865
14455 7775 6110 7661 7150
14456 8062 856 7028 4998
14457 7842 4373 7054 6875
14458 7201 1576 3347 3277
14459 7262 5757 6951 6432
14460 6437 1467 2586 3517
14461 7580 6502 6891 6349
14462 7805 5505 7052 5992
14463 8134 5479 7450 6771
14464 6192 4396 2397 4418
14465 7898 5934 6199 1013
14466 6166 2461 2223 1074
14467 5810 5172 5647 758
14468 7384 5862 6967 6582
14469 7469 1083 5677 2465
14470 8235 4151 6268 6142
14471 7397 3929 870 871
14472 6897 2723 5943 1204
14473 1148 2602 8311 1168
14474 6394 1024 2148 1035
14475 6556 5544 5798 5595
14476 7788 6815 7295 6591
14477 8308 6028 7809 6624
14478 5747 2001 2013 2006
14479 8171 5867 7312 7125
14480 8220 5825 6483 6080
14481 7306 750 5350 751
14482 6649 797 796 4213
14483 7823 322 4412 2558
14484 7373 5534 5719 5616
14485 7576 6048 6893 6441
14486 8251 4619 530 529
14487 5946 994 1777 2089
14488 7953 5854 7224 6564
14489 6470 4662 2429 75
14490 6542 5922 6052 5698
14491 7559 2074 6403 916
14492 6475 6195 6343 192
14493 6459 2903 4755 364
14494 7230 6335 7216 6527
14495 7785 3340 5250 3475
14496 7326 5682 6569 3797
14497 6343 2419 1988 1747
14498 7376 5187 889 943
14499 7625 5860 5989 5689
14500 6401 381 6213 5045
14501 7258 5900 6737 820
14502 6670 1248 2827 1245
14503 7825 4664 3308 4884
14504 6745 4651 5856 5702
14505 6143 1560 3169 1387
14506 7582 3008 1329 1535
14507 6356 5585 6136 5898
14508 7443 6339 6697 5713
14509 8320 3423 2395 210
14510 7717 6623 7123 5770
14511 7493 1213 6927 2643
14512 6497 4666 769 768
14513 7824 5928 6273 5550
14514 8111 5516 6657 5884
14515 6390 549 4137 4138
14516 7108 5575 6611 6528
14517 7773 4764 2541 5016
14518 6684 3530 6585 1158
14519 7922 4256 2618 5200
14520 7855 5403 6804 5488
14521 7813 5641 6965 5598
14522 6825 1962 3713 1640
14523 5834 4266 3271 3267
14524 8224 5718 6345 6047
14525 6577 5636 6482 5783
14526 7568 2510 5830 1093
14527 7085 4278 756 3755
14528 7932 3814 5294 875
14529 6856 252 5402 5424
14530 6358 2092 2093 973
14531 7175 5575 6520 5661
14532 7192 1699 1698 2359
14533 7237 3005 4548 2909
14534 6723 1647 1675 3736
14535 6130 4347 64 65
14536 7055 3960 3938 5374
14537 6379 5075 4272 3239
14538 7863 6405 6847 840
14539 7567 3639 3086 5180
14540 7616 5968 6008 5921
14541 7584 3611 3610 5205
14542 7329 5961 6245 4024
14543 7968 7176 7408 6493
14544 7235 5184 6782 6130
14545 7531 1017 1793 2139
14546 6505 4793 6408 5672
14547 5995 3404 2588 4911
14548 8094 3028 6555 3613
14549 7579 2035 6420 5429
14550 5997 4290 4281 828
14551 7395 5612 6773 6502
14552 6283 3871 6119 1584
14553 6130 5184 64 5169
14554 7919 3622 7205 4462
14555 7431 7276 7331 5577
14556 8366 6950 8245 2697
14557 7844 3829 1714 1713
14558 6213 5045 3320 4644
14559 6873 1761 1984 2423
14560 7587 4936 3588 3587
14561 7891 4713 6401 379
14562 6983 4742 51 50
14563 6909 2280 5903 4636
14564 6373 2528 6255 230
14565 7498 6664 7132 7037
14566 7500 6381 7294 5457
14567 6783 5673 5740 3202
14568 8172 5560 7767 6849
14569 6996 5731 6417 6229
14570 7406 6813 7350 5775
14571 7773 4764 276 4875
14572 7589 1276 6548 2881
14573 7018 6151 6902 5814
14574 6589 3791 738 3807
14575 7245 3224 5096 3602
14576 5818 1612 3792 3894
14577 7590 1870 6540 1256
14578 7916 4151 6268 4152
14579 7032 778 779 5081
14580 5557 4593 2841 151
14581 6922 5521 6327 2295
14582 7591 3618 6134 800
14583 7863 5256 6820 3819
14584 7461 2506 7437 4927
14585 6596 5793 6482 5783
14586 7824 5892 5942 5928
14587 7094 1720 3800 3837
14588 7454 5917 6905 6346
14589 7691 7364 7460 6921
14590 7026 2810 6202 4830
14591 7593 7004 7339 7262
14592 7069 1913 3642 1549
14593 7862 6166 7362 5969
14594 7137 3733 4947 4672
14595 7495 5638 6604 3472
14596 8196 5735 7311 6316
14597 6225 1194 2704 2714
14598 8042 5979 7654 5710
14599 7085 756 5537 757
14600 6964 2514 1100 1810
14601 7664 6349 6988 6207
14602 7186 6655 7064 2299
14603 7429 6154 6510 6147
14604 6521 2710 2784 4570
14605 7282 837 838 5290
14606 7157 2016 6998 4076
14607 8275 6792 8240 5578
14608 8247 3305 4272 120
14609 7948 6768 6799 4901
14610 6958 3021 2933 5046
14611 7495 3096 7477 5638
14612 7542 3470 6172 1337
14613 7724 1865 1239 2800
14614 7282 6393 6405 6085
14615 7485 2641 6263 2642
14616 7211 6139 6315 5496
14617 8279 7382 8030 5907
14618 6435 1486 2705 3548
14619 6600 279 6170 278
14620 8316 5123 8185 3332
14621 7057 5751 5923 5528
14622 6385 2009 4039 4044
14623 6398 5577 6108 2902
14624 8110 4112 7740 5633
14625 7370 4340 7104 6163
14626 7683 6332 7631 5825
14627 6784 5578 6026 5650
14628 7146 3792 5818 1660
14629 7096 3281 6373 232
14630 8178 6823 7429 6656
14631 7247 4271 3335 3240
14632 6573 1417 1425 3228
14633 7673 5602 6831 5629
14634 8299 6024 7844 7752
14635 6567 2668 6271 6031
14636 8307 7269 7789 5976
14637 7177 5709 6247 5878
14638 5823 1712 3906 3908
14639 6562 2805 4560 2807
14640 7703 5947 7381 6094
14641 7368 7104 7360 5208
14642 6320 4478 5658 291
14643 6910 5343 729 728
14644 7906 6300 7507 5889
14645 7752 6674 7423 5655
14646 7703 93 6811 4698
14647 8407 4457 5326 651
14648 8205 6681 7980 5612
14649 6576 5532 6352 6106
14650 7175 5661 6904 5706
14651 7595 2924 6836 4762
14652 8077 4755 366 365
14653 7630 635 6704 6432
14654 8248 6170 7005 6051
14655 7261 6346 6779 6407
14656 8011 6482 6596 5793
14657 7988 6451 7373 5480
14658 8122 6715 6820 1709
14659 5433 11 4956 10
14660 8334 7145 7609 5506
14661 6665 663 6171 4177
14662 7036 643 644 5161
14663 6132 1137 3399 1467
14664 6298 359 5371 360
14665 7433 5745 7352 6389
14666 7988 6878 7787 7586
14667 7161 6388 6739 5769
14668 7985 6881 7904 6687
14669 8068 4507 74 3161
14670 7992 1644 6881 6660
14671 6822 6223 6740 6570
14672 6899 4228 5971 751
14673 8228 5602 7642 6149
14674 7871 6527 7223 5502
14675 6617 2825 4440 4759
14676 7930 7585 7698 5102
14677 7864 6695 6945 6226
14678 8278 256 7740 6252
14679 7594 6123 7346 5922
14680 6296 4786 2914 2913
14681 7214 6763 7127 5541
14682 6412 4770 6407 3577
14683 7168 2108 6777 5725
14684 7584 4343 6026 791
14685 6764 412 6444 6156
14686 6388 2865 1874 3585
14687 7170 5714 6971 5898
14688 8026 7232 7754 6374
14689 8053 6140 7422 5788
14690 7595 4769 2924 4762
14691 7361 4394 5900 4941
14692 7166 2735 1207 1208
14693 6024 1976 1713 3912
14694 8259 5497 8234 6338
14695 8011 5793 6596 6444
14696 6494 2237 6215 5223
14697 6418 2336 5616 1008
14698 7839 5142 6705 4192
14699 7970 3117 7866 5800
14700 7333 6549 7073 6301
14701 5810 4413 758 759
14702 8334 6551 7145 6994
14703 6571 1455 5999 1817
14704 7302 3311 3313 1511
14705 7753 6124 6463 6249
14706 7215 2314 2563 1115
14707 7567 5180 3636 392
14708 6483 2587 4993 4553
14709 7830 2383 2600 4616
14710 4014 3509 5130 32
14711 7504 2166 2161 1043
14712 6466 421 5970 420
14713 7103 6366 6636 6305
14714 7567 3639 6942 3086
14715 7649 5528 7554 7239
14716 7715 6991 7422 4639
14717 7501 5886 6625 6331
14718 6832 3611 1325 1532
14719 7272 4219 5819 319
14720 7810 7539 7744 5595
14721 7662 2622 2650 5079
14722 32 31 5130 4014
14723 5895 4767 3212 3317
14724 7849 830 5739 5177
14725 7795 5654 6965 5749
14726 8413 6237 6638 5865
14727 6554 4833 846 845
14728 7498 6637 7132 5558
14729 7622 6124 6717 6236
14730 7166 7014 7149 7120
14731 7847 668 7741 669
14732 7031 5498 6074 5511
14733 7363 3672 3217 3218
14734 7852 187 5574 4803
14735 7873 5421 5408 239
14736 7942 1981 3858 3922
14737 7021 2483 2227 5082
14738 6536 330 4821 4527
14739 6956 1627 6278 1626
14740 7745 728 6910 4671
14741 8091 5226 248 4439
14742 8210 5756 7050 7029
14743 6378 5898 6095 4364
14744 7410 6548 7360 7128
14745 7597 7265 7574 4648
14746 6959 6448 6877 5811
14747 7451 3141 7198 1917
14748 5915 4805 4527 2808
14749 7173 6612 7163 6096
14750 7783 972 5903 1777
14751 6403 2074 924 921
14752 7124 5849 6892 6244
14753 7661 1061 7283 1060
14754 7630 4979 633 634
14755 6340 2322 6320 293
14756 7094 853 6710 5301
14757 7559 4037 924 4018
14758 7731 5241 6058 4528
14759 6191 5071 2493 3274
14760 6205 4957 57 3294
14761 6121 4056 4071 935
14762 8106 1722 5755 5474
14763 8145 4841 5675 3684
14764 7618 160 161 5040
14765 6679 159 6464 6281
14766 7161 6104 6739 2866
14767 7377 2888 1285 1279
14768 7932 3814 7403 3816
14769 7504 2166 4175 2161
14770 8341 2685 5100 2691
14771 7410 7128 7360 1513
14772 7922 6308 6507 5200
14773 7357 1087 1082 2249
14774 7087 1539 3028 1336
14775 7969 6916 7681 6169
14776 7320 580 4496 5235
14777 7978 3815 7282 3817
14778 7714 7554 7649 7038
14779 7517 2657 1169 1172
14780 7526 5711 6475 4653
14781 6910 4537 3688 4671
14782 7647 5487 7596 5529
14783 7252 5293 6738 3835
14784 7194 5805 6541 5915
14785 7962 5054 271 270
14786 7576 2738 6441 2726
14787 6223 2350 4620 312
14788 8033 395 6376 5202
14789 8407 650 8331 5363
14790 7599 7534 7563 5618
14791 7605 5661 6992 6712
14792 6838 6332 6523 5482
14793 7579 5429 4093 907
14794 6550 156 4282 157
14795 7854 6215 6887 6153
14796 7364 3825 3826 1712
14797 7980 5018 6681 4270
14798 8146 5748 6547 6210
14799 8053 6340 8046 5802
14800 7630 6072 6711 6704
14801 7454 6779 7144 6346
14802 7753 6800 7269 6124
14803 6910 5340 5822 5343
14804 8021 5873 5947 5712
14805 7602 958 7193 2032
14806 8127 6991 7715 2270
14807 6629 4447 5774 4783
14808 8206 6380 6838 5980
14809 8115 6341 6987 6228
14810 8144 4030 4034 4022
14811 8083 3756 7992 7085
14812 7390 1614 2261 2265
14813 8348 7848 8339 8034
14814 7607 5462 5198 611
14815 7905 1149 1147 2386
14816 7096 1458 1456 3282
14817 7316 3990 3989 1760
14818 8108 610 6101 609
14819 7355 4747 2328 297
14820 8272 3150 6272 1558
14821 8267 7278 7439 7105
14822 7996 1327 1330 3012
14823 7618 4360 6698 5949
14824 7157 4076 6998 6848
14825 7769 2606 3533 538
14826 7234 4568 6586 5219
14827 8015 2824 7999 7802
14828 7664 6572 7060 6553
14829 7234 5930 6693 4522
14830 7856 2205 7357 1082
14831 7832 1446 6657 6038
14832 7761 7132 7390 6637
14833 6515 1915 5644 1553
14834 7201 5919 6042 5583
14835 6992 3484 6712 3483
14836 8334 5506 7641 7145
14837 6491 5985 6057 5621
14838 7031 989 5680 1785
14839 7153 5651 6582 5613
14840 6906 1778 2288 980
14841 6206 4842 5006 524
14842 7241 3842 856 857
14843 6438 4298 3447 2722
14844 8015 2813 372 371
14845 7666 6198 7448 7284
14846 7238 2724 6893 6063
14847 7161 155 6330 4800
14848 6341 6228 6310 5610
14849 7625 5761 7060 6618
14850 7655 4261 5148 869
14851 7429 5589 6656 6510
14852 7603 6280 7179 5716
14853 8305 459 8228 7642
14854 7660 6469 7112 5854
14855 7179 5938 7066 5776
14856 7538 1334 1905 3023
14857 7619 3849 6487 1727
14858 6376 394 395 5206
14859 7626 1312 6397 1894
14860 6399 2293 6371 1096
14861 7972 1186 7751 1174
14862 7149 4401 7014 6874
14863 7604 4707 3140 3268
14864 8261 6810 7873 238
14865 7265 6202 7026 6180
14866 7772 4592 6542 87
14867 7921 5561 6906 6726
14868 6542 3336 4592 3682
14869 7610 5864 6786 5696
14870 7660 5898 7170 6356
14871 7161 3584 7039 6928
14872 8062 6500 7241 4811
14873 6044 5377 359 358
14874 7291 3342 4381 3258
14875 7605 5706 7011 4588
14876 7153 5613 6582 5746
14877 7224 5035 6401 5060
14878 7147 6083 6589 5766
14879 2048 4301 5453 28
14880 7853 5562 6648 5525
14881 6032 4969 4903 274
14882 7538 1334 6546 1905
14883 6832 4321 3016 2999
14884 2048 28 4026 4301
14885 7644 5939 7072 6059
14886 7091 3474 6324 3172
14887 7606 5992 6919 6027
14888 8002 2599 3520 4333
14889 7168 993 1785 2118
14890 7550 2446 1058 1067
14891 6120 2877 4336 5210
14892 6289 4296 867 5322
14893 7383 3383 999 2305
14894 7970 3044 1310 1523
14895 7545 6096 7140 5623
14896 7669 7079 7588 6837
14897 7648 5276 2052 5307
14898 7794 6011 6390 6069
14899 7535 124 4330 125
14900 7371 1787 7279 2120
14901 7932 5294 6093 2034
14902 6233 5094 5782 2746
14903 7741 2643 7493 7023
14904 7677 5830 6804 6255
14905 6596 409 6444 410
14906 6442 676 5777 675
14907 6881 1644 1674 3724
14908 5997 5278 5741 826
14909 7495 3651 7477 3096
14910 6990 403 4521 4709
14911 7759 979 982 2099
14912 7454 6346 7261 6407
14913 7575 4329 2859 5067
14914 6322 1886 1289 2947
14915 7221 5640 6307 6189
14916 6385 2072 4029 2000
14917 7834 6269 7583 5759
14918 6826 5945 6530 5750
14919 7572 4912 6974 6399
14920 5738 601 2492 2365
14921 2015 4014 5130 31
14922 7801 1973 1700 3939
14923 29 4031 4433 30
14924 7930 3455 3583 5102
14925 5967 4327 2732 2593
14926 7536 3754 4230 5192
14927 31 2014 5130 2015
14928 31 4208 5130 2014
14929 6940 655 4173 654
14930 31 4208 2014 30
14931 7523 3396 5826 2362
14932 8021 5712 5998 5873
14933 6912 6082 6741 5784
14934 7917 90 4314 2792
14935 6698 4985 2686 2698
14936 7379 4163 7103 2181
14937 5564 3169 3170 1387
14938 6246 5522 6233 5748
14939 7550 2181 6636 1067
14940 8240 6160 7658 7200
14941 7645 6538 6611 5484
14942 7606 252 6677 5185
14943 7265 6125 6202 6180
14944 7477 3472 6604 5638
14945 7150 1049 5829 3427
14946 7577 5746 7153 6641
14947 7052 5531 5625 5505
14948 7692 4332 2988 3070
14949 7565 614 3366 613
14950 7251 2251 6243 1183
14951 8343 5713 6087 5941
14952 6245 4208 3285 2533
14953 5902 1006 5616 2336
14954 7046 5987 6521 5876
14955 6062 4279 418 419
14956 7887 6109 6846 6029
14957 7954 5760 7076 5969
14958 6511 798 5126 797
14959 6726 5029 304 303
14960 6841 4351 6737 819
14961 8041 4845 221 222
14962 7147 5502 5766 5592
14963 8266 5975 7566 7241
14964 7820 6341 7151 7148
14965 5766 1950 3890 3790
14966 6957 316 4245 315
14967 7233 6551 7196 6994
14968 6186 1910 3092 3636
14969 7162 540 5996 5234
14970 7610 5862 7271 6582
14971 7947 3301 7806 3554
14972 7996 3018 7836 5912
14973 7602 935 6121 5953
14974 7911 7155 7226 6116
14975 8031 4303 6063 168
14976 7998 5505 6888 6392
14977 7160 3108 6826 3105
14978 7713 5485 7475 6368
14979 8333 5784 8110 4857
14980 23 4984 4897 2059
14981 8021 5947 6094 5712
14982 7606 5185 3536 3537
14983 7550 1067 1058 2181
14984 6379 120 4272 4283
14985 6860 2197 4989 3178
14986 6697 4406 588 4822
14987 7643 6941 7518 6819
14988 6657 2516 5933 5129
14989 8152 6622 7502 7007
14990 7101 2349 1130 2399
14991 7606 3537 1480 2637
14992 7058 991 3384 1000
14993 7674 5912 7625 6372
14994 5991 3031 5888 1904
14995 8268 528 8251 5113
14996 6533 861 6487 6177
14997 7607 6333 6970 4191
14998 7164 5564 6324 1390
14999 6255 2212 5754 1105
15000 8004 6110 7847 4180
15001 7765 4552 510 511
15002 7520 4339 7235 63
15003 6604 1553 6515 5644
15004 8190 6180 7265 7026
15005 7926 951 6808 2044
15006 7609 1470 7020 2574
15007 6451 5752 6428 6054
15008 6782 5184 4269 3260
15009 7370 1277 3453 2883
15010 8034 5572 7341 6671
15011 7145 3531 7020 7009
15012 7281 5532 6976 6338
15013 7263 5628 6704 5757
15014 6906 1779 983 2079
15015 6836 3020 3598 1300
15016 8235 5849 7531 6939
15017 8066 5990 7503 6161
15018 6775 5958 6203 5535
15019 7816 5787 6858 6588
15020 7583 5759 7489 6903
15021 7270 1809 5998 2220
15022 8105 203 202 5033
15023 6419 6032 6354 1121
15024 5952 3237 5891 1421
15025 6979 4176 671 4158
15026 1 4862 2 2008
15027 7610 6582 6967 5862
15028 7850 5631 7225 6302
15029 8111 6657 6705 4411
15030 7174 5638 5762 5553
15031 6295 3360 5999 2530
15032 8343 6087 7793 5941
15033 7782 6036 6617 4557
15034 7089 5815 7054 5905
15035 8065 4342 7368 3456
15036 7792 5957 6849 5601
15037 7792 6835 7392 5479
15038 7486 5153 6890 397
15039 8297 6007 6763 5541
15040 6203 2408 5958 1238
15041 8158 3194 459 3198
15042 7599 6671 7563 7534
15043 7312 6791 6862 5617
15044 7613 3885 3892 5361
15045 6890 5153 396 397
15046 5569 4901 2480 4416
15047 6776 6470 6567 2666
15048 8373 2177 5777 2178
15049 7619 3847 7095 1726
15050 7665 3122 1377 3134
15051 6442 5004 676 675
15052 7840 1710 6820 6715
15053 7103 2179 6839 6366
15054 6324 1920 1557 3153
15055 8367 6234 8363 7631
15056 8011 2965 7626 2950
15057 7168 3425 5511 993
15058 7380 6138 6143 5689
15059 7658 5935 6731 4349
15060 7377 2983 1283 2897
15061 8221 1565 8185 7188
15062 6223 4620 5924 312
15063 6203 5958 6184 5535
15064 5991 1904 1372 3122
15065 6964 1097 6147 2514
15066 7422 4639 6140 296
15067 6254 102 4354 103
15068 8040 3494 6571 3492
15069 7953 2852 7224 5060
15070 7371 1006 6001 5616
15071 7944 1528 6720 6409
15072 8020 5949 7618 6679
15073 7292 5614 6159 5729
15074 7649 5495 7314 6307
15075 7162 5234 538 539
15076 8021 6094 7551 5998
15077 7371 1787 2120 1003
15078 7658 6160 6731 5935
15079 7363 3217 5768 3218
15080 7573 5193 4306 100
15081 7461 6371 7437 2513
15082 7431 5577 7331 6040
15083 4026 5203 28 29
15084 7281 6338 6349 5518
15085 7378 2367 7330 5861
15086 8360 6750 7576 6652
15087 8314 6325 8013 7230
15088 8143 5643 6090 5812
15089 6751 5375 6630 5393
15090 7320 5974 6070 5983
15091 6371 4736 2513 3485
15092 8103 2850 7370 2846
15093 6880 3896 744 743
15094 7576 1205 2737 2738
15095 7377 5678 6621 1519
15096 7365 5342 6512 3771
15097 6651 4254 716 717
15098 6357 4756 2502 2499
15099 6033 505 506 5136
15100 8097 6852 7982 6078
15101 7135 5080 6928 4536
15102 7521 4629 4900 597
15103 33 4514 4014 32
15104 7189 1648 3729 1676
15105 8071 2090 2091 975
15106 7966 5903 7783 972
15107 6320 291 4546 4478
15108 7550 2456 6975 5137
15109 6734 5609 6616 6514
15110 6847 3038 6658 6434
15111 7430 6193 7405 6359
15112 7758 6106 6285 5815
15113 7677 5931 6926 5608
15114 6779 2067 2072 962
15115 7823 322 6075 321
15116 8136 5751 7644 7534
15117 7556 6517 7214 5491
15118 7970 3044 2949 1310
15119 7612 6085 7487 5243
15120 7846 6031 7476 6050
15121 6966 3304 1235 1501
15122 8298 4597 2467 2470
15123 8236 1169 7729 7517
15124 7241 858 3842 857
15125 7930 3455 1271 1872
15126 7577 2831 4201 2785
15127 7484 5064 6150 333
15128 7573 5213 7082 6463
15129 8021 5873 6827 5947
15130 6506 1027 2234 3403
15131 7620 5839 7570 5790
15132 7839 5142 68 3620
15133 6956 1628 3689 1629
15134 7952 6607 6835 6341
15135 8273 3618 6134 5517
15136 7958 5849 7159 6244
15137 1995 34 930 5173
15138 7836 6062 7781 5761
15139 7163 4678 6662 4937
15140 6900 1346 3058 1906
15141 8390 7640 8280 5381
15142 6102 693 5702 4746
15143 7662 6174 7141 6871
15144 4026 5203 4301 28
15145 8132 2753 7452 4564
15146 2076 4433 5203 29
15147 8235 7045 8075 567
15148 7379 685 6774 4163
15149 7579 5429 6420 909
15150 7221 3770 6512 6283
15151 7589 2874 4359 5158
15152 7613 1617 3795 3892
15153 2076 5203 4026 29
15154 8217 4506 4669 3162
15155 7966 2280 5903 972
15156 7383 5508 6719 6488
15157 7390 6637 6696 2265
15158 6749 5761 6742 6466
15159 7094 5301 3837 5296
15160 6658 1341 1342 3043
15161 8107 5747 8106 6736
15162 7145 3531 2630 1476
15163 7658 6265 7509 6409
15164 6320 2317 6041 2373
15165 7324 1890 2964 1311
15166 8172 5571 7767 5560
15167 7610 5737 7271 6063
15168 7793 4602 6688 4615
15169 8017 7799 7877 7281
15170 6583 4500 35 4580
15171 7807 2630 7009 71
15172 7748 3741 3704 1960
15173 7881 3776 1593 1945
15174 7563 7124 7341 6671
15175 8061 3168 3164 4640
15176 21 5038 4032 2012
15177 6963 6015 6795 6137
15178 6089 3889 3809 1953
15179 7539 5868 6899 5635
15180 6989 6713 6960 6746
15181 6969 675 5777 4178
15182 7449 7331 7369 5490
15183 6921 4924 6847 6434
15184 8015 1245 2820 1248
15185 7686 4335 5997 828
15186 7693 6722 7084 5907
15187 8066 5654 7503 5598
15188 6399 1091 2283 1096
15189 8117 2955 5656 1306
15190 8239 5498 7050 6139
15191 8240 7111 7658 6160
15192 8071 6602 6626 6358
15193 7085 5537 5647 757
15194 7885 1037 7313 1038
15195 6992 484 6147 2515
15196 8248 2116 7383 2115
15197 6780 801 6526 802
15198 6869 5883 5910 5771
15199 7658 4349 6731 783
15200 6448 5345 3767 3872
15201 6906 981 6694 980
15202 7390 2265 1662 1614
15203 7808 6381 7500 4594
15204 2048 5214 5453 4301
15205 7253 4430 5619 430
15206 7826 6517 7195 5491
15207 6981 5926 6781 6064
15208 8161 3143 7198 1380
15209 7160 6177 6487 861
15210 8061 442 6513 4505
15211 8309 6753 7821 6873
15212 6791 5867 6603 5762
15213 7090 1308 3606 1527
15214 6715 1710 3818 3907
15215 5768 1410 3215 3218
15216 7486 4334 5906 2898
15217 6758 4293 4383 462
15218 7514 3196 3192 5011
15219 7325 1021 6748 1032
15220 7292 6772 7212 6159
15221 7190 6042 6882 4421
15222 7649 7038 7554 5528
15223 7053 4267 484 4758
15224 7782 4557 6617 2835
15225 7763 1875 6066 1509
15226 7736 6299 6344 1117
15227 8132 1215 7452 2753
15228 8143 2678 2676 4795
15229 7369 6526 6666 6650
15230 7879 6949 7046 6408
15231 6320 2318 292 293
15232 7457 6421 7216 5869
15233 7160 5292 859 5308
15234 5952 1420 3235 3236
15235 7757 5680 7168 5511
15236 7965 5567 5673 5637
15237 7760 2393 6579 3090
15238 7233 1375 3128 3147
15239 8037 4503 436 4477
15240 6108 2918 1886 1292
15241 7417 6078 7086 6187
15242 6860 3177 6783 2361
15243 8000 5822 7326 3785
15244 8124 3105 3108 1367
15245 8041 4724 5625 220
15246 6104 1511 1274 2876
15247 6740 2354 1696 1695
15248 8373 2189 6969 2190
15249 8104 5896 7351 6599
15250 6334 4621 4289 558
15251 8334 7145 7641 6994
15252 7180 6486 6503 6332
15253 7361 1362 6076 1355
15254 6887 6043 6688 584
15255 7555 6574 6923 5535
15256 7614 3379 984 3436
15257 8415 4252 5798 718
15258 7948 512 2560 2565
15259 6441 130 131 4391
15260 7402 3384 7272 3440
15261 7824 56 57 4808
15262 6850 6570 6740 5662
15263 7258 4879 4854 822
15264 7191 2671 4711 2670
15265 7053 483 6154 5039
15266 7504 5525 6665 6171
15267 8163 6059 6158 594
15268 6805 831 832 5176
15269 2073 4626 22 3186
15270 5680 2118 1785 2083
15271 7305 761 3928 3796
15272 7043 1624 3380 3381
15273 8320 6192 7919 5551
15274 6329 5666 5739 5644
15275 7763 4936 7587 5778
15276 6904 518 5706 4943
15277 7954 5760 6113 5720
15278 8142 7449 8044 5671
15279 7153 3571 6817 4435
15280 6403 5907 6391 924
15281 7580 6129 7315 6415
15282 8045 3457 6249 1516
15283 8231 6106 8037 7363
15284 7810 6908 7539 5595
15285 6841 5548 5914 5900
15286 7442 622 6877 623
15287 6379 3239 5899 3337
15288 7442 5676 6632 6594
15289 7708 1197 6505 1850
15290 8319 7358 8254 7828
15291 6442 5721 6262 6242
15292 6403 924 6391 928
15293 6630 3962 5375 5394
15294 7560 6104 6739 5769
15295 7527 6115 6974 5641
15296 6983 2789 6214 5076
15297 6504 436 4708 437
15298 7811 3951 6601 5571
15299 7723 3767 6448 3874
15300 5754 1816 2507 1092
15301 6140 2282 4486 296
15302 6250 6202 6238 5880
15303 7005 5626 6170 5984
15304 7816 7260 7712 6858
15305 7591 2920 7359 3034
15306 6462 3073 3059 4202
15307 6371 1811 1096 2293
15308 8418 6873 8405 6009
15309 7272 5819 5826 319
15310 8024 4227 4888 605
15311 7512 5843 7259 6461
15312 7995 6195 7401 5529
15313 7650 5898 6378 4782
15314 7994 5637 6994 6595
15315 8100 4244 718 2275
15316 7568 226 6804 2510
15317 6884 2028 942 4071
15318 7336 5563 6573 6129
15319 7086 6648 6943 6078
15320 7615 393 7567 392
15321 6045 702 701 4663
15322 7633 6235 7574 6752
15323 5038 20 3648 2012
15324 7906 5143 6190 761
15325 6827 97 4315 4223
15326 8034 5703 7583 6903
15327 7282 5290 5265 837
15328 7542 6172 6579 1544
15329 8218 5663 6111 5545
15330 5946 5729 5903 5561
15331 6693 143 2798 4513
15332 7265 181 6202 182
15333 6448 5466 5672 5333
15334 6286 5907 6272 6098
15335 7855 5416 7056 6212
15336 6852 6187 6336 6078
15337 6919 252 6856 6677
15338 7227 2784 6521 1229
15339 7808 3297 7500 6100
15340 6686 5763 6162 5729
15341 7793 587 6697 4886
15342 7296 6297 6484 5847
15343 7956 7117 7927 6311
15344 7757 5680 6321 5653
15345 6972 2011 5652 4034
15346 6736 5187 943 933
15347 6209 2310 4977 3370
15348 8031 4986 7324 4765
15349 7881 5703 6301 5690
15350 8287 1949 7704 5695
15351 5919 1575 1938 3451
15352 7430 6359 7405 6194
15353 7303 1393 3171 3286
15354 8414 7347 8056 6761
15355 7449 6828 7369 6650
15356 7051 2331 1683 1967
15357 8016 5554 7177 7114
15358 7363 472 3672 4503
15359 7785 3252 461 3340
15360 8259 6338 6976 5532
15361 7265 182 6202 2403
15362 7508 620 621 4867
15363 8386 8095 8355 6890
15364 7305 3796 3928 1624
15365 6227 3124 1916 3328
15366 7206 3799 7094 5710
15367 7752 5655 6024 5781
15368 7164 1389 3167 1387
15369 8137 5959 6893 1493
15370 6852 6331 6457 5846
15371 7884 2857 7122 3270
15372 6795 1319 6182 1529
15373 7554 6307 7239 6189
15374 7601 1820 1115 2316
15375 6813 6294 6541 5590
15376 7353 6427 6666 5671
15377 6607 2863 3589 4661
15378 8292 3854 7926 5212
15379 8361 7972 8249 6501
15380 7692 5860 7497 6764
15381 6571 1817 5999 1090
15382 6206 524 4840 523
15383 7792 6386 7392 5610
15384 8271 6892 7958 6244
15385 6129 1929 3678 3242
15386 7498 5558 7147 5818
15387 7944 6256 7111 6409
15388 8316 6176 8221 8185
15389 6157 1112 1116 2540
15390 7972 2634 6734 5609
15391 6411 4882 86 5112
15392 7665 3122 7012 5991
15393 7727 5927 7537 5268
15394 6022 5296 852 853
15395 7953 6401 6469 5060
15396 5810 4194 4413 759
15397 7327 6053 6951 6396
15398 7137 5111 6880 744
15399 8233 735 7015 5338
15400 6638 6017 6363 3319
15401 7758 471 5125 3310
15402 8279 6420 8140 7144
15403 6390 2564 4748 4682
15404 7049 5875 6663 5510
15405 7815 2094 2092 1776
15406 7107 4729 2755 2751
15407 7298 3592 1280 2890
15408 6697 2451 6339 590
15409 7549 6137 6291 1322
15410 6726 5561 6694 5946
15411 7866 4352 814 4991
15412 7882 692 5702 693
15413 6685 4308 6004 5160
15414 7970 1310 7817 1523
15415 7021 2499 2483 5082
15416 7734 5044 3176 5461
15417 6250 183 6238 6202
15418 6216 5828 6062 5761
15419 6333 2432 2380 4404
15420 6169 2378 4542 2372
15421 7705 6217 6753 6644
15422 6627 2489 1084 1085
15423 8386 3102 7621 3115
15424 6722 4376 3007 3471
15425 6653 4155 6308 6057
15426 7710 6623 7123 6633
15427 7644 5751 6506 5618
15428 6811 92 93 4838
15429 8299 7167 7460 6667
15430 8107 925 931 4019
15431 8412 6995 8359 2509
15432 6640 5944 6608 698
15433 6394 1035 3445 1024
15434 8234 5563 7580 6762
15435 6059 595 594 4918
15436 8196 1063 6316 1802
15437 6313 856 3841 3844
15438 6614 1089 6593 2500
15439 6467 6414 6426 5951
15440 7774 2953 373 374
15441 7303 3179 1923 3286
15442 7692 5860 7625 7497
15443 6181 925 917 4035
15444 8405 3979 6644 5400
15445 7655 870 7024 5148
15446 7759 2099 982 2102
15447 8034 7073 7848 6549
15448 8004 4180 7847 4179
15449 6313 1722 3841 3842
15450 7619 3921 5940 3847
15451 6295 5999 6071 2530
15452 6659 3221 6524 1928
15453 6544 4149 5918 4148
15454 7186 7064 7108 5950
15455 7539 1619 3810 1664
15456 8250 5719 7373 5951
15457 6209 704 4977 4393
15458 8171 3861 5904 3911
15459 8171 1734 3911 3858
15460 6916 4142 4143 553
15461 5742 4839 4716 2700
15462 7629 6225 7136 5648
15463 7618 5020 160 159
15464 7560 5499 5993 5701
15465 6420 911 914 909
15466 8313 4092 8282 2038
15467 8249 2691 1188 2685
15468 1995 5427 4014 4514
15469 5255 4263 25 4055
15470 8272 1552 7890 3150
15471 7442 5337 6877 6283
15472 6316 2428 5829 5659
15473 7252 3835 6738 6628
15474 7658 3603 7509 6265
15475 8242 2143 7274 572
15476 7769 5996 7347 6806
15477 5660 4893 4981 2374
15478 7568 6614 7143 5830
15479 7545 5771 6772 5897
15480 8140 5437 7144 4093
15481 8310 5733 6876 3220
15482 7996 3014 7836 3018
15483 7619 3920 5940 3921
15484 6747 2180 2174 4164
15485 2782 4524 9 4062
15486 8319 5863 6990 6081
15487 7464 1667 7305 3928
15488 7157 4091 2029 2016
15489 7013 1825 2579 1136
15490 6906 2296 5946 981
15491 8006 2532 1107 1812
15492 6230 2511 6008 4237
15493 7681 2549 5956 1826
15494 6831 5602 6149 5629
15495 7754 6351 7387 5499
15496 6467 1035 6394 2148
15497 7619 1726 7095 1980
15498 7664 5732 7284 6572
15499 6810 5024 6402 238
15500 7582 5920 6118 5517
15501 7432 7068 7172 5853
15502 8240 6915 7219 6792
15503 2076 4433 29 4031
15504 7469 2467 1073 1076
15505 7970 2949 1305 1310
15506 7579 5580 7144 6765
15507 6313 5474 1722 1724
15508 7718 5575 7175 5661
15509 7739 1470 7609 1134
15510 7936 3955 5386 344
15511 6505 4793 5672 2704
15512 6430 173 172 4298
15513 7855 5410 6804 5403
15514 7610 6582 7271 6258
15515 6985 5646 6261 5634
15516 8281 1623 2312 1667
15517 6042 4421 5218 3346
15518 6854 1908 3074 1348
15519 6347 2022 4088 4066
15520 7786 477 4603 476
15521 7206 852 7094 3799
15522 7924 6304 6690 6514
15523 7966 4636 5903 2280
15524 8236 2621 7208 6846
15525 7683 5482 7180 7123
15526 6322 2917 2947 4780
15527 7960 6466 6872 5970
15528 8393 5779 7349 6504
15529 7094 1720 5932 5710
15530 7830 2600 1168 2648
15531 7474 5397 3972 5423
15532 7461 5575 6528 6371
15533 8235 4144 6268 4151
15534 7461 2513 7437 2506
15535 7227 3446 2715 1499
15536 5914 819 4394 3079
15537 20 4311 2012 19
15538 8028 1195 6435 1486
15539 8240 6015 6866 6256
15540 7917 89 7772 5109
15541 7017 3291 4279 3662
15542 5433 4770 4956 11
15543 2038 5453 2048 5214
15544 7620 242 7570 5839
15545 7501 4576 6975 3350
15546 8097 5542 6953 5552
15547 6839 688 5230 689
15548 6628 3838 3916 1719
15549 6413 4847 4618 158
15550 7850 7225 7633 6238
15551 6914 5611 5669 5619
15552 6422 2292 3372 5032
15553 4014 2015 5130 3509
15554 8020 1285 7377 2888
15555 7879 5527 6408 5672
15556 8305 3259 460 3252
15557 8240 6409 7658 7111
15558 6332 6080 6317 5825
15559 6296 5764 6294 6144
15560 8297 5841 6763 6007
15561 7893 5499 7387 7187
15562 5747 2001 5300 2013
15563 8373 2177 2178 1054
15564 6607 3589 4753 4661
15565 8171 1732 1734 3858
15566 6452 930 4048 5455
15567 7190 4421 6882 503
15568 5722 3513 1465 2554
15569 8248 4101 4127 280
15570 8346 6185 8074 7931
15571 7377 1519 6621 1283
15572 8070 5027 7551 5947
15573 6726 5053 6369 5946
15574 8396 5280 205 204
15575 7780 1110 1814 2311
15576 8378 6714 8086 3539
15577 6971 5898 6395 6136
15578 6754 3923 5904 3861
15579 7756 7344 7578 6900
15580 7990 6747 7391 5848
15581 11 4770 12 2061
15582 7956 7920 7927 7117
15583 8072 7526 7647 5711
15584 7365 6189 7221 6512
15585 7363 5229 3310 3217
15586 6482 1296 2957 3010
15587 7153 5651 6004 3570
15588 6562 1241 6447 2810
15589 7637 703 7525 702
15590 7911 7155 7288 6599
15591 8333 2627 2465 4857
15592 6992 3484 4972 4686
15593 7020 104 4436 4545
15594 8332 6277 7138 3375
15595 6494 1599 2236 2237
15596 6552 1279 5838 2886
15597 7249 6830 6960 5545
15598 5774 371 4783 4447
15599 7519 2694 5908 2695
15600 7705 3420 6575 1766
15601 6805 832 833 5463
15602 8039 5569 5706 516
15603 6706 5982 6545 5601
15604 7851 1416 6634 3225
15605 8158 4853 6131 6088
15606 6715 3822 1709 1711
15607 7944 2974 6720 3463
15608 8237 5695 6431 6421
15609 5856 4945 696 695
15610 1995 33 5173 3515
15611 7443 6119 6307 5713
15612 6323 4004 1750 1751
15613 8277 4301 3349 5214
15614 7563 5627 7073 6671
15615 6356 3580 2688 4836
15616 8365 3253 4382 3257
15617 7618 5055 6679 160
15618 6204 3760 1639 1671
15619 7153 6438 6641 6582
15620 7669 5964 7079 6926
15621 7231 1887 2926 1298
15622 7236 3976 3996 3972
15623 7645 6055 7503 7117
15624 6658 1341 3038 3195
15625 6318 3406 5660 4981
15626 7760 1836 2616 1155
15627 8159 6575 7505 5512
15628 6887 2330 4575 4749
15629 7249 5910 6830 6759
15630 7049 3749 1669 3702
15631 7693 3054 3053 1328
15632 6955 5110 3156 824
15633 7854 1025 5902 2440
15634 7360 5709 7128 6548
15635 7803 3822 6715 3908
15636 6954 5635 6899 6660
15637 6164 2229 4410 4197
15638 7468 1015 2492 1029
15639 8011 2957 2965 4608
15640 6041 1965 1677 2318
15641 5636 1296 2928 2958
15642 7210 5866 6296 5764
15643 7846 6935 7624 6090
15644 6328 2237 2236 4472
15645 7376 5187 6736 3913
15646 8227 959 952 947
15647 8012 5490 7155 5954
15648 8143 2678 4795 4715
15649 6454 5450 2054 2037
15650 8026 5486 7826 7041
15651 7131 4531 433 434
15652 7098 3264 1935 1434
15653 7788 6815 7120 7014
15654 7628 2127 6916 6054
15655 7298 3592 5679 1280
15656 7462 1020 2143 2144
15657 8012 5657 7943 7155
15658 7363 3218 3215 4503
15659 5890 3798 1725 1726
15660 8071 2091 7815 975
15661 6860 4405 4989 2197
15662 7283 2752 4954 704
15663 5963 2662 1218 1496
15664 8353 5582 8237 6421
15665 6484 5399 5839 242
15666 7324 2964 2931 4765
15667 7939 2769 6597 6387
15668 6417 5754 6229 5731
15669 8210 6139 7411 7029
15670 5904 2039 4061 2051
15671 7607 6023 6333 5572
15672 6215 4487 582 616
15673 7691 6434 7460 6554
15674 7792 5957 7450 5910
15675 6499 3796 3812 5367
15676 7459 6659 7247 5922
15677 7559 968 6293 4018
15678 7629 5527 7213 7136
15679 8269 4975 7860 222
15680 1995 33 34 5173
15681 7914 4860 6606 3441
15682 1995 5173 930 3515
15683 6609 3597 4628 2931
15684 8111 65 6130 64
15685 6640 5538 5766 5681
15686 6628 1719 1718 3835
15687 7207 6392 7079 6926
15688 6672 2226 6005 5703
15689 6322 4780 6046 2917
15690 6770 2531 1107 1105
15691 7443 591 590 4482
15692 7519 2695 7500 5074
15693 7630 2741 633 4979
15694 6495 594 6059 595
15695 7631 6234 6695 6567
15696 7593 7262 7339 6396
15697 7374 2907 1286 3263
15698 6521 2710 6505 1229
15699 2073 3186 22 4984
15700 7691 843 7364 6921
15701 8124 1364 6558 1551
15702 6155 3523 2576 283
15703 7490 3795 5320 5350
15704 6991 5614 6159 6140
15705 7798 7099 7457 7216
15706 8116 4023 4038 5452
15707 8175 5781 7912 7067
15708 8333 2627 7726 2465
15709 6818 5523 5649 5645
15710 7632 4073 5580 4079
15711 6708 3033 3631 1544
15712 7075 5590 6541 6294
15713 8000 2242 1602 1948
15714 7988 5962 7345 5480
15715 6931 5745 6563 2471
15716 6322 6040 6046 4780
15717 7000 6103 6651 715
15718 7443 4601 590 591
15719 7503 5654 6917 5749
15720 7210 6296 6519 5764
15721 7730 5565 7007 6807
15722 6289 5553 5762 5638
15723 7025 5737 6492 5864
15724 7222 4153 6691 6039
15725 7549 2994 1323 1322
15726 8024 4227 6301 2225
15727 7412 2570 6886 6334
15728 7524 5884 6121 1433
15729 6322 2917 1886 2947
15730 7170 5585 7040 6356
15731 6114 804 4525 803
15732 7948 4674 512 511
15733 7504 2162 7399 1039
15734 8178 6493 6823 6528
15735 7258 822 6720 5584
15736 5706 2482 4588 4668
15737 8177 662 661 4839
15738 7331 6319 6384 6116
15739 7099 5682 6300 5513
15740 6255 2532 4670 2528
15741 6091 3917 3856 5179
15742 7707 5632 5999 5859
15743 6953 5542 6625 5552
15744 6772 5788 6721 6159
15745 6295 5859 6071 5999
15746 6567 5604 6234 6031
15747 7609 5506 7020 1470
15748 6864 1524 1313 2967
15749 7434 5998 6008 5921
15750 7672 2399 7101 1154
15751 7961 5681 6640 6045
15752 7363 5768 6352 3215
15753 8051 1903 1552 3471
15754 6267 1781 2113 987
15755 7634 4481 6769 4680
15756 6503 2647 4294 2728
15757 6419 1121 1463 2553
15758 6649 796 4318 4441
15759 7905 2598 1147 1149
15760 6718 3555 6246 1492
15761 7829 2520 6147 4277
15762 7539 1664 5868 1619
15763 7510 3952 5571 3951
15764 7904 6687 6881 6026
15765 6472 4223 5873 4315
15766 5675 4635 3737 3684
15767 7366 1827 1133 2355
15768 7319 3601 1525 2981
15769 8137 133 6685 2772
15770 8320 2395 4397 210
15771 7874 5621 6507 6308
15772 7132 6696 7037 5728
15773 6261 4167 2168 2167
15774 6666 5991 6650 6526
15775 8186 6613 7130 6541
15776 6632 2713 5691 2716
15777 7746 6007 7182 6241
15778 6638 5865 6363 6017
15779 8347 7791 8103 6901
15780 7845 6944 7674 6639
15781 6788 3524 3528 1142
15782 5827 5503 5724 5566
15783 7844 5781 7752 6024
15784 6425 2103 6229 4118
15785 6622 1771 5723 1991
15786 7398 6869 7249 5910
15787 6904 3517 6642 6437
15788 7805 6392 7052 5505
15789 7895 6210 7086 6547
15790 7703 3578 5027 5460
15791 7451 5779 6453 5768
15792 7370 3453 7104 4340
15793 8039 2539 5956 1826
15794 7430 6194 6627 6166
15795 5808 559 5090 560
15796 6697 5494 6418 5713
15797 7101 2569 1130 2568
15798 6875 464 4273 5197
15799 6888 5606 6804 5830
15800 6758 4293 4273 463
15801 6475 2419 6343 3415
15802 7636 4717 6551 3129
15803 6660 3723 3725 1644
15804 6589 5321 5818 5743
15805 6354 2321 1463 1121
15806 8226 5864 6492 5949
15807 8082 1365 3101 1555
15808 6273 5251 2860 4329
15809 6323 2405 6238 2410
15810 8171 5867 7125 6754
15811 7033 1760 3981 5414
15812 7969 2564 6390 5956
15813 7637 7399 7467 2427
15814 8063 6591 7853 7598
15815 6747 4164 6615 4186
15816 7485 3540 6263 2641
15817 7420 1694 3969 1971
15818 8270 465 6875 4373
15819 7033 1760 1746 3981
15820 6738 5693 5853 5821
15821 6736 5755 5890 5474
15822 7124 6683 7073 6814
15823 7253 3469 6942 1548
15824 7361 1355 6076 5914
15825 7638 6455 6941 6912
15826 6821 5956 6169 5752
15827 7447 5137 6400 4386
15828 7005 5626 6155 6051
15829 7801 5375 6630 3939
15830 7920 7175 7718 7176
15831 6209 2310 1612 2260
15832 7568 4694 226 2510
15833 7602 5953 6135 935
15834 6992 1069 6712 3484
15835 6542 86 6411 87
15836 6462 4202 3059 3166
15837 7206 4935 5821 4312
15838 6174 2664 4720 2671
15839 7361 3089 1547 3184
15840 5804 2607 1151 3411
15841 7612 5630 6085 5888
15842 7567 5615 6942 3639
15843 5955 2763 680 679
15844 6216 5761 6062 5689
15845 6153 4466 3445 615
15846 6825 3762 3713 1962
15847 7825 3308 3307 4884
15848 6964 6371 6520 1449
15849 7313 5552 6745 5727
15850 6335 5599 5743 5539
15851 6282 225 4006 5403
15852 6817 5181 136 137
15853 7270 1095 6018 1809
15854 7735 1824 6452 1466
15855 7031 5511 6074 1785
15856 8222 2376 8108 4226
15857 7335 1326 1317 2984
15858 8258 6843 7987 7169
15859 7720 1585 7221 6119
15860 6891 5518 6349 6338
15861 7546 6122 6726 304
15862 5956 2557 1119 2549
15863 6526 4528 6046 4784
15864 8039 6867 7956 5956
15865 7831 4849 3042 785
15866 8262 6554 6902 3048
15867 7930 3583 7115 5102
15868 7700 2374 1018 1793
15869 6761 5974 6070 5568
15870 6102 5686 5856 5702
15871 7682 5853 7351 5821
15872 8133 2594 6642 2571
15873 5956 2549 1119 1826
15874 6562 2810 1237 1243
15875 7364 3905 3825 842
15876 7394 5849 6350 5668
15877 7317 455 6681 4270
15878 6426 1022 5985 1023
15879 7293 5696 7061 6786
15880 6272 960 2073 1999
15881 8416 8156 8377 3250
15882 5691 2713 659 2716
15883 7366 1827 2355 2379
15884 5688 4654 5050 2969
15885 6438 2722 3447 1498
15886 8150 2443 1052 2757
15887 7543 288 6588 5135
15888 7431 7331 7369 6040
15889 7870 5623 7545 7140
15890 5745 5138 507 506
15891 7994 6523 7771 5597
15892 6509 5392 6298 3968
15893 7199 3975 1744 4000
15894 7366 6051 6600 5254
15895 7202 649 4203 648
15896 7303 3180 6232 3179
15897 6609 5042 6492 164
15898 8235 6142 7958 7045
15899 7797 3364 6197 6101
15900 7993 6135 6355 6065
15901 6801 4774 810 809
15902 8301 4285 6365 646
15903 8073 3489 6446 3488
15904 7154 233 5417 234
15905 7161 4800 6104 2866
15906 6923 5535 6574 5526
15907 7639 6559 7036 5368
15908 7764 4698 7703 6811
15909 7156 2045 5603 4065
15910 7727 3293 1562 1396
15911 8015 7802 7999 6348
15912 7154 6061 6926 5931
15913 7380 3182 6618 6062
15914 7090 6436 6631 6598
15915 8213 1015 1792 2365
15916 7287 1249 2807 2819
15917 6585 2620 1156 1158
15918 6011 2565 2560 1125
15919 7711 6336 6852 6457
15920 7864 6226 7641 6360
15921 7009 4577 2630 3531
15922 6485 5834 6471 5960
15923 8218 5802 7770 6865
15924 6100 2679 1184 1484
15925 7356 5559 7353 7343
15926 7619 5581 7095 5940
15927 7764 2800 7724 1504
15928 7720 2209 2208 4601
15929 7565 613 6970 614
15930 7961 6889 7696 5634
15931 7640 5610 6607 6310
15932 7327 1653 6053 3804
15933 7660 6545 7112 6469
15934 7008 5525 6943 5685
15935 6018 2474 4915 5108
15936 6539 1902 1327 3004
15937 7021 1084 6627 2489
15938 6775 5958 6586 5930
15939 5913 5692 5845 5688
15940 7313 4835 6625 2703
15941 8098 5390 7055 5374
15942 7498 6664 7147 5558
15943 7163 2342 1690 2340
15944 6740 2354 4245 3394
15945 7324 2960 3606 1308
15946 7410 1877 2874 1513
15947 6660 1644 1673 3723
15948 7147 5818 6083 5681
15949 6025 3893 3809 5314
15950 6620 5039 3243 3139
15951 7882 4826 7501 691
15952 7390 6696 7132 6089
15953 8352 7004 8084 6073
15954 7559 924 6403 2074
15955 6539 6213 6401 382
15956 7651 7359 7591 2920
15957 8184 4768 8183 2939
15958 6539 5045 6213 382
15959 6281 2698 2686 1192
15960 6657 2309 4411 3354
15961 6675 293 6340 6320
15962 7422 4639 296 4790
15963 7240 3428 6165 4978
15964 6882 504 5136 3283
15965 7924 922 6690 2056
15966 7298 358 6044 2885
15967 8238 748 6829 5358
15968 8090 6506 6544 1027
15969 8293 3949 1683 1968
15970 7204 5763 6358 2078
15971 8262 1344 3067 3048
15972 6519 2919 1293 3136
15973 7760 2655 6271 1171
15974 8211 1691 2345 3390
15975 7999 2824 369 2833
15976 7792 5957 6869 5560
15977 7464 3901 7305 5364
15978 7626 6629 6971 6397
15979 6545 1871 1257 2839
15980 6929 1443 3279 3476
15981 8169 4446 6678 770
15982 6542 85 86 5099
15983 5919 4231 5817 5159
15984 7969 5752 7681 5956
15985 7884 2857 3270 1937
15986 7449 6118 6828 5490
15987 7179 5716 7066 5938
15988 6273 4329 2860 2859
15989 7968 6611 7176 6493
15990 8072 3415 6343 1747
15991 7059 4419 5965 3506
15992 7811 340 4804 339
15993 8126 6622 7826 5551
15994 7645 5575 6680 6399
15995 5749 3522 2603 1834
15996 7179 6280 7066 5716
15997 7348 5840 6482 3010
15998 6222 5611 6198 6176
15999 6831 3188 1399 3196
16000 6536 332 6150 4816
16001 7862 1123 6194 1077
16002 7604 1379 3140 3158
16003 7661 7150 7283 1061
16004 6330 153 5080 154
16005 8419 1408 3306 1079
16006 7896 2584 2728 4846
16007 7238 6496 7030 6652
16008 5946 994 3351 2258
16009 7455 7016 7242 5509
16010 8305 5835 7785 5824
16011 7061 5533 6730 6330
16012 6750 4726 128 129
16013 7807 2630 7145 7009
16014 6606 2723 6171 5943
16015 7361 3184 1362 3095
16016 7247 3335 1571 1930
16017 6946 5915 6536 6111
16018 6646 1676 3735 3728
16019 7258 5584 6737 5900
16020 7361 1355 5914 3095
16021 7929 7512 7711 5704
16022 7898 1790 6199 1028
16023 7189 3734 1675 3727
16024 6935 1234 1862 3448
16025 6515 1370 3116 1915
16026 6899 751 5320 752
16027 1913 7069 3087 1549
16028 7617 5319 7409 641
16029 23 4984 2073 22
16030 7126 6359 6389 5895
16031 7922 571 5804 4257
16032 6091 1730 3856 3917
16033 7676 6592 7486 6266
16034 7558 5658 6721 6320
16035 7151 6341 6548 5639
16036 7765 510 5969 511
16037 6533 4288 864 863
16038 8257 6045 7696 7525
16039 7292 5493 7212 6772
16040 7800 2694 1187 1190
16041 6399 525 5664 5006
16042 7098 3264 3259 1935
16043 6345 3743 3701 4476
16044 7786 477 3230 478
16045 6842 317 4216 2358
16046 7035 5700 6460 5895
16047 6465 5221 4523 141
16048 7639 5368 7036 3777
16049 6535 5873 6463 5712
16050 6376 5202 395 394
16051 6385 4652 2009 4044
16052 7481 4115 4102 264
16053 7969 551 4150 550
16054 6437 2586 4551 3517
16055 6437 1467 6132 2586
16056 7500 3545 4963 4673
16057 8006 2531 6770 2303
16058 7366 2379 6458 1827
16059 6696 4324 3371 2265
16060 7912 848 6738 5288
16061 6893 1211 1856 2742
16062 7643 5653 7058 5626
16063 7795 5090 6886 3288
16064 7386 531 5007 4788
16065 7017 4279 6062 5828
16066 7828 7006 7480 7131
16067 7830 2383 6583 6476
16068 7415 1228 2781 2782
16069 7644 5962 7586 5618
16070 7645 6538 6680 6611
16071 7610 5696 7030 5737
16072 7451 1410 7198 5768
16073 7648 5307 3906 5276
16074 7012 3134 3656 4535
16075 8054 7314 7407 5894
16076 8171 1734 3861 3911
16077 7434 5921 7338 5998
16078 7192 2359 5826 3395
16079 6316 2428 5659 1048
16080 8101 1050 7790 2639
16081 7153 4435 6817 2787
16082 8037 4503 7363 6352
16083 7246 6256 6720 6409
16084 7661 4161 5852 4180
16085 6850 5610 6689 5662
16086 7279 1004 5902 1025
16087 7722 6480 7614 2104
16088 7785 461 7642 6758
16089 7537 3626 3051 425
16090 7451 4709 5863 3141
16091 7892 5632 6654 6443
16092 7889 6586 7182 5151
16093 7703 3578 7381 5027
16094 8117 2955 3088 5163
16095 7371 1003 2120 2122
16096 7820 6713 6989 6341
16097 8088 5599 8019 5820
16098 6803 3062 6060 1343
16099 7587 1873 2872 1272
16100 6385 2971 1314 1880
16101 7974 5297 3831 3834
16102 6847 4832 841 3195
16103 7480 5669 7006 6733
16104 8211 3390 7419 3391
16105 5580 4060 4073 2026
16106 6011 2564 2566 1128
16107 7679 1393 7303 1923
16108 6767 4874 4510 2659
16109 5960 463 3269 4383
16110 7409 5319 6211 642
16111 6135 2033 2024 5434
16112 5738 600 4899 601
16113 6695 6360 6523 6226
16114 6104 2853 4800 2875
16115 7627 5588 5997 5741
16116 7360 6548 7104 5709
16117 7860 4975 2484 2500
16118 7126 5895 6460 6193
16119 7312 5670 7125 6862
16120 6247 5554 5878 5570
16121 6902 1333 1347 3061
16122 6698 2686 6281 2698
16123 7077 5267 5848 4284
16124 6848 941 4096 4082
16125 7330 1704 2367 2368
16126 7583 6903 7489 7407
16127 7104 1276 2937 2864
16128 6041 2373 1706 3398
16129 7686 828 5997 4353
16130 6041 2317 1706 2373
16131 6990 401 6587 6012
16132 6692 600 4997 4215
16133 8144 919 2053 4030
16134 7244 1987 6282 4005
16135 7869 3661 3552 1332
16136 8279 7553 7872 6420
16137 7331 7155 7275 5490
16138 6603 865 6289 3857
16139 8387 1603 8000 2244
16140 7162 6498 6997 2307
16141 7536 3763 7388 3757
16142 7975 1552 3646 3471
16143 8279 6346 7382 7257
16144 5592 738 737 5353
16145 8123 1894 3462 2950
16146 6698 6281 6435 2698
16147 8298 4681 2466 2467
16148 8219 579 7835 5144
16149 8317 5832 6690 5961
16150 7104 5258 2864 4331
16151 7910 6511 7690 6649
16152 8237 731 732 4610
16153 7778 3523 7260 6155
16154 6205 1558 1395 3294
16155 7432 6667 7353 5665
16156 7092 4840 6917 6206
16157 7647 5978 7596 5487
16158 7260 3526 3413 1135
16159 7039 4554 6928 3584
16160 6554 4834 3057 4833
16161 6929 5905 6164 5815
16162 7385 229 5407 230
16163 7764 7381 7703 3578
16164 7324 2960 1308 1311
16165 6947 5552 5856 5686
16166 7631 5604 6647 5643
16167 7627 5666 6828 6329
16168 7679 5637 6871 6860
16169 7972 1163 7751 6734
16170 5902 2330 1006 2336
16171 6823 6528 6611 5575
16172 6495 2214 6059 5640
16173 6408 4589 4793 619
16174 7035 5733 6576 5700
16175 6518 5116 3036 806
16176 7917 2709 6851 1864
16177 5884 3260 3189 1433
16178 7568 225 6804 226
16179 7384 6582 6967 5746
16180 7600 6319 6518 6114
16181 6416 1063 6316 5659
16182 5782 670 671 4176
16183 7796 6256 6291 5584
16184 6987 5282 354 2881
16185 7245 118 6239 117
16186 6536 3935 332 331
16187 6631 2982 3003 4325
16188 6489 4844 232 233
16189 7931 2573 7609 3416
16190 7652 7179 7506 7016
16191 7044 1404 3206 3183
16192 7272 317 4233 318
16193 6373 230 2212 2528
16194 7792 6835 7450 7112
16195 7471 5516 5901 5884
16196 7859 5150 6400 3380
16197 7831 4849 785 786
16198 7915 1568 6934 5953
16199 8170 6012 7738 5785
16200 7803 5794 7267 964
16201 8321 2279 722 2281
16202 7164 3658 2262 1390
16203 7119 2343 6069 1823
16204 6959 3872 6448 3767
16205 6342 2135 5918 4148
16206 6731 783 4349 782
16207 5932 3843 1721 1979
16208 7803 4021 7267 6093
16209 8168 586 585 4684
16210 7206 5293 849 850
16211 7762 5924 6957 6822
16212 8198 7506 7678 7592
16213 8089 5962 7644 5618
16214 7763 4753 3588 347
16215 6402 236 237 5085
16216 6500 3087 4855 3637
16217 7286 2760 1227 2715
16218 8223 6232 7303 5694
16219 8393 6504 6840 5700
16220 7657 5545 6746 5663
16221 6281 1192 2686 1187
16222 7913 5863 6081 3152
16223 7967 5523 6702 5649
16224 8320 4317 7919 210
16225 8353 5875 6421 5869
16226 7438 4580 6583 4837
16227 4015 5173 930 34
16228 4015 5173 5455 930
16229 7341 6490 6878 6683
16230 1995 4514 33 3515
16231 6472 2315 6008 2511
16232 7914 5104 5967 665
16233 7488 988 5508 2107
16234 7233 3161 1918 3147
16235 7285 5484 6311 6113
16236 6609 2906 3597 1288
16237 7636 2652 6767 6203
16238 6589 5356 738 3791
16239 7917 5980 6067 6052
16240 7648 3912 6024 5857
16241 8039 514 5569 515
16242 7569 464 3343 3345
16243 7265 4490 180 4648
16244 7265 4830 7026 6202
16245 7224 382 6539 6401
16246 6533 5204 6487 861
16247 6533 861 6177 4295
16248 6827 97 5458 4361
16249 6533 862 861 4295
16250 6539 3012 6213 5045
16251 7958 6142 7813 7328
16252 7539 3899 6954 5310
16253 7804 7181 7417 7071
16254 6545 2838 6356 2688
16255 7477 7321 7458 5638
16256 8207 2596 1833 3523
16257 7027 5550 6273 5928
16258 6672 2226 5703 5281
16259 6494 1658 1599 2237
16260 8372 2422 8196 3429
16261 6074 323 322 2558
16262 7610 5864 6796 6786
16263 7672 2399 2381 5014
16264 7828 5785 7480 6224
16265 7672 1151 7101 5804
16266 8065 3456 2889 4342
16267 6534 5015 3761 3748
16268 7168 2119 1002 1786
16269 8002 6099 7620 3520
16270 7754 5529 7647 5499
16271 6604 3472 5190 3110
16272 6533 3852 5204 863
16273 6604 3110 5190 4363
16274 6776 2665 6567 6234
16275 7539 5635 6908 5868
16276 7890 3647 3648 1552
16277 7512 5735 6461 5704
16278 7270 3488 6446 1104
16279 7419 4971 4679 311
16280 7048 6754 7024 5617
16281 7546 304 6726 6422
16282 8233 5766 7019 3789
16283 7853 5525 6171 5562
16284 7650 4782 6395 5898
16285 8344 251 8230 250
16286 5934 1013 1012 2133
16287 8205 6017 6363 5865
16288 7104 5258 6163 4340
16289 8000 1948 6569 2242
16290 6261 660 4169 4167
16291 7511 5557 7413 7208
16292 7650 2990 4782 3069
16293 8410 4376 6845 6309
16294 7484 3946 333 5391
16295 6533 863 5204 862
16296 7568 225 226 4694
16297 7168 993 1786 3425
16298 7660 6095 6545 6469
16299 7652 5938 7179 5971
16300 6534 4818 5015 3748
16301 6533 5553 6515 5524
16302 6534 4818 6047 5015
16303 8290 7706 7872 6420
16304 6533 3099 6515 5271
16305 7994 5694 6595 6360
16306 7779 5625 6014 219
16307 7651 6962 7591 7323
16308 6536 331 332 4816
16309 7680 7113 7151 6341
16310 7652 7016 7506 5578
16311 6539 3012 5045 382
16312 7539 5868 7490 6899
16313 7285 5484 6404 5911
16314 7061 5753 6550 6330
16315 6453 1566 3217 1926
16316 7473 5530 7310 6639
16317 5747 4049 3915 5187
16318 7346 5698 7217 5807
16319 7692 5912 6378 5714
16320 6842 5756 6056 5826
16321 5881 706 5829 5086
16322 8195 1270 1875 2868
16323 7620 5790 6458 6099
16324 7085 3755 756 3756
16325 7610 5864 7025 6796
16326 7168 2119 6777 2108
16327 7162 540 4458 4195
16328 7565 6023 7102 6269
16329 7153 6438 6582 5651
16330 8309 3979 1740 1763
16331 8282 2032 7602 2038
16332 7173 1690 7163 6612
16333 7168 993 5511 1785
16334 8042 5853 6530 5975
16335 7717 6623 6870 6647
16336 7921 6284 6906 5561
16337 7168 2108 5725 1002
16338 6533 5524 6177 5553
16339 6536 3935 6150 332
16340 6533 5271 4288 863
16341 6662 4937 307 308
16342 6543 3529 5804 1158
16343 6371 3485 2513 1811
16344 6882 2540 2545 4453
16345 6738 849 5288 848
16346 7643 7029 7411 6139
16347 6571 2301 1817 1090
16348 7649 6903 7489 5495
16349 7483 6889 6947 5542
16350 7907 3526 7260 2577
16351 7090 3606 5283 2986
16352 6678 4778 2925 2934
16353 7651 766 6962 4541
16354 7320 5235 6070 581
16355 7641 6717 7145 5506
16356 5942 4892 2801 3575
16357 7173 1689 3965 1688
16358 7160 5975 6500 4811
16359 7153 5613 6817 6004
16360 7152 6271 6567 1841
16361 7420 6223 6740 2350
16362 7160 5308 860 861
16363 7565 3366 6328 2236
16364 8186 2809 4821 2815
16365 8270 5905 6164 5156
16366 6533 862 4295 5271
16367 6533 5271 6515 4288
16368 6586 3572 2786 4568
16369 7723 6087 6959 1941
16370 7477 868 7321 867
16371 7378 4189 4452 322
16372 5818 2260 1612 2256
16373 6985 5525 6261 5742
16374 6763 5503 5994 5841
16375 6829 5349 746 5314
16376 8279 8030 8140 6403
16377 7096 2547 6061 5471
16378 5914 3079 3083 5001
16379 7160 5021 6826 3108
16380 8255 3561 6853 2761
16381 7152 5791 6567 6271
16382 7401 3412 1984 1746
16383 7235 61 6097 62
16384 7484 335 6617 4759
16385 7900 1268 7709 2847
16386 7152 2455 6470 4498
16387 7544 5570 5906 5554
16388 7170 5585 6356 5898
16389 7660 5982 7112 6545
16390 7420 1971 3392 1694
16391 7661 1060 7063 2170
16392 7170 5898 6971 5585
16393 7173 3955 3965 1689
16394 7163 2339 7140 4678
16395 7357 1087 2249 2503
16396 6533 863 862 5271
16397 7617 3805 5319 641
16398 7567 6186 6942 5615
16399 6533 5271 4295 3099
16400 6604 5553 6289 5638
16401 5991 3122 836 5465
16402 6081 3152 5863 4521
16403 6503 2647 6411 5112
16404 8332 2111 7138 6425
16405 6803 3628 3047 1543
16406 7953 3582 6469 1507
16407 6812 6435 6698 6281
16408 7027 5928 6273 2840
16409 7291 5835 6485 6471
16410 7186 4687 6624 6028
16411 7762 5924 6570 5624
16412 7199 3973 6622 1991
16413 8302 5605 8019 5599
16414 8034 6101 7583 5703
16415 7104 390 5587 5258
16416 7104 4331 5587 390
16417 7832 6065 7329 5730
16418 7620 5839 6221 4368
16419 7654 7167 7172 5853
16420 8149 3284 1461 1124
16421 7037 5683 5843 5735
16422 7168 4126 6777 2119
16423 7168 2088 1786 993
16424 7162 5234 6806 538
16425 7162 538 5211 539
16426 7238 2724 1205 1211
16427 7179 5776 7066 5635
16428 7504 6261 7008 5525
16429 7504 5525 7008 6665
16430 7443 4482 6339 6158
16431 7179 5776 5971 5938
16432 7679 3159 6595 3160
16433 7604 4425 6879 3158
16434 7696 5685 7399 7008
16435 7170 6356 7040 5982
16436 7660 7112 7170 7116
16437 7420 6223 6689 6570
16438 7655 870 7397 7024
16439 8225 5854 6835 5601
16440 7449 6329 6828 6650
16441 7597 2402 1748 3424
16442 7645 6399 6680 5664
16443 8009 5758 6977 6262
16444 7318 6090 6905 5483
16445 7486 397 396 4334
16446 8140 4093 7144 6420
16447 8260 5914 7878 7682
16448 8168 585 4575 4684
16449 7005 6155 6175 283
16450 8109 6008 6018 5921
16451 7128 5679 6548 5709
16452 8153 2870 4366 2828
16453 7447 3431 6727 6433
16454 5818 3791 1951 3894
16455 7744 1954 1621 3898
16456 8261 2554 6810 238
16457 7662 6871 7141 5079
16458 8096 3174 8032 4907
16459 7609 1134 2574 1476
16460 7696 7008 7399 5634
16461 7550 5137 6975 6331
16462 8240 6792 7219 5578
16463 7292 6159 6686 5729
16464 8120 6638 6809 493
16465 7832 3285 5961 1098
16466 7325 1032 6491 2145
16467 7658 2980 7509 3603
16468 7660 6356 6545 6095
16469 7173 1688 2339 2340
16470 7173 2339 7163 2340
16471 7660 5898 6356 6095
16472 7179 5635 5971 5776
16473 7531 5627 6814 5849
16474 7170 5556 6971 5714
16475 7392 5910 7249 6869
16476 7422 5788 6675 6340
16477 7154 5931 6926 6837
16478 7495 5638 7477 6227
16479 7797 1656 1655 2231
16480 7331 5577 6384 6040
16481 7755 1597 1947 3780
16482 7352 3507 5965 5233
16483 7689 5629 7666 5927
16484 7861 5777 6210 5721
16485 6809 3265 3262 495
16486 7803 5307 7648 2068
16487 6869 6096 6689 6612
16488 8149 3284 2307 1112
16489 7839 6708 7789 5656
16490 5914 3079 1355 1911
16491 6143 4677 3331 3295
16492 6886 4289 6334 2570
16493 8027 6786 7127 6967
16494 7484 5391 6894 3946
16495 7495 3472 6604 1553
16496 7974 6628 7252 5877
16497 7265 4648 180 181
16498 7265 2403 4648 181
16499 7510 1685 2334 2335
16500 7090 5283 6179 170
16501 7660 5982 6545 6356
16502 7178 6173 6365 5801
16503 7599 5738 6010 5627
16504 7161 3585 3584 153
16505 7152 1841 6470 2455
16506 7649 7314 7489 7299
16507 7660 7112 7116 5854
16508 7785 3252 460 461
16509 7661 2170 5852 2185
16510 7730 5540 7588 6807
16511 7154 6489 7033 5417
16512 7170 5982 7040 6771
16513 7970 5692 5800 5657
16514 7800 1485 6464 5908
16515 8135 6752 7633 6323
16516 7294 4976 7122 4330
16517 7590 1249 6540 1870
16518 6267 987 2298 2534
16519 7628 2121 4137 4150
16520 6590 6054 6439 2126
16521 6227 3126 1373 3124
16522 7697 6179 6566 6430
16523 5997 827 4281 5278
16524 7090 2986 5283 170
16525 8035 3910 7974 5877
16526 7152 4498 2654 2455
16527 7234 4568 5219 178
16528 7664 6207 6790 6349
16529 7145 3531 7009 2630
16530 8244 6216 6898 5809
16531 7609 1134 1470 2574
16532 8165 4437 2559 5240
16533 7731 5241 836 4424
16534 7523 319 5826 320
16535 7521 597 7072 2475
16536 8214 3556 1492 1857
16537 7088 3649 3114 1369
16538 7841 5660 6318 5627
16539 7166 1207 6606 1208
16540 7660 5982 7170 7112
16541 7177 5587 6424 5530
16542 7599 5618 7563 5627
16543 7166 6874 7014 6815
16544 7143 2509 6995 2517
16545 7157 2016 4076 4091
16546 7665 3327 7012 1556
16547 7157 4076 6848 4091
16548 7161 3584 6928 153
16549 7579 6420 6766 6270
16550 7238 6652 7030 6048
16551 7162 4195 4458 2307
16552 7665 5243 7487 3133
16553 7816 5773 7260 5787
16554 7234 177 6586 4568
16555 8113 6430 7466 6438
16556 7660 5854 7116 6401
16557 7170 5714 5898 5556
16558 7447 2446 5137 4386
16559 7154 6009 7033 6489
16560 7666 6725 7448 5523
16561 7101 2568 6168 2569
16562 7538 6085 7282 6405
16563 7101 1474 6788 2568
16564 7634 546 545 2552
16565 7634 545 6070 4578
16566 7101 2568 6788 6168
16567 5723 1771 2395 3423
16568 7229 4701 6239 118
16569 7885 5727 7183 6953
16570 7744 1621 5595 3898
16571 8227 5603 6808 5581
16572 7992 7016 7085 6660
16573 8047 4960 635 5354
16574 8023 7108 7707 5859
16575 7948 4901 6799 514
16576 7566 5507 6530 5975
16577 7633 5505 7010 6752
16578 8287 6102 7704 5856
16579 7090 170 2984 2986
16580 7501 726 5886 5216
16581 7161 5769 6104 4800
16582 7161 5769 6739 6104
16583 7665 3133 7487 3328
16584 7596 6489 7033 6009
16585 7154 5417 7033 6009
16586 7662 2622 6174 2664
16587 7137 4947 6880 4672
16588 7661 2186 2185 4180
16589 7137 4672 6880 743
16590 7479 6068 6478 6387
16591 7662 6871 7517 6174
16592 7484 3947 5389 5384
16593 8278 6252 8025 257
16594 7504 1043 7399 5634
16595 8055 6219 8052 7819
16596 7151 6833 7148 7113
16597 6382 4606 4463 2251
16598 7668 5678 7377 5864
16599 7667 7534 7649 7239
16600 7667 6307 7649 7314
16601 7794 6011 6069 5760
16602 7507 5513 6885 6362
16603 7790 5925 6103 5813
16604 7665 5243 7612 7487
16605 7618 5949 6698 6281
16606 8194 7788 8162 6375
16607 8123 3462 6444 2950
16608 8116 949 6868 2042
16609 7948 514 513 4901
16610 7615 6186 6424 3138
16611 7537 424 425 5268
16612 7633 6125 7574 6578
16613 7664 5536 6988 6349
16614 7092 1834 5749 1143
16615 7095 3847 5940 5890
16616 7669 6217 7588 7079
16617 7841 4981 5660 4893
16618 7110 5677 6912 6741
16619 7095 3847 5890 1726
16620 7120 4520 6897 6682
16621 7154 233 6489 5417
16622 7161 2866 6739 6388
16623 7953 5060 6469 3582
16624 7137 3732 5599 4947
16625 8228 5960 7400 5824
16626 7161 6388 7039 3584
16627 7170 6619 7116 5775
16628 7827 5533 7465 7203
16629 8339 6101 8034 6549
16630 7107 4729 2689 2755
16631 8358 6727 7711 5544
16632 8309 1763 7821 6753
16633 7101 2568 1130 1474
16634 7478 6771 7040 5590
16635 7662 2650 1842 1169
16636 8041 4724 7860 5625
16637 8276 3148 3142 4922
16638 7951 5770 7710 6309
16639 7944 2994 7549 6291
16640 7521 6692 7057 4895
16641 7484 5064 333 4440
16642 7876 1350 3467 3067
16643 7091 3153 3474 446
16644 7681 1826 5956 1111
16645 8248 2115 2105 4127
16646 7177 5615 5878 5554
16647 7137 743 5111 4672
16648 7107 4729 5812 2689
16649 7930 6388 6739 1874
16650 7794 5546 6011 5760
16651 7671 543 5720 3540
16652 7452 5430 6868 4069
16653 7452 6501 6868 5430
16654 7450 5982 6706 5957
16655 7671 6167 6761 6070
16656 8255 1219 7077 2764
16657 7665 1372 7612 3123
16658 8008 6570 7762 6056
16659 8149 2307 6498 1112
16660 7110 5531 6912 5677
16661 7887 146 4560 145
16662 8004 2188 2186 4179
16663 8277 3261 6121 3249
16664 7981 4823 2818 368
16665 7948 6011 7765 2565
16666 7948 511 6768 4674
16667 7944 1897 3607 2975
16668 7615 392 391 5208
16669 7481 6686 6755 6568
16670 7089 5195 4423 467
16671 8139 6237 6924 4966
16672 7956 6311 7927 7920
16673 7956 6311 7920 6799
16674 7137 743 6880 5111
16675 7569 463 6875 464
16676 7538 6107 6658 6546
16677 7672 1151 5804 2607
16678 7914 5967 6171 665
16679 7486 5147 4334 2898
16680 7107 2755 2689 1200
16681 7930 1508 1874 3583
16682 7107 1848 2755 1200
16683 7098 3339 3264 1434
16684 7098 1432 3262 1935
16685 8023 5999 7809 5859
16686 7443 5520 6307 5640
16687 8105 4693 3420 2425
16688 7443 5640 7221 6495
16689 7981 2833 369 368
16690 7981 4823 6613 2818
16691 8168 4925 586 2333
16692 7944 1897 6409 3607
16693 7942 6091 7312 5867
16694 8223 5637 7994 6595
16695 8330 6535 7753 7622
16696 7933 3035 6151 3060
16697 7098 3339 1434 1573
16698 7951 1864 6968 6851
16699 8067 6120 6832 2998
16700 7951 6309 7710 6845
16701 7095 3849 3846 5308
16702 7627 5997 6329 5644
16703 7958 7290 7328 6350
16704 7956 5546 6821 5990
16705 7662 1176 2622 2664
16706 7137 3732 4947 3733
16707 7605 1069 5661 3482
16708 7674 6639 6944 6749
16709 7846 6090 7624 5643
16710 7107 2689 1188 1200
16711 7320 4136 6467 6414
16712 8121 4196 5929 5140
16713 7320 4136 580 4156
16714 7098 3259 5835 1432
16715 7094 3800 1978 3799
16716 7094 1720 5710 1978
16717 7094 1978 5710 3799
16718 7985 6440 7910 6259
16719 7443 6307 7221 5640
16720 7574 1749 2401 2403
16721 7761 5558 7390 6880
16722 8169 4446 7185 6678
16723 7574 2403 6323 2407
16724 7681 2363 6867 6169
16725 8144 6913 7403 5652
16726 8041 4845 7860 4724
16727 8175 5877 7301 6848
16728 8395 4905 853 3278
16729 8401 6028 6168 5844
16730 7110 5677 6014 5531
16731 7320 580 5235 581
16732 7956 5546 6867 6821
16733 7886 1113 5722 3513
16734 7661 2170 7063 5852
16735 7137 3733 5599 3732
16736 8173 3848 5940 3921
16737 7537 3051 6702 4392
16738 7869 5734 6131 6088
16739 8127 6626 7715 6991
16740 7107 2682 1188 2689
16741 7098 3265 6809 1573
16742 7098 1935 3259 1432
16743 7652 5938 6700 6474
16744 7698 1260 7039 1271
16745 7756 1906 6900 6449
16746 7094 1720 1978 3800
16747 7761 5558 7147 6664
16748 8093 2895 1517 2900
16749 7872 6403 7559 5907
16750 7931 142 107 4562
16751 8109 4258 6230 130
16752 8043 3375 6662 6277
16753 7942 1981 5867 1732
16754 7951 5917 6983 5770
16755 7595 4762 776 4769
16756 7095 5308 6487 3849
16757 7595 6047 6561 5718
16758 7110 5677 6741 6014
16759 7567 5615 7177 6186
16760 7357 1082 2486 2249
16761 7913 6207 6859 5779
16762 7698 2871 7585 2842
16763 8041 4845 4724 221
16764 7942 5904 7312 2039
16765 8026 6578 6844 5486
16766 8166 955 2070 5448
16767 8157 7005 7058 2084
16768 7944 3607 7111 2975
16769 7091 4913 6035 446
16770 7098 1573 1434 3265
16771 7595 4762 6836 3598
16772 7098 1573 6363 3339
16773 8272 7975 8014 6098
16774 7533 1773 3974 3998
16775 7567 5878 7177 5615
16776 7101 1151 2608 2609
16777 7098 1434 3262 3265
16778 8126 6364 6930 5491
16779 7442 2712 6632 5573
16780 7433 4767 4722 3212
16781 7961 5538 6640 5681
16782 7091 4913 446 447
16783 7357 5674 7209 5549
16784 8003 6527 7223 6664
16785 7098 3262 6809 3265
16786 7481 6568 6982 6686
16787 7739 2573 2346 1134
16788 8250 5983 6314 6257
16789 8272 5907 8051 6722
16790 8041 3984 6855 5405
16791 8136 5528 5923 5751
16792 7620 5269 242 243
16793 7091 448 6129 4913
16794 8163 6984 7766 2356
16795 8213 5627 7468 5738
16796 8079 7142 7946 5515
16797 8346 5506 8074 7557
16798 7942 1981 3856 1731
16799 7095 1980 3846 3849
16800 7091 448 4913 447
16801 8414 6714 7347 6761
16802 7622 6236 6717 6226
16803 8309 1762 7821 1740
16804 8171 1733 7048 6754
16805 8344 4000 6856 5425
16806 8293 3967 6601 5388
16807 8074 5929 7557 5506
16808 8323 2025 7942 7312
16809 8281 6556 7464 6260
16810 8074 6465 7931 6185
16811 8293 5780 7051 3948
16812 8321 2279 7928 3378
16813 8356 6681 7980 5018
16814 8136 5528 7239 5923
16815 8224 5718 7883 7367
16816 8398 8305 8349 7065
16817 7608 6498 7162 6299
16818 7363 5229 3217 3672
16819 7244 4005 3985 1754
16820 7372 5513 7109 6260
16821 7655 5148 7458 869
16822 7677 6837 6926 5931
16823 8154 6053 6951 6148
16824 8048 5500 6211 6173
16825 6703 3269 3345 1436
16826 7679 3160 6595 5694
16827 7548 667 668 4180
16828 7274 4129 5872 4157
16829 6511 799 798 5189
16830 7044 1395 1404 3183
16831 7376 5289 6736 4012
16832 7679 3171 7303 1393
16833 7854 2440 6887 582
16834 7949 5845 6792 5913
16835 6942 1546 1358 3085
16836 7911 6427 7155 6116
16837 8267 5893 7564 5879
16838 7051 5780 5883 5771
16839 7906 7189 7507 5810
16840 7954 5760 6311 6113
16841 6206 523 4842 524
16842 6832 1532 5833 3611
16843 7210 1885 2909 1291
16844 7680 6341 7165 7148
16845 7910 3757 7388 3739
16846 6744 3337 6381 5922
16847 6385 4040 5106 3314
16848 7001 1066 2194 1057
16849 7917 90 6968 6811
16850 7361 3095 5914 3079
16851 7201 3277 6164 1441
16852 7121 6105 6778 5894
16853 7234 179 5219 4522
16854 6606 1207 2734 1208
16855 6356 3432 1505 3580
16856 6881 1644 6026 1673
16857 7600 6518 6658 6546
16858 6643 6317 6523 5597
16859 7762 6842 6957 5756
16860 6194 1123 3507 2472
16861 6634 5891 5952 5700
16862 6928 153 4536 5080
16863 6806 538 537 4240
16864 7757 5511 7168 5725
16865 7988 5534 7373 5616
16866 7364 3828 6024 3826
16867 5996 2631 5234 540
16868 8050 5794 6368 5485
16869 7931 4484 7739 5224
16870 7462 6507 7394 6491
16871 7515 3202 6783 1406
16872 7364 844 3828 3826
16873 7833 1760 1983 2421
16874 6817 4435 5181 137
16875 7263 632 5355 5344
16876 7767 3953 341 5376
16877 6499 5340 763 3797
16878 7224 381 6401 5035
16879 6537 2518 262 261
16880 8419 3212 6876 5895
16881 7035 5622 6576 5895
16882 7385 3990 7033 5414
16883 6627 1085 2494 2489
16884 7767 5957 6849 5560
16885 6939 570 569 2607
16886 7993 6065 6355 5832
16887 8311 2383 6452 1829
16888 5743 739 4967 738
16889 8262 5814 7876 6938
16890 7966 2617 2266 300
16891 7988 5616 7373 6451
16892 7195 5486 6844 6578
16893 6892 6244 6724 5480
16894 6305 1055 2196 1068
16895 7990 5848 6442 5721
16896 6920 3460 1518 1883
16897 6276 2183 1065 2193
16898 6726 4866 2296 5029
16899 6328 6023 6269 5572
16900 7321 5762 7024 5699
16901 8275 6204 6474 6160
16902 6861 4936 5778 345
16903 8258 5526 7445 6730
16904 7082 5873 6472 5803
16905 6703 3267 6471 3271
16906 7426 6819 6941 6321
16907 8366 2697 8245 2696
16908 7779 6014 7687 6677
16909 8245 3547 1191 2697
16910 5656 2956 3322 1321
16911 6863 3966 5380 3964
16912 6263 2561 2642 4820
16913 7033 5409 6489 5414
16914 7752 5781 6848 5988
16915 8165 4437 544 543
16916 7796 6963 7627 5588
16917 7885 4170 6178 654
16918 7045 1474 2349 3414
16919 7266 6258 7030 6048
16920 7361 3089 7069 1359
16921 7138 2292 6422 6284
16922 8259 7105 7528 5622
16923 8319 6859 7913 5732
16924 8064 3715 787 786
16925 8090 1014 6342 2135
16926 7249 6759 6830 5545
16927 8039 2550 6799 514
16928 7574 2407 1749 2403
16929 6070 2552 3437 1120
16930 6011 1125 2560 1119
16931 7962 270 6996 5054
16932 7011 1088 6357 2498
16933 6703 3267 1438 1436
16934 7833 1759 6343 1983
16935 7002 4502 3237 4733
16936 8338 7657 8239 7212
16937 6893 3558 1856 1211
16938 5941 1942 1583 2206
16939 6735 5998 6018 6008
16940 6191 6052 6128 5698
16941 7738 5785 6012 5764
16942 7095 1726 1725 3846
16943 7970 2949 7866 4991
16944 6267 2106 2107 988
16945 8044 5671 7449 7288
16946 8293 5379 3948 3949
16947 6426 2147 6414 1034
16948 7972 1174 7751 1163
16949 7445 5515 5899 5567
16950 6255 5731 5931 5608
16951 6169 2372 6132 2378
16952 7988 7345 7492 5494
16953 7364 5823 6024 5655
16954 7982 6461 7259 5843
16955 6558 1551 1364 3100
16956 6821 6054 6428 5752
16957 7387 7127 7214 6522
16958 6465 4523 140 141
16959 6992 4686 4972 483
16960 7786 5871 7721 7002
16961 7383 6170 6315 5984
16962 7597 6235 7574 6125
16963 6354 1822 2321 2562
16964 8208 5596 7396 5930
16965 6939 5804 6350 5668
16966 6901 385 6477 5948
16967 7790 6103 6699 5813
16968 2649 1168 8311 2602
16969 8253 2968 6864 6265
16970 7832 1108 3480 2533
16971 6964 2519 6520 4221
16972 7722 4119 6480 2104
16973 7501 5216 6975 4576
16974 7070 5479 6833 6771
16975 6653 5621 6491 6308
16976 7875 5805 6326 6111
16977 7500 6379 7445 5515
16978 8012 7155 7943 6020
16979 6520 6055 6206 5575
16980 7137 1637 5599 1670
16981 7312 5617 7125 5867
16982 6437 2586 6132 1828
16983 6496 2736 165 2633
16984 5660 2371 4893 2374
16985 5973 4140 2131 557
16986 6249 1878 1516 3457
16987 7823 5819 7378 6074
16988 8066 6334 6428 5990
16989 7958 6244 6350 6152
16990 7917 5980 6968 6851
16991 7824 58 7768 7575
16992 6745 2409 2412 1041
16993 5818 3894 3792 5321
16994 7418 6303 7384 5596
16995 7096 5731 6417 6061
16996 7560 5769 7302 6104
16997 7092 3522 1834 1143
16998 5644 1915 3116 3113
16999 7313 2391 1798 1036
17000 7404 4276 429 3669
17001 7686 5588 6182 6137
17002 8045 6249 6463 6124
17003 8013 5889 7745 6278
17004 8383 7139 7968 5697
17005 7854 582 6215 4487
17006 8000 7326 7798 6569
17007 6589 5592 5743 5539
17008 7026 6447 6562 6007
17009 7842 3200 4273 4293
17010 7829 4973 7334 2520
17011 6206 5006 5664 524
17012 6923 5535 6184 5958
17013 6934 5591 6884 5431
17014 6439 554 2129 2128
17015 6620 1569 6573 5736
17016 7032 4238 3746 778
17017 7199 2434 6192 2397
17018 6588 286 287 4097
17019 6603 5204 6533 3852
17020 7558 324 7378 4469
17021 8148 1026 6984 2347
17022 6356 1251 2688 3580
17023 8000 6431 7719 1603
17024 5782 2640 4300 5094
17025 7393 2315 5916 134
17026 6004 136 135 4239
17027 7969 6916 7628 4150
17028 6213 1531 5912 1530
17029 8101 7790 7857 1803
17030 6850 5662 6740 6056
17031 8214 1216 2754 1857
17032 7619 6487 6937 1728
17033 8033 5679 7128 5709
17034 6450 3419 4249 199
17035 7627 5666 6963 6828
17036 6434 3025 4529 4924
17037 7575 59 6253 60
17038 7831 2980 7658 3042
17039 7933 3035 6518 6319
17040 8141 6834 7789 6423
17041 5701 3591 4659 4952
17042 7685 7297 7448 6224
17043 8049 83 6218 4657
17044 7831 2975 3607 4849
17045 7846 7107 7624 6935
17046 7824 5067 7575 2840
17047 7648 953 5794 956
17048 7579 4060 6355 4089
17049 7853 5967 7598 5562
17050 6390 2566 6011 2564
17051 6426 2380 1023 2243
17052 8120 4683 6141 2523
17053 7852 2842 7585 2871
17054 6175 2576 6155 5787
17055 7395 5518 6502 6338
17056 6425 2111 2103 4118
17057 7233 3147 1918 1375
17058 7373 6451 7289 6257
17059 2009 4044 4652 15
17060 7743 6907 7690 5607
17061 7944 6291 7549 6256
17062 7192 6850 6918 6056
17063 7209 6888 7081 5608
17064 7792 5601 7450 5957
17065 6789 913 912 5438
17066 7732 6580 6895 6248
17067 6979 672 6416 2191
17068 8192 953 6368 2040
17069 6731 3760 3713 4974
17070 8089 6342 6892 5618
17071 6672 2228 1595 2226
17072 6756 5073 3044 3599
17073 7539 753 6954 6899
17074 6640 699 6608 6045
17075 7290 5804 6543 5668
17076 7598 6606 7166 1207
17077 7083 3439 1191 1849
17078 6797 6626 6675 5658
17079 6142 4934 5995 4911
17080 7828 7006 7131 6587
17081 6702 3091 5649 3634
17082 6941 6588 6858 6082
17083 6705 66 4411 67
17084 7395 6681 6891 5809
17085 6439 2128 4143 4142
17086 7339 5500 6857 6073
17087 6972 2011 4034 1998
17088 6991 2270 2282 4639
17089 7833 3989 1759 1983
17090 6971 6816 6944 6619
17091 7723 6087 6688 6468
17092 8315 6207 8017 7281
17093 7559 960 6272 968
17094 8407 7046 8087 5876
17095 7894 106 7009 105
17096 7823 6075 7378 5819
17097 7405 2468 6359 474
17098 7992 3755 7085 3756
17099 7852 2842 2871 4798
17100 8247 119 120 4283
17101 8345 1609 3789 1608
17102 7745 3686 6956 1626
17103 8399 45 4567 5087
17104 7402 4219 7272 5183
17105 7591 4526 800 764
17106 7993 6355 6785 5832
17107 7842 4293 5602 3200
17108 7715 2433 294 2273
17109 7137 1637 1670 3733
17110 6453 5768 6285 3217
17111 7709 1268 2863 2847
17112 7282 4741 6405 840
17113 7513 4156 580 581
17114 6450 200 4953 5002
17115 8000 6569 7798 5686
17116 6563 1075 2471 1443
17117 7286 1497 1227 2760
17118 6166 1074 1077 2468
17119 7645 7117 7611 5484
17120 8177 4716 5742 4839
17121 7368 393 5208 3456
17122 7831 4849 7111 2975
17123 6472 2555 1122 1094
17124 8274 2762 5089 4385
17125 8115 3590 6987 6548
17126 7853 5562 6171 5967
17127 5672 5333 4589 619
17128 6199 1790 1013 2132
17129 5932 3844 1723 1979
17130 7653 5635 7389 7093
17131 6751 356 357 4344
17132 7188 5815 7089 6285
17133 6924 5009 4966 489
17134 6983 5066 52 4970
17135 6906 980 6694 1778
17136 6385 5106 4652 3316
17137 6495 2213 2215 1587
17138 5688 2969 5050 2968
17139 7823 322 7378 6075
17140 5739 3098 5177 830
17141 7693 1314 7382 6391
17142 8268 4904 2299 528
17143 7833 3989 5978 1759
17144 7986 2657 2656 110
17145 6777 5633 5725 2090
17146 6940 4173 6178 654
17147 6670 6136 6348 2826
17148 7685 6725 7284 6372
17149 8382 3981 1984 3991
17150 7886 6458 7620 5790
17151 6382 5694 6232 5597
17152 6202 183 4559 2804
17153 7366 6099 6458 5594
17154 6032 4875 3401 3512
17155 5743 740 4222 4750
17156 6992 2458 4686 2515
17157 8224 7367 7883 7456
17158 8405 6009 8382 5417
17159 7269 6172 6254 5656
17160 7938 2758 7867 4207
17161 8065 7368 8033 7128
17162 7858 683 7747 6615
17163 7390 1613 6637 1952
17164 7376 889 4045 943
17165 6629 2958 5636 2928
17166 5647 757 758 5172
17167 7341 6683 7124 6490
17168 7108 6528 6611 6493
17169 5743 3705 4967 739
17170 6783 3202 2361 1402
17171 7278 5583 7105 6042
17172 8343 7667 8054 7314
17173 7824 6273 7575 5901
17174 6817 5797 6004 5613
17175 6909 6140 6406 5614
17176 7913 5732 6207 5836
17177 7309 6096 7129 6570
17178 7092 6206 6917 5664
17179 6323 2405 2410 1751
17180 6672 6101 6549 5703
17181 7543 6777 7168 4103
17182 8196 2439 7311 4851
17183 6573 3244 6129 3678
17184 7905 5641 6965 5995
17185 7495 6329 6661 5765
17186 6562 4740 4560 2805
17187 7182 3643 1356 3080
17188 6900 3058 3191 1906
17189 6550 5017 6464 6413
17190 7382 6346 7261 7257
17191 7623 6037 6963 6118
17192 6692 5789 6148 5528
17193 7228 680 5955 4309
17194 7780 2311 7186 2313
17195 7824 5892 5928 5550
17196 7229 2680 6100 5806
17197 7859 6260 7372 5544
17198 6433 1804 3431 2447
17199 5829 707 4250 708
17200 7661 5852 7063 5685
17201 2883 2846 7370 1263
17202 7986 4510 7636 110
17203 7989 5746 7555 7396
17204 6728 3022 5828 3663
17205 7629 5576 7213 5786
17206 7745 1626 6956 6278
17207 6882 6033 6157 3283
17208 7885 4170 654 2160
17209 7249 5910 6759 5771
17210 7428 5797 5968 5916
17211 7960 6872 7514 5970
17212 7604 6596 6879 4425
17213 7230 5510 6663 5875
17214 6875 5583 5960 5744
17215 6841 818 6737 4351
17216 7338 6380 7256 6191
17217 7962 4242 6248 273
17218 7916 2138 4152 2153
17219 7662 4876 6871 5079
17220 7470 6178 7183 5576
17221 6064 4776 2939 2938
17222 7532 5632 7439 5977
17223 7354 5636 5866 5774
17224 8316 4198 6914 5669
17225 7657 5663 6251 5861
17226 7686 828 4353 4335
17227 7636 6312 6767 4510
17228 7703 6094 7551 5947
17229 8321 3378 7928 5798
17230 7239 5640 6307 5520
17231 6290 834 4319 5134
17232 7452 1215 7107 2755
17233 7610 5737 7025 5864
17234 7845 6619 6944 6639
17235 6881 3724 6026 3722
17236 6951 5757 5789 3803
17237 7727 3201 3665 5268
17238 7584 2973 6795 2989
17239 7823 320 5819 5468
17240 6249 1878 3457 2892
17241 8093 1517 6592 2900
17242 6339 4482 2347 592
17243 7548 4327 5967 4932
17244 7261 1262 6407 1266
17245 8168 6688 7793 6043
17246 8313 4268 8277 3261
17247 8300 6798 6948 5555
17248 6814 1031 1019 2142
17249 6234 2676 2665 4429
17250 6546 6114 6526 6040
17251 6863 5663 6509 6326
17252 7395 5734 6681 5809
17253 7823 2306 4412 3385
17254 7953 1264 2943 2852
17255 6721 6159 6675 6626
17256 7026 2810 6562 6447
17257 5652 3909 5252 3925
17258 7142 5696 7030 6258
17259 8372 5735 6696 710
17260 6917 5664 6206 6055
17261 7821 6873 7505 7401
17262 6651 2274 6231 716
17263 5840 1304 1888 2944
17264 6992 2515 4686 484
17265 6065 2049 918 2077
17266 8289 1500 2749 3562
17267 7194 1240 2802 1867
17268 7895 7086 7417 6547
17269 6902 1347 3057 3061
17270 6797 5511 5725 5658
17271 8066 5598 7812 5654
17272 8289 1494 8128 3303
17273 7823 5468 321 320
17274 7686 3608 4353 827
17275 7337 6474 6700 1641
17276 5677 1083 2490 2465
17277 7031 2117 5680 1784
17278 7700 2374 5660 3406
17279 7787 5572 7299 6878
17280 6697 4925 6418 2327
17281 7550 2446 7447 1058
17282 5747 3836 1978 1720
17283 7601 6240 7215 6061
17284 6231 1618 5868 1617
17285 7282 5981 6393 6085
17286 7606 6677 7110 6741
17287 7796 5584 7246 6256
17288 8171 3858 5171 3922
17289 7028 4998 856 855
17290 6955 3156 3077 4727
17291 5603 2045 4078 4065
17292 7209 6455 7081 7052
17293 6829 3889 6089 3794
17294 6188 1588 5923 1651
17295 6670 1505 6356 3432
17296 8319 5732 7913 5783
17297 7748 3704 6019 1960
17298 7330 1704 7254 6251
17299 6589 3890 6083 3807
17300 8031 7025 7324 6179
17301 7459 4692 3233 2979
17302 7168 4103 2119 2088
17303 6977 6173 6857 5500
17304 6276 1058 1065 2183
17305 6868 940 949 2047
17306 6930 1775 3424 1745
17307 5695 1949 3887 3787
17308 6245 2003 2004 4031
17309 7689 427 6702 5167
17310 5673 4563 4718 3202
17311 6412 946 5441 4074
17312 6296 4786 2910 2914
17313 7866 815 814 4352
17314 5670 4075 2031 4059
17315 7772 87 6411 4882
17316 6381 3337 6379 5899
17317 7295 5757 7004 5628
17318 6223 4620 3391 311
17319 6449 1335 3468 1540
17320 8406 5669 8324 7131
17321 6589 5321 5743 5356
17322 6861 5372 6386 4936
17323 6756 5657 6200 5692
17324 5806 2537 1185 1845
17325 7082 3503 1460 3502
17326 7500 4673 5457 2695
17327 7881 3776 1945 1594
17328 5521 2295 2454 985
17329 7498 5818 6209 5558
17330 7731 4424 6290 6058
17331 8161 4706 7198 3143
17332 7796 6915 7246 5954
17333 6698 5020 6281 2686
17334 5866 2941 5774 2928
17335 7226 810 6801 2935
17336 6218 3675 4923 3222
17337 6566 5862 6430 6179
17338 7664 6553 7060 5536
17339 7268 6534 7049 1669
17340 6359 5470 474 4767
17341 7476 6423 6445 6031
17342 7911 6151 6938 5665
17343 7496 2531 2285 5065
17344 6293 4037 2007 2012
17345 7069 5945 6500 5750
17346 6876 1927 1413 3220
17347 6955 3156 5750 3077
17348 7548 667 4180 4161
17349 6805 5765 6650 6329
17350 5782 670 2746 5094
17351 7843 7001 7790 6699
17352 6694 2101 2100 980
17353 6983 4667 6214 3563
17354 6895 6032 6248 6240
17355 7390 3896 7146 1613
17356 6904 4943 5661 2460
17357 6579 1836 3090 1361
17358 7472 5887 5944 4492
17359 5961 2004 4024 2015
17360 6393 5699 6220 5981
17361 6682 2730 2731 4861
17362 8234 6762 7118 5563
17363 7526 1755 6282 1987
17364 7247 5922 6542 6123
17365 6641 2765 3450 1230
17366 5652 944 4034 5454
17367 8271 5918 7916 6342
17368 7043 3381 3382 1668
17369 8246 5839 7945 5540
17370 7186 4619 6655 2299
17371 7636 108 107 4717
17372 6670 1505 1255 2832
17373 6740 2351 1695 1972
17374 7746 1356 6007 1550
17375 7856 6614 7357 7143
17376 6934 5255 5431 4055
17377 8320 211 6192 3423
17378 7012 3327 3656 1556
17379 7201 1576 1442 3347
17380 7184 1549 5750 1354
17381 7530 6686 6755 6367
17382 7952 6310 6341 5842
17383 5866 1304 5840 2930
17384 7234 177 178 4518
17385 6424 389 6163 5587
17386 8160 5632 7892 6016
17387 6708 1337 3033 1544
17388 7015 3698 6663 4624
17389 6955 3106 5750 3156
17390 7319 2981 6720 4854
17391 7149 5323 7014 629
17392 6271 1165 1841 2638
17393 7643 6819 7518 5626
17394 7971 6847 7863 6921
17395 7168 2088 4124 4103
17396 6487 5204 3850 861
17397 6282 1756 5488 3987
17398 6585 3532 1477 1156
17399 8180 6225 7508 5573
17400 6832 1325 1533 2998
17401 6803 3047 5821 3062
17402 7153 2787 6966 1232
17403 7555 5746 6775 6586
17404 7100 4712 6443 2536
17405 6685 2773 133 4308
17406 6917 6161 6886 5654
17407 6811 92 6191 5071
17408 6734 4038 6616 5609
17409 7369 6650 6828 6118
17410 8051 3053 7693 7084
17411 7156 5436 2041 2045
17412 7434 5968 7169 5921
17413 8177 662 4166 4175
17414 8210 5756 7272 5819
17415 7285 6113 6404 5484
17416 6143 5536 5860 5564
17417 6382 78 4463 4606
17418 7691 4834 4529 3061
17419 8162 5527 7213 6949
17420 7293 5696 6786 5864
17421 7389 5635 7066 5776
17422 7594 6080 6332 6123
17423 6396 5359 3880 3776
17424 5652 5454 3924 5252
17425 6411 5112 85 4294
17426 8262 1907 7018 1344
17427 6016 4380 5834 5817
17428 7454 6346 6623 5917
17429 7717 6647 6870 5643
17430 6957 4234 3383 2305
17431 7540 966 2006 4035
17432 6899 5261 4228 752
17433 7365 1587 5640 2215
17434 5872 4157 4129 2154
17435 7278 6773 7105 5583
17436 7245 116 5673 4563
17437 8255 1220 1219 2764
17438 8131 5850 6879 6337
17439 8154 7038 7940 7599
17440 7412 4621 4622 2360
17441 6340 4532 295 2323
17442 7300 5700 6634 5952
17443 7727 3293 3665 1562
17444 6675 293 6320 292
17445 6064 2938 5926 4776
17446 7090 1898 6631 1527
17447 6526 801 4528 4784
17448 7633 6238 7574 6125
17449 6691 4908 6132 4622
17450 7393 6004 6685 134
17451 7731 6058 6526 4528
17452 7263 1589 3801 3802
17453 7656 6000 7540 6454
17454 7688 6194 7405 2468
17455 8238 5776 6829 5716
17456 6691 6054 6439 6039
17457 7569 5960 6703 5744
17458 7103 6305 6636 2179
17459 8341 4564 7452 2691
17460 7015 3696 6663 5875
17461 7208 150 4456 4864
17462 7102 2235 6269 1947
17463 7015 4611 3698 4624
17464 8289 1231 1233 2788
17465 6620 1425 6573 3243
17466 7692 4645 5989 5095
17467 6893 5959 6063 3444
17468 6663 3698 3700 1958
17469 8240 6015 7111 6160
17470 8213 2365 6318 5738
17471 7734 3173 3176 5044
17472 8225 6835 7587 5778
17473 7966 972 2266 2617
17474 7420 1972 5662 3959
17475 7012 6058 6650 5991
17476 7583 6269 7407 5759
17477 5639 1277 1276 3453
17478 5829 707 708 4996
17479 8112 5858 7770 6772
17480 6345 3699 3701 3743
17481 6138 1392 1559 3660
17482 6205 6098 6145 5892
17483 7388 1647 3739 3757
17484 8052 1843 6673 2671
17485 7190 501 5817 4231
17486 7348 2944 3010 5022
17487 7223 5909 7216 7099
17488 7743 5833 7690 6649
17489 8365 3257 8139 3245
17490 6620 3228 6573 1425
17491 6620 3139 3243 1569
17492 7355 297 6406 4747
17493 7470 5684 6985 5646
17494 7318 2879 3576 1503
17495 7929 5544 7372 7109
17496 8004 4180 7661 6110
17497 6536 3944 331 330
17498 8005 1246 1250 2814
17499 7833 5978 6343 1759
17500 6083 1659 1611 3807
17501 7694 6605 6960 5805
17502 8100 2275 7744 6651
17503 8344 6622 8152 7533
17504 6540 1256 2816 2830
17505 8327 3390 3391 1692
17506 6911 4302 5201 536
17507 7724 5928 6968 5980
17508 7977 2720 6874 4401
17509 7394 5621 6683 6491
17510 7452 7107 7415 6383
17511 7337 1643 5650 3747
17512 6673 1180 1176 2664
17513 8329 6172 7542 6254
17514 7135 3541 4744 5080
17515 6657 3354 6038 1446
17516 6275 2201 2200 4609
17517 7401 195 6274 196
17518 7694 6833 7151 5570
17519 6721 5658 6675 6320
17520 8326 4937 5717 309
17521 7590 1870 2836 1249
17522 7582 1535 1329 3009
17523 6812 2698 3548 4985
17524 8099 1615 6089 1953
17525 7733 6548 7298 5679
17526 5708 5064 4440 2821
17527 7235 63 4269 5184
17528 7434 5998 7338 5712
17529 8204 6423 7438 5976
17530 6406 299 6369 4614
17531 7981 367 368 4779
17532 6356 3580 4836 4968
17533 6188 3772 5323 3879
17534 7856 1082 7357 6614
17535 7714 7038 7339 5757
17536 7053 5039 6620 3139
17537 7685 5489 6725 6372
17538 7647 5499 6475 5711
17539 6465 141 142 5221
17540 7695 4059 908 4065
17541 8134 7113 7148 6833
17542 7905 5995 6115 5641
17543 8101 6699 7857 7790
17544 7017 3182 6062 4279
17545 7823 4412 321 5468
17546 7824 6273 7581 5550
17547 8124 6826 7160 6177
17548 6185 4562 107 108
17549 7543 4103 7168 4124
17550 6218 83 82 4657
17551 6704 632 6072 5344
17552 5959 2677 1223 1221
17553 7390 3793 1613 1952
17554 6739 2851 4906 2855
17555 7174 5699 7133 6393
17556 6744 1430 1437 3254
17557 7392 6096 7309 6689
17558 6597 1496 6387 2769
17559 6853 1859 2774 1224
17560 7495 3098 5739 5176
17561 6420 5437 4093 909
17562 8255 2766 6531 3561
17563 8177 4583 663 662
17564 8142 5490 7449 6828
17565 7117 5706 6904 6437
17566 8311 3400 2601 1141
17567 7862 3393 7059 1462
17568 6483 4553 2692 2587
17569 7322 451 4732 3333
17570 7202 5987 7178 5801
17571 6601 5780 6036 5910
17572 8115 4338 8098 5282
17573 7321 5638 7133 6227
17574 7189 6646 6723 3731
17575 6604 3110 4363 3118
17576 6747 4164 2174 4159
17577 7735 5933 5961 1114
17578 6863 3964 5380 3971
17579 7158 5641 6152 5598
17580 5995 3404 4911 4934
17581 7478 5585 7170 6619
17582 6584 481 6154 482
17583 8005 1250 7802 2814
17584 8372 709 3429 4851
17585 7565 2308 4190 613
17586 6355 6065 6135 5434
17587 7273 6529 6599 5896
17588 7852 4803 5574 2829
17589 7373 6257 6490 5480
17590 7716 6639 7114 5530
17591 7929 5542 7259 6377
17592 6958 4547 6319 807
17593 7793 587 4602 586
17594 6770 265 4890 2303
17595 8068 6360 7807 7233
17596 7876 5814 7776 6938
17597 7674 6372 6944 5912
17598 5888 3121 1372 1904
17599 7772 6052 6542 4964
17600 8011 2950 7626 6444
17601 7925 76 2666 4955
17602 7402 1001 3385 2259
17603 7406 6224 7350 5764
17604 7731 6290 7012 6058
17605 6588 287 4124 4097
17606 6557 5748 6233 5522
17607 8258 5526 7987 6843
17608 6462 3166 3059 1348
17609 6209 2260 5818 2256
17610 7604 407 408 4425
17611 7574 6235 6578 6125
17612 7557 5613 5968 5797
17613 6636 1067 2181 2195
17614 7216 6527 7099 6362
17615 8234 7035 7126 5497
17616 6302 2418 2415 188
17617 7730 6049 6221 5839
17618 6742 3002 1327 1902
17619 7172 5853 7068 6530
17620 8194 6307 7314 5495
17621 6653 575 574 4400
17622 6620 6154 6584 481
17623 6081 404 4766 4521
17624 6246 5748 6242 5522
17625 7318 5052 3576 2879
17626 8116 5452 7646 4023
17627 8321 3378 5191 2279
17628 7506 6687 7219 5578
17629 7059 3506 1462 1821
17630 7862 6194 7362 6166
17631 6327 2081 984 997
17632 6675 293 292 4807
17633 7321 869 5148 868
17634 6563 1443 2471 3273
17635 8209 5731 6229 5754
17636 7925 4702 7280 6470
17637 6902 3048 6554 3057
17638 6620 481 6146 4825
17639 7277 4570 652 617
17640 7440 5992 7110 6027
17641 7141 6860 6871 5637
17642 7454 6623 6905 5917
17643 6094 4838 94 2473
17644 6863 6326 6509 5380
17645 8350 6566 6598 6179
17646 7995 6274 7401 6195
17647 7712 2611 7260 5773
17648 7850 5486 6578 6351
17649 7823 2558 7031 6074
17650 7355 297 2328 5023
17651 8177 4583 6171 663
17652 6033 507 5965 4419
17653 6670 3432 2826 1255
17654 7573 4306 7082 5213
17655 7319 4879 3601 2981
17656 8372 3429 8196 4851
17657 6670 2832 2834 4557
17658 7650 2978 4782 2990
17659 7171 5556 6401 6213
17660 7556 5491 7195 6517
17661 5932 1721 5747 3839
17662 6504 437 6352 436
17663 7251 6243 6776 6234
17664 7137 744 6880 6025
17665 6753 4010 1989 1764
17666 5888 1334 3023 3032
17667 6653 6491 2155 4132
17668 6356 4533 6136 3432
17669 6251 3936 1702 1703
17670 6368 5655 5988 5857
17671 6880 744 5111 743
17672 5747 5299 3836 3839
17673 6433 1804 6276 3431
17674 6212 5416 228 5410
17675 6983 3303 4667 5076
17676 6495 5640 6059 5520
17677 7092 5654 6917 1143
17678 6412 2017 6383 4074
17679 5919 4380 3451 5159
17680 7171 6639 7116 6619
17681 7818 7446 7773 4123
17682 8314 6325 7230 5707
17683 7777 6412 7454 6407
17684 8106 3843 3913 5187
17685 6343 192 6195 2420
17686 7569 5744 6875 5960
17687 6616 4027 2075 969
17688 6588 4210 286 4417
17689 7234 4568 178 177
17690 7466 4286 6179 4304
17691 7064 6141 6479 5859
17692 7816 7518 7699 5565
17693 6739 1274 2851 1265
17694 6739 2851 5701 4906
17695 6590 2452 1005 1788
17696 7079 5964 6810 5586
17697 7274 2154 5872 4129
17698 7743 4441 3011 3016
17699 7993 5884 6657 5516
17700 7553 6420 7144 6765
17701 7962 6248 7722 273
17702 7698 3455 5102 4534
17703 6588 286 6175 4417
17704 7297 6577 6816 5783
17705 7699 6819 6895 6315
17706 7698 2842 1260 2871
17707 6251 3936 3963 1702
17708 6411 85 6123 4294
17709 5743 5356 5321 740
17710 6872 4372 4988 423
17711 7988 5616 6451 5494
17712 7924 2056 6690 910
17713 5845 4654 779 780
17714 7674 7060 7625 5761
17715 6739 2866 6104 2853
17716 6620 481 6584 6146
17717 8228 5602 7673 5518
17718 7723 1581 1582 3874
17719 8195 2867 1875 1270
17720 7979 4974 3713 4655
17721 6628 3838 1719 1978
17722 6616 969 5609 4038
17723 7890 4311 6391 4013
17724 7374 2934 6384 1286
17725 7498 5683 6696 6637
17726 7549 1900 6137 1322
17727 6190 760 4194 759
17728 7927 7176 7920 5579
17729 7573 4306 99 100
17730 7558 4445 324 325
17731 7424 2326 1966 1681
17732 8196 7240 7311 5735
17733 6855 5505 5625 5606
17734 6928 5533 6330 6126
17735 8125 5657 7246 6915
17736 8323 4090 7942 2039
17737 7101 1474 7045 6788
17738 6776 6234 6695 6382
17739 6746 5663 6509 6251
17740 7989 6923 7555 6574
17741 6035 4501 446 4913
17742 7466 4286 2677 2767
17743 7393 5613 6004 5797
17744 7513 6467 7320 4156
17745 7702 3691 1957 1630
17746 6968 5928 6925 5980
17747 1974 1707 6701 3815
17748 7511 7208 7413 6846
17749 5726 3052 1275 1281
17750 7673 5629 7666 6198
17751 5603 947 4078 2045
17752 6702 3634 5649 428
17753 7632 937 6412 4074
17754 5866 2945 4779 4772
17755 7230 5869 7216 5875
17756 6955 4727 4642 823
17757 6080 4553 4993 81
17758 7129 5496 6787 6139
17759 6946 3942 329 5382
17760 7751 4791 2632 2578
17761 7558 325 326 4445
17762 7615 6424 7177 5587
17763 7328 5641 6152 5844
17764 8331 649 8188 7202
17765 7514 5011 5970 422
17766 7174 5699 6393 6288
17767 6936 1262 2856 2845
17768 8388 6195 7401 6274
17769 7181 5648 7136 5519
17770 7884 1937 1440 2857
17771 7141 5079 6871 112
17772 8005 5708 7802 1869
17773 6238 2403 6202 182
17774 5658 325 3386 4478
17775 7935 1400 1563 3667
17776 7022 6077 6128 3352
17777 8184 3743 6345 4476
17778 5904 5171 3911 5332
17779 8109 4627 7022 5108
17780 7092 3521 6917 4840
17781 6954 5595 6908 5537
17782 7701 6487 6937 5581
17783 6708 1544 6579 6172
17784 6969 6021 6210 5777
17785 6986 6386 6689 6612
17786 7416 3327 3131 4206
17787 7418 6303 6883 4356
17788 7416 833 6290 4206
17789 7847 4179 668 669
17790 7985 6687 7678 6440
17791 6413 158 4618 3311
17792 8123 1894 1526 3462
17793 7870 7140 7545 5897
17794 7669 6810 7079 5964
17795 6293 4018 2007 4037
17796 7164 1387 5564 1389
17797 7967 6725 7716 5874
17798 8267 5817 7564 7439
17799 6163 5078 387 388
17800 6620 6146 6584 6154
17801 7206 4942 6022 852
17802 6735 4258 6230 6018
17803 7706 911 2035 2043
17804 7378 2367 5861 2366
17805 7548 667 4932 668
17806 7378 5122 2367 2366
17807 6897 1488 6606 2723
17808 6622 3973 3997 1991
17809 7632 937 2036 946
17810 8322 1998 7880 6972
17811 6692 2219 6148 5789
17812 7702 4610 3695 3693
17813 5866 1304 2930 2945
17814 6808 951 5670 947
17815 8036 5800 6781 6561
17816 7765 6311 6768 5969
17817 7287 2807 4560 4743
17818 8227 5581 7838 5603
17819 5670 4065 5603 4078
17820 7704 1949 2248 1606
17821 7017 6216 6728 5828
17822 6590 2128 1009 2126
17823 7449 6329 6650 5671
17824 7456 7219 7421 7276
17825 7449 6650 6666 5671
17826 7742 3710 3708 4992
17827 8066 6161 6334 5990
17828 6697 2451 6590 6339
17829 6740 2354 1695 2352
17830 7705 4010 1764 1765
17831 7360 1273 7104 6548
17832 8278 6358 7815 2092
17833 6979 672 2191 4158
17834 6787 5496 6669 6139
17835 5952 3237 1421 1420
17836 7424 3945 6894 1681
17837 7115 5101 6475 190
17838 7164 4696 6764 2262
17839 8134 5775 7116 7113
17840 7177 5530 6424 6186
17841 6620 482 6154 481
17842 7988 5494 6760 5534
17843 8297 6180 7304 7026
17844 7823 2558 6074 322
17845 7588 5540 7041 6844
17846 6820 1709 3819 3823
17847 6025 5314 5352 3893
17848 7311 1062 2439 1051
17849 5881 4690 705 706
17850 6743 3155 3657 1920
17851 6651 715 6103 4260
17852 7290 5804 6684 6543
17853 8225 5778 7825 5601
17854 7366 5254 6600 4246
17855 6495 5473 2215 2213
17856 8038 1538 3621 3041
17857 7831 2975 7111 3607
17858 7832 1446 5730 3480
17859 7992 1644 6660 3725
17860 6380 5698 6067 6052
17861 6979 671 672 4158
17862 7538 3039 3045 4735
17863 7124 6490 6683 5621
17864 7582 1324 1535 2997
17865 7043 1624 3381 1668
17866 7330 5861 6251 5663
17867 6606 1488 1208 3441
17868 6250 186 185 5059
17869 6719 988 6267 5508
17870 6754 3923 1735 3863
17871 7056 1988 6343 1759
17872 6470 75 74 4662
17873 7110 6014 6741 6677
17874 7926 2044 4063 2023
17875 7795 5808 6965 5654
17876 8386 5785 8187 6818
17877 7119 1128 6011 2566
17878 7327 3882 6951 1653
17879 7931 6185 6465 4562
17880 6391 4044 945 2971
17881 7706 911 6420 2035
17882 8121 6817 6966 5885
17883 6401 6095 6213 5556
17884 7633 6752 7574 6323
17885 6744 1430 3254 1934
17886 8239 7050 7212 5493
17887 7707 5977 7439 5632
17888 8140 6346 7144 6779
17889 6206 4367 522 523
17890 8319 5783 7541 7297
17891 7300 3238 6634 3231
17892 7230 5707 6325 5875
17893 6610 5784 6252 5549
17894 8072 5978 7056 6343
17895 7811 5383 6601 3951
17896 7017 5828 6728 3022
17897 7978 839 7840 3904
17898 6679 6413 6464 4847
17899 6489 232 231 5414
17900 6931 5622 6929 6563
17901 7881 5703 6006 6005
17902 6750 5108 128 4627
17903 8313 26 4092 27
17904 8294 6282 7526 5488
17905 8214 3443 6233 1491
17906 8015 1245 6348 2813
17907 8039 2572 4781 516
17908 7210 5840 5866 5764
17909 7405 475 4555 4730
17910 6620 4499 481 4825
17911 7862 2223 2556 1077
17912 7296 6133 6484 1741
17913 7015 5502 6335 5592
17914 6831 1396 1881 3188
17915 7572 6399 6974 6680
17916 7785 461 6758 5250
17917 6630 3970 5393 5375
17918 6678 4776 5926 2938
17919 6497 4666 3690 3691
17920 7232 6351 6374 5487
17921 7636 4874 109 4510
17922 7940 6903 7583 7299
17923 8254 7480 7828 6733
17924 7915 1433 6097 3189
17925 6195 193 2420 192
17926 5840 2944 2929 1304
17927 8160 7291 7532 6485
17928 6604 864 6603 6533
17929 7519 5074 7294 124
17930 7446 6032 6480 5837
17931 8386 3114 5645 1914
17932 6882 2540 5893 2545
17933 5929 1136 1144 2341
17934 7753 5656 6800 5555
17935 5670 4080 936 939
17936 6399 5664 6206 5006
17937 7222 6039 6691 6439
17938 6482 4543 2957 408
17939 6275 584 4468 4609
17940 7134 3716 3717 1641
17941 7965 5567 7245 5673
17942 6734 2426 4862 4519
17943 6775 1502 2780 3449
17944 7524 5953 6121 5884
17945 6608 2605 4656 4650
17946 6989 6341 6713 6228
17947 6156 5000 3462 412
17948 7115 5499 6475 6195
17949 7190 503 6882 4453
17950 6706 5982 6670 6356
17951 7667 7299 7586 6760
17952 7708 5648 6940 2702
17953 7048 5316 3927 3862
17954 5856 4647 5702 4651
17955 5786 4623 2783 2708
17956 8002 3520 7620 4333
17957 7490 3810 5320 3795
17958 6138 3329 5989 4625
17959 6969 6021 6416 6210
17960 6261 2167 2168 1044
17961 6175 283 6155 2576
17962 7671 6714 6761 5568
17963 5741 826 4395 5273
17964 6232 3179 3180 3193
17965 6057 576 5245 4415
17966 6325 3689 3692 1957
17967 7901 5658 6675 6626
17968 6914 431 3211 3210
17969 7842 3666 3199 4373
17970 8065 2889 8033 2952
17971 6823 5661 6520 5575
17972 8296 4928 7164 3658
17973 6313 5474 5755 1722
17974 7710 6925 7123 5770
17975 6825 3716 1672 3714
17976 6121 3248 4263 3249
17977 8168 6043 6418 2336
17978 7012 1556 3656 3134
17979 7472 5646 7220 5634
17980 8368 8141 8364 6948
17981 7472 5634 5887 5646
17982 7516 6214 6516 2745
17983 7193 958 5428 5444
17984 7477 3472 5638 3096
17985 7588 5540 6844 6807
17986 7210 1293 6519 2913
17987 6366 6068 6187 5576
17988 8061 6635 7336 6092
17989 7824 4808 5067 2840
17990 7833 5529 7647 5978
17991 8308 5593 7158 6404
17992 6841 5051 5001 817
17993 6975 6331 6400 5886
17994 6929 3476 3478 1443
17995 7864 6127 6945 5791
17996 8148 6039 6439 6054
17997 6587 3654 6012 2995
17998 7712 1166 6858 1152
17999 6712 1448 2239 3483
18000 7495 5739 6329 5765
18001 7078 2860 1267 2859
18002 7171 5556 6639 6619
18003 6470 75 2666 76
18004 7303 4946 77 3179
18005 7961 5538 6947 5944
18006 6956 3688 6910 4537
18007 7712 2644 2611 4200
18008 7538 4735 6847 840
18009 6058 3208 6046 4528
18010 7276 6792 7219 6915
18011 6661 5638 6604 5644
18012 8107 4019 7838 4028
18013 7713 5772 6674 6288
18014 6784 787 5650 788
18015 7518 5787 6175 6155
18016 7078 1275 2860 2878
18017 7000 715 6651 4253
18018 7528 5532 6106 5815
18019 6301 606 5281 3363
18020 7795 5749 6965 2369
18021 8336 3163 6743 1385
18022 6019 4238 5913 777
18023 8263 5722 8261 7886
18024 6716 6187 6457 5846
18025 8294 6351 7647 5488
18026 7532 6485 7098 5824
18027 6319 4438 6151 3035
18028 7250 4858 6932 6516
18029 6223 2350 3392 4620
18030 6435 1486 1195 2705
18031 6728 1561 1332 3663
18032 6580 270 271 4121
18033 6657 4192 4411 2309
18034 7313 4587 5702 4835
18035 7580 6415 7315 5620
18036 6697 4822 2452 2451
18037 6191 2493 6128 3274
18038 7736 3500 3387 4310
18039 7714 6857 7295 7004
18040 7508 622 5573 4867
18041 7715 2433 2270 294
18042 7151 6833 7113 5775
18043 6318 2136 2140 1030
18044 7913 3268 7604 5836
18045 7451 3135 3127 1374
18046 5940 4041 5890 5302
18047 8117 5600 6800 5555
18048 8417 6180 8384 6676
18049 7250 1196 1206 2584
18050 5786 2708 2783 1229
18051 7283 4685 7150 5881
18052 6495 2213 5640 1586
18053 6768 2480 5569 4901
18054 5762 5322 3862 3859
18055 8004 4179 4182 2188
18056 7816 6082 6858 6027
18057 6075 2364 4452 2366
18058 7716 5489 6749 6725
18059 6621 4995 5547 199
18060 6472 1094 1122 2315
18061 7348 4543 6482 407
18062 6606 5037 6171 2723
18063 6179 170 171 4323
18064 7718 6584 6823 6154
18065 8001 6540 7590 6525
18066 8052 6219 7191 6673
18067 6893 1493 5959 3444
18068 8158 6131 7065 5734
18069 8143 4429 6234 5812
18070 6196 690 2241 2284
18071 7353 5559 7106 6667
18072 6898 5809 6216 5734
18073 6182 3111 2972 4335
18074 7812 7611 7684 5598
18075 8259 6576 7035 5622
18076 7528 5583 6875 5744
18077 8209 5754 6255 5608
18078 7703 6094 7381 6811
18079 7523 2362 320 5162
18080 6274 5036 4659 2886
18081 5867 3857 5762 3859
18082 7589 2881 1273 1276
18083 7866 2949 6756 4352
18084 5932 3840 3844 1979
18085 8157 1783 2084 990
18086 7417 6985 7181 6078
18087 6603 865 3857 3853
18088 6468 1579 2201 1580
18089 7119 2561 7076 4806
18090 7800 1847 1190 3298
18091 6249 1281 2891 1878
18092 6977 5801 6370 5855
18093 8272 3646 8014 7975
18094 7522 826 5741 5278
18095 6485 5960 6471 5835
18096 7824 5892 7581 5901
18097 7663 5659 7150 5685
18098 7579 907 2019 5429
18099 8205 5018 7980 4270
18100 7728 6126 6730 5533
18101 6477 4870 3041 4734
18102 6399 2293 2283 4912
18103 6209 2310 2260 4393
18104 7801 5826 6508 3396
18105 7215 1820 6061 2314
18106 7007 6807 6844 5540
18107 8245 1846 1191 2587
18108 7665 5991 7012 5630
18109 6665 2172 4177 2171
18110 6137 1900 1529 3461
18111 7909 5745 6931 2471
18112 6417 3497 3493 1458
18113 7797 1656 2231 2232
18114 8170 5222 3490 3654
18115 7496 2285 6770 5754
18116 7718 5871 6584 6357
18117 7457 6421 6910 5822
18118 6668 1192 2699 3549
18119 8124 6177 6533 5524
18120 8004 1801 7775 2186
18121 7797 2231 7264 2232
18122 7231 3024 6981 6801
18123 8161 1380 3152 1383
18124 7842 4373 6875 465
18125 6542 6067 6123 5698
18126 7821 1740 2389 1763
18127 7024 870 3864 5148
18128 6213 3320 3318 4644
18129 6071 3494 1815 1106
18130 7607 3356 6333 5157
18131 6245 5130 5961 3285
18132 8238 4617 748 749
18133 7273 5115 7226 812
18134 6823 5575 6520 6147
18135 7956 5546 6799 5956
18136 7493 6927 7023 2643
18137 7720 591 7443 2210
18138 8038 6749 7473 6639
18139 6897 2730 1204 1852
18140 7561 5512 7218 6517
18141 7489 5894 6949 5876
18142 7717 7123 7683 5770
18143 7969 5956 6390 5752
18144 7399 5685 7063 6665
18145 7719 1603 3786 3785
18146 7518 5626 6175 5653
18147 7914 2732 2734 1207
18148 8123 1316 6824 2976
18149 7156 5603 5670 4065
18150 7667 6760 7586 7492
18151 8230 2644 7712 4200
18152 5916 2319 3501 1118
18153 6259 3757 4409 5242
18154 6168 6028 6115 5844
18155 7161 5543 7039 6388
18156 6955 4727 823 824
18157 7801 3939 6630 3962
18158 7746 5841 6676 6180
18159 7655 5699 7458 7321
18160 5866 1304 2945 1888
18161 6743 3157 1385 3163
18162 7831 2980 3042 3607
18163 8045 6124 7753 6249
18164 7537 4392 6702 426
18165 7931 107 6185 4562
18166 7550 7379 7447 6636
18167 7651 4541 6962 6108
18168 7322 451 4919 450
18169 7619 3921 1980 1727
18170 7749 6763 7214 5541
18171 6046 4784 2923 2917
18172 8236 1169 1842 2388
18173 6646 1649 3735 1676
18174 6710 3844 6313 5932
18175 7568 2462 2510 1093
18176 7617 641 7409 5313
18177 8033 1278 2987 2952
18178 6320 2373 4546 2317
18179 6685 2773 2772 133
18180 6233 3443 5748 2640
18181 7633 6238 7225 6323
18182 7228 2775 681 4309
18183 7866 4352 4991 2949
18184 6628 3916 1718 1719
18185 7269 5976 6579 5656
18186 7732 5496 7211 6315
18187 8256 6541 7075 6613
18188 7689 4274 6702 427
18189 7458 3651 3126 4444
18190 7965 6843 7445 6239
18191 8345 1608 8233 3788
18192 8099 1663 6973 6089
18193 7590 2822 6447 1249
18194 7393 5651 6685 6004
18195 6496 165 6492 4752
18196 7691 4834 845 844
18197 6298 360 6044 359
18198 8252 5819 7823 6074
18199 7734 3173 5044 4990
18200 7686 4335 6182 6120
18201 7255 3219 6634 3225
18202 6484 5847 6297 5839
18203 7804 6242 6547 5522
18204 7832 1098 2309 1108
18205 7147 5818 6589 6083
18206 7040 6136 6670 6356
18207 6403 2074 921 916
18208 6204 1671 1639 3712
18209 6983 50 5917 4742
18210 7724 5942 6968 5928
18211 7224 382 6401 381
18212 7206 5710 7094 6022
18213 8107 5890 6736 5755
18214 7839 4431 68 5129
18215 8255 2761 6853 1219
18216 6249 2892 4345 3052
18217 6458 2379 2541 1139
18218 6704 633 632 5344
18219 7366 2379 6600 6458
18220 5908 2695 1847 1485
18221 7522 6291 6955 5741
18222 7549 6256 6291 6137
18223 7074 5887 6261 5646
18224 7920 6768 7021 5569
18225 6601 5383 4745 338
18226 6959 5328 6877 3872
18227 6587 4539 6012 401
18228 6426 1796 1023 2146
18229 6691 4542 6132 4908
18230 8122 7863 8050 7364
18231 6629 372 6136 4777
18232 7175 5661 6520 6055
18233 7542 1544 6579 3630
18234 6755 6367 6686 6669
18235 6394 1024 3445 3409
18236 7322 6410 6415 3251
18237 7540 2069 7301 6628
18238 7741 668 7548 4932
18239 6407 4326 4040 3314
18240 6406 4747 2329 2328
18241 7340 1753 4002 1986
18242 7632 2036 4079 4093
18243 7078 1510 7027 1267
18244 7410 1877 7360 1273
18245 5802 2318 2322 1965
18246 6917 4367 6206 3521
18247 8124 5750 6558 3106
18248 6887 2440 2324 583
18249 7386 530 4788 529
18250 6265 2948 1895 1309
18251 8320 211 7919 6192
18252 7961 6608 7696 6045
18253 7869 1332 6088 3019
18254 7340 2410 7225 1752
18255 7417 5855 7213 5576
18256 7879 6087 6468 5894
18257 6613 2814 2818 1246
18258 6298 2900 6044 4205
18259 7164 5860 6764 6553
18260 8072 7056 7855 1747
18261 6452 2383 3514 1829
18262 6872 423 424 4372
18263 7890 4311 3648 3647
18264 6646 1649 6278 3737
18265 7602 2032 2021 935
18266 6628 1719 3835 3799
18267 5972 658 5691 5684
18268 7590 2843 5574 4558
18269 7622 6226 6945 5482
18270 7860 4724 6593 5625
18271 6727 5191 721 722
18272 7039 5993 6388 5543
18273 7846 6090 7107 6935
18274 7581 5550 6925 5892
18275 8010 5637 7994 6978
18276 7390 1662 6089 3809
18277 7204 4111 4122 2098
18278 5733 3226 3220 4731
18279 7281 6338 6976 6349
18280 7443 590 6339 4482
18281 7860 5606 6888 6614
18282 6408 619 5672 4589
18283 6746 6509 6605 6003
18284 6765 6135 6355 5516
18285 8347 5948 7308 6901
18286 6909 297 4486 298
18287 6662 4931 5717 308
18288 6464 3544 3298 4847
18289 7579 4089 6355 2024
18290 5961 3515 1824 2543
18291 7514 3196 5011 4988
18292 6065 970 2049 2077
18293 8023 5593 7139 6538
18294 7891 5093 4365 3309
18295 7048 1735 6754 1733
18296 5795 452 4677 3295
18297 5600 3088 4347 5163
18298 7504 5742 6261 5525
18299 7645 5664 7503 6055
18300 7434 5501 7169 5968
18301 6340 2320 2322 4532
18302 6594 5519 5943 5676
18303 7514 3188 3196 4988
18304 6736 933 943 931
18305 8161 3151 7349 4706
18306 7051 2329 1967 1682
18307 7839 3620 6708 5142
18308 7806 631 6072 4852
18309 7627 5937 5954 5584
18310 7287 6562 6693 4740
18311 7558 325 5658 4478
18312 7608 6113 6404 5996
18313 8232 5521 7759 6327
18314 8003 7066 7179 6280
18315 8207 2382 1831 1146
18316 7048 3862 5867 5762
18317 6365 645 2770 5161
18318 7617 6006 7339 5500
18319 5659 2428 1049 1048
18320 7969 551 7681 6916
18321 6881 1673 5966 1644
18322 7385 4378 6489 6373
18323 7842 5602 7080 3200
18324 7091 446 3474 447
18325 6739 1265 2855 1269
18326 8314 6956 8013 6325
18327 7677 6392 6926 6837
18328 7677 5608 6926 6392
18329 7928 5544 6556 6260
18330 7103 687 688 2179
18331 7814 548 6001 2123
18332 7655 7024 7458 5148
18333 7559 968 2060 960
18334 7313 2159 1798 1037
18335 7768 3183 7044 3206
18336 6515 1551 3644 3099
18337 6320 2322 5802 2318
18338 7025 5862 6179 6063
18339 5952 1421 5891 1418
18340 7212 6159 6772 6721
18341 8374 6103 7000 1064
18342 7409 4377 6531 3561
18343 7233 1375 1371 3128
18344 7115 5499 6195 5701
18345 7669 6217 7079 6810
18346 7559 6286 6293 6272
18347 7994 5597 7771 6978
18348 7953 2852 3582 1507
18349 7686 4335 4353 3111
18350 7677 6212 6804 5487
18351 7999 6348 7981 5774
18352 7239 6189 6307 5640
18353 7748 1670 7032 3750
18354 7832 4433 7193 6245
18355 7932 929 1994 4083
18356 7665 1916 6227 3327
18357 8414 1159 6761 2625
18358 7655 871 870 5124
18359 5431 5451 4897 2059
18360 7885 6178 7470 6084
18361 6882 5893 6157 6033
18362 7655 3124 7487 3328
18363 7655 3328 7487 5124
18364 7149 2735 7120 628
18365 8157 2305 7383 999
18366 6661 5553 6604 5638
18367 7999 5866 7981 4772
18368 7665 3328 6227 1916
18369 7658 6409 7200 6265
18370 7665 1556 1916 3327
18371 7885 5727 7470 7183
18372 6866 5490 6828 6118
18373 7658 6265 7200 4349
18374 7182 5930 6241 6007
18375 7847 670 7023 5782
18376 7474 246 5422 3976
18377 7723 3875 6468 1580
18378 7221 3878 6512 3770
18379 7213 5576 7136 7071
18380 6839 5786 6178 2783
18381 7797 3779 6197 1655
18382 6628 3799 5710 1978
18383 6628 2069 3916 5298
18384 7723 3767 1582 1941
18385 7724 1239 3579 1504
18386 6529 4940 4313 815
18387 7461 4927 6237 4370
18388 7642 4287 6149 5270
18389 25 4055 4263 4051
18390 8064 6015 7111 6784
18391 7882 6196 7501 4826
18392 8288 7209 7530 6367
18393 6871 5079 4876 112
18394 7039 6388 7930 1872
18395 25 4051 4263 26
18396 8372 4851 710 709
18397 7757 5633 7638 7426
18398 7655 870 5148 4261
18399 6622 5551 6192 5723
18400 7669 6926 7079 6837
18401 6561 2962 2924 4769
18402 7104 5639 6163 5587
18403 7078 1510 2860 1275
18404 7356 6666 7353 5559
18405 7661 2185 5852 4161
18406 7832 5933 6657 1098
18407 7809 6028 7186 5950
18408 7665 3134 7012 3122
18409 7662 4876 7517 6871
18410 5660 4981 3406 2374
18411 7007 5565 6049 5773
18412 5944 4650 4656 698
18413 7173 1969 7140 2339
18414 7823 4219 7402 2259
18415 5939 4887 2353 2207
18416 7406 6577 6619 5489
18417 6640 4473 5944 698
18418 7421 5490 7276 6866
18419 6922 5521 5717 5496
18420 8016 5554 7114 6818
18421 6344 3387 1457 3496
18422 5747 3915 5299 3839
18423 7665 3122 5991 1372
18424 7429 5871 7126 6762
18425 7637 2768 7063 5816
18426 7833 1760 2421 1746
18427 7661 2170 2185 1060
18428 7119 1823 6167 2561
18429 7110 6455 7052 6807
18430 7782 5379 336 5389
18431 7655 5699 7321 7024
18432 7918 5178 4590 5469
18433 7151 5570 6247 5709
18434 7705 6217 6644 4010
18435 7890 4311 7084 6391
18436 7273 812 813 4728
18437 6816 6482 6577 5636
18438 7655 3124 3328 5124
18439 7380 6216 7017 6062
18440 7481 2109 4102 4115
18441 7481 4109 6694 2101
18442 7762 6488 6957 5924
18443 7765 2565 7119 4552
18444 8296 7164 7784 6553
18445 7516 5103 6936 5917
18446 6101 3365 610 4217
18447 7655 4427 7397 871
18448 7955 5489 7406 7114
18449 8351 2913 6296 2919
18450 8337 5839 8246 5540
18451 7757 5725 7168 6777
18452 6018 2474 2257 4915
18453 7604 407 6482 408
18454 5431 5451 24 4374
18455 6868 5430 940 4069
18456 6253 5248 6097 61
18457 7992 3755 1964 1674
18458 7075 2796 6613 4823
18459 6914 3210 3211 1407
18460 8081 4450 6298 362
18461 7474 246 3976 5397
18462 7226 3117 812 2921
18463 6480 274 6248 6032
18464 8196 3429 1802 2771
18465 7032 777 4238 778
18466 7655 871 5124 4427
18467 8234 5891 7035 5700
18468 7481 6568 6694 4109
18469 6325 4610 3692 4634
18470 7583 6101 6197 5703
18471 7146 5818 6209 2310
18472 7319 2946 1525 3601
18473 6743 3153 1385 1920
18474 7726 1480 1160 2417
18475 8111 2464 6038 3354
18476 6583 4500 6476 4616
18477 7727 1562 6831 1396
18478 7343 7068 7172 6667
18479 7447 3431 6433 6276
18480 7891 3582 6401 5060
18481 7989 6574 7562 6923
18482 5902 4749 2324 2330
18483 7243 5924 6957 6488
18484 6880 743 5357 3896
18485 7643 6321 7411 7031
18486 7816 6027 7712 5773
18487 6793 6514 6785 5832
18488 6795 2989 1529 3609
18489 7782 5780 6617 6036
18490 8240 6915 7246 6866
18491 6194 1077 2472 2468
18492 6610 2490 5784 5677
18493 7090 2984 1317 2986
18494 7548 667 5852 666
18495 8115 5842 8058 5639
18496 7620 4333 3520 243
18497 7625 5989 6618 5689
18498 7253 430 5619 5164
18499 8001 2842 5574 2829
18500 7744 3376 1954 1665
18501 6261 1043 5887 1045
18502 8196 1802 7311 2771
18503 7655 871 7397 870
18504 7655 6227 7487 3124
18505 8361 7646 8116 6868
18506 5431 5451 4374 4897
18507 5431 5255 24 4055
18508 5431 4374 24 5255
18509 6535 5873 5947 5726
18510 6885 5537 5647 5509
18511 7909 3477 4474 5237
18512 7253 3469 5164 3085
18513 7754 6374 7505 7041
18514 7011 5569 6357 1808
18515 7412 2570 6334 4621
18516 7272 4233 3440 5183
18517 7481 994 2109 2110
18518 6201 5883 6122 5897
18519 7936 6612 7173 5560
18520 8282 4092 6121 4056
18521 8254 6224 7828 7480
18522 6779 5437 2067 2050
18523 8200 3891 5365 646
18524 7731 835 6290 5134
18525 5952 1421 1418 3238
18526 7871 5502 7223 7147
18527 6347 4072 2020 4085
18528 7667 7299 7649 7534
18529 7125 950 4077 5440
18530 7538 6658 6847 3045
18531 6143 3295 1559 1392
18532 6356 3580 4968 3432
18533 6891 6338 6502 5518
18534 6051 280 279 5254
18535 7180 5770 6851 6214
18536 6608 698 5944 4656
18537 7186 3368 2313 4619
18538 7626 6444 6816 5793
18539 7567 393 7368 5180
18540 7395 6131 6681 5734
18541 6583 4873 6514 4493
18542 5852 5104 666 665
18543 7516 48 6932 6905
18544 8415 720 5191 4252
18545 5738 4889 4997 601
18546 6686 6034 6602 5549
18547 6590 2344 6339 2451
18548 7376 890 889 5476
18549 6135 4058 2033 5428
18550 7918 4820 5178 5469
18551 6046 3208 5517 1536
18552 7020 104 4545 3359
18553 6922 2454 5717 5521
18554 6853 1859 1219 2761
18555 7803 3818 5287 3907
18556 6909 2286 2280 4486
18557 7393 5797 6004 5916
18558 7916 6142 6965 5918
18559 6600 6051 6170 279
18560 7837 2618 1839 2385
18561 7802 5590 6348 5708
18562 6026 5650 5966 1643
18563 6592 2987 5906 1284
18564 7905 5749 6965 5641
18565 6072 2747 4852 632
18566 7729 6184 6456 6029
18567 8185 1926 8151 6453
18568 7607 5157 4404 5462
18569 7109 5882 6908 6885
18570 7335 1898 7090 1317
18571 5766 1610 3790 3789
18572 7096 1458 3282 2547
18573 7581 5892 7471 5901
18574 7460 6554 6667 5693
18575 6825 4950 5938 3714
18576 7741 3553 4932 2593
18577 7483 5538 7223 5909
18578 7824 3579 5928 56
18579 6271 2638 1841 2653
18580 8363 6483 8220 5825
18581 6158 593 4471 592
18582 5747 3838 1978 3836
18583 7624 6050 7476 6793
18584 6863 1705 3964 3971
18585 7064 1813 1454 3368
18586 7938 684 3566 4461
18587 7451 1410 6453 3216
18588 5919 2198 1938 1442
18589 7996 7625 7674 5912
18590 6667 5693 5814 5665
18591 7689 5629 7080 6980
18592 6962 766 767 4541
18593 7233 3130 1371 1375
18594 6419 2554 5722 1465
18595 7222 2129 6439 554
18596 7290 5804 7101 6684
18597 7859 1667 2312 3380
18598 7487 5630 7133 5699
18599 8415 720 6727 5191
18600 6853 2761 2774 1859
18601 6284 1779 2292 983
18602 7724 2801 3579 1239
18603 7967 7344 7578 6186
18604 7575 5251 6273 4329
18605 6388 3585 1874 1508
18606 6861 5601 6849 5778
18607 7420 1972 6740 5662
18608 6418 2336 1008 2333
18609 6131 4812 3661 3019
18610 7169 5807 6843 5501
18611 7801 1699 1973 3962
18612 7730 5594 6099 5565
18613 6045 701 5077 700
18614 7521 4900 7072 597
18615 7086 5642 6648 6210
18616 7600 6518 6546 6114
18617 8227 959 965 952
18618 7237 2909 4548 4787
18619 6149 4287 459 3194
18620 7057 2216 598 2217
18621 5959 1221 1223 2773
18622 7557 5797 5929 5885
18623 7930 1874 6739 3583
18624 6929 6164 6563 5622
18625 7731 6058 7012 5991
18626 7884 1437 6744 1430
18627 7610 6258 7562 6967
18628 7892 5263 497 498
18629 7732 6367 6755 6669
18630 8038 6466 7473 6749
18631 7394 6683 7124 6814
18632 6778 3873 3783 1578
18633 6101 609 610 3365
18634 7758 4414 6929 469
18635 5840 1304 2929 1297
18636 6357 1808 5569 1086
18637 6795 2973 1319 2989
18638 7853 6591 7804 6557
18639 7955 6725 7448 5489
18640 7778 1471 2577 1135
18641 6686 5729 6602 5763
18642 6779 2072 967 962
18643 7339 5757 7262 7004
18644 6203 1153 2408 1238
18645 7482 1738 1736 3868
18646 6504 3215 4708 436
18647 6192 2396 4396 213
18648 6062 5467 5828 4279
18649 7654 5710 6000 5514
18650 7847 669 5107 670
18651 5738 601 4997 600
18652 5866 1302 5840 1888
18653 7810 6908 7109 6377
18654 8170 7738 8082 5785
18655 7540 5747 6181 4035
18656 6880 5357 742 3884
18657 8097 6078 7220 6953
18658 8216 5590 7070 6541
18659 7011 1088 2498 1080
18660 5754 2285 2507 4251
18661 5866 4779 368 4772
18662 7610 5696 7562 6258
18663 7044 1409 3206 1404
18664 7874 6308 6314 5621
18665 7983 6465 6966 5885
18666 7834 6023 7583 6269
18667 7658 3607 7111 6409
18668 7462 5872 7394 7274
18669 7270 3488 1104 2527
18670 8088 5599 6335 5539
18671 8415 718 8100 719
18672 8381 3066 5821 4935
18673 7650 1320 2990 3069
18674 6707 4204 2580 102
18675 7551 94 5003 2220
18676 8164 5988 6347 5772
18677 4040 13 14 4326
18678 7796 5954 7246 5584
18679 8132 6383 7415 4069
18680 7153 1863 2787 1232
18681 13 12 4799 4016
18682 7782 336 6617 335
18683 6790 5536 6349 6030
18684 8007 3407 7778 1471
18685 7410 2874 5158 2890
18686 6365 646 645 5315
18687 4652 16 4044 2971
18688 7011 2277 5569 1808
18689 8303 649 7202 648
18690 8160 6485 7532 7278
18691 8009 5758 6262 5848
18692 8376 6363 8205 6017
18693 7958 6142 7328 7045
18694 7428 5797 7013 5506
18695 7781 5828 6466 5761
18696 8365 3253 6017 3338
18697 6998 4081 4076 2016
18698 6710 5306 856 3844
18699 6468 5333 3766 3875
18700 7070 5479 6960 6833
18701 8235 4151 566 4144
18702 7279 1004 2120 1787
18703 6910 4671 729 4537
18704 6347 2022 4066 2020
18705 7076 6167 6263 2561
18706 7190 4310 501 502
18707 7733 6794 7694 5570
18708 7303 3171 5694 4946
18709 7230 6335 6527 5492
18710 8381 4935 6353 3066
18711 8397 6264 8347 6163
18712 6738 4935 6353 5821
18713 6594 2700 5742 4716
18714 8202 7203 7728 5533
18715 7462 2155 6507 6491
18716 5742 660 2713 4716
18717 7112 5854 6469 5601
18718 7360 3456 1513 1879
18719 7349 7255 7300 6092
18720 7819 6126 7208 4797
18721 8086 5996 7608 7162
18722 6707 2580 5193 102
18723 7173 7140 7163 2339
18724 7643 6139 6819 6315
18725 6641 6303 6582 6430
18726 5680 2086 2083 989
18727 7839 4431 4561 68
18728 7005 2084 4101 4100
18729 7731 4528 5465 5241
18730 6323 1751 2410 1752
18731 6571 2301 3492 1817
18732 7766 5520 6158 6059
18733 7621 6376 6890 396
18734 8244 5536 6143 5795
18735 7180 5770 7123 6925
18736 7085 756 4229 3756
18737 7036 644 3777 5368
18738 8047 4960 2756 4307
18739 7280 5791 7152 7009
18740 7675 1773 1774 3974
18741 7302 1511 6104 2876
18742 7637 2427 7467 7063
18743 8132 2753 4564 4850
18744 7257 4742 3596 4970
18745 7806 3554 3301 631
18746 6718 6073 6442 6262
18747 6504 4708 3146 438
18748 7230 5875 6335 5510
18749 8202 5533 7728 6730
18750 6462 1912 3166 1348
18751 7161 154 6330 155
18752 7608 5996 6404 5593
18753 8368 6785 8141 5516
18754 7310 5775 7114 6247
18755 7372 6565 7109 5513
18756 7349 6092 6513 5836
18757 7868 5200 7837 6308
18758 6128 1440 3276 3274
18759 7257 5917 6983 6309
18760 7461 6371 6528 5705
18761 7804 6547 6557 5522
18762 6419 1463 6354 1822
18763 7206 5710 6738 6628
18764 7109 5647 6556 6260
18765 7584 4343 792 2973
18766 7533 3998 6856 4000
18767 7296 3993 1767 1990
18768 7069 3642 5750 1549
18769 7856 1071 2205 1082
18770 7875 6326 6605 6509
18771 6959 5328 3872 3768
18772 7735 3514 6476 3516
18773 7833 7033 7401 6009
18774 7605 3482 2479 1448
18775 7965 5567 6843 6239
18776 6936 2845 6905 1262
18777 6465 6185 6203 3573
18778 7779 6752 7687 6014
18779 7258 821 4941 820
18780 7172 6530 7068 5507
18781 8235 7045 7958 6939
18782 5723 2395 1743 3422
18783 7458 6227 7321 5699
18784 6879 5836 6790 5732
18785 7131 5123 5669 433
18786 8141 5667 7789 5555
18787 7490 752 5320 3810
18788 8254 6224 7955 7448
18789 5580 4093 4079 4060
18790 8086 6113 7737 5996
18791 5433 10 4956 4524
18792 7732 6367 6895 6755
18793 8073 5873 6446 4223
18794 7724 1865 5942 2801
18795 6845 4892 5942 2797
18796 6688 6275 6468 5894
18797 8275 5935 6731 6160
18798 8266 5890 7838 5755
18799 7736 2548 1117 1819
18800 6465 5149 140 4523
18801 5433 4770 11 2061
18802 7459 83 4692 2979
18803 6989 6746 6960 6605
18804 8062 858 4855 4811
18805 2782 9 4054 4062
18806 7570 5839 6297 5790
18807 6697 589 4822 590
18808 6706 4804 5957 2839
18809 5903 2280 5729 972
18810 7584 792 3610 2973
18811 6706 1251 1258 2688
18812 6841 819 5914 3079
18813 6478 5576 6187 6068
18814 7763 3588 7587 4936
18815 2850 1263 7370 2846
18816 6993 6204 6731 3760
18817 7970 5800 6756 5657
18818 7239 6188 6189 5640
18819 8374 2176 1052 2178
18820 6625 5886 6196 5686
18821 7605 1069 1448 3484
18822 7822 6302 7225 5631
18823 6640 4802 6608 699
18824 7343 5559 7174 7133
18825 7952 6066 7308 7165
18826 7462 1795 2155 1032
18827 6870 6785 6793 6423
18828 7736 1819 3387 3500
18829 7461 5705 7437 6371
18830 8097 6953 7220 5552
18831 7004 6073 6857 5522
18832 5591 4897 5431 4374
18833 8 4054 4850 9
18834 7651 6398 7323 6108
18835 6378 5912 6213 5556
18836 7064 1101 3368 2299
18837 7604 407 4425 3158
18838 6132 2378 4908 4542
18839 6706 6356 6670 1505
18840 7279 1004 2149 2120
18841 7129 6488 7050 5756
18842 6526 4528 6058 6046
18843 7206 851 852 3799
18844 7258 2946 3601 820
18845 2634 3 4023 4705
18846 7555 5535 6923 5958
18847 7834 6269 7755 7102
18848 7345 6054 6451 6428
18849 6601 5383 338 5388
18850 6238 4868 4491 183
18851 6779 2067 962 2050
18852 7428 6236 6717 6361
18853 8352 3556 638 2750
18854 6958 3015 807 5046
18855 7138 6284 6425 2111
18856 7206 4312 850 4935
18857 7684 5504 6757 6257
18858 7604 5732 6596 5783
18859 6484 1768 6133 5847
18860 7515 1414 1567 3675
18861 6963 5666 6120 6037
18862 7062 5538 5909 5582
18863 6854 3324 4199 5151
18864 7656 4035 6181 917
18865 7906 5889 7507 7189
18866 7128 1280 2889 1879
18867 7634 2343 6069 4481
18868 8256 1242 2806 2811
18869 8104 7288 8044 7155
18870 7143 262 6537 2518
18871 6784 788 5650 4388
18872 8274 1209 7491 6718
18873 7601 6417 6996 5731
18874 7881 1593 7617 6053
18875 7374 6108 6384 5577
18876 7837 7347 7769 6013
18877 5818 3792 3884 5321
18878 8073 3488 5249 3489
18879 6750 3551 128 4726
18880 6516 5770 6214 5917
18881 6851 1233 2793 1864
18882 7525 701 6045 702
18883 5106 3314 4040 4326
18884 6860 2197 1398 3177
18885 6263 3540 5720 5178
18886 6887 583 582 2440
18887 7010 5992 6856 6677
18888 7162 2307 6997 4195
18889 7414 6669 6819 6139
18890 6190 759 5311 760
18891 6426 1022 6333 5985
18892 7424 6865 6894 5858
18893 7190 2545 503 4453
18894 7856 1082 6614 1087
18895 7264 5198 6023 2233
18896 6540 2830 2816 5068
18897 7301 4095 4096 941
18898 6391 4039 928 932
18899 7467 2612 7399 1799
18900 7202 648 4203 4428
18901 6508 3397 1701 1700
18902 6962 2902 6108 4541
18903 7618 5020 6679 6281
18904 6218 81 6080 4993
18905 7889 5930 7234 6586
18906 6983 52 6845 2793
18907 2853 1265 6739 2866
18908 7731 4424 4535 835
18909 7146 3884 5818 3792
18910 8050 5655 6368 5794
18911 6381 3337 3681 4594
18912 7468 5618 6010 5627
18913 7801 3970 6630 5375
18914 6702 3634 427 3091
18915 6475 4646 3415 5101
18916 7032 5081 5913 778
18917 7777 6279 6935 5483
18918 7565 6328 6970 6023
18919 7391 5091 677 676
18920 7805 6807 7588 6844
18921 7560 5769 7293 6552
18922 8324 434 8170 7131
18923 6707 2591 1144 1136
18924 6637 1952 1613 2261
18925 8326 1970 1690 2342
18926 7567 3636 3092 392
18927 7707 6141 6443 5859
18928 6484 3977 3993 1990
18929 7999 369 7981 2833
18930 6957 315 4234 316
18931 7000 4260 6103 715
18932 6703 1936 6471 3475
18933 8134 5775 7170 7116
18934 7496 266 4114 4109
18935 8124 5524 6826 6177
18936 6824 2976 2988 5114
18937 7520 1878 2891 2893
18938 7717 6623 7624 6870
18939 7001 6276 6457 5813
18940 7526 188 6302 5711
18941 6825 3744 6474 3762
18942 7580 6891 7315 6349
18943 6704 633 5344 5348
18944 7525 2256 4641 2260
18945 7981 368 369 4772
18946 7014 5628 6815 5936
18947 7764 5980 6968 6811
18948 6670 1252 2835 2834
18949 8063 5676 5943 5519
18950 8350 6522 7218 5503
18951 6031 4865 38 39
18952 8076 6410 7322 1931
18953 7416 5765 7012 6805
18954 8206 5928 7381 5980
18955 7964 7453 7673 6898
18956 8079 5696 7142 5870
18957 6376 4451 5906 4334
18958 7783 5053 6369 4582
18959 6704 5348 3773 3774
18960 6416 2169 2191 1063
18961 6706 338 3581 2832
18962 7376 5476 6736 5289
18963 8002 2599 6099 3520
18964 7352 5233 4549 3507
18965 7376 4012 6736 931
18966 7611 5484 7117 5911
18967 6848 941 4082 934
18968 6861 5560 6849 5601
18969 6477 383 4987 384
18970 6272 960 5591 5449
18971 7349 6840 7255 6092
18972 8001 5543 7511 6525
18973 6780 1334 5888 3031
18974 8200 3886 7755 5325
18975 6458 5594 5790 5722
18976 7985 6259 7904 7536
18977 6832 2877 6037 1325
18978 6466 3058 422 5026
18979 8199 1477 6585 3532
18980 7734 6618 7380 3173
18981 7916 564 565 4152
18982 7301 4025 4095 2046
18983 7909 5745 7433 6931
18984 6704 3773 5789 3774
18985 6402 237 238 5024
18986 6706 1251 6356 3580
18987 7684 6428 6724 6257
18988 7298 1280 7128 2890
18989 6993 5105 6731 5935
18990 5729 976 972 2280
18991 7439 5497 6773 5977
18992 8411 2096 1777 972
18993 6704 3774 5789 5757
18994 6712 4565 6584 6154
18995 7779 220 219 5401
18996 6865 3935 1680 1681
18997 7651 6962 7323 6398
18998 6954 3899 5369 754
18999 6739 1265 2851 2855
19000 6192 4418 3423 211
19001 7939 3565 6597 1495
19002 6973 1663 1616 3885
19003 7471 5516 6766 6270
19004 6662 2290 4931 4980
19005 6630 3962 5394 355
19006 6951 1592 1652 3361
19007 8258 6843 7169 5515
19008 7939 2769 1495 1222
19009 6358 973 2093 2078
19010 6690 2056 918 910
19011 7738 3136 6519 1378
19012 6900 3191 6449 1906
19013 7739 5506 7609 1470
19014 7309 6689 6850 5610
19015 6059 4900 5923 4214
19016 6398 4778 2902 768
19017 7291 1428 6471 3342
19018 6044 359 4205 2899
19019 6444 5000 6156 412
19020 8169 770 6678 769
19021 8218 5545 8119 7770
19022 7859 723 6400 5150
19023 6641 4298 6438 2722
19024 8004 2188 4182 2173
19025 7904 6687 7584 5607
19026 7621 5878 7567 5615
19027 6876 5733 6576 5895
19028 7667 6307 7314 5713
19029 7837 3534 6308 2385
19030 6930 3999 3974 1775
19031 7062 5582 5909 5695
19032 7743 6832 6907 5607
19033 8300 6249 6798 5600
19034 7102 1597 1946 2233
19035 6496 2705 6435 1195
19036 8078 2163 2167 1040
19037 7501 4826 6196 690
19038 8270 467 5905 5156
19039 8134 5479 7148 7112
19040 8164 5988 7752 5514
19041 7584 6687 6795 5607
19042 5702 4835 4587 692
19043 6011 1128 1125 2564
19044 6545 3309 1871 1506
19045 6827 4361 5285 2880
19046 7280 4507 73 4498
19047 8126 7533 7675 6364
19048 7262 639 638 5347
19049 6165 1053 3428 1062
19050 8041 221 5405 222
19051 6261 2168 1043 1045
19052 5835 1574 1428 3340
19053 6211 5319 643 642
19054 7969 549 4748 550
19055 5777 4178 676 2177
19056 7119 5760 6167 6069
19057 6697 588 4925 2327
19058 7416 5463 4454 3653
19059 7692 5095 3070 3321
19060 7520 2878 6798 5251
19061 7907 248 7502 5226
19062 6933 3995 5847 1769
19063 8049 83 7459 6218
19064 8289 2749 8128 3562
19065 7324 2960 2964 4986
19066 7244 3985 6855 4002
19067 7467 1046 7063 1047
19068 6167 5568 5760 5720
19069 8256 6459 6541 2802
19070 7700 6814 7531 5627
19071 7935 3473 1563 3666
19072 5887 1044 1045 2683
19073 8192 6789 6913 913
19074 6265 2948 1309 2968
19075 6491 2156 2145 4155
19076 5948 385 4987 2867
19077 7046 6408 6949 5876
19078 7558 4469 5658 325
19079 6594 2700 1851 1193
19080 7280 4507 4498 74
19081 5948 385 2867 4773
19082 7861 6336 7086 5642
19083 7291 3271 6471 4266
19084 7584 791 792 4343
19085 7919 5503 7205 5994
19086 7414 6669 7292 6686
19087 6600 2379 4246 5016
19088 7634 1120 6069 2551
19089 5669 5123 432 433
19090 6298 2900 4205 361
19091 7120 4520 6682 6512
19092 7301 2046 5877 5297
19093 6530 5553 6177 5524
19094 8073 5998 6446 5873
19095 8189 5496 6922 5624
19096 8417 3424 6930 2438
19097 6142 4911 565 4934
19098 8407 5987 8340 6521
19099 7131 4531 5123 433
19100 7137 744 6025 4992
19101 7636 6203 6767 6185
19102 6279 2794 2782 4524
19103 6128 3274 2493 1445
19104 8049 4294 6503 6123
19105 7388 1646 1647 3757
19106 7696 7525 7637 5816
19107 6697 589 5941 4406
19108 6272 3150 3659 1558
19109 7385 232 6489 4378
19110 7742 4992 7137 6025
19111 7305 1624 6499 3796
19112 6588 287 5135 288
19113 6858 1166 2610 1152
19114 7262 5084 6432 636
19115 7342 1357 1545 3629
19116 6793 6355 6690 5832
19117 7442 5676 6375 5573
19118 7743 1331 1329 3013
19119 6322 6040 6108 6046
19120 6788 1835 2588 1142
19121 7237 4521 6990 403
19122 8197 3072 6200 5472
19123 7524 5884 6038 5730
19124 8274 2762 7491 1209
19125 8265 5796 6896 6436
19126 6190 4194 5810 759
19127 7647 5488 5978 5487
19128 8012 6020 6841 5548
19129 8285 6000 8164 5979
19130 6637 2263 3370 4690
19131 7727 7666 7673 5629
19132 6853 5161 6211 6173
19133 6479 3487 1452 1103
19134 7523 2364 6508 3397
19135 6394 1034 2148 1024
19136 7811 339 5383 3951
19137 6278 3684 5675 3737
19138 6620 6146 6154 5871
19139 6887 584 583 4749
19140 7258 4879 822 821
19141 6404 5504 6013 5996
19142 8216 6771 7478 5590
19143 8067 6037 7623 6907
19144 8140 6403 7706 6420
19145 7472 696 5944 5856
19146 7978 1708 7499 1974
19147 6537 6034 6162 5674
19148 7040 5708 6670 6348
19149 4232 304 6422 2288
19150 7161 154 2865 3585
19151 7995 7401 7529 5529
19152 7302 1512 2886 3591
19153 6396 3804 6053 1593
19154 6371 2513 1096 1811
19155 8249 1200 7107 1188
19156 6411 5112 3562 4882
19157 7764 1504 7724 3578
19158 8001 7187 7590 5574
19159 7839 4431 69 4561
19160 6569 1625 2241 1601
19161 7410 2890 7298 7128
19162 6384 6108 6322 5577
19163 7745 3686 728 4671
19164 5940 4020 5302 5304
19165 8319 6859 8254 7358
19166 6272 3186 1395 3659
19167 6641 5182 6303 4298
19168 7503 5598 5654 5641
19169 6024 3826 3828 1976
19170 7392 6386 6689 5610
19171 7385 5414 7033 6489
19172 6776 2665 1177 2667
19173 6761 1481 2625 1159
19174 7535 124 7519 7294
19175 7434 5712 6236 5803
19176 7753 6124 7622 6535
19177 7718 5871 6823 6584
19178 7901 6626 6797 5658
19179 6706 6356 6545 5982
19180 7659 344 6849 343
19181 8000 3785 7326 3784
19182 7378 5861 6074 5498
19183 7916 2153 6268 2138
19184 6093 4083 2005 4021
19185 7141 112 6871 4989
19186 8084 6711 8047 2756
19187 7359 1294 1338 2920
19188 7978 1708 3904 1710
19189 6390 4682 2566 2564
19190 8281 6556 7928 1622
19191 7074 2167 6261 5887
19192 6938 5814 6599 5665
19193 7489 6370 6949 5495
19194 7745 3685 727 728
19195 7911 6151 6319 6116
19196 7621 3640 5206 3102
19197 8238 749 4649 4617
19198 8250 5974 6757 6257
19199 6498 1112 2307 1116
19200 6319 807 4438 5116
19201 6863 327 6326 5380
19202 7597 1985 1748 2401
19203 6169 4757 2363 2372
19204 7322 5620 6415 6410
19205 7713 6288 7475 6913
19206 7515 5567 6643 5597
19207 7952 7165 7763 6066
19208 7019 5592 5766 5502
19209 7270 2257 6735 6018
19210 7224 4362 382 5035
19211 7631 6523 6945 6695
19212 8186 1244 7194 2808
19213 6415 1929 3242 1424
19214 6477 384 4944 383
19215 7014 6815 6874 5936
19216 7445 5806 7229 6100
19217 5898 376 4704 377
19218 7394 7124 7159 5849
19219 6495 4598 594 5473
19220 8051 6722 7693 3007
19221 7869 5809 7317 6131
19222 7801 3962 1973 3939
19223 6600 5254 6051 279
19224 7746 1356 7182 6007
19225 7304 6007 6562 1237
19226 7302 3311 6413 4618
19227 7970 6561 6836 5800
19228 7623 6828 6963 5666
19229 8067 6907 7623 6290
19230 8311 2383 6476 6452
19231 7861 5925 7435 6336
19232 7442 624 6283 625
19233 8222 608 6672 5281
19234 8155 2284 6196 2241
19235 8380 6919 8344 6856
19236 7378 324 5146 4469
19237 7758 6106 7363 5768
19238 6681 455 5041 4270
19239 6904 4809 5661 4612
19240 8298 6014 6741 5677
19241 6745 1040 5887 2404
19242 8087 5876 7046 6778
19243 7774 4777 6136 373
19244 7332 260 4104 4122
19245 8016 7716 7955 7114
19246 7971 842 7364 3825
19247 6130 5169 64 4347
19248 6963 6120 6182 6037
19249 7505 5529 7401 6873
19250 7853 6557 6648 5562
19251 6497 4666 768 4632
19252 6632 5573 6375 5676
19253 6897 2723 6606 5943
19254 7636 4510 6767 4874
19255 6864 2969 5688 2968
19256 7621 394 7567 6376
19257 8396 6631 7218 5724
19258 7747 4186 6615 4160
19259 7743 4318 6649 3009
19260 7454 6936 7261 6346
19261 7742 3712 1639 3710
19262 8000 1948 7326 6569
19263 6322 2947 3263 4789
19264 7811 3951 5376 339
19265 5749 1143 1834 2369
19266 7747 2183 7379 6276
19267 7453 5828 6216 5761
19268 6860 5740 6783 5637
19269 7702 3691 6325 1957
19270 6323 2407 6238 2405
19271 8225 5854 7587 6835
19272 7556 7214 7387 6802
19273 7444 1400 3669 1564
19274 6230 4237 5274 2511
19275 6597 1222 2661 1496
19276 6503 1212 2647 1853
19277 7824 5892 6205 6145
19278 6418 2336 6043 5616
19279 6192 4418 2397 2434
19280 8145 4632 6962 4489
19281 8099 2269 3373 4880
19282 5999 1090 1817 2521
19283 7748 3750 7032 3746
19284 7609 1134 3416 2573
19285 6479 6371 6399 5575
19286 7283 3426 7150 3427
19287 7115 5102 4796 191
19288 6133 5272 4259 2431
19289 7726 1076 2465 2627
19290 7431 6046 6108 5577
19291 7285 6311 7117 5546
19292 7749 6180 6202 6125
19293 8276 6513 7950 7349
19294 7914 3441 6606 2734
19295 7331 5577 6981 6384
19296 6495 6059 6158 5520
19297 6012 401 2995 2916
19298 6596 4425 408 4703
19299 6640 2253 2255 1610
19300 6220 873 6085 5265
19301 7742 5605 6204 5716
19302 7032 5845 5913 5081
19303 6897 2619 1208 1488
19304 6186 1910 5649 3091
19305 7571 1404 7044 1395
19306 7927 6611 7645 7175
19307 6274 4952 4659 195
19308 8205 6581 7980 1431
19309 7852 5711 7585 5574
19310 6727 720 6433 3431
19311 6355 5434 2024 4089
19312 6477 4734 3621 4944
19313 6435 1192 1486 2698
19314 6573 3229 4501 3244
19315 6589 738 5592 5353
19316 6603 3852 6487 5204
19317 7379 6068 7103 6774
19318 7818 2113 2114 4123
19319 7634 6070 6167 1120
19320 5595 3898 3811 5318
19321 6815 5522 6557 5936
19322 7051 5780 6894 3947
19323 7736 6299 6498 5893
19324 6940 654 6178 4623
19325 6627 4603 2227 2489
19326 8305 460 7785 3252
19327 7732 6079 6895 6580
19328 7461 6371 6479 5575
19329 6982 5946 6686 5729
19330 7134 3716 4649 3717
19331 7319 4879 7258 3601
19332 7748 3741 6019 3704
19333 6569 1601 2241 2240
19334 7742 1961 1637 3708
19335 6340 2320 5802 2322
19336 8256 1242 2796 2806
19337 7000 714 6287 5851
19338 6168 529 4788 3527
19339 7751 1174 1186 2578
19340 7839 5976 6476 5667
19341 5953 1433 1568 3248
19342 8062 6500 7069 6076
19343 7485 3437 6070 1840
19344 6955 824 3156 4727
19345 7856 1071 7568 7143
19346 7446 276 275 4875
19347 5898 377 4782 376
19348 7222 4542 555 554
19349 8030 6385 7382 6346
19350 8196 2422 6316 1063
19351 6279 4062 2017 2027
19352 8237 730 7719 5341
19353 8375 6587 6990 4517
19354 6783 5597 6643 6232
19355 7944 3463 1528 1897
19356 8229 536 8199 3532
19357 7344 1351 1542 3466
19358 8302 6280 8019 5605
19359 6964 6147 6520 6371
19360 7505 5512 6575 6450
19361 7648 2063 948 2052
19362 7784 6444 6764 411
19363 6922 4971 310 2295
19364 7558 6320 7330 2373
19365 7400 6338 7395 6773
19366 5691 659 5684 658
19367 7242 5882 7179 5492
19368 7553 5917 7257 6309
19369 7872 6420 7706 6403
19370 7675 2396 2436 1773
19371 7506 5492 7455 7179
19372 7494 6541 6732 6459
19373 7445 6219 6239 5806
19374 6203 1153 6184 2408
19375 7013 5929 6707 5506
19376 6610 1807 6593 1089
19377 8067 6805 7623 6120
19378 7087 3029 3030 4356
19379 6544 4147 5808 561
19380 7406 7350 7354 5764
19381 7533 6364 6856 3974
19382 8134 6771 6833 5479
19383 6519 3136 6144 4509
19384 7356 5671 6650 6329
19385 6675 4807 292 291
19386 7753 6124 6535 6463
19387 7520 2878 5251 4339
19388 6675 6320 6340 5788
19389 7544 6560 6592 5570
19390 8186 6613 8005 7130
19391 6818 5764 6224 5785
19392 7050 6488 7029 5756
19393 6670 3432 6356 2826
19394 6330 5080 4744 154
19395 6673 1176 6174 2664
19396 7529 2423 7401 4949
19397 8372 6316 8196 2422
19398 6968 5942 6925 5928
19399 7945 6844 7007 6622
19400 8402 1770 2392 3422
19401 6171 5852 5967 5562
19402 8049 84 4271 4692
19403 6673 2663 1176 1180
19404 7365 3879 5323 5362
19405 8096 7248 8032 3174
19406 7764 2800 5025 3574
19407 6426 5951 6414 5985
19408 5573 2712 2717 622
19409 7563 6892 7124 5849
19410 6705 67 5142 2956
19411 8243 6781 6981 6116
19412 7568 2462 7143 1071
19413 5912 1531 3321 1530
19414 7957 100 7573 99
19415 7429 6147 6656 5705
19416 6879 5850 6790 6337
19417 6148 3362 1592 3361
19418 6339 592 6158 4482
19419 7754 5499 7647 6351
19420 8264 6392 7677 6837
19421 6220 5243 6085 873
19422 6505 2704 1197 2711
19423 6343 192 2420 2419
19424 7562 5526 6923 6574
19425 6902 5665 6434 5814
19426 7549 6137 6795 6015
19427 7069 3637 1359 3087
19428 6411 2647 3562 5112
19429 5902 1004 2324 2440
19430 7471 5884 6135 5516
19431 7885 6366 7183 6178
19432 7559 6272 6293 968
19433 7601 4242 6248 5054
19434 6937 3851 1729 1728
19435 7756 5078 4305 3071
19436 7902 4117 4121 2112
19437 6744 1934 3682 1430
19438 8390 8280 8335 3956
19439 7002 4733 479 4502
19440 5965 4419 5233 3506
19441 6594 2700 2713 1851
19442 7002 6146 6584 480
19443 6981 2938 6678 5926
19444 6157 3283 6033 5136
19445 8062 7028 7241 5975
19446 6434 3061 4529 3025
19447 7671 1482 7485 1840
19448 4038 4519 6616 2008
19449 6278 1626 3737 1956
19450 6637 4690 5881 5086
19451 6894 3935 3945 5391
19452 6829 6025 6089 3809
19453 8148 6339 7345 6590
19454 7174 6661 7133 5638
19455 7001 2180 6747 4186
19456 7147 5539 5818 5558
19457 7392 6850 7309 6713
19458 7471 5591 7044 6270
19459 6753 1763 3418 1989
19460 8371 6345 6534 5510
19461 7206 851 850 4312
19462 7726 2470 1160 3536
19463 6958 806 6114 5046
19464 7518 6175 6588 5653
19465 6530 5945 6500 5975
19466 8045 7552 7957 6800
19467 7952 7308 7791 7680
19468 7460 6434 7423 7106
19469 7552 4448 6254 102
19470 7629 5786 7213 6505
19471 6632 1851 6594 1198
19472 6441 131 6230 4391
19473 6669 5496 6315 6139
19474 7930 1508 3583 3455
19475 5989 4914 3167 415
19476 6573 1569 3244 3678
19477 7862 4599 2556 2223
19478 7343 6667 7172 6674
19479 7378 322 6074 323
19480 7126 6460 7035 5891
19481 6670 3432 1255 1505
19482 7138 3375 6277 3372
19483 6505 5672 6408 5527
19484 7519 5074 2687 2694
19485 6551 4717 6185 107
19486 7031 2117 1784 1001
19487 7604 406 7348 407
19488 7178 5500 6173 5801
19489 8017 7673 7799 6988
19490 6906 983 6422 2288
19491 6637 4690 6209 5881
19492 6905 1262 2845 2879
19493 7278 5919 6042 5817
19494 6129 3678 4501 4913
19495 7217 5712 6838 6236
19496 5944 696 4492 697
19497 6678 769 770 4778
19498 6737 2961 4351 818
19499 7796 5588 7627 5584
19500 6544 1014 2134 2135
19501 7586 6671 7341 7299
19502 7757 7518 7643 6941
19503 7758 5905 6929 6106
19504 7917 6052 6191 5980
19505 7931 142 6465 141
19506 8059 5866 7981 5774
19507 6278 3737 1649 1956
19508 7032 3745 779 3750
19509 8148 6054 7345 6039
19510 7682 5945 7028 6076
19511 7461 4927 6924 6237
19512 7002 2499 5082 479
19513 6877 5337 623 5328
19514 6812 6281 6698 5949
19515 5969 2461 4599 2223
19516 8112 5493 7212 7003
19517 7779 219 4681 218
19518 8024 604 4893 605
19519 7365 5362 3771 3879
19520 7379 6457 6716 6276
19521 6663 1633 1632 3696
19522 7961 5944 6640 5538
19523 7170 5585 6971 6619
19524 6877 6283 6375 5676
19525 7969 5752 6390 6001
19526 7820 7694 7733 6989
19527 7430 6194 7352 6359
19528 6199 559 5808 560
19529 7141 5740 6860 5637
19530 8295 2420 6343 6195
19531 8200 3779 6559 1656
19532 5840 1302 5636 3010
19533 6075 1702 2364 2366
19534 8098 5374 7055 352
19535 7183 5646 6953 5727
19536 7468 6268 6892 6318
19537 6231 3374 2271 4253
19538 6750 4627 128 4710
19539 6249 1516 5600 1290
19540 5812 40 41 4994
19541 5995 1472 1142 3404
19542 6790 5564 6553 5536
19543 6981 5926 6384 5577
19544 6452 3400 1141 1829
19545 6815 6557 6591 5936
19546 7878 3629 7342 3084
19547 6977 5758 6478 5855
19548 7760 3090 6579 1836
19549 7290 5504 6543 6013
19550 6231 4253 2271 4902
19551 7191 4540 3542 2670
19552 8101 2639 7857 2435
19553 5887 1044 2683 2707
19554 7671 1167 6714 2646
19555 7162 6299 6961 6806
19556 6004 2319 5196 4239
19557 7999 5774 5866 370
19558 7761 5558 7132 6637
19559 7202 5963 5987 5801
19560 7914 665 4860 5104
19561 8309 3979 3978 1740
19562 7838 2064 920 4028
19563 8297 6447 7026 6007
19564 7520 6130 7235 6798
19565 6444 2950 3462 5000
19566 8104 6020 7943 7155
19567 7407 5894 6494 6105
19568 5692 2969 3600 4654
19569 6851 2789 2793 1233
19570 7683 6486 7180 6332
19571 7333 2376 2377 1020
19572 8021 5998 7937 7270
19573 7126 5871 7118 6762
19574 6390 2564 6011 5956
19575 7785 3475 6758 5960
19576 6391 932 945 4039
19577 7580 5620 7315 6891
19578 5879 4220 500 3496
19579 8184 4476 8183 4768
19580 8224 5510 7949 6534
19581 7832 2533 3285 1098
19582 7228 680 6747 5955
19583 7227 1861 2784 1229
19584 6867 6132 6169 2372
19585 7610 6063 7271 5862
19586 7763 6386 7640 4936
19587 7647 5529 7596 5978
19588 7610 7061 7562 5696
19589 6589 3807 6083 3791
19590 7254 6044 6298 6003
19591 6817 136 6004 137
19592 5821 4312 3062 3047
19593 6396 3880 3804 1593
19594 6076 1547 3094 1362
19595 7273 6060 6529 5896
19596 6070 1840 3437 2645
19597 6706 1505 1251 3580
19598 7405 2468 474 5470
19599 7122 5012 6381 4594
19600 7187 5574 6302 5880
19601 7970 6561 7817 1305
19602 6925 5550 5942 5892
19603 7254 3968 6509 6298
19604 7282 4741 838 837
19605 6906 6284 6422 983
19606 8147 263 4113 262
19607 7524 1072 3349 3479
19608 6334 4621 557 4622
19609 7782 5388 6601 337
19610 8072 5711 7647 6475
19611 8256 7194 8186 1244
19612 6697 4406 5941 4886
19613 6940 4810 4512 2702
19614 8257 6209 7147 5681
19615 7397 5699 7024 6086
19616 7038 6148 6951 5789
19617 6802 5880 6238 6125
19618 7057 2219 6692 5789
19619 7213 5855 7071 6370
19620 8194 5495 8162 7788
19621 8255 6531 6853 3561
19622 6606 4860 6171 5037
19623 7237 2909 1297 3005
19624 7931 6465 7739 4484
19625 6662 5521 6277 5717
19626 6414 5985 6057 4134
19627 6388 1508 1872 3584
19628 7320 6070 6761 5983
19629 7668 5864 7377 7293
19630 6426 1034 3409 2243
19631 6233 2743 1210 1217
19632 7393 134 4237 2315
19633 8213 6268 7468 6318
19634 7733 6003 6794 6044
19635 7141 4405 6860 114
19636 7727 5927 7666 5629
19637 5904 3861 5217 5332
19638 6895 5837 6032 5986
19639 5798 4252 3378 2278
19640 7349 441 7300 440
19641 5739 830 5176 3098
19642 6880 743 742 5357
19643 8004 6110 7775 6979
19644 6412 5441 5433 2027
19645 7745 3730 6278 5889
19646 6083 1659 2255 3369
19647 5934 2356 1012 1013
19648 7878 6020 7342 5896
19649 8387 1605 6431 1604
19650 8051 1345 7693 3053
19651 7559 4037 5907 924
19652 6734 2426 2649 4862
19653 8222 4226 4265 2376
19654 7891 6469 6545 6095
19655 5890 3798 3918 1725
19656 8371 1958 1634 3699
19657 6293 4032 4626 5038
19658 8271 6142 7916 5918
19659 6587 2995 6012 4539
19660 6648 5525 5852 5685
19661 7072 4900 596 597
19662 7240 4638 711 4880
19663 7594 6317 6332 6080
19664 6603 5762 5867 3857
19665 8027 7097 7384 7127
19666 6696 4996 4324 2265
19667 6697 4886 587 588
19668 6146 3234 3228 4825
19669 7766 5520 7492 6339
19670 7797 2231 1655 3365
19671 6223 5624 5924 4620
19672 7409 641 4385 640
19673 5836 1381 3140 1379
19674 6974 526 4320 2604
19675 6812 4985 6698 2698
19676 7905 1472 7527 5995
19677 7264 2232 2231 4217
19678 7324 6436 7090 6179
19679 5829 2428 4250 707
19680 8151 6587 7131 7006
19681 7397 6086 6220 5699
19682 6439 2128 4142 554
19683 7210 2913 2914 1291
19684 7369 6040 7331 6427
19685 7812 5973 6334 5808
19686 6143 1387 5860 3330
19687 7182 6007 6693 5930
19688 7582 6118 6907 6058
19689 7707 6493 7564 7439
19690 7735 1114 1824 2542
19691 7057 2216 5923 4629
19692 7190 4453 6882 2545
19693 8008 6850 7309 6570
19694 7844 7460 7691 7364
19695 8379 7427 7456 6306
19696 6938 6116 6801 6151
19697 7529 4249 4951 198
19698 8170 6012 6587 3654
19699 7683 5482 7631 6332
19700 7354 6619 6971 5585
19701 8401 6624 7386 6028
19702 7378 4189 5122 2366
19703 7742 4992 5716 4225
19704 7046 617 652 5335
19705 7201 3347 6164 3277
19706 6138 3660 3329 4625
19707 7173 3965 3954 1688
19708 7810 7093 7512 6231
19709 7795 2369 5043 3292
19710 6011 2550 5956 1119
19711 8232 5496 8189 7211
19712 6841 3079 5001 819
19713 7395 5809 6891 5734
19714 6468 3765 1579 3766
19715 8065 6376 8033 5878
19716 7395 5734 6898 5518
19717 6616 6452 6514 5832
19718 8116 6304 6616 5609
19719 6734 2426 1837 2649
19720 7775 6110 7150 5659
19721 5838 1279 1285 2901
19722 7300 442 3231 441
19723 6729 4763 202 201
19724 7577 2831 1501 3572
19725 6776 2251 2387 1182
19726 7825 6469 6545 1506
19727 7061 5696 6464 5753
19728 7201 1441 6042 3346
19729 7020 2574 1470 3359
19730 7882 2242 692 2245
19731 5961 2543 1824 1114
19732 7366 6458 6600 5594
19733 6621 200 5547 4995
19734 7987 6208 7557 5501
19735 7529 4949 2424 2423
19736 6675 292 6320 291
19737 7206 4935 6738 5821
19738 8343 6043 6760 6418
19739 5740 4718 5673 4563
19740 7520 1878 6249 2891
19741 5913 4358 777 778
19742 6848 941 4076 4081
19743 6369 302 6201 301
19744 7573 6463 7082 6361
19745 8023 6493 7108 6538
19746 7719 5341 3786 3787
19747 7251 1846 2692 1189
19748 8250 5983 6490 6314
19749 7843 1057 7001 6433
19750 6278 1626 1627 3684
19751 7606 252 5185 3537
19752 6470 4662 4498 2455
19753 7332 6034 7204 6162
19754 6235 4001 1748 1985
19755 8316 3211 8221 6914
19756 6637 5829 5881 5683
19757 6442 4284 5091 2674
19758 6649 4213 6511 797
19759 7921 6277 6422 6284
19760 5888 3121 1904 3032
19761 7605 2479 4943 4588
19762 6562 1237 2799 1243
19763 8234 6338 6773 6502
19764 5569 2277 2267 1808
19765 6278 1956 1649 3730
19766 7361 1547 1362 3184
19767 8094 1901 7335 6598
19768 6752 3983 1750 4004
19769 7137 3708 3733 5111
19770 5848 678 5267 679
19771 6672 2230 1595 2228
19772 6305 2195 2179 1055
19773 6178 5972 6084 4173
19774 5687 2390 5008 4255
19775 7285 5911 7117 5484
19776 6018 2257 4258 4915
19777 7349 3151 440 4706
19778 5820 3732 5599 1670
19779 7658 6409 7509 2980
19780 6666 5888 6107 5559
19781 7907 247 7502 248
19782 6497 4632 3690 4666
19783 8280 3931 7936 6612
19784 7629 5527 7136 6225
19785 7800 1190 2693 3298
19786 7561 5512 7505 5547
19787 7710 7123 7581 6633
19788 5796 1890 2931 2964
19789 7535 125 4891 4403
19790 6857 5500 6173 6073
19791 7565 2308 6269 2235
19792 6365 4285 2770 645
19793 6681 454 4270 5018
19794 6634 1416 5895 1927
19795 8122 3824 7364 3825
19796 7366 2355 6600 2379
19797 7064 2522 6141 1813
19798 7773 4875 6032 3512
19799 8347 7165 7308 5948
19800 7329 1996 5444 970
19801 6761 1159 6714 1481
19802 7306 5361 750 749
19803 8119 6536 7130 6111
19804 6706 338 6036 4745
19805 8008 5756 6918 5826
19806 6760 5494 6418 6043
19807 5887 2683 2605 4650
19808 6241 5596 6007 5930
19809 7712 1152 2611 2644
19810 7385 230 6212 229
19811 6133 4255 3421 2390
19812 6610 1083 5677 1807
19813 6554 4574 846 4833
19814 8107 4042 931 925
19815 7470 5648 7181 5519
19816 8076 1570 1426 3679
19817 7775 5659 6979 6110
19818 8054 5534 6275 6105
19819 7234 6586 6775 5219
19820 5675 4635 4479 3737
19821 8337 7945 8246 5723
19822 7085 5537 6954 6660
19823 6637 1613 3370 2263
19824 6882 4209 6033 505
19825 7135 6330 6730 6126
19826 6979 2191 6416 2169
19827 6529 4940 816 4872
19828 7331 6319 6427 6114
19829 7993 5667 6657 5933
19830 8111 3354 4411 66
19831 7804 6591 6815 5522
19832 5904 3911 3861 5332
19833 7231 6958 6981 6384
19834 7426 6602 7414 6797
19835 6917 5654 6886 1469
19836 7360 1879 7128 3456
19837 6604 864 6533 4288
19838 5996 2626 2631 540
19839 6322 4789 3263 3021
19840 5997 4281 5739 3116
19841 7249 5479 6830 5910
19842 6944 5714 6619 5556
19843 6102 5702 5856 4746
19844 7566 5308 7160 6487
19845 7954 5969 6311 5760
19846 7629 6505 7213 5527
19847 6336 5704 6103 5813
19848 7166 5676 7120 6897
19849 7249 6713 6960 5479
19850 6097 1433 5884 3189
19851 6218 3222 82 83
19852 6981 1887 3024 2926
19853 7400 5960 6485 5824
19854 8053 5858 7355 6140
19855 8134 5775 7113 6833
19856 6583 4616 2600 4873
19857 5890 3918 5289 5474
19858 7835 6057 6414 5983
19859 8060 7144 7454 6779
19860 7417 7136 7181 5648
19861 7149 5362 628 5342
19862 7772 88 89 4964
19863 7161 5543 6388 5769
19864 7485 1120 6167 3437
19865 7303 3286 3171 4946
19866 7353 5671 7288 6427
19867 5867 1981 1731 3859
19868 8327 3392 1693 3391
19869 6438 1498 2778 1226
19870 7189 3727 5810 3734
19871 7530 6367 7209 6686
19872 5692 3600 2882 5081
19873 7346 5922 6123 5698
19874 7947 2593 7493 5967
19875 6636 5846 6331 6305
19876 8232 7722 7984 6248
19877 6230 132 5274 4237
19878 7348 4817 5022 406
19879 8182 4801 7413 5557
19880 7134 4649 3719 3717
19881 6283 3769 5329 5336
19882 6601 5910 5957 5571
19883 6634 1418 3231 3238
19884 7688 4467 2494 2459
19885 6649 4321 6259 795
19886 6385 5106 3316 3314
19887 5624 4620 4679 5121
19888 6661 5671 5937 5524
19889 7925 75 6470 76
19890 7134 5938 6700 5971
19891 7289 5752 6821 6428
19892 7020 3359 1470 3287
19893 7631 5482 6945 6523
19894 7523 2362 5162 3397
19895 7902 4118 6425 6229
19896 6718 3555 6442 6246
19897 7834 6197 7797 6559
19898 7058 2117 7031 1001
19899 6675 291 6320 5658
19900 6001 1008 1006 2124
19901 8304 3066 6353 3154
19902 8068 4507 7280 74
19903 7774 4777 6629 6136
19904 7629 5576 5786 5648
19905 8235 4141 8075 568
19906 7186 2313 530 4619
19907 7651 6108 7591 7359
19908 7186 3368 7064 1454
19909 6686 6159 6602 5729
19910 7512 6461 7259 5704
19911 6894 6536 6865 3935
19912 6023 2233 5198 5462
19913 8132 2781 7415 1215
19914 7714 6903 7197 6006
19915 6225 2702 1194 2614
19916 7775 3427 7150 1801
19917 6274 195 4659 196
19918 7922 5668 5804 571
19919 7684 6757 7289 6257
19920 7991 4116 4120 2107
19921 6446 3489 1453 3488
19922 7708 2702 6940 4512
19923 6051 3518 2382 4402
19924 7032 778 5913 777
19925 8205 1431 3256 1932
19926 7617 6005 6211 5319
19927 6594 5742 5943 5519
19928 7431 5517 6108 6046
19929 6279 4062 5433 4524
19930 7056 1747 1988 3982
19931 5574 187 4558 2829
19932 7241 3845 6313 3842
19933 6401 381 380 5060
19934 6412 5441 6407 2061
19935 6261 1044 5887 2167
19936 7405 4467 4555 475
19937 5985 2146 1023 1022
19938 6438 1221 5959 3568
19939 7732 5496 6709 5521
19940 6238 2405 4491 4868
19941 6862 2031 5432 5438
19942 7223 5538 7147 5502
19943 7744 1620 2274 2275
19944 7919 5827 6555 209
19945 7849 5666 7686 5997
19946 6678 770 2925 4778
19947 7841 5738 6148 5690
19948 6899 5966 6660 5635
19949 6634 1416 1927 3226
19950 6634 1927 5895 5733
19951 6426 1023 5985 2146
19952 6093 5294 5266 2034
19953 8300 5600 6798 5555
19954 7075 366 4823 367
19955 8271 6244 7813 7812
19956 6662 5521 5717 4931
19957 6120 2998 4336 2877
19958 7578 6900 7344 5874
19959 7728 6525 7203 6109
19960 6371 3485 1450 1449
19961 7415 5483 6935 6279
19962 7902 2099 7759 2102
19963 6761 5568 6757 5974
19964 6433 4387 3431 720
19965 7206 5853 6738 6022
19966 7192 1698 3932 3940
19967 7214 5491 6517 5503
19968 6887 584 6688 6275
19969 7740 4105 2094 2091
19970 7577 6586 6775 5746
19971 8295 6343 7833 6195
19972 6438 3447 2767 1860
19973 6462 1348 3059 1908
19974 7157 5857 6024 3912
19975 7412 2360 1830 1131
19976 7000 5851 6287 5704
19977 8023 6611 7139 6493
19978 7388 3727 6723 1647
19979 7896 2584 7250 1206
19980 6685 134 6004 4308
19981 6603 6487 6533 5204
19982 7606 6082 7110 6027
19983 7207 5586 7034 6926
19984 7751 6445 6514 4493
19985 7804 6591 7181 7071
19986 7180 6332 6503 6067
19987 7160 859 5021 860
19988 7825 3307 5957 4322
19989 7917 5980 6851 6067
19990 7899 7367 7456 6306
19991 6940 4512 5972 656
19992 8308 5844 6538 6028
19993 6914 5611 6176 5669
19994 6505 1850 1197 2704
19995 8129 6251 6746 6003
19996 6896 5512 6729 5687
19997 6702 426 4392 427
19998 7687 6014 7010 6677
19999 7055 3960 5374 5390
20000 6354 4969 4242 2562
20001 6734 4519 6616 4038
20002 7638 5784 6912 5549
20003 7511 5533 6928 6126
20004 6397 3604 1894 2951
20005 7760 1171 1155 2655
20006 7417 5576 7136 5648
20007 7489 5876 6949 6370
20008 7858 6615 7747 7379
20009 5745 2471 507 5138
20010 6707 5506 5929 1144
20011 7895 5721 7086 6210
20012 5677 1073 2466 1083
20013 6617 335 2827 4759
20014 6761 5983 6757 5568
20015 6396 5347 3804 3880
20016 6417 1458 2546 3497
20017 6062 417 4355 418
20018 7655 870 4261 5124
20019 7446 4875 275 4903
20020 7247 4271 6123 5099
20021 7378 324 323 5146
20022 7777 1234 6935 6279
20023 8104 6599 7288 7155
20024 7933 6107 6658 6434
20025 7462 1032 3341 1795
20026 7514 6088 7453 6728
20027 7210 1885 2910 1297
20028 7213 5576 6532 5786
20029 5656 1537 3322 3620
20030 7569 4384 3343 464
20031 7685 6372 7284 6572
20032 7569 3345 6703 5960
20033 7685 6725 7448 7284
20034 6590 2452 6418 1005
20035 7777 3448 1862 1503
20036 6939 2607 5804 570
20037 7560 6104 7302 5701
20038 6419 2553 3510 5085
20039 7903 6494 7407 6183
20040 5573 1201 2717 2712
20041 5933 1114 2516 1098
20042 6882 504 6033 5136
20043 7388 3757 3763 1646
20044 7135 2672 2684 4744
20045 7990 6442 7391 5777
20046 7141 112 4989 113
20047 7115 5711 6475 5499
20048 7933 1339 6658 6518
20049 6811 90 5025 91
20050 8405 5417 8382 5411
20051 6974 525 4912 526
20052 6845 4375 4892 2797
20053 8170 434 3490 5222
20054 7765 512 4552 511
20055 7134 750 3719 4649
20056 8115 2848 4338 2884
20057 8352 5084 7262 637
20058 7253 3469 1548 3638
20059 5898 4364 4782 377
20060 5898 4836 4704 376
20061 6074 2437 5511 4469
20062 7960 7666 7673 6831
20063 6952 6086 6288 5981
20064 7626 1296 5636 1307
20065 8279 6403 7872 5907
20066 7784 5793 6764 6444
20067 8086 5996 7737 7608
20068 7497 5793 6816 6156
20069 7141 113 4989 4405
20070 7592 7427 7456 7421
20071 7613 5320 7490 6899
20072 7903 1598 6269 2308
20073 8040 5950 7780 6624
20074 7424 6894 7051 5858
20075 6089 1662 3371 1953
20076 7635 6255 6804 5830
20077 8097 5634 7472 7220
20078 6613 2796 2818 4823
20079 7504 7008 7399 6665
20080 7465 6786 7203 7127
20081 7630 634 6704 635
20082 6621 2896 1285 1283
20083 7688 2459 2468 4467
20084 7976 5385 6310 349
20085 7190 4310 502 503
20086 6334 5808 5973 558
20087 7853 6557 7804 6547
20088 7031 5653 6321 5680
20089 7465 5769 5993 5543
20090 6712 1448 3483 3484
20091 6458 1139 2583 1827
20092 6974 2604 2603 525
20093 8124 1551 6558 6515
20094 7081 6392 6926 5608
20095 7305 6190 6499 5513
20096 7188 3299 7089 1407
20097 7483 6664 7037 6377
20098 7779 218 7750 5415
20099 7522 825 5110 824
20100 7610 6258 7271 7030
20101 6685 1221 5959 2773
20102 5940 5304 3847 3921
20103 13 4016 4799 4326
20104 6272 3185 5591 1395
20105 5923 4629 2216 3358
20106 8368 6870 8141 6785
20107 7199 1991 1772 3973
20108 7959 7367 7883 5926
20109 6394 1034 1024 3409
20110 6686 6162 6602 6034
20111 7732 6315 7211 6480
20112 7443 591 2211 2210
20113 7626 6816 6971 5636
20114 8128 6214 7180 6851
20115 6391 4044 6385 4039
20116 7610 6258 6967 6582
20117 6373 1456 5754 1816
20118 7781 420 6466 5828
20119 6988 6891 6898 5518
20120 6536 3935 331 3944
20121 8156 484 7829 6147
20122 7718 5661 7175 7011
20123 5818 1660 1612 2310
20124 6319 806 807 5116
20125 7493 1489 2643 3553
20126 7730 5722 5790 5594
20127 5956 2557 1125 1119
20128 6545 1506 6469 2927
20129 7538 6085 6405 6393
20130 6758 4383 5250 462
20131 6753 1989 3418 1764
20132 8311 6452 6616 5455
20133 5971 751 3720 750
20134 7810 2275 7744 2274
20135 7538 6107 6546 5888
20136 8157 3440 990 1000
20137 6093 3907 5266 3820
20138 7388 6440 6723 5810
20139 7907 7474 7502 247
20140 8179 5806 7135 5753
20141 5782 4300 672 671
20142 6442 5004 3555 2628
20143 6091 5179 2023 5212
20144 7156 5603 5772 5670
20145 7736 2548 1819 1459
20146 6703 5834 6471 3267
20147 6775 1238 6203 5958
20148 6938 3145 1350 3065
20149 5678 1519 1288 2908
20150 7294 5012 123 5457
20151 5915 4527 4821 2809
20152 6242 5721 6210 6021
20153 6977 5801 6597 6173
20154 6841 5900 5914 819
20155 5872 570 571 4157
20156 5738 2365 5120 601
20157 6301 5257 607 606
20158 6412 4770 5433 2061
20159 8220 6080 6483 4993
20160 6629 5585 6136 5774
20161 6573 4824 4501 3229
20162 6433 2447 3431 4387
20163 7693 1314 6391 3054
20164 5645 1366 1914 3104
20165 5789 1590 3773 1944
20166 7425 7288 7351 7068
20167 7416 4454 3131 3653
20168 7157 4091 6848 5857
20169 7176 6611 7175 6823
20170 7108 6493 6611 6538
20171 7587 3587 1509 1272
20172 6551 4717 3204 3130
20173 7494 1867 2903 1287
20174 7491 2674 1209 1858
20175 7058 2117 1001 2087
20176 8377 3679 7042 4883
20177 7402 1000 7058 3384
20178 6821 6428 6691 5990
20179 6798 2891 6249 1281
20180 6093 3820 1710 3907
20181 6365 4285 645 646
20182 6093 3907 2005 5266
20183 6470 2429 2666 75
20184 5695 1605 1949 3787
20185 7748 6019 7032 5845
20186 6642 6132 6437 3517
20187 7984 4099 7962 273
20188 7613 5635 6899 5868
20189 6604 3472 6289 5190
20190 6870 5580 6793 6765
20191 7719 730 3786 5341
20192 7153 1226 3570 3571
20193 8273 5126 6649 6511
20194 6573 1417 5952 3236
20195 7403 944 1994 929
20196 7164 2262 3167 1389
20197 7245 5899 6524 5567
20198 7240 713 6287 712
20199 8389 6770 8359 8283
20200 6282 3986 4005 1755
20201 7624 6383 7415 7107
20202 8009 6262 7077 5848
20203 6679 4847 6464 159
20204 7378 2370 2367 5122
20205 5902 2330 2324 1003
20206 6539 3006 1327 3012
20207 7577 4201 6883 4459
20208 7461 5767 6528 6479
20209 5923 1651 2304 3358
20210 7606 4566 3537 2637
20211 7268 5743 5820 3706
20212 6120 1532 6037 2877
20213 8117 5163 6705 2955
20214 7913 5732 7604 5783
20215 6663 3696 3698 1633
20216 6519 2919 2913 1293
20217 7092 5664 5749 4999
20218 7868 1839 7837 2618
20219 7896 6123 6503 6486
20220 8026 6844 7588 7041
20221 6822 2352 4245 2354
20222 8057 6320 7558 6721
20223 7862 2223 5969 4599
20224 7103 686 6774 5139
20225 7839 5667 6476 5933
20226 6768 5969 6311 5579
20227 8231 3478 6929 3476
20228 8043 2102 7759 982
20229 7780 1814 7100 1109
20230 6775 6203 6465 5535
20231 7053 484 6154 483
20232 6285 5125 4292 3207
20233 8059 5590 7040 6348
20234 6591 5519 6375 5676
20235 7598 6874 7166 6591
20236 6528 5705 6371 5575
20237 5639 2881 1276 3590
20238 6245 2004 2014 4031
20239 7993 5884 6135 5730
20240 6717 6124 6361 6236
20241 6022 5710 5853 5514
20242 6968 3574 6811 90
20243 7263 3802 5355 5346
20244 8276 6092 7349 7300
20245 6394 3410 3445 1035
20246 7691 4529 6434 3061
20247 7822 1987 1754 2413
20248 7914 2732 5967 5104
20249 7012 836 5991 3122
20250 6509 3971 3934 1705
20251 6962 766 4841 4489
20252 7795 4848 5808 5090
20253 7447 6331 6727 6400
20254 7492 5713 6760 5494
20255 7529 199 5838 5547
20256 7388 5810 6723 3727
20257 7591 5517 7323 6134
20258 7554 5628 6189 6188
20259 8320 210 7919 211
20260 7958 7328 7813 6244
20261 7136 5527 7071 6375
20262 6805 833 4454 5463
20263 6635 443 444 4827
20264 6651 5704 6287 6231
20265 6520 5097 6206 4221
20266 7417 7071 7213 5855
20267 6156 3462 2976 412
20268 7565 4472 6970 6328
20269 8134 7116 7165 7113
20270 6293 2012 5038 3648
20271 6972 5225 4043 3930
20272 7466 5959 6438 2767
20273 7330 2373 6041 3398
20274 8300 5901 6948 6798
20275 6472 2555 4315 3502
20276 6065 2077 5961 4024
20277 7454 5483 7318 6905
20278 7931 2406 7609 6551
20279 6000 5710 5932 5747
20280 6571 2301 1090 2505
20281 7376 4012 4045 890
20282 7720 1584 2209 1585
20283 7378 5498 6075 5861
20284 6179 3557 4304 169
20285 6179 3557 6063 5959
20286 6672 4218 6101 2230
20287 7378 5122 323 324
20288 7516 48 4297 4858
20289 7943 7273 7866 6529
20290 7781 4828 6466 420
20291 7085 6660 6954 4278
20292 8411 6162 8403 5729
20293 8246 5847 6933 4009
20294 6100 1185 5806 2680
20295 6223 312 5924 2350
20296 7244 3985 1753 1754
20297 6867 2363 1111 1132
20298 6845 4375 2793 53
20299 6603 863 864 3852
20300 6621 200 4995 2908
20301 7772 4885 5109 88
20302 7164 3167 5860 1387
20303 6845 2797 2793 4375
20304 6637 3370 6209 4690
20305 6603 3857 6289 5762
20306 7378 4189 323 5122
20307 7968 6493 7139 6611
20308 6610 1083 1807 2487
20309 6841 2961 6737 818
20310 7008 6648 6985 6078
20311 6632 1851 2712 2701
20312 6298 5371 5392 360
20313 8142 5937 8044 5954
20314 8070 4366 96 95
20315 7633 6578 7574 6235
20316 6698 4985 5949 4360
20317 7066 5776 5938 5716
20318 8233 5502 7019 5766
20319 6779 2072 2000 967
20320 5711 4653 188 189
20321 6279 4054 2017 4062
20322 8214 6233 8084 6711
20323 6305 1038 1068 2184
20324 7768 6205 7044 3183
20325 6821 6054 6691 6428
20326 7956 5990 7117 5546
20327 7882 2242 6569 4826
20328 2009 14 5106 4040
20329 7465 5543 6525 5533
20330 5979 5507 5772 5603
20331 7918 544 4590 5178
20332 8034 5703 6549 6101
20333 8169 769 7959 6497
20334 6583 4580 6476 4500
20335 8388 4952 194 4337
20336 8294 5488 7526 6351
20337 7619 3849 7095 6487
20338 7163 4937 2340 4678
20339 6412 5483 6383 6279
20340 6358 2078 5763 973
20341 7290 6543 6684 6013
20342 6649 795 4441 3016
20343 6318 1030 3406 1792
20344 7295 5522 7004 6857
20345 7686 4353 5997 827
20346 7486 4334 6376 5906
20347 8280 6612 7936 6386
20348 6601 338 337 5388
20349 8109 4627 6750 6481
20350 8004 2188 7775 1801
20351 6475 190 3417 4653
20352 5656 1321 3322 1899
20353 8078 5646 7074 6084
20354 7303 3179 6232 1398
20355 8397 5587 6163 5639
20356 6811 4698 93 92
20357 8119 6830 7130 6150
20358 7118 6573 6620 6146
20359 6521 2711 6505 2710
20360 8004 2186 4180 4179
20361 8064 7831 7979 786
20362 8004 4179 7847 4182
20363 8004 6979 7847 6110
20364 8004 2186 7775 7661
20365 7489 7299 7407 6903
20366 6261 2168 2166 1043
20367 7329 2003 1996 970
20368 7939 6173 6977 6597
20369 6618 4990 6062 3182
20370 6164 3277 3347 5156
20371 7602 5730 7524 7193
20372 6581 1426 3245 3247
20373 7272 4234 4233 317
20374 8012 6915 7246 5657
20375 7447 4386 6727 4460
20376 7619 5940 6937 5581
20377 6315 5626 6170 5986
20378 5794 1997 956 953
20379 7080 3200 1403 3473
20380 6472 1453 6446 2555
20381 6466 422 421 5026
20382 6739 2855 5993 3583
20383 7103 2179 6366 6305
20384 6818 5645 5649 5615
20385 7614 998 6267 1781
20386 6825 3751 6204 5716
20387 7565 6269 6328 6023
20388 7773 4116 4123 276
20389 7157 2063 2029 4094
20390 6164 2229 3277 4410
20391 8162 7071 7804 6370
20392 7926 4080 6808 951
20393 7784 5850 6596 3157
20394 7874 6350 7290 5668
20395 7697 2984 7090 170
20396 8395 7028 7682 6710
20397 7926 2025 7312 4080
20398 7477 5194 867 4296
20399 5800 2921 1295 3117
20400 7162 539 5211 3499
20401 7187 5711 6302 5574
20402 7896 1206 7250 6503
20403 7408 5497 7126 6389
20404 7587 3587 2872 4936
20405 7621 5206 6376 396
20406 7743 4441 6649 3011
20407 8318 6844 7945 7826
20408 7662 5079 7141 2622
20409 7250 4858 6516 2729
20410 7883 6781 7276 5577
20411 6498 2307 1459 1116
20412 8287 2246 4746 694
20413 7805 6807 7007 5992
20414 7632 946 6412 937
20415 6508 1701 3970 1700
20416 8031 5737 7025 6063
20417 7923 6611 7139 5484
20418 7668 7293 7560 6786
20419 7972 5609 7646 2634
20420 7799 5518 7673 5602
20421 8114 5442 5446 2040
20422 8190 4829 7265 180
20423 7667 7534 7586 7299
20424 7784 4538 6444 411
20425 6205 3294 57 4843
20426 7712 1478 6858 1166
20427 8039 5569 7920 5706
20428 7786 3230 7002 478
20429 8055 6239 7191 6219
20430 6272 4032 2073 4626
20431 7819 2669 1179 2501
20432 7628 1005 6590 6418
20433 6267 998 2114 2113
20434 7414 6159 6797 6602
20435 6848 5857 5988 5781
20436 8187 6818 7350 5554
20437 7294 123 4976 124
20438 6883 174 175 4432
20439 6255 5608 5754 5731
20440 7283 1061 7150 3426
20441 7257 3315 3596 4742
20442 7758 5815 6285 5905
20443 8207 1146 8007 1833
20444 7103 687 4586 688
20445 8082 3654 3490 1555
20446 8004 4182 7847 6979
20447 8178 5977 7707 5767
20448 8004 1801 2186 2188
20449 7162 6498 6961 6299
20450 6983 5076 52 2789
20451 6449 3191 3468 1335
20452 7895 5855 7417 6478
20453 7253 3104 5645 4430
20454 8229 6543 6585 6013
20455 7063 1800 1046 2170
20456 5828 420 4633 4815
20457 6904 3517 518 519
20458 7572 6479 6680 6655
20459 7147 5539 6589 5818
20460 7404 3197 3667 5167
20461 8246 6049 7007 5839
20462 7961 6608 6640 5944
20463 8237 5341 7719 3787
20464 6791 5670 5772 5603
20465 6998 3910 5877 5291
20466 8201 375 6395 3604
20467 6358 5549 6252 5633
20468 7930 1271 7698 7039
20469 6519 3136 1293 1378
20470 6940 4810 5972 4512
20471 6682 2730 1193 2731
20472 7746 1356 6854 6241
20473 6782 5884 6130 5516
20474 7431 5517 7421 7323
20475 8384 7026 8190 7304
20476 6708 4561 70 3631
20477 7333 1794 6814 5872
20478 7873 239 238 5421
20479 7579 909 6420 4093
20480 7751 4493 2648 2632
20481 6248 4969 6032 274
20482 7312 936 5670 4080
20483 6640 2254 4802 2253
20484 6931 6576 6929 5622
20485 6906 2296 6726 5946
20486 7510 4241 7140 2338
20487 7514 4988 6872 4372
20488 8032 5030 7869 7317
20489 7249 6746 6960 6713
20490 7138 6277 6425 6284
20491 7516 49 50 3563
20492 7442 2701 6632 2712
20493 7526 1756 1755 2418
20494 6407 967 2061 5441
20495 7417 5576 6478 5855
20496 8064 6160 7979 7831
20497 7125 4077 5904 5440
20498 6200 3072 3599 1892
20499 5716 4225 5049 3712
20500 7789 7269 7753 5656
20501 6583 5667 6476 5976
20502 7986 6767 7517 6312
20503 7695 4066 6347 4088
20504 7070 6830 6960 5479
20505 8208 6007 7441 6763
20506 8135 6855 7633 6752
20507 6438 3568 5959 5651
20508 8212 5740 7965 7191
20509 7277 5238 7046 652
20510 7621 5615 7567 3639
20511 7965 6673 7191 6219
20512 8303 5325 7755 3780
20513 6544 1027 2150 2134
20514 7221 6283 6512 6189
20515 7119 2565 6011 1128
20516 7385 230 231 4378
20517 5867 3859 1732 1981
20518 6880 4672 742 743
20519 7915 5591 7571 7044
20520 7462 6814 7394 5872
20521 17 2971 4044 16
20522 8081 6326 6732 4550
20523 7329 2076 7193 1996
20524 7377 2906 5678 1519
20525 6471 3342 1574 3271
20526 8070 5947 8021 6827
20527 7 4064 4564 4052
20528 6083 1951 1611 2256
20529 6628 5298 3916 3838
20530 6072 2747 632 633
20531 6473 2417 5246 2635
20532 7877 5532 7281 5815
20533 7329 5444 6135 6065
20534 7814 2122 7371 4146
20535 8411 5946 6982 5729
20536 8272 7975 8051 1552
20537 7871 6664 7761 7147
20538 7760 2469 2393 1155
20539 8296 1390 7164 6324
20540 7469 1073 5677 1083
20541 6879 3158 4425 3165
20542 7801 3932 7192 1699
20543 8328 7320 8250 5974
20544 8160 7278 7532 5632
20545 7287 2819 148 2816
20546 7164 1390 2262 1389
20547 8116 2634 7646 5609
20548 5106 4326 4040 14
20549 7947 6874 7598 7493
20550 7580 5563 6129 5736
20551 6711 2615 2741 4979
20552 7322 3333 4732 3680
20553 6884 4086 942 4087
20554 8093 2894 8081 6920
20555 7238 1211 6893 2724
20556 8238 4617 4950 748
20557 6472 1460 5916 1122
20558 6347 4082 2022 2020
20559 6779 2000 6407 967
20560 8060 962 946 2050
20561 7920 6357 7021 5579
20562 7194 5915 6732 5805
20563 8344 6856 6919 251
20564 7380 6062 6618 6216
20565 7190 4310 503 3500
20566 6936 3315 5103 2856
20567 7474 5422 7236 3996
20568 6643 5567 6317 5597
20569 7267 964 953 2055
20570 7157 5781 6998 3902
20571 6172 3120 3619 5145
20572 7608 6299 7139 5697
20573 6512 626 5329 5351
20574 7539 753 6899 3810
20575 7795 5808 6886 5090
20576 8230 5152 6919 2636
20577 7720 1585 2209 2210
20578 7471 6633 6948 5516
20579 7840 6715 7499 1710
20580 6417 5754 6373 1456
20581 7692 6764 7497 6156
20582 8026 6578 7232 6844
20583 6218 3222 4923 82
20584 7316 1760 7033 3990
20585 8101 2435 4260 2639
20586 8376 4270 8205 6681
20587 7841 4981 6318 5660
20588 8355 1365 8082 7088
20589 6992 484 6154 6147
20590 5835 1432 3259 3252
20591 7254 3933 5392 5371
20592 6503 5112 6411 4294
20593 8083 1646 7536 1645
20594 6969 4172 2189 2175
20595 6959 6087 6448 5811
20596 6443 5092 2529 2536
20597 6526 4556 5991 5465
20598 6319 5116 4438 3035
20599 6486 6080 6332 5825
20600 6682 5676 6512 6283
20601 6812 1486 3548 2698
20602 7348 5783 7237 6081
20603 7677 5608 6255 5931
20604 6416 1802 6316 1063
20605 5886 5216 726 725
20606 6612 3937 1970 1691
20607 6545 2839 5957 3307
20608 7180 6851 6925 5980
20609 6680 5575 6479 6399
20610 6825 3744 1672 1641
20611 6693 179 143 4513
20612 8036 5800 6561 5657
20613 6550 2684 2681 156
20614 5517 3034 1536 3618
20615 7189 5889 6723 6646
20616 7015 735 734 5338
20617 7600 6107 6666 6546
20618 7553 6420 6765 6270
20619 7795 1143 3292 1469
20620 7335 6598 7090 6631
20621 7107 2751 6090 5812
20622 7443 4482 4471 591
20623 4652 15 4044 16
20624 8152 6622 7007 6844
20625 6589 738 5353 3807
20626 7237 4548 6990 4787
20627 6849 4664 342 343
20628 7467 1799 1059 2172
20629 8337 5723 8246 6933
20630 7873 6217 6810 5790
20631 6353 4863 3154 3066
20632 7510 5897 6122 5883
20633 7762 6740 6822 6056
20634 8142 5671 8044 5937
20635 7365 5323 7149 5362
20636 7268 4967 5743 3705
20637 8413 5865 6638 6017
20638 6155 281 6051 2382
20639 945 4047 1993 17
20640 8032 5030 4371 3181
20641 7711 6331 6852 5542
20642 8282 7602 8277 2038
20643 7430 6627 7405 6193
20644 7070 5805 6960 6830
20645 8352 6073 8084 6718
20646 6751 5375 357 356
20647 7628 1788 6590 1005
20648 7661 1061 2185 2186
20649 7002 4756 6584 6357
20650 7955 5489 7716 6725
20651 6909 2286 5729 2280
20652 8190 4515 4829 180
20653 7001 1057 1804 2447
20654 6024 1713 1714 3827
20655 6691 556 2130 4153
20656 7520 2878 4339 2891
20657 7508 4867 621 622
20658 5740 115 116 4711
20659 6906 980 2288 2296
20660 5740 3177 2361 114
20661 6886 5654 6334 5808
20662 7121 2199 6275 2200
20663 7 4052 4564 4850
20664 6571 5999 6071 5715
20665 7910 6259 7388 3757
20666 7052 6888 6912 5531
20667 7927 5579 7923 7176
20668 7019 3789 3790 736
20669 6861 5386 345 344
20670 7640 4936 6386 347
20671 7532 5612 6363 5865
20672 7425 5671 7288 7068
20673 8099 710 6696 5735
20674 6927 1213 2747 1855
20675 5838 199 4341 4995
20676 7298 356 4344 2890
20677 7031 1785 5680 5511
20678 8189 6488 7243 7211
20679 8159 6575 7705 7505
20680 8337 5723 6933 5566
20681 8226 5864 7377 6609
20682 6371 2520 4973 3485
20683 7253 1548 1366 3638
20684 7381 1253 2828 3578
20685 7089 1407 3299 3668
20686 7839 5933 6657 5667
20687 8125 7246 8012 6737
20688 7035 6576 6976 5700
20689 6511 5128 3736 3731
20690 6955 4642 5584 823
20691 7395 5734 7065 6131
20692 8159 6217 7705 6297
20693 6820 3823 3819 5256
20694 6645 4325 207 4259
20695 7540 5710 6000 5747
20696 7999 369 370 4772
20697 6852 5846 6187 6078
20698 8338 6918 7657 7003
20699 6979 2169 6416 5659
20700 7119 2566 1129 1128
20701 6739 5769 6388 5543
20702 7514 5970 6872 422
20703 6858 4210 6588 4417
20704 6484 3994 5399 242
20705 6143 3330 1559 1560
20706 6324 1390 5564 3172
20707 6347 2020 4066 4085
20708 7312 5670 6791 5481
20709 7821 2389 2424 4249
20710 6708 3620 4561 3033
20711 6432 4960 5354 636
20712 7559 968 4018 2074
20713 7636 6185 6767 6312
20714 7555 6775 6966 5535
20715 6607 4661 6310 350
20716 7283 1060 1061 3426
20717 6906 6694 6726 5561
20718 6558 5644 5997 5741
20719 7195 5491 6802 6578
20720 6407 2817 3577 4770
20721 6627 1085 6166 1070
20722 7251 2692 6483 4760
20723 6213 5045 381 382
20724 6628 5710 5747 1978
20725 7457 6362 7099 6300
20726 6546 4814 3037 3026
20727 6907 3008 6290 3013
20728 7791 5063 2862 2850
20729 8352 638 7593 5031
20730 7359 2917 1294 1292
20731 6356 2838 6095 4704
20732 6385 2000 2009 4040
20733 7790 1050 6103 5925
20734 7254 3936 1703 3933
20735 7803 956 5794 1997
20736 8262 5814 7018 6902
20737 7619 1727 6487 1728
20738 8238 4617 7134 5938
20739 7784 3157 6596 4675
20740 7501 726 6196 5886
20741 7651 765 6962 766
20742 5972 2614 5691 4751
20743 7060 5536 6553 5860
20744 8026 7041 7588 6374
20745 6858 4210 2610 2450
20746 8109 6008 7616 6230
20747 5677 2466 2488 1083
20748 6968 2792 1864 1236
20749 8239 7050 7414 6139
20750 7392 5610 6850 6713
20751 8008 5756 7762 7129
20752 7501 4835 6625 691
20753 7466 4286 4304 2677
20754 8312 2194 7001 1066
20755 7400 6773 7395 5824
20756 6948 6130 6798 5901
20757 7678 7016 7455 5509
20758 6645 4325 6631 3003
20759 6399 2289 6371 3280
20760 7801 3962 7192 3932
20761 7694 6560 7544 5570
20762 7745 3688 6956 3686
20763 7626 2950 1312 1894
20764 17 4044 4047 16
20765 18 19 4013 4311
20766 7590 2843 1870 1256
20767 7632 2036 938 4079
20768 7312 4075 7125 5670
20769 7791 2862 6901 2922
20770 7936 7173 7659 5560
20771 5810 3727 4413 4194
20772 5866 2928 5774 5636
20773 7143 2462 1099 1071
20774 7520 6249 6798 2891
20775 6482 3010 5636 1296
20776 7671 5720 7485 6263
20777 6816 5783 6482 5793
20778 5661 4809 2460 2457
20779 7889 6303 7577 6883
20780 8080 1423 7247 6659
20781 7442 6375 6877 5573
20782 6379 3239 3337 5075
20783 6848 4082 6454 6347
20784 8271 5849 6892 6268
20785 8006 1105 1107 2532
20786 7047 533 4299 534
20787 7633 5505 6855 5631
20788 6847 4735 3045 3195
20789 7522 4395 5741 826
20790 8218 5545 7657 5663
20791 7792 6386 6861 5560
20792 5919 5817 5834 4380
20793 7383 2544 986 2297
20794 6776 2665 1844 1177
20795 8056 5568 6757 5983
20796 7798 5822 7099 5682
20797 6416 2191 1802 1063
20798 6836 4939 3598 3020
20799 6429 840 6405 5262
20800 7596 6489 7154 5931
20801 7626 1307 1312 2965
20802 6429 839 840 5262
20803 7585 5711 7115 5499
20804 7393 5916 5968 5797
20805 8246 7236 7945 7007
20806 7804 6557 6591 5522
20807 6710 3840 5301 5306
20808 7201 5583 6042 5744
20809 6494 1600 1658 3367
20810 6287 714 4902 713
20811 6378 5556 5898 5714
20812 7908 2759 7077 1859
20813 6084 656 4174 2164
20814 6230 4258 131 130
20815 8040 6071 6571 3494
20816 7778 5565 6155 5787
20817 8110 4857 5784 256
20818 7792 6386 6835 5778
20819 7361 3095 1362 1355
20820 8070 5285 96 4366
20821 7792 6835 7112 5601
20822 8148 6039 7345 6984
20823 6505 1197 1229 2710
20824 7733 6002 6989 6003
20825 5833 3611 5205 793
20826 6419 2554 1465 1121
20827 7788 5628 7554 7295
20828 6471 3271 1936 1438
20829 7096 6373 6489 232
20830 6970 5133 6426 3409
20831 6442 5848 6262 5721
20832 6171 5037 663 4583
20833 7966 300 6369 299
20834 7791 5063 6901 2862
20835 7579 5580 6355 4060
20836 7988 7492 7586 6760
20837 6497 1629 6325 1957
20838 5600 1290 1516 2911
20839 8149 3284 6997 2307
20840 7794 5956 6821 5752
20841 7285 5546 7117 5911
20842 6379 3337 4594 122
20843 8169 3697 4631 771
20844 7495 5644 5739 1553
20845 7879 6408 6468 5333
20846 6291 2993 6137 3461
20847 7780 1109 2535 2311
20848 6748 2376 3341 5155
20849 8400 6183 8303 5363
20850 7695 4088 908 4066
20851 7416 5176 6805 5463
20852 6942 3639 1548 1358
20853 7134 5938 6825 6700
20854 6618 417 6062 418
20855 7205 4462 3622 3073
20856 6251 1702 3963 1701
20857 7785 5960 6758 5824
20858 6243 1182 6234 2676
20859 7931 5224 3416 142
20860 6227 1376 1373 3126
20861 8295 2421 2420 4929
20862 7337 1642 6700 3721
20863 7793 5941 6087 2204
20864 6505 1197 5786 1229
20865 7692 5714 7497 5912
20866 6148 3361 4997 4889
20867 6371 2520 6147 5705
20868 6894 6150 6536 3935
20869 7544 6247 6833 5570
20870 7646 4705 2634 4023
20871 7589 1273 6548 1276
20872 6739 1269 6388 2866
20873 7680 7148 7165 7113
20874 6419 5586 6032 5722
20875 6840 5733 6504 4731
20876 6906 1778 6694 2079
20877 7729 1173 6184 1170
20878 6693 4740 6562 2799
20879 6909 5614 5903 5729
20880 6025 746 5716 4225
20881 8169 771 7185 4446
20882 7885 4170 6839 6178
20883 7074 2163 4183 2167
20884 6336 5813 6103 5925
20885 7794 5760 6069 5568
20886 7756 6264 7578 5530
20887 6822 6223 6570 5924
20888 7758 469 5125 470
20889 5708 2821 1248 1869
20890 6608 4650 5944 5887
20891 7441 6525 7287 6109
20892 7509 1895 6265 3603
20893 6295 1106 2529 2530
20894 7679 3178 1388 1393
20895 7674 6372 7625 7060
20896 5887 2707 4492 4945
20897 8120 3594 494 493
20898 6638 492 3594 493
20899 6500 4811 4855 3087
20900 6531 6173 6211 5500
20901 7987 5501 7169 6843
20902 6827 3052 6249 4345
20903 7700 2374 3406 1018
20904 6261 5684 5742 660
20905 7627 5666 5997 5588
20906 6707 2591 2579 2580
20907 5595 1621 3811 3898
20908 7355 297 6909 6406
20909 7911 6427 7288 7155
20910 7794 5568 6757 5760
20911 6657 3354 1446 2309
20912 6825 1641 6700 6474
20913 6413 5047 6104 2875
20914 7043 1624 6260 1667
20915 7602 7193 7524 2048
20916 6623 5831 5917 5770
20917 7390 5352 6025 744
20918 6466 421 420 5026
20919 6660 3723 5261 4379
20920 7787 6760 7586 7299
20921 6286 5591 6272 960
20922 6275 1940 2200 1579
20923 7255 4723 440 4695
20924 7488 988 6719 5508
20925 7152 2654 2469 1171
20926 7560 5993 7465 5769
20927 6249 3052 1281 2892
20928 7787 6105 6328 6153
20929 7254 5371 6298 359
20930 8308 7809 8023 5715
20931 7485 1482 2642 1120
20932 7637 2612 7399 2427
20933 6989 6002 6341 6228
20934 6467 1797 6394 1035
20935 7895 5721 6547 6242
20936 7523 2362 5826 319
20937 8062 5975 7241 6500
20938 7479 6478 6977 6387
20939 6233 2640 5782 5094
20940 5821 3066 3062 4935
20941 7100 5950 7064 1454
20942 6616 2602 2601 5455
20943 7381 6811 7256 5980
20944 7560 6292 7465 5499
20945 6461 5925 6336 6103
20946 7424 1682 7051 6894
20947 6696 710 3371 4324
20948 6204 1640 1671 3751
20949 5742 660 5684 659
20950 8404 5496 6922 5717
20951 7418 5994 6854 6241
20952 7295 5628 7004 6815
20953 7231 2926 4547 3015
20954 5997 827 4353 828
20955 6726 5614 6369 5897
20956 7795 1469 5654 1143
20957 7568 4573 4694 2462
20958 7540 966 5477 2069
20959 6937 3851 6487 3852
20960 7723 2203 1582 1581
20961 6569 2240 4826 2242
20962 7796 5584 6291 5588
20963 6186 3091 1360 1910
20964 7541 6012 6224 5764
20965 7633 6125 6802 6238
20966 7882 691 692 4826
20967 6737 820 5900 819
20968 6750 4710 6481 4627
20969 5877 4095 941 2030
20970 7498 5683 7132 6696
20971 6709 6277 6425 5521
20972 6948 5516 6130 5901
20973 6155 3523 283 5186
20974 7118 5563 5952 5700
20975 6468 5333 3765 3766
20976 6862 5448 5432 2031
20977 7260 1473 3525 1135
20978 7574 1749 6235 1985
20979 7808 4673 7500 4963
20980 7709 2848 2847 350
20981 6250 183 6202 5880
20982 6766 4087 5456 4086
20983 7606 6027 7110 5992
20984 8395 4905 8260 7682
20985 6643 5825 6317 6080
20986 7707 6528 7108 6493
20987 6959 5811 6283 6119
20988 7979 6731 7658 6160
20989 7799 5629 7673 6198
20990 6300 3730 5239 727
20991 7978 838 6429 839
20992 7341 5480 6878 6490
20993 6854 1348 3074 3324
20994 6554 5693 6353 5814
20995 6390 4481 6069 2566
20996 6363 3339 1573 1435
20997 6801 3024 2942 809
20998 7532 7098 7291 6809
20999 7336 6635 7300 6092
21000 6438 2767 1221 1860
21001 7458 3124 4261 3126
21002 7610 6786 7061 5696
21003 6444 4544 410 409
21004 7590 1249 7287 6540
21005 6255 228 6212 4670
21006 7385 6373 6489 5931
21007 7373 5719 6878 5951
21008 8157 3440 7272 2305
21009 7442 5573 6877 622
21010 7805 5505 7010 6578
21011 6720 5584 6291 6256
21012 6250 2410 6238 4868
21013 7971 5256 841 4832
21014 7604 3268 6081 4707
21015 7743 6649 7690 5920
21016 6476 2383 4616 4500
21017 8056 5504 6757 5568
21018 7105 5622 7035 6389
21019 6411 5112 86 85
21020 7154 235 2563 5028
21021 7501 4869 6625 4835
21022 6822 4245 6740 2354
21023 6416 673 2191 672
21024 7417 5576 7183 6187
21025 7630 4979 6711 2741
21026 5919 5159 5817 4380
21027 8109 6018 7022 5921
21028 7800 5908 7519 2694
21029 6021 4691 5117 3442
21030 6460 5895 6359 6193
21031 5912 3018 3321 1531
21032 5681 3369 5077 701
21033 7798 7099 7216 5909
21034 8076 6410 7042 6581
21035 5972 4751 5691 658
21036 6817 137 138 4435
21037 5750 1549 3642 3077
21038 8228 6149 7673 5602
21039 7136 5648 5691 5519
21040 6990 4521 5863 4709
21041 5820 4750 5743 3707
21042 7799 7281 7528 5815
21043 6616 2008 969 4038
21044 6706 338 4745 3581
21045 7560 5769 7465 5533
21046 7135 6126 6730 6219
21047 7757 6321 7426 6941
21048 7896 6486 7250 7083
21049 7351 5548 5945 5914
21050 6729 5678 6621 5547
21051 7496 266 6568 265
21052 6239 116 5740 5673
21053 7548 5852 5967 666
21054 7800 1485 1847 3298
21055 6452 1824 5961 5475
21056 7282 5981 6220 5265
21057 6233 1217 2640 5094
21058 8127 6358 7815 6626
21059 8121 4196 5140 139
21060 7023 670 5107 2746
21061 6233 3443 2640 1491
21062 7801 3396 1973 1699
21063 7922 6507 7874 5668
21064 7541 5764 7210 6012
21065 7161 4800 6330 5769
21066 6131 3019 4853 4812
21067 6901 387 386 5063
21068 6840 439 440 4723
21069 6644 5418 6402 5420
21070 6962 765 4841 766
21071 7563 5627 6892 5849
21072 7331 6116 6427 6319
21073 7470 5972 6940 5648
21074 7943 5800 7226 7155
21075 6247 5570 5878 5709
21076 6281 1187 2686 2693
21077 8411 1777 6982 5946
21078 6743 3163 5850 3157
21079 5739 3113 3116 4281
21080 5591 2059 4897 4984
21081 6457 5813 6336 5925
21082 7056 1747 3982 3988
21083 6465 5149 5885 140
21084 7968 7408 7439 6493
21085 5649 3634 3091 1546
21086 7678 5889 7455 7427
21087 6839 688 689 4185
21088 6590 1009 1788 2126
21089 6304 2066 2026 2047
21090 7431 5490 7276 6118
21091 6970 6153 6328 6215
21092 7637 702 7525 6045
21093 6435 5696 6281 5949
21094 8269 5404 6282 224
21095 6396 3880 1593 3776
21096 7604 3158 3140 407
21097 6482 408 2957 4608
21098 7262 6396 6951 6006
21099 6018 1809 2257 2474
21100 7803 1997 4033 2068
21101 7908 1224 2775 2759
21102 6239 117 3543 3542
21103 6172 1899 5656 3322
21104 7804 6591 7295 6815
21105 7762 6570 6740 6056
21106 6505 1197 2710 2711
21107 8374 1064 1052 2176
21108 6678 2934 5577 2902
21109 6735 2526 6230 4258
21110 8277 7524 7602 6121
21111 6135 4058 5428 935
21112 7241 3841 6313 856
21113 5932 1721 1720 3840
21114 6199 558 5973 5808
21115 7620 6099 6458 3519
21116 7546 4232 6422 5032
21117 7760 2616 7438 2655
21118 7028 5853 5975 5945
21119 8031 165 6496 2736
21120 7822 1753 7244 7225
21121 8173 5940 7963 6937
21122 7520 5169 7235 6130
21123 8060 5483 7632 6412
21124 7694 6833 7070 6960
21125 7754 6374 7647 5529
21126 7666 5874 6725 5523
21127 5829 707 5086 706
21128 6471 1574 5835 3340
21129 8121 140 5929 5885
21130 6641 2722 6438 1226
21131 7313 2575 6305 1038
21132 6497 3738 3690 4632
21133 7287 1868 6562 2807
21134 6823 5705 6656 6528
21135 7804 6547 7417 7181
21136 7258 820 6737 2946
21137 7293 6413 6552 5769
21138 7805 6807 7052 6392
21139 6640 698 4802 2254
21140 6342 4148 2137 2135
21141 7137 1670 5599 3733
21142 7860 5505 6888 5606
21143 7326 3784 5822 5343
21144 7807 7145 7233 6360
21145 7374 3021 6322 3263
21146 6688 2201 6468 6275
21147 7444 6980 7404 3197
21148 6893 2742 1856 3444
21149 8029 6227 7133 5765
21150 7759 5521 7732 6425
21151 6905 2879 2845 5052
21152 7512 5735 6287 5728
21153 6356 2838 4704 2688
21154 8277 1577 7524 1433
21155 8192 953 5446 2055
21156 7444 3210 6222 1407
21157 6554 847 6117 846
21158 6912 5784 6741 5677
21159 6388 2866 1269 2865
21160 6785 5832 6514 5667
21161 8169 4483 771 770
21162 6784 2991 5070 789
21163 6043 5616 5902 5534
21164 5574 187 2829 4803
21165 6302 2415 4584 188
21166 6914 1407 6222 3210
21167 6509 5380 6326 362
21168 5782 5094 4300 671
21169 7733 5679 7298 6044
21170 7231 3024 6801 4547
21171 7457 5582 7216 6421
21172 7703 94 6094 93
21173 7954 6263 7076 5720
21174 6576 5733 6352 5532
21175 6291 825 2993 5273
21176 7909 3477 5237 3353
21177 6822 2350 6223 5924
21178 6342 2137 2138 1016
21179 7435 5925 6716 6457
21180 7843 5813 6699 6433
21181 7096 1456 6373 3281
21182 8013 6278 6956 5675
21183 6143 5689 5860 5536
21184 945 4044 17 2971
21185 6883 175 4199 4432
21186 8242 5200 7922 6507
21187 8106 5187 6736 5747
21188 7793 5941 6697 5713
21189 8009 7077 7908 5955
21190 7791 6901 7308 2922
21191 7945 6622 7826 6844
21192 7929 7512 7810 6377
21193 7886 4983 2583 2582
21194 6239 118 3543 117
21195 7335 6631 7090 1898
21196 8032 4371 3174 3181
21197 8401 532 6624 4316
21198 8012 5954 7275 5490
21199 8244 5795 8096 5809
21200 7565 2236 6328 2308
21201 6276 2193 1065 1804
21202 7328 5598 6152 5641
21203 8237 6431 7719 6421
21204 7806 631 7014 6072
21205 6487 3850 5308 861
21206 6308 575 5245 576
21207 932 928 6391 4037
21208 6971 5898 6136 5585
21209 8070 7551 8021 5947
21210 8039 6799 7956 7920
21211 6736 4042 5747 933
21212 7417 6078 7181 7086
21213 7632 6383 6412 5483
21214 8137 6441 6893 6048
21215 6477 4987 5948 385
21216 8053 5788 7422 6340
21217 7005 4100 4101 281
21218 6477 3041 3621 4734
21219 7526 6302 6351 5711
21220 7678 6687 7016 6440
21221 6414 2146 4128 2147
21222 5908 2695 2694 1847
21223 7996 5912 7845 6213
21224 6853 2774 3565 1224
21225 5997 826 827 5278
21226 6853 5161 3565 2774
21227 8112 6772 7770 5788
21228 18 17 1993 4047
21229 7633 5505 7232 6578
21230 8231 6106 7758 6929
21231 7849 5210 829 4335
21232 7795 5654 5749 1143
21233 8212 6673 7965 6174
21234 7392 6341 7148 6835
21235 7763 5778 7587 6835
21236 6822 4211 314 313
21237 18 1993 5057 4013
21238 6676 4494 214 4434
21239 6825 3713 6204 1640
21240 7612 4504 6085 5243
21241 7183 5576 6366 6187
21242 7663 5685 6943 5642
21243 5969 510 4599 2461
21244 5739 1553 3650 3098
21245 18 17 5057 1993
21246 6825 3762 1672 3744
21247 7205 4202 6462 5131
21248 7784 6764 7164 4928
21249 7593 6531 7409 7339
21250 8261 5408 7873 240
21251 7298 356 6751 4344
21252 8374 5777 7990 7391
21253 6978 5597 6317 5567
21254 7379 2181 7103 6636
21255 7614 3379 6922 6327
21256 5820 3707 3732 1636
21257 8213 3406 6318 2365
21258 7834 2232 7797 7264
21259 6912 5531 6610 5784
21260 7520 5169 2893 63
21261 7723 2203 6688 6087
21262 7180 5980 6925 6838
21263 7620 4350 5790 242
21264 7378 4189 6075 4452
21265 6461 6103 6336 5704
21266 7772 4964 87 88
21267 7854 6153 6887 5534
21268 7735 1829 3514 1466
21269 6550 156 6330 4744
21270 6653 4132 574 575
21271 8180 5527 7879 5672
21272 6998 3910 5291 5303
21273 6653 574 6507 5200
21274 8134 7112 7170 5982
21275 6951 3775 3803 1652
21276 7743 1329 7582 6907
21277 7734 5461 3176 4625
21278 6094 4838 2473 3481
21279 8285 5979 8164 7695
21280 7472 5634 5944 5887
21281 6827 4315 5873 4223
21282 7057 4215 2219 2218
21283 7760 1155 7152 2469
21284 6408 4793 618 619
21285 7689 5167 7404 3667
21286 6601 5383 5388 3967
21287 7814 547 6769 548
21288 7981 2818 7802 2833
21289 6508 3397 2364 1701
21290 7214 6522 7097 5503
21291 6582 5862 6430 6303
21292 6697 2327 6418 2452
21293 7543 290 4126 289
21294 8106 5747 5932 3843
21295 6782 6097 6130 5884
21296 7096 3281 232 3282
21297 6101 3364 2230 4218
21298 7109 5595 6556 5647
21299 7157 2029 4057 2016
21300 7643 5626 7518 5653
21301 6268 2153 4152 4151
21302 6035 4501 445 446
21303 6212 5487 5978 5488
21304 7516 6905 6932 5917
21305 7662 2664 6174 1176
21306 6984 2347 3402 592
21307 7820 5479 6960 6713
21308 7743 3011 4318 3009
21309 8312 6747 7790 7001
21310 8063 6171 7853 7181
21311 7594 6123 6332 6317
21312 7714 7197 7489 5500
21313 7509 1525 7319 2946
21314 7472 5552 7220 5646
21315 8196 4851 7311 7240
21316 6212 5416 5407 229
21317 6384 3021 1286 1299
21318 6233 2743 1855 1210
21319 4052 4850 8 4054
21320 6992 3483 6712 4972
21321 8042 5507 6530 5853
21322 7921 6284 6709 6277
21323 5738 2365 3406 5120
21324 6590 1009 2452 1788
21325 7913 5779 6859 5863
21326 8065 7128 8033 2889
21327 6637 2263 5086 2261
21328 7917 4264 4314 90
21329 7987 7266 7557 6574
21330 8033 1278 2952 1514
21331 7555 5958 6775 5535
21332 7607 611 2449 3356
21333 6992 3483 4972 3484
21334 5883 3967 1685 3951
21335 7885 6305 6839 2196
21336 5914 819 5900 4394
21337 7342 6060 6529 3323
21338 6530 5750 5945 5524
21339 5574 187 186 4558
21340 7328 5844 5995 5641
21341 7529 197 4951 4949
21342 6696 5683 5843 5829
21343 8070 5458 96 5285
21344 7702 3695 1632 1631
21345 6456 2408 6184 2651
21346 6494 3367 1658 2237
21347 7366 2382 6051 3518
21348 7090 1308 6631 6436
21349 7917 90 6191 4264
21350 6414 2147 4128 4154
21351 8115 2848 8058 5842
21352 7360 3456 2873 1513
21353 7808 5075 122 121
21354 8423 5865 8413 6017
21355 7307 4122 7204 4111
21356 7086 6078 6943 6336
21357 6780 5991 6546 6526
21358 7960 6725 7666 5874
21359 7275 5657 7155 5800
21360 7494 1883 1518 3593
21361 7180 6332 6838 5482
21362 7424 1966 3945 1681
21363 7868 1156 2618 2623
21364 7478 6813 7406 5775
21365 6642 2571 1137 3517
21366 6929 469 3279 4197
21367 6750 4710 3551 3550
21368 7036 5161 644 645
21369 7377 5678 6609 5864
21370 7634 546 6769 545
21371 7 8 4052 4850
21372 7691 3905 7364 843
21373 6277 5623 5717 5521
21374 7973 5613 7557 7266
21375 6438 1860 1221 3568
21376 6743 3162 1385 3153
21377 7361 3095 4394 3184
21378 7647 5529 6195 5499
21379 7565 2235 4190 2308
21380 7650 1896 2990 1320
21381 6545 1871 2839 3307
21382 7304 1866 7026 2790
21383 7474 246 6049 245
21384 7093 6231 6973 6287
21385 7909 5237 7352 507
21386 7568 1093 7143 2462
21387 7775 1801 7661 2186
21388 6065 5933 5961 5832
21389 7157 5781 6024 5857
21390 6163 4340 389 388
21391 6780 6526 6546 6114
21392 6994 5637 6871 6595
21393 6734 2649 6616 4862
21394 6672 5703 6301 5281
21395 6732 3593 2803 1287
21396 8311 2601 6452 5455
21397 8003 5492 6527 6280
21398 7764 6968 7724 3574
21399 6253 59 3213 60
21400 6842 316 4234 317
21401 7747 6716 7379 6615
21402 7860 5606 5625 5505
21403 7468 2492 6010 3433
21404 8282 2038 4092 2021
21405 7376 943 4045 4012
21406 6417 2507 5754 1456
21407 7745 5889 6300 3730
21408 8289 6411 7772 6067
21409 6916 4142 6439 4143
21410 8189 5624 7243 6488
21411 5747 4049 2013 5299
21412 7952 7308 7900 7791
21413 5747 5300 3838 3836
21414 7560 6786 7293 5769
21415 7507 6723 7455 5509
21416 7856 2463 7568 2462
21417 6202 182 4559 4491
21418 7306 5350 6899 751
21419 8089 6506 7898 6342
21420 7905 1472 5995 1147
21421 5991 1904 3122 3031
21422 5742 659 5691 2713
21423 5816 2768 2752 4390
21424 8414 1479 8342 7837
21425 5670 2018 939 4075
21426 7633 6578 7010 5505
21427 6091 3854 3917 5212
21428 7714 5500 7339 6006
21429 8226 5949 7293 5864
21430 7681 1111 6867 2363
21431 7969 549 6390 4748
21432 7004 5522 6242 6073
21433 6476 4431 3516 69
21434 6906 2296 981 980
21435 7698 5993 7039 5543
21436 6887 2324 5902 4749
21437 7354 5636 5774 5585
21438 7444 1400 6980 3197
21439 7206 4942 852 851
21440 5881 704 4954 705
21441 7580 6410 6415 5620
21442 7250 2727 1206 1196
21443 6638 3319 492 4910
21444 6238 182 6202 4491
21445 6688 5894 6468 6087
21446 5839 243 5399 244
21447 7488 278 2105 2082
21448 7538 6405 7106 6393
21449 4038 4023 2634 3
21450 7510 5771 7140 5897
21451 7824 6253 7768 6205
21452 8300 5901 7581 6948
21453 6805 832 5463 5176
21454 6934 2028 4070 4055
21455 8135 6855 7244 5631
21456 8055 5806 6239 6219
21457 8257 5816 7663 5881
21458 6959 3872 6877 5345
21459 7839 5142 6708 5656
21460 6449 3040 1538 1540
21461 6269 1598 2235 2308
21462 7626 2965 1312 2950
21463 6726 4866 302 2294
21464 6825 1962 1672 3762
21465 6915 5954 6866 5490
21466 6342 2137 1016 1791
21467 6679 4618 6413 4847
21468 5796 1288 3597 1522
21469 6869 5571 5957 5910
21470 7230 6527 7216 6362
21471 6181 5710 6000 5979
21472 5830 2524 1102 2510
21473 7964 7060 7453 6898
21474 6596 4703 409 4675
21475 6448 3875 5334 5466
21476 6709 6284 6425 6277
21477 6609 164 4628 5042
21478 8163 3402 2348 4600
21479 6946 5382 329 328
21480 7129 5493 7050 6139
21481 7733 6003 6751 6002
21482 6526 4780 6046 6040
21483 8012 5548 6841 6737
21484 6810 5964 6419 5722
21485 8264 6837 7588 6392
21486 7806 3554 3300 1489
21487 7508 2718 6225 5672
21488 7036 5315 6365 645
21489 6718 2674 6442 2628
21490 5652 5454 4034 2011
21491 7230 5492 6527 6362
21492 6612 3937 1690 1970
21493 6705 4411 6657 4192
21494 8138 6598 8094 5724
21495 7921 5897 6726 6122
21496 7620 3519 5269 3520
21497 6589 5766 6083 3890
21498 8062 5975 6500 6076
21499 5916 4239 3501 2319
21500 7359 2915 2918 1292
21501 6749 6372 6725 5489
21502 5687 204 5008 5033
21503 7833 7033 7316 1760
21504 6904 4943 5706 5661
21505 6640 5681 5766 2255
21506 6685 3568 5959 1221
21507 7661 7063 7150 5685
21508 6584 482 6154 4565
21509 6882 504 2540 4453
21510 6629 4783 2966 2958
21511 7390 2265 6696 1662
21512 5989 4645 5461 4625
21513 6552 2887 2888 1279
21514 7778 3523 1471 1135
21515 7418 4356 6566 6303
21516 6149 1562 1401 3546
21517 7414 6367 6819 6669
21518 7205 5491 6676 5841
21519 7417 6187 6478 5576
21520 8134 7148 7165 7112
21521 7648 3908 3906 5307
21522 6629 2953 1312 2966
21523 8052 2670 3542 1175
21524 6353 3467 4894 3067
21525 7920 7011 7718 7175
21526 7847 669 4182 4179
21527 7449 5671 6666 6427
21528 6359 2468 6194 474
21529 6904 6055 6520 5661
21530 6728 3192 1397 3664
21531 7348 6081 7237 405
21532 7543 6082 6473 2635
21533 6224 5764 6012 5785
21534 7014 629 5323 630
21535 6402 236 5085 235
21536 5708 2821 4440 2825
21537 6507 573 5200 574
21538 8278 7307 8025 6252
21539 7753 5656 7269 6800
21540 7786 477 478 5082
21541 7881 1594 7617 3776
21542 7164 5564 6553 6324
21543 7286 1861 7227 1499
21544 6645 3003 207 4325
21545 7843 2447 2739 1057
21546 6865 3944 1680 3935
21547 6757 5911 6404 5504
21548 6004 3570 5651 5160
21549 7839 5129 5142 4192
21550 6719 313 5924 2298
21551 7656 2037 6454 2054
21552 7152 4581 6579 2393
21553 6091 5481 5867 1730
21554 7810 6231 7539 5868
21555 6295 5092 496 2529
21556 7143 1093 2517 1099
21557 6308 4400 5245 575
21558 6848 4072 5988 5857
21559 6061 5471 2314 1820
21560 6167 5568 6070 5974
21561 7896 3439 7083 2584
21562 7223 6362 6527 5882
21563 7330 5663 6863 6041
21564 6805 830 6120 831
21565 7398 7249 7309 7003
21566 6452 1829 1466 5475
21567 6158 592 4471 4482
21568 6606 2723 3441 5037
21569 6805 5765 6329 5739
21570 6414 5621 6057 5985
21571 6583 4616 6476 2383
21572 8039 2572 2539 4781
21573 6119 1942 2206 2208
21574 6793 6355 6765 5580
21575 7585 190 7115 5711
21576 8200 1946 7102 1597
21577 7693 5907 7084 6391
21578 446 7091 3153 4506
21579 7074 5972 6084 5684
21580 6245 4031 2014 4208
21581 7318 3576 5087 3448
21582 6982 2096 4113 2089
21583 5952 3228 1420 1417
21584 8022 5968 7434 7428
21585 7614 2534 7243 3436
21586 8030 921 928 4029
21587 8222 5281 6672 6301
21588 8314 6306 7367 5707
21589 6504 5768 6352 5532
21590 7377 3595 1519 1283
21591 7326 5340 5682 3797
21592 8160 5632 7532 7291
21593 7091 3172 6324 5564
21594 7699 6819 7426 6367
21595 7356 5559 7343 7133
21596 5747 4035 2006 4042
21597 7529 199 5547 4249
21598 6503 2728 4294 4846
21599 6991 4486 6909 6140
21600 7044 5591 6286 6270
21601 7798 5909 6431 6102
21602 8371 5707 7959 7367
21603 7196 4761 4508 3144
21604 6487 3851 3850 5204
21605 6959 5811 6877 6283
21606 7343 6530 7068 5524
21607 7318 6905 6932 5052
21608 6763 5994 6241 5841
21609 8410 6309 8392 6722
21610 8197 7866 7943 6756
21611 7447 4460 6727 3431
21612 7049 3702 1669 1634
21613 6487 1727 3849 3850
21614 6 4064 5100 4564
21615 7718 5661 7605 6712
21616 7485 2642 6263 6167
21617 8208 5541 7441 7203
21618 7562 6730 6923 5526
21619 7361 1359 1547 3089
21620 7386 4687 7186 6028
21621 7790 1050 2192 2174
21622 7380 1394 3182 3291
21623 7016 6660 6881 5966
21624 6969 5777 6442 6021
21625 8278 256 257 4106
21626 7386 531 532 5007
21627 7340 7225 7244 1753
21628 6753 3419 6450 3418
21629 7412 6161 6642 6334
21630 7790 1050 5925 2192
21631 8157 6957 7383 2305
21632 7943 5800 7155 5657
21633 6220 3926 3868 5247
21634 6445 4865 6271 4511
21635 8058 1263 2847 2848
21636 7543 6588 6858 5135
21637 5649 3091 1910 1546
21638 8267 7105 7439 6389
21639 7392 5479 7148 6341
21640 7798 6569 7326 5682
21641 7882 691 6625 4835
21642 6634 1412 3219 3231
21643 6723 5810 6440 5509
21644 6408 4589 5672 4793
21645 7380 3182 7017 3291
21646 7365 3771 6512 3878
21647 7725 604 2222 2221
21648 8069 6254 6717 6124
21649 7291 1432 5835 1428
21650 6517 5503 5827 5566
21651 6882 4209 6042 6033
21652 6132 1467 3399 1828
21653 6982 2089 5946 1777
21654 6053 1593 2222 1945
21655 6024 3826 1976 1712
21656 6736 4019 931 4012
21657 6758 3546 5602 4293
21658 6993 3711 3709 1638
21659 6959 5811 6119 6087
21660 8178 6656 7429 6762
21661 6906 5029 6726 2296
21662 8171 1734 7048 1733
21663 6720 3463 4854 2981
21664 6829 748 3889 3794
21665 5989 4914 415 416
21666 7543 288 4124 287
21667 7365 5923 6188 1588
21668 7808 6100 7500 6379
21669 7814 2123 6001 2124
21670 8288 5608 7209 7081
21671 7841 5627 5738 5690
21672 7560 5701 6739 6104
21673 6726 2294 5946 2296
21674 7682 5853 7028 5945
21675 7146 1660 5818 2310
21676 8128 1212 1494 2647
21677 7433 5895 6931 5622
21678 7976 348 5381 3957
21679 8158 459 458 3198
21680 6940 655 4623 2706
21681 7708 2708 1197 1850
21682 5729 977 976 2280
21683 6512 5336 5329 625
21684 6991 5729 6159 5614
21685 6043 2336 4575 2330
21686 6795 790 2989 5277
21687 6569 3797 5682 1625
21688 8168 4684 2336 2333
21689 6944 5489 6639 6619
21690 7303 3179 3286 4946
21691 7110 6014 6677 5992
21692 7729 2478 1173 1172
21693 5591 2059 5449 2062
21694 7627 6828 6963 6866
21695 7495 5638 6661 5644
21696 7676 400 6459 6266
21697 7816 5773 7712 7260
21698 6774 685 4207 686
21699 7895 6187 6716 6478
21700 6414 4136 2157 4154
21701 7356 7068 7353 5671
21702 7615 4331 7104 391
21703 7462 2376 1020 1795
21704 6045 701 5010 4663
21705 5881 706 5086 4690
21706 7817 2882 4358 5081
21707 6016 4266 5834 4380
21708 7604 407 7348 6482
21709 6232 3203 3193 4699
21710 7378 2370 5122 324
21711 6184 1170 1173 2651
21712 7452 1215 7415 7107
21713 7248 1394 1924 3552
21714 7739 5140 4484 140
21715 7955 7114 7716 5489
21716 7730 7079 7588 5540
21717 6731 3711 783 782
21718 6032 1121 1465 3401
21719 7471 5516 6948 5901
21720 6517 5566 5827 5551
21721 8204 6579 7760 7152
21722 7495 1554 3651 3096
21723 8045 2912 3458 4346
21724 6 5 5100 4064
21725 6961 3498 3495 5201
21726 8152 6856 7533 6364
21727 7646 4 4023 2057
21728 7048 3927 3860 1733
21729 8044 7155 7449 5490
21730 5827 5566 5723 5551
21731 6904 4809 4771 519
21732 7136 6225 6632 5691
21733 6924 490 4927 489
21734 6494 2236 6328 2237
21735 7627 5588 5741 5584
21736 6021 672 5782 4898
21737 6684 1475 5804 1151
21738 6932 4871 46 47
21739 8071 6797 7901 6626
21740 7352 5233 5965 507
21741 7727 1401 5629 1562
21742 7031 2306 1784 989
21743 7153 6004 6817 3570
21744 7424 1966 3946 3945
21745 7426 5549 6686 6602
21746 8135 7225 7633 5631
21747 7260 3525 6858 5787
21748 7343 5507 7068 6530
21749 7390 5352 744 3793
21750 8288 7207 7699 5586
21751 7914 6606 7598 1207
21752 7087 4356 3075 3029
21753 7385 3990 7316 7033
21754 6456 2651 2658 145
21755 7441 6525 7203 5541
21756 7577 1501 6586 3572
21757 7655 4427 7487 7397
21758 6132 1828 2586 1467
21759 7889 6241 7418 6883
21760 6521 5527 6408 5876
21761 7390 3809 6089 6025
21762 6691 557 5973 2131
21763 6708 70 4580 3093
21764 7392 6835 7148 5479
21765 6803 1543 3047 1909
21766 6583 36 4837 35
21767 8090 6010 7521 4895
21768 6384 1299 1286 2934
21769 7906 5367 763 762
21770 7855 4007 5410 5403
21771 7669 6009 7154 6837
21772 7085 5509 5647 5537
21773 7310 5775 7116 6619
21774 7365 2214 5923 1588
21775 6333 2380 4191 4404
21776 8027 7127 7384 6967
21777 7206 4312 5821 4942
21778 6305 2179 2196 1055
21779 7201 3435 2198 1442
21780 8339 7333 7848 6748
21781 6952 6862 6913 5617
21782 6231 3374 716 2274
21783 7917 6851 7772 6067
21784 7751 6514 7476 6050
21785 6911 2505 4302 535
21786 7454 1262 6936 6905
21787 7325 2449 6748 1021
21788 7840 5262 3821 3904
21789 6091 5212 3917 5179
21790 7379 4165 6774 685
21791 7730 5586 7207 7079
21792 6191 5071 3274 4264
21793 6509 5378 3968 3934
21794 6589 5743 5818 5539
21795 6081 4766 405 4707
21796 7410 1513 2874 2890
21797 7779 4681 7750 218
21798 7915 5248 3213 3635
21799 7926 5670 7312 6808
21800 6678 2925 2938 1298
21801 7577 1501 6966 6775
21802 7164 5860 6553 5564
21803 2057 4064 5100 5
21804 7479 5855 6478 5576
21805 7862 2556 1123 1077
21806 5717 4931 309 308
21807 5740 4720 114 115
21808 7799 7400 7528 7281
21809 7419 4224 6922 310
21810 7439 6389 7105 5497
21811 7318 4567 6935 2690
21812 6466 3468 6449 3191
21813 5740 4563 5673 116
21814 7891 6095 6545 3309
21815 5884 3260 1433 1577
21816 8071 2090 5633 2091
21817 7251 2692 2675 1189
21818 6992 4972 6154 483
21819 7585 5499 7115 5993
21820 7516 5103 5917 50
21821 7901 5658 6797 5725
21822 6850 5662 6310 5610
21823 6391 2971 6385 4044
21824 6645 4259 6133 5272
21825 6959 6283 6877 3871
21826 7261 1266 3314 1515
21827 7746 1550 7304 3081
21828 7903 2236 6494 1599
21829 7322 449 450 3251
21830 6594 5691 5742 5519
21831 7321 5148 7024 868
21832 6250 5059 185 4819
21833 6279 1234 2782 2794
21834 6064 2938 2939 1301
21835 6933 5566 6133 5847
21836 5823 1711 1712 3908
21837 6409 3607 1528 2980
21838 7385 230 5395 231
21839 5774 371 372 4783
21840 8043 7759 7902 6425
21841 7224 7116 7171 5948
21842 6745 5702 5856 5552
21843 6718 3555 1214 2628
21844 7274 2154 4129 2143
21845 7313 1798 5727 1036
21846 6782 3260 6097 5884
21847 7546 3372 6277 3375
21848 7851 6460 6634 1416
21849 7496 268 4114 267
21850 6911 5201 537 536
21851 6841 5472 6200 5051
21852 6608 5887 5944 5634
21853 7836 417 6618 5056
21854 8139 3245 4966 5009
21855 7541 6012 7237 6990
21856 6211 5319 6005 5317
21857 6658 3195 1342 1341
21858 8041 5625 7860 5606
21859 6016 4380 499 4266
21860 8146 6210 6648 5642
21861 6864 2968 1313 2969
21862 8012 7155 7275 5657
21863 8199 1477 7868 6585
21864 7640 6386 6835 5610
21865 6516 4297 2745 2729
21866 7134 3716 5938 4617
21867 5919 5159 2198 4231
21868 7438 4580 6708 6583
21869 7898 2207 1790 1028
21870 6070 5235 4578 581
21871 6459 2903 2802 4755
21872 6172 2992 1306 1321
21873 7596 6837 7154 6009
21874 6992 1069 3484 2458
21875 8138 5724 6555 5503
21876 7895 6547 7417 5855
21877 6456 4881 2408 2651
21878 6951 3775 1652 1592
21879 7962 272 4242 273
21880 5802 1678 3942 1965
21881 6738 848 6353 4863
21882 7818 6480 7446 2114
21883 7620 4350 242 5269
21884 6863 6041 6111 5802
21885 7951 5942 7710 6925
21886 7510 2337 1687 1686
21887 7904 5607 7592 6687
21888 8123 1526 2977 1316
21889 7915 5591 7044 5953
21890 7979 785 3762 786
21891 7310 7113 7116 5775
21892 7826 5551 5723 5566
21893 6477 6264 6449 3041
21894 6876 1413 1408 2476
21895 7818 5837 7211 5508
21896 8180 6375 6632 5573
21897 6209 4977 5881 4690
21898 7462 6683 7325 6491
21899 7975 4376 6722 3471
21900 8053 5858 7424 7355
21901 7853 5525 7181 6171
21902 7825 1506 3308 1507
21903 7971 4924 842 4832
21904 7751 5609 6734 6514
21905 6110 5562 5852 5685
21906 8063 7181 7853 6591
21907 6883 174 4432 3075
21908 6426 2243 3409 5133
21909 7821 6873 7401 2423
21910 8178 7408 7439 5497
21911 7786 476 4730 4660
21912 7400 5960 6875 5583
21913 7055 1695 3938 3960
21914 5750 1549 3077 1354
21915 7762 5756 6957 6488
21916 6971 5714 6944 6816
21917 6801 2942 2935 4774
21918 8120 495 6809 6654
21919 7136 5691 6632 5519
21920 5733 4731 4739 437
21921 8198 7455 7678 7506
21922 6472 1122 5916 2315
21923 8414 7347 8342 8056
21924 7893 6802 7387 7214
21925 7915 1409 7571 1925
21926 6600 5254 279 4246
21927 7596 6374 6837 6009
21928 7495 3098 1363 1553
21929 7679 6595 6871 5637
21930 7700 6318 7531 1018
21931 7623 6058 6650 6290
21932 7821 5547 7529 7505
21933 8032 7317 7869 5809
21934 7912 5305 5288 3813
21935 6853 643 2774 4377
21936 7189 3759 6646 1676
21937 8316 5123 4198 432
21938 5754 1092 2507 2285
21939 7082 1460 6472 1122
21940 7002 5871 6584 6146
21941 7258 5584 5900 4725
21942 7820 7151 7694 6833
21943 7974 5877 7301 6628
21944 6426 2146 6414 2147
21945 6916 2127 4135 2126
21946 7280 4721 72 73
21947 5738 4899 2492 601
21948 7741 5967 7493 2593
21949 8034 5703 7940 6671
21950 8053 7355 8046 7422
21951 7363 3217 6285 5768
21952 6682 6283 6512 625
21953 7647 6343 6475 6195
21954 8348 6023 7607 5572
21955 8401 5844 7101 6684
21956 7793 4886 4602 587
21957 7810 5868 7093 6231
21958 7612 4504 5243 3123
21959 6140 297 5023 296
21960 8024 2225 7725 4888
21961 7613 5868 7490 1617
21962 4862 2008 6616 4519
21963 7952 7680 7900 5842
21964 7469 1073 1083 2465
21965 8238 4617 5938 4950
21966 6637 5881 6209 5683
21967 8414 2384 8342 3534
21968 8242 572 573 4130
21969 7100 5859 6443 6141
21970 6642 2594 1145 1131
21971 6642 2594 6161 1145
21972 6356 3432 6136 2826
21973 6505 2714 6225 2704
21974 7822 6282 7526 6302
21975 7092 1143 5749 5654
21976 6143 5118 3169 3331
21977 6679 5949 6281 5696
21978 7692 5095 5989 415
21979 6324 1921 1390 3172
21980 6728 1561 6088 1332
21981 6453 3217 6285 1411
21982 6637 2261 1613 2263
21983 7010 6235 6677 6364
21984 8062 3094 6076 3637
21985 7365 1586 5640 1587
21986 7100 5950 6071 5859
21987 7322 5118 4677 451
21988 7237 403 6990 4548
21989 5941 2206 1583 2204
21990 7078 2859 6273 2860
21991 6094 2473 5998 3481
21992 8406 5154 8324 432
21993 7613 1617 7490 3795
21994 8088 5510 7899 7230
21995 7126 5891 7118 5871
21996 6968 1236 1865 3574
21997 7687 5406 6677 3999
21998 6795 6026 6784 6687
21999 7051 6201 6406 5771
22000 7300 3238 6635 5952
22001 8320 209 7919 4317
22002 7451 3127 1917 1374
22003 8187 6266 8095 6890
22004 7048 3927 1733 1734
22005 7239 5528 6188 5923
22006 8123 1896 6824 1316
22007 8218 5663 6863 6111
22008 7312 5867 6091 5481
22009 7243 5924 6488 5624
22010 6744 3682 6542 6052
22011 8184 2939 8183 7185
22012 6345 3761 6047 4476
22013 7291 5835 6471 1428
22014 7546 3375 6662 306
22015 7711 6852 7259 5542
22016 7885 654 4173 2160
22017 8073 4223 6446 3489
22018 7412 6334 6886 6161
22019 7620 3520 5269 243
22020 6691 4622 6334 557
22021 7274 572 571 4257
22022 7238 1205 6893 1211
22023 6856 3998 5402 5425
22024 6736 8106 5474 5476
22025 7390 6637 7146 5558
22026 7749 6202 6802 6125
22027 6536 4821 5915 4527
22028 7550 1058 6636 2181
22029 7803 6093 7267 5794
22030 7166 6606 6897 1208
22031 7161 3585 153 154
22032 6498 5893 6157 2540
22033 8366 6243 8143 2678
22034 6608 5478 699 4656
22035 7505 5529 6873 6009
22036 6608 5478 2400 699
22037 7285 5568 6113 5720
22038 6729 5512 6575 5687
22039 6815 5936 6711 5522
22040 7226 6116 7155 5800
22041 6134 3618 799 800
22042 6464 2679 6100 1484
22043 6197 1596 6005 2230
22044 7355 4790 2326 2325
22045 6343 2419 1747 3415
22046 7848 6814 7073 6683
22047 7357 6537 7143 5674
22048 6604 4288 6533 6515
22049 6840 4516 4706 439
22050 7786 5082 4603 477
22051 7032 4654 5845 5081
22052 8200 7102 7834 7755
22053 7331 6781 6981 5577
22054 7087 3622 1539 1353
22055 7922 4257 3529 2623
22056 6287 2271 6231 2272
22057 6407 4770 4799 2817
22058 8200 6559 7755 5759
22059 7543 4124 6588 287
22060 7618 5040 161 4360
22061 7410 1273 7360 6548
22062 7618 6281 6698 5020
22063 6981 6384 6678 2934
22064 6058 5241 3465 3208
22065 8167 444 4669 445
22066 7472 5944 6947 5856
22067 6894 5391 6150 3935
22068 7817 4358 5913 5081
22069 6490 5621 6414 5985
22070 7632 5580 7144 4093
22071 7500 4594 5457 4673
22072 7394 5849 6939 5872
22073 6814 1031 2154 1794
22074 7330 3398 2368 4445
22075 7669 6837 7154 6926
22076 7756 1906 3056 1346
22077 5688 2968 5050 5013
22078 7127 6292 6786 6522
22079 7726 2470 7469 1076
22080 7513 581 6070 4578
22081 6855 4002 5405 3984
22082 7492 5494 7345 6339
22083 7338 6191 7022 6128
22084 8100 717 5175 4244
22085 7475 6429 6701 5981
22086 7939 5801 6977 6387
22087 7861 6210 6969 6416
22088 8003 6527 7871 6280
22089 7076 5720 6263 5760
22090 5919 3343 1938 1575
22091 7843 5813 7001 6699
22092 8226 5048 3595 2983
22093 7817 2962 6561 4769
22094 6963 6137 6795 6182
22095 7677 5931 6255 6212
22096 7824 2840 5928 4808
22097 7040 6356 6670 5982
22098 6876 1413 2476 3220
22099 7951 6214 6851 5770
22100 7352 6359 6389 5965
22101 8117 3088 1884 1290
22102 6192 1991 5723 3423
22103 7391 4284 6442 5848
22104 8248 2116 4127 4101
22105 7329 6065 6135 5730
22106 7202 5801 7178 6365
22107 6091 1730 5867 1731
22108 7684 6821 7289 5911
22109 7564 5632 6016 5999
22110 7917 89 5109 4314
22111 6600 5594 6458 5722
22112 7685 6572 7297 6816
22113 6233 5094 2743 1217
22114 8195 3586 6066 1509
22115 6465 4562 6185 3573
22116 7391 5848 6747 4188
22117 6958 5046 805 3021
22118 6788 1142 3528 1835
22119 6453 3217 1411 1926
22120 6803 5821 6060 3062
22121 7919 209 6555 4317
22122 7618 160 6679 159
22123 7099 5513 6565 5682
22124 7464 3897 6556 3900
22125 6765 5516 6633 6270
22126 6640 4473 698 2254
22127 7651 4541 2918 766
22128 7617 641 5313 3805
22129 8242 4257 4256 572
22130 6182 1532 2972 1315
22131 6472 1094 1453 2555
22132 7855 3987 5488 1757
22133 8013 6325 6956 5869
22134 6340 4532 2323 2320
22135 8298 4597 7750 4681
22136 7149 5342 7120 6189
22137 6719 988 1782 2300
22138 7256 5998 6191 6094
22139 6825 5716 5938 3751
22140 7522 825 5741 4395
22141 8124 3099 1364 1551
22142 7185 4776 6064 5926
22143 6589 3807 5353 3890
22144 5656 5142 3322 2956
22145 8114 4072 6347 4085
22146 6866 6015 6137 5588
22147 7481 2089 2109 994
22148 7383 3383 2297 999
22149 8021 5947 7551 6094
22150 7092 3522 3290 4840
22151 6301 606 3363 4227
22152 7619 1980 7095 3849
22153 7913 5732 6859 6207
22154 7481 994 5946 2089
22155 6199 4131 4140 558
22156 6222 1407 3668 1564
22157 5547 199 4995 200
22158 8344 7502 8152 6622
22159 6213 3012 1330 3017
22160 7310 6247 7114 5530
22161 6734 2634 2426 4519
22162 7421 6118 6866 5607
22163 7953 2852 1507 1264
22164 6854 3080 1356 1912
22165 8239 6721 8057 5861
22166 8099 5735 6696 5728
22167 7998 6888 7677 6392
22168 6019 4818 3748 3704
22169 7775 1801 1049 3427
22170 6521 5527 6505 6408
22171 7859 722 6727 6400
22172 6166 1070 2461 1074
22173 7215 6061 6240 5964
22174 7824 2840 7575 6273
22175 7471 5953 7044 5591
22176 6628 3834 1718 3916
22177 6546 4814 6114 4525
22178 6745 4945 5856 4651
22179 5997 3116 5739 5644
22180 7731 4535 7012 835
22181 5659 2169 1063 1048
22182 5569 2267 515 4416
22183 7307 4111 2093 258
22184 6172 1537 3619 3120
22185 7117 6437 6904 6055
22186 7693 3007 7382 2970
22187 7302 5701 6104 3312
22188 6609 4628 6492 165
22189 6741 5185 2470 3536
22190 8244 5536 6898 5689
22191 6011 1125 5956 2564
22192 7092 3290 6917 3521
22193 7826 5486 7195 6517
22194 7433 473 7352 4474
22195 6581 1426 1431 3245
22196 8122 7364 8050 5655
22197 7375 5526 6923 6029
22198 7599 5751 7534 5618
22199 7173 6612 6869 5560
22200 6252 2490 2487 257
22201 6442 2674 5091 2628
22202 8116 957 7924 6304
22203 6957 315 2297 3383
22204 7516 5917 6932 6516
22205 6164 3277 5156 4410
22206 6550 4744 2684 156
22207 7549 1322 2996 2991
22208 6959 5345 6448 3872
22209 5994 1353 1908 3073
22210 6245 4208 4433 4031
22211 6886 1145 2592 2570
22212 7827 7061 7610 6786
22213 6600 5586 5986 5594
22214 6910 5343 5822 729
22215 7392 5479 7249 5910
22216 6963 5607 6118 6037
22217 7706 2060 7559 916
22218 8157 3440 7402 7272
22219 6495 2214 5640 2215
22220 8321 6727 7859 722
22221 7241 3842 3841 856
22222 7466 5170 2767 3447
22223 6192 1991 3423 2434
22224 7261 1266 3315 2856
22225 7261 3316 1880 1520
22226 8003 6280 7871 7761
22227 6165 4978 3428 2442
22228 6165 2442 5851 4978
22229 6395 375 376 2978
22230 6163 4340 5258 389
22231 6163 5258 5587 389
22232 6546 4814 4525 3037
22233 7237 4787 6990 2916
22234 6083 1659 3890 1950
22235 7270 1809 6018 5998
22236 7379 4165 685 4163
22237 7059 5697 6194 5965
22238 7174 5762 6791 5553
22239 7924 969 6616 2075
22240 5680 2083 1785 989
22241 6604 3118 6515 3110
22242 6271 2668 1165 2638
22243 6937 1730 6603 5481
22244 6412 2027 2017 4074
22245 6606 1208 2734 3441
22246 7170 6619 6971 5556
22247 6944 5714 6378 5912
22248 6249 2893 1516 1878
22249 7315 5564 7091 6030
22250 7409 640 5313 641
22251 7390 1614 1662 3893
22252 7033 5414 3990 1760
22253 8033 5679 5709 5570
22254 6300 3730 5889 3759
22255 7496 4109 6568 266
22256 7387 6292 7127 6522
22257 7103 2179 6636 2195
22258 8400 1657 7903 3895
22259 7392 6689 7309 5610
22260 7361 1547 6076 1362
22261 7443 5640 6158 5520
22262 6839 653 6178 4170
22263 6042 3272 3346 1441
22264 6769 6069 6390 4481
22265 7559 5907 6293 6286
22266 7925 5694 7280 4702
22267 6043 585 4468 584
22268 7067 3833 3813 1716
22269 6546 3026 3037 1905
22270 7811 5376 7767 341
22271 6010 2481 4236 4895
22272 7855 3988 7056 5416
22273 7206 850 849 4935
22274 5829 4958 707 706
22275 7763 6835 7165 6607
22276 7677 6255 6804 6212
22277 6544 5792 5918 5808
22278 7192 6056 6918 5826
22279 8058 7370 7900 1263
22280 6231 1664 1618 3374
22281 7089 6222 7054 6176
22282 6066 1509 3586 3454
22283 8345 5538 8233 5766
22284 7178 5801 5987 5876
22285 7915 3213 7768 3206
22286 6957 4211 6822 313
22287 7086 5642 6943 6648
22288 7710 5917 7553 6309
22289 7448 5523 6733 6198
22290 6186 3051 1360 3091
22291 7887 2819 4743 147
22292 8101 2435 8100 717
22293 7173 6869 7140 5571
22294 6255 4670 6212 229
22295 6616 5455 4048 2602
22296 6396 5359 5347 3880
22297 7889 5930 6586 5746
22298 7472 6947 7220 5552
22299 6395 375 2977 3604
22300 6660 3723 4278 3725
22301 6881 3724 3754 5192
22302 7595 5913 6561 4358
22303 6407 2061 4799 4770
22304 8276 6513 7349 6092
22305 7055 3938 1696 3961
22306 7294 5515 6668 6112
22307 7252 3832 1717 1715
22308 7031 3385 1784 2306
22309 7055 3960 5662 1695
22310 8024 5660 6301 5257
22311 7809 5950 6624 6028
22312 7262 6432 7004 5757
22313 6243 1183 2251 1182
22314 8144 2053 6913 5432
22315 8144 5652 7403 4022
22316 6243 2676 1183 1182
22317 7026 3109 2790 4515
22318 7671 3540 2646 543
22319 6380 5980 6191 6052
22320 6558 3100 1364 3106
22321 7812 5973 6724 6428
22322 6706 2832 6036 338
22323 7230 6362 7216 5869
22324 7543 5135 6858 6082
22325 6702 428 427 3634
22326 7971 843 3905 842
22327 7902 4117 6580 4121
22328 7696 7399 7637 6045
22329 6122 303 4916 2335
22330 7937 5998 7551 2220
22331 7577 6641 7153 2765
22332 6909 5614 6406 6369
22333 7748 4238 6019 3741
22334 7021 2489 6627 2227
22335 6970 6153 6394 5951
22336 8049 4294 6123 85
22337 7285 5568 6757 6404
22338 8410 5062 7975 6145
22339 6128 2857 1440 3352
22340 7951 1864 2793 2797
22341 7240 4978 711 3428
22342 7462 6683 7394 6814
22343 7914 1207 7598 1203
22344 6998 4081 6848 4076
22345 8072 1757 7526 3417
22346 7623 6118 6650 6058
22347 6860 114 4405 3177
22348 7255 5700 6840 5733
22349 6449 3041 6264 4870
22350 6631 1527 3605 2959
22351 6414 4134 4128 2146
22352 8001 5557 7511 5543
22353 6721 5788 6675 6159
22354 6271 4865 6031 2668
22355 7271 6258 7266 6048
22356 7799 5815 7528 7400
22357 6136 372 373 4777
22358 6202 4491 4559 183
22359 7231 4547 6958 3015
22360 7795 5654 6886 5808
22361 7696 5816 7063 5685
22362 6520 5575 6399 6371
22363 6848 4072 6347 5988
22364 7309 7003 7249 6713
22365 7290 6404 6684 5844
22366 6884 4086 5953 4071
22367 7471 5901 7044 6253
22368 8278 257 4107 4106
22369 7160 6177 6500 5975
22370 7653 6377 7223 5882
22371 7511 6928 7208 6126
22372 6496 4752 4877 2705
22373 6948 5555 6798 6130
22374 7392 6713 7249 5479
22375 5716 3712 5049 3751
22376 8265 1308 7324 6436
22377 6812 4877 6492 163
22378 6618 5689 6062 5761
22379 8153 5726 7027 5947
22380 7516 6516 6932 4858
22381 6764 412 4696 4928
22382 5557 2869 2841 4593
22383 6762 5977 6656 5589
22384 8338 6918 8008 5756
22385 7916 4152 6268 2153
22386 7468 5738 6010 2492
22387 7471 5892 6205 5901
22388 8124 6515 6558 5524
22389 6705 5163 65 66
22390 8022 7771 8010 6226
22391 7053 4758 5039 3139
22392 6135 2033 6065 5444
22393 7342 5896 6529 6060
22394 6213 4644 380 5045
22395 7126 6193 6359 5895
22396 7573 4306 5213 99
22397 6680 6028 6655 6538
22398 7952 6341 7680 5842
22399 6431 1603 1604 3786
22400 6138 1392 3176 3173
22401 7803 5259 5287 3822
22402 6668 6281 6435 5870
22403 7327 6951 7262 6396
22404 6718 3555 1492 1214
22405 7569 464 6875 465
22406 7713 6368 6913 5485
22407 7527 4933 2598 4320
22408 7814 1006 7371 1003
22409 7969 551 550 4962
22410 6974 5664 6680 6399
22411 7731 5465 836 5241
22412 7786 7002 7721 5082
22413 7156 5447 2041 5436
22414 6141 5072 2523 2522
22415 6610 2490 6252 5784
22416 6419 2553 2554 1121
22417 7322 449 7315 450
22418 6394 3445 6153 3409
22419 6099 3520 1468 3519
22420 6091 3854 5481 1730
22421 7844 846 3830 845
22422 7635 1102 5830 2524
22423 7363 472 5229 3672
22424 7908 4309 7228 5955
22425 6476 69 3514 4500
22426 6509 1705 3934 1704
22427 8137 3559 2772 1493
22428 7137 5111 3733 4672
22429 7592 7421 7456 7219
22430 7053 3139 1424 3241
22431 5997 4281 3116 5278
22432 7758 470 471 4414
22433 7551 2473 6094 94
22434 7594 6317 7346 6123
22435 6614 1087 1089 2500
22436 6836 4762 2924 3598
22437 7609 2574 3531 1476
22438 8243 6801 7226 6116
22439 7508 622 6877 5573
22440 7925 4946 4702 76
22441 7760 3093 7438 2616
22442 8326 1970 8211 6612
22443 7496 4114 6229 6079
22444 6519 2919 6296 2913
22445 7916 4399 6965 4934
22446 7372 5513 7043 5682
22447 8128 2745 6214 1494
22448 7990 6747 7435 5925
22449 7438 4878 6445 2653
22450 7921 6277 6787 5623
22451 6758 5250 461 462
22452 7628 5616 6001 1008
22453 7496 6568 6770 265
22454 7110 6014 7052 5531
22455 6610 2503 4856 2487
22456 7143 6614 6888 5830
22457 7261 6407 6779 6385
22458 6727 4386 6400 722
22459 6780 802 6526 4814
22460 7481 2089 6982 2109
22461 6996 6229 6580 5731
22462 7829 486 4973 4277
22463 6651 716 6231 4253
22464 7997 6292 7668 6552
22465 7539 5310 3810 3764
22466 7889 4199 6883 176
22467 6788 3528 6168 3527
22468 2 4038 4519 3
22469 7803 956 7648 5794
22470 7000 4253 6651 6287
22471 7273 4728 3064 3625
22472 6225 2614 5691 5648
22473 7475 5981 7282 6429
22474 7470 7181 7417 6985
22475 7322 450 4919 3251
22476 6968 1236 1864 2797
22477 6179 170 4304 4286
22478 7531 2139 4133 2142
22479 7689 6198 6980 5611
22480 6150 4440 5708 5064
22481 6017 1572 3319 3338
22482 6703 3267 3271 1438
22483 5680 989 1784 2086
22484 5961 3509 2543 3285
22485 7241 3845 858 5292
22486 8144 2053 5432 2070
22487 6504 4731 437 438
22488 2 2008 4862 4519
22489 7316 6212 7056 5407
22490 7829 5705 7334 6510
22491 7087 3622 3028 1539
22492 6848 934 4082 4072
22493 6978 5567 6843 5637
22494 4519 3 4038 2634
22495 7458 3126 4261 869
22496 6383 4073 938 940
22497 5738 601 5120 602
22498 7557 6574 7266 5613
22499 7165 5948 7116 5854
22500 2 2008 4519 4038
22501 7830 2648 6514 4873
22502 7374 3021 6384 6322
22503 6505 5672 6225 2714
22504 6677 3999 6364 6235
22505 6879 6337 6790 5836
22506 6452 930 5961 5427
22507 7225 1986 2410 2411
22508 6045 700 4585 699
22509 4048 930 4015 5455
22510 7830 6514 6616 6452
22511 7347 1162 3434 2631
22512 5941 2204 4886 2206
22513 6128 1440 3274 1445
22514 6878 5951 6683 6490
22515 6496 2705 1195 3438
22516 7243 5508 6719 6267
22517 6842 6740 6822 3394
22518 7780 2535 6624 5088
22519 7443 5941 6697 4601
22520 7658 4349 7200 5935
22521 7465 5499 7187 5993
22522 6971 5585 6629 5636
22523 8066 5654 6886 6161
22524 5840 1297 2930 1304
22525 7161 155 4800 2866
22526 6961 5201 3495 4240
22527 7474 5174 246 5397
22528 7866 813 7273 7226
22529 7386 530 7186 4687
22530 6345 3701 3761 4476
22531 6272 3186 3185 1395
22532 6555 209 5827 5209
22533 8184 4476 4768 773
22534 7115 4534 5102 190
22535 8184 6345 8183 4476
22536 6464 4847 5017 3544
22537 8307 5976 6834 6423
22538 1 2602 4048 5455
22539 6842 2358 2357 317
22540 6780 3031 4556 802
22541 1 2008 2602 4862
22542 7202 5876 7178 5987
22543 1 5455 4048 4015
22544 8255 3561 1219 1220
22545 8071 6358 7815 7740
22546 7392 5610 7309 6850
22547 7100 2529 6443 6295
22548 8405 235 5411 5400
22549 7822 6282 7244 1987
22550 7819 2501 7135 4536
22551 7361 3184 4941 3089
22552 7097 5596 6763 5994
22553 8128 1494 6214 3303
22554 6589 738 5743 5592
22555 7379 2182 2183 4165
22556 7900 7680 7791 7370
22557 7156 5436 2045 4065
22558 6976 5700 6576 5532
22559 7570 241 3993 3977
22560 6935 2751 1215 2690
22561 6855 5505 6752 5625
22562 7444 5166 3670 3669
22563 7260 1152 6858 3525
22564 7847 5562 7548 6110
22565 6838 5482 6523 6226
22566 5818 3884 5539 5321
22567 7971 6921 7863 7364
22568 6726 5614 5897 5561
22569 7832 4433 6245 2533
22570 6143 1559 6138 1392
22571 6768 511 2497 2495
22572 6512 627 626 5351
22573 7173 6869 7163 7140
22574 7952 6607 7165 6835
22575 5679 1514 1280 3592
22576 7425 5945 7351 5548
22577 7737 6113 7608 5996
22578 7885 4173 6084 5727
22579 8243 6116 7226 5800
22580 7146 2310 3370 1660
22581 7639 5759 6559 6197
22582 6495 3357 6158 593
22583 6495 593 4598 3357
22584 7721 5871 7408 6823
22585 6616 2649 2602 4862
22586 8089 6010 6506 6342
22587 7576 2737 4726 2738
22588 7626 6397 6444 2950
22589 7502 248 5423 5396
22590 6017 3253 1429 3338
22591 7600 6546 6658 6107
22592 7325 1033 3356 1021
22593 5789 1591 2219 1652
22594 6181 5747 6000 5932
22595 8111 65 6705 5163
22596 7688 7405 7430 6627
22597 7390 3809 6025 3893
22598 7437 5009 6924 489
22599 7296 3421 6133 1741
22600 7441 6007 6562 6447
22601 6812 2698 6698 6435
22602 7186 2299 7064 3368
22603 7804 5855 6547 6242
22604 7476 6514 6793 6050
22605 7384 5862 6582 6303
22606 1716 1977 3813 7067
22607 8171 1734 1733 3861
22608 7390 5558 7146 3896
22609 6444 4544 2965 2950
22610 6750 4710 128 3551
22611 7833 6009 7401 5529
22612 7594 7346 7459 5922
22613 6823 5705 6528 5575
22614 6453 6176 6285 5768
22615 7435 6187 7086 6336
22616 7839 4431 7735 6476
22617 7589 5158 4359 355
22618 7094 5296 6022 853
22619 7250 6516 6932 5831
22620 7432 7068 7353 6667
22621 7348 2929 7237 5840
22622 7477 5194 7321 868
22623 8184 772 7185 771
22624 7965 5673 5740 5637
22625 6680 6028 6538 5844
22626 7677 5830 6255 5608
22627 7637 2768 5816 4390
22628 6333 5157 2432 4404
22629 6237 491 5072 4370
22630 6383 940 938 4069
22631 6706 1258 6545 2688
22632 7159 6314 6490 5621
22633 6293 4018 968 1999
22634 8113 6430 6582 5862
22635 7039 1872 1271 3584
22636 6417 1458 6061 5471
22637 6959 5345 6877 6448
22638 7477 5194 4296 3096
22639 6928 5543 6330 5533
22640 6384 1299 2933 3021
22641 7402 991 1001 2259
22642 8310 3220 6876 2476
22643 7673 5518 6898 5734
22644 6453 3218 5768 3217
22645 7387 6351 7187 5499
22646 7820 6341 6989 6002
22647 6563 5745 6042 6033
22648 7260 3413 2611 1473
22649 6199 2132 1013 2133
22650 7931 2573 7739 7609
22651 8329 6127 7864 7009
22652 7020 103 6707 6254
22653 7364 3826 6024 1712
22654 6840 4723 3226 439
22655 6178 653 654 4170
22656 7915 6097 7471 6253
22657 7717 6870 7624 5643
22658 7985 6440 6881 6687
22659 7437 488 4736 487
22660 7619 5940 7095 3847
22661 6475 2419 3415 4646
22662 7976 5610 6310 5662
22663 8070 7937 8021 7551
22664 7032 3750 779 778
22665 7772 6067 6542 6052
22666 7162 1459 3499 2548
22667 6498 2545 5893 2540
22668 7161 6928 7039 5543
22669 7560 5701 6552 6292
22670 7360 2873 1273 1877
22671 7211 6139 6488 6315
22672 6657 1098 5933 2516
22673 6521 4570 2784 5238
22674 7394 6350 7159 5621
22675 7800 3544 6464 1485
22676 7365 6512 7221 3878
22677 7096 4844 6489 233
22678 5866 2945 2930 4779
22679 7626 6397 6816 6156
22680 7841 6148 7725 5690
22681 7180 6067 6851 5980
22682 6936 4328 6905 2845
22683 8048 5759 7639 7197
22684 6625 2703 4835 4869
22685 7951 6851 7180 5770
22686 7836 5761 6618 6062
22687 7188 1411 6285 3207
22688 6679 159 6281 5020
22689 6603 3857 5867 3853
22690 7017 1332 6216 3662
22691 6610 5677 5784 5531
22692 6982 6162 6686 5674
22693 6615 4164 681 4186
22694 7635 5830 6804 2524
22695 7481 5561 6686 5946
22696 7121 1578 2238 2199
22697 7573 6361 7082 4306
22698 6936 4742 5103 3315
22699 7468 6318 6892 5627
22700 8209 6079 6229 5731
22701 6438 4298 6430 3447
22702 6665 5852 6171 5525
22703 6506 5751 6010 5618
22704 5866 4772 2940 2945
22705 7945 5723 7826 6622
22706 5828 3663 3022 4815
22707 8137 4391 6893 6441
22708 6597 1495 2770 1222
22709 5649 3634 3085 428
22710 7930 6388 7039 5993
22711 6443 5092 6295 2529
22712 7496 4114 6694 6568
22713 5840 1297 2929 3005
22714 7972 1174 1163 2660
22715 6863 3966 1677 3941
22716 7699 6455 7440 7207
22717 7910 3739 6723 3736
22718 5847 3995 5399 3994
22719 7206 5293 6738 849
22720 7783 994 5946 2258
22721 7911 6599 7288 5665
22722 6081 4766 3152 4521
22723 6557 5782 6233 5748
22724 7018 1344 1907 3049
22725 6926 5931 6061 5731
22726 5754 1105 2212 1092
22727 7837 1150 7769 7347
22728 7434 5873 5998 5712
22729 6471 3267 5834 3271
22730 6760 5713 6418 5494
22731 6998 4081 4057 4050
22732 6692 5738 6148 4997
22733 7048 5867 6754 5617
22734 7876 3145 7776 1541
22735 7797 6197 7264 6101
22736 6539 3006 382 4369
22737 6233 2743 2746 1855
22738 5961 926 4024 2077
22739 6232 3193 1398 3179
22740 6434 3038 3025 4924
22741 7916 4152 565 4151
22742 6919 2636 5152 4566
22743 5956 2564 1125 2557
22744 7426 6367 7414 6686
22745 6283 625 624 5336
22746 7697 6179 6430 171
22747 8343 6688 8054 6043
22748 6554 3057 3048 4833
22749 5569 2267 2480 1086
22750 6323 3983 1749 1750
22751 7838 2064 4028 959
22752 5877 2046 4095 2030
22753 7771 6317 6978 5597
22754 6412 4956 5433 4770
22755 7317 5030 6131 456
22756 6584 4676 2502 4756
22757 6848 5988 6454 5514
22758 7688 2489 6627 2494
22759 7758 6285 7363 3310
22760 7563 5962 6892 5618
22761 7839 6476 7735 5933
22762 6790 5836 6207 5732
22763 7151 5775 7113 6247
22764 8095 3101 8082 1365
22765 7829 5705 6147 2520
22766 6205 57 6145 4843
22767 7864 7145 7807 6360
22768 7672 1151 2381 1154
22769 8139 3247 7042 6581
22770 7485 6167 6263 5720
22771 5658 4478 3386 2453
22772 6149 1401 5602 3546
22773 6401 4644 379 380
22774 7286 1499 3569 1861
22775 7653 7132 7389 7066
22776 6663 1958 3700 1634
22777 8029 5559 7133 5630
22778 8327 6223 8211 6689
22779 7434 5803 5873 5712
22780 6545 4365 6095 2838
22781 6810 5722 6419 2554
22782 7766 5962 7644 5934
22783 8311 6616 7830 6734
22784 7561 6292 7387 6522
22785 6515 3099 3644 5271
22786 6981 1301 6801 3024
22787 6231 3374 1619 1664
22788 7470 5646 7183 5727
22789 8395 854 853 4905
22790 7935 3666 1563 1400
22791 7199 1992 1744 2396
22792 6504 4731 5733 437
22793 7689 5629 6980 6198
22794 7480 5669 6733 5611
22795 6449 1540 3041 3624
22796 7434 5712 7338 6380
22797 7366 1827 6458 1133
22798 8339 6549 7848 7333
22799 7420 1971 1693 3392
22800 7573 6124 6463 6361
22801 8055 3542 8052 7191
22802 7944 1323 1897 2975
22803 6163 388 389 4305
22804 7026 2810 6447 6202
22805 7811 6036 6601 4745
22806 7291 5632 6809 6654
22807 7462 5872 7333 6814
22808 8133 520 6904 4612
22809 6981 1301 3024 1887
22810 8351 365 8077 6296
22811 6272 968 960 1999
22812 6231 1619 5868 1664
22813 8144 923 4022 929
22814 6751 5377 358 5393
22815 7159 6257 6490 6314
22816 8186 2809 5915 4821
22817 7605 1080 6712 1448
22818 6383 2047 6304 4073
22819 6914 5611 6222 6176
22820 7189 1676 3729 3759
22821 7230 5875 6325 5869
22822 8306 6030 7336 6035
22823 7047 5715 6911 4299
22824 7453 5734 6216 6088
22825 7841 604 4981 4893
22826 7047 534 6911 2624
22827 6220 5265 3866 873
22828 6495 595 2215 5473
22829 7693 6722 7382 3007
22830 7528 5744 6164 6042
22831 7263 1589 5789 3877
22832 6245 2015 2014 2004
22833 6935 4567 6090 2690
22834 7252 1718 1717 3832
22835 8268 6680 6974 6115
22836 7519 2699 6668 1187
22837 7572 4912 6399 2283
22838 7881 6053 7617 6006
22839 7730 5790 7079 5540
22840 7841 5120 4981 603
22841 8230 249 250 4200
22842 8289 1233 6851 2788
22843 7227 1229 6521 5786
22844 7412 4622 6334 6132
22845 6699 2739 6433 5175
22846 7397 871 4427 872
22847 8206 5947 7027 5726
22848 6802 6125 6578 5491
22849 6225 2718 1202 1199
22850 5941 2206 4886 4406
22851 6356 3432 4968 4533
22852 7723 2203 6087 1941
22853 8419 6876 8391 6931
22854 8336 3165 6879 4425
22855 6906 2288 6726 5029
22856 7702 5875 6325 5707
22857 6406 4747 5459 2329
22858 7957 6463 7573 7552
22859 7138 3372 6422 2292
22860 7020 6707 6717 6254
22861 5866 2940 2928 1302
22862 6761 1840 6070 2645
22863 7643 6321 6941 6819
22864 6353 3467 3154 4894
22865 7580 5736 6410 5589
22866 7745 1626 1956 3685
22867 6840 3226 4731 4516
22868 7888 5839 6221 6049
22869 7353 6427 7288 5665
22870 6829 748 747 3889
22871 7135 4744 6550 6330
22872 7542 3619 6172 3470
22873 7803 4021 2005 1997
22874 6322 803 6040 4780
22875 6768 4901 2485 2480
22876 7341 6671 7124 7073
22877 6957 313 6822 5924
22878 6555 4317 5209 3613
22879 8071 6626 7815 6358
22880 6727 4460 721 720
22881 8318 5566 8241 7826
22882 7832 5730 7193 3480
22883 6184 1170 2408 1153
22884 7548 666 4327 667
22885 6569 5686 6196 5682
22886 7649 6307 7554 5495
22887 5782 4898 4300 2640
22888 6095 4364 377 378
22889 8250 6414 6467 5951
22890 8192 6789 7713 6913
22891 7017 1332 3662 3022
22892 6161 2594 4367 3289
22893 7665 1372 5991 5888
22894 6778 6105 6494 5894
22895 7447 2446 4386 4460
22896 6886 1832 2592 1145
22897 8330 6945 7631 5482
22898 7870 7140 7163 5623
22899 7726 6741 7469 2470
22900 6918 5819 5826 5756
22901 5866 4779 2930 2910
22902 6082 1164 3296 1838
22903 7378 5498 6074 5819
22904 6900 3068 1346 1351
22905 8311 2383 7830 6476
22906 7254 3936 5371 5377
22907 7201 3435 1442 1576
22908 7537 427 6702 4274
22909 7310 5948 7116 7113
22910 6167 1823 1120 2561
22911 7322 5118 451 450
22912 7265 6202 6238 2403
22913 7637 4663 7399 2612
22914 7254 3968 6298 5392
22915 6986 5662 6689 5610
22916 7383 6315 7029 5984
22917 6425 2111 6284 2103
22918 6283 5337 3871 3870
22919 7636 108 6203 6185
22920 7250 2727 6932 4858
22921 6630 355 5370 3962
22922 7446 4903 6032 4875
22923 6703 1575 5919 1436
22924 7386 4788 6168 529
22925 6141 5072 493 2523
22926 7731 3465 6058 5241
22927 5557 151 152 4593
22928 7840 839 6429 5262
22929 7157 3827 5781 3902
22930 6272 3186 2073 4984
22931 7707 5999 7564 5859
22932 6203 108 2652 2613
22933 6001 2125 2124 4138
22934 6645 3003 5724 207
22935 8298 6741 7469 5677
22936 7539 3899 1620 3903
22937 7689 3667 7404 6980
22938 6654 497 496 4381
22939 6481 126 4710 4891
22940 6463 6236 6361 6124
22941 8246 5847 7888 5839
22942 7505 6009 6374 5529
22943 7410 1877 1273 2874
22944 7838 2064 959 2045
22945 8270 4373 7054 5195
22946 7701 6487 7566 6177
22947 7522 3156 6955 5110
22948 7165 5854 6835 6066
22949 6707 3287 1144 2591
22950 7746 3632 6462 1912
22951 7820 6960 7694 6989
22952 8226 7377 8020 2983
22953 7678 7016 7506 7455
22954 6882 505 6033 504
22955 8247 5899 6379 4272
22956 6472 5916 6008 2315
22957 6433 2739 4387 719
22958 6412 3577 4956 4770
22959 8133 2571 6642 4771
22960 7494 1518 6920 3593
22961 8243 1889 6064 1300
22962 6163 2846 4340 388
22963 6130 5163 4347 65
22964 7533 3975 7199 4000
22965 6768 4674 2485 4901
22966 7843 1057 2739 1066
22967 7765 2565 4552 512
22968 6135 5428 2033 5444
22969 6057 4134 5985 4155
22970 8186 2808 1242 1244
22971 5972 5684 5691 5648
22972 7395 6891 6898 5734
22973 6703 3451 5919 3267
22974 8026 6844 7826 5486
22975 7633 6235 7010 6578
22976 8373 4178 5777 2177
22977 7040 6348 6670 6136
22978 7011 2277 1088 2496
22979 7958 5849 6939 6350
22980 7511 5557 6928 5543
22981 7094 5296 3800 852
22982 8098 6310 6341 6228
22983 7868 2623 6543 1156
22984 7485 2642 6167 1120
22985 6380 5698 6332 6067
22986 6937 3852 6603 1729
22987 7760 1836 2393 3090
22988 7922 5200 6543 6308
22989 5923 3358 4900 4629
22990 7599 5528 7534 5751
22991 7301 961 4096 4095
22992 8298 2470 7469 6741
22993 7670 6150 6830 6617
22994 8158 459 7065 458
22995 7602 2032 5428 958
22996 7181 5519 7136 7071
22997 7687 6677 7010 6235
22998 7122 4594 6381 3681
22999 7844 3830 3833 1714
23000 7458 3126 6227 3124
23001 7382 1880 7261 6385
23002 7220 6078 7008 6985
23003 6327 985 5521 979
23004 7467 2171 6665 5852
23005 6201 302 6122 3389
23006 7953 5060 3582 2852
23007 8238 4950 747 748
23008 6182 1315 1319 2973
23009 7519 5515 7500 5870
23010 6508 1702 6251 1701
23011 8201 6395 7774 3604
23012 7194 2803 1240 1867
23013 8290 6766 6884 4087
23014 7955 5489 7448 6224
23015 7452 1215 2755 1848
23016 6588 5680 6175 286
23017 6534 5015 6047 3761
23018 7684 6152 6350 6244
23019 6855 5606 5631 5505
23020 7553 6765 7144 6623
23021 7501 726 4576 690
23022 7816 5787 7518 5565
23023 7305 6499 7043 6260
23024 6461 5735 6287 5704
23025 7898 1013 5939 5934
23026 6186 1542 3138 1360
23027 7883 7323 7431 7276
23028 7405 6193 6460 6359
23029 7109 6885 6908 5595
23030 6660 3723 1673 3753
23031 7192 3932 6630 5370
23032 6668 1187 2699 1192
23033 6900 3058 6466 3191
23034 7296 2390 2430 5008
23035 6660 1673 5966 3753
23036 7338 6128 7022 6077
23037 6641 6303 6430 4298
23038 6675 2264 4807 291
23039 6668 1192 5870 1187
23040 6900 6466 6872 5874
23041 7638 6082 6912 5784
23042 6983 5066 6309 52
23043 7819 2512 7208 6126
23044 6853 6211 6531 6173
23045 7461 2506 1091 1096
23046 6593 5531 6014 5677
23047 6053 1593 1653 2221
23048 7444 1407 6222 1564
23049 7637 2427 702 4663
23050 6090 43 2751 4714
23051 8088 6335 6527 6280
23052 6761 1481 1167 3538
23053 7739 5224 4484 2573
23054 7151 7113 7148 6341
23055 7551 5998 6094 2220
23056 6991 6602 6626 6159
23057 6863 5663 6326 6111
23058 6679 4847 159 4618
23059 7548 667 4327 4932
23060 7747 4160 6615 683
23061 6371 1450 3280 2289
23062 6937 3855 6603 1730
23063 6886 1145 6642 6161
23064 7096 3282 1456 3281
23065 7902 2111 4117 2112
23066 6383 2047 4073 940
23067 6449 1335 1540 3624
23068 7052 5531 6014 5625
23069 7847 5782 6979 670
23070 7318 46 5087 3576
23071 7094 3840 6710 5932
23072 7693 3053 1345 1328
23073 7158 5911 6404 5484
23074 8057 5663 7330 6041
23075 6548 6228 6341 6002
23076 6697 4886 588 4406
23077 7960 5874 6872 6466
23078 6378 1530 3070 1318
23079 8148 1789 2347 2344
23080 6659 1930 3337 3239
23081 5571 1687 1969 3953
23082 7328 6152 7290 5844
23083 6412 6279 6383 2017
23084 8395 6710 7682 6022
23085 7285 5720 5760 5568
23086 6330 4744 155 154
23087 7969 4150 4137 550
23088 7708 5786 7629 6505
23089 6670 4557 6036 2832
23090 8372 5843 6696 5735
23091 7192 6228 6850 6056
23092 7805 6578 7232 5505
23093 7544 6459 6813 6266
23094 6613 1246 2818 2796
23095 7915 3189 1568 1433
23096 7520 2891 6798 2878
23097 7289 5752 6451 5616
23098 5963 4428 2777 2662
23099 7645 5575 6399 5664
23100 7238 2724 2736 1205
23101 7085 757 4229 756
23102 6608 1039 2400 5478
23103 7979 4655 784 4974
23104 6738 5821 6353 5693
23105 6847 3045 6658 3195
23106 6021 673 674 4172
23107 6475 5101 3417 190
23108 6735 6008 6230 2511
23109 5924 313 4920 4930
23110 6690 5434 6355 910
23111 6551 3130 3204 1371
23112 7883 5577 7323 6398
23113 5946 2294 5053 3351
23114 7274 2143 5872 2154
23115 7153 5613 6966 6817
23116 8113 5959 7271 5651
23117 6515 1370 1915 3118
23118 7573 4346 99 5215
23119 6883 4356 173 174
23120 7149 6188 7014 5323
23121 8038 7171 7845 6639
23122 7569 5744 5919 3343
23123 6588 4097 5680 286
23124 7763 1875 3588 2868
23125 6825 3751 5938 4950
23126 7330 6251 6509 5663
23127 7640 5610 6835 6607
23128 8343 6087 8054 6688
23129 6445 6031 6423 6271
23130 6744 3681 6381 3337
23131 8344 3975 4000 250
23132 7013 1464 3511 1825
23133 7439 5497 7408 6389
23134 6916 554 4142 553
23135 7002 5871 6146 5891
23136 7849 830 829 5210
23137 7623 6290 6907 6058
23138 7583 6101 7264 6197
23139 6464 5017 2679 3544
23140 6774 686 4207 5139
23141 7005 4101 280 281
23142 6981 5926 6064 2938
23143 6629 5585 5774 5636
23144 6246 5117 3443 3442
23145 8027 6967 7384 5862
23146 6987 2881 6548 3590
23147 7985 6259 7690 7592
23148 5820 3706 3707 1960
23149 8059 5585 7478 7354
23150 6691 6132 6334 4622
23151 7143 5674 6888 6614
23152 7969 4962 4748 2557
23153 7931 141 6465 4484
23154 6766 5456 2019 2024
23155 6640 2253 4585 2255
23156 6900 3055 3058 1346
23157 7340 4002 3984 1986
23158 7724 3579 5928 1504
23159 8061 4422 4505 443
23160 6778 3783 1600 1578
23161 6885 5882 6362 5513
23162 6974 526 2604 525
23163 7971 5256 7863 841
23164 8251 529 6115 5113
23165 7119 2561 4806 2567
23166 6039 2130 1012 1026
23167 7223 7099 7216 6527
23168 7876 1541 7776 3154
23169 6606 3441 4860 5037
23170 6984 1012 6039 5934
23171 6369 4582 5053 301
23172 5945 5750 5937 5524
23173 8246 7007 7945 5839
23174 7672 7045 7101 2349
23175 7733 5679 7151 6548
23176 6682 625 4520 4861
23177 6201 4569 3388 2332
23178 7271 6063 6893 5959
23179 7850 5880 6302 6250
23180 7750 5185 6677 217
23181 6975 5137 2456 2444
23182 6024 3828 3829 1713
23183 5808 558 4289 559
23184 5591 4374 3214 4897
23185 6005 2226 1595 1654
23186 6943 5525 6648 5685
23187 8147 5674 6995 6537
23188 6780 5888 6546 5991
23189 7247 4271 5099 3335
23190 6679 5055 2887 4618
23191 6751 6003 6044 5377
23192 6892 5849 6318 6268
23193 7152 6127 7009 5791
23194 6400 724 723 5137
23195 6357 2502 1808 2499
23196 6328 4472 6215 2237
23197 5938 3714 4950 4617
23198 7950 1379 3142 1381
23199 7091 3172 5005 4630
23200 7746 5131 6462 3166
23201 7851 3227 6460 1416
23202 7451 5863 7358 5779
23203 7796 6866 6915 5954
23204 6467 4156 2148 4136
23205 6670 1252 2826 1245
23206 7464 5311 3900 3901
23207 7376 943 6736 5187
23208 7834 2232 7264 7102
23209 7749 6125 6802 5491
23210 7090 2986 1317 1898
23211 7412 1131 6642 1145
23212 7115 4796 192 191
23213 7526 1757 2416 3417
23214 7205 5131 6462 5841
23215 6064 2939 1303 1301
23216 7023 6233 6927 5936
23217 7623 6118 6907 6037
23218 6573 1417 3236 3229
23219 6670 2826 6348 1245
23220 6146 1420 5952 3228
23221 7434 6380 7217 5712
23222 7505 6644 6753 6217
23223 6083 2255 5681 3369
23224 8180 6375 6949 5527
23225 7745 6910 6956 4671
23226 7297 5793 6816 6572
23227 7845 6213 7171 6539
23228 7852 189 7585 5711
23229 6621 1279 6552 1285
23230 6840 4706 440 439
23231 6401 381 5060 5035
23232 7012 835 3656 4206
23233 7811 4745 6601 5383
23234 8133 4612 6904 6055
23235 6588 5653 6175 5680
23236 7853 6648 7181 5525
23237 7499 1708 3820 3816
23238 6728 3664 4633 3192
23239 6018 1078 2474 3355
23240 7979 6204 6731 6474
23241 6637 4690 5086 2263
23242 6031 40 4719 39
23243 6923 6184 6456 5958
23244 7430 6359 7352 5965
23245 6747 6615 6716 5925
23246 6569 2240 1948 1601
23247 8295 2421 7833 1983
23248 6902 1907 3048 3057
23249 7962 6248 7601 6580
23250 7047 2624 6684 3530
23251 7931 2629 107 142
23252 6975 2444 3350 5216
23253 7698 3455 2871 1271
23254 7756 5078 6264 6163
23255 7242 5635 6660 5966
23256 5822 3784 3785 5343
23257 6752 5413 5401 4004
23258 7134 1641 6825 3716
23259 8046 1680 2325 1681
23260 7126 5895 7035 6460
23261 7736 1459 6498 2548
23262 5727 4173 2164 2159
23263 8131 6337 6879 5836
23264 7447 6331 6400 5137
23265 8152 6844 7010 6364
23266 7603 5578 7506 6792
23267 7854 3410 7279 1025
23268 7624 6383 7107 6501
23269 7774 3604 6397 2951
23270 5902 5616 5719 5534
23271 7824 6205 7768 57
23272 7523 320 321 5162
23273 7258 821 3601 4879
23274 7541 6224 7297 6577
23275 7000 6287 6651 5704
23276 7373 5480 6451 6257
23277 6757 6257 6314 5983
23278 7908 1859 7077 6853
23279 6981 2938 6064 1301
23280 7931 5224 7739 2573
23281 7019 3789 736 735
23282 8307 6127 8069 7269
23283 7693 1328 3007 2970
23284 6964 2520 6371 1449
23285 6491 6057 6308 5621
23286 6314 5621 6308 6057
23287 6710 3840 5306 3844
23288 7855 5488 7526 1757
23289 7800 5870 7519 5908
23290 7627 5666 6329 5997
23291 6484 3994 5847 5399
23292 7582 5517 6118 6058
23293 6780 4814 6526 6114
23294 7931 2406 6551 2629
23295 7290 5504 6404 6152
23296 6320 4546 292 2318
23297 7926 2023 6091 2025
23298 6481 4926 2491 127
23299 6853 3561 4377 2761
23300 7057 5528 5923 5789
23301 7507 5889 7455 6723
23302 7268 3705 5743 3706
23303 6301 3363 5281 2226
23304 8396 2963 8265 2959
23305 7634 6069 6167 6070
23306 6909 6369 6406 299
23307 8087 5876 6778 5894
23308 8089 5618 6506 6010
23309 6473 2635 6082 1164
23310 7541 7210 7237 6012
23311 5924 312 4920 2350
23312 7794 5752 7289 6390
23313 6701 3909 5652 1739
23314 6933 1769 2394 1742
23315 6471 3340 3475 1936
23316 8191 6997 8149 7059
23317 6012 4539 2995 401
23318 5680 2086 286 4097
23319 7496 2531 6770 2285
23320 6143 3295 5795 4677
23321 6245 2014 5130 4208
23322 7190 503 5218 4421
23323 7975 5907 6722 6098
23324 6172 3619 1337 3470
23325 5847 1768 3995 3994
23326 6283 5336 3870 3769
23327 7986 4794 6871 111
23328 6987 2881 3590 5282
23329 5804 4257 5284 3529
23330 7738 6012 6519 5764
23331 7164 2262 5860 3167
23332 5924 4930 4920 312
23333 6737 4351 820 819
23334 6596 409 410 4675
23335 8051 1903 1345 3053
23336 7856 2462 7568 1071
23337 7926 5481 7312 6091
23338 7467 2427 2612 1047
23339 7269 6124 6800 6254
23340 7729 1172 1173 2656
23341 7979 6474 6731 6160
23342 6971 5556 6619 5714
23343 7871 6280 6335 5539
23344 7104 2864 2937 4331
23345 7171 6619 7116 5556
23346 6923 5958 6456 6109
23347 7572 4389 6974 4912
23348 6676 4494 2436 214
23349 6922 2454 5521 2295
23350 6058 3208 3465 1536
23351 7339 6951 7262 5757
23352 6604 4363 865 864
23353 7938 4207 7867 6774
23354 6031 39 4785 40
23355 7862 1462 3505 3393
23356 7858 684 5207 3566
23357 7000 5098 4247 714
23358 6064 1303 2936 1889
23359 5997 826 5741 827
23360 6344 5999 6016 2521
23361 6817 3571 5181 4435
23362 8062 6076 7069 3637
23363 7610 5862 7025 6063
23364 6849 4884 342 4664
23365 7839 5933 7735 4431
23366 8289 6851 8128 6067
23367 7571 3214 1925 1409
23368 8137 132 6685 133
23369 6302 186 5574 4584
23370 6542 86 87 4592
23371 6095 377 5898 4704
23372 7626 5793 6816 6482
23373 7572 2283 2287 4389
23374 7662 1157 2650 2622
23375 7679 3159 7196 6595
23376 8318 7041 8159 5540
23377 7580 5589 6762 5736
23378 7548 4180 6110 5852
23379 8151 7006 7131 5669
23380 7337 1643 5966 5650
23381 7859 2312 723 5150
23382 6594 4716 2713 2700
23383 6829 5716 6025 746
23384 8093 2900 6592 6044
23385 8010 6208 7641 6994
23386 8184 771 8169 4631
23387 7545 5897 7140 5771
23388 7249 6746 7003 5545
23389 6407 4016 2061 967
23390 7132 5683 7037 6696
23391 6099 1831 1468 3520
23392 6206 3280 4842 2289
23393 7442 2712 4464 2701
23394 6744 5922 6542 3682
23395 6775 3572 6586 1501
23396 7094 5710 6710 6022
23397 7352 508 5233 507
23398 6881 5966 6660 1644
23399 7812 6428 7684 7611
23400 6610 2490 5677 1083
23401 7777 1862 6935 1234
23402 6939 570 5804 5668
23403 8227 952 7963 5445
23404 6754 1733 1735 3923
23405 7274 4157 571 4129
23406 7682 6710 7028 5853
23407 6939 4133 568 569
23408 7452 6383 6868 6501
23409 6778 3876 1578 1940
23410 8073 5998 8021 7270
23411 6876 5733 5895 1927
23412 7001 5813 6433 6276
23413 5958 4859 4522 2780
23414 7909 507 5745 2471
23415 7074 4183 5684 4167
23416 7451 1917 7198 1374
23417 7382 5066 7257 2970
23418 7345 5792 6724 5962
23419 6379 121 4272 5075
23420 6987 6228 6548 6002
23421 6494 2238 1600 3367
23422 7732 6669 6709 5496
23423 7628 5494 6590 6054
23424 6900 3055 1346 3068
23425 7100 6141 6443 3491
23426 7787 6328 6970 6153
23427 6900 422 6872 6466
23428 8186 2808 7194 5915
23429 7886 1139 5722 1113
23430 7437 488 489 4736
23431 6172 2992 3120 4354
23432 6919 5152 251 4566
23433 7013 2319 1464 2375
23434 7970 5692 6561 5800
23435 6739 1874 6388 1269
23436 7052 5505 6014 5992
23437 6643 81 6218 4923
23438 6864 3600 5692 2969
23439 7461 6479 6528 5575
23440 7615 4331 391 390
23441 8157 990 2084 2085
23442 6327 985 2080 2081
23443 6018 1078 5998 1809
23444 7707 6141 7108 5767
23445 6934 3214 5591 4374
23446 7510 6122 7140 4241
23447 7730 5790 6099 5594
23448 8314 5675 8013 6956
23449 7321 4444 869 868
23450 7175 6055 7117 6904
23451 5970 4633 5828 420
23452 7652 5971 7179 5966
23453 6937 1728 6487 3851
23454 7849 5997 7686 4335
23455 6237 490 491 4370
23456 7594 6643 7515 6317
23457 7723 1941 6959 3767
23458 7153 3571 3570 5181
23459 7359 2917 6046 1294
23460 6213 3017 3320 5045
23461 5857 5439 934 4072
23462 8087 6494 7903 6183
23463 7483 5542 7259 6889
23464 6858 4210 2450 5135
23465 6400 4475 3380 5150
23466 5856 4651 4945 695
23467 6897 4520 5083 2619
23468 7735 1466 6452 1829
23469 6494 6215 6328 6105
23470 6572 5793 6553 5732
23471 7796 5584 7627 5954
23472 7153 4435 2787 3571
23473 6395 375 2978 2977
23474 6747 5758 6716 6615
23475 7287 2816 6540 1249
23476 7095 1726 5890 1725
23477 7653 5728 7512 7093
23478 7635 228 6804 6255
23479 6653 6057 6491 4155
23480 7398 5493 7309 6096
23481 8310 6352 6576 5733
23482 6606 1488 3441 2723
23483 7220 5552 6953 5646
23484 6735 3377 1104 1453
23485 7884 3254 7122 6744
23486 6692 599 6010 4236
23487 7034 6580 6895 6079
23488 7785 6758 7642 5824
23489 7568 5830 6804 5606
23490 7270 2220 2527 1095
23491 7911 6427 7600 5665
23492 7509 6737 7319 7246
23493 6854 3074 4199 3324
23494 7766 6339 7345 5934
23495 5959 2767 2677 1221
23496 7237 3005 405 404
23497 6243 1189 2678 2696
23498 8129 6746 6918 6713
23499 7272 5756 5826 5819
23500 6790 5836 6337 6207
23501 6556 3897 5366 3811
23502 7475 6288 7106 6393
23503 7092 4999 2603 3522
23504 7489 5876 7407 5894
23505 8108 2449 6748 610
23506 8117 5656 6800 1306
23507 7094 5301 5296 853
23508 6179 169 5283 168
23509 6773 5497 6502 5977
23510 6467 2157 6414 4136
23511 7686 5588 5997 5666
23512 7121 5223 6215 4470
23513 7715 6675 7422 6991
23514 7023 5107 2643 2746
23515 6607 350 2863 4661
23516 7348 2944 5840 3010
23517 6776 2666 1178 1177
23518 6234 1182 2665 2676
23519 5904 5440 2039 2051
23520 7403 874 3909 3814
23521 7963 2044 7926 6808
23522 7861 5642 6416 6316
23523 6261 4167 4169 2168
23524 7048 5316 7024 3927
23525 7777 3577 6407 1247
23526 7726 2627 6473 2417
23527 7947 6874 7806 3301
23528 6659 1419 1423 3305
23529 7457 6300 6910 5869
23530 8399 4567 7318 5087
23531 6711 2756 6233 2615
23532 7417 6187 7183 6985
23533 8014 3646 4843 55
23534 7283 4685 3426 3427
23535 8235 2141 4141 568
23536 5747 5300 3836 5299
23537 6621 2901 5838 1285
23538 6621 5838 6552 1279
23539 7731 4424 836 4535
23540 6678 5926 6398 5577
23541 6764 6156 6444 5793
23542 6764 413 2262 4696
23543 7862 2223 6166 5969
23544 6782 4212 64 5184
23545 7887 6846 7287 148
23546 6878 5951 6153 5572
23547 7532 5612 6773 5824
23548 6120 5210 4336 830
23549 6416 2175 2191 673
23550 5914 1911 3083 3079
23551 7032 1670 5845 3745
23552 7637 702 6045 4663
23553 6192 2434 3423 4418
23554 5740 3202 5673 4718
23555 7860 6614 7856 7568
23556 7938 6774 7858 684
23557 6940 655 654 4623
23558 6330 156 155 4744
23559 7391 4188 4162 678
23560 7146 5539 6880 5558
23561 7515 5567 6783 5673
23562 5747 2001 2006 966
23563 8248 278 6170 279
23564 8099 5735 6287 4880
23565 7032 778 3746 3750
23566 6104 2875 5047 2876
23567 7957 100 101 5193
23568 6514 5832 6476 5667
23569 7862 1077 6166 2223
23570 6484 1741 1768 3994
23571 7618 5055 160 5040
23572 7489 5759 7407 6183
23573 8297 6180 7749 5841
23574 7740 2091 5633 4112
23575 6296 4779 5866 2910
23576 8117 1521 6800 1884
23577 7557 5968 7428 5797
23578 7544 6813 7070 6833
23579 6881 1674 3754 3724
23580 7047 3530 6684 2609
23581 7570 5839 6484 6297
23582 7548 666 5967 4327
23583 8070 95 7551 5027
23584 7509 2980 6409 1525
23585 5923 3358 2304 4900
23586 7217 6226 6838 6523
23587 6830 5780 6759 5910
23588 5961 926 5427 4024
23589 8204 6271 7760 7438
23590 7255 4723 3219 3225
23591 8144 923 6913 919
23592 5569 4668 4637 2496
23593 8271 6268 7958 5849
23594 7205 5841 6462 5994
23595 6971 6136 6629 5585
23596 6476 4500 3514 2383
23597 7217 6332 6838 6380
23598 6955 5741 6291 5584
23599 7714 5495 7295 6370
23600 7570 242 5790 4350
23601 7916 4148 2138 2137
23602 7015 5510 6335 5875
23603 6672 2226 5281 2228
23604 6401 379 6213 6095
23605 6004 5160 135 136
23606 6922 4224 5717 2454
23607 6305 1055 3350 2444
23608 8093 1282 1882 2895
23609 6091 3854 1730 3917
23610 7773 3512 6032 2541
23611 7773 4123 7446 276
23612 7397 5247 3929 871
23613 6058 5517 6046 3208
23614 7526 2418 2416 1756
23615 6508 6075 6251 1702
23616 5591 2073 5449 2059
23617 7092 1469 6917 3290
23618 7174 5524 6661 5553
23619 8154 6903 7038 6006
23620 6909 297 6140 4486
23621 7977 1203 1207 2720
23622 7059 5233 3507 3506
23623 6175 4417 286 285
23624 6979 4176 4158 2169
23625 7449 6650 7369 6427
23626 5754 1816 1456 2507
23627 6919 251 5402 252
23628 6579 3631 1361 1544
23629 5670 939 936 4075
23630 6727 4386 722 4460
23631 6442 5091 676 5004
23632 7905 2386 6965 1834
23633 7663 5685 7150 5816
23634 5879 3496 501 3387
23635 7575 59 60 4329
23636 7566 6177 7160 5975
23637 7101 1130 1154 2399
23638 5935 781 5050 780
23639 7528 5815 6164 5744
23640 6929 1439 6164 2229
23641 7637 2427 7063 2768
23642 7221 1650 2211 3357
23643 6604 6289 6603 865
23644 5879 5159 5817 501
23645 7139 5484 6611 6538
23646 6373 4378 232 3281
23647 7420 3959 3969 1694
23648 6899 5350 5320 751
23649 8003 6664 7653 7066
23650 7684 5911 6757 5504
23651 6710 3844 5932 3840
23652 6399 2293 5006 3280
23653 5887 1043 2605 1045
23654 6263 5178 2642 2641
23655 5818 1612 1951 2256
23656 7111 4792 2975 4849
23657 5591 2073 2059 4984
23658 6971 6619 6944 5714
23659 5944 4650 698 697
23660 7468 1016 1029 3433
23661 6070 2552 4578 3437
23662 7550 6636 7447 6331
23663 7814 1003 7371 2122
23664 7915 3206 7768 7044
23665 7270 2257 6018 1095
23666 5804 1158 3529 1475
23667 6596 5732 5850 5793
23668 7382 1880 6385 1314
23669 6232 3193 3180 4699
23670 6864 3072 6200 1892
23671 7633 6752 6855 5505
23672 6261 4169 2166 2168
23673 6719 2298 6267 987
23674 8374 2192 5925 1050
23675 5932 3839 5747 1720
23676 7939 1495 2775 1224
23677 7253 5645 5649 5619
23678 6701 1739 3869 1975
23679 8120 494 4683 493
23680 7814 2122 4146 547
23681 6475 192 6343 2419
23682 8179 6550 7135 2684
23683 7869 6088 6131 3019
23684 7869 3661 5030 3552
23685 7369 6650 6666 6427
23686 7763 1509 7587 3588
23687 7819 1179 2512 1843
23688 7957 7552 5193 101
23689 8062 858 857 4855
23690 6716 6068 6187 5846
23691 8269 225 7568 4694
23692 6684 1158 5804 1475
23693 7570 242 6484 5839
23694 7869 3661 6131 5030
23695 6526 801 5465 4528
23696 7419 4971 6922 4679
23697 7325 6333 6748 3356
23698 7952 7791 7900 7680
23699 5881 4958 4685 3427
23700 8171 1733 6754 3861
23701 6266 5232 399 400
23702 6770 2531 265 2303
23703 7131 434 6587 435
23704 6777 4126 2108 2119
23705 7749 5880 6802 6202
23706 7770 5788 6865 5802
23707 7869 3552 5030 3181
23708 7758 5905 6285 4292
23709 7118 5563 6573 5952
23710 8038 6639 7996 6742
23711 6657 2516 2309 1098
23712 7153 5613 6004 5651
23713 6776 1177 1844 2387
23714 7338 5698 6128 6077
23715 7869 1332 7248 6088
23716 7391 5777 6442 676
23717 7233 3130 7196 6551
23718 6644 4008 5418 5420
23719 7464 6260 6556 5647
23720 6121 4092 4070 4056
23721 6788 3528 3527 1474
23722 7032 5913 6019 4238
23723 7634 4680 6769 546
23724 8129 7192 7801 6630
23725 7601 5054 6996 2546
23726 7741 3553 5107 668
23727 6253 5251 6097 5901
23728 7863 6820 7840 3819
23729 6804 228 227 5410
23730 6641 4298 2722 5182
23731 7261 3314 3316 1515
23732 7322 451 4677 4732
23733 7870 5623 7163 6662
23734 7400 6338 7281 5518
23735 7213 7071 7136 5527
23736 7805 6578 7010 6844
23737 6673 2663 1180 2512
23738 6135 4086 4058 935
23739 7724 1504 1253 3578
23740 6761 3538 1167 2645
23741 7436 6791 7174 5617
23742 7286 2715 1227 1499
23743 6058 1536 5517 3208
23744 8048 6559 7639 5759
23745 7457 6300 7099 5822
23746 7254 6298 6509 6003
23747 6481 4926 127 126
23748 6858 5135 6588 4210
23749 7554 6189 7239 6188
23750 6610 2487 1089 2503
23751 6956 3688 3689 1628
23752 7784 411 6764 4928
23753 7451 5768 7198 5779
23754 7258 4725 5900 4941
23755 6319 807 4547 808
23756 5680 2117 285 2086
23757 7569 3347 3343 4384
23758 7659 343 3965 3955
23759 6128 3352 6077 2857
23760 7471 5892 6633 6270
23761 6676 5131 214 213
23762 8132 4564 7452 4052
23763 6653 5621 6507 6491
23764 7817 4769 6561 4358
23765 7716 7473 7578 5874
23766 7047 4316 6624 533
23767 7126 6193 6389 6359
23768 6150 3935 5391 332
23769 7379 6068 6716 6636
23770 6700 3717 3719 1963
23771 6736 5289 5476 5474
23772 6603 3852 6533 863
23773 6789 5446 912 913
23774 6032 3512 5722 2541
23775 6545 2838 1258 1257
23776 6531 6073 6173 5500
23777 7136 6375 7071 5519
23778 6097 3189 61 3635
23779 7152 4581 2393 4658
23780 6850 6341 6713 5610
23781 6984 3402 1026 2224
23782 7613 5776 6973 3885
23783 7972 6734 7751 5609
23784 7557 5797 5885 5613
23785 6569 1601 3797 1625
23786 6659 3337 5899 3239
23787 7056 3982 5407 5416
23788 8108 609 5155 610
23789 8086 7162 7608 6997
23790 6627 4604 4603 2489
23791 6793 5832 6690 6514
23792 6369 4569 6201 4614
23793 8187 5785 7350 6818
23794 6385 2971 4652 4044
23795 7837 1479 3534 1150
23796 6926 5608 5931 5731
23797 7817 4358 2962 4769
23798 7773 278 7488 4120
23799 6745 5646 5727 5552
23800 7145 1161 3119 1371
23801 7065 457 6131 4853
23802 6638 3338 3319 4910
23803 7800 1190 6281 2693
23804 6974 4999 5664 525
23805 6095 377 4704 4365
23806 7882 5702 6102 693
23807 7467 1047 7063 2427
23808 6023 5462 612 2233
23809 7579 2024 2019 907
23810 6468 1579 6275 2201
23811 6848 934 5857 4091
23812 7634 4578 6070 2552
23813 7695 4084 6347 4066
23814 5872 570 5668 571
23815 7089 5195 3668 4423
23816 7260 5787 6155 3523
23817 7754 6374 7232 6351
23818 6460 4660 4730 3223
23819 7011 2482 5706 4668
23820 5866 5636 5840 1302
23821 6753 3419 3418 1763
23822 7509 2946 7319 6737
23823 7140 4678 2339 4917
23824 7966 2266 7783 4582
23825 6841 5900 6737 5548
23826 7706 2043 2060 916
23827 7792 5610 7392 6835
23828 7605 3482 1448 1069
23829 7513 581 545 4139
23830 6536 4816 4821 331
23831 7654 5979 6000 5710
23832 6542 85 6411 86
23833 8250 6414 7320 6467
23834 6569 2241 6196 4826
23835 7489 6370 7178 5876
23836 7015 4624 6663 3696
23837 7219 5578 6687 5607
23838 6164 4410 5905 4197
23839 7231 1887 6981 2926
23840 7153 3571 1863 1230
23841 7100 1814 2536 1109
23842 6304 2026 4073 2047
23843 5789 3773 1591 3774
23844 5860 1387 3167 3330
23845 7468 5618 6892 6342
23846 6634 1418 5952 5891
23847 6899 753 5261 752
23848 7365 5640 6188 5923
23849 6042 4209 4421 3272
23850 7495 3652 1363 3098
23851 5591 4984 4897 3185
23852 6564 3454 2943 1272
23853 6981 1298 6678 2938
23854 7270 2527 1104 1095
23855 6638 3319 6363 3266
23856 7270 6446 6735 1104
23857 7938 1218 7867 2758
23858 7859 6400 6727 5544
23859 5848 4159 4188 679
23860 7049 5510 7015 5875
23861 6983 3303 6214 4667
23862 6827 98 4315 97
23863 6230 5274 131 4258
23864 7874 6543 7290 5504
23865 7872 6403 7706 7559
23866 6065 2049 2033 5434
23867 7492 5494 6339 5713
23868 7186 6655 7108 7064
23869 7549 1322 2991 1900
23870 7158 5844 6680 6538
23871 7447 3431 2448 4460
23872 7001 1804 6433 2447
23873 7495 5765 7416 6805
23874 7166 2733 7149 6874
23875 7340 1751 6323 1752
23876 6537 2518 261 4407
23877 6782 5184 3348 4212
23878 7820 6989 7733 6002
23879 7069 3642 5900 5750
23880 8179 5753 6550 6100
23881 7445 5806 6730 6219
23882 6900 3191 6466 6449
23883 7300 4422 3231 442
23884 7577 6586 6883 176
23885 7846 6050 7624 7107
23886 6399 5575 6206 5664
23887 7904 5833 7584 793
23888 7745 4671 3688 3686
23889 8171 3858 7942 1981
23890 8071 5725 7901 6797
23891 7873 5421 5418 4010
23892 5932 3843 5747 1721
23893 7870 6726 7546 6122
23894 7248 1332 1924 3662
23895 7200 5913 6792 5845
23896 7104 3453 5639 1276
23897 7001 5813 6457 5925
23898 6653 4155 6491 4132
23899 6702 5611 5649 5523
23900 7272 6842 6957 4234
23901 7306 5971 7134 750
23902 6865 3943 6536 6111
23903 6776 6470 6695 6567
23904 7060 6725 6749 6372
23905 7105 6389 7035 5497
23906 8003 7242 7653 5882
23907 6920 1282 3460 2985
23908 7966 4582 6369 300
23909 7706 916 914 911
23910 6151 4438 3060 3035
23911 7976 349 7640 348
23912 6452 3515 3400 5475
23913 6438 3568 5651 2778
23914 7779 5419 7687 3983
23915 6472 4223 4315 2555
23916 7538 840 6847 6405
23917 7379 2181 6636 1058
23918 7065 4595 457 458
23919 7420 5662 6740 6570
23920 7884 3270 7122 1437
23921 6861 5058 6849 344
23922 6963 5607 6795 6015
23923 6272 1395 6098 1558
23924 7034 6240 6248 5731
23925 6758 462 5270 3546
23926 6937 1729 6603 3855
23927 8247 118 7245 4982
23928 7754 7505 7561 5512
23929 7350 6247 6813 5554
23930 6600 5586 6032 5986
23931 7655 4261 7458 3124
23932 7550 6305 6636 6331
23933 6400 5137 723 4386
23934 7756 6163 6424 5078
23935 7664 6553 6790 5732
23936 6706 3581 2837 1251
23937 7331 6116 7155 6427
23938 7087 1353 1539 3029
23939 7012 4206 6290 835
23940 7832 1098 6657 2309
23941 7193 3480 5203 4433
23942 7223 7099 7109 6565
23943 7773 3512 2541 4764
23944 7894 106 105 5220
23945 7751 2578 2632 1174
23946 8178 7126 7408 5497
23947 7386 4788 5007 2569
23948 7069 1359 3642 1913
23949 7663 5829 6316 5843
23950 8233 3788 1608 5338
23951 7825 5957 6545 5601
23952 7360 2937 7104 1273
23953 7671 3540 1482 1840
23954 6731 4974 783 3711
23955 7610 6063 7025 5737
23956 7802 5708 6348 1248
23957 8367 5643 8143 6234
23958 7161 2865 6388 3585
23959 5972 657 4751 658
23960 6043 584 4575 585
23961 6825 3713 6474 6204
23962 8083 1645 3758 1646
23963 6728 1397 1561 3664
23964 7385 229 6212 5407
23965 7540 6628 7301 6000
23966 7447 2446 2448 1058
23967 6841 3079 5914 5001
23968 6086 1982 1736 3863
23969 6007 1550 3643 3107
23970 7331 6114 6427 6040
23971 7063 2768 2427 1046
23972 8302 6025 7137 6880
23973 7621 3640 3102 1366
23974 7150 5659 6110 5685
23975 5860 3167 414 415
23976 7425 5524 7068 6530
23977 8263 241 4983 240
23978 6711 2615 6233 1210
23979 5619 5166 430 431
23980 7716 5530 7473 6639
23981 8170 5785 8082 7088
23982 8297 7026 7304 6007
23983 7364 844 3826 3905
23984 8142 6828 6866 5490
23985 7765 5760 6311 5969
23986 7876 6938 7776 3145
23987 5619 4430 4291 431
23988 7584 1532 6182 1315
23989 7762 5924 6822 6570
23990 5819 5468 320 4219
23991 7089 3199 7054 6222
23992 6232 4699 3180 78
23993 7332 259 260 4122
23994 8178 7126 7429 7408
23995 7045 3414 6788 1474
23996 8117 1884 8045 1290
23997 7877 7281 7799 5815
23998 6694 4109 6568 4114
23999 7405 4467 5470 4555
24000 7073 5849 6814 5627
24001 7092 1143 6917 1469
24002 8099 6089 6973 5728
24003 7935 6222 7054 3199
24004 6495 5473 2213 4598
24005 5789 1590 1591 3773
24006 8187 5554 7544 7486
24007 6850 6002 6713 6228
24008 7878 5896 7342 6999
24009 8152 6364 7010 6856
24010 6775 3449 5219 2786
24011 6677 217 253 5406
24012 7121 4470 6215 582
24013 7005 2085 4100 4125
24014 8249 1188 1186 2685
24015 6579 1361 3630 1544
24016 8019 5845 7949 6019
24017 7962 271 272 2099
24018 7206 5853 6022 5821
24019 6815 5628 6072 5936
24020 8094 3000 1901 1534
24021 6603 5762 6289 5553
24022 7650 1320 2988 1896
24023 6064 2939 2936 1303
24024 8059 5585 7354 5774
24025 7875 6509 6746 5663
24026 6629 5774 6136 372
24027 7839 70 6708 4561
24028 6803 3047 1343 1909
24029 8153 5285 8070 4366
24030 6328 4472 2236 3366
24031 6620 6146 6573 3228
24032 7924 910 2066 2056
24033 7830 2600 1148 1168
24034 7542 3470 3630 5220
24035 7729 1172 1169 2478
24036 7255 3226 6840 4723
24037 6275 4607 583 4609
24038 7427 6646 6723 5889
24039 6407 4326 2854 4799
24040 5838 198 4341 199
24041 7601 6061 7215 1820
24042 7951 5942 6968 2797
24043 7876 3154 6353 3467
24044 7273 6938 7226 5115
24045 6467 1035 2148 2158
24046 8336 5850 8131 6743
24047 6738 5293 5288 849
24048 6686 5674 6034 5549
24049 7724 1253 7381 3578
24050 6906 2079 6284 1779
24051 6795 790 4343 2989
24052 7773 5837 7488 6600
24053 7438 5976 6708 3093
24054 7493 1490 3553 2593
24055 7670 5479 7450 6830
24056 5692 4654 5688 2969
24057 7701 5553 6533 6177
24058 7205 5503 5551 5491
24059 6983 5917 6214 5770
24060 7777 6935 7318 5483
24061 7599 6148 6692 5738
24062 6684 2624 6585 3530
24063 7230 5875 6663 5707
24064 6863 1677 6041 3941
24065 7816 6082 6941 6858
24066 6573 3243 1425 1569
24067 8129 6508 7801 6918
24068 7877 5768 6106 5815
24069 7143 2518 2517 262
24070 6575 3420 4665 2430
24071 6406 299 4614 5459
24072 7134 4617 4649 3716
24073 6426 2243 1796 1034
24074 5904 4090 5171 4061
24075 6685 2778 3568 5160
24076 7972 2634 7646 2660
24077 6519 1378 1293 2995
24078 7664 6349 6790 5536
24079 7380 6216 7248 1394
24080 5935 5013 781 782
24081 7745 3686 1626 3685
24082 5935 5688 5845 4654
24083 6861 345 5058 344
24084 7423 5655 7364 6024
24085 6602 6034 6162 5763
24086 6094 93 94 4838
24087 7233 6994 7145 6551
24088 7487 6085 6393 5699
24089 7727 6831 7673 7666
24090 7454 6407 7261 1262
24091 7621 396 6890 3115
24092 8059 6348 7040 5585
24093 7922 5668 6543 5804
24094 6419 6240 6354 5586
24095 7996 3014 3018 1330
24096 7878 5001 5914 3083
24097 7651 2920 7591 4591
24098 7879 5527 6949 6408
24099 7399 6665 7008 5685
24100 6419 5722 5964 5586
24101 7887 6029 6456 6109
24102 6796 5864 6609 5678
24103 6419 5964 6240 5586
24104 6977 6370 6857 5855
24105 6396 639 5359 640
24106 7059 3504 6157 4419
24107 7231 1298 2926 3015
24108 7188 1407 1405 3299
24109 6937 3855 1730 1729
24110 7965 6174 6673 5526
24111 7224 6066 6564 5854
24112 7434 5712 7217 6236
24113 7884 1937 1437 3255
24114 6511 797 5128 798
24115 7761 6664 7498 5558
24116 6166 2461 5969 2223
24117 6250 184 2410 4868
24118 8192 913 6913 915
24119 7826 5551 6517 5491
24120 5866 2941 2928 2940
24121 6634 1927 5733 3226
24122 7783 1777 2266 972
24123 7998 5606 6888 5505
24124 6858 2450 2610 1166
24125 7364 1712 6024 5823
24126 6391 4039 945 4044
24127 7840 5262 3819 3821
24128 7753 5555 6800 5600
24129 6678 770 4446 2925
24130 6738 4935 849 4863
24131 6729 6450 6575 5547
24132 7280 6470 7152 5791
24133 7153 3571 2787 1863
24134 6677 5185 253 217
24135 6407 967 2000 4016
24136 6274 2886 4659 3591
24137 7883 7276 7456 7323
24138 6826 6500 6530 5945
24139 8012 5490 7275 7155
24140 6065 5444 2033 2049
24141 6998 2016 4057 4081
24142 6723 3731 6646 6511
24143 6103 1064 5925 1050
24144 6373 1816 2508 3281
24145 7402 3384 3440 1000
24146 7565 6023 6970 612
24147 6827 4223 5873 5458
24148 7258 4941 5900 820
24149 6164 1439 1441 2229
24150 6181 5710 5979 5932
24151 6942 3640 1548 3639
24152 7302 3591 6274 5701
24153 7748 1960 1636 3741
24154 7749 5541 6802 5880
24155 7695 5436 908 4088
24156 7332 6162 6537 6034
24157 7438 3093 6708 4580
24158 7801 3396 1700 1973
24159 8099 1663 6089 1615
24160 6815 5522 6591 6557
24161 6446 2555 1453 3489
24162 7707 7439 7564 5632
24163 6853 4377 6531 6211
24164 8001 7187 7585 5993
24165 6340 4532 2322 293
24166 7824 58 7575 5067
24167 7457 5869 6362 6300
24168 7159 5480 6490 6257
24169 7089 3668 3299 4423
24170 7849 828 5997 4335
24171 7775 2173 5659 1049
24172 5989 416 415 5095
24173 7495 5644 6329 5739
24174 7869 6131 7317 5030
24175 7893 5541 7203 6525
24176 5806 2673 2537 1845
24177 6332 5698 6317 6123
24178 6135 5444 5730 5428
24179 7960 5874 7666 5927
24180 7237 2916 2909 4787
24181 8112 5858 6772 5771
24182 7591 6108 7323 5517
24183 7837 1150 7347 1479
24184 6588 4210 287 286
24185 6755 6079 6694 6568
24186 7881 2225 6301 3363
24187 5895 3317 1413 1927
24188 7905 6974 7527 2604
24189 7234 178 5219 179
24190 7875 5663 6746 5545
24191 6934 5953 6884 5591
24192 7935 3199 7842 3666
24193 6738 4863 849 848
24194 6199 558 5808 559
24195 8027 6967 7610 6786
24196 6701 1975 3869 3815
24197 5972 4171 4174 657
24198 7394 5872 6814 5849
24199 7375 6312 6767 5535
24200 8127 6626 6991 5763
24201 6788 1474 3414 1835
24202 7579 6355 6766 2024
24203 5877 2030 941 4081
24204 6424 388 6163 4305
24205 6137 3461 1529 3608
24206 7726 3536 6741 2470
24207 6974 4999 5749 5664
24208 5619 5166 5611 429
24209 7866 813 7226 4991
24210 6542 3336 3682 1571
24211 6983 6309 6845 52
24212 8317 5961 6690 926
24213 7282 5265 6085 837
24214 7224 6539 7171 6401
24215 6540 2816 148 5068
24216 7067 5781 6998 5877
24217 6464 3298 159 4847
24218 7483 6377 7223 6664
24219 7146 1613 3808 1661
24220 6992 6154 6823 6147
24221 8122 3824 7971 7364
24222 7816 6082 7110 6455
24223 6157 5697 6033 5893
24224 6313 1724 5890 5474
24225 7251 2587 6483 2692
24226 6419 1121 6354 1463
24227 5957 2839 4804 4322
24228 6004 5196 136 4239
24229 7347 5996 6714 2626
24230 7535 4926 6481 126
24231 7265 180 4829 181
24232 6825 3762 6474 3713
24233 7262 637 5084 636
24234 6230 4258 2526 5274
24235 6514 6452 6476 5832
24236 7385 7033 7316 6489
24237 7484 6150 6617 5780
24238 8232 6327 7722 7614
24239 6876 1413 5895 3212
24240 6758 3546 4293 462
24241 6373 1816 5754 1092
24242 6495 594 6158 6059
24243 6694 4109 2100 2101
24244 7882 6196 6569 5686
24245 6074 2437 2302 1785
24246 6992 3484 4686 2458
24247 5828 3022 5467 4815
24248 7256 6191 6811 6094
24249 5961 927 5427 926
24250 7932 874 7403 3814
24251 7650 3069 6378 1318
24252 6439 2128 2129 1789
24253 6424 3627 1542 1351
24254 7885 1038 6305 2184
24255 8264 6374 7588 6837
24256 7884 3254 6744 1437
24257 7398 5771 7249 6759
24258 7766 6059 7644 5520
24259 7604 6482 6596 408
24260 8045 3457 1516 2912
24261 7193 3479 4301 5203
24262 7824 57 7768 58
24263 6961 2548 5211 4240
24264 7658 5935 7200 6160
24265 7330 1705 2368 3398
24266 8202 6730 7827 5533
24267 6811 5071 6191 90
24268 6573 6035 6129 4501
24269 6573 3678 6129 1929
24270 8122 1712 7364 5823
24271 7329 2003 4024 2004
24272 7705 2425 3420 1765
24273 7481 6568 6755 6694
24274 7104 3453 2864 5258
24275 8216 5590 7478 7070
24276 7677 5487 7596 6212
24277 7962 6580 7601 6996
24278 7338 5698 7217 6380
24279 7431 6046 6058 5517
24280 7885 2184 6305 2196
24281 7681 2538 6169 552
24282 7314 5713 6307 5811
24283 7114 6619 6639 5489
24284 5680 2086 1784 2117
24285 7652 7179 7603 7506
24286 5706 517 518 4551
24287 6659 1930 5922 3337
24288 5888 3032 1904 1334
24289 7040 6136 6356 5585
24290 7629 5786 6940 6178
24291 8343 7314 8054 6087
24292 7758 5768 7363 6285
24293 7104 1276 2864 3453
24294 7812 6724 7684 6428
24295 6896 5796 6796 6436
24296 7629 5786 6178 5648
24297 6573 1569 3678 1929
24298 6554 6117 6353 5693
24299 7075 2796 4823 2806
24300 5890 5309 3918 3798
24301 7307 6252 6358 6034
24302 7248 3181 1391 1394
24303 6675 4807 2276 4488
24304 8113 5862 7271 6063
24305 8330 6647 8307 6834
24306 7108 5575 6680 6611
24307 7376 5289 890 5476
24308 7375 6029 6923 5535
24309 8062 857 7241 856
24310 7190 502 501 4231
24311 6634 3225 1416 3226
24312 8290 6270 6286 5591
24313 8018 6719 7383 5508
24314 6313 1723 3841 1722
24315 7008 6261 6985 5525
24316 8281 3901 7464 3900
24317 8001 5543 7039 5557
24318 6582 5746 6574 6258
24319 7394 5621 7124 6683
24320 6385 2000 4029 2009
24321 7704 2252 7062 1606
24322 7429 6656 6823 5705
24323 6937 1728 1729 3919
24324 7496 4251 267 5065
24325 7188 3207 6285 4292
24326 7746 3632 1356 3081
24327 7644 5520 7534 7492
24328 7956 5706 7920 7117
24329 7257 5917 6936 4742
24330 7756 5078 6424 4305
24331 6957 4234 6842 316
24332 7043 6260 6499 5513
24333 7894 105 4436 5220
24334 7882 693 6102 4495
24335 6234 5643 6031 5604
24336 7242 5509 6885 5882
24337 7867 2776 4207 2758
24338 7728 6923 7562 6730
24339 7183 6078 6985 6187
24340 7375 6208 6312 5535
24341 7882 5686 6102 5702
24342 7333 1794 2377 3408
24343 7863 3819 7840 5262
24344 8147 6537 6995 262
24345 7417 7071 7181 7136
24346 7968 7439 7564 6493
24347 5569 515 514 4416
24348 7016 6026 6881 6687
24349 7748 1636 5820 1670
24350 5727 1036 1798 2159
24351 7076 509 4599 510
24352 7283 4954 5881 704
24353 7673 5518 6988 6898
24354 7524 5730 6038 3479
24355 7994 6595 7641 6360
24356 5591 2062 5431 2059
24357 5967 4932 4327 2593
24358 6504 3215 3125 4708
24359 6635 4824 6573 5952
24360 7194 1867 6732 2803
24361 5738 5120 3406 4981
24362 7587 6066 6835 5854
24363 5740 115 114 4718
24364 7076 5760 6263 6167
24365 6149 4287 3194 3187
24366 7344 3466 3626 5279
24367 7010 6364 6578 6235
24368 8353 6421 7216 5582
24369 7725 4888 2222 604
24370 7796 6256 6866 6015
24371 7607 611 3356 5157
24372 7541 5764 6577 5840
24373 7864 5791 6695 6360
24374 8202 7562 7728 6923
24375 6946 4527 6536 5915
24376 5866 370 5774 2941
24377 8414 2384 1479 1162
24378 7023 2746 6927 6233
24379 5695 3788 5582 3887
24380 7654 5853 7172 5507
24381 7607 5157 6333 4404
24382 7717 5643 7624 6090
24383 7855 1758 3988 4007
24384 6600 2379 2355 4246
24385 7599 5618 6692 5751
24386 8237 5695 6421 5582
24387 7451 4709 6990 5863
24388 5994 1353 3074 1908
24389 8223 5637 5673 5567
24390 7885 654 6178 4173
24391 6694 2100 2079 1778
24392 6456 2651 6184 2658
24393 7184 5750 7069 6826
24394 7462 1795 1020 2144
24395 7566 5581 7095 6487
24396 7268 5510 7049 6534
24397 6701 1739 3866 3869
24398 6329 5524 5937 5644
24399 7886 1113 2582 1139
24400 7494 6732 7194 1867
24401 6600 5837 6170 5986
24402 7190 503 502 5218
24403 7996 6639 7845 7674
24404 6391 2971 3054 1314
24405 6456 4859 5958 2408
24406 7298 5679 7128 1280
24407 8301 5325 648 647
24408 8172 343 6849 342
24409 7871 6335 6527 5502
24410 6229 4118 269 4117
24411 7578 1351 6424 1542
24412 7544 6813 7350 6266
24413 7537 6702 7344 5927
24414 7156 2041 2064 2045
24415 7870 6122 7546 4241
24416 6456 145 144 4881
24417 7585 5993 7187 5499
24418 6518 806 6319 5116
24419 7359 2920 1338 3034
24420 6412 4074 5441 2027
24421 6764 412 5114 413
24422 7745 6300 6910 5340
24423 7745 5869 6956 6910
24424 6539 3004 3006 4369
24425 6503 6123 6411 6067
24426 7021 1081 2485 1084
24427 8065 394 4342 5202
24428 6711 5936 6233 5522
24429 7064 1452 1101 2299
24430 6966 5885 6465 5149
24431 7579 6765 6766 6355
24432 7613 3885 6973 3892
24433 6179 3557 169 168
24434 6456 4859 2408 4881
24435 6456 4740 144 145
24436 8261 238 7873 239
24437 6142 4911 5995 2588
24438 6685 3568 4308 5160
24439 6676 214 2436 213
24440 7583 6328 7407 6269
24441 6456 4881 144 4859
24442 6542 4964 6052 3682
24443 7248 3552 1924 1332
24444 8014 1382 3149 3646
24445 6563 3272 1441 1439
24446 6563 1443 3273 1939
24447 7818 6480 7211 5837
24448 7495 5765 6805 5739
24449 6847 3038 6434 4924
24450 7954 5969 7076 4599
24451 7034 5731 6580 6079
24452 6600 5722 6458 2541
24453 7685 5489 7448 6725
24454 6841 818 5001 5051
24455 6642 1467 6132 3517
24456 7903 6328 7565 6269
24457 7906 761 7305 5367
24458 8038 3621 6539 6477
24459 8064 6160 7111 6015
24460 6172 1899 3322 1537
24461 7887 4743 4560 146
24462 6951 3361 6148 1592
24463 7541 5840 6577 5783
24464 7298 2885 6044 5679
24465 6836 1300 6064 3020
24466 7688 4604 6627 2489
24467 7098 5824 6485 5835
24468 5695 3887 1607 3788
24469 7757 6588 7543 5680
24470 7735 1114 5961 1824
24471 8106 1979 5932 1723
24472 8119 6150 7130 6536
24473 7888 4009 7236 3996
24474 7889 5151 6854 4199
24475 8112 5788 7212 6772
24476 7901 2264 971 975
24477 7661 5685 6110 5852
24478 6902 1347 1907 3057
24479 7710 6633 7553 6623
24480 7400 5583 6485 5960
24481 7756 3071 6424 3627
24482 6413 3311 6104 5047
24483 6769 547 4680 4481
24484 7691 843 844 3905
24485 7730 5594 7207 5586
24486 7989 6574 7555 6258
24487 6999 3047 6803 3628
24488 7343 5559 6674 6288
24489 7890 6391 7084 4037
24490 6550 5017 4282 2679
24491 7834 6197 6559 5759
24492 7802 1250 2824 2833
24493 6642 1137 6132 1467
24494 7057 1944 2216 2217
24495 7057 1590 5789 2217
24496 7084 4311 3053 5057
24497 7199 5723 6192 1991
24498 6723 3731 6511 3736
24499 7477 6289 7321 5638
24500 7686 6137 6182 1529
24501 6658 1340 1342 3045
24502 7765 5969 7076 5760
24503 7932 3816 6093 5294
24504 7321 5699 7133 5638
24505 8099 710 5735 4638
24506 7635 5608 6255 5830
24507 6608 2605 5478 4656
24508 7481 4102 6982 264
24509 7736 1117 6344 3387
24510 7644 6506 7521 5939
24511 7294 6077 6112 4330
24512 7888 244 5398 245
24513 7736 1459 3500 2545
24514 7301 4025 3916 2069
24515 6456 145 4881 2651
24516 6456 5958 6184 2408
24517 6220 873 872 5243
24518 6548 2881 5639 3590
24519 7860 5505 5625 5531
24520 6688 4615 4468 585
24521 7481 264 6568 4115
24522 7565 612 4190 2235
24523 6694 4114 2100 4109
24524 6694 2103 6284 2079
24525 6583 4873 6445 37
24526 7141 113 114 4426
24527 6497 3691 5707 3694
24528 7395 5824 6773 5612
24529 6716 6457 6636 6068
24530 7891 6469 7660 6401
24531 7891 3309 6545 2927
24532 6508 2364 6075 1702
24533 6147 2515 484 485
24534 6391 1993 932 4013
24535 6608 1043 5478 2605
24536 7479 5576 7213 5855
24537 7729 1170 6767 2659
24538 7898 1013 6199 1790
24539 7652 5938 6204 5716
24540 7860 2484 7856 6614
24541 7546 304 6422 4232
24542 7551 2220 6094 2473
24543 7447 1065 6276 1058
24544 7443 5941 6119 5713
24545 7783 5903 6369 5946
24546 6554 3048 3067 4574
24547 6252 256 5784 2490
24548 8419 6931 8391 7909
24549 7296 1990 1767 2390
24550 7481 264 6982 6568
24551 7434 7217 7338 5807
24552 7289 6428 6451 5752
24553 7248 3662 6216 1332
24554 6459 400 5236 2905
24555 7818 4123 7773 4116
24556 7333 2377 4265 3408
24557 6998 5260 5303 4050
24558 7866 4313 814 815
24559 8166 6952 7125 6862
24560 7944 6291 6720 2974
24561 7172 6667 7167 6674
24562 6508 1701 6251 3963
24563 6497 3691 3694 769
24564 7029 6488 6957 5756
24565 7467 2162 6665 2187
24566 7644 5939 7521 5751
24567 7804 7071 7417 5855
24568 8244 5809 6898 5795
24569 7893 5880 6802 5541
24570 7546 4232 305 304
24571 7804 6242 6857 5855
24572 7894 3090 6579 4581
24573 7645 6538 7158 6680
24574 7895 5758 6977 5855
24575 7895 5855 6977 6242
24576 6456 145 2658 146
24577 7542 105 7020 4436
24578 7442 2701 6682 6594
24579 7318 5831 6905 6090
24580 7320 4154 579 4136
24581 7896 1206 2728 2584
24582 8273 799 6134 3618
24583 7282 5290 838 3815
24584 7539 6908 6954 5595
24585 8388 4906 5701 4337
24586 6684 1158 6543 5804
24587 7476 6423 6870 6793
24588 6456 145 4560 4740
24589 6694 980 2100 1778
24590 7929 6377 7109 6565
24591 7755 6183 6269 5759
24592 7384 6430 6566 5862
24593 6827 5726 6249 3052
24594 6467 6394 6426 1034
24595 7869 3661 1332 3019
24596 7057 5528 6692 5751
24597 7252 3835 6628 1718
24598 7714 6857 7339 5500
24599 5 2057 4 4775
24600 7648 5295 2063 5276
24601 7543 288 2635 289
24602 7546 3375 306 3372
24603 7470 6985 7417 7183
24604 7470 5648 7417 7181
24605 7447 6276 7379 1058
24606 8344 3975 249 5396
24607 7745 5869 6910 6300
24608 7475 5981 6701 5485
24609 7476 6793 6870 5643
24610 7652 5716 7179 5938
24611 7478 6619 7170 5775
24612 7889 176 6586 5151
24613 7471 5901 6253 6097
24614 7730 6807 7588 7079
24615 8268 6115 8251 6655
24616 7510 3951 5883 1685
24617 7647 6195 6475 5499
24618 7048 3860 7024 6754
24619 6642 3517 1137 1467
24620 7894 6579 7542 6127
24621 7084 3053 6391 5057
24622 7252 1718 3832 3835
24623 7245 3224 6524 3221
24624 7336 5952 6573 5563
24625 8036 6792 7200 5913
24626 7471 6205 7044 5901
24627 7468 2138 6268 2153
24628 7321 5316 6289 867
24629 7442 6594 6632 2701
24630 6904 4612 6520 6055
24631 8294 5488 7998 6282
24632 7672 6350 6939 5804
24633 7471 5591 6884 5953
24634 7470 5727 6084 5646
24635 7467 1059 7399 2162
24636 7873 5421 238 5418
24637 7468 2153 1029 2138
24638 7773 277 278 4120
24639 7406 5775 7114 6619
24640 7888 5422 7474 246
24641 6930 3974 1774 1775
24642 7605 3482 4943 2479
24643 6642 1131 2571 2594
24644 6904 4771 6642 3517
24645 7866 815 4352 5073
24646 6904 518 6437 5706
24647 6936 48 6905 4328
24648 7053 5736 6620 6154
24649 8054 5894 7407 6105
24650 7283 4685 5881 4954
24651 7808 4963 3297 121
24652 8105 6575 6729 6450
24653 6467 1797 1035 2158
24654 6563 4209 6042 3272
24655 6491 4155 6057 5985
24656 8233 1608 3789 5338
24657 7895 7086 7435 6187
24658 8077 367 6294 4779
24659 8024 2225 7881 7725
24660 7871 5592 7147 5539
24661 7531 6268 6318 5849
24662 7447 5846 6636 6457
24663 7442 2712 5573 4464
24664 7321 5762 6289 5316
24665 7590 5541 6447 5880
24666 7467 2162 2187 1059
24667 7471 5892 6270 6205
24668 7464 5647 6556 3897
24669 7475 6405 7282 5981
24670 7467 2187 6665 2172
24671 7894 3630 6579 3090
24672 7463 992 971 2453
24673 7471 6270 7044 6205
24674 8282 6121 7602 2021
24675 8282 4092 4056 2021
24676 7468 1029 2492 3433
24677 7463 1786 7168 1002
24678 6694 6079 6284 2103
24679 7764 6811 7703 7381
24680 7510 2337 2338 1687
24681 7455 5492 7242 7179
24682 7258 4725 4941 821
24683 6642 2571 3517 4771
24684 6936 6346 6905 5917
24685 7725 6053 6148 2221
24686 6905 48 2845 4328
24687 6904 4771 3517 519
24688 8134 5982 7450 7112
24689 7818 5508 7614 6267
24690 7510 2335 2337 1686
24691 8006 1812 7635 2532
24692 7808 121 6379 5075
24693 6642 5990 6437 6132
24694 7888 245 7474 6049
24695 6471 3271 5834 4266
24696 6540 1870 1249 2816
24697 7808 4283 6379 121
24698 7811 4322 4804 340
24699 7542 1337 6172 1544
24700 7542 5145 7020 6254
24701 6543 2623 3529 1158
24702 8162 6375 7071 5527
24703 7213 5527 6521 5876
24704 8171 5867 7048 1732
24705 7453 6216 6728 6088
24706 7915 3635 3213 1925
24707 7442 6594 6682 5676
24708 7463 2453 3386 992
24709 7463 5511 7168 3425
24710 7507 5810 6885 6190
24711 7463 5725 7168 5511
24712 7621 3639 6942 5615
24713 7464 3897 3900 5311
24714 7467 2162 7399 6665
24715 7463 1786 1002 3425
24716 7844 845 6554 846
24717 7671 543 2646 3539
24718 6653 4400 6308 575
24719 7416 5176 5463 3653
24720 6845 53 52 5066
24721 7676 400 6266 5236
24722 7293 5696 6679 6464
24723 7292 5897 6772 5614
24724 8101 4260 6651 6103
24725 8001 5543 6525 5993
24726 7951 6925 7710 5770
24727 6996 4117 269 270
24728 7880 3863 6972 5312
24729 7880 1998 4017 4043
24730 6459 2905 364 400
24731 7795 1143 2369 3292
24732 8202 7562 7827 6730
24733 6561 1305 2924 2962
24734 8038 7845 7996 6639
24735 7545 5571 7140 6869
24736 8015 1869 7802 1248
24737 7516 5917 6983 50
24738 7626 2966 6629 1312
24739 8088 6019 8019 7949
24740 8139 3245 6581 1431
24741 8124 3106 6558 1364
24742 8077 366 367 4786
24743 7447 3431 6276 1065
24744 7969 550 4748 4962
24745 6824 5714 6397 6156
24746 7464 5311 5647 3897
24747 7463 3425 7168 1786
24748 7459 1928 1414 2979
24749 7603 5492 7506 7179
24750 7984 2099 272 4099
24751 7715 294 6675 4488
24752 7451 3127 3141 1917
24753 7991 4116 2107 2106
24754 8218 6041 6320 5802
24755 7912 6117 7844 5781
24756 7901 6675 7715 6626
24757 7668 6786 7560 7465
24758 7463 1002 5725 2108
24759 7463 3386 5658 325
24760 7463 2453 5658 3386
24761 7463 1002 3386 3425
24762 7930 1271 7039 1872
24763 7848 6814 7333 7073
24764 7725 2221 603 604
24765 7880 3923 5127 5217
24766 7521 5751 7072 4900
24767 6550 4282 2681 2679
24768 7880 3923 6754 3863
24769 7224 383 4369 4362
24770 7808 4594 7500 4673
24771 8270 5815 7054 6875
24772 8278 2093 6358 2092
24773 8027 6786 7610 6796
24774 6642 1830 1137 2571
24775 7811 4322 7767 5957
24776 7984 6327 7759 2080
24777 7546 4917 306 4678
24778 7545 5771 7140 5571
24779 7499 3820 6093 3816
24780 7521 5939 7072 5751
24781 8115 351 8098 4338
24782 7451 5779 7358 6453
24783 7887 147 148 2819
24784 7635 2524 6804 227
24785 8223 5637 6783 5673
24786 7900 5842 7680 7370
24787 8208 6967 7827 7396
24788 7463 992 3386 1002
24789 7463 5658 5725 5511
24790 7977 2733 6874 2720
24791 8087 5335 651 3806
24792 8264 5487 7998 7232
24793 7545 5571 6869 5771
24794 8022 6236 7434 7217
24795 6504 5532 6352 5733
24796 6542 86 4592 3336
24797 8399 4909 6950 2697
24798 7960 6831 7514 6872
24799 8197 816 6529 815
24800 8258 7142 7445 5515
24801 7508 5345 621 5334
24802 7938 6774 7867 6387
24803 8056 6314 7874 5983
24804 7499 6701 7403 5485
24805 8087 5335 7046 651
24806 8298 4681 4480 2466
24807 7803 4033 5287 5259
24808 7496 265 6770 2531
24809 6539 383 6477 4944
24810 8173 3848 3921 3920
24811 7434 5803 7428 5968
24812 8296 6324 6553 5850
24813 8149 1112 6498 6157
24814 8087 6183 7407 6494
24815 8087 1599 7903 1658
24816 7671 6167 7485 5720
24817 7819 4797 6928 6126
24818 8128 3562 6411 2647
24819 7900 2850 1268 1263
24820 7808 3297 4283 121
24821 8149 1112 6157 1461
24822 7524 5884 6135 5953
24823 6779 2072 6385 2000
24824 7880 5904 7125 6754
24825 8133 6055 6904 6437
24826 6467 2157 2148 1034
24827 7623 6120 6805 5666
24828 8215 6362 7230 5869
24829 8170 7480 7828 5785
24830 7880 6952 6972 6086
24831 8087 3783 6778 5335
24832 7978 838 7282 6429
24833 8290 2060 7706 2043
24834 7665 3123 1377 1372
24835 7482 5981 6913 5485
24836 7499 1974 1708 3816
24837 8019 1670 7748 5820
24838 8088 6280 6527 5492
24839 7553 6633 6765 6623
24840 7715 4532 6675 294
24841 7670 5982 6670 6036
24842 7667 7239 7649 6307
24843 7715 294 7422 4532
24844 7482 3866 6701 1739
24845 7482 6086 6952 5981
24846 8126 7199 7533 6622
24847 7902 2112 6425 2111
24848 7813 5808 7812 5654
24849 8088 5510 7268 6534
24850 7605 4943 5706 4588
24851 8167 3164 8061 6337
24852 7628 1007 1008 2125
24853 8130 517 6437 4551
24854 8355 1369 3115 3326
24855 7901 975 2276 2264
24856 8001 7585 7852 2842
24857 7263 1589 5923 5789
24858 6467 2148 6394 1034
24859 6983 50 4667 3563
24860 6467 1034 6414 2157
24861 8375 6453 7358 7006
24862 6467 5951 6426 6394
24863 7745 1956 6278 3730
24864 7743 3011 6649 4318
24865 7806 631 4852 3554
24866 7744 6954 7539 3903
24867 7811 3951 5571 3952
24868 7880 6086 6754 5617
24869 7880 5312 5127 3863
24870 8018 2115 7383 986
24871 8087 3806 1600 3783
24872 7906 5367 7305 6499
24873 7553 6270 6765 6633
24874 8249 6050 7107 6501
24875 8103 5063 2850 2846
24876 7711 6336 6457 5813
24877 7813 5654 6965 5808
24878 7902 6229 6580 4117
24879 8096 1391 3174 1922
24880 7813 5808 6965 5918
24881 8104 5896 7878 7351
24882 8087 1658 6494 1600
24883 8130 1138 6867 2581
24884 7736 3387 6344 5879
24885 6820 3821 3819 1709
24886 7891 2927 6469 3582
24887 8065 5878 7368 4342
24888 8065 5202 8033 6376
24889 6473 1164 6082 1480
24890 7736 2548 6961 1117
24891 7482 5981 6220 6086
24892 7936 5386 6861 344
24893 8273 5517 7582 3617
24894 7482 1737 3926 3866
24895 7482 1739 6701 5652
24896 7482 1737 3866 1739
24897 8139 6924 7042 5009
24898 8372 4250 709 708
24899 8088 5820 8019 6019
24900 7482 3924 3867 1738
24901 7482 3924 1738 1737
24902 7482 5485 6701 5981
24903 7482 5981 6952 6913
24904 7513 2158 4139 2149
24905 7482 1737 1738 3926
24906 7482 3925 5652 3924
24907 7482 3925 3924 1737
24908 7482 3926 6220 3866
24909 8206 5928 6925 5550
24910 7482 6086 6220 3868
24911 7482 6220 6701 3866
24912 7482 3925 1737 1739
24913 7482 1739 5652 3925
24914 7482 1736 6972 6086
24915 7482 5981 6701 6220
24916 8349 7065 8305 4688
24917 8349 4595 7065 4688
24918 8349 4948 8092 457
24919 8349 1435 6363 3623
24920 7160 6177 6826 6500
24921 7324 2931 6609 4765
24922 8149 1112 1461 3284
24923 7220 6078 7183 6953
24924 7324 2964 4765 4986
24925 8227 5445 6808 952
24926 7724 2800 1239 1504
24927 7724 5980 7381 5928
24928 7590 6447 7287 1249
24929 7590 5880 6447 2822
24930 8099 6287 6973 2269
24931 6690 5832 6065 5961
24932 6690 5961 6065 926
24933 6690 926 6065 2077
24934 6690 2077 922 926
24935 7925 6232 6382 5694
24936 7925 4946 76 77
24937 7925 6382 6776 6695
24938 6691 5973 6428 6054
24939 6691 5990 6428 5973
24940 6691 2131 6039 2130
24941 6691 556 2131 2130
24942 7611 5598 7158 5911
24943 8414 7835 8342 2384
24944 7154 233 234 5028
24945 6693 2799 6562 1237
24946 6693 2798 2799 1237
24947 6693 4513 2798 3107
24948 8009 6853 7939 7908
24949 7418 6854 6883 6241
24950 6693 1237 6007 1866
24951 6693 2798 1237 1866
24952 6693 4522 5958 4859
24953 6693 4859 143 4522
24954 7235 5901 6130 6097
24955 6693 4522 143 179
24956 6693 1866 6007 3107
24957 6693 3107 2798 1866
24958 6693 3107 3643 4513
24959 6693 3107 6007 3643
24960 6694 4114 2103 2079
24961 6694 4114 6079 2103
24962 6727 720 3431 4460
24963 8179 1845 5806 1185
24964 6696 3371 6089 1662
24965 6696 2265 3371 1662
24966 8100 5175 719 718
24967 8100 2275 6651 4254
24968 7391 677 4162 2178
24969 7391 678 4162 677
24970 7444 5611 7404 6980
24971 7444 3670 1407 1564
24972 8272 7084 7890 1552
24973 8182 5557 8001 2841
24974 8101 6651 8100 6699
24975 8101 717 4260 2435
24976 7349 440 7300 7255
24977 8248 7488 8018 6170
24978 8101 1803 7857 2639
24979 8101 2639 7790 1803
24980 8101 3430 6103 1050
24981 8101 4260 7000 3430
24982 7458 5148 7321 869
24983 7072 596 4243 4887
24984 7135 4744 6330 5080
24985 6700 3720 1642 3719
24986 6700 3720 5971 3721
24987 6700 3721 1642 3720
24988 6701 3869 3866 5265
24989 8102 5515 7346 5899
24990 7483 5909 7223 6565
24991 7516 3563 2745 49
24992 8195 2922 2867 1270
24993 7483 6565 7223 6377
24994 7483 6377 7259 5542
24995 6701 3866 6220 5265
24996 6701 5265 6220 5981
24997 8384 4515 216 3112
24998 7345 5934 5973 5792
24999 7345 5973 6724 5792
25000 8292 5435 7926 2044
25001 7692 6378 6824 5714
25002 7478 6619 7354 5585
25003 7912 847 7844 6117
25004 8351 4509 5232 400
25005 7889 6241 6883 6854
25006 7474 3996 7236 3976
25007 7964 6749 7960 5761
25008 8243 5800 6836 6781
25009 7317 4270 6681 454
25010 7317 5809 6681 6131
25011 7317 454 4371 455
25012 7154 5964 6926 6061
25013 7478 6771 7170 7040
25014 7481 5946 6982 2089
25015 7478 7040 7170 5585
25016 7543 290 6777 4126
25017 7916 2137 6342 4148
25018 8090 6506 7521 6010
25019 8064 6160 7831 7111
25020 7614 998 2534 3436
25021 7635 3486 2524 227
25022 7544 6266 7486 6592
25023 7474 3976 5422 3996
25024 7727 3665 1401 1562
25025 7916 6342 7468 6268
25026 7521 2234 4938 3403
25027 8114 2040 5857 5439
25028 7442 5676 6682 6283
25029 7476 5643 6423 5604
25030 7516 49 48 4328
25031 7734 4625 5989 5461
25032 7644 6059 7072 5751
25033 8354 6598 8138 7697
25034 7544 6592 7486 5906
25035 7442 624 6682 2731
25036 7442 4464 623 2701
25037 8353 5875 7015 5582
25038 7545 6869 7398 5771
25039 6813 6459 6541 6294
25040 7758 471 3310 5229
25041 7514 3196 6088 1397
25042 7631 6523 6695 6382
25043 7869 3552 7248 1332
25044 7734 3176 6138 4625
25045 7722 984 7614 6327
25046 8400 3895 3883 5363
25047 7727 6831 7514 3188
25048 7301 941 6848 5877
25049 7811 3952 5376 3951
25050 7392 6689 6869 6096
25051 7924 6514 6690 6616
25052 7291 3262 3258 5019
25053 7736 2545 6498 1459
25054 7735 1829 6452 3514
25055 7736 4310 7190 3500
25056 7738 1378 6519 2995
25057 7738 3136 3655 5232
25058 7945 7007 7236 6622
25059 8163 6158 6339 592
25060 7302 1511 3313 1512
25061 8111 6038 6782 5884
25062 7738 2995 6012 3654
25063 7973 5921 7169 5968
25064 7898 2475 2207 1028
25065 7280 73 4658 2654
25066 7587 3588 1509 3587
25067 7721 6357 7021 7002
25068 7724 2801 1239 1865
25069 7722 2104 7614 984
25070 7724 2801 5928 3579
25071 7727 4372 3293 3188
25072 7730 5565 6221 6049
25073 7732 6669 6819 6367
25074 7735 4431 5933 3508
25075 7732 6819 6895 6367
25076 7731 5991 6526 6058
25077 7735 6452 6476 3514
25078 7736 5893 7190 5879
25079 7535 6668 7519 2699
25080 7291 1432 3258 3262
25081 8348 8034 8339 6101
25082 8111 2464 6782 6038
25083 7302 5769 6552 6413
25084 7561 6522 6896 6292
25085 7791 7308 7709 1876
25086 7742 3708 5111 4992
25087 7302 3312 6104 1274
25088 8104 5896 6529 6020
25089 7563 7073 7124 6671
25090 7563 5849 7073 5627
25091 7721 6193 7430 7126
25092 7787 6105 7407 6328
25093 7721 6823 7408 7176
25094 7722 274 6480 4119
25095 7727 5629 7689 5927
25096 7298 6548 7128 5679
25097 8158 6149 7642 459
25098 7302 3312 1274 1511
25099 7291 3262 7098 1432
25100 7302 1279 6552 2886
25101 7302 4618 3313 3311
25102 7792 5910 6869 5957
25103 8301 3567 6365 4285
25104 7766 5934 7492 5962
25105 7628 1005 2748 1007
25106 7766 4918 7072 6059
25107 7933 6658 7600 6518
25108 7787 6328 7407 5572
25109 7851 1415 3232 3223
25110 8362 6630 7192 6228
25111 7301 941 5877 4095
25112 7291 6809 7098 3262
25113 7302 2887 6679 6552
25114 7302 6552 6679 6413
25115 7302 1512 3313 2887
25116 7352 507 5965 5745
25117 7304 6007 7026 6562
25118 7827 7127 7203 6786
25119 8164 6674 7713 5772
25120 7721 7002 7021 5082
25121 7722 274 4119 273
25122 7724 1865 6968 5942
25123 7733 6002 7151 6341
25124 7304 1866 1368 3107
25125 7302 6413 6679 4618
25126 7302 1512 2887 1279
25127 7304 1550 6007 3107
25128 7306 5938 5971 5776
25129 7615 3138 4357 3092
25130 7355 5023 2328 2326
25131 8353 4610 733 3695
25132 8279 5907 8030 6403
25133 7729 2656 7517 1172
25134 8232 5496 7732 5521
25135 7296 3993 6484 6297
25136 7287 4740 6693 6456
25137 7291 4381 6654 5019
25138 8232 6248 7732 6480
25139 7747 4186 4160 2194
25140 7888 244 5839 5399
25141 7291 5253 3342 3271
25142 7888 4368 5839 244
25143 6726 5897 6369 6201
25144 6726 6122 6201 302
25145 6726 6201 6369 302
25146 6726 4689 302 4866
25147 6726 4689 6122 302
25148 6726 303 4689 4866
25149 6726 303 6122 4689
25150 6729 2908 6621 5678
25151 6729 5547 6621 200
25152 6897 1204 5943 1852
25153 6897 5943 6682 6594
25154 6897 2619 1204 2730
25155 7121 6494 6778 6105
25156 6729 2908 2904 4763
25157 6729 2908 5678 2904
25158 6729 200 6621 2908
25159 6729 2908 4763 200
25160 6729 200 6450 5547
25161 6729 201 4953 4763
25162 6729 201 6450 4953
25163 6729 4763 4953 200
25164 6729 4953 6450 200
25165 6731 782 5105 3711
25166 6731 782 5935 5105
25167 7196 6312 6994 6551
25168 6732 6326 6605 5805
25169 8310 6352 6504 437
25170 6732 4550 6326 4754
25171 6732 4754 6326 5915
25172 8127 2092 973 1776
25173 7195 6578 6802 5486
25174 7321 5316 7024 5762
25175 7680 6341 7148 7113
25176 7481 5946 6694 5561
25177 7481 6686 6982 5946
25178 7481 981 6694 5946
25179 8197 3599 6200 3072
25180 6735 5274 6230 2526
25181 6735 6008 6472 6446
25182 6735 2511 6472 6008
25183 6735 6446 6472 1453
25184 6735 1453 6472 2511
25185 6735 2511 5274 3377
25186 6735 2511 6230 5274
25187 8107 6736 8106 5755
25188 8107 5755 8106 5747
25189 8230 4200 250 5152
25190 8107 925 6181 4042
25191 8107 5747 6736 4042
25192 8107 4042 6181 5747
25193 8280 3956 5381 346
25194 6736 5289 5890 2010
25195 6736 2010 5890 4019
25196 6736 4019 4012 2010
25197 6736 2010 4012 5289
25198 7935 3473 7080 1563
25199 7935 6222 7444 6980
25200 7849 4335 829 828
25201 7161 154 155 2866
25202 7521 3403 4938 5464
25203 8149 1461 6157 1124
25204 7513 4156 7320 580
25205 7021 2485 6768 1084
25206 6842 3394 6822 4245
25207 7021 6166 6768 5579
25208 7207 6926 7081 6392
25209 7700 1017 6814 5660
25210 7441 5541 6763 6007
25211 7470 6985 7183 5646
25212 7495 1554 3096 1363
25213 7495 5638 6227 5765
25214 7470 5684 5972 5648
25215 7470 5684 7181 6985
25216 7470 5576 7417 5648
25217 7607 6023 6970 6333
25218 8056 5983 6761 5568
25219 7607 4404 6333 4191
25220 7470 5648 6178 5576
25221 7470 5648 6940 6178
25222 7846 5812 6090 5643
25223 7846 5643 7624 7476
25224 7885 4173 5727 2159
25225 6745 2412 5702 2721
25226 6745 2721 1042 2412
25227 7650 2988 6824 1896
25228 6745 1036 1042 2721
25229 6745 1036 5727 1042
25230 7530 5674 7209 5608
25231 6831 1881 1399 3188
25232 7503 5990 7117 6055
25233 8109 5921 7616 6008
25234 6747 4159 5848 679
25235 6747 4159 680 4164
25236 6747 680 681 4164
25237 7531 4133 5872 2142
25238 6747 2174 2192 4159
25239 6747 2174 5925 2192
25240 6747 2192 4188 4159
25241 7639 6197 7197 5759
25242 6747 679 680 4159
25243 6747 679 5955 680
25244 8109 6441 6750 129
25245 7609 7020 7145 2574
25246 8267 6882 7190 6042
25247 8246 6049 7236 7007
25248 8109 5108 6018 4915
25249 8109 6230 6441 130
25250 8109 5108 7022 6018
25251 7326 3785 5822 3784
25252 7634 2552 6070 1120
25253 7608 6404 7139 5593
25254 7609 1161 7145 6551
25255 7608 6113 7139 6404
25256 7608 6806 7162 5996
25257 7967 5523 7955 6725
25258 8115 5282 3590 4338
25259 7590 5574 7187 5880
25260 7590 2843 2836 1870
25261 6751 5158 5394 356
25262 6751 5394 5375 356
25263 6751 5394 6630 5375
25264 6751 355 5394 5158
25265 6751 355 6630 5394
25266 7946 6048 7030 6652
25267 7011 2482 2496 1080
25268 6920 2985 3460 4449
25269 7688 6166 6627 6194
25270 7688 6627 7430 6194
25271 7688 1070 6166 2459
25272 7284 6725 7060 6372
25273 7494 3593 6920 6732
25274 7604 4707 6081 406
25275 7978 6429 7282 6701
25276 7706 914 6420 911
25277 7856 7143 7568 6614
25278 7706 916 6403 914
25279 7506 5578 7219 6792
25280 7914 2734 6606 1207
25281 7325 2432 1033 1022
25282 7632 4079 938 4073
25283 7229 119 4283 2537
25284 7025 5796 6796 6609
25285 7884 6077 7122 2857
25286 7395 6502 6891 5612
25287 7867 5139 6774 4207
25288 7227 1229 3446 1861
25289 6756 3599 1523 1892
25290 6756 1523 5692 1892
25291 7867 6774 7479 6387
25292 7971 6847 6921 4832
25293 7274 4129 571 572
25294 8243 6116 6981 6801
25295 6758 463 4383 4293
25296 6758 463 5960 4383
25297 6758 4383 5960 3269
25298 6758 3269 3475 4383
25299 6758 3269 5960 3475
25300 7786 476 4660 477
25301 7786 4660 3232 477
25302 7786 477 3232 3230
25303 7371 2122 2120 4146
25304 7819 4864 7208 2512
25305 7159 5480 6724 6244
25306 6879 5732 6790 5850
25307 8055 3542 7191 3543
25308 8055 3543 1181 1483
25309 8084 5522 7004 6711
25310 8055 1179 8052 1175
25311 7300 4695 7255 441
25312 8062 4855 6500 4811
25313 8213 5738 7468 2492
25314 8233 5502 5766 5582
25315 8343 5713 7793 6418
25316 7836 4645 3018 5056
25317 7836 5761 7674 6618
25318 7321 6227 7133 5699
25319 7321 5638 6289 5762
25320 7321 5638 7174 5699
25321 8162 6370 7804 7295
25322 7951 6845 7710 5942
25323 7682 5821 7351 6999
25324 7348 3010 4543 5022
25325 7836 6618 7625 5989
25326 7348 406 405 4817
25327 7951 6925 7180 6851
25328 7348 405 2929 4817
25329 7836 3321 5912 3018
25330 7997 6292 7561 6896
25331 7165 7112 7148 6835
25332 7693 1328 7382 1314
25333 6764 411 412 4928
25334 6764 411 6444 412
25335 7785 3475 6471 3340
25336 7681 551 4962 2549
25337 7785 5960 6703 3475
25338 7785 6471 6703 5960
25339 7537 426 4274 4275
25340 7577 1232 7153 6966
25341 8051 5907 7084 6722
25342 7580 6030 7315 6129
25343 7580 5563 6502 6349
25344 6766 2024 6135 4058
25345 6766 4058 5456 2024
25346 7472 5856 6947 5552
25347 6766 4086 6135 5953
25348 6766 4058 6135 4086
25349 6766 4086 5456 4058
25350 6885 5595 5647 5537
25351 7110 6082 6912 6455
25352 6886 5090 5808 4289
25353 7508 4867 5573 2718
25354 7441 6447 6525 5541
25355 7508 5345 6877 622
25356 7376 889 3913 5476
25357 7700 3406 6318 1018
25358 8279 7257 7553 6346
25359 7022 1078 3355 1447
25360 7022 3481 6094 5998
25361 7022 2493 6191 3481
25362 7022 1445 2491 3352
25363 7022 1445 6128 2493
25364 7022 1078 6018 3355
25365 6768 5969 6166 2461
25366 6768 2461 6166 2497
25367 6768 511 2461 2497
25368 6768 511 5969 2461
25369 6768 2495 6166 1085
25370 6768 1085 1084 2495
25371 7022 1447 2491 1445
25372 7022 3481 1078 1447
25373 7022 3481 5998 1078
25374 8307 7269 8069 6945
25375 7022 1447 2493 3481
25376 7636 4510 109 110
25377 7636 108 6185 107
25378 8031 4765 165 166
25379 7636 107 6185 4717
25380 7636 108 4717 109
25381 8374 8150 8373 1054
25382 6996 2546 5054 270
25383 6996 4117 6580 6229
25384 6996 3497 6417 2546
25385 6996 6229 6417 4896
25386 6770 1105 2285 2531
25387 6770 1105 5754 2285
25388 7533 1992 1773 4000
25389 7793 4886 5941 4602
25390 7452 1848 7107 1200
25391 8192 2071 7267 2055
25392 7798 5822 7457 7099
25393 8132 2781 4850 2782
25394 6774 684 685 4165
25395 6774 4163 685 686
25396 7390 3893 6025 5352
25397 7518 5787 6155 5565
25398 7868 6308 7837 6543
25399 7868 6013 7837 7769
25400 7614 7211 7243 5508
25401 8110 254 255 4112
25402 8308 5715 8023 5593
25403 7810 5595 7109 6908
25404 7380 1922 3173 1391
25405 7450 5957 6036 5910
25406 7380 1394 7017 6216
25407 7380 1392 6138 3173
25408 6775 4522 5219 3449
25409 6775 5219 6586 4568
25410 6775 4568 6586 2786
25411 6775 2786 5219 4568
25412 6775 1238 2780 1502
25413 6775 1238 5958 2780
25414 6775 2780 4522 3449
25415 6775 2780 5958 4522
25416 6775 1502 2795 3573
25417 6775 3573 1238 1502
25418 6775 3573 6203 1238
25419 6775 2795 6465 3573
25420 6775 3573 6465 6203
25421 7235 5901 6798 6130
25422 6775 4522 5958 5930
25423 7267 5794 6093 5485
25424 7947 7493 7598 5967
25425 7947 3554 1489 1490
25426 7267 964 5794 953
25427 7618 5020 161 160
25428 7947 1489 7806 7493
25429 8111 3354 6657 4411
25430 6777 2090 5725 2108
25431 6777 4110 2090 2108
25432 6777 4112 2090 4110
25433 6777 4112 5633 2090
25434 7947 3554 7806 1489
25435 8111 3354 65 2464
25436 8111 6130 6705 5555
25437 8111 5163 6130 65
25438 8111 5555 6657 6130
25439 7885 1038 7313 6305
25440 7340 6323 7225 2410
25441 6778 1940 6468 1579
25442 6778 1579 3876 1940
25443 6778 1579 6468 3876
25444 6782 5884 6038 1577
25445 6782 1577 6038 3348
25446 6782 3260 3348 5184
25447 6782 3348 6038 2464
25448 6782 4212 3348 2464
25449 8112 5771 6759 5858
25450 8112 6759 7398 7249
25451 8112 6759 7249 5545
25452 6782 3260 5884 1577
25453 6782 1577 3348 3260
25454 7304 1866 3109 1368
25455 7660 7116 7170 5556
25456 6783 1398 6232 3193
25457 6783 3193 6232 1402
25458 6783 1402 1398 3193
25459 7886 2583 6458 1139
25460 6783 3202 1402 1406
25461 6783 6232 6643 3203
25462 6783 1402 6232 3203
25463 7979 785 4655 3762
25464 7159 5621 6350 6314
25465 8066 6334 6886 5654
25466 7305 5364 3901 3928
25467 6796 5678 6609 5796
25468 7026 2790 4829 4515
25469 7236 3972 3996 1743
25470 7535 124 7294 4330
25471 8113 5651 6438 5959
25472 7466 4304 6179 3557
25473 8126 6192 6622 5551
25474 7043 3381 3380 4475
25475 7382 3596 7261 1880
25476 7043 1624 1667 3380
25477 7462 1020 5872 2143
25478 7062 5538 6640 5944
25479 7466 2767 6438 3447
25480 8119 6759 6830 6150
25481 7707 5767 6809 6141
25482 7946 7169 7616 5921
25483 8284 7323 7427 7421
25484 7705 1765 1764 2425
25485 8364 5482 6834 6647
25486 6968 2797 5942 3575
25487 6968 3575 1865 1236
25488 6788 3527 6168 2568
25489 6788 1474 3527 2568
25490 8235 2140 7531 6318
25491 6788 5995 6115 1472
25492 6788 1472 6115 3524
25493 6788 1142 5995 1472
25494 6788 3524 1142 1472
25495 6940 4512 656 655
25496 8086 7608 7737 6997
25497 7278 5583 6042 5919
25498 6864 5688 6265 2968
25499 7268 3748 6534 1959
25500 7268 1959 6534 1669
25501 8254 6733 7448 5523
25502 6927 1855 2746 1213
25503 8254 5523 7955 7480
25504 8307 6945 8069 6127
25505 7851 1412 6634 1418
25506 7567 3636 6186 3092
25507 7859 2281 723 2312
25508 6867 6132 6437 5990
25509 7604 3140 5836 3268
25510 7201 5744 6164 3347
25511 7201 6042 6164 5744
25512 7118 5952 6146 5891
25513 6867 2372 6169 2363
25514 6867 2372 2363 1138
25515 7119 5760 7076 6167
25516 7368 5208 7360 3456
25517 7368 3456 4342 393
25518 8116 4038 969 5452
25519 7220 6985 7183 6078
25520 7604 6081 7348 406
25521 7604 6482 7348 5783
25522 8116 4038 5609 969
25523 6916 2126 6439 6054
25524 6916 552 6169 4757
25525 7444 6222 6914 5611
25526 7221 1650 1586 3878
25527 8130 5706 6437 517
25528 8098 5390 5374 351
25529 6867 5990 6169 6132
25530 7604 406 3140 4707
25531 8281 2312 7859 1667
25532 7604 1379 5836 3140
25533 6867 1138 1132 2581
25534 6867 1132 1111 2539
25535 7221 1650 3878 3770
25536 7585 5102 7115 4534
25537 7585 190 5711 189
25538 7699 6315 6895 5986
25539 8002 1146 6099 1831
25540 6795 790 6026 4343
25541 6795 790 6784 6026
25542 7028 855 6710 4905
25543 7589 5158 7410 2874
25544 7589 2874 7410 1273
25545 6798 5251 6273 5901
25546 7810 6231 6651 2274
25547 7731 4424 835 5134
25548 7082 1118 1460 3503
25549 7079 5790 6217 5540
25550 8251 6028 6655 6115
25551 8116 957 6304 949
25552 6868 5609 6501 6304
25553 8117 5600 8045 6800
25554 8064 5578 6784 5650
25555 6868 6304 6501 6383
25556 6868 2042 949 5430
25557 8117 6800 8045 1884
25558 8117 2955 6705 5656
25559 7647 5487 6374 6351
25560 6868 940 6383 4069
25561 8123 2950 6444 6397
25562 6800 5656 6172 1306
25563 6800 1306 6172 2992
25564 8120 3594 6809 494
25565 8119 6830 7875 7130
25566 6801 6151 6319 4596
25567 6801 4596 6319 808
25568 6801 808 809 4596
25569 6801 808 6319 4547
25570 6801 4547 3024 808
25571 8148 2128 6439 1789
25572 6959 6119 6283 3871
25573 6959 3768 1583 1942
25574 6959 6087 6119 5941
25575 6801 4831 6151 4596
25576 6801 809 4831 4596
25577 7437 489 2513 4736
25578 8366 2678 8143 4715
25579 6804 5403 6282 5488
25580 6804 5403 226 225
25581 6804 2524 5830 2510
25582 6804 2510 226 2524
25583 7932 6093 7499 7403
25584 7929 5886 7372 5544
25585 7578 6186 6424 5530
25586 7679 1393 1388 3171
25587 7697 3614 4323 3615
25588 7779 5419 218 5415
25589 6804 5606 6282 225
25590 6804 225 6282 5403
25591 7679 2197 1393 1923
25592 7821 7505 7529 7401
25593 7896 4657 4993 3439
25594 8052 6673 7191 2671
25595 8072 3415 1747 1758
25596 6805 830 831 5176
25597 6912 5531 5784 5677
25598 8224 6534 7949 6047
25599 7348 5783 6482 5840
25600 6806 3535 538 5234
25601 7174 5617 6791 5762
25602 7163 6096 7140 6869
25603 7163 4937 6662 5717
25604 7848 7333 7462 6748
25605 8126 6364 7675 6930
25606 8113 5651 6582 6438
25607 8054 7314 7787 7407
25608 7973 7616 7946 7169
25609 8313 3261 3249 4268
25610 6808 4080 5670 939
25611 6808 939 5670 951
25612 6808 951 4080 939
25613 7912 5305 3813 3833
25614 7912 6353 6738 848
25615 6938 5115 3625 3145
25616 6938 6151 6801 4831
25617 6938 4831 4571 3065
25618 6809 3262 5019 495
25619 7292 5614 6772 6159
25620 6809 5019 6654 495
25621 7224 382 381 5035
25622 7799 5602 7400 5518
25623 7507 5810 6723 5509
25624 6809 6443 6654 5632
25625 7708 2706 6940 4623
25626 8383 5697 7430 6194
25627 7929 5542 7483 6565
25628 7217 6523 6838 6332
25629 7217 6332 6380 5698
25630 7329 2076 1996 2003
25631 7533 4000 7199 1744
25632 7533 3974 6856 3998
25633 8127 1776 7815 2092
25634 7533 4000 1744 1992
25635 7874 5983 6314 6057
25636 6810 5024 6419 6402
25637 6810 6402 6419 5964
25638 7382 6309 7257 6722
25639 8252 7402 8210 7411
25640 7694 5570 7544 6833
25641 7382 2970 7257 3596
25642 7694 6560 6794 6605
25643 7382 2970 3007 5066
25644 6969 673 6021 4172
25645 6812 4985 163 162
25646 7978 6429 7840 839
25647 8121 138 6817 137
25648 8121 139 138 4196
25649 8121 5929 6817 5885
25650 8417 8190 8384 6180
25651 8121 4435 138 139
25652 8121 138 4420 4196
25653 7442 622 623 4464
25654 7154 5028 234 235
25655 7216 5869 6421 5875
25656 7686 827 5741 5273
25657 7653 6377 7037 6664
25658 7532 6638 6809 5767
25659 7532 6363 6638 5865
25660 7708 2706 2708 1850
25661 7532 6773 7278 6485
25662 7532 5632 7278 6773
25663 6814 3405 5660 1017
25664 6814 1017 1019 3405
25665 8215 6306 8013 7230
25666 8375 3216 7451 6453
25667 7532 5865 6638 5767
25668 7837 1839 7769 1150
25669 7026 4830 2790 2810
25670 7062 5909 5944 5856
25671 8122 3825 1712 1711
25672 8122 1711 6715 1709
25673 8122 1712 5823 1711
25674 6817 137 5196 4420
25675 6817 137 6004 5196
25676 6817 5196 5797 4420
25677 6817 5196 6004 5797
25678 7989 6258 7562 6574
25679 8068 5694 7280 6360
25680 7646 2660 2634 4705
25681 7972 2660 1186 1174
25682 8123 1526 1316 3462
25683 8123 1894 6397 1526
25684 7701 6530 7566 5507
25685 7365 3879 1587 1943
25686 7817 4358 6561 5913
25687 8123 3604 6397 2977
25688 7365 6189 7149 6188
25689 8123 2977 6397 6395
25690 7817 1310 1305 2962
25691 7971 4832 6921 4924
25692 7393 5797 5968 5613
25693 7393 5916 6004 134
25694 8329 7542 7894 7020
25695 7393 5651 6004 5613
25696 7841 5627 5690 5660
25697 7617 7339 7409 6211
25698 7393 5916 6008 5968
25699 6958 5046 807 806
25700 6822 2352 6740 2351
25701 6822 4921 2352 2351
25702 6958 4547 6801 6319
25703 6958 6114 6384 3021
25704 6822 4920 5924 313
25705 6822 313 4921 4920
25706 6822 4920 4921 2351
25707 6822 2351 6740 2350
25708 6958 805 6114 3021
25709 6822 2350 5924 4920
25710 6822 4920 2351 2350
25711 8030 921 4029 2067
25712 7012 6290 6805 6650
25713 8030 4029 6385 2072
25714 8124 3105 6826 3108
25715 8124 4295 7160 3105
25716 8124 3108 6826 1367
25717 7734 4625 6138 5989
25718 6825 1641 1672 3716
25719 6826 3108 1354 1367
25720 8236 2478 7729 1169
25721 8287 2247 2246 694
25722 7256 6191 6380 5980
25723 8229 6585 6684 2624
25724 6827 2880 5726 3052
25725 8034 5572 7940 7583
25726 8033 5906 6376 4451
25727 8126 5551 7826 5491
25728 6829 5049 746 747
25729 6829 5049 5716 746
25730 6829 4950 5049 747
25731 6829 4950 5716 5049
25732 6829 3794 5776 5358
25733 6829 5358 748 3794
25734 6830 5910 6036 5780
25735 6830 6036 6617 5780
25736 7671 5568 6761 6167
25737 7671 2646 6714 3539
25738 7451 3125 7198 1410
25739 7451 5863 7198 3141
25740 7451 3135 1374 1410
25741 7451 3216 3135 1410
25742 7451 3135 4709 3127
25743 6899 5261 6660 5966
25744 6955 3077 4642 4727
25745 6831 3187 1881 1396
25746 6831 3187 6149 1881
25747 6831 1562 6149 3187
25748 6831 1396 1562 3187
25749 7728 5526 6126 6029
25750 7803 6093 6715 3907
25751 7728 6126 7511 7208
25752 6831 1881 6149 3194
25753 6831 3194 1399 1881
25754 7585 5711 7187 5574
25755 8287 694 6102 5856
25756 7655 5699 7487 6227
25757 7717 6647 7683 7123
25758 6870 6647 6834 6423
25759 7436 7172 7343 5507
25760 8125 5688 6200 5657
25761 7250 2729 1206 2727
25762 6870 6765 6793 6785
25763 7668 5864 7293 6786
25764 7527 4320 6974 527
25765 8005 6536 7130 6150
25766 6836 2924 6561 1305
25767 6836 1305 1295 2924
25768 7287 1868 2807 1249
25769 7287 6447 6562 1868
25770 8105 6729 7547 202
25771 7559 4018 6293 4037
25772 7357 6614 7209 5674
25773 8178 5977 6762 5497
25774 7859 6400 7372 7043
25775 8078 2165 6084 4174
25776 6839 6305 6366 2179
25777 6839 4185 4168 2196
25778 6839 688 4185 2179
25779 8126 2396 7675 7199
25780 7228 5955 6747 5758
25781 7886 4350 7620 3519
25782 7985 6687 7904 7592
25783 8178 6656 6762 5977
25784 6839 2196 4168 2184
25785 6839 4185 2196 2179
25786 6839 2196 6305 2179
25787 7701 6603 6937 6487
25788 7375 5535 6767 6184
25789 7375 6208 6994 6312
25790 6840 438 6504 3146
25791 6840 3146 4706 438
25792 7938 2758 3566 1496
25793 7488 4120 2082 2107
25794 7199 3973 1772 3975
25795 8127 973 978 2270
25796 8127 974 1776 2273
25797 7199 2434 2397 1772
25798 7350 6224 6818 5764
25799 7930 5993 7585 7115
25800 6841 4872 6020 817
25801 6842 4245 6822 316
25802 6958 3021 6384 2933
25803 8128 6067 6503 6411
25804 7273 5115 4728 3625
25805 7777 1247 7454 2879
25806 7912 847 848 5305
25807 7273 3625 6938 5115
25808 7556 6802 7387 5486
25809 7193 4301 4026 5203
25810 6842 2358 4216 2359
25811 6842 4216 5826 2359
25812 6842 2358 1697 2357
25813 6842 1697 6056 2357
25814 8157 5984 7058 7005
25815 7912 7067 7844 3833
25816 7193 2048 958 4026
25817 7614 3436 984 998
25818 8010 6978 7771 5807
25819 8053 6865 7770 5788
25820 7143 1071 1099 2205
25821 7143 2205 1099 2518
25822 7042 5589 6581 6410
25823 7952 7709 7900 7308
25824 7834 1946 1656 2232
25825 7987 6574 7562 6258
25826 6845 55 6145 4892
25827 6845 54 4376 5062
25828 6845 5062 55 54
25829 6845 5062 6145 55
25830 7976 3957 3969 3958
25831 7976 349 348 3958
25832 6845 5066 4376 53
25833 6845 5066 6309 4376
25834 7976 6986 7640 5610
25835 7976 3958 348 3957
25836 7209 5549 6686 6367
25837 7209 5830 6888 5608
25838 7761 6025 7132 7066
25839 8330 7622 8069 6945
25840 7209 5674 6888 5830
25841 7695 4059 5772 4084
25842 7406 6619 7114 5489
25843 7915 3635 1568 3189
25844 7912 3813 7067 3833
25845 7888 245 6221 4368
25846 7888 4009 5398 3995
25847 7915 7044 7571 1409
25848 7539 3903 6954 3899
25849 7539 6899 6954 5635
25850 6999 1545 3628 1543
25851 8025 259 7307 258
25852 7158 5641 6680 5844
25853 7174 5638 7133 5699
25854 7174 5553 6661 5638
25855 7174 5553 6530 5524
25856 7733 6989 7694 6794
25857 7174 5699 6288 5617
25858 7333 5660 7073 6814
25859 6862 2031 5438 4059
25860 6935 2690 1215 1228
25861 7714 5495 7489 6903
25862 6862 5617 6791 5772
25863 6862 4059 5670 2031
25864 7993 5516 6785 6355
25865 6862 4059 5772 5670
25866 6851 2788 1233 2709
25867 8290 6270 7872 6286
25868 6969 673 6416 6021
25869 7312 950 7125 4075
25870 6969 675 6442 5777
25871 8129 6003 6751 6251
25872 8129 6630 6751 6002
25873 8129 6002 6751 6003
25874 8200 7102 7755 1597
25875 7918 544 5178 543
25876 7773 4764 277 276
25877 7773 276 277 4116
25878 6969 2189 6416 2175
25879 6969 2189 4181 2190
25880 7773 5016 277 4764
25881 7918 4820 6263 5178
25882 8129 6918 7192 6850
25883 8129 6251 6751 6630
25884 8129 6713 6850 6002
25885 7918 4590 7862 2556
25886 7773 277 6600 278
25887 7773 2541 6600 5016
25888 7773 5016 6600 277
25889 7918 5469 4590 2556
25890 7918 5469 7076 4820
25891 6853 5161 6173 3565
25892 7940 6671 7599 7534
25893 7603 6792 7506 7456
25894 6853 643 6211 5161
25895 6853 5161 2774 643
25896 7940 6671 7299 5572
25897 7940 7299 7649 6903
25898 7274 571 5872 5668
25899 7226 6801 6938 6116
25900 7849 6120 7686 5666
25901 7341 7073 7124 6683
25902 7849 4335 7686 6120
25903 7274 2143 4130 2144
25904 7226 2921 812 3452
25905 7226 5115 6938 811
25906 7245 4563 5673 5096
25907 7245 118 7229 6239
25908 6855 5404 222 3985
25909 6856 3999 5424 3974
25910 8129 6251 7801 6508
25911 7503 5664 6917 6055
25912 8117 3088 5600 5163
25913 6920 2985 6592 1282
25914 7495 3096 5638 3472
25915 7220 5646 6985 5634
25916 7600 6114 6546 6427
25917 8319 5863 7358 6990
25918 8094 5209 6555 5724
25919 8165 3393 6997 5799
25920 7261 3314 6385 3316
25921 7261 2856 6936 1266
25922 6858 3296 6082 5135
25923 6858 5135 2450 3296
25924 6858 6027 6082 1838
25925 6858 1838 6082 3296
25926 6858 3296 2450 1478
25927 7713 6368 7475 6674
25928 7713 6674 7475 6288
25929 6858 3296 1478 1838
25930 6858 1478 6027 1838
25931 8261 3513 2554 5119
25932 7359 6046 6108 5517
25933 7368 393 4342 5180
25934 7304 1237 7026 1866
25935 7304 4515 3112 3109
25936 7004 6432 6711 5757
25937 7817 5081 5913 5692
25938 7751 2648 6734 1163
25939 8410 5907 8392 6098
25940 8071 6626 7901 7815
25941 7660 5556 7170 5898
25942 7660 5898 6095 5556
25943 6862 5772 6791 5670
25944 7313 5702 6625 4835
25945 7540 966 2054 5477
25946 6954 5318 5537 756
25947 7087 1353 5994 3622
25948 7409 3561 6531 4385
25949 6862 2031 5670 4075
25950 6862 4075 950 2031
25951 7177 5587 6247 5709
25952 6966 2791 5149 3304
25953 7184 3641 7160 6500
25954 7540 5477 7301 2069
25955 6953 6305 6331 5846
25956 6954 3903 5595 3898
25957 7536 1646 7388 3763
25958 7536 1646 3763 1645
25959 7188 6222 7089 6176
25960 7188 6176 7089 5815
25961 7188 3207 1405 1565
25962 7188 5815 6285 6176
25963 6953 6305 6625 6331
25964 6865 3943 5802 1678
25965 6865 1678 1679 3943
25966 8296 3658 1921 1557
25967 6865 3943 6111 3942
25968 6865 3942 5802 3943
25969 6865 3942 6111 5802
25970 7658 2980 784 3042
25971 6895 6032 6480 6248
25972 7957 7552 7573 5193
25973 6867 1111 1826 2539
25974 6867 1111 5956 1826
25975 6867 1826 5956 2539
25976 6867 1132 2539 2572
25977 6867 1140 6132 2372
25978 6867 2372 1138 1140
25979 8278 2092 7740 2094
25980 7957 99 7573 4346
25981 7957 3458 101 4346
25982 7957 4346 101 100
25983 7957 100 99 4346
25984 7124 6814 7073 5849
25985 8127 973 6358 5763
25986 7625 6372 7497 5860
25987 7625 6618 7060 5689
25988 8128 5770 7180 6214
25989 7376 931 6736 943
25990 7987 6258 7266 6574
25991 6871 111 4794 4876
25992 7919 5503 5827 5551
25993 7702 3693 3695 1631
25994 8086 3539 6714 2626
25995 7324 1890 5796 2964
25996 7987 6258 7562 7142
25997 7987 5526 7562 6574
25998 7680 6341 7151 5639
25999 6871 112 4794 3178
26000 7806 3301 6874 4401
26001 7277 2711 2710 618
26002 7277 6408 6521 6505
26003 7765 6011 6799 5546
26004 6871 3178 4989 112
26005 6871 3178 6860 4989
26006 7764 5460 7703 4698
26007 7640 349 6310 4661
26008 7728 6126 6846 6029
26009 6901 5063 386 2862
26010 6901 2862 386 2922
26011 8130 6437 6867 6132
26012 7515 3675 6643 6218
26013 7515 6643 6783 5597
26014 7515 5673 6783 3202
26015 8348 5572 8034 6023
26016 6901 386 4773 2922
26017 6901 385 5948 4773
26018 7824 5892 6145 5942
26019 7593 639 5031 638
26020 7604 1379 6879 5836
26021 7593 5089 5031 639
26022 7412 4621 2360 2570
26023 7412 6642 6886 1145
26024 8189 7243 7614 7211
26025 7440 5565 7007 5773
26026 7744 3898 5595 3903
26027 7871 6280 6527 6335
26028 7024 6086 6754 3864
26029 7024 3927 5148 3860
26030 7024 3864 6754 3860
26031 7024 5699 5762 5617
26032 8033 5709 5878 5570
26033 8353 5582 7216 5875
26034 7510 2338 7140 1969
26035 7508 2718 5672 620
26036 7914 5967 7598 6606
26037 7935 3666 7842 3473
26038 6877 5345 3872 5328
26039 7250 1196 3547 2727
26040 7935 3667 6980 1400
26041 7510 1687 5571 3952
26042 7935 6980 7054 6222
26043 7509 1525 3603 2980
26044 6878 5719 6394 5951
26045 6878 5534 6394 5719
26046 8087 3782 1599 1658
26047 7617 1593 6396 6053
26048 8087 3883 7903 3782
26049 6879 3158 1384 1379
26050 7627 5741 6955 5584
26051 6880 742 4947 741
26052 6880 3884 742 741
26053 6880 5539 5743 5599
26054 6880 741 5743 5539
26055 6880 741 5539 5321
26056 6880 5321 3884 741
26057 6880 5321 5539 3884
26058 6880 5599 5743 4222
26059 6880 4947 5599 4222
26060 6880 4222 5743 741
26061 6880 741 4947 4222
26062 8207 1471 7778 3523
26063 7452 1848 2753 1215
26064 7452 6501 7107 6383
26065 8133 521 520 4612
26066 8133 2594 520 521
26067 6933 2431 2394 1769
26068 6904 2460 5661 4809
26069 6904 518 4943 519
26070 6904 3517 6437 518
26071 8091 4439 249 4200
26072 7863 5262 6405 840
26073 8051 3053 7084 1903
26074 8073 5458 8021 5873
26075 7056 5407 6212 5416
26076 7327 3882 3775 1592
26077 7495 1376 7416 6227
26078 7452 2755 7107 1848
26079 8133 520 2571 4771
26080 7452 4069 6868 6383
26081 6883 174 5182 4459
26082 6883 5182 6641 4459
26083 6883 173 5182 174
26084 6883 173 6303 5182
26085 8033 2987 5906 4451
26086 7832 3285 6245 5961
26087 7413 151 5557 4801
26088 7413 151 150 4864
26089 7512 6377 7259 7037
26090 7512 5728 7037 5735
26091 7413 4864 7208 151
26092 8348 8108 8339 6748
26093 6887 4607 582 583
26094 6887 4607 6275 582
26095 8073 5873 8021 5998
26096 8073 5998 7270 6446
26097 6887 582 6275 6215
26098 6887 6105 6275 5534
26099 6887 5534 6153 6105
26100 7855 1757 1758 4007
26101 8073 8021 8070 7937
26102 7855 4007 3988 5410
26103 6887 6215 6275 6105
26104 6887 6153 6215 6105
26105 7038 5528 5789 5757
26106 7340 1752 6323 2410
26107 8135 6323 7340 6752
26108 7342 3323 6529 4940
26109 7535 4403 6668 2699
26110 6948 5555 6130 5516
26111 6944 6372 6749 5489
26112 7846 5643 7476 6031
26113 6944 5489 6619 6577
26114 7686 5666 6963 5588
26115 7526 2418 1755 2415
26116 7526 3417 2416 4653
26117 7038 5757 6951 6006
26118 8127 6626 7901 7715
26119 6945 6226 6695 6523
26120 7038 5789 6951 5757
26121 8135 7225 7340 6323
26122 8135 5631 7244 7225
26123 7526 4653 6475 3417
26124 7917 2709 1864 2792
26125 7074 4171 4183 2163
26126 7074 4167 6261 2167
26127 7074 4183 4167 2167
26128 6893 2742 6063 2724
26129 6893 1211 2742 2724
26130 7535 4403 124 125
26131 7555 6258 6574 5746
26132 7990 5848 7435 6747
26133 7555 6923 7396 5958
26134 8137 3559 1493 3558
26135 6893 2726 6441 2744
26136 6893 1211 2726 2744
26137 8224 7230 7899 5510
26138 6893 3558 6441 4391
26139 8078 4171 7074 2163
26140 7841 604 7725 603
26141 7781 4828 419 5034
26142 7696 5816 7399 7063
26143 7778 5787 7260 5773
26144 6898 5734 6891 5809
26145 6898 5809 6891 5795
26146 7520 5251 6097 4339
26147 8301 6559 8200 646
26148 7515 3203 6643 3209
26149 8110 5633 6777 4112
26150 8020 2888 7377 6552
26151 8305 4688 458 459
26152 6899 5261 5966 4228
26153 6956 3689 6325 1629
26154 6955 823 6291 5061
26155 6900 3055 6872 422
26156 8088 6019 7268 5820
26157 7345 5494 6451 6054
26158 7345 6054 6590 5494
26159 6900 423 6872 3055
26160 7345 6339 6984 5934
26161 7345 5962 6724 5480
26162 7345 5934 6039 5973
26163 7345 6054 6428 5973
26164 7345 6039 6054 5973
26165 7345 5480 6724 6451
26166 7502 7236 7474 6049
26167 6901 5063 6163 388
26168 6901 388 387 5063
26169 6901 388 6163 387
26170 6901 6264 6477 4870
26171 6901 4870 6477 385
26172 7584 5607 6037 5833
26173 7584 2989 6795 4343
26174 7300 441 4922 442
26175 7300 3219 4695 3231
26176 7300 5952 6634 3238
26177 7300 3238 3231 4422
26178 7350 6144 6294 5764
26179 7337 5966 6700 5650
26180 7300 4422 6635 3238
26181 7162 3499 6498 2307
26182 7179 5966 5971 5635
26183 8062 4998 3094 3637
26184 7188 3299 1405 3207
26185 7300 6092 7255 5700
26186 7300 5700 7255 6634
26187 7002 480 479 4733
26188 7002 478 3230 4502
26189 8081 6605 6732 6326
26190 8073 6446 7270 3488
26191 8080 4692 4271 3233
26192 7327 3882 1653 3804
26193 7354 5764 6294 5866
26194 7002 4733 6146 480
26195 7022 6077 6112 5921
26196 7002 2499 479 4756
26197 8078 1040 6745 1041
26198 7787 7299 7407 7314
26199 7931 2573 3416 5224
26200 7327 1592 6951 3882
26201 7510 2335 1686 1685
26202 7583 7407 7489 5759
26203 7583 5703 7197 6903
26204 7584 1315 3610 1532
26205 8056 5983 6757 6314
26206 7702 1631 3694 3691
26207 7941 5602 7842 6875
26208 7789 5656 6708 5976
26209 7981 6613 7075 5590
26210 7583 5572 6269 6023
26211 7583 5572 7407 6328
26212 7583 5572 6328 6269
26213 6909 4747 6406 297
26214 6909 297 298 4747
26215 8049 6123 7594 7459
26216 7384 6303 6582 5746
26217 6910 4537 729 730
26218 6957 315 4245 4211
26219 7244 4005 1754 1987
26220 6910 730 4634 4537
26221 6910 730 6421 4634
26222 6910 4634 6421 6325
26223 6910 6325 6421 5869
26224 6910 4537 4634 3689
26225 6910 4634 6325 3689
26226 8054 5534 6760 6043
26227 8113 6438 6582 6430
26228 7652 5966 7016 5650
26229 7997 6796 6896 5678
26230 6962 767 768 4541
26231 7082 5803 6463 5873
26232 7082 6361 6463 5803
26233 6954 5318 756 5369
26234 7268 3703 4967 3705
26235 7950 1381 3142 3148
26236 6913 5617 6862 6288
26237 7476 6423 6583 6445
26238 7444 3210 3670 5166
26239 7962 6580 7902 7759
26240 7404 5167 4276 3197
26241 7404 428 5611 429
26242 6954 5537 6908 5635
26243 8178 7439 7707 5977
26244 7404 3197 6980 3667
26245 7404 5167 6702 428
26246 6913 915 913 2053
26247 6913 2053 919 915
26248 6913 2071 915 919
26249 6913 919 923 2071
26250 7695 5436 7156 4065
26251 6935 2690 1228 1234
26252 7778 6155 7260 5787
26253 7103 686 4184 4163
26254 7103 4184 6636 2181
26255 7103 2195 4184 687
26256 7103 688 6839 2179
26257 6916 4542 6691 554
26258 6916 554 6691 6439
26259 6916 4757 4542 554
26260 7970 1523 7817 5692
26261 7970 1305 7817 1310
26262 7792 7112 7450 5601
26263 7709 2863 6607 350
26264 6917 4367 3521 3289
26265 6917 3521 6206 523
26266 6917 523 4840 3521
26267 6917 523 6206 4840
26268 6917 1469 6886 1832
26269 6917 1832 6886 3289
26270 6917 3289 1469 1832
26271 7331 6427 7155 5490
26272 7004 6242 6246 6073
26273 7212 6721 6772 5788
26274 7556 5486 7195 6802
26275 7229 4701 119 2537
26276 8096 4907 3175 3174
26277 7121 1600 6494 2238
26278 7315 5005 7091 5564
26279 7340 1752 3984 1751
26280 8131 1384 1919 3168
26281 7677 5830 6888 6804
26282 7008 6648 6943 5525
26283 7008 5634 6985 6261
26284 7503 6055 6917 6161
26285 7503 5664 6680 5641
26286 7503 5641 7158 5598
26287 7607 612 6023 5462
26288 7607 4404 612 5462
26289 7607 4404 4191 612
26290 7992 3754 6881 1674
26291 7365 3879 1943 1588
26292 7365 1588 6188 3879
26293 6921 4832 6847 4924
26294 7972 6050 6501 5609
26295 7365 1586 7221 5640
26296 7692 4332 3070 5095
26297 7692 5989 7625 5860
26298 7365 6189 6512 5342
26299 7365 5362 7149 5342
26300 7424 1966 1682 3946
26301 7365 1586 3771 3878
26302 7692 5095 3321 4645
26303 7692 5095 415 4332
26304 6922 3379 2295 997
26305 7830 2383 1148 2600
26306 7744 1954 3898 1665
26307 7244 5404 6855 3985
26308 8247 5899 7445 6379
26309 8013 6300 6362 5869
26310 7599 5627 7563 6671
26311 7331 7275 7276 5490
26312 7803 5794 6715 6093
26313 7733 6044 6751 6003
26314 7733 5679 6794 5570
26315 8235 567 4141 4144
26316 446 6035 7091 4506
26317 8379 6306 7456 7323
26318 7438 6445 6583 6423
26319 8320 3423 210 211
26320 7462 2144 7274 4130
26321 7462 4130 7274 6507
26322 7542 4436 7020 5145
26323 8393 7281 8315 5532
26324 8207 6221 8007 8002
26325 8207 6099 8002 1146
26326 7080 1563 3205 3667
26327 7080 3200 5602 3546
26328 7080 3667 6980 1563
26329 6927 1210 6233 1855
26330 6927 1855 2747 2741
26331 6927 2747 6072 2741
26332 7803 2005 4033 1997
26333 6927 2741 6711 2615
26334 6927 2615 1210 2741
26335 6927 2615 6711 1210
26336 6928 4593 152 4554
26337 6928 4593 5557 152
26338 6928 152 5557 151
26339 6928 151 4797 152
26340 6928 151 5557 4797
26341 7162 5996 6806 5234
26342 7162 3499 5211 2548
26343 7162 4458 539 3499
26344 7162 2548 6961 6498
26345 7162 5211 6961 2548
26346 7162 6806 6961 5211
26347 6928 2869 5557 4593
26348 6928 4554 2869 4593
26349 7759 6425 7732 6580
26350 6929 2229 6164 4197
26351 6929 3279 2229 4197
26352 6932 4871 4858 2727
26353 7319 6409 6720 1528
26354 6932 48 4858 47
26355 8246 7236 7888 4009
26356 6932 5917 6905 5831
26357 6929 4197 5905 469
26358 6929 4197 6164 5905
26359 6930 3999 6364 3974
26360 6930 1745 6235 3999
26361 6930 3999 1775 1745
26362 7650 1318 2988 1320
26363 7650 5714 6378 5898
26364 7817 1305 6561 2962
26365 8304 3064 1352 3625
26366 7563 5480 7124 6892
26367 7563 5480 6892 5962
26368 7142 5753 7061 6730
26369 6931 2471 6563 1075
26370 7910 3736 6511 5128
26371 6931 3478 1444 1075
26372 8342 6308 7837 3534
26373 6931 6563 6929 1443
26374 6931 1075 6563 1443
26375 6931 1443 3478 1075
26376 6931 1443 6929 3478
26377 8328 7279 7371 5719
26378 6951 1652 6148 3361
26379 7510 4241 2338 2337
26380 7319 1528 6720 2981
26381 6951 6006 6396 6053
26382 6933 2431 1769 1768
26383 7542 5145 6172 3619
26384 8399 46 6932 4909
26385 7237 405 6081 404
26386 6934 5431 6884 2028
26387 6934 3248 6121 5953
26388 6934 4263 6121 3248
26389 6934 3248 3677 4263
26390 6934 4070 6121 4051
26391 6934 4051 6121 4263
26392 6934 4055 4070 4051
26393 6934 4051 4263 4055
26394 8125 5688 6864 6200
26395 7671 3540 7485 1482
26396 7380 1922 1392 3173
26397 7103 4163 6774 686
26398 7607 6023 7264 5198
26399 7109 5513 7099 5882
26400 8275 5578 7603 6792
26401 7416 833 6805 6290
26402 7109 6260 6556 5595
26403 7108 6141 6479 5767
26404 7319 4854 6720 4879
26405 8121 4420 5929 2341
26406 7708 5786 6505 1197
26407 7383 5508 6315 6170
26408 7108 6538 6680 6655
26409 7973 7393 7616 5968
26410 7973 7266 7946 6048
26411 6937 1729 1730 3854
26412 6937 1730 5481 3854
26413 7927 7175 7645 7117
26414 7927 7117 7285 6311
26415 7927 7176 7923 5484
26416 7927 7117 7920 7175
26417 7927 5484 7285 7117
26418 7927 7175 7920 7176
26419 8120 493 6809 3594
26420 7287 2807 6562 4560
26421 7227 2783 3446 1229
26422 7227 689 3446 2783
26423 8126 5491 7826 7195
26424 7315 450 4280 5118
26425 6939 570 4133 569
26426 7532 6363 6809 6638
26427 7708 6940 7629 5786
26428 7532 6485 7291 5835
26429 6939 570 5872 4157
26430 6939 4157 4133 570
26431 6939 4157 5872 4133
26432 7532 5977 7439 6773
26433 7532 6773 7439 5632
26434 7441 6007 6693 6562
26435 8049 83 84 4692
26436 7639 5317 6005 3778
26437 7151 5570 5709 5679
26438 7734 6138 6618 5989
26439 8369 7022 8109 6481
26440 7151 6247 6833 5775
26441 7562 5526 7142 6730
26442 7091 3172 5564 5005
26443 7567 3636 3086 1546
26444 7734 3173 6138 3176
26445 7994 6360 6695 5694
26446 6945 5604 6695 5791
26447 7270 6018 6735 5998
26448 7632 4079 5580 4093
26449 7632 5483 7144 5580
26450 6946 3943 6111 330
26451 6946 5382 328 327
26452 6946 6111 6863 6326
26453 6946 4754 6326 327
26454 6946 327 328 4754
26455 6946 3941 3942 5382
26456 6946 3941 6111 3942
26457 6946 3942 6111 3943
26458 6946 3943 329 3942
26459 6946 6326 6863 327
26460 6946 3941 6863 6111
26461 6946 327 6863 3941
26462 6946 5382 327 3941
26463 8368 6834 8364 8141
26464 8142 5937 6329 5671
26465 8142 5937 7627 6329
26466 8143 5812 6090 43
26467 8142 5490 6866 5954
26468 7996 7625 7836 7674
26469 7754 7041 7505 5512
26470 7754 5512 7561 7041
26471 7754 7041 7561 5486
26472 8368 6633 6765 5516
26473 7937 3488 7270 2527
26474 7319 6409 7246 6720
26475 8144 923 7403 6913
26476 8144 5652 6952 6913
26477 8144 4034 5652 4022
26478 8144 4030 2053 2070
26479 7684 5598 7611 5911
26480 7891 379 6401 6095
26481 8200 6559 7834 1656
26482 7891 2927 6545 6469
26483 8367 5643 7717 6090
26484 8367 5831 7717 7683
26485 7319 6737 7258 7246
26486 7319 2946 7258 6737
26487 8366 43 8143 4714
26488 6950 2697 4909 3547
26489 6950 4909 6932 3547
26490 7319 7246 7258 6720
26491 6951 3803 5789 1591
26492 6951 1591 5789 1652
26493 6951 3803 6432 5757
26494 7328 5995 7045 6142
26495 7491 6073 6718 6262
26496 7956 5706 7117 6437
26497 7479 5855 7213 5801
26498 7371 5719 5902 5616
26499 7491 1220 1858 2762
26500 7525 2260 4641 703
26501 8157 7058 7411 7402
26502 7956 6311 6799 5546
26503 8366 6243 8245 6950
26504 8366 2696 2678 4715
26505 7672 7101 7328 7290
26506 8024 4888 7725 604
26507 7192 1699 3932 1698
26508 6954 754 755 4278
26509 6954 4379 753 754
26510 6954 4379 6660 753
26511 6954 5369 3898 5318
26512 6954 3898 5595 5318
26513 6954 5318 5595 5537
26514 7576 6441 6893 2726
26515 7086 6078 6336 6187
26516 6954 4278 6660 4379
26517 6954 4379 754 4278
26518 6956 4537 6910 3689
26519 8146 5562 7847 6110
26520 8146 5642 6979 6416
26521 8146 5642 6648 6110
26522 8146 5748 6210 6021
26523 8146 6021 6979 5782
26524 8146 6110 7847 6979
26525 7384 5596 6303 5746
26526 7384 6303 6430 5862
26527 7385 231 5395 3990
26528 6957 313 6719 2300
26529 6957 2300 4211 313
26530 6957 2300 2544 4211
26531 6957 2300 6719 2544
26532 6959 5941 6119 1942
26533 6959 1583 5941 1942
26534 6959 2204 5941 1583
26535 6959 2204 6087 5941
26536 6959 1942 6119 3871
26537 6959 3871 3768 1942
26538 6959 3871 6877 5328
26539 6959 5328 3768 3871
26540 6959 1941 6087 2204
26541 6959 1583 1941 2204
26542 7150 3426 1061 3427
26543 6961 3498 5201 4302
26544 8224 7899 7949 5510
26545 6961 3498 6344 1457
26546 6961 1457 3495 3498
26547 6961 5201 6911 4302
26548 6961 4302 6911 5715
26549 6961 1457 6344 1117
26550 6961 1117 3495 1457
26551 6962 4632 768 767
26552 6962 4632 6497 768
26553 8146 5782 7847 7023
26554 6962 4489 4632 767
26555 8146 5782 6557 5748
26556 8146 6110 6979 5659
26557 8146 5748 6557 6547
26558 8146 6547 6648 6210
26559 8146 5659 6979 5642
26560 8146 5642 6416 6210
26561 6964 2291 2519 4221
26562 6964 2291 2457 1097
26563 6964 2457 5661 1097
26564 6964 1449 2289 2519
26565 6964 1449 6520 2289
26566 6964 2289 6520 2519
26567 6964 4221 6520 4612
26568 6964 4612 2291 4221
26569 6964 4612 2457 2291
26570 6964 4612 5661 2457
26571 6964 4612 6520 5661
26572 7796 6866 6963 5588
26573 6965 5995 6142 4934
26574 6965 2597 5995 4934
26575 6965 4399 2597 4934
26576 7917 2788 7772 6851
26577 7917 2788 6851 2709
26578 6965 563 5918 562
26579 6965 562 4959 563
26580 7917 6067 7772 6052
26581 7917 2709 5109 2788
26582 8000 1602 7326 1948
26583 6965 2369 5749 1834
26584 6965 1834 2386 2369
26585 6965 562 5918 5043
26586 6965 5043 4959 562
26587 6966 5746 6574 5613
26588 6966 5613 6574 5885
26589 6966 5149 4523 3304
26590 6966 5149 6465 4523
26591 6966 2795 6775 1235
26592 6966 3304 2795 1235
26593 6966 4523 2795 3304
26594 6966 4523 6465 2795
26595 6966 2787 6817 4435
26596 6966 4435 6817 2791
26597 6966 2791 2787 4435
26598 8122 5655 8050 5823
26599 8122 3823 3824 1711
26600 7442 5337 6283 624
26601 7837 2385 6308 4400
26602 7943 5657 6756 5800
26603 7442 2731 2701 624
26604 7442 4464 5573 622
26605 7442 5573 6632 5676
26606 7848 7073 7333 6549
26607 7312 4080 2025 936
26608 8374 7861 8150 5925
26609 6969 2190 4181 4178
26610 8374 5777 7861 5925
26611 8374 5777 7391 2178
26612 7312 5481 6791 5867
26613 6970 3409 6426 6394
26614 6970 6153 6215 4466
26615 6970 6215 6328 4472
26616 7606 6677 6741 5185
26617 6970 613 4190 4191
26618 7783 2258 5053 4582
26619 6970 4466 4472 614
26620 6970 4466 6215 4472
26621 7655 5124 7487 4427
26622 7606 6741 7110 6082
26623 7608 5593 6806 5996
26624 6970 4191 4190 612
26625 7881 2226 6005 1654
26626 6972 2011 4043 5225
26627 6972 2011 1998 4043
26628 6972 3863 1736 3930
26629 6972 3863 6086 1736
26630 7966 2617 299 4636
26631 7483 6664 7223 7147
26632 7881 3363 1654 1594
26633 7881 6053 7725 2222
26634 7177 5878 6247 5554
26635 8293 5389 7782 5780
26636 7881 1945 2222 2225
26637 6973 2269 2272 1616
26638 6973 2269 6287 2272
26639 6973 2272 1617 1616
26640 6973 2272 6231 1617
26641 6973 2272 6287 6231
26642 7307 258 2093 4107
26643 8084 6711 7004 6432
26644 7307 259 4122 4111
26645 6974 2604 5749 2603
26646 6974 525 2603 4999
26647 6974 2603 5749 4999
26648 7036 5161 6211 643
26649 7198 1917 3146 3125
26650 6977 6242 6857 6073
26651 6977 6073 6262 6242
26652 6977 6073 6531 6262
26653 6977 6262 6531 6173
26654 6977 6173 6531 6073
26655 6977 5500 6370 5801
26656 6977 5500 6857 6370
26657 8050 7499 7840 6715
26658 7896 6503 7250 6486
26659 6977 6242 6262 5721
26660 6977 5721 6262 5758
26661 7940 5690 7599 6671
26662 7940 6903 7649 7038
26663 8001 5574 7585 7187
26664 6977 6387 6478 5758
26665 6979 4176 5782 671
26666 8147 6162 6982 5674
26667 8147 5674 6537 6162
26668 8147 4113 6982 2096
26669 6979 2169 5659 2173
26670 6979 2173 4176 2169
26671 6979 2173 4182 4176
26672 8421 5977 6656 5767
26673 6979 670 5782 4176
26674 6979 4176 4182 670
26675 7895 5758 7435 5721
26676 8057 6721 7558 5861
26677 7992 6881 7016 6660
26678 8175 6738 7167 5514
26679 7208 4456 6846 2621
26680 8099 4880 6287 2269
26681 8099 2268 3373 1615
26682 7193 958 2076 4026
26683 7210 2914 2910 1885
26684 7210 2913 6296 2914
26685 7617 3805 5313 3776
26686 7081 6807 7052 6455
26687 7456 6792 7276 5718
26688 7055 5662 6850 6056
26689 7055 3938 352 5374
26690 6981 6384 6958 6319
26691 6981 6116 6384 6319
26692 6981 6319 6801 6116
26693 6981 6319 6958 6801
26694 7232 6351 6578 5486
26695 8148 6039 6984 1026
26696 8148 2347 6339 2344
26697 6997 4195 2307 3284
26698 6996 4896 6417 3493
26699 7602 6135 7524 5730
26700 8306 6337 8217 8167
26701 6996 3497 269 3493
26702 6996 2546 270 3497
26703 6996 269 4896 3493
26704 6984 1026 1012 2224
26705 6984 1026 6039 1012
26706 6984 1012 5934 2356
26707 6984 2224 1012 2356
26708 8198 7603 7899 5492
26709 7767 4322 341 4884
26710 7767 342 6849 4884
26711 7767 5571 5957 5560
26712 8173 3921 5940 3920
26713 7814 2123 1006 2122
26714 8173 5304 5940 3848
26715 7184 3076 3641 1549
26716 7184 3076 6826 5021
26717 7184 1549 3087 7069
26718 7184 5021 7160 3641
26719 7184 6500 7160 6826
26720 7184 1549 7069 5750
26721 7184 6500 7069 3087
26722 7184 3076 5021 3641
26723 7184 6826 7069 6500
26724 7184 3076 1549 1354
26725 7184 1354 6826 3076
26726 8099 4880 3373 4638
26727 7590 4819 2836 5059
26728 7590 5880 7187 5541
26729 7590 1249 2836 2822
26730 8412 264 263 4572
26731 7665 1556 7012 3134
26732 7282 5981 6405 6393
26733 7665 6227 7012 3327
26734 7665 3133 1377 3123
26735 8206 5980 7256 6380
26736 7130 5805 6111 5915
26737 7130 5915 6541 5805
26738 7747 6276 6716 6615
26739 7152 2654 1171 2455
26740 7121 5223 6494 6215
26741 8024 605 2371 5257
26742 7616 6230 7393 6685
26743 7774 1312 6629 2953
26744 7774 6397 6629 1312
26745 7738 5764 6519 6144
26746 7177 5530 6247 5587
26747 7609 2406 3416 1476
26748 7731 836 7012 3134
26749 7011 4668 5569 2496
26750 7592 5607 7421 7219
26751 6990 4787 402 401
26752 7553 6270 6633 5892
26753 7806 4401 7014 631
26754 7691 843 4529 844
26755 7359 1292 1294 2915
26756 7577 176 2831 3572
26757 6990 4517 6587 401
26758 6990 401 402 4517
26759 7516 2745 6516 4297
26760 7904 5192 7584 791
26761 6990 401 6012 2916
26762 6990 2916 4787 401
26763 6991 5729 6909 2286
26764 6991 6159 6675 5788
26765 6991 6140 6159 5788
26766 7753 7269 7622 6124
26767 7847 6110 7548 4180
26768 6991 2286 4486 2282
26769 6991 2286 6909 4486
26770 7423 6667 7106 6674
26771 6992 1097 5661 1069
26772 6992 5661 6964 6147
26773 6992 6147 6964 1097
26774 6992 1097 6964 5661
26775 6993 1639 6204 3760
26776 6993 3760 6731 3711
26777 6993 3711 1639 3760
26778 6993 3740 1637 3709
26779 6993 3740 5845 1637
26780 6993 1637 5845 5605
26781 7764 2800 3578 4698
26782 8149 6157 7059 1124
26783 6995 2517 2509 262
26784 7554 5757 7295 5628
26785 8148 2344 6590 1010
26786 7636 4874 6767 2652
26787 8141 6423 7789 5667
26788 8141 6834 6948 5555
26789 7554 5628 7263 5757
26790 8148 2152 1026 1011
26791 8148 2344 1010 1789
26792 8148 6339 6590 2344
26793 8049 4657 4846 83
26794 7144 6623 6765 5580
26795 8374 5925 7990 5777
26796 8150 2443 5851 2442
26797 8167 444 445 4824
26798 7285 5760 6311 5546
26799 8150 5851 7861 6165
26800 8372 709 4324 708
26801 7626 5636 6629 1307
26802 7778 1135 7260 3523
26803 8150 1054 1052 2443
26804 8374 7391 7990 6747
26805 8150 5851 6165 2442
26806 8150 2757 7000 2443
26807 8230 5152 2644 4200
26808 7060 6898 6988 5536
26809 7060 5536 5860 5689
26810 7454 1247 1262 2879
26811 7921 5561 6726 5897
26812 8151 3216 1566 3674
26813 8151 3216 6453 1566
26814 8206 5980 7381 7256
26815 7001 5925 6716 6615
26816 7001 6615 6716 6276
26817 7001 6276 6716 5925
26818 7001 4186 2194 2180
26819 7748 3741 1636 3746
26820 7748 3746 7032 4238
26821 7748 1960 6019 5820
26822 7748 3741 3746 4238
26823 7072 2353 5939 4887
26824 7072 4214 6059 4243
26825 7072 4214 4243 596
26826 7072 4887 2475 597
26827 7002 4756 479 480
26828 7002 4502 3230 3237
26829 7002 3230 5891 3237
26830 7250 2729 6516 1212
26831 7555 5958 7396 5930
26832 7263 3772 7014 6188
26833 7263 5789 5923 5528
26834 7004 6711 6815 5628
26835 7296 2390 6133 3421
26836 7296 1767 1766 2430
26837 7039 3584 2869 4554
26838 7764 6811 7381 5980
26839 7263 5344 3801 3877
26840 7263 5757 6704 5789
26841 7555 5746 6966 6775
26842 7263 1651 1589 3802
26843 7296 2390 3421 1741
26844 7296 2390 5687 4255
26845 7004 5757 6704 5628
26846 7004 5757 6711 6704
26847 7004 6704 6711 5628
26848 1508 1872 7930 6388
26849 7039 3584 6388 1872
26850 8151 1566 6453 3673
26851 7263 5344 6704 6072
26852 7263 3877 3801 1589
26853 7005 4402 6051 281
26854 7005 281 280 4402
26855 7851 5891 7786 3232
26856 7951 5770 7180 6925
26857 7542 1544 3630 3470
26858 7504 5634 7399 7008
26859 7504 1039 7399 1043
26860 7504 1043 6261 2166
26861 7503 6055 6161 5990
26862 7612 4504 3121 837
26863 7503 6161 6917 5654
26864 7612 3123 3121 4504
26865 7504 5634 7008 6261
26866 7503 5654 5749 5641
26867 7808 5075 6379 122
26868 7808 3297 6100 4283
26869 7009 71 4658 72
26870 7808 6379 6381 4594
26871 7146 2310 6209 3370
26872 7009 106 4581 71
26873 7146 6209 6637 3370
26874 7146 5558 6209 5818
26875 7146 5357 6880 3884
26876 7895 6478 7417 6187
26877 7021 1086 1081 2483
26878 7021 1085 6627 1084
26879 7021 2499 1086 2483
26880 7282 838 3817 3815
26881 7281 6349 6976 6207
26882 7153 6582 6641 5746
26883 7009 4581 4658 71
26884 7895 6210 6547 5721
26885 7895 5721 7435 7086
26886 7895 6242 6977 5721
26887 7478 7350 7406 6813
26888 7416 4206 3131 4454
26889 7543 6588 6941 6082
26890 7543 288 289 4103
26891 7021 1085 6768 6166
26892 8307 6127 8204 5791
26893 8097 6852 6953 5542
26894 7281 6207 6988 6349
26895 7011 6357 6584 2498
26896 7011 6357 6712 6584
26897 7011 6584 6712 2498
26898 7975 3471 3646 5062
26899 7689 6702 7404 5167
26900 8257 5681 7961 7525
26901 7118 5736 6573 5563
26902 7118 5952 6573 6146
26903 7119 2565 2567 4552
26904 8323 4090 4053 5324
26905 7013 5196 6004 2319
26906 7013 4420 2375 2341
26907 7013 4420 5196 2375
26908 7013 4420 5797 5196
26909 7013 2341 5929 4420
26910 7013 4420 5929 5797
26911 7121 5223 2238 3367
26912 7121 3367 6494 5223
26913 7121 582 6275 4607
26914 7121 2238 6494 3367
26915 7121 6275 6778 1940
26916 7121 1940 1578 2199
26917 7121 2199 4470 4607
26918 7885 6178 6839 6366
26919 7121 4607 4470 582
26920 7014 4401 630 631
26921 7264 2232 4217 5198
26922 7264 2231 3365 4217
26923 8031 4765 6609 6492
26924 7584 5607 6182 6037
26925 7014 631 630 5346
26926 7584 5205 792 793
26927 7014 5323 6188 3772
26928 7014 630 5323 3772
26929 7014 630 3772 5346
26930 7264 3365 6101 4217
26931 7146 5558 5818 5539
26932 7020 2574 4545 105
26933 8184 773 4768 772
26934 7050 6139 7029 6488
26935 7015 3696 5875 4408
26936 7015 4408 4624 3696
26937 7051 2332 1683 2331
26938 7658 784 3603 4349
26939 7051 1967 3948 3947
26940 7051 2331 6406 4614
26941 8294 5606 7998 5631
26942 7051 4614 6406 6201
26943 7877 6198 6733 6176
26944 7877 5815 6285 5768
26945 7018 4831 3065 3049
26946 7018 4831 6938 3065
26947 7018 1347 6902 1333
26948 7018 3060 1347 1333
26949 8234 5563 7118 5700
26950 8234 6762 7580 6502
26951 8234 6349 6502 5563
26952 8234 6338 6502 6349
26953 7019 5353 737 5327
26954 7019 5353 5592 737
26955 7019 3790 3890 5327
26956 7019 3790 5766 3890
26957 7019 5766 6589 3890
26958 7019 5353 6589 5592
26959 7019 3890 5353 5327
26960 7019 3890 6589 5353
26961 7543 5135 6082 3296
26962 7639 5317 7036 6211
26963 8233 1610 5766 3789
26964 7020 5145 4436 104
26965 7543 4103 4124 288
26966 7020 3359 3287 103
26967 7020 103 5145 104
26968 7020 103 6254 5145
26969 7146 3896 3808 1613
26970 7146 3370 1661 1660
26971 7146 1660 3808 3884
26972 7020 3287 6707 4204
26973 7020 4204 6707 103
26974 7020 103 3287 4204
26975 7722 4099 4119 2081
26976 7021 2227 6627 4603
26977 7787 5572 6878 6153
26978 7021 5082 2227 4603
26979 7021 2499 7002 6357
26980 7021 5082 7002 2499
26981 7985 7592 7904 6259
26982 7841 603 5738 5120
26983 7022 3481 6191 6094
26984 7022 6094 6191 5998
26985 7022 2491 6112 4926
26986 7022 4926 6112 3352
26987 7022 3352 2491 4926
26988 7022 2491 6481 6112
26989 7022 4627 6481 2491
26990 7022 2491 3355 4627
26991 7022 3355 6018 5108
26992 7022 4627 3355 5108
26993 7049 3700 4485 3702
26994 7049 1669 6534 1634
26995 7326 5340 5822 5682
26996 7325 6683 6748 6333
26997 7325 5985 6333 1022
26998 8077 4779 6296 2910
26999 7325 6491 6683 5985
27000 7325 5985 6683 6333
27001 7325 1021 2145 1033
27002 7266 5613 6574 6258
27003 7026 1237 6562 2810
27004 7026 2810 2790 1237
27005 7382 7257 7261 3596
27006 8154 5703 7940 6903
27007 8154 5690 7940 5703
27008 7984 273 7722 4099
27009 7589 4359 2881 6987
27010 7589 2874 1273 2881
27011 8194 5495 7788 7554
27012 8063 5519 6591 5676
27013 8063 5519 7181 6591
27014 7242 5537 7085 6660
27015 7028 6313 6710 3844
27016 7028 3844 6710 856
27017 7028 856 6313 3844
27018 7242 5537 6885 5509
27019 7242 5537 6660 5635
27020 7242 6660 7016 5966
27021 7242 5635 6908 5537
27022 7242 7016 7085 5509
27023 7161 2866 6388 2865
27024 7030 5696 6435 5737
27025 7542 5145 6254 6172
27026 7272 5756 6957 6842
27027 7272 318 5826 4216
27028 7961 5634 7696 6608
27029 7030 6435 6496 5737
27030 7030 6435 6652 6496
27031 7555 6574 6966 5746
27032 7947 1490 3301 3554
27033 7947 2593 7598 1203
27034 7978 1974 3817 1708
27035 7031 5653 5680 2117
27036 7059 3504 3506 1124
27037 7412 1131 1145 2570
27038 7031 1785 2302 989
27039 7031 1785 6074 2302
27040 7031 989 2302 2558
27041 7031 2302 6074 2558
27042 7059 3506 3507 1462
27043 7059 4419 3506 3504
27044 7059 3507 6194 1462
27045 7626 1894 6397 2950
27046 7412 1145 6886 2570
27047 7412 4621 6334 4622
27048 7059 4419 6157 5965
27049 7059 5233 5965 3507
27050 7059 3506 5965 5233
27051 7060 6553 6572 5860
27052 7060 5860 6572 6372
27053 7626 1312 6629 6397
27054 7033 5417 5409 3991
27055 7082 98 5213 3502
27056 7082 1118 5916 1460
27057 7034 6755 6895 6367
27058 7672 2349 7101 2399
27059 8269 224 4694 4573
27060 7904 6259 7592 5833
27061 7904 6881 7536 5192
27062 7904 6026 7584 6687
27063 7904 6440 7536 6881
27064 8250 5951 6490 6414
27065 8356 5612 6891 5620
27066 7458 869 7321 4444
27067 7308 5948 7165 6066
27068 7035 5700 6634 6460
27069 7035 6460 6634 5891
27070 7035 5891 6634 5700
27071 8125 6737 7934 6265
27072 7035 5532 6976 6576
27073 7764 4698 5025 2800
27074 7036 643 6211 5317
27075 7036 5317 644 643
27076 7640 6310 6607 4661
27077 7640 5610 6986 6386
27078 7640 347 5381 348
27079 7779 3983 6752 5401
27080 7260 2577 3526 1135
27081 7260 1152 3525 1473
27082 7779 5625 6752 6014
27083 7240 4978 713 712
27084 7300 4922 6513 442
27085 8175 6628 7252 6738
27086 7535 4330 6112 4926
27087 8179 5753 6100 5806
27088 7296 5687 6575 5512
27089 7340 1752 7225 1986
27090 7535 4926 126 125
27091 7535 125 4330 4926
27092 7535 126 6481 4891
27093 7039 2869 6928 4554
27094 7586 7299 7341 6878
27095 7587 1272 6564 1873
27096 7586 5618 7563 7534
27097 7586 7341 7563 5480
27098 7586 6671 7563 7341
27099 7039 5543 6928 5557
27100 7039 5557 6928 2869
27101 8002 2595 4333 4368
27102 8002 1146 2599 2595
27103 7042 1426 6581 3247
27104 7042 3679 488 4883
27105 8169 3694 6497 5707
27106 7335 2984 6598 3614
27107 8106 1723 3913 3843
27108 7042 4883 488 487
27109 7335 1901 1326 3614
27110 7042 3679 6410 1570
27111 7335 3614 6598 1901
27112 8307 6579 8204 6127
27113 8156 6147 7829 6510
27114 7043 5682 6569 6196
27115 7043 5682 6499 3812
27116 7043 3812 6499 1668
27117 7043 1668 6499 3796
27118 7043 3796 6499 1624
27119 7043 1624 1668 3796
27120 8156 6147 7053 484
27121 8156 6510 7429 6154
27122 8156 6154 7429 7053
27123 7043 1625 3812 1668
27124 7043 1625 5682 3812
27125 7043 1625 6569 5682
27126 8156 7053 7429 5736
27127 8156 6415 7053 5736
27128 8301 648 7202 647
27129 7044 6098 6286 6272
27130 7044 6272 6286 5591
27131 7044 1395 6272 5591
27132 7044 6098 6272 1395
27133 7044 1395 6205 6098
27134 7722 273 4119 4099
27135 7327 3882 3804 5360
27136 8115 6987 8098 6228
27137 7120 6682 6897 5676
27138 7045 566 3414 567
27139 8268 528 527 4904
27140 7532 6363 7098 6809
27141 7045 2588 3414 566
27142 8362 4359 7589 6987
27143 7998 5488 6804 6282
27144 7045 566 6142 4911
27145 7045 4911 2588 566
27146 7045 4911 6142 2588
27147 7755 3780 5325 3886
27148 7327 1653 6951 6053
27149 7106 5665 6667 6434
27150 7049 737 5592 4967
27151 7049 3749 737 4967
27152 7049 1634 6663 3700
27153 7049 3700 3702 1634
27154 7049 6663 7015 3698
27155 7049 3700 6663 3698
27156 7049 4611 4485 3700
27157 7049 4611 7015 4485
27158 8072 6475 7526 5711
27159 7269 6254 6800 5656
27160 7049 3698 7015 4611
27161 7049 4611 3700 3698
27162 7051 3947 6894 1682
27163 7051 1682 1967 3947
27164 8294 7633 7998 7232
27165 8294 5487 7998 5488
27166 7051 1968 1683 2332
27167 7051 1968 6201 5883
27168 7051 2331 4614 2332
27169 7051 4614 6201 2332
27170 7051 2332 3388 1968
27171 7051 2332 6201 3388
27172 7051 3388 6201 1968
27173 8157 2305 999 1783
27174 7053 3139 1929 1424
27175 7053 1929 5736 1424
27176 7053 5736 6415 1424
27177 7090 4348 5283 3606
27178 7090 3606 1898 1527
27179 7090 1527 6631 1308
27180 7800 159 6464 3298
27181 7512 5735 7037 5843
27182 7811 4322 5957 4804
27183 7055 5390 6310 5385
27184 7055 3960 5390 5385
27185 7055 5385 5662 3960
27186 7055 5385 6310 5662
27187 7055 1695 1696 3938
27188 7055 1695 6740 1696
27189 8133 2594 2571 520
27190 7452 1200 2691 1848
27191 7904 791 6881 5192
27192 7537 425 426 4275
27193 8044 7155 8012 5548
27194 7782 338 6036 4557
27195 7302 6104 6413 3311
27196 8068 3147 4721 4507
27197 7057 599 6692 4215
27198 7522 3100 6558 3106
27199 7057 4895 6692 599
27200 7522 3100 4395 826
27201 7057 599 598 4895
27202 7058 2117 6175 5653
27203 7412 2570 2360 1131
27204 7058 5626 7005 5984
27205 7058 1000 990 2085
27206 8158 3190 6088 1399
27207 7058 2084 7005 2085
27208 7058 2085 7005 4125
27209 7058 4125 2087 2085
27210 8158 6088 6131 5734
27211 7867 2776 1225 1497
27212 8157 1000 7402 3440
27213 7939 1224 7908 6853
27214 7912 7067 7897 7252
27215 7058 4098 2117 2087
27216 7058 4098 6175 2117
27217 7058 5653 6175 5626
27218 7058 6175 7005 5626
27219 7058 4125 7005 6175
27220 8158 458 3190 3198
27221 8158 6831 7673 6149
27222 8158 4853 6088 3560
27223 8158 3198 1399 3194
27224 8158 458 4853 3190
27225 7058 4125 6175 4098
27226 7058 4098 2087 4125
27227 7294 123 5074 5457
27228 7294 6077 6381 5515
27229 7520 5251 6798 6097
27230 7501 4835 691 4869
27231 7520 2893 6249 1878
27232 7563 5849 7124 7073
27233 7143 2462 1093 1099
27234 7705 4010 6753 1764
27235 7705 1765 3992 4010
27236 7705 6450 7505 6575
27237 7705 4011 7296 6297
27238 7062 4473 2254 2250
27239 7062 4473 6640 2254
27240 7062 696 5944 697
27241 7062 697 4473 696
27242 7062 697 5944 4473
27243 8234 6349 6976 6338
27244 7063 1800 1060 2768
27245 7063 2170 1060 1800
27246 7834 7102 7264 6023
27247 7401 1984 7033 1746
27248 7662 2622 7141 6174
27249 7099 5822 6300 5682
27250 7110 6912 7052 6455
27251 7217 6317 6332 5698
27252 7643 6321 7031 5653
27253 7758 469 470 4414
27254 7643 6315 6819 5626
27255 7643 6321 6819 6139
27256 8393 5532 8315 6504
27257 7997 5678 6896 5547
27258 7997 6292 7995 5547
27259 7067 3833 1716 1714
27260 8046 2325 7355 1681
27261 7067 1716 6998 3902
27262 7067 3902 6998 5781
27263 7067 3902 5781 1714
27264 7067 1714 1716 3902
27265 8080 6659 7459 6524
27266 7067 3914 6998 1716
27267 8238 5938 7306 5776
27268 8238 749 748 5358
27269 7921 7546 7870 6726
27270 7175 5575 6823 6611
27271 7175 5706 7011 5661
27272 7069 1359 3089 3642
27273 7069 3089 5900 3642
27274 8073 5458 5873 4223
27275 7324 6179 7025 6436
27276 8000 2245 1603 1602
27277 8247 4272 6379 120
27278 7981 5590 7075 6294
27279 7747 2194 7001 4186
27280 7305 761 760 5364
27281 7306 750 7134 4649
27282 8008 5826 6918 6056
27283 7774 3604 2951 374
27284 7283 5816 7063 2768
27285 7280 74 6470 4702
27286 7280 4498 6470 4662
27287 7788 6815 7014 5628
27288 8175 5781 7067 5877
27289 7372 5682 6565 5513
27290 7394 5621 7159 7124
27291 7665 5243 3133 3123
27292 7291 3342 3258 1428
27293 7868 6013 7769 6585
27294 7280 74 4498 4662
27295 7633 6752 7010 6235
27296 7778 3407 2577 1471
27297 7294 4330 7122 6077
27298 8351 4509 6519 6144
27299 8064 5650 7337 6474
27300 7277 4570 5238 652
27301 7324 2964 5796 2931
27302 7291 1428 3258 1432
27303 7287 148 6540 2816
27304 8023 5859 7809 6538
27305 7302 6274 6552 5701
27306 7302 1511 1512 3591
27307 7706 911 2043 916
27308 7702 5707 6497 3691
27309 7106 5665 6434 6107
27310 7302 2876 6104 3311
27311 7302 2887 3313 4618
27312 7291 1432 7098 5835
27313 7888 4368 6221 5839
27314 7790 5925 7001 6747
27315 7789 5656 7753 5555
27316 8111 4212 6782 2464
27317 7525 5881 6209 704
27318 7372 5686 5886 5542
27319 7454 6346 7144 6623
27320 7888 3996 7236 5422
27321 7665 3134 1377 1556
27322 8007 1833 1146 2595
27323 7906 5239 6300 3759
27324 7535 2699 7519 124
27325 7745 727 6300 5340
27326 7888 245 5422 246
27327 7858 683 5207 684
27328 7594 6524 7515 7459
27329 7594 6080 6643 6317
27330 7594 6524 7346 5567
27331 8160 5817 7278 5632
27332 7501 2575 4576 3350
27333 7301 4025 5297 3834
27334 7301 5297 5877 3834
27335 7301 6454 6848 4096
27336 7739 1144 2346 2590
27337 7746 1912 6854 1356
27338 7746 5131 3632 4434
27339 7443 5520 6339 5713
27340 7301 4095 5877 2046
27341 7285 5720 6113 5760
27342 7788 5628 7295 6815
27343 7282 5290 6701 3869
27344 8007 1146 8002 2595
27345 8000 5686 7798 6102
27346 7576 3551 4726 2737
27347 8084 2756 8047 2754
27348 7480 5611 6733 5523
27349 7301 5168 3834 3916
27350 7827 7203 7465 6786
27351 7291 5253 4381 3342
27352 7279 5719 6467 6394
27353 7277 4570 6521 5238
27354 7811 5957 6601 6036
27355 7392 5560 6689 6386
27356 8126 6364 6844 6622
27357 8189 6922 7243 5624
27358 7291 3342 6471 3271
27359 7282 840 6429 839
27360 7279 3410 6394 1797
27361 7279 6394 6467 1797
27362 7282 3869 6701 5265
27363 8413 3338 6638 4910
27364 7789 5555 7753 6834
27365 7788 7014 7120 6189
27366 7277 6408 6505 2711
27367 7864 6360 7807 7280
27368 8161 5836 7913 5779
27369 7639 6005 7197 6197
27370 7301 4025 2046 5297
27371 7301 4025 5168 3916
27372 7291 5019 6809 3262
27373 7279 1797 1025 3410
27374 7789 6834 7753 7269
27375 7411 7031 7402 7058
27376 7331 6116 7275 7155
27377 8153 4366 8070 5027
27378 7287 6456 6693 6109
27379 7282 4741 840 839
27380 7374 2907 1289 1886
27381 8369 6481 8109 6750
27382 7374 4541 2902 2907
27383 7279 1797 6467 2158
27384 8369 6481 7535 6112
27385 7788 5676 6375 6283
27386 7662 6174 6673 1176
27387 7868 6308 6543 5200
27388 8106 1722 3913 1723
27389 7788 5676 7120 6591
27390 7374 1289 6322 1886
27391 7294 5457 6381 5012
27392 7290 6013 6684 5504
27393 8088 7949 8019 7603
27394 7840 3819 6820 3821
27395 8223 6595 7679 5637
27396 8030 921 924 928
27397 8116 6501 6868 5609
27398 7894 4581 7152 4658
27399 7894 7009 7152 6127
27400 8047 634 7630 635
27401 7894 6579 7152 4581
27402 8163 4918 2348 2356
27403 7639 1596 3777 3778
27404 8412 4890 8359 6568
27405 8246 3995 5847 4009
27406 8227 5940 8173 4020
27407 8219 6761 7320 6070
27408 8172 5560 7659 7173
27409 7515 1406 3203 3209
27410 8172 6849 7659 5560
27411 8272 3150 1558 1382
27412 8356 4907 8096 8032
27413 8104 5896 6599 6529
27414 7329 958 5444 1996
27415 8173 2058 894 5165
27416 7814 2123 547 548
27417 7766 7492 7644 5962
27418 8104 6020 8012 5548
27419 8346 7557 8074 7983
27420 7329 1996 7193 958
27421 7883 5718 7276 6781
27422 7634 2551 6069 2343
27423 7639 3778 6005 1596
27424 8295 1983 6343 2420
27425 7992 3725 4278 3755
27426 8302 5539 6880 5599
27427 7617 5359 6396 3776
27428 7578 6186 7344 1542
27429 7844 845 7691 6554
27430 8247 7229 7445 6239
27431 7987 7169 7557 7266
27432 7437 489 6924 4927
27433 7842 6758 6875 5602
27434 8164 6000 7654 5979
27435 8266 5755 7838 6181
27436 7766 6339 7492 7345
27437 7634 6069 6070 5974
27438 7333 3408 4265 607
27439 8165 5240 2559 3393
27440 7333 5660 6814 3405
27441 7333 5257 5660 3405
27442 7766 5520 7644 7492
27443 7766 7345 7492 5934
27444 7653 5728 7389 7132
27445 7333 1794 3408 1031
27446 8183 774 6047 4939
27447 7983 5613 7557 5885
27448 7807 72 7280 4721
27449 7569 463 464 3345
27450 7330 2368 2367 2370
27451 7494 1287 6732 1867
27452 7360 1513 2873 1877
27453 7842 5197 6875 4273
27454 7338 5515 7169 5807
27455 7330 6251 7254 6509
27456 7991 277 4120 4116
27457 7987 5501 7557 7169
27458 8104 7155 7943 6599
27459 8126 2396 6192 213
27460 8172 6849 7767 342
27461 7333 3405 6814 1031
27462 7653 7093 7512 6377
27463 7333 5257 6301 5660
27464 7679 3160 5694 3171
27465 8015 1869 1248 2824
27466 8335 1692 8327 1693
27467 8389 6770 8283 5608
27468 8411 977 8403 976
27469 7494 6541 7194 6732
27470 7549 6015 6256 6137
27471 7955 6224 7406 5489
27472 7695 5670 7156 5772
27473 7327 5354 3803 3775
27474 7324 3606 6436 1308
27475 7327 5354 6432 3803
27476 7347 3535 6806 5234
27477 7965 6239 7191 5740
27478 8164 5988 7713 6674
27479 7807 71 7009 72
27480 8046 2323 7422 2325
27481 8130 2572 5706 517
27482 8022 7641 8010 5501
27483 8295 7401 7833 1746
27484 8310 2477 8037 4477
27485 7822 1987 7244 1754
27486 7330 1704 1703 2367
27487 7330 1703 6251 2367
27488 8088 6534 7949 5510
27489 7701 6177 6533 6487
27490 7324 3606 7090 6436
27491 7344 425 5927 5279
27492 7344 3626 425 5279
27493 7906 6300 6499 5513
27494 8066 6334 7812 6428
27495 7892 497 4381 5253
27496 7982 6943 7696 6889
27497 8050 5794 6715 5823
27498 8291 5547 7995 6292
27499 7653 7037 7512 5728
27500 7919 4462 5188 3622
27501 7772 88 5109 89
27502 7892 5263 6295 497
27503 8017 6198 7877 7799
27504 7769 538 6806 3535
27505 7780 2529 6071 1109
27506 7653 5635 7093 6908
27507 7653 6908 7109 5882
27508 7653 6908 7242 5635
27509 7455 5882 7242 5492
27510 7316 5407 7056 3982
27511 7566 6487 7160 6177
27512 7605 1448 2479 1080
27513 7859 2281 722 723
27514 7687 4003 4001 1985
27515 7687 4001 6235 1985
27516 7836 5989 7625 4645
27517 7425 5524 5937 5671
27518 7316 3989 5407 3982
27519 7316 3989 7056 5978
27520 7991 2106 7818 4123
27521 7687 6752 7574 6235
27522 8351 6144 6266 5232
27523 8371 4631 8184 8169
27524 8054 6105 7787 5534
27525 8049 6218 7594 6080
27526 8049 6080 7896 4657
27527 8103 5063 7791 2850
27528 8171 7125 7312 5904
27529 8025 258 7307 4107
27530 8270 4373 5195 466
27531 7958 7290 7672 7328
27532 7950 3137 3142 1379
27533 8374 5925 7000 6103
27534 8062 3094 7028 6076
27535 8062 4998 7028 3094
27536 8078 5887 7074 5646
27537 7436 6674 7343 7172
27538 7451 402 4709 3135
27539 8381 5693 6353 5821
27540 7766 2356 5939 4918
27541 7781 3040 6742 6466
27542 8005 1869 7802 1250
27543 8173 4020 5940 5304
27544 7997 6796 7668 6292
27545 7386 531 6624 532
27546 7386 4687 531 530
27547 7386 532 6624 5007
27548 7318 6090 6950 5831
27549 7861 5851 7311 6165
27550 7784 3657 6743 3155
27551 8186 4527 5915 2809
27552 7525 4641 702 703
27553 7425 5671 7068 5524
27554 7357 1087 6614 1082
27555 7318 4567 2690 3448
27556 7834 7264 7583 6023
27557 7597 4490 2402 3424
27558 7316 5978 7056 6212
27559 7959 5926 7185 5718
27560 8170 3103 8082 3490
27561 7953 5060 7224 6401
27562 7965 5637 6843 5567
27563 7956 6821 6867 5990
27564 7957 6800 7552 2954
27565 7679 6595 7196 6871
27566 8348 7264 7583 6101
27567 7951 2797 6968 1864
27568 8198 7456 7899 7603
27569 7944 6409 7111 3607
27570 8355 1365 8095 8082
27571 8274 2762 1209 2740
27572 8063 5943 6897 6606
27573 8408 5963 7867 7479
27574 7761 6637 7390 5558
27575 7671 5568 6167 5720
27576 7653 7066 7389 5635
27577 8296 3658 1390 1921
27578 7653 7093 7389 5728
27579 7844 6554 7691 7460
27580 7357 5549 6034 5674
27581 7322 1931 6410 3251
27582 7597 1985 6235 1748
27583 7597 6125 6930 6235
27584 8290 6286 7872 7706
27585 8024 604 7841 4893
27586 7682 5914 7351 5945
27587 7836 5056 3018 3014
27588 7322 3251 3333 1931
27589 7318 2690 6935 3448
27590 7836 4355 3014 3002
27591 8130 1140 6867 1138
27592 8217 445 8167 4669
27593 8345 1607 1608 3788
27594 8016 7716 7967 7955
27595 7679 3159 1388 3178
27596 7681 6169 6916 552
27597 8116 2042 6868 2057
27598 7953 6564 7224 2943
27599 8076 3680 3246 1426
27600 7948 511 7765 6768
27601 7948 2560 6011 2565
27602 8367 5831 8363 6950
27603 8353 732 733 4610
27604 8063 6897 7166 6606
27605 8097 5634 7696 6889
27606 7674 5761 7625 6618
27607 7455 5882 6885 5509
27608 8245 2697 6950 3547
27609 7794 5911 7285 6757
27610 8269 5606 7860 7568
27611 7653 6908 7093 6377
27612 7597 1748 6235 1745
27613 7516 5917 6936 6905
27614 7516 5917 6516 6214
27615 7665 3328 7487 6227
27616 8329 7009 7864 7020
27617 7597 2401 7574 1985
27618 8115 5639 8058 3590
27619 8223 6860 7679 6783
27620 8072 5978 7855 7056
27621 7943 5800 7866 7226
27622 8026 7041 7826 6844
27623 8175 7252 8035 7067
27624 7983 6208 6574 5535
27625 7953 2943 7224 2852
27626 7951 6214 6983 2789
27627 7942 4090 5904 2039
27628 7942 5171 5904 4090
27629 8045 5215 3457 4346
27630 8200 1656 7834 1946
27631 8023 7139 7564 6493
27632 7671 1840 1167 2646
27633 8324 434 7131 433
27634 7910 3736 6723 6511
27635 7318 5087 4567 3448
27636 7318 5831 6950 6932
27637 7766 2356 6984 5934
27638 7771 6317 7346 6978
27639 8171 3861 6754 5904
27640 7744 1620 1665 3903
27641 7318 6090 6935 4567
27642 8408 6532 7867 7286
27643 7681 552 551 2538
27644 8025 258 4856 4605
27645 7951 2789 6983 2793
27646 7948 2565 7765 512
27647 8211 3391 7419 6223
27648 8049 6123 7896 6080
27649 8047 4307 7630 634
27650 8201 6136 7774 6971
27651 8138 6566 7418 7087
27652 7436 6288 7343 6674
27653 8141 5555 7789 6834
27654 7984 2080 7759 2099
27655 7671 5720 6714 5568
27656 7318 5052 6932 46
27657 7321 868 7024 5316
27658 7679 3160 1388 3159
27659 7681 2363 6169 2538
27660 8000 2242 7882 2245
27661 7682 6999 7351 5896
27662 8101 6699 7790 6103
27663 8157 2305 7272 6957
27664 7685 5489 7297 6224
27665 7942 2039 7312 2025
27666 7879 5333 6468 6448
27667 7681 1111 2549 1826
27668 7948 514 6799 2550
27669 7944 2994 6291 5061
27670 7942 1731 5867 1981
27671 7942 3856 6091 1731
27672 8045 5215 7573 6463
27673 8175 5514 6848 6454
27674 8035 5877 7067 6998
27675 8115 5842 7709 2848
27676 7872 5907 7559 6286
27677 8417 6180 6676 5491
27678 8220 6080 7896 6486
27679 7665 3123 7612 5243
27680 7683 6647 7631 5482
27681 7683 5482 7123 6647
27682 7686 827 5997 5741
27683 7682 3078 7028 4905
27684 7686 3461 3608 5273
27685 7686 6182 6963 6120
27686 7879 5811 6448 6087
27687 7944 5061 2974 2994
27688 7942 1731 6091 5867
27689 8114 5439 5857 4072
27690 8175 5988 6848 5514
27691 8311 2601 1148 1141
27692 8293 3950 5388 5379
27693 8091 248 249 4439
27694 7574 6238 6323 2403
27695 7686 5588 6291 5741
27696 8047 2756 6711 4307
27697 8271 6342 7916 6268
27698 8323 5171 7942 4090
27699 8155 5886 6196 726
27700 7761 7066 7132 6664
27701 7495 1363 3096 3472
27702 8085 6408 7879 7046
27703 8155 1625 3382 2284
27704 8248 7005 8157 2084
27705 8110 254 4112 4110
27706 8155 1668 7043 3382
27707 7604 5783 7348 6081
27708 7604 5783 6596 6482
27709 7180 6486 6516 6503
27710 7180 5770 6516 6486
27711 7181 5742 6171 5525
27712 7181 5742 6985 5684
27713 7181 5519 5742 5684
27714 7890 3647 7084 3053
27715 7890 20 3648 4311
27716 7854 5719 6394 5534
27717 7854 5719 7279 6394
27718 7854 1025 7279 5902
27719 7854 6153 6394 3445
27720 7181 6648 7086 6078
27721 7181 6078 6985 6648
27722 7181 5519 5943 5742
27723 7181 5943 6171 5742
27724 7890 3648 6293 3150
27725 7890 4013 6391 4037
27726 7890 4013 4037 2012
27727 7235 6097 6798 5901
27728 7235 6130 6782 6097
27729 7182 3643 6007 1550
27730 7182 1550 1356 3643
27731 7182 1550 6007 1356
27732 7368 3456 7360 7128
27733 8185 6285 7188 1411
27734 7185 2939 6064 4776
27735 7185 4776 772 2939
27736 8184 772 4768 2939
27737 7960 6466 6749 5874
27738 8216 6830 7670 7130
27739 8170 5222 6587 434
27740 8170 7131 7828 7480
27741 8185 6453 8151 7006
27742 8185 6453 7006 6176
27743 8185 1411 6453 6285
27744 8184 6345 8169 7185
27745 8184 7185 8169 771
27746 8184 4631 772 771
27747 8184 3743 773 4631
27748 7186 4687 2313 2311
27749 8306 6035 7091 6030
27750 7506 5578 7016 6687
27751 7458 3126 869 4444
27752 7215 3510 6419 1822
27753 7466 171 6179 4286
27754 7591 5675 6962 765
27755 7591 765 764 4635
27756 7989 6967 7562 6258
27757 7587 2849 5778 2872
27758 7466 3447 6430 5170
27759 7215 6354 6419 6240
27760 7215 1822 6354 1127
27761 7989 6967 7827 7562
27762 7645 5575 7175 6611
27763 7586 7534 7563 6671
27764 7189 3731 6723 3736
27765 7189 3736 1675 1648
27766 7189 3736 6723 1675
27767 7190 5817 6042 4231
27768 7190 4231 6042 5218
27769 8053 6865 7424 5858
27770 8053 5802 8046 6865
27771 8053 6865 8046 7424
27772 8251 4619 5113 528
27773 7191 4540 116 117
27774 7191 116 6239 117
27775 7191 4711 116 4540
27776 7191 4711 5740 116
27777 7191 5740 6239 116
27778 8281 1623 1622 2279
27779 7192 3395 3396 1699
27780 7192 3395 5826 3396
27781 7192 3940 1697 1698
27782 7192 6056 7055 6228
27783 7192 6056 6842 1697
27784 7192 2358 6842 2359
27785 7192 2359 1698 2358
27786 7192 3940 3961 1697
27787 7192 3961 6056 1697
27788 7192 3961 7055 6056
27789 7192 1697 6842 2358
27790 7192 1698 1697 2358
27791 8187 7486 7544 6266
27792 8187 6144 8095 6266
27793 7194 2812 4805 2808
27794 7194 4805 5915 2808
27795 8187 5785 6144 5764
27796 7196 3178 6871 4794
27797 7680 5639 7370 5842
27798 7196 3178 4794 3159
27799 7196 3129 1375 3144
27800 7234 4522 6693 179
27801 7234 4518 7182 5151
27802 7234 5219 6775 4522
27803 7234 5151 6586 177
27804 7234 3643 7182 4518
27805 7196 3129 6551 3130
27806 7234 4522 6775 5930
27807 7198 3141 3152 1380
27808 7198 3141 5863 3152
27809 7951 5770 6983 6214
27810 7198 3146 6840 6504
27811 7198 5768 6504 5779
27812 7198 3146 6504 4708
27813 7198 4708 6504 3125
27814 7198 3125 3146 4708
27815 7350 5775 6813 6247
27816 7806 631 3301 4401
27817 7516 6905 6936 48
27818 7863 6405 6921 6847
27819 8213 2136 1792 1015
27820 7198 3143 4706 3146
27821 8162 6591 7804 7071
27822 7198 4706 6840 3146
27823 7198 3125 6504 3215
27824 7198 3215 6504 5768
27825 7851 3223 6460 3227
27826 7198 3215 5768 1410
27827 7198 1410 3125 3215
27828 7645 7117 7175 6055
27829 7937 2220 7270 5998
27830 7200 4349 6265 5935
27831 7659 3965 7173 3955
27832 7201 1442 5919 1938
27833 7201 1938 5744 3347
27834 7201 1938 5919 5744
27835 7201 3346 5218 3435
27836 7201 3346 6042 5218
27837 7201 4231 2198 3435
27838 7201 4231 5919 2198
27839 7201 3435 5218 4231
27840 7201 5218 6042 4231
27841 7201 4231 6042 5817
27842 7201 5817 5919 4231
27843 7201 5817 6042 5919
27844 7202 6365 6597 5801
27845 7202 5801 6597 5963
27846 7756 6264 6424 6163
27847 7756 7473 7578 6264
27848 7756 5530 7578 6424
27849 7756 1346 3056 3071
27850 7756 6449 7473 6264
27851 7756 1906 6449 3027
27852 7756 1346 6900 1906
27853 7756 4305 6424 3071
27854 7756 1351 6900 1346
27855 7792 5479 7450 6835
27856 7681 551 2549 2538
27857 7205 4462 212 211
27858 8127 1776 973 2433
27859 8127 7815 7901 6626
27860 7205 5131 6676 213
27861 7205 213 4202 5131
27862 7205 212 4202 213
27863 7957 2954 101 3458
27864 7920 5579 7176 6357
27865 7205 213 6676 6192
27866 7205 212 6192 4418
27867 7205 4418 6192 211
27868 7205 211 212 4418
27869 7205 213 4396 212
27870 7205 213 6192 4396
27871 7205 4396 6192 212
27872 7700 5660 6318 3406
27873 7700 1793 7531 1017
27874 7701 5553 6530 5507
27875 7519 1187 6668 5870
27876 7701 6177 6530 5553
27877 7519 124 2699 2687
27878 7519 7294 7500 5515
27879 7519 5457 7500 7294
27880 7208 4797 5557 151
27881 7208 151 4864 4797
27882 7820 6833 7694 6960
27883 7820 6833 6960 5479
27884 7208 6126 6928 4797
27885 7208 4797 6928 5557
27886 7208 4456 2621 2663
27887 7208 2663 6126 2512
27888 7208 2512 4864 2663
27889 8337 5847 8318 5566
27890 8310 4477 8037 436
27891 7209 6614 6912 5531
27892 7209 5531 6888 6614
27893 7209 5531 6912 6888
27894 7210 2930 5840 1297
27895 7210 2930 5866 5840
27896 7210 2930 6296 5866
27897 7210 1291 2909 2916
27898 7210 6012 6519 2916
27899 7210 2916 6519 1293
27900 7210 1293 1291 2916
27901 7797 1656 3779 1655
27902 8279 7144 8140 6346
27903 7210 2910 2930 1297
27904 7210 2910 6296 2930
27905 8195 1875 7763 2868
27906 8240 6256 7111 6015
27907 8197 816 815 5073
27908 7832 1108 2533 1098
27909 7213 5786 6521 6505
27910 7213 6505 6521 5527
27911 7213 5855 6370 5801
27912 7213 6521 6532 5987
27913 7213 5876 6521 5987
27914 7630 633 6704 634
27915 7630 634 4307 4979
27916 7630 6704 6711 6432
27917 7648 2063 7157 4094
27918 7521 4895 4938 2234
27919 7798 5682 7326 5822
27920 7213 5876 5987 5801
27921 7213 5876 7178 6370
27922 7213 6370 7178 5801
27923 7213 5801 7178 5876
27924 7215 5028 2563 2314
27925 7602 5428 7193 958
27926 7602 4056 6121 935
27927 7602 5428 6135 5730
27928 7602 2021 6121 4056
27929 7215 5085 6419 3510
27930 7215 3510 2563 5085
27931 7215 6402 6419 5085
27932 7215 2563 6402 5085
27933 7215 6402 7154 5964
27934 7215 5964 7154 6061
27935 7215 6061 7154 5028
27936 7215 5028 7154 2563
27937 7215 2563 7154 235
27938 7215 235 6402 2563
27939 7215 235 7154 6402
27940 7339 5757 7038 6006
27941 7339 6396 7262 6006
27942 7410 1879 1513 2890
27943 7339 6857 7004 6073
27944 7339 6073 6531 5500
27945 7339 5500 6531 6211
27946 7679 3171 1388 3160
27947 7763 5778 6386 4936
27948 8178 5767 7707 6528
27949 7218 6436 6896 6522
27950 8242 572 7274 4257
27951 8242 5668 7274 6507
27952 8242 6507 7922 5668
27953 8299 6024 7752 5655
27954 8086 541 2626 540
27955 7277 618 5339 619
27956 7277 618 617 5339
27957 7277 618 4570 617
27958 7277 2710 6521 4570
27959 7219 5607 6015 5578
27960 7219 5607 6866 6015
27961 8241 6517 7826 5566
27962 7277 2710 4570 618
27963 8148 1011 2347 1789
27964 7332 7204 7307 4122
27965 7851 4660 7786 6460
27966 8241 6133 8159 7296
27967 8241 6645 7218 5724
27968 8241 6133 7296 5687
27969 8331 3302 8188 5141
27970 8241 5687 7296 5512
27971 7444 5166 7404 5611
27972 7221 3357 1586 1650
27973 7444 3669 7404 5166
27974 7221 3770 6283 3769
27975 7221 3769 6283 1585
27976 7221 1585 3770 3769
27977 7444 3210 1407 3670
27978 7444 3210 6914 6222
27979 7366 1468 6099 1831
27980 7366 1133 6458 1468
27981 7221 3357 6495 1586
27982 7221 1586 6495 5640
27983 7444 3669 3670 1564
27984 7641 7145 7233 6994
27985 7624 6304 6501 6050
27986 8349 457 7065 4595
27987 7624 5580 6870 6623
27988 7954 7862 7918 5799
27989 7954 6113 7737 5720
27990 7224 4362 2943 3454
27991 7224 2943 6564 3454
27992 7224 3454 6564 6066
27993 7224 5948 6477 4987
27994 7224 4987 6477 383
27995 7224 3454 4987 383
27996 7224 2852 2943 5035
27997 7954 5720 7918 6263
27998 7224 3454 6066 4987
27999 7224 4987 6066 5948
28000 7867 6387 7479 5963
28001 7226 4991 813 3117
28002 7226 3452 1891 2921
28003 7226 3452 6836 1891
28004 7226 1891 6836 2921
28005 8332 2111 6425 2112
28006 7274 4157 5872 571
28007 7867 2758 1225 2776
28008 8243 6064 6836 1300
28009 8392 5907 6286 6098
28010 7229 5806 6239 3543
28011 7229 2673 5806 3543
28012 7229 3543 4701 2673
28013 7229 3543 6239 4701
28014 7229 4701 2537 2673
28015 7229 2537 5806 2673
28016 7231 2934 6981 1298
28017 7231 3015 6958 2933
28018 7231 2933 6958 1299
28019 7231 1299 3015 2933
28020 7231 6384 6981 2934
28021 7231 1299 6384 2934
28022 7589 6002 6987 6548
28023 7589 2881 4359 2874
28024 7673 5734 7453 6831
28025 8371 5510 6663 5707
28026 8000 6569 7882 2242
28027 7453 6088 6831 5734
28028 7515 3209 6643 3675
28029 7233 3144 7196 1375
28030 7233 1375 1918 3144
28031 7233 1375 7196 3129
28032 7233 3129 3130 1375
28033 7233 3129 7196 3130
28034 7808 4963 7500 3297
28035 7808 4963 122 4673
28036 7233 6360 6595 5694
28037 7233 3160 1918 3161
28038 7233 3160 6595 1918
28039 7281 6349 6988 5518
28040 8228 5734 7395 5518
28041 7808 122 6379 4594
28042 7233 5694 6595 3160
28043 7233 3161 5694 3160
28044 7952 6066 7763 7308
28045 7714 7004 7339 6857
28046 8051 3471 6722 3007
28047 7864 7009 7145 7020
28048 7236 3996 1770 1743
28049 7236 1770 5723 1743
28050 7236 1743 5723 1771
28051 7236 3972 1743 1771
28052 7965 5673 6239 5740
28053 7889 6241 7182 5930
28054 8359 1102 8283 3344
28055 8117 5600 6705 5163
28056 7236 5423 3972 3997
28057 7985 7592 7678 6687
28058 7475 5485 6913 5981
28059 7236 5723 6622 1771
28060 7236 1771 6622 3997
28061 7236 3997 3972 1771
28062 7236 1770 6933 5723
28063 7236 3996 4009 1770
28064 7237 6012 7210 2916
28065 7237 2916 7210 2909
28066 7237 2916 6990 6012
28067 7577 2831 2785 1232
28068 7890 3053 7084 4311
28069 7238 2736 6496 2633
28070 7238 1205 2736 2633
28071 7238 2633 6496 3438
28072 7238 3438 1487 2633
28073 7238 3438 6496 1487
28074 8049 4846 7896 4294
28075 8244 7248 8096 7380
28076 8237 3787 5695 3887
28077 7312 5481 6808 5670
28078 7312 4077 7125 950
28079 7312 936 4077 950
28080 8054 7314 7667 7299
28081 7240 2439 6165 3428
28082 7240 711 2439 3428
28083 7240 4851 2439 711
28084 7240 4978 5851 5098
28085 7240 5098 713 4978
28086 7240 4638 5735 4851
28087 7240 4851 711 4638
28088 7312 5904 7125 4077
28089 7312 5867 6791 5617
28090 7312 4075 936 950
28091 7241 5292 858 4811
28092 8139 3245 3257 4966
28093 7241 4811 6500 5975
28094 7242 6885 6908 5882
28095 7243 5624 6922 4679
28096 7243 5121 5624 4679
28097 7243 5121 4679 3436
28098 7243 4679 6922 3436
28099 7243 5121 5924 5624
28100 7811 339 5376 340
28101 7790 1803 2174 2180
28102 7744 2278 1621 1954
28103 7243 6267 6719 2298
28104 7243 2534 6267 2298
28105 7243 2298 6719 5924
28106 7243 2534 5121 3436
28107 7898 2151 2150 1028
28108 8213 2365 5738 2492
28109 7243 2298 5924 4930
28110 7243 2534 2298 4930
28111 7243 4930 5121 2534
28112 7243 4930 5924 5121
28113 7245 117 116 4563
28114 7245 117 6239 116
28115 7246 6265 7200 6409
28116 8241 5512 7218 5687
28117 8241 5724 7218 5566
28118 7246 6915 7200 5688
28119 7246 5688 7200 6265
28120 8241 5512 7826 6517
28121 8241 5566 7218 6517
28122 8241 6133 6645 5566
28123 8241 5566 6645 5724
28124 7247 5099 3336 3335
28125 7247 5099 6542 3336
28126 7247 3336 6542 1571
28127 7247 1571 6542 5922
28128 7381 5928 7027 1253
28129 7381 2828 5027 3578
28130 8250 5951 7373 6490
28131 7248 3181 3174 1391
28132 7248 1924 7017 3662
28133 7248 3662 7017 6216
28134 7248 1394 7017 3291
28135 7248 3291 1924 1394
28136 7248 3291 7017 1924
28137 7248 6088 6216 5734
28138 7870 6122 7140 5897
28139 7250 3547 6932 4871
28140 7250 4871 6932 2727
28141 7250 2727 3547 4871
28142 7250 2729 1212 1853
28143 7250 1212 6503 1853
28144 7250 6932 6950 5831
28145 7250 5831 6950 6486
28146 7250 3547 6950 6932
28147 7250 3547 7083 6950
28148 7250 6950 7083 6486
28149 7250 1849 3547 1196
28150 7250 1849 7083 3547
28151 7250 2584 1849 1196
28152 7250 2584 7083 1849
28153 7251 2587 7083 6483
28154 8246 6933 7236 1770
28155 8246 5723 7236 6933
28156 8338 5756 8008 7050
28157 8246 5723 7945 7236
28158 8246 5839 7888 6049
28159 7898 2475 6506 5939
28160 8104 5914 6020 5548
28161 7898 5792 6544 6199
28162 7898 6506 7644 5939
28163 7254 3933 1703 3968
28164 7254 5377 3963 3936
28165 7254 3963 6251 3936
28166 7254 359 6044 5377
28167 7254 5377 6044 6003
28168 7254 5393 6751 6251
28169 7254 6251 6751 6003
28170 7254 5393 3963 5377
28171 7254 5393 6251 3963
28172 7254 6003 6751 5377
28173 7254 5377 6751 5393
28174 7254 1703 6251 1704
28175 7254 1704 6509 3968
28176 7254 3968 1703 1704
28177 7490 3810 6899 752
28178 7490 1617 5868 1618
28179 7490 1618 5868 1664
28180 7540 5710 6628 6000
28181 7490 3795 1618 1664
28182 7257 2970 5066 4970
28183 7383 6719 6957 6488
28184 7257 5066 6722 6309
28185 7257 4742 6983 5917
28186 7257 6309 6983 5066
28187 7257 5066 6983 4970
28188 8057 5861 7330 5663
28189 7327 5360 7262 636
28190 7257 4970 51 4742
28191 7257 4970 6983 51
28192 7257 51 6983 4742
28193 7258 4854 6720 822
28194 7595 775 776 4762
28195 8167 444 8061 4640
28196 7760 2393 7152 6579
28197 8014 4843 6205 6145
28198 8083 4229 7085 5172
28199 8016 7114 7955 6818
28200 8042 5710 6710 5932
28201 7712 1152 2644 1166
28202 7712 1166 2644 1478
28203 7712 2636 6027 1478
28204 7664 6572 7284 7060
28205 7713 6862 6913 5438
28206 7260 2576 5787 3523
28207 7260 1135 2576 3523
28208 7908 2775 7228 4309
28209 7260 5226 2611 3413
28210 7260 5226 5773 2611
28211 7779 5401 5419 3983
28212 7779 5401 6752 5625
28213 7713 5438 6789 4084
28214 7713 5772 7695 6347
28215 7383 999 986 2115
28216 8158 5734 6831 6088
28217 7383 6488 7029 6315
28218 7576 6652 7238 6048
28219 7687 6235 7010 6752
28220 8096 1922 7380 1391
28221 7514 422 6872 4988
28222 7461 1096 6399 6371
28223 7461 2513 2506 1096
28224 7461 4927 4370 2525
28225 7461 6399 6479 6371
28226 7594 6524 7459 7346
28227 7478 7354 7406 7350
28228 7461 2506 4927 2525
28229 8147 6982 6995 5674
28230 7461 6924 7437 5705
28231 8383 7430 7968 5579
28232 8189 5521 6922 5496
28233 7328 5844 7101 6788
28234 7328 6788 7101 7045
28235 7328 5844 6788 5995
28236 7814 2122 1006 1003
28237 7814 4146 7371 6769
28238 7814 548 6390 6001
28239 7603 5492 7179 6280
28240 7614 3436 6922 3379
28241 7263 5923 6188 5528
28242 7263 1651 5923 1589
28243 7263 1651 6188 5923
28244 7263 6072 7014 631
28245 7263 631 7014 5346
28246 7263 5355 6072 631
28247 7263 5346 5355 631
28248 7264 2232 5198 2233
28249 7508 5334 621 620
28250 7265 181 4829 4830
28251 7265 4829 7026 4830
28252 8313 27 4092 2038
28253 7265 4490 4648 2402
28254 7825 4884 6849 4664
28255 7575 58 59 5067
28256 8191 5697 7059 5965
28257 8191 6498 8149 6997
28258 8191 5965 6157 5697
28259 8191 7362 7737 5799
28260 8384 3112 215 3081
28261 8191 7059 7362 5799
28262 8191 6194 7059 5697
28263 8191 6194 7362 7059
28264 7394 6491 6507 5621
28265 8192 6913 7713 6368
28266 7404 428 429 4276
28267 7404 428 6702 5611
28268 7267 923 6093 4083
28269 7267 4083 6093 4021
28270 7267 4021 2071 923
28271 7267 923 4083 4021
28272 7268 3749 7049 4967
28273 7268 4967 7049 5592
28274 7268 5592 5743 4967
28275 7268 5592 6335 5743
28276 7268 5592 7049 6335
28277 7268 1960 3704 1635
28278 7268 1960 6019 3704
28279 7268 3706 1960 1635
28280 7268 3706 5820 1960
28281 7268 6019 6534 3748
28282 7268 3704 6019 3748
28283 7268 3704 3748 1635
28284 7270 1104 6735 2257
28285 7270 1095 1104 2257
28286 7958 6244 7159 6350
28287 7552 102 6707 5193
28288 7552 102 5193 4448
28289 7552 4354 6254 4448
28290 7271 7030 7238 5737
28291 7271 5613 6258 5651
28292 7271 5613 7266 6258
28293 8275 6160 8240 7200
28294 7272 2305 3440 4233
28295 7403 4083 6093 923
28296 7403 874 1994 944
28297 7272 5183 3440 3384
28298 7272 4216 6842 317
28299 7272 318 4216 317
28300 7272 4234 6957 2305
28301 7272 2305 4233 4234
28302 7933 1333 6902 3061
28303 8158 458 7065 4853
28304 7272 5756 7029 6957
28305 8158 3198 3190 1399
28306 7777 2879 1503 1247
28307 7273 3063 3064 814
28308 7273 3063 6060 3064
28309 7273 3063 6529 6060
28310 7273 814 6529 4313
28311 7273 4313 6529 3063
28312 7273 3063 814 4313
28313 8207 5565 6099 5594
28314 7736 5893 6498 2545
28315 7857 2639 1803 2435
28316 7857 2435 1803 1056
28317 7995 5499 6292 5701
28318 8224 5718 7367 6345
28319 7858 683 6615 682
28320 7858 6774 7379 4165
28321 7995 5701 6195 5499
28322 7996 6213 6539 3012
28323 7736 5879 7190 4310
28324 7858 6615 7379 6716
28325 7858 6716 7379 6068
28326 7858 4187 684 4165
28327 7857 6699 7843 7790
28328 7730 6099 7620 6221
28329 8266 6181 7838 5979
28330 8208 5930 6007 5596
28331 8212 4720 5740 4711
28332 7859 3380 7043 1667
28333 7732 6425 6709 6580
28334 7734 3173 7380 6138
28335 7735 5832 6452 5961
28336 7945 5540 7007 6844
28337 7736 2545 7190 5893
28338 7561 6522 7218 6896
28339 7302 3591 5701 3312
28340 7302 5769 6413 6104
28341 7302 1279 2886 1512
28342 7302 1274 6104 1511
28343 7858 4165 7379 4187
28344 8244 5689 7380 6143
28345 8207 5594 6155 5565
28346 7730 6099 6221 5565
28347 7760 1171 7152 1155
28348 7727 5268 4275 3201
28349 7730 6221 7620 5839
28350 8280 346 3931 3956
28351 7727 424 6872 5927
28352 7727 3201 7689 5629
28353 7859 1667 7043 6260
28354 7858 683 684 4187
28355 7860 2500 6593 2504
28356 7856 1087 6614 2484
28357 7856 1071 7143 2205
28358 7861 6336 7435 7086
28359 7856 1082 2484 2463
28360 7860 4845 2504 4724
28361 7857 2435 2445 5175
28362 7735 5961 6452 1824
28363 7736 3500 7190 2545
28364 7735 5832 5961 5933
28365 7305 761 6190 760
28366 8284 5920 6511 6134
28367 7306 749 750 4649
28368 7305 760 6190 5364
28369 7863 5262 6847 841
28370 7304 6562 7026 1237
28371 8193 2769 7939 6387
28372 8233 3788 5338 5330
28373 7729 2659 1173 1170
28374 7732 6315 6895 6819
28375 8250 5951 6467 5719
28376 7727 6872 7514 6831
28377 8260 5914 7682 6076
28378 8194 6375 6877 6283
28379 8304 3154 7776 1352
28380 7858 4187 7747 683
28381 7863 840 6847 5262
28382 7861 6210 7435 5721
28383 7858 5758 6716 6387
28384 8224 6792 7456 5718
28385 7986 4761 4794 111
28386 7305 3796 5367 761
28387 7306 5938 7134 5971
28388 8365 3245 8139 1431
28389 8215 7899 8198 6306
28390 8215 7427 8198 7455
28391 7721 6357 7718 7176
28392 7793 4925 6697 587
28393 7860 2500 2504 4845
28394 7861 7086 7435 6210
28395 7860 2504 6593 4724
28396 7858 684 6774 4165
28397 8105 5687 6575 5008
28398 8292 2058 8173 5165
28399 8328 6769 7634 5974
28400 8194 5811 6877 6375
28401 8302 5599 8019 6280
28402 7721 6357 7002 5871
28403 7721 5871 7718 6357
28404 8194 6307 7221 6119
28405 7858 7379 7747 4187
28406 8097 7008 7696 5634
28407 8182 6540 8001 7511
28408 8233 5338 7015 734
28409 8214 1857 1492 3442
28410 8226 4360 5949 162
28411 7788 5676 6283 6189
28412 8284 7690 7910 6511
28413 8194 6283 7221 6189
28414 7721 7408 7430 7176
28415 7721 5579 7021 6357
28416 7721 6627 7021 5579
28417 8194 6119 7221 6283
28418 8390 3957 7976 5381
28419 8208 7203 7827 7127
28420 8159 7296 7705 6575
28421 7788 5676 6591 6375
28422 7788 6189 7120 5676
28423 8215 5492 8198 7899
28424 7848 7073 7341 6683
28425 8306 5850 6790 6324
28426 8272 5907 7890 7084
28427 7721 6627 7430 6193
28428 7721 5579 7430 6627
28429 7721 6357 7176 5579
28430 7721 7176 7430 5579
28431 7788 5628 7014 6189
28432 7788 7295 7554 5495
28433 8268 6680 7572 6974
28434 8194 6283 7788 6375
28435 8009 5848 7077 5955
28436 7743 3009 7582 1329
28437 7743 5833 6832 5607
28438 7742 1637 6993 5605
28439 7742 3710 4225 3712
28440 7742 3712 6204 1639
28441 7743 5607 7690 5833
28442 7742 6204 6993 1639
28443 7738 5232 6144 3136
28444 7739 2590 5929 1144
28445 8111 5516 6782 6130
28446 7739 1144 5929 5506
28447 7645 6680 7503 5664
28448 7492 5934 7345 5962
28449 7392 6713 7309 7249
28450 7392 6341 6713 5479
28451 7742 1639 6993 1638
28452 7742 5111 7137 4992
28453 7742 1638 1961 3710
28454 7738 3655 6144 5232
28455 7738 1378 3655 3136
28456 8195 2922 7308 4773
28457 7392 5560 6869 6689
28458 7739 1470 2346 1144
28459 8111 66 6705 65
28460 7738 2995 6519 6012
28461 7739 2590 2346 5140
28462 7792 6869 7392 5560
28463 8373 2190 6969 4178
28464 7764 5980 7724 6968
28465 7764 7381 7724 5980
28466 7406 5775 7350 7114
28467 7493 1489 3553 1490
28468 7406 6577 7354 6619
28469 8373 1053 1054 2442
28470 8373 4178 6969 5777
28471 8373 2177 1054 1053
28472 7308 2922 6901 4773
28473 8373 1053 1062 2190
28474 8196 2771 7311 2439
28475 7308 4773 6901 5948
28476 7310 6639 7114 6619
28477 7310 6619 7114 5775
28478 8039 7920 7956 5706
28479 8039 2539 4455 4781
28480 8384 6180 7746 6676
28481 7862 4590 5799 3505
28482 7311 5843 6316 5735
28483 7311 5851 7240 6165
28484 7311 2175 2189 1051
28485 7311 2175 6416 2189
28486 7311 2189 6969 1062
28487 7311 1062 6969 6165
28488 8367 6243 8363 6234
28489 7311 5735 7240 5851
28490 8197 6200 8012 6020
28491 8197 6200 6841 5472
28492 7313 2721 6745 5702
28493 7313 5727 6745 1036
28494 7313 1036 6745 2721
28495 7314 5811 6087 5713
28496 7315 5536 6891 5795
28497 8293 1968 3950 3949
28498 7315 6030 7091 6129
28499 7315 449 5005 4280
28500 7315 3169 6143 5118
28501 7315 5118 4280 3169
28502 7315 5795 6143 5536
28503 7315 5536 6143 5564
28504 7711 5704 6336 5813
28505 7653 6664 7223 6377
28506 8297 6007 7441 6447
28507 7315 6129 7091 448
28508 7315 448 5005 449
28509 7315 448 7091 5005
28510 7315 5118 6143 4677
28511 7315 4677 6143 5795
28512 7581 5901 7471 6633
28513 7581 6633 6948 5901
28514 7315 449 6415 448
28515 7315 448 6415 6129
28516 7459 1928 6524 1414
28517 7516 4858 6932 48
28518 7910 6649 7690 6259
28519 7722 6248 6480 274
28520 7433 473 4474 4722
28521 8279 6403 8140 7872
28522 7451 402 6990 4709
28523 7451 5779 7198 5863
28524 8050 5485 6715 5794
28525 7507 6885 7455 6362
28526 8034 5572 7583 6023
28527 7507 6723 7189 5889
28528 7414 6321 6797 5498
28529 8240 6015 7219 6866
28530 7440 5992 7007 6807
28531 7437 488 6924 5009
28532 7432 7288 7351 6599
28533 7432 5693 6667 5665
28534 7443 3357 7221 2211
28535 7447 2448 1065 1058
28536 7447 6636 7379 6276
28537 7885 4168 6839 4170
28538 7722 2104 984 2081
28539 7574 2407 6323 1749
28540 7794 6069 6757 5568
28541 7452 4069 4052 5430
28542 7455 6362 6885 5882
28543 7429 6620 7118 5736
28544 7443 6495 7221 3357
28545 7414 6686 7292 6159
28546 7437 4736 7334 487
28547 7551 94 95 5003
28548 7453 5828 6728 6216
28549 7786 6460 7405 6193
28550 8041 5413 5405 221
28551 7880 3863 6754 6086
28552 7545 6096 7129 5493
28553 7429 5736 7118 6762
28554 7433 3212 6359 4767
28555 7494 1867 2802 2903
28556 7443 6158 6495 3357
28557 7450 6036 6706 5982
28558 7437 487 7334 488
28559 7443 5713 6697 5941
28560 7443 5713 6307 5520
28561 7432 6599 7351 5693
28562 8169 6345 7959 7185
28563 8406 5645 7088 3114
28564 8071 5633 6602 6358
28565 7576 6893 7238 1205
28566 7438 4580 4837 3093
28567 7450 5957 6706 6036
28568 7851 3223 3232 4660
28569 7462 7274 7394 6507
28570 7443 590 6697 6339
28571 7449 5490 7369 6118
28572 7443 4601 6697 590
28573 7434 5807 7338 7169
28574 7432 5665 7353 7288
28575 7593 640 5089 639
28576 7910 4213 4409 3739
28577 7437 7042 7334 6924
28578 7462 2144 2155 1795
28579 7441 5930 7396 6693
28580 7441 5930 6693 6007
28581 7437 488 7042 6924
28582 7933 6107 6434 5665
28583 7959 5718 7367 5926
28584 8378 5720 8086 6714
28585 7896 2728 6503 4846
28586 8232 6480 7732 7211
28587 7594 5567 7515 6524
28588 7437 488 7334 7042
28589 7668 5864 6796 5678
28590 7671 5720 6263 3540
28591 8198 7506 7592 7456
28592 7432 5665 6599 5693
28593 8198 7456 7592 7427
28594 7593 6396 7409 640
28595 7429 5736 6762 5589
28596 7433 4474 3306 4722
28597 7429 5736 7053 6154
28598 7433 6359 7352 4722
28599 7896 4657 3439 2584
28600 7432 5665 7288 6599
28601 7851 1418 5891 3232
28602 8157 2085 7058 990
28603 8231 5244 8037 2477
28604 7338 5515 6077 5921
28605 7347 2631 3434 5234
28606 7879 5894 7314 6087
28607 8086 5720 7737 6113
28608 8294 7633 7850 5631
28609 8113 6063 7271 5959
28610 7434 5807 7169 5501
28611 8297 5841 7749 6763
28612 7344 3466 3068 1351
28613 8297 5541 7749 6202
28614 7795 1469 6886 5654
28615 8115 4338 3590 2884
28616 7653 5728 7132 6664
28617 7858 6068 7379 6774
28618 8214 6233 6711 2756
28619 7760 1836 6579 1361
28620 8036 7275 7276 6781
28621 7803 5823 7648 3908
28622 8420 4195 5132 541
28623 7797 3779 6559 6197
28624 7835 578 579 4154
28625 7479 5963 6387 5801
28626 7538 5888 6393 5559
28627 7868 6543 7837 6013
28628 7879 6087 7314 5811
28629 7434 5803 6446 5873
28630 7782 337 6601 338
28631 7856 7143 7357 2205
28632 7798 5686 6569 5682
28633 7794 5752 6390 5956
28634 7766 6059 7072 5939
28635 7790 2192 5925 2174
28636 7974 3834 7301 5877
28637 8228 5734 8158 7065
28638 7792 5778 6861 6386
28639 7792 5601 6849 5560
28640 7858 6387 6716 6068
28641 7766 5939 7072 4918
28642 7999 5774 7981 5866
28643 7802 2833 2818 2814
28644 7951 2793 6983 6845
28645 7538 5559 6107 5888
28646 7347 5234 6806 5996
28647 8136 5751 7534 5528
28648 7794 5974 6769 6390
28649 8262 6554 7876 5814
28650 7803 964 7267 4021
28651 7794 6390 6769 6069
28652 7797 1596 6197 3364
28653 8043 2290 6662 3375
28654 8281 1667 3901 1623
28655 8222 607 7333 4265
28656 7786 4603 6627 4604
28657 8258 7445 7965 6843
28658 8017 7284 7664 6859
28659 8199 3532 3533 1477
28660 8231 3478 6931 6929
28661 7982 6336 7259 6461
28662 8324 434 3103 3490
28663 7679 6783 6860 1923
28664 7677 5931 7596 6837
28665 8283 1093 5830 1102
28666 8201 374 373 4533
28667 7769 6013 7347 5996
28668 7772 4592 87 4964
28669 8200 1597 7755 3886
28670 7653 6664 7132 7066
28671 8363 6243 8245 7251
28672 7757 5633 7426 6797
28673 7653 6377 7109 6908
28674 7762 6822 6957 6842
28675 7871 5539 6335 5592
28676 8284 5920 6134 5517
28677 7982 5843 7259 7037
28678 8201 4533 6136 4968
28679 8224 5707 7367 5510
28680 8127 2270 7715 2433
28681 7695 5772 7156 5979
28682 8200 3891 3779 1656
28683 7893 5499 7465 7387
28684 7765 6011 7119 2565
28685 7830 2600 6583 4616
28686 7763 6607 7308 3589
28687 7682 5945 7351 5853
28688 7757 5633 6797 5725
28689 7829 485 6147 484
28690 8261 239 7873 5408
28691 8098 5842 6341 6310
28692 8124 1354 5750 3106
28693 7596 7033 7316 6009
28694 8113 6179 6430 5862
28695 7516 3563 6214 2745
28696 7495 6227 7416 5765
28697 7894 5220 3630 106
28698 7998 5505 7805 7232
28699 8116 2634 5609 4038
28700 7844 844 7691 845
28701 8201 4968 4836 375
28702 8402 3422 2392 5199
28703 8078 4174 6084 4171
28704 7758 469 6929 5905
28705 8043 5521 6662 2290
28706 7760 6271 7152 1171
28707 8130 517 2581 2572
28708 7769 2606 538 3535
28709 7772 4964 6542 4592
28710 7773 3512 4764 4875
28711 7681 552 6916 551
28712 7653 5882 7109 6377
28713 7834 7264 7797 6197
28714 8246 4009 6933 1770
28715 7546 5032 306 305
28716 7733 5570 7151 5679
28717 7505 6009 6873 6374
28718 7697 6430 6566 172
28719 7762 5624 6488 5924
28720 7390 3793 744 3896
28721 7390 744 6025 3896
28722 7390 3896 1613 3793
28723 7436 5507 6791 5772
28724 7906 4497 5143 761
28725 8169 3742 3697 771
28726 7849 5177 5739 4290
28727 7769 1150 2606 3535
28728 7675 1992 7533 2396
28729 7677 6837 7596 5487
28730 7757 5725 6777 5633
28731 7756 1351 7344 6900
28732 7676 2985 6920 4449
28733 8130 1140 2581 2585
28734 8059 6348 7981 5590
28735 7676 4449 6592 2985
28736 7771 5807 7217 5501
28737 8283 6770 8006 7635
28738 7787 7407 7583 5572
28739 7697 4323 6179 171
28740 7760 1361 3093 1836
28741 8366 4715 8143 43
28742 7590 5059 2836 2843
28743 7403 3909 6701 1975
28744 7953 1507 7825 2861
28745 7436 7174 7343 6288
28746 7436 5507 7343 6530
28747 7494 6459 7194 6541
28748 7578 6264 7473 5530
28749 7579 907 4060 4089
28750 7436 5553 7174 6791
28751 8361 5609 7972 6501
28752 7772 4882 6411 2749
28753 8257 5816 7696 7663
28754 8236 2388 1842 1157
28755 7675 2438 6930 1774
28756 8311 1829 1141 2383
28757 8388 195 194 4952
28758 7955 6224 7480 5785
28759 8295 5529 7401 6195
28760 8220 7083 7896 3439
28761 8214 1492 6718 6246
28762 8052 6673 7819 6219
28763 7760 2655 7438 6271
28764 7679 6871 7196 3178
28765 7414 6159 7292 5493
28766 7794 5911 6821 5546
28767 7494 2903 6459 2905
28768 7717 5831 6090 5483
28769 7494 2802 7194 6459
28770 7807 72 7009 4658
28771 7861 6210 6416 5642
28772 8226 6609 7377 2906
28773 8087 1600 6778 3783
28774 8340 3569 7286 1227
28775 7817 1310 2962 2882
28776 7744 1665 3898 3903
28777 8251 6028 7186 6655
28778 8080 1928 6659 6524
28779 7936 5560 6861 6386
28780 7934 2961 1309 3275
28781 7995 6274 7529 7401
28782 8050 5794 5823 5655
28783 7957 2954 7552 101
28784 7594 6218 7515 6643
28785 7934 1309 2946 3275
28786 7833 5978 7596 5529
28787 7403 1707 3909 1975
28788 7830 4616 6583 2383
28789 8130 517 4551 2585
28790 7578 1542 6424 6186
28791 7807 4658 7280 72
28792 7494 1867 7194 2802
28793 8046 1679 6865 1678
28794 8194 5811 7314 6307
28795 7516 49 5103 50
28796 7515 1406 6783 1402
28797 7634 545 7513 6070
28798 7901 5725 7463 5658
28799 7675 4494 6930 2438
28800 7935 1564 7444 6222
28801 8196 4851 3429 2771
28802 7919 5994 7205 3622
28803 7810 6377 7512 7093
28804 7436 5507 6530 5553
28805 7403 1975 6701 1707
28806 7618 161 6698 4360
28807 7998 6804 7677 5606
28808 8088 6534 7268 6019
28809 8245 2696 1191 1846
28810 7856 1087 2484 1082
28811 8157 5984 7411 7058
28812 7932 874 3814 875
28813 7675 1774 6930 3974
28814 7935 1564 6222 3199
28815 7675 2438 2436 4494
28816 8090 1016 3433 2481
28817 8218 5788 7770 5802
28818 8036 5692 6561 5913
28819 7763 2868 4753 3589
28820 7676 6266 7486 4449
28821 8031 6179 7324 4348
28822 8386 7088 8355 8095
28823 7818 6267 7614 2114
28824 8336 6596 6879 5850
28825 7999 4772 7981 369
28826 7809 6538 7108 6655
28827 7810 1620 7539 1619
28828 7906 763 5239 762
28829 7991 2106 4123 4116
28830 7800 3298 6464 3544
28831 7794 5956 6011 5546
28832 7800 1485 3298 3544
28833 7800 2694 7519 1187
28834 7781 3464 6742 3040
28835 7801 5393 6630 3970
28836 7974 1718 6628 3834
28837 7797 1655 1596 3364
28838 8215 7230 8013 5869
28839 7797 1655 6197 1596
28840 7763 347 7640 4753
28841 8237 730 5341 731
28842 8345 2250 2254 1609
28843 7801 1700 3970 3939
28844 7801 1700 6508 3970
28845 8053 7424 8046 7355
28846 7807 3128 3119 4721
28847 8168 2336 6418 2333
28848 7810 1619 6231 2274
28849 7810 1619 7539 6231
28850 8219 2645 4496 3538
28851 7821 4249 6450 3419
28852 7803 1997 5794 964
28853 8026 5486 7232 6578
28854 7953 5601 7825 6469
28855 7760 3093 6579 5976
28856 7803 3908 6715 5823
28857 7801 3939 3970 5375
28858 7910 4409 6259 3757
28859 7803 2068 7648 956
28860 7809 7108 7186 6655
28861 8283 2509 7143 1093
28862 7810 1620 1619 2274
28863 8017 6733 7448 6859
28864 8128 6503 6516 1212
28865 8204 7152 7760 6271
28866 7953 1264 6564 2943
28867 7803 2068 956 1997
28868 8076 5620 7322 6410
28869 7763 347 3588 4936
28870 7765 7076 7119 5760
28871 7760 5976 7438 3093
28872 8254 7448 7955 5523
28873 7851 3232 7786 4660
28874 7808 6100 7229 4283
28875 7851 3225 6634 1415
28876 8090 2135 6342 1791
28877 7818 7211 7614 5508
28878 7966 5903 6909 6369
28879 7765 4552 7119 7076
28880 7906 762 5239 4497
28881 7765 510 7076 5969
28882 7763 4936 7640 347
28883 8242 574 6507 4130
28884 7807 1371 7233 7145
28885 7809 6655 7186 6028
28886 7810 1620 7744 7539
28887 8404 5623 8325 7545
28888 7809 5859 7108 6538
28889 8214 1216 1491 2754
28890 7906 5367 762 761
28891 7809 6538 6655 6028
28892 7880 955 4017 1998
28893 7807 3119 7233 1371
28894 7809 5950 7186 7108
28895 7807 1371 7145 3119
28896 7810 5868 7539 6908
28897 7810 2274 7744 1620
28898 8018 2105 986 2082
28899 8229 2624 6911 536
28900 7849 5177 829 830
28901 8069 6124 7269 6254
28902 7849 830 6805 5176
28903 8247 4982 119 4701
28904 8031 5737 7324 7025
28905 7979 785 7831 3042
28906 7675 3974 6930 6364
28907 7594 5922 7459 7247
28908 7667 5520 7239 6307
28909 7436 6288 6674 5772
28910 8325 5623 7163 6096
28911 8164 6347 7695 5772
28912 8269 223 4573 2463
28913 8054 6105 6275 5894
28914 7916 2138 7468 6342
28915 8024 605 5660 2371
28916 8376 3683 8205 4270
28917 7436 5617 7174 6288
28918 7675 2436 6676 4494
28919 7675 6676 6930 4494
28920 8187 6266 7544 7350
28921 8207 2596 2382 1146
28922 7977 1854 7947 1203
28923 8054 6043 6688 6275
28924 8182 2844 5557 2841
28925 7849 5176 6805 5739
28926 7768 3206 58 4957
28927 8231 3476 6929 4414
28928 7856 1071 1082 2463
28929 8050 6368 7475 5485
28930 7594 5922 7247 6123
28931 7594 5567 7346 6317
28932 7768 6253 7044 6205
28933 8087 5894 7407 5876
28934 8090 1791 1016 2481
28935 8050 5485 7499 6715
28936 8050 7364 7863 7423
28937 7979 783 7658 6731
28938 8305 8158 8228 459
28939 8274 2762 2740 5089
28940 7825 5778 6849 5601
28941 7864 7280 7807 7009
28942 8054 6087 7314 5894
28943 8088 5820 7268 6335
28944 8187 5554 7486 6890
28945 8064 787 6784 5070
28946 7515 1414 6524 1567
28947 7515 3203 6783 6643
28948 7596 5529 6374 6009
28949 7596 5978 6212 5487
28950 7596 6009 7154 6489
28951 7596 5487 6374 5529
28952 7594 7459 7515 6218
28953 7849 828 829 4290
28954 7679 1923 7303 6783
28955 8338 5861 7657 6075
28956 7780 2313 7186 5950
28957 7686 6137 6291 5588
28958 7686 3461 6137 3608
28959 7864 6360 7280 5791
28960 8019 5820 7748 6019
28961 8029 5630 7012 5991
28962 8269 5606 7568 6804
28963 8039 5956 6799 2550
28964 7905 6115 7527 5641
28965 7838 2045 7156 2064
28966 8087 3782 7903 1599
28967 8296 6324 6743 1557
28968 7966 972 7783 2266
28969 8204 5604 7152 6271
28970 7880 2065 5904 5217
28971 8208 6763 7127 7097
28972 8284 6646 7427 6134
28973 8257 5681 7525 6209
28974 8322 6952 8144 5652
28975 8031 5737 6496 165
28976 8104 5548 8044 7288
28977 7882 4835 692 691
28978 7844 6554 7460 6117
28979 7470 6084 7074 5646
28980 7475 6429 7282 6405
28981 8105 201 6729 202
28982 7463 2108 5725 992
28983 7463 992 5725 971
28984 7894 4658 7009 4581
28985 7463 3425 3386 325
28986 7463 325 5658 3425
28987 7894 4581 7009 106
28988 7813 6152 7328 5598
28989 8043 979 5521 2454
28990 7475 5485 6701 6429
28991 8109 130 6441 129
28992 8104 6020 7878 5896
28993 8257 7037 7498 5683
28994 8053 5802 6865 5788
28995 8300 5726 6798 6249
28996 8250 5974 7320 5983
28997 7477 5194 868 867
28998 7531 2139 568 4133
28999 8354 3615 7697 3030
29000 7758 5229 7363 471
29001 8105 201 4693 2425
29002 7944 6409 6720 6256
29003 8109 130 129 4915
29004 8104 5914 7878 6020
29005 8104 6599 7943 7273
29006 8104 6599 7273 6529
29007 8102 5515 6077 5807
29008 7463 1002 7168 5725
29009 7919 4462 7205 211
29010 7473 6639 7310 6264
29011 7481 981 994 2110
29012 7468 1016 6342 2138
29013 7472 696 5856 4945
29014 7655 7024 7397 5699
29015 7531 2142 1019 2139
29016 8273 6649 7743 5920
29017 7701 5553 7436 6791
29018 7531 5872 6814 2142
29019 8213 6268 6318 2136
29020 8120 2523 6141 493
29021 8155 6196 7043 6569
29022 8314 6398 7367 6306
29023 8105 202 7547 5033
29024 7975 5062 4376 3471
29025 7481 981 5946 994
29026 7473 6264 7310 5530
29027 7472 4945 4492 696
29028 7480 5523 6818 5645
29029 7477 4444 7321 5194
29030 7477 3651 7458 4444
29031 7561 6517 7218 6522
29032 7468 2138 1029 1016
29033 7468 3433 6010 1016
29034 7472 6889 6947 5944
29035 8098 351 352 4338
29036 7477 6289 6604 3472
29037 7480 5523 5645 5619
29038 7476 5643 6870 6423
29039 8274 6073 7491 6531
29040 8421 5589 6656 5977
29041 8395 4905 7682 7028
29042 7701 5553 6603 6533
29043 8067 4442 832 3612
29044 8105 201 202 4693
29045 8376 5612 8205 5865
29046 8308 5593 6911 5715
29047 8112 5493 7545 6772
29048 8269 7860 8041 222
29049 8340 3302 8188 2779
29050 8104 7351 7878 5914
29051 8105 3420 6575 2425
29052 8112 5771 7545 7398
29053 7880 5440 2065 963
29054 8251 530 7386 529
29055 7755 3886 1597 3780
29056 8378 543 8165 7918
29057 8300 5600 7753 6249
29058 8205 3256 7980 5018
29059 8248 279 2105 278
29060 8140 6779 8030 6346
29061 8109 4915 129 5108
29062 8112 7398 7545 5493
29063 8056 5996 7347 6013
29064 8038 6264 7473 6449
29065 8042 5932 5979 5710
29066 8034 6903 7940 5703
29067 8210 7272 7402 5819
29068 8336 1385 6743 1386
29069 8377 1427 6410 1931
29070 8105 5033 7547 5687
29071 8126 5491 7195 6578
29072 8036 5688 7200 6915
29073 8105 2425 6575 6450
29074 8251 529 7386 6168
29075 8111 65 64 4212
29076 8116 6304 7924 6616
29077 8372 4638 710 4851
29078 8038 6639 7473 6264
29079 8038 6539 7171 6477
29080 8036 5657 5692 5688
29081 8080 1928 7459 2979
29082 8322 1998 4034 4030
29083 8083 5509 7016 6440
29084 8247 4701 7229 118
29085 8036 6915 7200 6792
29086 8171 1732 7048 1734
29087 8049 4692 7459 83
29088 8153 2858 5285 4366
29089 8121 2791 6966 6817
29090 8064 3744 6474 3715
29091 8114 4066 6347 4084
29092 8247 6524 7245 5899
29093 8083 7016 7992 6881
29094 8344 4000 5425 250
29095 8049 4271 7459 4692
29096 8115 6310 7709 5842
29097 8080 4271 3240 3233
29098 8194 5495 7314 6949
29099 8034 6671 7848 7073
29100 8339 6549 8108 6101
29101 8064 5070 4792 787
29102 8078 2165 4174 4171
29103 8035 5877 7974 7252
29104 7959 6678 7185 5926
29105 8067 6037 6907 6832
29106 8195 4773 2867 2922
29107 8059 5590 7478 7040
29108 8111 64 6782 4212
29109 7959 5926 7883 6398
29110 7960 5761 6466 5970
29111 8103 2846 6163 388
29112 8067 3013 6907 6290
29113 8015 1248 7802 6348
29114 8049 7459 7594 6218
29115 8038 6466 6742 6449
29116 8356 5795 8096 452
29117 8034 7341 7848 6671
29118 8091 5226 7502 248
29119 8341 7452 8249 2691
29120 8097 5542 6947 6889
29121 7960 7453 7514 6831
29122 7965 6673 6730 5526
29123 7960 5761 6749 6466
29124 7960 7666 7727 5927
29125 8033 5878 5906 5570
29126 8222 4226 8108 609
29127 8201 6136 6395 5898
29128 8045 4346 7957 7573
29129 7963 2058 5435 952
29130 8123 6395 6397 5714
29131 8214 6711 8084 2756
29132 8405 6644 8309 6873
29133 8064 5578 6160 6015
29134 8341 6501 8249 7452
29135 8025 4856 6610 2503
29136 7964 5761 7060 6749
29137 8273 798 6511 799
29138 8009 6853 7077 6262
29139 7960 6872 7727 6831
29140 8170 3490 8082 3654
29141 8254 6733 7358 6859
29142 8034 7583 7940 6903
29143 8114 5857 5988 4072
29144 8033 5709 7368 5878
29145 8105 4693 4665 3420
29146 8197 815 7943 7866
29147 7983 6208 7557 6574
29148 8371 1633 6663 1958
29149 8022 5506 7641 5501
29150 7962 271 6580 270
29151 7991 4123 7818 4116
29152 7959 5707 6497 6398
29153 8303 3781 648 3780
29154 7959 6398 6497 769
29155 8170 6012 7828 6587
29156 8218 5663 8057 6041
29157 8068 7280 7807 6360
29158 8033 5679 5906 1278
29159 8109 6018 6230 4258
29160 8033 5570 5906 5679
29161 8168 2333 6418 4925
29162 8065 5878 8033 7368
29163 7979 785 784 4655
29164 7906 6190 7507 5513
29165 7861 6165 7311 6969
29166 7643 5984 7411 7029
29167 7861 5642 6316 5843
29168 7687 4003 5419 5415
29169 7687 5415 6677 5406
29170 7687 5406 4001 5415
29171 7687 3983 5419 4003
29172 7847 669 7741 5107
29173 7461 5767 6656 6528
29174 7461 6528 6656 5705
29175 7461 5767 6479 6141
29176 7461 6141 6237 5767
29177 7461 1091 6399 1096
29178 7461 1091 6479 6399
29179 7461 2525 4370 3487
29180 7461 2525 1103 1091
29181 7461 1103 6479 1091
29182 7461 6141 6479 3487
29183 7461 4370 5072 3487
29184 7461 4370 6237 5072
29185 7461 3487 1103 2525
29186 7461 3487 6479 1103
29187 7461 5072 6141 3487
29188 7461 5072 6237 6141
29189 7543 288 3296 2635
29190 7977 1207 7166 2733
29191 7977 1203 7598 1207
29192 7516 6214 6983 5917
29193 7801 6630 7192 3962
29194 8077 367 4779 2910
29195 7546 3372 6422 6277
29196 7543 6473 6777 290
29197 7811 4804 6706 4745
29198 8275 7949 8019 5845
29199 7890 6293 7559 5907
29200 7510 1969 5571 1687
29201 7663 5683 5881 5829
29202 7516 50 6214 3563
29203 7978 6701 7282 3815
29204 7871 5539 7761 6280
29205 7648 3906 5823 3912
29206 8090 4895 7521 2234
29207 8155 2284 3382 725
29208 8097 5552 6947 5542
29209 7697 6179 6598 6566
29210 7520 5169 6130 5600
29211 8298 4480 5677 2466
29212 7650 4782 6378 4364
29213 7543 3296 6082 2635
29214 8198 7592 7678 7427
29215 7508 5334 6448 5345
29216 8177 6261 7504 5742
29217 8092 6131 7065 457
29218 8333 4110 6777 290
29219 8018 988 7488 2107
29220 8154 6053 6148 5690
29221 7521 5464 598 4629
29222 8217 3164 8131 3162
29223 8088 6335 7268 5510
29224 8077 6294 6296 4779
29225 7520 5169 5600 2893
29226 8045 6463 7552 6124
29227 7543 289 6473 290
29228 7861 6316 7311 5843
29229 7684 5504 6350 6152
29230 7904 794 6259 5833
29231 7482 1738 3868 3926
29232 8154 6006 6951 6053
29233 8097 6889 7472 5634
29234 8353 5875 7216 6421
29235 7546 5032 6422 3372
29236 7546 3372 306 5032
29237 7801 6508 7192 6918
29238 8087 5335 3806 3783
29239 8087 3806 1658 1600
29240 8151 3671 5123 4531
29241 7648 3908 5823 3906
29242 8077 366 7075 367
29243 7543 4124 7168 5680
29244 7731 4424 6058 3465
29245 7635 4670 6255 2532
29246 7605 4588 7011 2482
29247 7986 6312 7517 6871
29248 8162 6949 7213 6370
29249 7510 5571 5883 3951
29250 7628 4135 6916 2127
29251 8243 6781 7275 5800
29252 8038 6449 7473 6466
29253 8223 6783 7679 7303
29254 8089 7644 7898 6506
29255 8374 1054 8373 2178
29256 8068 5694 7233 3161
29257 8040 6624 7809 5950
29258 7646 4775 4 2057
29259 8047 5354 6432 4960
29260 7644 7534 7586 7492
29261 7546 4232 5032 305
29262 7734 5044 6618 4990
29263 7516 50 6983 6214
29264 7605 2482 7011 1080
29265 8077 367 7075 6294
29266 7912 5293 7252 3832
29267 8087 1658 7903 6494
29268 8089 6342 7898 6544
29269 7893 7187 7850 6802
29270 7804 5855 7417 6547
29271 7833 7316 7596 5978
29272 7652 5650 6687 5578
29273 7652 5650 7016 6687
29274 7510 1685 5883 2334
29275 7635 228 6255 4670
29276 7758 5905 6106 5815
29277 7889 6854 6883 4199
29278 8376 5041 8092 4948
29279 8045 5215 6463 6249
29280 8050 6429 7499 5485
29281 7827 6967 7127 6786
29282 7894 105 7542 4436
29283 7861 5843 6336 5642
29284 7877 5532 6106 5768
29285 7546 305 4241 304
29286 7903 3883 1599 3782
29287 7850 5880 6250 6238
29288 7861 6336 6461 5925
29289 7962 6996 7601 5054
29290 8045 7573 7957 6463
29291 8038 1538 6742 1902
29292 8040 533 3494 3492
29293 8007 4368 6221 3407
29294 7627 5584 6955 5937
29295 7933 3036 6518 3035
29296 7515 3202 1406 3602
29297 7631 5825 6523 6382
29298 8087 3806 3782 1658
29299 7887 2819 7287 4743
29300 8123 2977 2978 1316
29301 8087 6183 7903 3883
29302 8121 5140 5929 140
29303 8087 5876 7407 6183
29304 8087 5894 6778 6494
29305 7621 3639 5206 3640
29306 7621 3640 6942 3639
29307 7906 3759 3729 4497
29308 7546 4241 6122 304
29309 8358 5813 7711 6727
29310 7545 6869 7140 6096
29311 7635 3486 227 228
29312 8090 3433 6010 2481
29313 7977 1207 2733 2720
29314 7913 3152 6081 3268
29315 8244 7380 8096 6143
29316 8024 4227 605 5257
29317 8010 5807 7771 5501
29318 8090 1016 6010 3433
29319 7887 4740 7287 6456
29320 7905 5995 7527 6115
29321 7531 5872 6939 5849
29322 7531 4133 6939 5872
29323 7531 5849 6814 5872
29324 7531 568 6939 4133
29325 7531 2141 1018 2140
29326 7531 2142 6814 1019
29327 8399 4714 8366 6090
29328 8395 6022 7682 5821
29329 8417 4490 8190 7265
29330 8273 3618 5517 3617
29331 8425 5589 8423 8421
29332 8270 5744 7569 3347
29333 8395 6710 7094 853
29334 8216 6541 7130 6613
29335 8216 7130 7670 5708
29336 8216 5708 7670 7040
29337 8247 6379 7445 7229
29338 8365 1431 8139 6581
29339 6433 6699 5175 719
29340 8396 5280 204 2963
29341 7813 5654 7812 5598
29342 8216 5590 7040 6771
29343 8259 5583 6773 6338
29344 8216 5479 7670 6830
29345 8424 2392 2394 4398
29346 7813 5598 7812 7684
29347 7813 5598 7684 6152
29348 7822 5631 7244 6282
29349 7902 2111 6425 4118
29350 8044 5548 5954 5937
29351 8216 5708 7040 5590
29352 8392 6270 7872 7553
29353 8216 5805 7070 6830
29354 8216 6771 7670 5479
29355 8216 6830 7070 5479
29356 8377 1931 6410 1570
29357 8259 6338 6773 5497
29358 8194 6119 6283 5811
29359 7813 6244 7328 6152
29360 7813 5598 7328 5641
29361 7813 5641 7328 5995
29362 7813 5598 6965 5654
29363 7814 2124 1006 2123
29364 7822 6282 6302 5631
29365 8303 649 648 3781
29366 7967 6702 7344 3051
29367 7793 2204 6087 4602
29368 7733 6002 7298 6548
29369 8216 5590 6613 5708
29370 8216 7040 7670 6771
29371 8216 6830 7130 5805
29372 8216 5479 7070 6771
29373 8066 6428 7812 7611
29374 8033 4451 6376 395
29375 8034 6683 7848 7341
29376 8387 2246 8287 1605
29377 8088 7603 8019 6280
29378 7670 5910 7450 6036
29379 7670 6150 6617 5708
29380 8385 5969 7954 7362
29381 7670 6036 6670 6617
29382 7670 6617 6830 6036
29383 8396 204 5687 5033
29384 7813 5918 6965 6142
29385 7813 7684 7812 6244
29386 7813 6152 7684 6244
29387 7813 5918 7812 5808
29388 7822 1753 2414 1754
29389 7815 2091 7740 2094
29390 7819 4797 4864 2512
29391 7818 6480 7614 7211
29392 7865 5825 6643 6080
29393 8163 592 6984 3402
29394 7865 6232 6382 78
29395 7969 6001 6390 4137
29396 7614 998 984 2104
29397 7614 6267 7243 2534
29398 8105 5033 5687 203
29399 8177 663 4166 662
29400 8046 2323 2325 1680
29401 7672 5804 7290 6350
29402 7671 1167 6761 6714
29403 7670 6036 7450 5982
29404 7670 5708 7130 6150
29405 7865 4760 4606 2675
29406 7865 6232 6643 6382
29407 7670 5982 7450 6771
29408 7813 5995 7328 6142
29409 7813 5995 6965 5641
29410 7819 4536 7135 6928
29411 8115 5282 6987 3590
29412 7851 3227 1416 3223
29413 7806 6072 7014 5936
29414 7821 1762 6873 1761
29415 7819 4536 6928 4797
29416 8363 7083 8245 6950
29417 7888 5839 5847 3995
29418 7887 6029 6846 4643
29419 7723 3874 6448 3875
29420 8009 6853 7908 7077
29421 7615 5709 7104 5587
29422 7615 390 4357 3050
29423 8216 6613 7130 5708
29424 7865 4760 6483 4553
29425 8163 2356 7766 4918
29426 8216 6541 6613 5590
29427 7865 80 4760 4553
29428 7887 2478 4643 146
29429 8316 4198 5669 432
29430 7670 5982 7040 6670
29431 7670 6830 7450 5910
29432 7670 6150 7130 6830
29433 8369 6112 7022 6481
29434 8396 6436 7218 6631
29435 8403 5729 5763 977
29436 7865 5825 6483 6382
29437 7614 1781 6267 2534
29438 7615 7104 7368 5208
29439 7965 6239 7245 5567
29440 7983 5535 6966 6465
29441 8266 5755 8042 6313
29442 8205 4270 7980 6681
29443 8253 1893 1309 2961
29444 7965 6219 7191 6239
29445 8041 5405 6855 222
29446 7932 7403 7499 3816
29447 7865 79 4606 4760
29448 7670 6771 7450 5479
29449 7999 2833 7981 7802
29450 7615 5587 7177 5709
29451 7615 390 5587 4331
29452 7614 2104 2114 998
29453 7614 2104 6480 2114
29454 7615 5878 7368 5709
29455 7973 5651 7271 6048
29456 8385 7608 8383 7737
29457 7670 6670 7040 5708
29458 7902 6425 7759 6580
29459 8130 2585 2581 517
29460 7670 6617 6670 5708
29461 8231 471 8037 5244
29462 8250 6490 7373 6257
29463 7786 4604 7688 476
29464 7850 5631 7633 7225
29465 7916 2138 6342 2137
29466 7648 5276 3906 3912
29467 7915 7044 7471 5953
29468 8077 367 2910 4786
29469 7850 6302 7187 5711
29470 8088 5492 7899 7603
29471 7648 5276 3912 5295
29472 7648 5295 7157 2063
29473 8168 4575 6043 2336
29474 8084 6432 8047 6711
29475 8175 5988 7752 6848
29476 7786 476 7688 475
29477 8017 6988 7281 6207
29478 8171 5171 7942 3922
29479 7999 370 5866 4772
29480 8264 6837 7677 5487
29481 7786 6627 7688 4604
29482 8304 1349 1352 3064
29483 8006 6255 6770 5754
29484 8267 6033 6882 6042
29485 8267 6042 7190 5817
29486 7566 5292 7160 5308
29487 7566 3845 7241 5292
29488 7566 5308 3846 5292
29489 7566 5308 7095 3846
29490 7566 5292 3846 3845
29491 7566 3846 7095 3845
29492 7567 1546 6942 6186
29493 7567 1546 6186 1910
29494 7567 1910 3636 1546
29495 7567 1910 6186 3636
29496 8269 4573 7568 2463
29497 8115 6548 6987 6341
29498 8267 5697 6033 5965
29499 8208 7203 7441 7396
29500 8270 466 5195 467
29501 7999 2833 7802 2824
29502 8269 6804 7568 225
29503 8271 5792 6724 6244
29504 8271 6342 6892 5792
29505 8271 6268 8235 7958
29506 7569 5744 6703 5919
29507 7569 3343 5919 1575
29508 7569 3345 3343 1575
29509 7569 5919 6703 1575
29510 7569 1575 6703 3345
29511 7570 3977 3980 241
29512 7570 3977 6484 3980
29513 7570 5412 4011 3993
29514 7570 5412 6297 4011
29515 7570 4011 6297 3993
29516 7570 3980 6484 3994
29517 7570 3994 242 3980
29518 7570 3994 6484 242
29519 7571 3214 3676 1925
29520 7571 3214 6934 3676
29521 7571 3676 6934 1925
29522 7916 563 6965 4399
29523 7571 1395 3185 1404
29524 7571 1395 5591 3185
29525 8319 6081 7237 5783
29526 7916 4148 6342 5918
29527 8269 5606 8041 7860
29528 7572 6399 6479 1091
29529 7572 2283 6399 1091
29530 7572 1091 2287 2283
29531 7572 2299 7064 6655
29532 7572 6655 7064 6479
29533 7572 1452 2299 2287
29534 7572 1091 1103 2287
29535 7572 1091 6479 1103
29536 7572 6479 7064 1452
29537 7572 1452 7064 2299
29538 7572 1103 1452 2287
29539 7572 1103 6479 1452
29540 7958 6244 6892 5849
29541 7958 6350 7328 6152
29542 7573 98 6463 5215
29543 7573 5215 99 98
29544 8417 4494 6930 6676
29545 7598 2593 5967 1203
29546 7634 4680 546 2551
29547 7634 6069 6769 4481
29548 7574 2403 7265 6238
29549 7854 5534 6887 5902
29550 7854 5534 6394 6153
29551 7574 6238 7265 6202
29552 7574 6202 7265 6125
29553 7574 6125 6238 6202
29554 7574 2401 4648 2403
29555 7574 4648 7265 2403
29556 7825 1507 3308 2861
29557 7575 5901 6273 5251
29558 7575 5251 6253 5901
29559 7575 4329 60 5251
29560 7575 60 6253 5251
29561 8203 2737 7576 1205
29562 8272 3150 6293 6272
29563 8272 6098 6272 5907
29564 7738 3654 1555 1378
29565 7702 3694 5707 3691
29566 8404 5623 6787 5496
29567 8356 453 4907 454
29568 8235 2140 6318 6268
29569 8049 4846 84 83
29570 7576 129 6441 2738
29571 7576 2738 4726 129
29572 7576 4726 6750 129
29573 7576 129 6750 6441
29574 7576 2726 6893 1211
29575 7576 1211 1205 2726
29576 7576 1211 6893 1205
29577 7577 176 6883 4201
29578 7577 1863 7153 1232
29579 7577 1232 2785 1863
29580 7577 2765 7153 1863
29581 7577 1863 2785 2765
29582 7577 4459 6641 2765
29583 7577 2765 2785 4459
29584 7579 6420 7144 4093
29585 7579 4093 7144 5580
29586 7580 5563 6349 6030
29587 7580 6349 7315 6030
29588 7825 1506 6545 3307
29589 7825 5601 6849 5957
29590 7825 2861 4664 5058
29591 7825 5957 6849 4884
29592 7582 3008 6907 1329
29593 7582 3616 1535 1324
29594 7582 2997 3617 1324
29595 7582 3616 3008 1535
29596 7582 5517 6058 1536
29597 7582 1536 6058 3465
29598 7582 3465 6058 3616
29599 7582 1324 3465 3616
29600 7582 1536 3465 1324
29601 7582 6058 6290 3616
29602 7582 6058 6907 6290
29603 7582 3617 5517 1536
29604 7582 1324 3617 1536
29605 8319 7237 7541 5783
29606 7582 3616 6290 3008
29607 7582 6290 6907 3008
29608 7584 792 5192 793
29609 7905 1834 6965 5749
29610 7584 3611 5833 1532
29611 7584 1532 3610 3611
29612 7905 1149 5749 2604
29613 7905 1834 5749 1149
29614 7905 5749 6974 2604
29615 7905 5641 6974 5749
29616 7905 2598 7527 1472
29617 7584 1532 6832 6037
29618 7584 6037 6832 5833
29619 7584 5833 6832 1532
29620 7585 189 4534 190
29621 8002 1146 1831 2599
29622 8003 5635 7242 7179
29623 8365 1932 8205 1429
29624 7589 6548 6751 6002
29625 7589 6548 7298 6751
29626 7589 2890 7410 5158
29627 7589 5158 6751 2890
29628 7589 355 6751 5158
29629 7589 6548 7410 7128
29630 7589 7128 7298 6548
29631 7589 7128 7410 7298
29632 7589 7298 7410 2890
29633 7589 6751 7298 2890
29634 7589 6002 6751 6630
29635 7589 6630 6751 355
29636 7590 4558 5059 2843
29637 7590 4558 5574 5059
29638 7590 1254 2843 1256
29639 7590 1254 5574 2829
29640 7590 2829 2843 1254
29641 7590 2829 5574 2843
29642 8002 1831 6099 2599
29643 8003 5635 7179 7066
29644 7590 5059 6250 4819
29645 7590 4819 6250 5880
29646 7590 5541 6525 6447
29647 7590 5541 7187 6525
29648 7652 5716 7603 7179
29649 7591 800 4479 764
29650 7591 800 6134 4479
29651 7591 4479 5675 4635
29652 7591 764 4479 4635
29653 7592 7219 7506 6687
29654 7679 5694 7303 3171
29655 8275 5935 7200 5845
29656 8275 7200 8240 6792
29657 8275 5845 7200 6792
29658 7806 6927 7493 1213
29659 7806 6874 7014 4401
29660 7806 1489 3300 1213
29661 7806 3300 6927 1213
29662 7806 1213 7493 1489
29663 7806 6072 6927 2747
29664 8269 224 4573 223
29665 7641 5506 7557 5501
29666 7596 6489 7316 7033
29667 7824 56 6145 57
29668 7930 1508 3455 1872
29669 7930 7115 7585 5102
29670 7641 6360 7233 7145
29671 7906 6190 7305 761
29672 7842 3473 4273 3200
29673 7595 4358 6561 4769
29674 7595 4769 776 777
29675 7595 775 6047 4818
29676 7595 4818 776 775
29677 7595 4818 6047 6019
29678 7595 4769 777 4358
29679 7595 777 5913 4358
29680 7595 777 776 4961
29681 7595 4818 6019 4961
29682 7595 4961 776 4818
29683 7595 4961 6019 777
29684 7595 777 6019 5913
29685 7596 5931 7385 6489
29686 7596 6212 7385 5931
29687 7596 6489 7385 7316
29688 7596 7316 7385 6212
29689 7597 3424 1748 1745
29690 7597 6235 6930 1745
29691 7597 1745 6930 3424
29692 7598 5967 7493 7023
29693 7598 7023 7493 5936
29694 7854 5902 6887 2440
29695 7854 4487 3410 2440
29696 7598 5967 7023 5562
29697 7598 5562 7023 6557
29698 7598 6557 7023 5936
29699 7600 6107 7353 6666
29700 7973 7169 7946 7266
29701 7600 5665 7106 6107
29702 7600 5665 7353 7106
29703 7600 7106 7353 6107
29704 7601 2316 6354 4242
29705 7601 4242 6354 6248
29706 7601 5471 6061 1820
29707 7601 5471 6417 6061
29708 7601 1127 6354 2316
29709 7601 1127 7215 6354
29710 7601 1115 1127 2316
29711 7601 1115 7215 1127
29712 7601 6061 6417 5731
29713 7601 5731 6240 6061
29714 7601 5731 6580 6248
29715 7601 5731 6996 6580
29716 8278 4107 8025 7307
29717 7603 5716 6204 5605
29718 8098 6228 7055 6310
29719 8276 3148 4922 440
29720 8277 5214 2038 2048
29721 7950 3148 3151 1381
29722 8025 6034 7307 259
29723 8137 3558 6893 4391
29724 8276 6092 7300 6513
29725 8277 2048 7602 7524
29726 8277 3349 7524 1577
29727 8276 7300 7349 441
29728 8276 4922 7300 441
29729 8162 5495 6949 6370
29730 7950 1381 5836 1379
29731 7950 3148 7349 3151
29732 8020 4360 7618 5949
29733 8009 7908 7939 7228
29734 7682 5821 6022 5853
29735 8264 7677 7998 5487
29736 7656 5979 7156 6181
29737 7656 917 2041 5447
29738 7656 2054 5447 2037
29739 7656 2041 7156 5447
29740 7696 5685 7008 6943
29741 7696 5634 7399 6608
29742 7606 5185 6741 3536
29743 7606 5992 7110 6677
29744 7606 6677 6919 5992
29745 7606 2636 6919 4566
29746 7606 2637 2636 4566
29747 7606 1838 2636 2637
29748 7606 1838 6027 2636
29749 7606 4566 6919 252
29750 7606 252 3537 4566
29751 7606 3537 3536 1480
29752 7606 3536 6741 1480
29753 7606 1480 6741 6082
29754 7606 1838 6082 6027
29755 7606 1480 6082 1164
29756 7606 2637 1480 1164
29757 7606 2637 1164 1838
29758 7606 1164 6082 1838
29759 7607 5198 4217 611
29760 7607 5198 7264 4217
29761 7607 612 6970 6023
29762 7607 4191 6970 612
29763 7609 2574 7145 3531
29764 7609 3531 7145 1476
29765 7609 1476 1161 2406
29766 7609 1476 7145 1161
29767 7816 6858 7712 6027
29768 8330 5482 7622 6945
29769 8093 2895 8081 2894
29770 7609 1161 3204 2406
29771 7609 1161 6551 3204
29772 7609 3204 6551 2406
29773 7816 6455 7699 6941
29774 7816 6027 7440 7110
29775 7740 256 4106 4105
29776 7702 3693 1631 1630
29777 7952 7308 7763 6607
29778 7952 5842 7900 7709
29779 7952 7308 7680 7165
29780 7806 6874 7493 5936
29781 7712 1473 2611 1152
29782 7611 5911 7158 5484
29783 7611 6428 6821 5990
29784 7685 7284 7448 7297
29785 7685 6944 7497 6816
29786 7611 5911 7117 5546
29787 7611 5546 6821 5911
29788 7611 5546 7117 6821
29789 7725 2222 6053 2221
29790 7612 3123 1372 3121
29791 7612 1372 5888 3121
29792 7612 837 3121 3032
29793 7612 4741 7538 6085
29794 7612 6085 7538 5888
29795 7612 3032 4741 837
29796 7612 5888 7538 3032
29797 7612 3032 7538 4741
29798 7612 837 7282 6085
29799 7612 6085 7282 4741
29800 7612 4741 7282 837
29801 7613 5350 7306 5361
29802 7613 3892 5350 5361
29803 7613 5361 5358 3885
29804 7613 5361 7306 5358
29805 7613 5358 5776 3885
29806 7613 5358 7306 5776
29807 7613 5776 7389 6973
29808 7613 5635 7389 5776
29809 7613 5776 7306 5635
29810 7613 6973 7093 5868
29811 7613 6973 7389 7093
29812 7613 5868 7093 5635
29813 7613 7093 7389 5635
29814 8420 6997 8149 3284
29815 8280 346 5381 347
29816 7850 6238 6802 5880
29817 8407 8331 8340 5987
29818 7727 3201 1401 3665
29819 8294 5631 7850 6302
29820 7730 5839 7007 6049
29821 7727 5268 7537 4275
29822 7727 4275 7537 3201
29823 8362 6987 7589 6002
29824 8161 6504 7198 6840
29825 8397 5639 7680 7113
29826 7724 2801 5942 5928
29827 7727 4372 424 3293
29828 7727 1396 6831 3188
29829 7726 1480 6741 3536
29830 7727 3188 3293 1396
29831 7723 2202 6688 2203
29832 7727 4372 7514 6872
29833 8029 6666 7356 5559
29834 7723 1581 1580 2202
29835 8362 3940 7192 5370
29836 7673 6898 7453 5734
29837 7723 1580 6468 2202
29838 7721 7176 7718 6823
29839 7727 3188 7514 4372
29840 7727 3201 5629 1401
29841 7722 273 6248 274
29842 7727 5927 7689 7537
29843 7724 3574 1865 2800
29844 7787 6153 6878 5534
29845 7724 3574 6968 1865
29846 8296 5850 7784 6743
29847 8252 7411 8210 5498
29848 8018 1782 986 2544
29849 7964 7060 7284 6725
29850 7941 6980 7935 7080
29851 8016 5615 7177 5554
29852 7967 3051 6186 3091
29853 7889 5930 7396 5596
29854 7865 4697 80 81
29855 7865 4699 6643 6232
29856 7865 6080 6643 81
29857 7865 4699 6232 78
29858 7867 2776 1497 2760
29859 7865 2675 7251 4760
29860 8341 4775 7646 2057
29861 8043 1780 982 2290
29862 8033 4451 395 2952
29863 8208 7127 7384 7097
29864 7929 5542 7372 5886
29865 7757 6941 7638 7543
29866 7757 7426 7638 6941
29867 7757 5653 7518 6588
29868 7991 4120 7773 7488
29869 7991 4116 7818 7773
29870 7865 4697 79 80
29871 7872 7559 7706 6286
29872 8263 7873 8261 6810
29873 7889 5596 7396 5746
29874 7865 6483 7251 6382
29875 7865 81 80 4553
29876 7865 4697 4699 79
29877 7865 4697 6643 4699
29878 7939 1222 6597 2769
29879 7939 3565 6853 6173
29880 7870 4241 7546 4917
29881 7865 4606 7251 2675
29882 7865 78 6382 4606
29883 8063 6606 7598 5967
29884 7757 6321 7643 5653
29885 7757 6777 7638 5633
29886 7757 6941 7643 6321
29887 7851 5891 6634 6460
29888 7990 5721 6442 5777
29889 7757 7543 7638 6777
29890 7757 6588 7518 6941
29891 7991 7488 7818 5508
29892 7865 6080 6483 5825
29893 7865 81 6643 4697
29894 7941 7799 7877 6198
29895 7941 6176 6222 6198
29896 7941 5629 7080 5602
29897 7941 6222 6980 6198
29898 7870 4917 7140 4241
29899 8199 536 537 3532
29900 8293 5883 6601 3967
29901 7887 4560 7287 4740
29902 8374 1052 8150 1054
29903 8120 4683 6443 6141
29904 7865 79 78 4606
29905 8126 7199 7675 7533
29906 7867 2776 2760 5139
29907 7865 4760 7251 6483
29908 7865 4553 6080 81
29909 7865 4553 6483 6080
29910 5 2057 4775 5100
29911 8126 6192 7199 6622
29912 7922 5804 6543 3529
29913 8026 7232 7588 6844
29914 7878 1911 5914 1355
29915 7873 5408 3992 4011
29916 8263 5790 7886 4350
29917 7969 5752 7628 6054
29918 7742 1961 3708 3710
29919 8334 7609 7739 5506
29920 7757 7168 7543 6777
29921 7851 4660 6460 3223
29922 8088 5492 7603 6280
29923 7941 5602 6875 5960
29924 8263 6810 8261 5722
29925 8022 7641 7864 6226
29926 7887 4740 6456 4560
29927 8064 3762 7979 6474
29928 7865 6382 7251 4606
29929 8126 6622 7533 6364
29930 8243 5800 7226 6836
29931 7961 5538 7483 6889
29932 7932 3816 5294 3814
29933 8258 7142 7987 5526
29934 8193 683 7858 682
29935 8252 7402 7823 5819
29936 7757 5680 7543 7168
29937 7757 5653 7643 7518
29938 7941 6176 7877 5815
29939 7941 5815 7400 6875
29940 7887 4643 6846 148
29941 8263 5790 7873 6810
29942 7953 6469 7825 1507
29943 7953 1264 1507 2861
29944 8263 240 4983 2582
29945 8263 2582 8261 5119
29946 7888 5399 5839 3995
29947 7888 3995 5398 5399
29948 7901 4807 6675 2264
29949 7906 3759 7189 3729
29950 8263 7886 8261 2582
29951 7910 3739 4409 3757
29952 8015 4530 7999 2824
29953 7906 5367 6499 763
29954 7873 4011 6297 5412
29955 7870 4241 7140 6122
29956 7877 6176 6733 6453
29957 7873 238 6402 5418
29958 7964 5761 7453 7060
29959 8031 4986 166 167
29960 8089 5792 7898 5934
29961 8263 4350 7886 4983
29962 8179 5753 7135 6550
29963 7793 4602 6087 2203
29964 8162 6375 7788 6591
29965 8227 959 2002 965
29966 7963 952 5435 5445
29967 8019 1637 7742 5605
29968 8263 241 5790 4350
29969 8215 5869 8013 6362
29970 8263 241 4350 4983
29971 8261 2554 238 5119
29972 7873 5412 5408 4011
29973 7873 5412 240 5408
29974 7873 238 6810 6402
29975 8022 6717 7641 5506
29976 8120 494 6809 495
29977 7870 6662 7163 4678
29978 7742 5599 7137 1637
29979 7742 4992 6025 5716
29980 7903 1598 2308 1657
29981 8215 5492 7230 6362
29982 7887 4643 148 147
29983 7890 5907 7559 4037
29984 8290 6420 7872 6270
29985 7939 1224 6853 3565
29986 8167 445 6035 4824
29987 8249 1200 7452 7107
29988 8042 5853 6022 5710
29989 7901 2453 971 2264
29990 7906 5889 7189 3759
29991 7901 2453 7463 971
29992 7964 6749 7060 6725
29993 7964 7453 7960 7673
29994 7992 4278 7085 3755
29995 8308 6538 7809 6028
29996 8074 5506 7739 5929
29997 7876 6353 6554 3067
29998 7903 2308 6328 2236
29999 7906 5810 6190 5143
30000 8329 6717 8069 6254
30001 7961 5634 6608 5944
30002 7793 4602 5941 2204
30003 8120 6443 7707 6141
30004 7877 6453 7358 5768
30005 7941 6198 6980 5629
30006 8216 5805 7130 6541
30007 7932 875 5294 2034
30008 7873 6402 6644 5418
30009 7901 2273 2276 974
30010 7906 5143 7189 5810
30011 8104 7155 8012 6020
30012 8151 1566 3673 3674
30013 7966 4636 6909 5903
30014 7793 6087 6688 2203
30015 7969 4135 4150 551
30016 7793 586 4602 4615
30017 8193 5758 7939 7228
30018 7941 7842 7935 7054
30019 7969 2564 5956 2557
30020 7976 3959 5385 3958
30021 8375 5863 7451 6990
30022 7941 7400 7799 5602
30023 7941 5960 7400 5602
30024 8149 1124 7059 3393
30025 7969 550 4137 549
30026 8263 5722 7886 5790
30027 8201 6971 7774 6395
30028 7876 5814 6554 6353
30029 8218 6111 8119 5545
30030 7870 4678 7163 7140
30031 7878 3082 1357 1911
30032 8020 5040 4360 2897
30033 7966 2617 300 299
30034 8262 1350 3067 1344
30035 8263 240 8261 7873
30036 7873 4011 7705 6297
30037 8262 1350 7876 3067
30038 8261 5119 2582 3513
30039 8202 6923 7728 6109
30040 8138 6566 7697 6598
30041 8299 7460 7844 6024
30042 8010 7641 7994 6994
30043 8295 5529 7833 7401
30044 8087 3806 651 3782
30045 7844 844 845 3828
30046 7844 7364 7691 844
30047 8252 6074 7031 5498
30048 7986 7196 7636 6312
30049 8424 2392 6933 2394
30050 8268 527 6974 526
30051 7844 3829 6024 3828
30052 8036 6561 6781 5718
30053 8005 5064 6150 5708
30054 7982 5642 6336 5843
30055 8006 1451 7635 1812
30056 7768 57 6205 4957
30057 8072 1747 7855 1758
30058 7844 847 3833 3830
30059 8380 5992 6919 6856
30060 8007 1833 2595 3407
30061 8005 2821 5708 1869
30062 7962 7759 7902 2099
30063 8195 4987 6066 3586
30064 7986 2656 6767 110
30065 8267 5893 7190 6882
30066 7988 6451 7345 5494
30067 7825 5601 6545 6469
30068 7825 5058 6849 5778
30069 8107 4028 7838 920
30070 8222 607 608 5281
30071 8114 2040 5439 4072
30072 8110 5633 6252 5784
30073 8223 5597 6978 5567
30074 8369 6668 8079 7946
30075 7906 763 6300 5239
30076 8204 6127 6579 5791
30077 8102 5922 6744 6381
30078 8096 5795 6143 3295
30079 7982 6336 6461 5843
30080 7982 6852 7259 6336
30081 7962 5054 7601 6248
30082 8010 5637 6978 6208
30083 7789 5667 6423 5976
30084 7690 6259 6649 5833
30085 8110 5633 7740 6252
30086 8213 2365 2492 1015
30087 8105 5687 7547 6729
30088 8218 6865 8119 6111
30089 8311 1168 7830 1148
30090 8164 5988 6454 6347
30091 8164 5772 7695 5979
30092 7789 6423 6834 5976
30093 8038 3041 6477 6449
30094 8218 7657 8112 7212
30095 8202 5533 7827 7203
30096 7690 6118 7421 5607
30097 7690 5920 7421 6118
30098 8107 920 4019 4028
30099 8018 6170 7488 5508
30100 7982 6889 7483 7259
30101 8316 3211 6914 4198
30102 8410 6098 8392 5892
30103 8116 969 957 5452
30104 8108 6549 6672 6101
30105 7893 7387 7850 7187
30106 8225 6469 7953 5854
30107 7827 6730 7061 5533
30108 7823 2259 5468 4219
30109 7823 2558 4412 2306
30110 7823 5819 7402 4219
30111 7823 3385 7031 2306
30112 8040 3492 4299 533
30113 7961 7147 7483 5538
30114 7958 6350 7672 7290
30115 7958 7045 7672 6939
30116 8199 3532 537 3533
30117 7824 5901 7581 6273
30118 8000 1604 6431 1603
30119 7861 5777 6969 6210
30120 7861 6416 7311 6316
30121 8414 2625 2384 1159
30122 8032 3174 7248 3181
30123 7687 1749 6752 3983
30124 7687 3983 4003 1749
30125 7687 1985 6235 1749
30126 7687 1749 4003 1985
30127 7688 1070 6627 6166
30128 7688 2494 6627 1085
30129 7688 1085 6627 1070
30130 7688 1070 2494 1085
30131 7787 6105 6153 5534
30132 7688 4604 475 476
30133 8055 3542 3543 1483
30134 7787 7299 7586 6878
30135 8203 1205 1487 2737
30136 7689 6702 7666 5523
30137 7689 5523 7666 5611
30138 7689 5611 6702 5523
30139 7689 5611 7666 6198
30140 7689 6198 7666 5629
30141 7689 3201 4274 3205
30142 7689 3205 4274 3667
30143 7689 3201 7080 5629
30144 7689 3205 7080 3201
30145 7689 6980 7080 3667
30146 7689 3667 7080 3205
30147 7690 6118 6907 5920
30148 7789 5976 6708 5667
30149 7790 5925 6747 2174
30150 7790 5813 7001 5925
30151 7691 4834 6554 4833
30152 7691 4833 845 4834
30153 7691 4833 6554 845
30154 7691 843 6921 4924
30155 7691 4924 4529 843
30156 7997 5838 7995 5701
30157 7845 5556 6213 5912
30158 7845 5556 7171 6213
30159 7845 6639 7171 5556
30160 7691 6434 6902 3061
30161 7691 3061 6902 4834
30162 7691 4834 6902 6554
30163 7691 6554 6902 6434
30164 7692 4332 414 5114
30165 7692 415 414 4332
30166 7692 415 5860 414
30167 7692 5114 6764 6156
30168 7692 1530 5912 3321
30169 7692 3321 3070 1530
30170 7692 6824 7650 2988
30171 7692 3070 6378 1530
30172 7692 1530 6378 5912
30173 7692 6378 7650 6824
30174 7692 6156 6824 5114
30175 7692 5114 6824 2988
30176 7692 5114 2988 4332
30177 7692 2988 7650 1318
30178 7692 3070 2988 1318
30179 7692 1318 6378 3070
30180 7692 1318 7650 6378
30181 8165 544 7918 543
30182 7695 7156 7656 5979
30183 7695 5447 5436 4088
30184 7695 5447 7156 5436
30185 7695 4065 5670 4059
30186 7695 5670 5772 4059
30187 8165 3393 5799 3505
30188 8165 5799 7918 4590
30189 8165 3505 5799 4590
30190 8165 5240 3505 544
30191 7695 5447 7656 7156
30192 7697 4323 2984 170
30193 7697 172 6566 3030
30194 7697 3030 3615 172
30195 7697 171 6430 172
30196 7697 4323 171 172
30197 8003 7761 7871 6664
30198 8003 7066 7761 6664
30199 8049 4294 85 84
30200 7966 4582 7783 6369
30201 8361 8249 8341 6501
30202 8268 5113 8251 6115
30203 7699 5586 7207 5986
30204 7699 5986 6895 5586
30205 8340 3569 1227 2779
30206 8299 5655 7423 6024
30207 7701 5581 6937 5481
30208 7701 5481 6791 5581
30209 7701 5481 6937 6603
30210 7701 6603 6791 5481
30211 7806 5936 6927 6072
30212 7990 5777 7861 5721
30213 7852 5574 6302 5711
30214 7852 189 188 4798
30215 7702 3692 3693 1630
30216 7702 5875 6663 3696
30217 7702 3695 5875 3696
30218 7702 3696 1632 3695
30219 7702 3696 6663 1632
30220 7702 3692 6325 4610
30221 7702 4610 3693 3692
30222 7702 1957 3692 1630
30223 7702 1957 6325 3692
30224 7704 696 2248 695
30225 7704 695 2248 2247
30226 8288 5586 7699 6895
30227 8288 7034 7081 6926
30228 8288 6455 7207 7081
30229 8288 6367 7530 7034
30230 8288 6895 7699 6367
30231 8288 7081 7207 6926
30232 8288 6926 7207 7034
30233 8288 6367 7034 6895
30234 8288 7034 7207 5586
30235 8288 6895 7034 5586
30236 8288 7034 7530 5608
30237 8300 5726 7078 6798
30238 7705 4011 3992 1766
30239 7874 6314 6350 5621
30240 8192 2055 5446 915
30241 8160 5834 6016 4266
30242 8160 4266 6471 5834
30243 8160 4266 7291 6471
30244 7705 1766 7296 1767
30245 7705 1767 7296 4011
30246 7705 4011 1766 1767
30247 7705 1764 6450 2425
30248 7705 6450 6575 2425
30249 7874 6543 7837 6308
30250 7874 5504 7290 6350
30251 7874 5668 7290 6543
30252 8321 5544 7928 6260
30253 7707 5632 7532 5977
30254 7707 5977 7532 5767
30255 7707 6443 6809 5632
30256 7707 5859 6295 5632
30257 7707 5859 6443 6295
30258 7707 6295 6443 5632
30259 7707 5767 7532 6809
30260 7707 6809 7532 5632
30261 7708 5648 7629 6940
30262 7708 4623 6178 5786
30263 7708 4623 6940 6178
30264 7708 6178 6940 5786
30265 7708 1194 6225 2702
30266 7708 2702 6225 5648
30267 7708 6225 7629 5648
30268 7709 350 6607 6310
30269 7709 6310 6607 5842
30270 7710 6925 7581 7123
30271 7710 5892 6925 5942
30272 7710 5942 6845 5892
30273 7936 3937 6612 3931
30274 7811 339 4745 5383
30275 7711 6457 6852 6331
30276 7711 5886 6331 5542
30277 8316 6176 8185 5669
30278 7711 6331 7447 6457
30279 7711 6457 7447 5813
30280 7711 5544 6727 6400
30281 7711 6400 6727 6331
30282 7711 5813 7447 6727
30283 7711 6727 7447 6331
30284 7711 5886 6400 6331
30285 7711 5544 6400 5886
30286 7712 1478 2644 2636
30287 7713 6347 7695 4084
30288 7713 4084 7695 5772
30289 7713 5772 6862 4059
30290 7713 4059 6862 5438
30291 7713 5438 6913 913
30292 7713 913 6789 5438
30293 7713 913 6913 6789
30294 7713 4084 5772 4059
30295 7713 5438 4084 4059
30296 7714 6370 7489 5495
30297 7714 7295 7554 5757
30298 7714 7004 7295 5757
30299 7714 5757 7554 7038
30300 7714 6370 6857 5500
30301 7714 6370 7295 6857
30302 7714 5500 7178 6370
30303 7714 5500 7489 7178
30304 7714 7178 7489 6370
30305 7715 4488 2276 2273
30306 7715 4488 6675 2276
30307 8128 6067 7180 6503
30308 8128 2647 6503 1212
30309 7816 6941 7518 6588
30310 8290 4087 942 954
30311 8128 6411 6503 2647
30312 7816 5773 7440 6027
30313 7816 5773 5787 5565
30314 7816 6588 7518 5787
30315 7816 6858 6941 6588
30316 7816 7440 7699 6455
30317 8308 5715 8040 7809
30318 7969 4150 7628 4137
30319 7969 5752 6916 6169
30320 8287 6431 7704 6102
30321 7968 6389 7430 5697
30322 7718 6154 6992 6712
30323 8238 5776 7306 5358
30324 8238 5358 6829 5776
30325 8238 5358 7306 749
30326 7719 730 729 3785
30327 7719 729 5822 3785
30328 7719 5822 6910 6421
30329 7719 6421 6910 730
30330 7719 729 6910 5822
30331 7719 730 6910 729
30332 7720 1584 2208 2209
30333 7720 1584 6119 2208
30334 7720 2208 5941 4601
30335 7720 2208 6119 5941
30336 8258 6730 7142 5526
30337 7939 1224 3565 1495
30338 8039 514 6799 5569
30339 7959 769 6678 6398
30340 7952 6310 6607 6341
30341 7992 3755 1674 3725
30342 8327 3391 6223 3392
30343 8385 6311 7954 5969
30344 7995 5838 6274 5701
30345 8026 5486 7754 7232
30346 7995 5838 7529 6274
30347 8025 6252 7307 6034
30348 8001 5557 7039 2869
30349 8000 3784 1602 3785
30350 8000 1603 7719 3785
30351 8000 3784 7326 1602
30352 7996 1902 6742 1327
30353 8090 1791 2234 1014
30354 8208 6763 7441 5541
30355 8001 2841 5557 2869
30356 8000 2245 2244 1603
30357 8124 6177 7160 4295
30358 8029 5630 6227 5765
30359 8299 6117 7844 7460
30360 7861 5642 7086 6210
30361 8000 5686 7882 6569
30362 7861 5843 7311 5735
30363 8169 769 6497 3694
30364 8274 5089 7593 640
30365 8277 2048 7524 4301
30366 7861 5735 5851 5843
30367 8175 6848 7752 5781
30368 8017 7673 7964 6198
30369 7964 5761 7960 7453
30370 8274 640 7409 4385
30371 7940 7299 7586 7534
30372 8337 5566 6933 5847
30373 8290 5449 6884 5591
30374 8274 7409 7593 6531
30375 8325 5624 6570 6223
30376 7995 5701 6274 6195
30377 7995 5529 7754 5499
30378 8291 5499 7387 6292
30379 8420 5132 542 541
30380 8168 4684 4575 2336
30381 7995 5529 7529 7505
30382 8306 6790 7336 6030
30383 8288 6912 7209 6941
30384 8274 4385 7409 6531
30385 7858 6615 6716 5758
30386 7857 2445 6699 5175
30387 7857 5175 6699 2435
30388 7995 5547 7529 5838
30389 7996 1327 6742 3002
30390 8274 4385 6531 2766
30391 7996 3002 3014 1327
30392 8299 5655 7752 7423
30393 8331 4457 2779 650
30394 7995 5499 6195 5529
30395 8362 7192 8357 6228
30396 8320 5551 5827 5723
30397 8304 3062 6060 5821
30398 8348 611 7607 4217
30399 8362 6228 6987 6002
30400 8286 6208 7375 5526
30401 8347 6264 7310 5948
30402 8286 5526 7965 6843
30403 8286 5526 6843 6208
30404 8286 7141 8212 6174
30405 8286 5526 7375 6174
30406 8362 3940 8357 7192
30407 8194 6375 8162 6949
30408 8286 5637 6994 6208
30409 8286 6871 7141 6174
30410 8286 6174 7965 5526
30411 8286 6871 6994 5637
30412 8286 5637 8212 7141
30413 8212 2671 4720 4711
30414 8286 7965 8212 5637
30415 8286 6174 8212 7965
30416 8306 5850 8131 6337
30417 7747 4186 7001 6615
30418 7747 6276 7001 1804
30419 7747 2193 6276 1804
30420 7747 1804 7001 2194
30421 7747 2194 2193 1804
30422 8020 6679 7293 5949
30423 8298 6677 7750 5185
30424 7749 5841 7214 6763
30425 7749 5491 7214 5841
30426 7749 5491 7556 7214
30427 7749 7214 7556 6802
30428 7749 6802 7556 5491
30429 8298 5185 7750 2470
30430 8298 2470 6741 5185
30431 8298 5185 6741 6677
30432 7751 4791 6445 4493
30433 7751 6050 7476 6031
30434 7751 2578 4785 4791
30435 8293 5780 7782 6601
30436 7751 2578 1186 2682
30437 7751 6031 6445 4791
30438 7751 6031 7476 6445
30439 7751 4785 6031 4791
30440 7751 4785 6050 6031
30441 7751 2682 4785 2578
30442 7751 2682 6050 4785
30443 8102 5899 7346 5922
30444 8383 6194 7430 7362
30445 7780 5088 6624 4687
30446 7996 3002 7836 3014
30447 8299 7752 7844 6117
30448 7786 5082 7021 4603
30449 7786 5082 7721 7021
30450 7786 476 4603 4604
30451 7784 3157 410 4538
30452 7781 5467 419 4828
30453 7855 6212 6804 5410
30454 7822 1754 2414 2413
30455 7919 4317 6555 5188
30456 7949 5913 6047 6019
30457 7961 6045 7525 5681
30458 8005 4816 2823 2815
30459 7784 4928 3658 3657
30460 7780 5950 7186 6624
30461 7780 4687 7186 2311
30462 7781 419 4355 5034
30463 7850 5486 6802 6578
30464 8338 6075 7657 6918
30465 7969 4137 7628 6001
30466 8297 6180 7746 7304
30467 7786 4603 7021 6627
30468 7782 6617 7484 335
30469 7782 335 7484 5389
30470 7855 5416 6212 5410
30471 8248 6170 8018 7383
30472 7929 7259 7512 6377
30473 7832 6038 6657 5730
30474 8005 4816 5064 2823
30475 8015 2813 6348 6136
30476 7786 6627 7721 6193
30477 7784 410 6444 4538
30478 7780 6624 7186 4687
30479 8039 6799 7920 5569
30480 7977 4401 6874 3301
30481 8073 3488 7937 5249
30482 8078 1041 2165 2163
30483 8216 6541 7070 5805
30484 8157 2084 7058 2085
30485 7832 6245 7193 5730
30486 7829 486 4277 485
30487 7852 4534 7585 189
30488 7854 582 6887 6215
30489 7780 2311 2313 1110
30490 8084 6246 7004 5522
30491 8000 3785 7719 5822
30492 7979 3042 784 785
30493 8178 6762 7429 7126
30494 7855 5488 6212 5978
30495 7929 6565 7372 5542
30496 8326 2342 309 2345
30497 7990 7435 7861 5925
30498 7829 485 484 4267
30499 7852 188 187 4803
30500 7781 419 6062 4355
30501 8379 5675 6646 6278
30502 8203 1205 7238 1487
30503 7823 321 6075 5819
30504 7827 6967 7610 7562
30505 7784 410 6596 6444
30506 8294 7232 7850 7633
30507 8294 5631 6302 6282
30508 7780 2313 5950 1110
30509 7781 3040 4828 3464
30510 7780 5950 7100 1110
30511 8018 2107 2082 1782
30512 7992 3756 1964 3755
30513 8293 3967 5388 3950
30514 7904 794 5833 793
30515 8024 5690 6301 5660
30516 8272 6722 7975 5907
30517 8224 5718 7949 6792
30518 7974 1718 7252 6628
30519 8090 1791 6342 1016
30520 7828 6990 7358 6012
30521 7823 6074 7378 322
30522 8338 7003 8008 6918
30523 8161 5779 7198 6504
30524 7912 3832 5288 5293
30525 8203 3550 8028 6750
30526 7852 188 5574 187
30527 8280 6386 6986 6612
30528 7964 6988 7284 6898
30529 8015 6136 6348 5774
30530 7830 6476 6514 6452
30531 7824 5942 6145 56
30532 7832 1098 5961 5933
30533 7904 5192 4230 793
30534 8354 1336 1534 3615
30535 7913 6879 7604 5732
30536 7852 2871 7585 4798
30537 7833 5978 7647 6343
30538 7833 6343 7647 6195
30539 8400 6183 7903 6269
30540 7856 2463 2484 4975
30541 7830 6476 6583 6514
30542 7829 487 7334 4973
30543 8011 4608 6482 2957
30544 7994 5694 6695 5597
30545 7906 5810 7507 6190
30546 7917 6811 6968 5980
30547 8004 7661 7775 6110
30548 8043 5521 6425 6277
30549 7842 5197 4373 465
30550 8127 2092 7815 6358
30551 7829 487 4973 486
30552 7832 3480 7193 4433
30553 8009 6262 6977 6853
30554 8279 6309 7382 6722
30555 8074 5929 7739 6465
30556 7842 465 6875 5197
30557 7853 5936 7598 6591
30558 8287 694 5856 695
30559 7980 5018 3256 3246
30560 8208 6007 6763 5596
30561 8125 5657 6915 5688
30562 7986 2657 7517 6767
30563 7853 6557 7598 5936
30564 8000 6102 7882 5686
30565 7853 5936 6591 6557
30566 8005 2823 1869 1250
30567 8013 6278 7745 6956
30568 8080 3233 3240 1419
30569 7910 4213 6649 796
30570 8404 5623 7545 6787
30571 8285 6347 6454 2022
30572 8301 7178 7755 5759
30573 8174 259 7357 2249
30574 8300 5550 7078 5726
30575 8035 1715 7974 3910
30576 8303 7178 8301 7202
30577 8020 6552 7377 7293
30578 8005 2823 5064 2821
30579 8264 7232 7998 6392
30580 8183 5926 6781 5718
30581 8183 5718 6836 6561
30582 8183 6561 7595 6047
30583 8296 1557 6743 1920
30584 8356 4677 7322 5795
30585 8226 163 5048 162
30586 8302 7137 7742 5599
30587 8400 1947 7755 7102
30588 8172 5387 342 3954
30589 8172 3954 342 3953
30590 8172 342 7767 3953
30591 8186 1246 8005 6613
30592 8375 3674 435 4517
30593 8172 5571 7173 1969
30594 8172 5560 7173 5571
30595 8381 5896 6803 6060
30596 8183 6047 6345 5718
30597 8183 774 3020 4768
30598 7909 4474 7352 5237
30599 8183 6345 7185 5718
30600 8183 6064 6836 6781
30601 8183 4939 6836 3020
30602 8226 2983 4360 162
30603 8175 6454 7301 6000
30604 8172 343 7659 6849
30605 8384 6676 7746 4434
30606 8172 1969 7173 3954
30607 8185 3332 5123 3671
30608 8359 3344 8006 2303
30609 8183 4476 774 4768
30610 8206 5712 7256 5947
30611 7901 2264 6675 291
30612 8183 4768 3020 2936
30613 8183 4939 7595 6836
30614 8226 5048 2906 3595
30615 8226 163 6492 5048
30616 8218 5788 8057 7212
30617 8219 1481 6761 3538
30618 8172 7173 7659 3965
30619 8183 3020 6836 6064
30620 8183 6836 7595 6561
30621 8185 1411 3671 1926
30622 8195 2867 5948 4987
30623 8200 5759 7834 6559
30624 8222 6301 6672 6549
30625 8004 2186 7661 4180
30626 8008 5493 7309 7003
30627 7803 5794 7648 5823
30628 8319 7297 7541 6224
30629 8201 4968 6356 4836
30630 8036 6915 7275 5657
30631 8381 5821 6353 4935
30632 7786 6193 7405 6627
30633 8145 3687 1629 3738
30634 8172 3953 7767 5571
30635 8172 3954 7173 3965
30636 7986 110 6767 4510
30637 8183 5718 6561 6047
30638 8185 5669 8151 5123
30639 8186 4821 8005 2815
30640 8303 6183 7755 7178
30641 8285 6347 8164 6454
30642 8023 7564 7707 6493
30643 8188 4203 7202 649
30644 8206 7027 7381 5928
30645 8186 2815 8005 1246
30646 8128 6851 7180 6067
30647 8121 4420 6817 5797
30648 8292 5331 5165 3919
30649 8248 5984 7005 6170
30650 8083 5509 7085 7016
30651 8083 5810 7388 3726
30652 8175 5781 7752 6117
30653 8225 2849 7587 1873
30654 7844 6117 7752 5781
30655 8172 5387 3954 3965
30656 8172 3965 7659 5387
30657 8173 3920 7619 6937
30658 8185 5123 8151 3671
30659 7986 4794 7196 6871
30660 8183 6064 7185 2939
30661 8186 6536 8005 4821
30662 8186 5915 6536 4821
30663 8173 5940 7619 3920
30664 8344 249 8230 8091
30665 7986 6871 7517 2657
30666 7907 3526 5226 3413
30667 7907 6049 7474 5174
30668 7907 3413 7260 3526
30669 8186 5915 7130 6536
30670 8185 1926 6453 1411
30671 8183 2936 6064 4768
30672 8195 1509 6066 1875
30673 8118 3446 7227 689
30674 8120 5767 6638 6141
30675 8121 4196 4420 2341
30676 7907 3407 7778 6221
30677 8292 5331 4063 5435
30678 8304 1343 3062 1349
30679 8008 5756 7129 7050
30680 8034 5703 7073 6549
30681 8001 5993 7698 5543
30682 8064 6784 7111 4792
30683 8249 2682 7751 1186
30684 8225 1873 7587 6564
30685 7844 847 3830 846
30686 7893 7127 7203 5541
30687 7844 6024 7460 7364
30688 7847 4180 7548 668
30689 7849 5739 6805 5666
30690 8186 2808 5915 4527
30691 8296 6743 7784 3657
30692 8297 6202 7026 6447
30693 8183 3020 6064 2936
30694 8185 3671 1565 3332
30695 7986 111 2657 110
30696 7986 6871 7196 6312
30697 7907 7260 7778 2577
30698 7907 245 6049 5174
30699 7907 247 248 5226
30700 8118 7479 7867 6774
30701 7907 3407 6221 245
30702 8259 5583 7105 6773
30703 8122 1711 1709 3823
30704 7907 2577 7778 3407
30705 7907 5773 7778 7260
30706 7907 5773 7502 6049
30707 7907 245 6221 6049
30708 8225 1264 2861 2849
30709 8387 2244 1604 1603
30710 8270 5815 6164 5905
30711 8008 5826 6056 5756
30712 8244 5689 6143 5536
30713 8292 5165 3920 3919
30714 8183 6047 7595 4939
30715 8183 4476 6047 774
30716 8183 4939 3020 774
30717 8173 6937 7619 5940
30718 8195 2867 3586 1875
30719 8188 2777 5963 4428
30720 8118 689 5230 3446
30721 7907 5174 7474 247
30722 8118 5139 7867 2760
30723 8122 6820 7971 3823
30724 8123 5714 7650 6395
30725 8121 139 5149 2791
30726 8225 2861 7953 7825
30727 8036 5913 7200 5688
30728 8118 6366 6839 6178
30729 7849 5666 6805 6120
30730 7850 7187 7387 6351
30731 7849 6120 6805 830
30732 8175 7167 7912 6117
30733 8222 609 6672 608
30734 8195 5948 7308 6066
30735 7986 4508 7196 4761
30736 7907 6049 6221 5773
30737 8118 6068 7479 6774
30738 7907 5174 3526 2577
30739 8123 1316 2978 1896
30740 8121 5149 6966 2791
30741 8280 6386 7936 5372
30742 8257 7525 7696 5816
30743 8118 6532 7479 5576
30744 8118 6178 6839 5786
30745 8120 5072 6638 493
30746 8118 5230 6839 688
30747 8118 5786 6532 5576
30748 8225 2849 1873 1264
30749 8118 4586 7103 5139
30750 8118 6532 7867 7479
30751 8118 688 7103 4586
30752 8118 2715 4586 2760
30753 8118 6068 6366 5576
30754 8118 2760 7867 7286
30755 8118 689 7227 2783
30756 8118 2715 7227 5230
30757 8118 2783 7227 5786
30758 8118 5576 6366 6178
30759 8120 493 6141 5072
30760 8118 6774 7103 6068
30761 8118 5786 7227 6532
30762 8118 689 6839 5230
30763 8118 5139 7103 6774
30764 8118 2760 4586 5139
30765 8118 5786 6839 2783
30766 8236 7517 7729 6029
30767 7880 3863 5127 3923
30768 7880 5217 5127 2065
30769 8417 4494 6676 5227
30770 8351 6144 6519 6296
30771 8369 6668 7946 6112
30772 8275 5578 8240 6160
30773 8259 6976 8234 7035
30774 8209 6079 7496 6229
30775 8110 4857 256 255
30776 8104 7273 7943 6529
30777 8269 6855 8041 5606
30778 8308 6684 7047 6911
30779 7821 3419 6753 1763
30780 7821 1763 2389 3419
30781 7821 1761 6873 2423
30782 7821 2423 2424 1761
30783 7822 2414 2411 186
30784 7822 6250 6302 186
30785 7822 6250 7225 6302
30786 7822 1753 2411 2414
30787 7822 1753 7225 2411
30788 7822 2411 6250 186
30789 7822 2411 7225 6250
30790 8014 6098 6205 1558
30791 8346 6185 7983 6465
30792 8424 4398 2394 4259
30793 8226 5864 6609 6492
30794 8014 55 7975 3646
30795 8005 5708 7130 6613
30796 8005 6613 7802 5708
30797 8014 4843 6145 55
30798 8361 7646 8341 4775
30799 8014 6145 6205 6098
30800 8005 2823 1250 2815
30801 8236 4965 6846 4643
30802 8013 5889 6362 6300
30803 8236 6029 7729 2478
30804 8074 5885 7557 5929
30805 8143 2678 6243 2676
30806 7944 2974 3463 1897
30807 8187 5785 8095 6144
30808 7844 3833 7067 1714
30809 8236 4643 2388 4965
30810 8236 6846 7208 6126
30811 8309 6753 6873 6644
30812 8333 290 6473 4579
30813 8259 5532 7528 6338
30814 8014 6145 7975 55
30815 8273 2997 7582 1535
30816 8316 432 5669 5123
30817 8229 5593 6684 6013
30818 8114 5857 6368 5988
30819 8057 6320 6721 5788
30820 8016 7114 7177 5530
30821 8244 6143 8096 5795
30822 7893 7214 7749 6802
30823 8145 4489 6962 4841
30824 7893 5880 7187 6802
30825 7893 7203 7465 6525
30826 8236 6029 6846 6126
30827 8159 7505 7705 6217
30828 8235 4141 2140 4144
30829 8281 6260 7464 1667
30830 8332 3375 8043 6277
30831 8088 7899 7949 7603
30832 8057 6721 7657 7212
30833 8278 4106 7740 256
30834 8017 6988 7799 7281
30835 8016 6818 7955 5523
30836 7893 6802 7749 5541
30837 7893 7127 7465 7203
30838 7893 5541 7749 7214
30839 8017 6198 7964 7284
30840 8237 3887 5695 732
30841 8235 4151 6142 566
30842 8210 5498 7411 7050
30843 8383 5579 7968 7923
30844 8293 5883 7051 5780
30845 8193 5207 7858 683
30846 7893 5541 7187 5880
30847 7934 2946 6737 4351
30848 7983 6574 7557 5613
30849 8235 4144 2140 2136
30850 8017 7284 7448 6198
30851 8406 4430 5619 3104
30852 8018 2115 986 2105
30853 8233 734 7015 5330
30854 8317 6690 7924 922
30855 8310 5733 6504 6352
30856 8197 5073 6756 3599
30857 8089 5962 6892 6724
30858 8017 6988 7964 7673
30859 8260 1355 7878 5914
30860 7939 6173 6597 3565
30861 7936 6386 6612 5560
30862 7949 6047 6534 6019
30863 8029 5991 7012 6650
30864 8040 5715 7047 4299
30865 8317 927 4048 930
30866 8317 930 6452 927
30867 8408 1497 7867 1225
30868 8016 5649 6818 5523
30869 8048 6005 7639 6211
30870 8054 5894 6688 6087
30871 7893 6802 7850 7387
30872 8036 6781 7276 5718
30873 7933 3035 3060 1333
30874 7931 141 4484 5224
30875 8064 5650 6474 5578
30876 8096 3174 3175 1922
30877 7928 1666 3811 1621
30878 8083 5172 5810 3726
30879 8406 432 5669 4291
30880 8393 6092 7349 5779
30881 8237 3787 732 731
30882 8236 2478 2388 4643
30883 8234 5891 7126 7035
30884 8017 6198 7799 7673
30885 8322 5652 8144 4034
30886 7933 6107 7600 6658
30887 7930 3455 7698 1271
30888 8028 6435 6668 1486
30889 8037 6352 7363 6106
30890 7928 5798 6556 5544
30891 7928 1955 6556 3811
30892 7928 1666 1955 3811
30893 8013 5869 7745 6300
30894 8013 6300 7745 5889
30895 8235 5849 7958 6268
30896 7928 2279 1955 1666
30897 8057 7330 7558 6320
30898 8236 2663 7208 2621
30899 8393 5532 5733 5700
30900 8234 7118 7126 5891
30901 8016 5523 7967 5649
30902 7935 1564 3199 1400
30903 8145 3738 4632 4489
30904 8024 2225 4888 4227
30905 7928 5595 6556 5798
30906 7928 1621 6556 5595
30907 7928 2279 1666 3378
30908 8235 6939 7958 5849
30909 8234 5700 7118 5891
30910 8232 6327 7984 7722
30911 8236 6126 7208 2663
30912 8058 2884 1277 1263
30913 7933 6434 6658 3038
30914 8417 6125 6180 5491
30915 8317 6452 6616 5832
30916 8255 6531 7491 6262
30917 8375 4517 402 3135
30918 8017 7284 7964 6988
30919 8258 7169 7266 7142
30920 7934 1309 1895 2946
30921 8266 5979 7156 5603
30922 8282 2021 7602 2032
30923 8282 2038 2021 2032
30924 7928 3378 1666 1621
30925 7928 1622 6556 1955
30926 8417 6676 8384 5227
30927 8257 7696 7982 7663
30928 7933 3038 6658 1339
30929 7933 1339 3025 3038
30930 7928 3811 6556 1621
30931 8223 6978 7994 5637
30932 8001 2829 5574 1254
30933 7934 1309 6265 1895
30934 7931 2406 2629 3416
30935 7933 1339 6518 3036
30936 8265 6896 7547 5687
30937 7928 1621 5798 3378
30938 7933 1339 3036 3035
30939 8258 7266 7987 7142
30940 8311 2649 6734 1168
30941 7929 6377 7810 7109
30942 7928 1621 7744 5798
30943 7928 5798 7744 5595
30944 8075 7045 7672 2349
30945 7929 7711 7810 5704
30946 8024 5257 6301 606
30947 8335 8211 8327 1691
30948 8327 6986 7420 6689
30949 7931 3416 7609 2406
30950 7928 5595 7744 1621
30951 8326 1970 2342 2345
30952 8282 6121 8277 7602
30953 7928 1622 1955 2279
30954 7986 4761 111 110
30955 7929 7109 7810 5544
30956 8338 7050 8239 5498
30957 8341 4052 7452 4564
30958 8308 7047 8040 5715
30959 8312 1066 7843 2445
30960 8313 26 4263 4051
30961 7906 3759 6300 5889
30962 7901 2276 7715 6675
30963 8227 2002 7838 5940
30964 7962 4121 271 2099
30965 8338 7003 7657 7212
30966 7904 5192 7536 4230
30967 8067 6120 7623 6037
30968 8162 6591 7788 7295
30969 7986 2657 6767 2656
30970 8218 7212 8112 5788
30971 8218 5802 6320 5788
30972 8171 5867 7942 7312
30973 8010 6226 7994 7641
30974 8059 5774 7354 5866
30975 7980 453 3246 4732
30976 7913 5836 7604 6879
30977 8319 5863 7913 6859
30978 8034 6671 7940 5572
30979 8332 1780 8043 2290
30980 8201 376 6395 375
30981 7912 6738 7252 5293
30982 7912 3813 5288 3832
30983 8361 5609 8116 7646
30984 8233 5582 5695 3788
30985 7994 6523 6695 6360
30986 8330 6834 8307 7269
30987 988 6267 5508 2107
30988 8092 6131 7395 7065
30989 7969 6054 7628 6916
30990 8227 2058 7963 952
30991 8104 5548 7351 5914
30992 7906 3729 5143 4497
30993 7901 2264 2276 4807
30994 7901 2273 7715 2276
30995 8161 5779 7913 5863
30996 7889 6586 7577 5746
30997 7889 5746 7577 6303
30998 7887 2658 7729 2478
30999 7887 6456 7729 2658
31000 7987 7142 7266 6258
31001 8364 5550 8300 6535
31002 7904 791 7584 6026
31003 7993 6038 6657 5884
31004 8149 3393 7059 6997
31005 8295 4929 2420 193
31006 8412 6982 8147 4102
31007 7887 2478 7729 6029
31008 7976 1971 3969 3957
31009 8010 7771 7994 6226
31010 8006 2532 7635 6255
31011 8229 536 6911 537
31012 8328 7279 7513 4145
31013 8020 2897 7377 1285
31014 8289 6851 7772 2788
31015 8309 1763 6753 3979
31016 8006 2532 6255 1105
31017 7973 6685 7616 7393
31018 8011 2950 6444 2965
31019 7887 148 7287 2819
31020 8267 5965 6389 5697
31021 8271 6342 7468 6892
31022 7976 1971 7420 3969
31023 8104 5548 8012 7155
31024 8104 7351 7425 7288
31025 8306 8167 8217 6035
31026 8291 7505 7995 5547
31027 8032 4371 4907 3174
31028 8116 4023 7646 2634
31029 8328 6769 7371 4145
31030 8006 1107 6770 2531
31031 8228 7395 7400 5518
31032 8104 7288 7425 5548
31033 8226 7293 8020 7377
31034 8421 6924 8139 6237
31035 8167 4824 6635 4827
31036 8408 1497 7286 2760
31037 8114 4085 4084 5442
31038 8033 2889 5679 1514
31039 8168 6043 7793 6418
31040 8024 7725 7881 6301
31041 8044 7288 7449 7155
31042 7941 6980 7080 5629
31043 7941 7673 7799 5629
31044 7941 6198 7877 6176
31045 7941 5815 7054 6176
31046 7941 6222 7054 6980
31047 7975 5062 3646 55
31048 8192 6913 7267 2071
31049 7969 6054 6916 5752
31050 7969 551 6916 4135
31051 8043 6425 7138 6277
31052 7967 5649 6702 3091
31053 7967 5874 7666 5523
31054 8045 6124 7552 6800
31055 7973 6048 7616 6685
31056 7976 3959 5662 5385
31057 8334 7931 8074 7739
31058 7971 3823 6820 5256
31059 8208 7396 7827 7203
31060 8049 4294 7896 6503
31061 8038 6742 6749 6639
31062 8266 5979 7838 7156
31063 7999 371 5774 370
31064 7941 5815 7799 7400
31065 8227 947 5603 959
31066 8227 5940 7838 5581
31067 8227 2002 5940 965
31068 7941 7080 7842 5602
31069 8237 731 4634 730
31070 8190 7026 7265 4829
31071 7984 272 7962 4099
31072 7967 5523 7666 6702
31073 8052 1179 1843 2670
31074 8303 7755 8301 7178
31075 8167 444 6635 443
31076 8155 4475 6400 5886
31077 8155 725 726 2284
31078 8349 4595 4688 3264
31079 8104 5548 7425 7351
31080 7970 1295 6836 1305
31081 8103 7370 7791 7680
31082 8205 4270 3683 3256
31083 8009 6853 6977 6173
31084 7941 6875 7400 5960
31085 7941 5602 7673 5629
31086 8266 5603 6791 5507
31087 8155 726 6196 2284
31088 8314 5707 6497 6325
31089 8188 3302 2777 4203
31090 8031 6609 7324 5737
31091 8089 6010 6342 5618
31092 7980 5612 6681 5620
31093 8043 6277 6662 5521
31094 7969 4137 6390 549
31095 8269 6282 7244 5606
31096 8221 6222 7188 6176
31097 8237 3787 7719 6431
31098 8083 5509 6440 5810
31099 8341 5430 4052 4064
31100 8007 3407 1471 1833
31101 7941 7054 7935 6980
31102 8321 5798 6727 5191
31103 8110 255 4105 4112
31104 8155 5886 7043 6196
31105 8017 6733 7877 6198
31106 7965 5673 7245 6239
31107 7971 841 6847 4832
31108 7969 6001 7628 5752
31109 7971 841 7863 6847
31110 8332 7902 8043 2102
31111 8271 6268 7468 6342
31112 8024 4227 5257 606
31113 8278 4106 4107 2092
31114 8006 6255 7635 6770
31115 8154 7038 7599 6148
31116 8269 2463 7860 4975
31117 8126 5491 6578 6364
31118 7967 3091 6702 3051
31119 8052 2670 1843 2671
31120 7941 5602 7799 7673
31121 7965 6239 7445 6219
31122 7919 211 7205 6192
31123 7919 6192 7205 5551
31124 7920 6357 7718 7011
31125 7921 5897 7870 7545
31126 7921 7545 7870 5623
31127 7921 5897 7545 6787
31128 7921 6787 7545 5623
31129 7922 571 7274 5668
31130 7922 4257 7274 571
31131 8243 6781 6836 6064
31132 7922 2623 2618 4256
31133 7922 2623 7868 2618
31134 7922 5200 7868 6543
31135 7922 2618 7868 5200
31136 7948 6799 7765 6011
31137 7948 512 7765 511
31138 8260 5896 7878 6999
31139 7974 1715 7897 7252
31140 8031 2742 4303 2724
31141 8225 6564 7587 5854
31142 8338 7050 8008 5493
31143 8195 3589 7763 7308
31144 8202 6109 7728 7203
31145 7924 2066 957 2075
31146 7924 2066 6304 957
31147 7924 910 2026 2066
31148 7924 2026 6304 2066
31149 7924 910 6690 6355
31150 7924 6355 6690 6304
31151 7924 2075 957 969
31152 8117 5555 6800 5656
31153 7924 2026 6355 6304
31154 7924 910 6355 2026
31155 7925 77 4955 4463
31156 7925 4946 7303 5694
31157 7925 77 7303 4946
31158 7925 5694 7303 6232
31159 7925 6232 7303 77
31160 7925 78 6232 77
31161 7925 78 6382 6232
31162 7925 6470 6776 2666
31163 7925 2666 6776 4955
31164 7925 4955 6776 4463
31165 7925 4463 6776 6382
31166 7925 4463 6382 78
31167 7925 78 77 4463
31168 7973 5968 7557 5613
31169 8300 6249 7753 5726
31170 8105 203 5687 5008
31171 8321 5191 6727 722
31172 8393 5532 6504 5733
31173 8160 6016 7892 4266
31174 8329 6254 8069 7269
31175 8177 660 6261 5742
31176 7948 2550 513 514
31177 7951 6309 6983 5917
31178 8091 7007 7502 5773
31179 7953 6401 7224 5854
31180 8313 3249 6121 4263
31181 8313 3249 4263 26
31182 8236 4643 6029 2478
31183 7953 5854 6469 6401
31184 8314 6398 6497 5707
31185 8269 225 4694 224
31186 8279 7872 8140 6420
31187 7981 4823 7075 6613
31188 7944 5061 6291 2974
31189 7951 5770 6309 5917
31190 8363 6950 8245 6243
31191 8389 8283 8359 6995
31192 8171 1981 7942 1732
31193 8278 6252 7740 6358
31194 8292 6937 7926 3854
31195 7981 368 7075 4823
31196 8301 7755 8200 6559
31197 8243 2935 6801 2942
31198 8171 1732 3858 1981
31199 8306 3153 8217 3162
31200 8306 8131 8217 6337
31201 8259 5583 7528 7105
31202 8026 6374 7754 7041
31203 8046 2325 7422 7355
31204 8306 6035 8217 7091
31205 8115 5842 6548 6341
31206 8266 6313 7566 7095
31207 8232 7211 7732 5496
31208 8323 5324 3856 3922
31209 8026 7041 7754 5486
31210 8355 3101 8095 1365
31211 8238 4649 7306 7134
31212 8339 2376 7333 6748
31213 8232 6327 8189 5521
31214 8242 4256 5200 573
31215 8233 5338 734 5330
31216 7943 6529 7866 815
31217 8233 735 7019 7015
31218 8236 7517 7662 1169
31219 8014 1382 1558 3149
31220 8235 566 7045 567
31221 8238 5716 5938 5776
31222 8324 3649 8170 3103
31223 8236 1169 7662 1842
31224 8273 2997 5126 799
31225 8235 6142 7045 566
31226 8279 7257 7382 6309
31227 8234 6502 7580 5563
31228 8270 5156 6164 5744
31229 8238 5716 6829 4950
31230 8238 4950 5938 5716
31231 7996 6213 7845 6539
31232 8413 4910 6638 6237
31233 8103 2850 7791 7370
31234 8016 5530 7716 7114
31235 8177 5742 7504 6171
31236 8345 6640 7062 5538
31237 8046 1678 5802 2320
31238 8227 959 7838 2002
31239 8227 5445 7963 6808
31240 7999 2824 4530 369
31241 8059 6294 7478 5590
31242 8251 6028 7386 7186
31243 8177 4175 7504 2166
31244 8378 543 7918 5720
31245 8206 5980 6925 5928
31246 8060 946 7632 2036
31247 8041 220 5625 5401
31248 8041 220 5401 5413
31249 8041 5625 6855 6752
31250 8045 3458 7957 4346
31251 8045 6800 7957 3458
31252 8406 5619 5645 3104
31253 8076 5620 7980 7322
31254 8145 3738 6497 4632
31255 8145 1629 6497 3690
31256 8169 770 771 4446
31257 8161 6840 7349 6504
31258 7992 3725 6660 4278
31259 8220 2587 7083 3439
31260 8239 5861 8057 7657
31261 8080 4271 7459 7247
31262 8035 1716 7067 1977
31263 8105 2430 4665 203
31264 8078 1041 6745 1042
31265 8267 5817 7278 7105
31266 8079 7266 7946 7142
31267 8265 6436 7324 5796
31268 8232 6248 7984 7962
31269 8321 5191 722 2279
31270 7998 5487 6804 5488
31271 7992 3725 1674 1644
31272 7981 6348 7802 5590
31273 8058 2847 7709 2848
31274 8043 2102 982 1780
31275 8280 347 7640 6386
31276 8344 250 8230 249
31277 8061 6092 7300 6635
31278 8038 6639 7310 7171
31279 8249 6050 7751 2682
31280 8365 3257 4382 4966
31281 8145 3687 4841 3684
31282 8362 6987 8357 353
31283 8213 1792 3406 2365
31284 8042 5979 6181 5755
31285 8129 6003 6989 6002
31286 8041 3984 5405 5413
31287 8235 6939 7531 568
31288 8080 1419 6659 1928
31289 8161 3152 3268 1383
31290 8217 3164 8167 6337
31291 8245 1189 2696 1846
31292 8045 1290 6249 5600
31293 8267 5817 7439 7278
31294 8124 1367 1354 3106
31295 7981 5590 7802 6613
31296 8023 6538 7139 6611
31297 7981 6294 7075 367
31298 8041 5413 6855 3984
31299 8042 5755 6181 5932
31300 8175 5877 6848 5781
31301 8217 6337 8131 3164
31302 8235 568 7531 2141
31303 8045 6249 6800 5600
31304 8074 5885 7983 7557
31305 7981 6613 7802 2818
31306 8091 5226 4439 2611
31307 8145 4489 4841 3687
31308 8404 6787 7545 5493
31309 8255 2674 1858 1220
31310 8048 7197 7639 6005
31311 8059 5866 7354 6294
31312 8236 1169 2388 2478
31313 8236 4643 6846 6029
31314 8213 1030 6318 1792
31315 8213 1015 7468 2153
31316 8035 7252 7897 7067
31317 8020 6679 7618 5055
31318 8058 2884 1263 2848
31319 8273 6511 6649 5920
31320 8069 6226 7622 6717
31321 8242 5200 6507 573
31322 8175 5877 7252 6628
31323 8054 6760 7787 7299
31324 8072 3415 6475 6343
31325 8213 2153 6268 2136
31326 8273 3009 7743 6649
31327 8348 4217 7264 6101
31328 8068 4721 7807 7280
31329 8068 3161 7233 3147
31330 8386 3115 8355 1914
31331 8205 3256 1429 1932
31332 8362 5373 8357 3940
31333 8348 6748 7607 2449
31334 8362 6002 6630 6228
31335 8397 5587 6424 6163
31336 8362 3940 5370 5373
31337 8386 5645 6818 5615
31338 8347 7308 7791 6901
31339 8363 7083 8220 6483
31340 8319 7448 8254 6859
31341 8340 3569 2779 4457
31342 8194 6949 7314 5811
31343 8327 1691 8211 3390
31344 8317 2075 7924 6616
31345 8348 6023 8034 7583
31346 8031 4765 7324 6609
31347 8028 3549 6668 2699
31348 8194 6307 7554 6189
31349 8348 4217 610 611
31350 8328 7320 7513 6467
31351 8328 7289 7373 5616
31352 8028 2699 6668 4403
31353 8075 5014 7672 569
31354 8348 610 6748 2449
31355 8031 4986 4765 166
31356 8028 3549 2699 4403
31357 8029 6329 6650 5765
31358 8145 4841 6962 5675
31359 8028 4710 6750 3550
31360 8045 4346 3457 2912
31361 8328 7373 8250 5719
31362 8029 6329 7356 6650
31363 8355 6890 8095 3115
31364 8064 786 3762 3744
31365 8028 1192 3549 1486
31366 8040 533 6624 4235
31367 8027 6786 6796 6522
31368 8207 6099 7366 5594
31369 8209 5608 7034 5731
31370 8328 5616 7373 5719
31371 8317 2075 6616 4027
31372 8028 4403 7535 4891
31373 8030 4039 6391 6385
31374 8327 3392 7420 1693
31375 8215 6362 8013 5889
31376 8207 5565 6221 6099
31377 8207 281 6155 2382
31378 8225 7825 7953 5601
31379 8099 5728 6287 5735
31380 8209 5608 7530 7034
31381 8207 1471 8007 7778
31382 8229 6013 6684 6543
31383 8116 5452 957 2042
31384 8030 6391 7382 6385
31385 8247 5899 6659 6524
31386 8243 5800 7275 6116
31387 8412 2509 8359 4572
31388 8247 3305 5899 4272
31389 8404 6787 7129 5496
31390 8327 1691 3390 1692
31391 8342 3534 7837 1479
31392 8030 4039 6385 4029
31393 8031 2724 7238 6063
31394 8247 3221 7245 6524
31395 8247 6524 6659 3305
31396 8321 2279 8281 7928
31397 8312 7843 7857 2445
31398 8379 7323 7456 7427
31399 8326 1690 7163 2342
31400 8211 1691 6612 1970
31401 8179 2681 6550 2684
31402 8030 921 6403 924
31403 8031 166 2736 2724
31404 8210 7411 8157 5984
31405 8215 7230 7899 6306
31406 8301 3567 7202 6365
31407 8207 5186 2596 3523
31408 8207 3523 6155 5186
31409 8207 1831 6099 1146
31410 8151 3673 3671 4531
31411 8320 5551 7919 5827
31412 8302 5599 6280 5539
31413 8076 5620 6410 5589
31414 8207 1831 7366 6099
31415 8325 6096 7545 5623
31416 8257 5881 7663 5683
31417 8030 928 6403 6391
31418 8355 3114 1914 1369
31419 8211 1691 1970 2345
31420 8030 5907 7382 6391
31421 8210 7029 8157 7272
31422 8251 529 6168 6115
31423 8207 5565 7778 6221
31424 8212 4720 7141 5740
31425 8207 5594 7366 6051
31426 8267 5697 7564 5893
31427 8401 5844 8308 6028
31428 8374 1050 5925 1064
31429 8208 5596 7384 6967
31430 8207 3523 7778 6155
31431 8207 6155 7778 5565
31432 8207 5186 6155 2596
31433 8293 3948 1683 3949
31434 8207 6221 8002 6099
31435 8206 6380 7256 5712
31436 8130 2581 1132 2572
31437 8028 4891 2589 3549
31438 8174 261 7332 260
31439 8231 4414 7758 471
31440 8210 7272 8157 7402
31441 8207 6051 6155 5594
31442 8174 259 2486 260
31443 8299 7364 7460 6024
31444 8301 4285 5365 647
31445 8174 6034 7332 6537
31446 8174 6537 7332 261
31447 8174 259 7332 6034
31448 8174 4407 261 260
31449 8325 6096 6689 6570
31450 8207 7778 8007 6221
31451 8028 4891 4710 2589
31452 8174 4407 6537 261
31453 8174 2205 4407 2486
31454 8174 2518 7143 6537
31455 8174 6034 7357 259
31456 8299 6024 7423 7364
31457 8174 260 7332 259
31458 8174 2249 7357 2486
31459 8116 5609 6868 6304
31460 8027 6522 7127 6786
31461 8028 4710 3550 2589
31462 8325 6096 7163 6612
31463 8130 6867 8039 2572
31464 8174 2518 6537 4407
31465 8174 2249 2486 259
31466 8362 6228 8357 6987
31467 8356 453 454 5018
31468 8027 7097 7127 6522
31469 8203 6496 6652 6435
31470 8248 2115 8018 2105
31471 8324 433 432 5154
31472 8203 1195 1487 3438
31473 8333 4579 6473 2627
31474 8260 1355 5914 3078
31475 8206 5947 7381 7027
31476 8410 6309 6845 5892
31477 8206 6838 6925 5980
31478 8239 7212 7657 6721
31479 8388 4906 6195 5701
31480 8214 1216 3443 1491
31481 8215 6362 7455 5492
31482 8337 5566 7826 5723
31483 8201 4836 376 375
31484 8024 605 4888 604
31485 8022 6717 7428 6236
31486 8024 4893 7841 5660
31487 8327 3391 8211 6223
31488 8237 6421 7719 730
31489 8247 4982 3305 120
31490 8181 5879 6344 6016
31491 8292 3919 6937 3854
31492 8016 5530 7177 6186
31493 8016 6186 7177 5615
31494 8016 7955 7967 5523
31495 8175 6000 7301 6628
31496 8175 6848 7301 6454
31497 8197 5472 3599 3072
31498 8011 5793 7626 6482
31499 8043 982 7759 979
31500 8161 1381 7950 3151
31501 8083 5810 7085 5509
31502 8080 7247 7459 6659
31503 8017 6859 7448 7284
31504 8088 6280 8019 5599
31505 8011 6444 6596 409
31506 8011 409 6596 6482
31507 8011 2957 6482 1296
31508 8011 1307 2965 2957
31509 8011 1307 7626 2965
31510 8011 2965 6444 4544
31511 8011 4544 409 2965
31512 8011 4544 6444 409
31513 8011 6482 7626 5636
31514 8011 5636 7626 1296
31515 8011 1296 6482 5636
31516 8011 1296 1307 2957
31517 8011 1296 7626 1307
31518 8012 6737 6841 6200
31519 8012 6200 6841 6020
31520 8012 6737 7246 5584
31521 8012 5548 6737 5584
31522 8012 5584 5954 5548
31523 8012 5584 7246 5954
31524 8022 5501 7434 5968
31525 8125 5688 7246 6265
31526 8022 7428 7434 6236
31527 8341 4052 4564 4064
31528 8022 6226 8010 7641
31529 8064 3762 6474 3744
31530 8224 6792 7949 7899
31531 8206 5947 6535 5712
31532 8206 6535 6838 5712
31533 8414 6761 7835 2625
31534 8213 2136 6318 1030
31535 8414 3434 7347 1162
31536 8421 6237 7461 6924
31537 8020 2983 7377 2897
31538 8229 6543 6684 6585
31539 8193 6615 7858 5758
31540 8020 5040 2888 5055
31541 8382 1984 6873 1761
31542 8069 6717 7864 6226
31543 8239 5493 7212 6159
31544 8305 5824 7785 7642
31545 8401 6168 7386 2569
31546 8382 5417 7033 3991
31547 8353 5582 8233 5330
31548 8422 209 8402 5199
31549 8225 5601 7953 6469
31550 8399 6950 7318 6090
31551 8226 162 6812 163
31552 8313 5214 4268 27
31553 8333 6473 7638 5784
31554 8259 5497 7105 7035
31555 8292 3919 3854 5331
31556 8259 6338 7528 5583
31557 8232 6480 7722 6248
31558 8235 2136 6268 4144
31559 8268 4933 527 528
31560 8042 5932 6710 6313
31561 8233 5582 5766 5538
31562 8233 5582 7015 5502
31563 8202 6730 7728 7562
31564 8344 249 7502 5396
31565 8043 2102 7902 7759
31566 8346 7983 8074 6465
31567 8076 1931 7322 3333
31568 8215 5889 7455 6362
31569 8232 7759 7984 6327
31570 8208 5541 7203 6763
31571 8177 660 5742 4716
31572 8193 6387 7939 5758
31573 8312 1056 7857 1803
31574 8045 4346 7573 5215
31575 8056 5568 7347 5996
31576 8200 3886 5365 3891
31577 8161 3152 7913 3268
31578 8335 3956 3931 1692
31579 8080 4271 7247 3240
31580 8047 4307 635 4960
31581 8159 5512 7296 6575
31582 8177 2166 7504 4169
31583 8130 2581 6867 1132
31584 8061 4505 4640 443
31585 8061 4505 6513 3137
31586 8061 4422 6635 442
31587 8046 3944 6865 1679
31588 8251 6168 7386 6028
31589 8045 5215 6249 3457
31590 8068 4721 7280 4507
31591 8041 221 4724 220
31592 8322 955 8166 7880
31593 8083 5172 3726 3758
31594 8058 5842 7370 5639
31595 8058 2848 7709 5842
31596 8225 5778 7587 2849
31597 8043 5521 7759 6425
31598 8423 5865 8421 8413
31599 8231 5244 3478 4414
31600 8323 4053 6091 5179
31601 8206 5482 6838 6535
31602 8177 661 660 4716
31603 8061 6092 7336 6337
31604 8045 1290 1884 2912
31605 8371 1634 6534 3699
31606 8182 4801 5557 2844
31607 8331 5141 4203 649
31608 8058 3590 5639 1277
31609 8060 6412 7454 5483
31610 8083 3756 3758 1645
31611 8075 6939 7672 7045
31612 8116 5609 6616 969
31613 8060 5437 6779 2050
31614 8075 4613 7045 2349
31615 8041 5401 6752 5413
31616 8060 962 5441 946
31617 8041 5625 6752 5401
31618 8345 2252 7062 2250
31619 8129 6251 6918 6746
31620 8060 6412 7632 946
31621 8136 5640 6059 5923
31622 8226 6492 6812 5949
31623 8035 7067 7897 1977
31624 8035 3914 7067 1716
31625 8340 5238 3569 4457
31626 8268 4389 527 526
31627 8340 6532 7227 6521
31628 8274 2766 7491 2762
31629 8307 6579 7269 5976
31630 8307 6423 8204 5976
31631 8123 2978 7650 1896
31632 8122 3823 7971 3824
31633 8125 6915 7246 5688
31634 8124 3106 1364 1367
31635 8121 5797 5929 4420
31636 8319 7297 8254 7448
31637 8243 1889 2935 2942
31638 8226 5949 6812 162
31639 8035 5877 6998 3910
31640 8091 6027 7440 5773
31641 8155 3381 7043 4475
31642 8273 7582 7743 3009
31643 8273 1535 7582 3009
31644 8040 3492 6571 4299
31645 8120 5767 6809 6638
31646 8121 5797 6817 5929
31647 8123 6397 6824 5714
31648 8307 5604 8204 6423
31649 8243 6116 7275 6781
31650 8248 278 7488 6170
31651 8248 6051 7005 280
31652 8248 279 6051 280
31653 8046 2320 2323 1679
31654 8332 2102 8043 1780
31655 8300 6273 7078 5550
31656 8399 46 4909 45
31657 8333 290 254 4110
31658 8120 6141 6638 5072
31659 8123 6395 7650 2978
31660 8080 3233 1419 1928
31661 8218 5788 8112 7770
31662 8060 2050 2036 5437
31663 8300 5550 7581 6273
31664 8163 2224 6984 2356
31665 8247 3305 6659 5899
31666 8035 7897 7974 1715
31667 8035 1977 3910 1716
31668 8272 1382 8014 3646
31669 8035 7252 7974 7897
31670 8035 1716 3910 3914
31671 8203 1205 7576 7238
31672 8235 567 8075 4141
31673 8054 7299 7667 6760
31674 8226 163 6812 6492
31675 8299 7423 7460 7364
31676 8035 3910 7897 1715
31677 8071 6358 7740 5633
31678 8131 3168 8061 6513
31679 8209 5754 6770 6255
31680 8042 5975 7028 5853
31681 8385 7139 8383 6113
31682 8353 4610 6325 4634
31683 8163 594 2348 4918
31684 8406 5154 4291 3114
31685 8209 7034 7530 6079
31686 8130 2585 2586 1140
31687 8130 1140 1138 2581
31688 8363 5825 8220 6486
31689 8083 6440 7388 5810
31690 8345 1607 2250 1608
31691 8163 594 6158 4600
31692 8163 2356 2348 2224
31693 8076 3333 3680 1570
31694 8110 5784 7638 5633
31695 8130 5706 7956 6437
31696 8130 4551 6437 2586
31697 8130 2585 4551 2586
31698 8163 6339 6984 592
31699 8163 4600 2348 594
31700 8121 5140 140 139
31701 8377 4883 3334 3679
31702 8371 7367 8224 5707
31703 8022 6226 7864 6717
31704 8022 5501 7771 7217
31705 8022 5501 8010 7771
31706 8022 6236 7217 6226
31707 8022 7217 7771 6226
31708 8022 5506 7557 7428
31709 8022 7428 7557 5501
31710 8022 5501 7557 5506
31711 8116 2057 7646 5452
31712 8105 4665 6575 3420
31713 8224 5510 6534 6345
31714 8044 5548 8012 5954
31715 8036 5692 5913 5688
31716 8336 4425 6879 6596
31717 8269 224 223 5404
31718 8042 6022 6710 5710
31719 8199 1477 3533 1839
31720 8410 6145 8014 6098
31721 8199 6585 7868 7769
31722 8132 4052 7452 4069
31723 8199 7769 7868 1477
31724 8199 1839 7769 1477
31725 8166 6952 7880 7125
31726 8175 5877 8035 7252
31727 8163 4600 6158 592
31728 8029 6650 6666 5991
31729 8029 6650 7012 5765
31730 8083 5172 7085 5810
31731 8235 568 8075 6939
31732 8061 6635 7300 442
31733 8061 3168 4640 4505
31734 8325 6223 8211 7419
31735 8033 5878 6376 5906
31736 8176 6732 6920 6560
31737 8176 6592 7676 7544
31738 8176 6560 6920 6592
31739 8313 27 2038 5214
31740 8176 7544 7676 6459
31741 8167 4827 6635 444
31742 8265 1311 2959 2963
31743 8108 4226 5155 609
31744 8336 5850 6743 3163
31745 8363 6486 7683 5825
31746 8176 6459 7676 7494
31747 8176 7544 7694 6560
31748 8176 6920 7676 6592
31749 8278 4107 2093 2092
31750 8249 7107 7452 6501
31751 8289 3303 8128 6214
31752 8227 952 6808 947
31753 8330 7269 7753 6834
31754 8374 4188 7391 6747
31755 8176 6813 7544 6459
31756 8176 6732 7070 6541
31757 8176 6541 6813 6459
31758 8176 6459 7494 6732
31759 8268 2299 7572 6655
31760 8176 7070 7544 6813
31761 8176 6732 7494 6920
31762 8176 7494 7676 6920
31763 8176 6592 7544 6560
31764 8176 7070 7694 7544
31765 8176 6560 7694 6605
31766 8176 6541 7070 6813
31767 8301 5759 7755 6559
31768 8212 7191 7965 6673
31769 8176 6732 7694 5805
31770 8200 7755 7834 5759
31771 8374 4188 6747 2192
31772 8201 374 7774 373
31773 8315 5768 7877 7358
31774 8331 2779 8188 3302
31775 8331 650 2779 5141
31776 8151 3673 4531 3674
31777 8067 6290 7623 6805
31778 8195 1270 7308 2922
31779 8229 6013 7769 6806
31780 8037 5244 472 4477
31781 8037 471 7363 472
31782 8190 216 180 4490
31783 8046 5802 6340 2320
31784 8188 4428 7202 4203
31785 8043 982 2454 2290
31786 8033 7128 7368 5709
31787 8228 5824 6758 5960
31788 8322 955 7880 1998
31789 8164 5979 7654 5772
31790 8164 5514 7654 6000
31791 8164 7172 7654 5514
31792 8344 3975 7502 6622
31793 8230 6919 8091 6027
31794 8121 140 5885 5149
31795 8318 5540 6297 5847
31796 8168 4615 6688 585
31797 8202 6923 7989 7562
31798 8314 6962 7323 5675
31799 8025 257 4856 4107
31800 8025 257 6252 4856
31801 8025 259 7357 6034
31802 8025 4605 7357 259
31803 8040 533 7047 6624
31804 8233 7015 7019 5502
31805 8040 5715 6571 6071
31806 8074 6465 7983 5885
31807 8040 4235 6624 2535
31808 8040 533 4235 3494
31809 8040 3494 4235 2535
31810 8060 2036 7632 5437
31811 8089 6724 6892 5792
31812 8231 6929 7758 4414
31813 8125 6200 8012 5657
31814 8131 3168 1386 3164
31815 8322 1998 6972 4034
31816 8280 4936 6386 346
31817 8029 6650 7356 6666
31818 8088 5510 7949 7899
31819 8202 7562 7989 7827
31820 8204 7438 7760 5976
31821 8163 4918 6059 594
31822 8059 6294 7981 5866
31823 8077 6294 7075 6459
31824 8056 5983 7874 6057
31825 8056 5504 7874 6314
31826 8078 5727 6745 5646
31827 8036 5913 7595 5718
31828 8077 6459 7075 4755
31829 8145 1629 3690 3738
31830 8131 1386 6743 3162
31831 8198 7506 7603 5492
31832 8327 6612 6986 6689
31833 8058 2884 3590 1277
31834 8265 5033 3132 2963
31835 8259 6576 7528 5532
31836 8322 6952 8166 2070
31837 8337 5540 5847 5839
31838 8217 4506 3162 3153
31839 8132 4850 4052 4054
31840 8312 2445 7857 1056
31841 8106 1723 5932 3844
31842 8036 5657 6781 5800
31843 8036 5657 7275 6781
31844 8031 4303 168 167
31845 8036 6792 7949 5718
31846 8036 5718 7276 6792
31847 8036 5718 7949 5913
31848 8027 6796 7610 7025
31849 8027 6522 6796 6436
31850 8044 5937 7425 5548
31851 8037 5244 4477 2477
31852 8029 5630 7133 6227
31853 8029 5991 6666 5630
31854 8217 445 4669 4506
31855 8043 2454 5521 2290
31856 8033 1514 5679 1278
31857 8076 6410 6581 5589
31858 8136 5640 7239 5520
31859 8136 5923 6059 5751
31860 8177 4166 7504 4175
31861 8200 3886 1656 1946
31862 8340 6521 7227 3569
31863 8357 353 6987 5282
31864 8312 7790 7843 7001
31865 8268 6974 7527 6115
31866 8381 5693 7776 6353
31867 8155 4475 5886 725
31868 8078 2163 1040 1041
31869 8338 7212 8239 7050
31870 8289 2789 1233 1231
31871 8119 6111 7875 5545
31872 8407 5363 8303 6183
31873 8161 3151 7950 7349
31874 8088 5539 6280 5599
31875 8040 2535 6071 3494
31876 8230 4200 8091 249
31877 8078 2163 7074 2167
31878 8412 262 6995 2509
31879 8414 1479 7837 7347
31880 8028 3549 2589 1486
31881 8400 7102 7755 6269
31882 8028 6481 6750 4710
31883 8283 6770 7635 5608
31884 8283 1093 7143 5830
31885 8028 6652 6668 6435
31886 8253 2967 6864 1313
31887 8302 5539 7761 6880
31888 8297 6202 6447 5541
31889 8298 4681 6014 4480
31890 8300 6273 7581 5901
31891 8425 5865 8423 8205
31892 8300 5901 6798 6273
31893 8302 6280 7761 5539
31894 8284 7910 7985 6723
31895 8408 6532 8340 5987
31896 8328 6070 7513 7320
31897 8328 5974 8250 7289
31898 8314 5675 8145 6962
31899 8348 4217 6101 610
31900 8328 6070 7320 5974
31901 8410 6722 7975 4376
31902 8369 6112 7535 6668
31903 8410 6722 8392 5907
31904 8354 7087 8138 8094
31905 8208 7097 7384 5596
31906 8253 6737 8125 6200
31907 8365 4966 8139 3257
31908 8208 6967 7396 5596
31909 8252 6321 7411 5498
31910 8356 4732 7980 7322
31911 8210 5984 8157 7029
31912 8397 5709 7151 6247
31913 8356 5620 7980 6681
31914 8226 3595 7377 2983
31915 8047 6432 7630 6711
31916 8207 1833 1471 3523
31917 8303 6183 7202 5987
31918 8048 6211 7036 6173
31919 8047 6711 7630 4307
31920 8047 635 7630 6432
31921 8274 6718 7491 6073
31922 8047 634 635 4307
31923 8421 5767 7461 6237
31924 8385 7362 7954 5799
31925 8260 5914 6076 3078
31926 8260 6076 7682 3078
31927 8344 7533 8152 6856
31928 8275 5605 7603 6204
31929 8260 3082 1355 3078
31930 8420 4195 6997 3284
31931 8306 3153 6743 6324
31932 8415 719 4252 718
31933 8371 3699 6345 4631
31934 8301 647 5365 5325
31935 8410 6309 6722 4376
31936 8293 1968 7051 5883
31937 8380 7502 8091 7007
31938 8063 5676 6897 5943
31939 8236 6126 6673 6029
31940 8079 5870 7445 5515
31941 8410 6309 7710 7553
31942 8424 5566 8409 6645
31943 8371 1958 6663 1634
31944 8347 7165 7680 7308
31945 8064 6474 7337 3715
31946 8153 2870 1267 2858
31947 8168 4615 585 586
31948 8091 4200 7712 2611
31949 8078 1042 6745 5727
31950 8103 4340 6163 2846
31951 8279 6346 7553 6623
31952 8085 5335 7046 6778
31953 8064 3718 7337 5650
31954 8091 2611 5773 5226
31955 8339 6549 8034 7848
31956 8064 5650 6784 787
31957 8082 1555 7738 3654
31958 8168 587 7793 586
31959 8089 5934 7898 7644
31960 8064 3715 7337 3718
31961 8061 443 6635 4422
31962 8078 1041 1042 2165
31963 8078 6084 7074 4171
31964 8058 2847 7900 7709
31965 8060 967 6407 5441
31966 8296 1920 6743 3657
31967 8260 4905 3278 3082
31968 8085 619 5339 3765
31969 8074 7739 7931 6465
31970 8210 7050 7411 6139
31971 8325 6570 6689 6223
31972 8089 5934 5962 5792
31973 8091 248 7502 249
31974 8091 7502 7907 5773
31975 8060 962 967 5441
31976 8060 7144 7632 5483
31977 8103 7370 7680 6163
31978 8346 8074 8334 7931
31979 8056 5996 6404 5568
31980 8155 6196 6569 2241
31981 8139 3247 6581 3245
31982 8060 5437 7632 7144
31983 8078 1042 6084 2165
31984 8063 5676 7166 6897
31985 8119 5545 7875 6830
31986 8049 6123 7247 4271
31987 8054 6043 6887 5534
31988 8056 5504 6404 5996
31989 8289 3562 8128 1500
31990 8110 4112 6777 4110
31991 8046 1678 6865 5802
31992 8304 1343 6060 3062
31993 8055 2673 5806 1181
31994 8072 6343 7647 5978
31995 8119 6865 7770 5858
31996 8054 6275 6887 6043
31997 8412 4102 263 264
31998 8345 2252 2250 1607
31999 8353 6325 7702 5875
32000 8072 5488 7855 5978
32001 8054 5534 6887 6275
32002 8055 3543 5806 2673
32003 8119 6111 6865 6536
32004 8085 5339 3876 3765
32005 8343 5941 7793 5713
32006 8050 7840 7978 6429
32007 8053 6772 7770 5858
32008 8055 1181 3541 1483
32009 8361 2660 7646 4775
32010 8046 1678 2320 1679
32011 8048 6365 6559 5759
32012 8082 3103 1365 3490
32013 8180 5527 7136 6375
32014 8108 2376 5155 4226
32015 8050 6429 7978 7499
32016 8053 5788 7770 6772
32017 8359 7143 8283 2509
32018 8130 7956 8039 6867
32019 8130 1140 6437 6132
32020 8396 206 6645 205
32021 8229 537 6806 538
32022 8422 5827 8320 209
32023 8161 3268 7913 5836
32024 8323 2025 7312 6091
32025 8415 719 720 4252
32026 8335 6612 8211 1691
32027 8272 6098 8014 1558
32028 8229 7769 8199 537
32029 8377 1570 6410 3679
32030 8201 6136 6356 4968
32031 8363 5825 7683 7631
32032 8295 1746 7833 2421
32033 8264 5487 7232 6374
32034 8269 222 6855 5404
32035 8401 6168 7101 5844
32036 8063 5967 7853 6171
32037 8304 3066 1352 1349
32038 8161 4706 7349 6840
32039 8362 6630 7589 355
32040 8410 6098 7975 6722
32041 8273 5517 6134 5920
32042 8284 7427 7592 7421
32043 8230 251 6919 5152
32044 8274 6531 7593 6073
32045 8201 4836 6356 5898
32046 8194 6189 7788 6283
32047 8233 3789 7019 735
32048 8058 7709 7900 5842
32049 8061 4640 444 443
32050 8268 4904 7572 2299
32051 8242 4256 7922 5200
32052 8322 7880 8166 6952
32053 8273 4318 6649 5126
32054 8270 5195 7089 5905
32055 8347 7680 8103 7791
32056 8161 5863 7198 5779
32057 8279 6346 8140 8030
32058 8269 7568 7860 7856
32059 8284 6134 7323 5517
32060 8064 787 4792 786
32061 8181 5999 7564 6016
32062 8061 3137 6513 3168
32063 8375 6990 7358 5863
32064 8356 452 8096 4907
32065 8242 4256 573 572
32066 8322 4034 6972 5652
32067 8329 6127 7894 7542
32068 8274 2762 4385 2766
32069 8293 5379 7782 5389
32070 8061 6337 6513 6092
32071 8064 5578 6474 6160
32072 8194 6375 6949 5811
32073 8398 8228 8305 7065
32074 8322 6972 7880 6952
32075 8229 2624 536 2620
32076 8289 4885 7772 2749
32077 8385 5579 8383 7923
32078 8339 6748 8108 2376
32079 8344 5396 7502 3975
32080 3471 1552 8051 7975
32081 8302 5599 7742 5605
32082 8085 6408 7277 619
32083 8064 7111 7831 4792
32084 8265 5796 7324 1311
32085 8422 4398 207 208
32086 8361 7646 7972 5609
32087 8050 7499 7978 7840
32088 8220 6483 7083 2587
32089 8119 6536 6894 6150
32090 8050 6429 7475 6405
32091 8332 6425 7902 2112
32092 8292 3920 8173 6937
32093 8279 7144 7553 6420
32094 8247 4982 3224 3221
32095 8245 1846 7251 1189
32096 8326 2345 8211 1970
32097 8333 4579 254 290
32098 8323 2039 7942 2025
32099 8365 3253 3257 1932
32100 8247 4982 7245 3224
32101 8243 6836 7226 3452
32102 8305 7065 8158 459
32103 8279 6623 7144 6346
32104 8248 2105 7488 278
32105 8398 5824 7532 7098
32106 8248 279 6170 6051
32107 8243 1300 6836 3452
32108 8240 6256 7246 6409
32109 8293 5388 7782 5379
32110 8393 5779 8315 6207
32111 8227 2058 8173 7963
32112 8227 965 2058 952
32113 8245 1189 7251 6243
32114 8332 2290 3375 1780
32115 8240 6409 7111 6256
32116 8305 459 7642 460
32117 8279 6623 7553 7144
32118 8244 5809 7248 6216
32119 8387 2244 4746 2246
32120 8243 3452 2935 1300
32121 8245 3547 7083 1191
32122 8236 1842 7662 1157
32123 8227 965 5940 4020
32124 8369 7535 8028 6668
32125 8245 6950 7083 3547
32126 8241 7296 8159 5512
32127 8382 1761 3978 3991
32128 8293 3949 3950 5379
32129 8232 7614 8189 6327
32130 8290 954 6884 5449
32131 8392 6098 6286 6270
32132 8243 3452 7226 2935
32133 8359 8006 8283 6770
32134 8421 5767 6237 5865
32135 8247 5899 7245 6239
32136 8417 6125 7597 7265
32137 8317 5961 6452 5832
32138 8248 4127 279 280
32139 8251 6655 7186 4619
32140 8232 6580 7732 6248
32141 8317 922 2075 4027
32142 8259 7035 7105 5622
32143 8317 5832 6616 6514
32144 8259 5622 7528 6576
32145 8316 6914 8221 6176
32146 8307 6834 7789 7269
32147 8362 5373 5370 354
32148 8213 2153 2136 1015
32149 8213 2153 7468 6268
32150 8257 6889 7982 7696
32151 8076 5589 6581 5620
32152 8161 1380 7198 3152
32153 8102 5922 6381 5899
32154 8067 6037 6832 6120
32155 8067 3013 7743 6907
32156 8067 6907 7743 6832
32157 8067 6832 7743 3013
32158 8067 3612 6832 1533
32159 8067 1533 3013 3612
32160 8067 1533 6832 3013
32161 8067 6290 6805 833
32162 8067 3013 4319 4442
32163 8067 3013 6290 4319
32164 8067 4442 833 832
32165 8067 833 6805 832
32166 8067 832 6805 831
32167 8067 3612 832 831
32168 8067 831 6805 6120
32169 8067 831 6120 2998
32170 8067 2998 3612 831
32171 8067 4442 4319 833
32172 8067 4319 6290 833
32173 8068 7233 7807 3128
32174 8068 3128 7807 4721
32175 8068 3147 7233 3128
32176 8068 3128 4721 3147
32177 8068 3161 7280 4702
32178 8068 4702 5694 3161
32179 8068 4702 7280 5694
32180 8407 8303 8331 5987
32181 8132 4054 4052 2017
32182 8132 2781 2753 4850
32183 8153 5027 8070 5947
32184 8195 1875 3586 1509
32185 8090 2481 2234 1791
32186 8090 6342 7468 1016
32187 8310 2476 4477 4739
32188 8230 6027 7712 2636
32189 8069 6226 7864 6945
32190 8069 6945 7622 6226
32191 8070 6827 8021 5458
32192 8070 5285 6827 5458
32193 8070 5249 96 5458
32194 8154 5703 7881 5690
32195 8154 7599 7940 5690
32196 8070 5003 7937 7551
32197 8070 5249 7937 5003
32198 8070 5003 96 5249
32199 8071 975 7901 971
32200 8071 971 7901 5725
32201 8071 975 971 2090
32202 8071 971 5725 2090
32203 8194 5811 6307 6119
32204 8114 4085 5442 2040
32205 8114 4084 6789 5442
32206 8114 6347 7713 4084
32207 8197 6020 6529 4872
32208 8114 6789 7713 6368
32209 8114 5988 7713 6347
32210 8114 4084 7713 6789
32211 8360 6048 7576 6441
32212 8194 6949 8162 5495
32213 8194 7554 7788 6189
32214 8325 7163 8211 6612
32215 8323 2025 4090 2039
32216 8102 5807 7346 5515
32217 8102 5515 6381 6077
32218 8102 6381 6744 6077
32219 8120 6141 7707 6809
32220 8072 3417 3415 1758
32221 8072 3417 6475 3415
32222 8072 1758 7855 1757
32223 8072 1757 3417 1758
32224 8085 7046 7277 6408
32225 8090 1014 2234 1027
32226 8090 1016 7468 6010
32227 8090 2234 6506 1027
32228 8186 5915 7194 6541
32229 8090 6342 6544 6506
32230 8090 1014 6544 6342
32231 8075 2399 5014 2349
32232 8075 569 7672 6939
32233 8273 799 6511 6134
32234 8075 569 568 5014
32235 8075 2399 7672 5014
32236 8075 569 6939 568
32237 8103 6163 6901 5063
32238 8092 4948 456 457
32239 8336 3165 1386 1919
32240 8092 6681 7395 6131
32241 8110 5633 7638 6777
32242 8326 4937 309 2342
32243 8075 567 7045 4613
32244 8075 4613 4141 567
32245 8377 1931 3334 1427
32246 8095 3101 5153 4465
32247 8129 6630 7801 6251
32248 8386 3115 7621 6890
32249 8138 7097 7418 6566
32250 8136 5923 7239 5640
32251 8108 5155 6748 2449
32252 8115 5282 8098 6987
32253 8257 7525 7961 6045
32254 8344 4000 7533 6856
32255 8351 5232 6266 400
32256 8278 4106 2092 2094
32257 8193 5207 3564 2769
32258 8193 682 7228 3564
32259 8076 4732 3246 3680
32260 8076 3246 7980 1431
32261 8076 1431 7980 6581
32262 8076 3246 1431 1426
32263 8076 1431 6581 1426
32264 8076 6581 7042 1426
32265 8076 1426 7042 3679
32266 8420 4195 8086 7162
32267 8410 5892 6845 6145
32268 8119 6150 6894 6759
32269 8252 6074 7823 7031
32270 8420 7162 8086 6997
32271 8217 3162 4669 3164
32272 8217 4669 8167 3164
32273 8407 3782 8087 651
32274 8267 5745 6389 6033
32275 8266 5975 8042 5507
32276 8119 6759 6894 5858
32277 8119 5858 6894 6865
32278 8366 2696 4715 44
32279 8115 2884 8058 2848
32280 8381 6060 6599 5896
32281 8079 6652 7030 6435
32282 8079 6435 6668 6652
32283 8132 2782 4850 4054
32284 8132 4069 7452 6383
32285 8132 2782 7415 2781
32286 8132 7415 7452 1215
32287 8125 6737 8012 6200
32288 8097 6947 7472 6889
32289 8132 6383 7452 7415
32290 8105 4665 202 203
32291 8105 5687 6729 6575
32292 8105 2430 6575 4665
32293 8080 2979 3233 1928
32294 8080 2979 7459 3233
32295 8080 3240 1423 1419
32296 8080 1423 6659 1419
32297 8081 6298 6605 6509
32298 8081 6509 6605 6326
32299 8081 2895 361 4450
32300 8081 361 6298 4450
32301 8081 362 363 5228
32302 8081 362 6326 363
32303 8094 3613 6555 5209
32304 8081 4550 6732 3593
32305 8081 3593 5228 4550
32306 8081 5228 363 4550
32307 8081 363 6326 4550
32308 8081 6732 6920 3593
32309 8081 362 6509 6326
32310 8081 6298 6509 362
32311 8081 3593 1518 2894
32312 8081 3593 6920 1518
32313 8081 1518 6920 2894
32314 8082 3655 7738 1555
32315 8082 3103 3649 1365
32316 8082 3649 7088 1365
32317 8197 4872 6529 816
32318 8166 5448 963 955
32319 8224 7367 7899 7230
32320 8220 4993 7896 6080
32321 8177 662 4175 661
32322 8084 5522 6711 6233
32323 8084 6233 6246 5522
32324 8370 261 4104 7332
32325 8083 6440 7016 6881
32326 8083 6881 7536 6440
32327 8083 6881 7992 7536
32328 8083 7536 7992 1964
32329 8083 1645 7536 1964
32330 8083 3756 7085 4229
32331 8083 4229 3758 3756
32332 8083 1964 7992 3756
32333 8083 3756 1645 1964
32334 8083 6440 7536 7388
32335 8083 7388 7536 1646
32336 8083 3758 3726 1646
32337 8083 3726 7388 1646
32338 8403 4122 7332 4104
32339 8230 6027 8091 7712
32340 8084 7004 7262 6432
32341 8084 6432 7262 5084
32342 8270 4384 466 5156
32343 8084 2754 4960 5084
32344 8084 2754 8047 4960
32345 8084 4960 6432 5084
32346 8084 4960 8047 6432
32347 8084 6073 7004 6246
32348 8084 6246 6718 6073
32349 8130 5706 8039 7956
32350 8159 7041 7505 6217
32351 8186 6541 7130 5915
32352 8089 5618 7644 6506
32353 8089 5934 7644 5962
32354 8188 5987 7202 5963
32355 8085 5339 617 3873
32356 8085 5339 7277 617
32357 8085 617 7277 7046
32358 8085 7046 7879 5894
32359 8085 6778 7046 5894
32360 8085 6468 7879 6408
32361 8085 5333 6408 619
32362 8085 619 3765 5333
32363 8085 3876 6468 3765
32364 8085 3876 6778 6468
32365 8085 3765 6468 5333
32366 8085 5333 6468 6408
32367 8085 617 5335 3873
32368 8085 617 7046 5335
32369 8085 5894 7879 6468
32370 8085 6468 6778 5894
32371 8086 5996 7162 540
32372 8086 540 7162 4195
32373 8372 4638 5735 710
32374 8284 7690 7985 7910
32375 8372 4324 6696 708
32376 8169 3742 4483 3694
32377 8169 6678 7959 769
32378 8252 5498 7031 6321
32379 8418 6873 7505 6644
32380 8306 3162 8217 8131
32381 8194 6189 7221 6307
32382 8331 5141 2779 3302
32383 8397 5587 6247 5530
32384 8415 5191 6727 5798
32385 8221 1405 7188 1407
32386 8330 5482 7631 6647
32387 8306 3162 8131 6743
32388 260 7332 4104 261
32389 8353 5330 734 733
32390 8208 6763 7203 7127
32391 8387 6102 8287 4746
32392 8393 6976 7281 5532
32393 8401 6624 7047 4316
32394 8377 6510 7042 6410
32395 8377 6410 7042 3679
32396 8303 649 3781 5363
32397 8221 1407 7188 6222
32398 8392 7553 8279 6309
32399 8392 6722 8279 5907
32400 8269 7856 7860 2463
32401 8154 6148 7599 5690
32402 8218 6041 6863 5663
32403 8218 6041 8057 6320
32404 8220 3439 7896 4993
32405 8092 456 6131 4812
32406 8092 4812 6131 457
32407 8092 457 456 4812
32408 8092 6131 7317 6681
32409 8092 456 7317 6131
32410 8092 6681 7317 455
32411 8092 5041 6681 455
32412 8092 455 456 5041
32413 8092 455 7317 456
32414 8096 6143 7380 1392
32415 8372 4250 3429 709
32416 8337 5540 8246 7945
32417 8182 1254 2830 2844
32418 8096 1392 7380 1922
32419 8155 6569 7043 1625
32420 8155 725 3381 4475
32421 8196 1063 3429 2422
32422 8155 725 3382 3381
32423 8228 7673 8158 5734
32424 8228 7642 8158 6149
32425 8259 7035 8234 5497
32426 8353 732 5330 733
32427 8257 7483 7961 7147
32428 8253 5051 2967 2961
32429 8132 2017 4052 4069
32430 8132 4069 7415 2017
32431 8093 6044 6592 6560
32432 8093 2894 1518 1282
32433 8093 2894 6920 1518
32434 8093 1518 6920 1282
32435 8093 1882 1517 2895
32436 8093 1882 6592 1517
32437 8093 6560 6794 6044
32438 8093 6794 8081 6298
32439 8093 6044 6298 2900
32440 8093 6044 6794 6298
32441 8093 6298 8081 361
32442 8093 361 8081 2895
32443 8093 2900 361 2895
32444 8093 2900 6298 361
32445 8094 3003 7335 3000
32446 8094 5209 3003 3000
32447 8094 5209 5724 3003
32448 8094 3000 1326 1901
32449 8094 3000 7335 1326
32450 8094 1326 7335 1901
32451 8106 5932 6313 3844
32452 8106 5187 5747 3843
32453 8106 1722 6313 5755
32454 8325 6612 6689 6096
32455 8186 1242 2809 1246
32456 8236 2621 2388 1157
32457 8097 7008 7220 6078
32458 8097 5552 7220 6947
32459 8095 5785 7738 6144
32460 8095 7088 8082 5785
32461 8095 5785 8082 7738
32462 8095 6144 7738 3655
32463 8095 4465 6144 3655
32464 8095 4465 3655 3101
32465 8095 6890 7486 5153
32466 8095 5153 7486 4465
32467 8095 6266 7486 6890
32468 8095 4465 7486 6266
32469 8095 3115 6890 5153
32470 8220 6080 6486 5825
32471 8138 5994 7097 5503
32472 8114 5988 6347 4072
32473 8169 3742 771 4483
32474 8177 4169 6261 660
32475 8103 388 6163 5063
32476 8207 1833 8007 1471
32477 8319 7358 7828 6990
32478 8356 5795 6681 5809
32479 8196 6316 6416 1802
32480 8296 1390 6324 1921
32481 8096 5809 8032 7248
32482 8308 6684 6911 5593
32483 8096 1391 7248 3174
32484 8096 1391 7380 7248
32485 8096 3295 6143 1392
32486 8096 3175 3295 1392
32487 8096 452 3295 3175
32488 8096 452 5795 3295
32489 8096 452 3175 4907
32490 8260 6999 7682 5896
32491 8252 7031 7411 6321
32492 8390 6986 8280 7640
32493 8253 6200 8125 6864
32494 8397 5709 6247 5587
32495 8296 3657 3658 1557
32496 8137 4391 3559 3558
32497 8209 6568 7496 6079
32498 8209 5731 5754 5608
32499 8299 6667 7423 6674
32500 8222 607 4265 608
32501 8354 3028 8094 1534
32502 8140 6420 7706 914
32503 8167 6035 7336 4824
32504 8167 4824 7336 6635
32505 8167 4640 3164 444
32506 8319 5783 7913 6081
32507 8270 465 466 4384
32508 8236 2621 1157 1176
32509 8182 7511 8001 5557
32510 8222 6549 7333 607
32511 8206 5726 6535 5947
32512 8138 5503 6555 5994
32513 8138 6555 7087 5994
32514 8206 5550 6535 5726
32515 8206 5712 6838 6380
32516 8206 5726 7027 5550
32517 8155 725 5886 726
32518 8333 2627 254 4579
32519 8097 6889 7982 7259
32520 8097 7259 7982 6852
32521 8097 6889 7696 6943
32522 8097 6943 7696 7008
32523 8098 350 6310 351
32524 8098 4338 352 5282
32525 8116 969 7924 957
32526 8130 1132 6867 2572
32527 8099 3371 6696 710
32528 8099 2268 3371 710
32529 8099 1953 3371 2268
32530 8099 1953 6089 3371
32531 8099 2269 6973 1663
32532 8099 1663 3373 2269
32533 8182 7413 7511 5557
32534 8100 2435 5175 717
32535 8100 2435 6699 5175
32536 8100 4254 717 4244
32537 8100 4254 6651 717
32538 8102 5698 7346 5807
32539 8102 6077 6744 6052
32540 8102 5698 6077 6052
32541 8102 5698 6052 5922
32542 8102 6052 6744 5922
32543 8102 5698 7338 6077
32544 8102 6077 7338 5807
32545 8102 5807 7338 5698
32546 8154 6951 7038 6148
32547 8361 6868 8341 7646
32548 8153 2828 7381 7027
32549 8153 2828 4366 5027
32550 8153 1267 7027 1510
32551 8207 281 2382 2596
32552 8257 6209 7498 7147
32553 8333 6777 7638 6473
32554 8153 1259 7027 2870
32555 8153 5947 8070 6827
32556 8153 6827 8070 5285
32557 8153 2858 1267 1510
32558 8153 1259 2870 2828
32559 8153 2828 7027 1259
32560 8335 3956 8280 3931
32561 8414 1479 7347 3434
32562 8153 5947 6827 5726
32563 8153 7027 7078 1510
32564 8153 2880 5285 2858
32565 8153 2880 7078 5726
32566 8423 6581 8421 5589
32567 8358 5544 7810 5798
32568 8232 7732 7759 5521
32569 8217 6035 8167 445
32570 8313 3261 8277 3249
32571 8247 7229 7245 118
32572 8273 3009 6649 4318
32573 8268 4619 8251 528
32574 8228 459 8158 7642
32575 8257 7663 7982 5683
32576 8223 7303 7679 5694
32577 8251 7186 7386 530
32578 8247 4982 120 119
32579 8375 6012 7828 7358
32580 8272 7084 8051 5907
32581 8270 3347 7569 4384
32582 8403 7204 7332 4122
32583 8379 8013 8314 5675
32584 8407 6183 8303 5987
32585 8327 3391 1693 1692
32586 8273 2997 1535 3009
32587 8422 5724 8409 5827
32588 8357 5373 352 3961
32589 8339 6549 8222 8108
32590 8269 223 2463 4975
32591 8204 6579 7152 5791
32592 8208 6763 7097 5596
32593 8357 6987 8098 5282
32594 8218 6320 8057 5788
32595 8404 5496 7129 5624
32596 8269 5404 7244 6282
32597 8253 7934 8125 6737
32598 8412 264 4572 4890
32599 8264 7232 7588 6374
32600 8284 6134 7427 7323
32601 8194 6283 6877 5811
32602 8293 1968 5883 3950
32603 8270 5156 5744 3347
32604 8214 3442 1216 1857
32605 8223 6783 7303 6232
32606 8201 4968 374 4533
32607 8315 5768 7358 5779
32608 8218 5545 8112 7657
32609 8218 7212 8057 7657
32610 8259 6338 8234 6976
32611 8223 5567 6978 5637
32612 8222 609 8108 6672
32613 8268 526 6974 4389
32614 8411 5729 8403 977
32615 8223 5673 6783 5567
32616 8223 5597 6783 6232
32617 8387 7882 8000 6102
32618 8235 6268 7531 5849
32619 8303 7202 8301 648
32620 8225 2861 5058 2849
32621 8225 1873 6564 1264
32622 8225 5058 5778 2849
32623 8225 2861 7825 5058
32624 8126 5551 7205 6192
32625 8126 5491 7205 5551
32626 8126 6930 7675 6676
32627 8126 5491 6930 6676
32628 8126 6192 7205 6676
32629 8126 6676 7205 5491
32630 8126 6192 6676 213
32631 8126 6578 6844 6364
32632 8126 6578 7195 6844
32633 8126 7195 7826 6844
32634 8126 6844 7826 6622
32635 8126 213 2436 2396
32636 8126 2436 7675 2396
32637 8126 6676 7675 2436
32638 8126 213 6676 2436
32639 8127 974 7815 1776
32640 8290 6270 6766 6420
32641 8290 5591 6884 6270
32642 8128 6503 7180 6516
32643 8128 6516 7180 5770
32644 8128 6214 6516 5770
32645 8128 2745 6516 6214
32646 8128 1212 6516 2745
32647 8290 954 2043 4087
32648 8290 954 2060 2043
32649 8290 6270 6884 6766
32650 8290 2043 7706 2035
32651 8129 6002 6850 6228
32652 8129 6228 6630 6002
32653 8129 6850 7192 6228
32654 8129 6228 7192 6630
32655 8299 6117 7460 7167
32656 8221 1565 1405 3332
32657 8221 7188 8185 6176
32658 8313 4263 6121 4051
32659 8362 354 353 5373
32660 8323 2025 6091 4053
32661 8239 7657 8057 6721
32662 8206 5482 6925 6838
32663 8307 5976 7789 6834
32664 8320 210 209 4317
32665 8316 5669 6914 6176
32666 8131 3164 8061 3168
32667 8131 3168 6513 3137
32668 8131 1384 3168 3137
32669 8131 5836 6879 1379
32670 8131 1379 6879 1384
32671 8131 5836 7950 6513
32672 8131 6513 7950 3137
32673 8131 1379 7950 5836
32674 8131 3137 7950 1379
32675 8131 1379 1384 3137
32676 8186 2808 2809 1242
32677 8419 3212 3306 1408
32678 8132 2017 6279 4054
32679 8132 2017 7415 6279
32680 8132 4054 6279 2782
32681 8132 6279 7415 2782
32682 8133 4612 6055 4221
32683 8133 521 4612 4221
32684 8133 521 4367 2594
32685 8133 4367 6161 2594
32686 8133 6055 6206 4221
32687 8133 4221 6206 521
32688 8133 6161 6206 6055
32689 8133 521 6206 4367
32690 8133 6161 6917 6206
32691 8133 6206 6917 4367
32692 8133 4367 6917 6161
32693 8333 290 6777 6473
32694 8418 6009 8405 7154
32695 8389 6568 8359 6770
32696 8137 132 3559 4391
32697 8137 6685 7616 6048
32698 8137 6048 7616 6441
32699 8137 6893 7271 6048
32700 8137 5959 7271 6893
32701 8137 5651 7271 5959
32702 8137 1223 5959 1493
32703 8137 1493 2772 1223
32704 8137 2772 6685 2773
32705 8137 1223 2772 2773
32706 8137 2773 5959 1223
32707 8137 2773 6685 5959
32708 8137 6230 7616 6685
32709 8137 6441 7616 6230
32710 8137 6230 6685 132
32711 8137 4391 6230 132
32712 8137 6048 7271 5651
32713 8137 5651 6685 6048
32714 8140 5437 8060 7144
32715 8140 6403 8030 914
32716 8313 2038 8277 5214
32717 8138 5724 8094 6555
32718 8138 7087 7418 5994
32719 8138 5994 7418 7097
32720 8284 7421 7690 5920
32721 8312 1803 7857 7790
32722 8367 7683 8363 5831
32723 8177 663 7504 4166
32724 8139 4382 6237 4966
32725 8139 5009 7042 3247
32726 8139 3245 5009 3247
32727 8213 1792 6318 3406
32728 8205 5018 4270 3256
32729 8213 6318 7468 5627
32730 8337 5540 8318 5847
32731 8250 6414 6490 5983
32732 8371 3742 8169 5707
32733 8195 5948 6066 4987
32734 8140 6420 7872 6403
32735 8140 6779 8060 5437
32736 8140 914 7706 6403
32737 8140 914 8030 2067
32738 8140 2067 8030 6779
32739 8140 914 2067 5437
32740 8140 2067 6779 5437
32741 8140 5437 6420 909
32742 8140 909 914 5437
32743 8140 909 6420 914
32744 8141 5555 6948 5516
32745 8141 5667 7993 6785
32746 8141 6785 7993 5516
32747 8141 5516 6657 5555
32748 8141 5516 7993 6657
32749 8141 6657 7993 5667
32750 8141 5667 6705 6657
32751 8141 6657 6705 5555
32752 8141 5555 6705 5667
32753 8367 6090 8143 5643
32754 8143 4795 42 43
32755 8143 42 5812 43
32756 8143 4429 5812 42
32757 8143 4795 4429 42
32758 8143 2676 4429 4795
32759 8143 2676 6234 4429
32760 8143 2676 6243 6234
32761 8368 7123 8364 6647
32762 8368 5516 6948 6633
32763 8368 5516 8141 6948
32764 8143 43 6090 4714
32765 8367 6090 7717 5831
32766 8367 5831 6950 6090
32767 8367 6950 8143 6090
32768 8367 6243 8143 6950
32769 8366 2696 44 2697
32770 8366 2696 6243 2678
32771 8366 6950 8143 6243
32772 8145 3687 6956 1628
32773 8145 1628 1629 3687
32774 8145 1628 6956 1629
32775 8145 1629 6956 6325
32776 8145 6325 6497 1629
32777 8145 5675 6278 3684
32778 8145 5675 6956 6278
32779 8145 6278 6956 3684
32780 8145 3684 1627 3687
32781 8145 3684 6956 1627
32782 8145 1627 6956 3687
32783 8146 7023 7847 5562
32784 8146 5782 7023 6557
32785 8146 6557 7023 5562
32786 8146 6210 6416 6021
32787 8146 6416 6979 6021
32788 8148 2152 6039 1026
32789 8148 6039 7222 6439
32790 8148 1789 2129 1011
32791 8148 1789 6439 2129
32792 8148 1789 1010 2128
32793 8148 1010 6590 2128
32794 8148 2152 7222 6039
32795 8148 6439 7222 2129
32796 8148 1011 2129 2152
32797 8148 2129 7222 2152
32798 8228 6758 7642 5602
32799 8198 7456 7603 7506
32800 8345 3789 8233 1608
32801 8302 6880 7761 6025
32802 8149 3393 2559 1124
32803 8149 3393 6997 2559
32804 8150 5851 7000 6461
32805 8150 6461 7000 5925
32806 8150 1064 7000 2441
32807 8150 2441 1052 1064
32808 8374 1064 2176 2192
32809 8374 2178 7391 4162
32810 8374 2192 6747 5925
32811 8374 5777 8373 7861
32812 8374 2178 8373 5777
32813 8150 2441 7000 2757
32814 8150 2757 1052 2441
32815 8150 5925 7861 6461
32816 8150 6461 7861 5851
32817 8151 5669 7131 5123
32818 8376 5041 3623 3683
32819 8347 7113 7680 7165
32820 8371 8169 8184 6345
32821 8281 3900 7464 6556
32822 8422 208 5724 5209
32823 8153 1510 7078 2880
32824 8153 2880 2858 1510
32825 8153 5726 6827 2880
32826 8153 2880 6827 5285
32827 8153 5027 7381 2828
32828 8153 5027 7703 7381
32829 8153 7381 7703 5947
32830 8153 5947 7703 5027
32831 8210 7029 7050 6139
32832 8181 6016 6344 5999
32833 8181 5715 8023 5999
32834 8181 7564 7736 5879
32835 8181 6344 7736 6299
32836 8181 6299 7736 7564
32837 8155 2241 6569 1625
32838 8155 2284 2241 1625
32839 8156 6154 7053 6147
32840 8156 6147 6510 6154
32841 8156 4267 7053 3241
32842 8156 3325 4267 3241
32843 8156 1424 6415 3325
32844 8156 1424 7053 6415
32845 8156 3241 1424 3325
32846 8156 3241 7053 1424
32847 8157 6957 7272 7029
32848 8157 1783 999 2116
32849 8157 999 7383 2116
32850 8157 5984 7383 7029
32851 8157 7029 7383 6957
32852 8158 3560 6088 3190
32853 8158 3190 4853 3560
32854 8158 1399 6831 3194
32855 8158 3194 6831 6149
32856 8371 5707 8224 5510
32857 8257 6889 7961 7483
32858 8330 6945 8069 7269
32859 8359 4572 2509 3344
32860 8195 4773 7308 5948
32861 8195 4987 3586 2867
32862 8269 6855 7244 5404
32863 8248 4127 2105 279
32864 8287 2247 7704 1949
32865 8268 6115 7527 5113
32866 8308 6538 8023 7809
32867 8304 1349 6060 1343
32868 8195 3589 7308 1270
32869 8196 6416 7311 1802
32870 8268 528 5113 4933
32871 8247 6239 7245 7229
32872 8355 3326 8095 3101
32873 8408 5987 8340 8188
32874 8232 7211 7614 6480
32875 8245 7083 7251 2587
32876 8251 6115 6168 6028
32877 8197 5472 6841 817
32878 8197 7943 8012 5657
32879 8196 1063 1802 3429
32880 8197 5657 8012 6200
32881 8304 1349 3062 3066
32882 8229 3532 8199 6585
32883 8390 1693 8327 7420
32884 8236 1176 7662 6673
32885 8316 3332 4198 5123
32886 8272 1382 3646 1552
32887 8236 2663 2621 1176
32888 8236 1176 6673 2663
32889 8213 1030 1792 2136
32890 8164 6674 7436 7172
32891 8164 5772 7436 6674
32892 8164 5772 7654 7436
32893 8164 7436 7654 7172
32894 8164 6674 7167 5514
32895 8164 6674 7172 7167
32896 8164 7167 7172 5514
32897 8164 6000 6454 5514
32898 8165 2559 6997 3393
32899 8195 7308 7763 6066
32900 8314 6497 8145 6325
32901 8312 7001 7843 1066
32902 8313 5214 8277 4268
32903 8305 4688 3259 3264
32904 8422 4398 208 5199
32905 8378 6714 7671 5720
32906 8378 4437 8165 543
32907 8305 5824 7098 5835
32908 8209 6770 7496 6568
32909 8397 7113 7310 6247
32910 8249 6501 7972 6050
32911 8221 3332 8185 1565
32912 8373 6165 8150 7861
32913 8305 3252 5835 3259
32914 8377 3250 8156 3325
32915 8330 7269 8307 6945
32916 8330 6647 6834 5482
32917 8336 3165 1384 3158
32918 8215 6306 8198 7427
32919 8260 6999 7878 1357
32920 8176 5805 7070 6732
32921 8383 5697 7968 7430
32922 8176 6605 6732 6560
32923 8305 3252 7785 5835
32924 8306 6030 7091 6324
32925 8209 5731 7034 6079
32926 8176 6605 7694 6732
32927 8330 6945 8307 5604
32928 8385 6113 8383 7608
32929 8197 5073 7866 6756
32930 8373 2190 2177 1053
32931 8395 854 6710 853
32932 8203 1487 6496 3438
32933 8203 3438 6496 1195
32934 8353 4610 8237 732
32935 8378 3539 7671 6714
32936 8334 6551 7931 7609
32937 8360 6441 7576 6750
32938 8305 458 7065 459
32939 8305 4688 7065 458
32940 8236 2621 6846 4965
32941 8326 4248 8211 2345
32942 8203 3550 6750 3551
32943 8298 5677 7469 2466
32944 8301 6365 7178 5759
32945 8298 4480 6014 5677
32946 8301 5759 6559 6365
32947 8197 817 6841 6020
32948 8193 6615 7228 682
32949 8193 5207 682 3564
32950 8193 5758 7228 6615
32951 8197 6529 7943 815
32952 8193 3566 7938 7858
32953 8274 6073 7593 6718
32954 8335 6986 8327 6612
32955 8253 6200 6864 2967
32956 8196 6316 7311 6416
32957 8197 6020 8012 7943
32958 8193 3566 7858 5207
32959 8193 2769 7938 3566
32960 8301 646 8200 5365
32961 8313 4268 3249 26
32962 8301 6365 6559 646
32963 8301 5365 8200 5325
32964 8326 7163 8211 5717
32965 8197 6020 7943 6529
32966 8207 2596 1146 1833
32967 8179 1845 2684 2672
32968 8179 1181 5806 1845
32969 8179 1185 6100 1184
32970 8179 1184 2681 1185
32971 8179 2672 7135 1181
32972 8179 1845 2672 1181
32973 8179 5806 8055 7135
32974 8179 7135 8055 1181
32975 8179 1181 8055 5806
32976 8179 6100 6550 2679
32977 8179 1184 6100 2679
32978 8179 2679 2681 1184
32979 8179 2679 6550 2681
32980 8180 6632 7136 6225
32981 8180 5573 6632 6225
32982 8180 6448 7879 5811
32983 8180 5811 6949 6375
32984 8180 5811 7879 6949
32985 8181 6344 6571 5999
32986 8181 5999 6571 5715
32987 8181 6299 6961 6344
32988 8181 5715 6961 6299
32989 8181 5715 6571 3498
32990 8181 3498 6571 6344
32991 8181 6344 6961 3498
32992 8181 3498 6961 5715
32993 8182 2844 2830 4443
32994 8182 2844 8001 1261
32995 8182 1261 1254 2844
32996 8182 1261 8001 1254
32997 8182 1254 1256 2830
32998 8182 1256 6540 2830
32999 8182 1254 8001 7590
33000 8182 7590 8001 6540
33001 8182 2830 5068 4443
33002 8182 2830 6540 5068
33003 8182 4443 4801 2844
33004 8182 4443 7413 4801
33005 8182 5068 7413 4443
33006 8182 5068 7511 7413
33007 8182 1256 7590 6540
33008 8182 1254 7590 1256
33009 8182 6540 6846 5068
33010 8182 6540 7511 6846
33011 8182 6846 7511 5068
33012 8316 3211 4198 3332
33013 8280 4936 346 347
33014 8396 6645 8241 5687
33015 8408 5801 5987 5963
33016 8338 5819 7050 5498
33017 8390 3957 1693 1971
33018 8309 5400 3978 3979
33019 8312 2180 7790 6747
33020 8309 1740 7821 1763
33021 8295 1746 2421 2398
33022 8295 2398 7401 1746
33023 8385 5799 7954 7737
33024 8385 5579 6311 5969
33025 8191 6498 7608 5697
33026 8384 6180 8190 7026
33027 8384 7026 7304 6180
33028 8191 6157 6498 5893
33029 8191 5893 6498 5697
33030 8191 5697 6157 5893
33031 8384 3112 7304 4515
33032 8384 4515 8190 216
33033 8192 2040 5446 953
33034 8192 2040 6368 5446
33035 8192 953 7267 5794
33036 8192 5794 6368 953
33037 8192 5794 7267 6368
33038 923 2071 7267 6913
33039 8293 1683 7051 1968
33040 8231 6576 8037 6352
33041 8311 2602 1148 2601
33042 8217 4506 6035 445
33043 8259 6976 7035 5532
33044 8370 6162 8147 6537
33045 8193 3566 5207 2769
33046 8399 6090 8366 6950
33047 8327 6223 7420 3392
33048 8323 2025 4053 4090
33049 8420 542 8378 541
33050 8417 216 8190 4490
33051 8275 6160 6474 5578
33052 8337 7945 8318 5540
33053 8324 3103 8170 3490
33054 8384 3081 7304 3112
33055 8385 6113 7923 7139
33056 8329 7269 7542 6172
33057 8272 6293 7890 5907
33058 8308 6624 8040 7047
33059 8268 6974 7572 4389
33060 8289 2789 6851 1233
33061 8393 5700 6976 5532
33062 8365 1932 1429 3253
33063 8385 5799 7737 7362
33064 8383 7139 7608 6113
33065 8333 2465 5784 4857
33066 8375 435 8151 6587
33067 8315 7281 8017 7877
33068 8332 996 2112 1780
33069 8418 6644 7505 6217
33070 8288 6941 7699 6455
33071 8288 6912 6941 6455
33072 8406 5154 3114 3649
33073 8323 5179 3856 5324
33074 8324 7088 8170 3649
33075 8290 7559 7706 2060
33076 8336 3163 1385 1386
33077 8349 3339 4595 3264
33078 8415 7744 8100 718
33079 8412 264 6982 4102
33080 8284 7592 7690 7421
33081 8416 3250 8377 3334
33082 8290 942 6884 954
33083 8288 6455 7209 6912
33084 8290 6286 7706 7559
33085 8290 960 2060 954
33086 8347 6163 8103 7680
33087 8248 7383 8018 2115
33088 8350 6179 6436 5862
33089 8350 6436 7090 6598
33090 8291 5547 7561 7505
33091 8351 6813 7350 6294
33092 8410 7553 8392 6309
33093 8397 7680 8347 7113
33094 8351 4755 8077 365
33095 8386 5615 6818 5554
33096 8406 3104 4291 4430
33097 8334 6551 7609 7145
33098 8350 5724 7218 6631
33099 8376 4948 8349 3623
33100 8285 5447 7695 4088
33101 8321 5544 7859 6727
33102 8382 3991 1984 1761
33103 8350 6436 8027 7025
33104 8350 5503 7218 5724
33105 8350 5724 8138 5503
33106 8350 6566 7384 7097
33107 8323 899 3922 4090
33108 8323 3856 7942 1981
33109 8322 4034 8144 4030
33110 8350 6598 6631 6436
33111 8350 5862 8027 7384
33112 8236 1157 7662 1176
33113 8212 2671 6673 6174
33114 8375 7358 7451 5863
33115 8364 6948 8141 6834
33116 8351 6294 7350 6144
33117 8351 364 4755 365
33118 8350 6566 8138 6598
33119 8350 7097 8027 6522
33120 8350 6436 7218 6522
33121 8350 7097 8138 6566
33122 8400 3895 7903 3883
33123 8286 6174 7375 6871
33124 8286 6843 7965 5637
33125 8350 6522 8027 6436
33126 8350 5724 6631 6598
33127 8350 5862 7384 6566
33128 8286 6994 7375 6208
33129 8286 5637 7141 6871
33130 8350 5503 7097 6522
33131 8350 5503 8138 7097
33132 8384 4434 7746 3081
33133 8400 6269 7755 6183
33134 8325 5624 7129 6570
33135 8380 6027 8091 6919
33136 8286 6312 7375 6994
33137 8401 4316 7047 2609
33138 8341 4564 5100 4064
33139 8401 5007 2608 2569
33140 8333 254 8110 4110
33141 8399 6932 7318 6950
33142 8389 5674 6982 6686
33143 8371 3699 6534 6345
33144 8397 6247 7151 7113
33145 8341 5430 6868 6501
33146 8314 7230 8013 6306
33147 8407 651 8087 7046
33148 8397 7310 8347 6264
33149 8379 6134 7427 6646
33150 8341 2691 8249 2685
33151 8341 6501 7452 5430
33152 8341 5430 7452 4052
33153 8314 6956 8145 5675
33154 8341 2691 5100 4564
33155 8379 5889 8013 6278
33156 8341 5100 4775 2057
33157 8399 2697 8366 44
33158 8394 6997 8086 7737
33159 8403 6162 8370 7332
33160 8403 2097 2095 976
33161 8386 5554 7621 5615
33162 8324 5154 3649 3103
33163 8303 648 8301 5325
33164 8406 4291 5669 5619
33165 8303 3780 648 5325
33166 8330 6535 7622 5482
33167 8292 3854 5212 5331
33168 8248 6170 7383 5984
33169 8292 895 5165 5331
33170 8248 2115 4127 2116
33171 8227 4020 8173 2058
33172 8304 7273 7776 6060
33173 8247 6379 7229 4283
33174 8268 4933 7527 527
33175 8306 7091 8217 3153
33176 8356 7322 7980 5620
33177 8310 4477 436 4739
33178 8292 6937 7963 7926
33179 8310 436 6352 4739
33180 8245 2697 1191 2696
33181 8370 261 7332 6537
33182 8307 6423 6834 6647
33183 8354 1336 3615 3030
33184 8292 3920 6937 3919
33185 8362 5370 7192 6630
33186 8382 3991 7033 3981
33187 8287 4746 6102 694
33188 8287 2247 1949 1605
33189 8233 5338 3789 735
33190 8376 1572 6363 6017
33191 8338 7003 7212 5493
33192 8318 6297 8159 5847
33193 8318 5540 8159 6297
33194 8318 8159 8241 6133
33195 8318 5847 6133 5566
33196 8338 5493 7212 7050
33197 8268 6655 7572 6680
33198 8305 7065 8228 8158
33199 8304 3064 7273 6060
33200 8424 2392 8409 6933
33201 8400 1657 3895 1598
33202 8398 6363 8349 7098
33203 8234 5497 7126 6762
33204 8219 2645 6761 6070
33205 8361 2685 8249 1186
33206 8371 3742 1632 1633
33207 8317 922 7924 2075
33208 8317 922 927 926
33209 8317 926 6690 922
33210 8284 6511 6646 6134
33211 8284 6511 6723 6646
33212 8283 5674 7143 6995
33213 8338 5819 6918 5756
33214 8283 3344 1102 1451
33215 8284 6723 7678 7427
33216 8353 3887 5582 5330
33217 8364 7753 8300 5555
33218 8367 6234 8143 6243
33219 8389 6995 8359 6568
33220 8370 261 6537 262
33221 8388 194 193 4337
33222 8317 922 4027 927
33223 8338 5498 6075 5819
33224 8219 6761 7835 7320
33225 8219 5144 7835 2625
33226 8219 2625 3538 5144
33227 8219 5144 4496 579
33228 8219 3538 4496 5144
33229 8219 2625 7835 6761
33230 8376 1572 8205 3683
33231 8328 7289 8250 7373
33232 8336 3165 4703 3163
33233 8353 7015 8233 5582
33234 8396 6631 6645 3605
33235 8413 6237 8139 4382
33236 8338 5498 8239 5861
33237 8388 7401 8295 2398
33238 8388 2398 8295 4929
33239 8355 1369 7088 3114
33240 8344 3975 250 249
33241 8402 2395 8320 5723
33242 8293 5389 5780 3948
33243 8289 2789 1231 3303
33244 8291 6292 7561 5547
33245 8289 3303 6214 2789
33246 8291 6292 7995 5499
33247 8335 6612 8327 8211
33248 8316 8185 8221 3332
33249 8327 6689 8211 6612
33250 8369 8109 8360 6750
33251 8366 6090 8143 6950
33252 8375 3216 8151 3674
33253 8396 5280 206 205
33254 8369 6112 7946 5921
33255 8379 5889 8215 8013
33256 8326 2342 7163 4937
33257 8363 6382 6483 5825
33258 8326 309 5717 4248
33259 8366 4714 8143 6090
33260 8359 4890 3344 2303
33261 8275 7603 8019 7949
33262 8387 1604 2246 1605
33263 8275 7603 7949 6792
33264 8407 6521 7046 5987
33265 8364 6535 8330 5482
33266 8385 7737 8383 7362
33267 8287 5856 7704 695
33268 8411 2096 8147 6982
33269 8403 2097 7204 4122
33270 8305 7642 8228 5824
33271 8375 435 6587 4517
33272 8395 853 4700 3278
33273 8395 4905 6710 854
33274 8364 5555 8300 6948
33275 8395 4905 7028 6710
33276 8302 5605 7742 5716
33277 8395 853 7094 6022
33278 8255 6262 6853 6531
33279 8407 5238 7046 6521
33280 8385 6311 7923 6113
33281 8232 7962 7984 7759
33282 8400 3883 6183 5363
33283 8316 5669 8185 5123
33284 8379 7323 8314 6306
33285 8315 7877 8017 6859
33286 8379 6134 6646 5675
33287 8379 5675 7323 6134
33288 8397 5639 5709 5587
33289 8414 2384 3534 1479
33290 8249 6050 7972 7751
33291 8387 1604 8000 1603
33292 8353 5695 8237 5582
33293 8232 5521 8189 5496
33294 8419 2476 6876 1408
33295 8302 6025 7761 7066
33296 8302 6880 7137 5599
33297 8332 6277 8043 7138
33298 8382 6873 8309 1762
33299 8266 5507 7701 7566
33300 8266 5755 6181 5979
33301 8266 5507 7566 5975
33302 8270 5156 3347 4384
33303 8268 6655 8251 4619
33304 8268 527 7527 6974
33305 8266 5979 8042 5755
33306 8266 5507 5979 5603
33307 8266 5755 6313 5890
33308 8266 7095 7566 5581
33309 8266 6791 7701 5507
33310 8266 7241 8042 5975
33311 8329 7864 8069 6717
33312 8339 8108 8222 2376
33313 8342 4415 3534 2384
33314 8266 5581 7838 5890
33315 8266 5507 8042 5979
33316 8364 6834 8330 7753
33317 8266 6313 8042 7241
33318 8266 5603 7838 5581
33319 8266 5581 7701 6791
33320 8266 7156 7838 5603
33321 8390 1971 7976 3957
33322 8320 3423 5723 2395
33323 8381 6599 7776 5693
33324 8378 542 4437 543
33325 8302 6025 7742 7137
33326 8320 4397 209 210
33327 8323 3922 7942 5171
33328 8340 5987 8331 8188
33329 8351 4509 6144 5232
33330 8340 8188 8331 2779
33331 8340 5238 6521 3569
33332 8255 1220 7491 2766
33333 8385 5969 7362 5579
33334 8337 5566 8318 7826
33335 8392 6098 6270 6205
33336 8257 7147 7961 5681
33337 8256 1246 2796 1242
33338 8335 1692 1693 3956
33339 8256 1242 8186 1246
33340 8337 6933 8246 5847
33341 8352 6073 7593 7004
33342 8256 1246 6613 2796
33343 8256 1246 8186 6613
33344 8255 2766 3561 1220
33345 8411 2096 972 976
33346 8324 3490 8170 434
33347 8337 7826 8318 7945
33348 8285 2037 4088 2022
33349 8285 5447 4088 2037
33350 8285 5979 7656 6000
33351 8299 6674 7167 6667
33352 8328 5974 7289 6769
33353 8387 2245 7882 2244
33354 8285 7656 7695 5447
33355 8288 6941 7426 6367
33356 8285 2037 7656 5447
33357 8285 4088 6347 2022
33358 8335 3931 8280 6612
33359 8328 5719 7371 5616
33360 8381 3066 8304 3062
33361 8384 3081 215 4434
33362 8328 6467 8250 7320
33363 8285 6454 7656 2037
33364 8285 5979 7695 7656
33365 8285 6454 8164 6000
33366 8285 6000 7656 6454
33367 8285 2022 6454 2037
33368 8285 7695 8164 6347
33369 8312 6747 7001 2180
33370 8388 4929 8295 193
33371 8396 2963 2959 5280
33372 8288 5608 7081 7034
33373 8288 5608 7530 7209
33374 8287 5695 7704 6431
33375 8395 3278 8260 4905
33376 8328 4145 7513 545
33377 8328 7513 7634 545
33378 8328 6769 7289 5616
33379 8328 5719 8250 6467
33380 8411 5903 5946 5729
33381 8312 7790 7857 7843
33382 8329 7020 7864 6717
33383 8328 6467 7513 5719
33384 8384 3081 7746 7304
33385 8328 6070 7634 7513
33386 8384 215 6676 4434
33387 8299 6667 7460 7423
33388 8352 637 7262 638
33389 8324 433 3103 434
33390 8400 1947 7102 6269
33391 8313 6121 8282 4092
33392 8420 541 8086 4195
33393 8313 4051 4092 26
33394 8380 7007 8152 7502
33395 8406 5785 8386 6818
33396 8376 3623 6363 1933
33397 8310 437 6504 5733
33398 8419 6931 7433 5895
33399 8369 6750 8360 6652
33400 8319 6081 7913 5863
33401 8391 6876 8310 6576
33402 8419 1079 8391 2476
33403 8371 3697 8169 3742
33404 8306 6337 8167 7336
33405 8393 5700 6840 6092
33406 8391 2477 1079 1444
33407 8306 6337 6790 5850
33408 8306 6337 7336 6790
33409 8306 6324 6743 5850
33410 8391 2476 8310 6876
33411 8394 8086 8378 5720
33412 8391 2477 8231 8037
33413 8319 6224 8254 7297
33414 8292 6937 8173 7963
33415 8292 5165 8173 3920
33416 8292 895 5331 5435
33417 8368 6633 6870 6765
33418 8393 5733 6504 5700
33419 8314 6306 7323 6398
33420 8357 7055 8098 6228
33421 8292 2058 895 5435
33422 8310 6576 6876 5733
33423 8250 6257 7373 7289
33424 8398 7395 8092 5612
33425 8361 2660 7972 7646
33426 8325 5717 8211 7163
33427 8378 3539 542 543
33428 8310 8037 8231 6576
33429 8372 710 6696 4324
33430 8317 4048 6452 930
33431 8315 5768 6504 5532
33432 8399 5087 7318 46
33433 8257 5683 7498 6209
33434 8257 5683 6209 5881
33435 8393 5836 6207 6092
33436 8289 6214 6851 2789
33437 8253 5051 6200 2967
33438 8253 1313 6864 2968
33439 8253 1893 1313 2968
33440 8253 2968 1309 1893
33441 8253 2968 6265 1309
33442 8253 6200 6841 6737
33443 8253 6737 6841 2961
33444 8253 5051 6841 6200
33445 8253 2961 6841 5051
33446 8304 3064 7776 7273
33447 8279 6346 8030 7382
33448 8425 5620 6581 5589
33449 8364 6535 8300 7753
33450 8317 6616 7924 6690
33451 8332 2112 7902 2102
33452 8342 6013 8056 7347
33453 8344 6919 8230 251
33454 8309 3979 6753 6644
33455 8309 1740 3978 1762
33456 8255 6262 7077 6853
33457 8304 1352 7776 3625
33458 8347 5948 7310 7113
33459 8349 4948 457 4595
33460 8281 1667 7859 6260
33461 8305 7642 7785 460
33462 8356 453 7980 4732
33463 8317 927 4027 4048
33464 8305 4688 460 3259
33465 8345 2250 1609 1608
33466 8421 8139 8413 6237
33467 8381 7776 8304 6353
33468 8417 6125 7265 6180
33469 8345 2254 7062 6640
33470 8346 6208 7983 6185
33471 8345 2250 7062 2254
33472 8332 6425 8043 7902
33473 8381 6353 8304 3066
33474 8414 6761 8342 7835
33475 8260 3633 6999 1357
33476 8260 1357 3278 3633
33477 8260 3078 4905 3082
33478 8260 3078 7682 4905
33479 8261 3513 7886 5722
33480 8261 5722 6810 3513
33481 8262 3065 7018 6938
33482 8262 3065 1350 1344
33483 8262 6938 7876 1350
33484 8262 3065 6938 1350
33485 8263 5119 8261 240
33486 8263 240 2582 5119
33487 8263 241 7570 5790
33488 8263 240 7873 5412
33489 8263 5412 7570 241
33490 8263 241 240 5412
33491 8263 5412 7873 7570
33492 8263 7570 7873 6297
33493 8263 6297 7873 5790
33494 8263 5790 7570 6297
33495 8415 6699 6433 719
33496 8365 1431 3257 3245
33497 8265 3132 1890 1311
33498 8265 1890 5796 1311
33499 8265 3132 7547 1890
33500 8265 1890 7547 5796
33501 8265 1308 6631 1527
33502 8265 1527 2959 1308
33503 8265 1527 6631 2959
33504 8265 5687 7547 5033
33505 8292 5212 4063 5331
33506 8292 5212 7926 4063
33507 8356 4732 452 453
33508 8292 2058 5165 895
33509 8329 6254 7542 7020
33510 8292 4063 7926 5435
33511 8292 7926 7963 2044
33512 8292 2044 7963 5435
33513 8329 6127 7542 7269
33514 8331 5141 649 650
33515 8406 3114 7088 3649
33516 8274 640 7593 7409
33517 8275 5845 8019 5605
33518 8340 7227 7286 3569
33519 8275 6792 7949 5845
33520 8275 5605 5935 5845
33521 8275 7603 7652 6204
33522 8363 7251 8245 7083
33523 8423 8139 8421 6581
33524 8275 6204 7652 6474
33525 8278 256 6252 257
33526 8275 5935 6993 6731
33527 8412 4890 6568 264
33528 8278 4107 7307 2093
33529 8278 2093 7307 6358
33530 8362 354 5370 355
33531 8378 5720 7671 543
33532 8275 6731 6993 5605
33533 8347 5948 6901 6264
33534 8348 2449 7607 611
33535 8293 3950 5883 3967
33536 8275 5605 8019 7603
33537 8347 6901 8103 6163
33538 8348 610 2449 611
33539 8362 355 7589 4359
33540 8362 4359 6987 354
33541 8363 6234 7251 6382
33542 8362 354 6987 353
33543 8364 7753 8330 6535
33544 8363 6234 6382 5825
33545 8329 7009 7894 6127
33546 8400 3895 3781 1598
33547 8422 5199 8402 2392
33548 8378 543 7671 3539
33549 8399 45 4909 2697
33550 8380 7007 8091 5773
33551 8291 5499 7995 7754
33552 8291 7754 7995 7505
33553 8290 960 7559 2060
33554 8364 5550 8206 6925
33555 8364 6535 8206 5550
33556 8395 853 6022 852
33557 8312 1056 1803 2180
33558 8380 7440 8091 6027
33559 8299 7423 7752 6674
33560 8397 7113 7151 5639
33561 8290 5591 6286 960
33562 8380 5773 7440 7007
33563 8386 1914 5645 1366
33564 8290 6286 7559 960
33565 8291 7387 7754 7561
33566 8291 7387 7561 6292
33567 8380 5773 8091 7440
33568 8394 5720 7918 5799
33569 8425 5620 6891 5612
33570 8399 4714 6090 4567
33571 8369 6652 8360 7946
33572 8286 6871 7375 6312
33573 8286 6312 6994 6871
33574 8286 6208 6843 5637
33575 8356 6681 7317 5809
33576 8414 1479 3434 1162
33577 8349 1435 3623 3339
33578 8375 402 7451 3135
33579 8374 5925 6103 1064
33580 8359 6995 7143 2509
33581 8301 5325 8200 7755
33582 8301 6365 7202 7178
33583 8425 8205 8423 7980
33584 8330 7622 7753 7269
33585 8310 6352 8037 6576
33586 8409 5723 5827 5566
33587 8422 207 6645 5724
33588 8324 433 5669 432
33589 8355 1365 3649 1369
33590 8365 6581 8205 1431
33591 8326 6612 7163 1690
33592 8360 6441 8109 7616
33593 8336 3158 6879 3165
33594 8355 3115 8095 5153
33595 8326 1970 6612 1690
33596 8336 1384 6879 3158
33597 8404 7129 8325 5624
33598 8326 6612 8211 7163
33599 8326 5717 8211 7419
33600 8369 6750 8028 6481
33601 8375 6453 7451 7358
33602 8399 45 44 4567
33603 8369 5921 8109 7022
33604 8367 7631 8363 7683
33605 8368 6870 7123 6647
33606 8390 3957 5381 3956
33607 8407 5876 8087 6183
33608 8390 7420 8327 6986
33609 8349 3339 6363 1435
33610 8322 5652 6972 6952
33611 8322 4030 2070 1998
33612 8356 5620 6891 5795
33613 8322 1998 2070 955
33614 8322 2070 8166 955
33615 8353 733 734 4408
33616 8411 2095 2096 976
33617 8390 7640 7976 6986
33618 8390 1693 8335 8327
33619 8398 7065 8092 7395
33620 8374 2176 4162 4188
33621 8371 1634 6663 6534
33622 8407 4457 8331 650
33623 8373 1062 2189 2190
33624 8372 2422 3429 4250
33625 8394 7737 7954 5799
33626 8370 4108 2095 4104
33627 8374 1050 1064 2192
33628 8372 709 710 4324
33629 8371 5510 8224 6345
33630 8371 1633 1958 3697
33631 8371 3742 5707 1632
33632 8393 6207 6976 6092
33633 8408 1227 8340 7286
33634 8364 6834 7753 5555
33635 8392 6270 7553 5892
33636 8392 5907 7872 6286
33637 8350 6598 7090 6179
33638 8336 1384 8131 6879
33639 8321 6260 8281 7859
33640 8425 5977 7532 6773
33641 8351 6459 6813 6294
33642 8386 6890 8355 3115
33643 8406 4291 5619 4430
33644 8324 433 5154 3103
33645 8315 7358 7877 6859
33646 8349 3623 4948 3339
33647 8393 5836 6092 5779
33648 8321 1623 8281 2279
33649 8401 532 4316 5007
33650 8338 6075 6918 5819
33651 8391 1444 6931 3478
33652 8391 6576 8310 8231
33653 8382 1984 7033 6009
33654 8382 6009 7033 5417
33655 8415 5191 5798 4252
33656 8401 6624 8308 7047
33657 8406 3104 5645 3114
33658 8391 8037 8310 2477
33659 8406 3114 4291 3104
33660 8406 6818 8386 5645
33661 8391 3478 2477 1444
33662 8391 2477 8310 2476
33663 8391 6576 8231 6931
33664 8321 2279 2281 1623
33665 8321 2312 8281 1623
33666 8376 6017 8205 1572
33667 8376 4270 5041 3683
33668 8376 8092 8349 4948
33669 8376 1572 3623 1933
33670 8365 1431 8205 1932
33671 8365 1429 6017 3253
33672 8325 7419 8211 5717
33673 8325 6612 8211 6689
33674 8412 2509 263 262
33675 8394 5720 7954 7737
33676 8376 3683 3623 1572
33677 8341 4064 2057 5430
33678 8399 6090 7318 4567
33679 8341 5100 2057 4064
33680 8341 2057 7646 6868
33681 8320 5827 7919 209
33682 8364 5482 8330 6834
33683 8376 3623 8349 6363
33684 8328 545 7634 6769
33685 8328 5616 7371 6769
33686 8328 545 6769 4145
33687 8368 6765 6870 6785
33688 8319 7297 7448 6859
33689 8321 5544 6727 5798
33690 8354 8094 8138 6598
33691 8363 6486 6950 5831
33692 8362 4359 354 355
33693 8379 7323 7427 6134
33694 8348 7583 8034 6101
33695 8407 5238 8340 4457
33696 8318 6133 8241 5566
33697 8318 5512 8159 7041
33698 8318 5512 8241 8159
33699 8318 7826 8241 5512
33700 8318 7041 7826 5512
33701 8318 5847 7296 6133
33702 8318 5847 8159 7296
33703 8318 7296 8159 6133
33704 8374 2178 1052 1054
33705 8336 3163 1386 3165
33706 8349 4688 8305 3264
33707 8319 7828 8254 6224
33708 8319 7541 7828 6224
33709 8319 6990 7237 6081
33710 8319 6990 7541 7237
33711 8319 6990 7828 6012
33712 8319 6012 7541 6990
33713 8319 6012 7828 7541
33714 8364 7581 8300 5550
33715 8395 7682 8260 6999
33716 8320 3423 6192 5723
33717 8320 5723 6192 5551
33718 8401 6028 8308 6624
33719 8333 4857 8110 254
33720 8412 6568 6982 264
33721 8396 5724 7218 6645
33722 8353 6421 8237 4634
33723 8405 3979 8309 6644
33724 8332 996 7138 2111
33725 8332 1780 3375 996
33726 8332 3375 7138 996
33727 8332 2290 8043 3375
33728 8396 6436 8265 6896
33729 8407 6183 8087 3883
33730 8331 7202 8188 5987
33731 8404 5493 7129 6787
33732 8321 2281 2312 1623
33733 8321 2281 7859 2312
33734 8335 3931 6612 1691
33735 8381 6060 6803 5821
33736 8349 4948 4595 3339
33737 8423 7980 8205 6581
33738 8422 207 5724 208
33739 8325 6689 8211 6223
33740 8359 2303 8006 6770
33741 8333 4110 8110 6777
33742 8333 6777 8110 7638
33743 8403 2097 976 977
33744 8333 2465 7726 5784
33745 8351 6266 6459 400
33746 8388 4929 193 194
33747 8346 6185 6994 6208
33748 8331 4203 8188 649
33749 8331 5141 8188 4203
33750 8378 541 542 3539
33751 8365 1429 8205 6017
33752 8406 7131 8324 8170
33753 8355 3114 7088 1914
33754 8382 3978 5411 3991
33755 8357 6228 8098 6987
33756 8331 649 8303 5363
33757 8406 7131 8170 7480
33758 8331 5987 8303 7202
33759 8331 7202 8303 649
33760 8406 5645 8386 7088
33761 8424 8409 8422 6645
33762 8371 1958 3699 3697
33763 8369 5921 8360 8109
33764 8388 195 4929 194
33765 8416 3250 3334 4883
33766 8323 3922 3856 1981
33767 8323 5179 6091 3856
33768 8323 1981 7942 3922
33769 8323 5324 4053 5179
33770 8323 899 5324 3922
33771 8371 7367 7959 6345
33772 8388 2398 4929 195
33773 8425 7980 8423 6581
33774 8371 5707 6663 1632
33775 8373 1062 6969 2189
33776 8374 4162 7391 4188
33777 8425 5612 7532 5865
33778 8411 6982 8147 6162
33779 8388 193 8295 6195
33780 8402 2395 3422 4397
33781 8388 195 7401 2398
33782 8388 193 4906 4337
33783 8402 209 8320 4397
33784 8402 4397 8320 2395
33785 8364 6948 7581 6633
33786 8354 6566 8138 7087
33787 8340 2779 1227 3302
33788 8414 1159 2384 1162
33789 8340 2779 8331 4457
33790 8339 7333 8222 6549
33791 8424 8402 8422 8409
33792 8339 2376 8222 7333
33793 8380 6027 6919 5992
33794 8408 1225 7867 5963
33795 8344 249 8091 7502
33796 8389 5674 7530 5608
33797 8392 6309 8279 6722
33798 8392 5907 8279 7872
33799 8389 7530 8209 5608
33800 8398 5824 8305 8228
33801 8386 5554 8187 6890
33802 8330 5604 8307 6647
33803 8330 6647 7631 5604
33804 8346 6994 8334 7641
33805 8404 5496 5717 5623
33806 8420 8165 8378 4437
33807 8420 2559 8149 6997
33808 8364 5555 6948 6834
33809 8415 8100 8358 6699
33810 8410 6145 6845 5062
33811 8411 1777 7783 5903
33812 8411 2089 6982 1777
33813 8408 8188 8340 3302
33814 8375 6587 8151 7006
33815 8396 2959 3605 5280
33816 8375 3135 7451 3216
33817 8366 4714 4715 43
33818 8367 7631 7683 6647
33819 8405 8309 8382 6873
33820 8405 5400 5411 3978
33821 8351 6144 7350 6266
33822 8351 6266 7350 6813
33823 8351 364 6459 4755
33824 8351 6459 8077 4755
33825 8400 1947 6269 1598
33826 8350 6631 7218 6436
33827 8420 6997 8165 2559
33828 8405 5411 8382 3978
33829 8351 4509 2913 2919
33830 8350 7384 8027 7097
33831 8350 6598 8138 5724
33832 8350 7025 8027 5862
33833 8350 6436 7025 5862
33834 8350 6179 7090 6436
33835 8350 5862 6566 6179
33836 8371 7959 8169 6345
33837 8371 3697 3699 4631
33838 8375 7006 8151 6453
33839 8351 6296 6519 2919
33840 8351 400 364 4509
33841 8351 6294 8077 6459
33842 8388 6195 6274 5701
33843 8353 4610 7702 6325
33844 8353 5869 6325 5875
33845 8353 5869 6421 6325
33846 8353 4634 8237 4610
33847 8346 7641 8334 5506
33848 8410 5062 6845 4376
33849 8410 5892 7710 6309
33850 8410 7553 7710 5892
33851 8415 6727 8358 5798
33852 8353 732 8237 5695
33853 8353 3695 7702 4610
33854 8353 3887 5330 732
33855 8353 4408 5875 3695
33856 8353 5875 7702 3695
33857 8353 732 5695 3887
33858 8338 5861 6075 5498
33859 8338 5819 8210 7050
33860 8338 7050 8210 5756
33861 8338 5756 8210 5819
33862 8375 7358 7828 7006
33863 8375 4517 3135 3216
33864 8407 5363 3883 5326
33865 8407 651 7046 652
33866 8408 5963 8188 2777
33867 8396 6896 7218 6436
33868 8396 6896 8265 5687
33869 8413 3338 4910 4382
33870 8411 1777 5903 972
33871 8388 6274 7401 195
33872 8389 5608 8209 6770
33873 8395 5821 7682 6999
33874 8401 5007 6624 532
33875 8422 6645 8409 5724
33876 8408 7286 7867 2760
33877 8405 236 6402 235
33878 8395 6022 7094 6710
33879 8368 6633 7123 6870
33880 8351 365 2913 4509
33881 8351 365 6296 2913
33882 8351 2919 6519 4509
33883 8377 6415 8156 6410
33884 8364 5482 7123 6925
33885 8424 2431 6933 6133
33886 8375 3216 3674 4517
33887 8352 7262 8084 7004
33888 8396 7218 8241 6645
33889 8412 4102 8147 263
33890 8415 5798 7744 718
33891 8360 6048 7946 6652
33892 8391 2476 1079 2477
33893 8386 1914 7088 3114
33894 8391 1444 7909 6931
33895 8394 5799 7954 5720
33896 8393 6092 6976 5700
33897 8396 5687 8241 7218
33898 8407 651 5326 3782
33899 8406 432 4291 5154
33900 8411 972 5903 5729
33901 8386 6890 7621 5554
33902 8401 2569 7386 5007
33903 8375 7006 7828 6587
33904 8359 2303 6770 4890
33905 8418 5964 7669 7154
33906 8357 352 8098 7055
33907 8349 3339 7098 6363
33908 8349 457 8092 7065
33909 8369 5921 7022 6112
33910 8369 6652 8028 6750
33911 8421 6924 7334 7042
33912 8369 6481 8028 7535
33913 8369 6668 8028 6652
33914 8342 7837 7874 6013
33915 8342 6761 8056 7835
33916 8342 7874 8056 6013
33917 8342 7835 8056 5983
33918 8342 5983 8056 6057
33919 8342 6057 7835 5983
33920 8342 6057 6308 5245
33921 8342 5245 6308 3534
33922 8342 6057 7874 6308
33923 8342 6057 8056 7874
33924 8342 6308 7874 7837
33925 8342 4415 5245 3534
33926 8342 4415 6057 5245
33927 8342 2384 7835 4193
33928 8342 4193 4415 2384
33929 8342 4193 6057 4415
33930 8342 4193 7835 6057
33931 8344 5425 6856 251
33932 8344 5425 251 250
33933 8344 6622 7199 3975
33934 8344 6622 7533 7199
33935 8344 7199 7533 3975
33936 8353 5330 8233 7015
33937 8360 7616 7946 6048
33938 8347 7113 7165 5948
33939 8398 5824 7395 5612
33940 8398 7065 8349 8092
33941 8345 5766 8233 1610
33942 8345 1609 6640 1610
33943 8345 1610 6640 5766
33944 8345 1610 3789 1609
33945 8345 1610 8233 3789
33946 8345 3788 5695 1607
33947 8345 3788 8233 5695
33948 8345 5695 8233 5582
33949 8345 5582 7062 5695
33950 8345 5582 8233 5538
33951 8345 5538 7062 5582
33952 8389 5674 8283 6995
33953 8407 5363 8331 8303
33954 8394 7737 8086 5720
33955 8356 454 6681 5018
33956 8414 2625 7835 2384
33957 8346 6551 6994 6185
33958 8346 6551 8334 6994
33959 8346 6208 7641 5501
33960 8346 5501 7557 6208
33961 8346 5501 7641 7557
33962 8346 7931 8334 6551
33963 8346 6185 7931 6551
33964 8360 7616 8109 5921
33965 8412 6568 8359 6995
33966 8407 5363 6183 3883
33967 8391 3478 8231 2477
33968 8391 6576 6931 6876
33969 8413 3338 8365 6017
33970 8412 4572 263 2509
33971 8391 8231 8310 8037
33972 8391 6931 8231 3478
33973 8407 5238 651 652
33974 8393 6840 7349 6092
33975 8393 6504 7349 6840
33976 8407 652 7046 5238
33977 8418 6402 7669 5964
33978 8359 4890 6770 6568
33979 8352 5084 638 3556
33980 8352 7262 7593 638
33981 8379 6306 8215 7427
33982 8379 6646 7427 5889
33983 8390 3956 1693 3957
33984 8390 6986 8335 8280
33985 8390 3956 8335 1693
33986 8380 7502 8344 8091
33987 8354 1336 7087 3028
33988 8411 5729 6982 6162
33989 8353 734 7015 4408
33990 8414 1162 7347 2626
33991 8356 6681 6891 5612
33992 8356 5620 6681 5612
33993 8356 453 452 4907
33994 8411 972 5729 976
33995 8388 4952 6274 195
33996 8375 6990 7451 402
33997 8375 4517 6990 402
33998 8375 3674 8151 435
33999 8375 6587 7828 6012
34000 8421 6656 7461 5767
34001 8415 5798 8358 8100
34002 8417 5227 8384 216
34003 8407 5876 6183 5987
34004 8394 6997 7737 5799
34005 8363 6486 7083 6950
34006 8397 5530 6424 5587
34007 8370 6537 8147 262
34008 8370 4104 261 4108
34009 8370 262 8147 4108
34010 8377 1427 3334 3250
34011 8424 8402 8409 2392
34012 8407 650 5326 4457
34013 8408 7479 7867 6532
34014 8412 6995 8147 6982
34015 8382 1762 8309 3978
34016 8382 1762 3978 1761
34017 8381 6599 7351 5896
34018 8397 6163 6424 5530
34019 8381 5693 7351 6599
34020 8388 5701 6274 4952
34021 8381 3062 8304 5821
34022 8381 3062 5821 3066
34023 8388 6195 8295 7401
34024 8381 5821 6803 5896
34025 8381 5821 7351 5693
34026 8381 5896 7351 5821
34027 8403 5763 7204 2097
34028 8385 5579 7923 6311
34029 8385 6113 7954 6311
34030 8384 4494 215 5227
34031 8384 4494 6676 215
34032 8352 6718 7593 6073
34033 8352 6718 8274 7593
34034 8352 2750 1492 3556
34035 8352 2750 6718 1492
34036 8352 3556 8214 8084
34037 8352 7593 8274 5031
34038 8352 2740 6718 2750
34039 8352 2740 8274 6718
34040 8352 6718 8214 1492
34041 8352 1492 8214 3556
34042 8352 8084 8214 6246
34043 8352 6246 8214 6718
34044 8352 6718 8084 6246
34045 8352 5031 8274 2740
34046 8352 2750 5031 2740
34047 8405 5400 8309 3979
34048 8379 6278 6646 5889
34049 8379 5675 8314 7323
34050 8408 2760 7867 1497
34051 8354 3028 1534 1336
34052 8354 3030 7697 6566
34053 8354 6566 7087 3030
34054 8354 1534 3614 3615
34055 8354 3614 7697 3615
34056 8354 6598 7697 3614
34057 8354 1534 8094 1901
34058 8354 1901 3614 1534
34059 8354 1901 6598 3614
34060 8354 1901 8094 6598
34061 8376 1933 6363 1572
34062 8412 6568 6995 6982
34063 8371 5707 8169 7959
34064 8371 6345 8184 4631
34065 8387 4746 8287 2246
34066 8387 6431 8000 1604
34067 8387 6102 8000 6431
34068 8387 6431 8287 6102
34069 8356 5809 8096 5795
34070 8356 4371 7317 454
34071 8356 454 4907 4371
34072 8356 4732 4677 452
34073 8356 4732 7322 4677
34074 8356 4907 8032 4371
34075 8356 4371 8032 7317
34076 8356 8032 8096 5809
34077 8356 7317 8032 5809
34078 8424 2431 6133 4259
34079 8408 7286 8340 6532
34080 8357 5282 8098 352
34081 8357 5373 3961 3940
34082 8357 6228 7192 7055
34083 8357 7055 7192 3961
34084 8357 352 7055 3938
34085 8357 3938 7055 3961
34086 8357 3961 352 3938
34087 8357 3961 7192 3940
34088 8358 5798 6727 5544
34089 8358 5704 7711 5813
34090 8358 5544 7929 7810
34091 8358 7810 7929 7711
34092 8358 7711 7929 5544
34093 8358 6651 7810 5704
34094 8358 7744 8100 5798
34095 8358 5798 7810 7744
34096 8358 5813 6103 5704
34097 8358 5813 6699 6103
34098 8358 6699 8100 6651
34099 8358 6651 8100 7744
34100 8358 7744 7810 6651
34101 8358 6103 6651 5704
34102 8358 6103 6699 6651
34103 8361 1186 8249 7972
34104 8361 6501 8116 5609
34105 8361 4775 8341 2685
34106 8361 2660 4775 2685
34107 8361 1186 7972 2660
34108 8415 5813 6727 6433
34109 8370 261 262 4108
34110 8422 8320 8402 209
34111 8385 7737 7954 6113
34112 8371 4631 8169 3697
34113 8361 6501 8341 6868
34114 8361 6868 8116 6501
34115 8376 6681 8205 5612
34116 8387 1605 8287 6431
34117 8376 5865 6363 5612
34118 8376 5865 8205 6363
34119 8416 4883 8377 7042
34120 8418 6402 8405 6644
34121 8416 486 4883 487
34122 8425 5620 7580 6502
34123 8406 7131 7480 5669
34124 8409 5566 5827 5724
34125 8389 6568 8209 7530
34126 8389 5674 6995 6982
34127 8382 1761 6873 1762
34128 8380 5992 8152 7007
34129 8415 5798 8100 7744
34130 8390 6986 7976 7420
34131 8390 1693 7420 1971
34132 8390 8327 8335 6986
34133 8389 5608 5830 5674
34134 8389 5608 8283 5830
34135 8396 5687 7218 6896
34136 8389 5830 8283 5674
34137 8389 6568 7530 6686
34138 8389 6686 6982 6568
34139 8423 8205 8365 6581
34140 8423 6017 8205 5865
34141 8405 6873 8382 6009
34142 8389 6686 7530 5674
34143 8387 2245 8000 7882
34144 8388 193 6195 4906
34145 8417 216 8384 8190
34146 8401 6028 7386 6168
34147 8387 2244 8000 2245
34148 8407 5326 3883 3782
34149 8400 3780 8303 7755
34150 8387 2244 7882 4495
34151 8387 4495 7882 6102
34152 8387 4495 4746 2244
34153 8392 6286 7872 6270
34154 8413 6017 6638 3338
34155 8411 8370 8403 6162
34156 8411 4108 8370 8147
34157 8411 2095 8403 8370
34158 8420 5132 4437 542
34159 8411 2089 1777 2096
34160 8411 4108 8147 2096
34161 8411 2096 6982 2089
34162 8411 5946 7783 1777
34163 8385 7608 7737 6113
34164 8381 5821 8304 6060
34165 8407 5987 7046 5876
34166 8406 432 8324 5669
34167 8406 5645 7480 6818
34168 8406 7480 8170 5785
34169 8406 7088 8324 3649
34170 8406 6818 7480 5785
34171 8406 3649 8324 5154
34172 8377 1570 3334 1931
34173 8377 3325 6415 1422
34174 8377 1422 6415 1427
34175 8377 1427 3325 1422
34176 8425 5865 7532 5977
34177 8394 5799 8165 6997
34178 8379 6278 8013 5675
34179 8401 7047 8308 6684
34180 8386 3114 7088 5645
34181 8416 7042 7334 487
34182 8389 6982 6995 6568
34183 8421 6237 8413 5865
34184 8413 8139 8365 4382
34185 8396 205 6645 5687
34186 8396 5033 8265 2963
34187 8396 5687 8265 5033
34188 8400 3780 1947 3781
34189 8400 7755 8303 6183
34190 8400 3781 1947 1598
34191 8400 5363 3781 3895
34192 8400 3883 7903 6183
34193 8390 7420 7976 1971
34194 8405 5400 6644 5420
34195 8386 3115 1914 3102
34196 8386 3102 1914 1366
34197 8386 1366 7621 3102
34198 8380 7007 7440 5992
34199 8380 5992 7440 6027
34200 8419 6876 6931 5895
34201 8419 1408 1079 2476
34202 8396 3605 206 5280
34203 8418 6374 7669 6217
34204 8416 7042 8377 6510
34205 8405 234 7154 5417
34206 8405 5420 6644 6402
34207 8405 5420 6402 236
34208 8405 5417 7154 6009
34209 8405 235 5400 236
34210 8396 3605 6645 206
34211 8396 2959 6631 3605
34212 8399 2697 44 45
34213 8401 2608 7101 2569
34214 8397 5530 7310 6264
34215 8399 44 8366 4714
34216 8386 5645 7621 1366
34217 8402 3422 5723 1770
34218 8397 5530 6264 6163
34219 8393 5779 6207 5836
34220 8425 5977 8421 5865
34221 8423 8413 8421 8139
34222 8401 6684 7101 2609
34223 8401 5007 7386 6624
34224 8401 2608 4316 2609
34225 8401 2609 7101 2608
34226 8401 2609 7047 6684
34227 8397 7113 8347 7310
34228 8421 7042 7334 6510
34229 8396 5724 6645 6631
34230 8420 3284 2559 5132
34231 8402 5723 8320 5827
34232 8419 1408 6876 1413
34233 8419 7909 8391 1444
34234 8419 7433 7909 3477
34235 8400 1598 7903 1657
34236 8400 5363 8303 3781
34237 8403 6162 7332 7204
34238 8420 8378 8394 8086
34239 8419 1444 1079 3477
34240 8422 5199 2392 4398
34241 8403 5729 6162 5763
34242 8425 5612 8205 7980
34243 8425 6581 8423 5589
34244 8420 2559 8165 4437
34245 8416 6510 8156 7829
34246 8420 3284 8149 2559
34247 8404 5624 7419 6922
34248 8404 5624 8325 7419
34249 8404 6922 7419 5717
34250 8423 6017 8365 8205
34251 8404 7419 8325 5717
34252 8404 6096 8325 7129
34253 8404 7129 7545 6096
34254 8404 5493 7545 7129
34255 8404 5624 6922 5496
34256 8404 7545 8325 6096
34257 8403 4104 2095 2097
34258 8407 3883 8087 3782
34259 8394 7918 8165 5799
34260 8394 5720 8378 7918
34261 8394 7918 8378 8165
34262 8403 4104 8370 2095
34263 8395 852 4700 853
34264 8395 4942 6999 4700
34265 8395 5821 6999 4942
34266 8395 4700 6999 3633
34267 8395 3278 4700 3633
34268 8395 6999 8260 3633
34269 8395 3633 8260 3278
34270 8395 852 6022 4942
34271 8395 4942 4700 852
34272 8395 5821 7206 6022
34273 8395 6022 7206 4942
34274 8395 4942 7206 5821
34275 8420 6997 8394 8165
34276 8405 6402 7154 235
34277 8420 4437 8378 542
34278 8405 234 5411 235
34279 8405 5417 5411 234
34280 8405 236 5400 5420
34281 8420 541 8378 8086
34282 8399 44 4714 4567
34283 8399 6950 8366 2697
34284 8399 45 5087 46
34285 8407 4457 651 5238
34286 8398 8349 8376 8092
34287 8398 8092 8376 5612
34288 8398 6363 8376 8349
34289 8398 5612 8376 6363
34290 8398 7098 7532 6363
34291 8398 6363 7532 5612
34292 8398 7098 8349 3264
34293 8398 3264 8305 7098
34294 8398 3264 8349 8305
34295 8422 5724 5827 5209
34296 8411 4108 2096 2095
34297 8419 5895 7433 3212
34298 8421 6581 8139 7042
34299 8421 6924 7461 5705
34300 8421 5705 7334 6924
34301 8421 6656 7334 5705
34302 8411 5903 7783 5946
34303 8417 3424 2438 5227
34304 8411 2095 8370 4108
34305 8416 4883 7042 487
34306 8411 8147 8370 6162
34307 8424 6133 6933 5566
34308 8424 207 8422 4398
34309 8424 6645 8422 207
34310 8424 4259 6645 207
34311 8419 1444 8391 1079
34312 8424 4259 207 4398
34313 8419 1079 3306 3477
34314 8417 7265 8190 6180
34315 8417 2438 4494 5227
34316 8420 4195 7162 6997
34317 8417 4490 7597 3424
34318 8417 4490 5227 216
34319 8417 3424 7597 6930
34320 8424 4259 2394 2431
34321 8417 7265 7597 4490
34322 8422 5199 208 209
34323 8405 3978 8309 5400
34324 8416 6510 8377 8156
34325 8409 5723 8402 5827
34326 8409 5724 6645 5566
34327 8409 5566 6933 5723
34328 8421 5865 5977 5767
34329 8421 7042 8139 6924
34330 8424 6133 6645 4259
34331 8418 6009 7669 6374
34332 8416 487 7829 486
34333 8422 209 208 5209
34334 8408 5963 7479 5801
34335 8408 2777 8188 3302
34336 8408 1497 2777 3302
34337 8408 1497 1225 2777
34338 8408 1225 5963 2777
34339 8408 3302 1227 1497
34340 8408 3302 8340 1227
34341 8408 5987 7213 6532
34342 8408 5801 7213 5987
34343 8408 5801 7479 7213
34344 8408 7213 7479 6532
34345 8425 5620 7980 6581
34346 8418 6217 7505 6374
34347 8425 5977 6502 5589
34348 8409 1770 8402 5723
34349 8409 5723 6933 1770
34350 8409 2392 8402 1770
34351 8409 1770 6933 2392
34352 8425 6502 6891 5620
34353 8419 3477 7909 1444
34354 8425 5589 7580 5620
34355 8419 3306 7433 3477
34356 8419 3212 7433 3306
34357 8419 1413 6876 3212
34358 8411 976 8403 2095
34359 8415 5813 8358 6727
34360 8415 6433 6727 720
34361 8425 5865 8205 5612
34362 8425 6502 7580 5589
34363 8425 5612 7980 5620
34364 8420 8086 8394 6997
34365 8424 2392 8422 8402
34366 8425 6773 7532 5612
34367 8422 5827 8409 8402
34368 8422 5209 5827 209
34369 8419 2476 8391 6876
34370 8424 2394 6933 2431
34371 8418 6374 6873 6009
34372 8418 7154 7669 6009
34373 8423 6581 8365 8139
34374 8415 8100 6699 719
34375 5175 719 6699 8100
34376 8415 719 6433 4387
34377 8415 4387 720 719
34378 8415 4387 6433 720
34379 8415 6699 8358 5813
34380 8415 6433 6699 5813
34381 8416 6510 7829 7334
34382 8416 3334 8377 4883
34383 8416 3250 4883 486
34384 8416 6510 7334 7042
34385 8418 6402 6644 6217
34386 8418 6374 7505 6873
34387 8418 6217 7669 6402
34388 8416 4267 3250 486
34389 8416 4267 8156 3250
34390 8416 7829 8156 4267
34391 8416 486 7829 4267
34392 8416 7334 7829 487
34393 8418 7154 8405 6402
34394 8418 6644 8405 6873
34395 8425 5977 6773 6502
34396 8425 5612 6891 6502
34397 8421 5705 7461 6656
34398 8421 6510 6656 5589
34399 8421 5589 7042 6510
34400 8425 6502 6773 5612
34401 8425 5589 8421 5977
34402 8425 8421 8423 5865
34403 3913 8106 6736 5476
