8425 3 0 0
1 5.998252868652344 -0.29633378982543945 -0.037165362387895584
2 5.999286651611328 -0.2838059365749359 -0.0935940220952034
3 5.999214172363281 -0.26276278495788574 -0.14368629455566406
4 5.999614238739014 -0.23194582760334015 -0.18879659473896027
5 5.999372959136963 -0.1920051872730255 -0.2283332347869873
6 5.999365329742432 -0.15434232354164124 -0.25657424330711365
7 5.999599933624268 -0.112664133310318 -0.27710336446762085
8 5.999721527099609 -0.06777434796094894 -0.2910866141319275
9 5.9988274574279785 -0.01831633970141411 -0.2985077500343323
10 5.999606609344482 0.038600772619247437 -0.296659380197525
11 5.9994025230407715 0.09232684969902039 -0.28363001346588135
12 5.9996442794799805 0.1413252204656601 -0.26361921429634094
13 5.999589443206787 0.1841035634279251 -0.2359534353017807
14 5.999201774597168 0.22080661356449127 -0.20178988575935364
15 5.999551296234131 0.2513545751571655 -0.16238047182559967
16 5.998323440551758 0.2745882570743561 -0.120051309466362
17 5.98400354385376 0.290243536233902 -0.07689623534679413
18 5.999011993408203 0.29807156324386597 -0.029094669967889786
19 5.999416351318359 0.2982923984527588 0.026982344686985016
20 5.998606204986572 0.291777104139328 0.06781189143657684
21 5.999346733093262 0.27496233582496643 0.11707792431116104
22 5.999289035797119 0.24868740141391754 0.166660338640213
23 5.9996514320373535 0.2157653421163559 0.2069273442029953
24 5.999627113342285 0.13438543677330017 0.26741600036621094
25 5.9996137619018555 0.08497413247823715 0.28701192140579224
26 5.999190807342529 0.036550018936395645 0.2972213923931122
27 5.999595642089844 -0.015424668788909912 0.29879680275917053
28 5.99959135055542 -0.11357346922159195 0.2767260670661926
29 5.999553680419922 -0.1609656810760498 0.25191256403923035
30 5.999556541442871 -0.20422667264938354 0.2188558578491211
31 5.999483108520508 -0.239855095744133 0.17857323586940765
32 5.998281955718994 -0.2630577087402344 0.1438153088092804
33 5.998682022094727 -0.2836971580982208 0.09633632749319077
34 5.99784517288208 -0.29417023062705994 0.05609915032982826
35 5.753189563751221 -0.2997221052646637 -0.010643575340509415
36 5.751510143280029 -0.29527297616004944 -0.053531840443611145
37 5.750865936279297 -0.2819341719150543 -0.10234738886356354
38 5.748696804046631 -0.2613263428211212 -0.14721158146858215
39 5.750022888183594 -0.23193202912807465 -0.19047018885612488
40 5.765799045562744 -0.19360768795013428 -0.2282705008983612
41 5.758327960968018 -0.15232039988040924 -0.25845035910606384
42 5.7480974197387695 -0.11158856749534607 -0.27840688824653625
43 5.762054443359375 -0.07372807711362839 -0.29075464606285095
44 5.730418682098389 0.00036761726369149983 -0.29969537258148193
45 5.741072177886963 0.04248959571123123 -0.2969897985458374
46 5.7585296630859375 0.08773674815893173 -0.2868625819683075
47 5.747888565063477 0.1339845508337021 -0.26833581924438477
48 5.757671356201172 0.17611292004585266 -0.2428385466337204
49 5.734639644622803 0.21902728080749512 -0.20419706404209137
50 5.74361515045166 0.2501106262207031 -0.16563430428504944
51 5.748068809509277 0.27386659383773804 -0.12275544553995132
52 5.73562479019165 0.2906278967857361 -0.07225527614355087
53 5.742315769195557 0.29911941289901733 -0.022973883897066116
54 5.749001979827881 0.29888716340065 0.025005841627717018
55 5.763794898986816 0.29185187816619873 0.06950671225786209
56 5.721659183502197 0.26536130905151367 0.1396649181842804
57 5.766352653503418 0.24754983186721802 0.16951698064804077
58 5.760646343231201 0.21414487063884735 0.20939373970031738
59 5.765138626098633 0.1750434786081314 0.24301837384700775
60 5.761744022369385 0.13209268450737 0.2693102955818176
61 5.76860237121582 0.08618219941854477 0.2867279648780823
62 5.764683723449707 0.040529415011405945 0.297270268201828
63 5.730238437652588 0.0041402471251785755 0.29953721165657043
64 5.74965238571167 -0.0694926530122757 0.29188334941864014
65 5.76495361328125 -0.11449382454156876 0.2765975594520569
66 5.762670516967773 -0.1567433476448059 0.2557700574398041
67 5.731842041015625 -0.19012707471847534 0.2319982647895813
68 5.739810943603516 -0.25999197363853455 0.14965815842151642
69 5.77251672744751 -0.28801649808883667 0.08272047340869904
70 5.724928379058838 -0.2944091260433197 0.05940631777048111
71 5.48374080657959 -0.2993423044681549 -0.004457102157175541
72 5.483327388763428 -0.2953825294971466 -0.05256110057234764
73 5.50892972946167 -0.2860434651374817 -0.09022580087184906
74 5.491559982299805 -0.255338579416275 -0.15735825896263123
75 5.519515514373779 -0.22972503304481506 -0.1918216049671173
76 5.505199432373047 -0.19660741090774536 -0.22658151388168335
77 5.484969139099121 -0.15160179138183594 -0.25808700919151306
78 5.493041038513184 -0.10901586711406708 -0.27948135137557983
79 5.499934673309326 -0.06212122365832329 -0.29354363679885864
80 5.504012107849121 -0.015049075707793236 -0.29954636096954346
81 5.479313373565674 0.028712745755910873 -0.29829472303390503
82 5.48837423324585 0.08590410649776459 -0.28744328022003174
83 5.484010696411133 0.13215622305870056 -0.26825568079948425
84 5.497594833374023 0.17972606420516968 -0.24011178314685822
85 5.498708724975586 0.2167503386735916 -0.20731748640537262
86 5.491299152374268 0.24857309460639954 -0.167949840426445
87 5.509188175201416 0.274087518453598 -0.12195475399494171
88 5.503185749053955 0.2895360291004181 -0.07813340425491333
89 5.477506637573242 0.2973960340023041 -0.040000345557928085
90 5.521111488342285 0.29685214161872864 0.04371338710188866
91 5.5009307861328125 0.289481520652771 0.07853494584560394
92 5.481624603271484 0.27651679515838623 0.11532973498106003
93 5.504355430603027 0.2496773600578308 0.16617096960544586
94 5.472357273101807 0.22085364162921906 0.20184168219566345
95 5.501736164093018 0.18377020955085754 0.23674364387989044
96 5.501893997192383 0.14426487684249878 0.2630106210708618
97 5.500632286071777 0.040799129754304886 0.2971573770046234
98 5.491194248199463 -0.011473777703940868 0.29982587695121765
99 5.500014305114746 -0.0630555972456932 0.2934021055698395
100 5.501211643218994 -0.11062923818826675 0.2787998616695404
101 5.530085563659668 -0.1418670117855072 0.2637438178062439
102 5.48520565032959 -0.20152448117733002 0.22223997116088867
103 5.483607292175293 -0.23617112636566162 0.18422415852546692
104 5.490819454193115 -0.2600097954273224 0.1496821641921997
105 5.479614734649658 -0.28812578320503235 0.08285000920295715
106 5.51153039932251 -0.2964925169944763 0.04574889689683914
107 5.262661933898926 -0.2999829351902008 0.00011545466259121895
108 5.226386547088623 -0.2970722019672394 -0.04138016700744629
109 5.2539849281311035 -0.28370386362075806 -0.09742586314678192
110 5.235694408416748 -0.25961315631866455 -0.14929057657718658
111 5.241691589355469 -0.23751705884933472 -0.18342524766921997
112 5.260512351989746 -0.1932971179485321 -0.22939535975456238
113 5.244162559509277 -0.1566728949546814 -0.2558686137199402
114 5.269682884216309 -0.10389278829097748 -0.2807631492614746
115 5.2498674392700195 -0.05872894078493118 -0.2940720319747925
116 5.247800350189209 -0.012183692306280136 -0.299699604511261
117 5.23521089553833 0.040028370916843414 -0.29668450355529785
118 5.252631664276123 0.08611264824867249 -0.2873149812221527
119 5.23097562789917 0.14579151570796967 -0.26202842593193054
120 5.267319679260254 0.16886091232299805 -0.2480260133743286
121 5.239151954650879 0.2201516479253769 -0.20381487905979156
122 5.261821746826172 0.24454239010810852 -0.17384400963783264
123 5.247193813323975 0.28866392374038696 -0.08102282881736755
124 5.229308605194092 0.298613578081131 -0.030245453119277954
125 5.246979713439941 0.29848793148994446 0.02954055182635784
126 5.2496538162231445 0.2900013029575348 0.07656221091747284
127 5.272103309631348 0.28126490116119385 0.10226722806692123
128 5.237786769866943 0.2477019727230072 0.1689128279685974
129 5.241352081298828 0.21888583898544312 0.20530809462070465
130 5.225841045379639 0.17883799970149994 0.23988813161849976
131 5.2530741691589355 0.1337214559316635 0.2684413194656372
132 5.239494800567627 0.09159345924854279 0.2856665253639221
133 5.214294910430908 0.05150796100497246 0.2954840064048767
134 5.271216869354248 -0.017209231853485107 0.2997483015060425
135 5.266399383544922 -0.06282083690166473 0.2925049364566803
136 5.242553234100342 -0.1107616126537323 0.2787264585494995
137 5.247668266296387 -0.16107319295406342 0.25300440192222595
138 5.254080772399902 -0.1990424245595932 0.22436067461967468
139 5.240061283111572 -0.2326299250125885 0.18937711417675018
140 5.248139381408691 -0.2633781135082245 0.1435088813304901
141 5.253064155578613 -0.28386425971984863 0.09684949368238449
142 5.266573429107666 -0.29530611634254456 0.04872390627861023
143 4.988473415374756 -0.29998958110809326 -0.0023446737322956324
144 5.002037048339844 -0.2949146032333374 -0.05457748472690582
145 5.018054962158203 -0.28002500534057617 -0.1054871529340744
146 5.017545223236084 -0.25491440296173096 -0.15805749595165253
147 4.988015174865723 -0.2318081557750702 -0.19050852954387665
148 4.982962608337402 -0.19871185719966888 -0.2236601859331131
149 4.997445106506348 -0.15633302927017212 -0.2559633255004883
150 4.998219013214111 -0.11131851375102997 -0.278513103723526
151 4.988925933837891 -0.06174534559249878 -0.2936441898345947
152 4.9958577156066895 -0.009787684306502342 -0.2997626066207886
153 4.982574462890625 0.04212287440896034 -0.29640284180641174
154 4.978681564331055 0.0965021476149559 -0.28394946455955505
155 4.988234996795654 0.1379074603319168 -0.26633894443511963
156 5.02178430557251 0.1669858992099762 -0.24842849373817444
157 4.989076137542725 0.2068280279636383 -0.2168307602405548
158 4.984015464782715 0.24292296171188354 -0.17607079446315765
159 5.021975517272949 0.2797550559043884 -0.1076614111661911
160 4.999876499176025 0.29158878326416016 -0.07025603950023651
161 5.014467716217041 0.29841291904449463 -0.031033623963594437
162 4.984421253204346 0.2980981171131134 0.0331634096801281
163 5.0071024894714355 0.2907423973083496 0.07386834174394608
164 5.004544734954834 0.27234184741973877 0.12561911344528198
165 5.0194621086120605 0.24362695217132568 0.17372120916843414
166 5.020037651062012 0.20668166875839233 0.2173318713903427
167 5.002099514007568 0.1740795075893402 0.2441418617963791
168 5.024104595184326 0.131620854139328 0.2685992419719696
169 5.012805461883545 0.08628971874713898 0.2873045802116394
170 4.981939315795898 0.04365737363696098 0.29585859179496765
171 4.999012470245361 -0.012760457582771778 0.2996222972869873
172 4.980938911437988 -0.06436730921268463 0.2930757701396942
173 5.000729084014893 -0.11383937299251556 0.2774977385997772
174 4.990128517150879 -0.15863268077373505 0.25461336970329285
175 5.001456260681152 -0.20050367712974548 0.22305607795715332
176 5.016908645629883 -0.2361479103565216 0.18394367396831512
177 5.0076680183410645 -0.2644695043563843 0.14161613583564758
178 5.004871368408203 -0.2821655869483948 0.1016925722360611
179 4.986900806427002 -0.2938007712364197 0.059552811086177826
180 4.747304439544678 -0.3000258803367615 -0.004428769461810589
181 4.743695259094238 -0.29437366127967834 -0.05443345755338669
182 4.742231845855713 -0.28517669439315796 -0.09287408739328384
183 4.7704854011535645 -0.25385183095932007 -0.1589493304491043
184 4.7348480224609375 -0.233354389667511 -0.18864259123802185
185 4.731695652008057 -0.2043125331401825 -0.21813921630382538
186 4.7324371337890625 -0.16220268607139587 -0.25232285261154175
187 4.760258197784424 -0.116681307554245 -0.27641037106513977
188 4.730390548706055 -0.06962396204471588 -0.2918580174446106
189 4.750255107879639 -0.015057500451803207 -0.2995552122592926
190 4.740994453430176 0.03654869273304939 -0.29780787229537964
191 4.7491865158081055 0.08814577758312225 -0.2869098484516144
192 4.734760284423828 0.1371338814496994 -0.26611191034317017
193 4.741127967834473 0.18061447143554688 -0.23951676487922668
194 4.751322269439697 0.21535462141036987 -0.20876222848892212
195 4.739511489868164 0.24425992369651794 -0.1741791069507599
196 4.723040580749512 0.26984912157058716 -0.13074931502342224
197 4.7607550621032715 0.2925601601600647 -0.06696946918964386
198 4.756252288818359 0.29830753803253174 -0.026190083473920822
199 4.743197441101074 0.29895809292793274 0.025330714881420135
200 4.761829376220703 0.2918572723865509 0.06976766139268875
201 4.735790729522705 0.2700273394584656 0.13085289299488068
202 4.764655590057373 0.24449273943901062 0.17365682125091553
203 4.733251571655273 0.2202957719564438 0.2036392241716385
204 4.759645462036133 0.17369592189788818 0.24468950927257538
205 4.743701934814453 0.13713473081588745 0.266872376203537
206 4.757749557495117 0.09739646315574646 0.2836194634437561
207 4.758520126342773 0.031325601041316986 0.2984795570373535
208 4.757334232330322 -0.01040852814912796 0.29914867877960205
209 4.7524003982543945 -0.06286739557981491 0.2934280037879944
210 4.7363433837890625 -0.11349531263113022 0.27713581919670105
211 4.742225170135498 -0.15733155608177185 0.25542986392974854
212 4.745467662811279 -0.2010873407125473 0.22271791100502014
213 4.73426628112793 -0.23733177781105042 0.1824982762336731
214 4.74105978012085 -0.2616584897041321 0.14670072495937347
215 4.7694830894470215 -0.28709712624549866 0.08418931066989899
216 4.757979869842529 -0.29677286744117737 0.04358181357383728
217 4.489860534667969 -0.29998090863227844 0.0015816115774214268
218 4.499863147735596 -0.2959892451763153 -0.048509832471609116
219 4.502066612243652 -0.2840050160884857 -0.09676690399646759
220 4.5012431144714355 -0.2627016603946686 -0.144743412733078
221 4.503009796142578 -0.23415681719779968 -0.18741866946220398
222 4.516635417938232 -0.19183118641376495 -0.23066723346710205
223 4.4884185791015625 -0.153346985578537 -0.2579290568828583
224 4.516198635101318 -0.10930466651916504 -0.27882733941078186
225 4.522728443145752 -0.060897622257471085 -0.2938195466995239
226 4.474772930145264 -0.026994742453098297 -0.29809901118278503
227 4.481565952301025 0.028351321816444397 -0.2980477809906006
228 4.488993167877197 0.08136999607086182 -0.28839311003685
229 4.487664699554443 0.13127228617668152 -0.2697658836841583
230 4.475466728210449 0.1751387119293213 -0.24260200560092926
231 4.510216236114502 0.21350324153900146 -0.21066942811012268
232 4.480798721313477 0.24234655499458313 -0.1762475073337555
233 4.485889911651611 0.2736453115940094 -0.12290409207344055
234 4.501702308654785 0.2900319993495941 -0.07646767050027847
235 4.491260528564453 0.29901671409606934 -0.024909796193242073
236 4.5058746337890625 0.2990533709526062 0.024588046595454216
237 4.499299049377441 0.29116323590278625 0.07197627425193787
238 4.489073753356934 0.27327749133110046 0.12379211187362671
239 4.502684116363525 0.2497139573097229 0.16616541147232056
240 4.491604328155518 0.21832621097564697 0.20575284957885742
241 4.524439334869385 0.17377938330173492 0.2435263842344284
242 4.518502712249756 0.12421061098575592 0.27299708127975464
243 4.48675537109375 0.08614301681518555 0.28739237785339355
244 4.496609687805176 0.038986630737781525 0.29740166664123535
245 4.49205207824707 -0.014988242648541927 0.29960647225379944
246 4.517332553863525 -0.0565047487616539 0.29473769664764404
247 4.486536502838135 -0.11819600313901901 0.2757642865180969
248 4.500460147857666 -0.1578044593334198 0.2550565302371979
249 4.508133888244629 -0.19644087553024292 0.22675128281116486
250 4.516768932342529 -0.23145754635334015 0.189961239695549
251 4.501138687133789 -0.26186713576316833 0.1462264209985733
252 4.489461421966553 -0.28401604294776917 0.09656022489070892
253 4.50375509262085 -0.2956070899963379 0.051637694239616394
254 4.261959552764893 -0.29998013377189636 -0.003593933768570423
255 4.248397350311279 -0.29531723260879517 -0.052440203726291656
256 4.258400917053223 -0.2839742600917816 -0.0967169851064682
257 4.26950740814209 -0.2659376859664917 -0.13730981945991516
258 4.242834091186523 -0.22987350821495056 -0.19269639253616333
259 4.264672756195068 -0.19391578435897827 -0.22802971303462982
260 4.260056018829346 -0.1537085771560669 -0.25760677456855774
261 4.261215686798096 -0.11155320703983307 -0.27853965759277344
262 4.273443698883057 -0.06142759323120117 -0.29272890090942383
263 4.258940696716309 -0.009101285599172115 -0.29990556836128235
264 4.254262447357178 0.04084034264087677 -0.29712235927581787
265 4.266494274139404 0.09176796674728394 -0.28491678833961487
266 4.257887840270996 0.13940869271755219 -0.2656356394290924
267 4.256093502044678 0.17831477522850037 -0.24115289747714996
268 4.243076324462891 0.21562108397483826 -0.20853924751281738
269 4.2659382820129395 0.25126880407333374 -0.16256648302078247
270 4.266673564910889 0.27899178862571716 -0.10973581671714783
271 4.239109516143799 0.29200491309165955 -0.06629505753517151
272 4.243518829345703 0.29903677105903625 -0.023786498233675957
273 4.250145435333252 0.2989717125892639 0.026232825592160225
274 4.253715991973877 0.2909300923347473 0.07288989424705505
275 4.232595443725586 0.27662885189056396 0.115989089012146
276 4.249407768249512 0.24854052066802979 0.1681206226348877
277 4.249223709106445 0.21480844914913177 0.20932921767234802
278 4.233119010925293 0.1743735522031784 0.2433057576417923
279 4.241937160491943 0.1311231255531311 0.2698255777359009
280 4.25138521194458 0.08475519716739655 0.2877070903778076
281 4.266557216644287 0.03400517255067825 0.29730674624443054
282 4.261718273162842 -0.01686563529074192 0.29954007267951965
283 4.268035411834717 -0.06705055385828018 0.29155394434928894
284 4.261630058288574 -0.11150135099887848 0.27854523062705994
285 4.232648849487305 -0.148792564868927 0.2604319453239441
286 4.240012168884277 -0.1972082555294037 0.22509679198265076
287 4.25058126449585 -0.23471291363239288 0.18672941625118256
288 4.266642093658447 -0.26329711079597473 0.142117440700531
289 4.258251667022705 -0.28436553478240967 0.09551439434289932
290 4.253876209259033 -0.2960115373134613 0.048369817435741425
291 4.028801918029785 -0.29899802803993225 -0.017131831496953964
292 3.9869930744171143 -0.29654058814048767 -0.04525217413902283
293 3.979771852493286 -0.2873101532459259 -0.08505063503980637
294 4.03132438659668 -0.25598809123039246 -0.1568048596382141
295 3.974911689758301 -0.24120494723320007 -0.17836038768291473
296 4.008459568023682 -0.1898127794265747 -0.23234617710113525
297 3.98471736907959 -0.1530393362045288 -0.2579788565635681
298 4.003569602966309 -0.1162886768579483 -0.27635008096694946
299 4.000482082366943 -0.06561970710754395 -0.2926473021507263
300 4.017071723937988 -0.02339532971382141 -0.29841405153274536
301 3.9834845066070557 0.04803820326924324 -0.29562023282051086
302 4.002804279327393 0.08478114008903503 -0.2877163887023926
303 3.987434148788452 0.14259956777095795 -0.2639806866645813
304 4.009450912475586 0.17824189364910126 -0.24127115309238434
305 4.004036903381348 0.21771156787872314 -0.20632748305797577
306 4.015464782714844 0.2510002851486206 -0.1629680097103119
307 4.007134914398193 0.27536430954933167 -0.11898915469646454
308 4.001646518707275 0.28893354535102844 -0.08044302463531494
309 3.9774508476257324 0.29729485511779785 -0.03977665305137634
310 4.015109062194824 0.2988640367984772 0.027790751308202744
311 3.981966018676758 0.2928188443183899 0.0647522509098053
312 3.988218307495117 0.25206413865089417 0.16257619857788086
313 4.017594337463379 0.20619794726371765 0.21788229048252106
314 3.9829864501953125 0.18228963017463684 0.2382398247718811
315 4.027108669281006 0.12263402342796326 0.27396610379219055
316 3.978501319885254 0.09885276108980179 0.28296247124671936
317 3.980668783187866 0.04397200420498848 0.296664297580719
318 3.9969348907470703 -0.007180217653512955 0.2997954487800598
319 3.9769561290740967 -0.055942732840776443 0.29442259669303894
320 3.9924449920654297 -0.11327560245990753 0.2775435447692871
321 4.002498149871826 -0.15505681931972504 0.25625309348106384
322 4.0106730461120605 -0.19671769440174103 0.22651129961013794
323 4.014171600341797 -0.2305646687746048 0.19084003567695618
324 3.9953646659851074 -0.26250240206718445 0.1452351212501526
325 4.021437168121338 -0.2849965989589691 0.0937594547867775
326 3.9731857776641846 -0.293744832277298 0.06083773076534271
327 3.7687602043151855 -0.29938337206840515 -0.007592684589326382
328 3.749192237854004 -0.29540613293647766 -0.05267568305134773
329 3.7700693607330322 -0.28266480565071106 -0.09901639074087143
330 3.7715699672698975 -0.26032668352127075 -0.14859503507614136
331 3.770392417907715 -0.23025327920913696 -0.1909865140914917
332 3.7632813453674316 -0.19487403333187103 -0.22815226018428802
333 3.7633488178253174 -0.1471840888261795 -0.26113569736480713
334 3.74307918548584 -0.10784744471311569 -0.2798425555229187
335 3.732447624206543 -0.062381889671087265 -0.2927508056163788
336 3.7411158084869385 -0.01147499680519104 -0.29980847239494324
337 3.7487711906433105 0.03190608322620392 -0.29820477962493896
338 3.725522756576538 0.07109405100345612 -0.29116421937942505
339 3.763462781906128 0.14363501965999603 -0.26350969076156616
340 3.7498161792755127 0.18113307654857635 -0.23906376957893372
341 3.7607760429382324 0.21587121486663818 -0.20832180976867676
342 3.7695045471191406 0.24899409711360931 -0.16624650359153748
343 3.7691450119018555 0.27483630180358887 -0.11901584267616272
344 3.762624502182007 0.2899460792541504 -0.07715614885091782
345 3.7315540313720703 0.2972949743270874 -0.03904879093170166
346 3.779245138168335 0.2966275215148926 0.04315014183521271
347 3.7416226863861084 0.2897518575191498 0.07779908180236816
348 3.7633161544799805 0.27175819873809814 0.12582042813301086
349 3.761962890625 0.24887163937091827 0.16759945452213287
350 3.727862596511841 0.22134369611740112 0.20202675461769104
351 3.744290351867676 0.177444726228714 0.24192403256893158
352 3.7685387134552 0.12869690358638763 0.27091172337532043
353 3.751091718673706 0.08889232575893402 0.28647148609161377
354 3.740171194076538 0.04992000013589859 0.2955096960067749
355 3.7591121196746826 -0.00590328685939312 0.2998950481414795
356 3.736050605773926 -0.07008444517850876 0.2917293310165405
357 3.749894142150879 -0.10781244933605194 0.27990517020225525
358 3.7305872440338135 -0.14732635021209717 0.26123741269111633
359 3.7303364276885986 -0.19468173384666443 0.2271023392677307
360 3.747828245162964 -0.23011474311351776 0.1921905130147934
361 3.728306770324707 -0.2529214024543762 0.16128364205360413
362 3.7706298828125 -0.28553101420402527 0.09268267452716827
363 3.7523281574249268 -0.2961864173412323 0.04691971838474274
364 3.5251736640930176 -0.2990817725658417 0.00011214753612875938
365 3.4911656379699707 -0.29562944173812866 -0.050818607211112976
366 3.525771379470825 -0.28013601899147034 -0.10724074393510818
367 3.489943027496338 -0.260702520608902 -0.14838360249996185
368 3.516653537750244 -0.22629688680171967 -0.19691286981105804
369 3.5260531902313232 -0.18182416260242462 -0.23817124962806702
370 3.4905855655670166 -0.15678097307682037 -0.25578925013542175
371 3.5142550468444824 -0.10862290114164352 -0.27874132990837097
372 3.5059633255004883 -0.06053455173969269 -0.2938442826271057
373 3.49251127243042 -0.01483098790049553 -0.2996402382850647
374 3.4734222888946533 0.03238794952630997 -0.2971014678478241
375 3.474776268005371 0.08822165429592133 -0.286385715007782
376 3.4933063983917236 0.1375509798526764 -0.2666020691394806
377 3.500018358230591 0.18101777136325836 -0.23938749730587006
378 3.5040571689605713 0.21524618566036224 -0.20886535942554474
379 3.4899587631225586 0.2424570471048355 -0.17619094252586365
380 3.4994075298309326 0.2731020450592041 -0.12427517771720886
381 3.50406551361084 0.2894265353679657 -0.07870876044034958
382 3.4781718254089355 0.29781070351600647 -0.03636284917593002
383 3.513489007949829 0.29837703704833984 0.03226790204644203
384 3.4996817111968994 0.2915249764919281 0.07044818997383118
385 3.5152761936187744 0.27602529525756836 0.11634744703769684
386 3.526381254196167 0.24578507244586945 0.1718423217535019
387 3.4869906902313232 0.22219309210777283 0.20165470242500305
388 3.5060675144195557 0.1791316270828247 0.24061641097068787
389 3.5057637691497803 0.13577508926391602 0.26739025115966797
390 3.4896223545074463 0.08939757943153381 0.2864086627960205
391 3.500838041305542 0.035734549164772034 0.29776251316070557
392 3.476011037826538 -0.009598424658179283 0.29896897077560425
393 3.517584800720215 -0.049735575914382935 0.2956051230430603
394 3.4903666973114014 -0.11802676320075989 0.27583158016204834
395 3.5180766582489014 -0.15042254328727722 0.2595548927783966
396 3.4773471355438232 -0.2074548453092575 0.21640333533287048
397 3.50119948387146 -0.23690611124038696 0.1839573085308075
398 3.4991910457611084 -0.26199790835380554 0.14604276418685913
399 3.501251220703125 -0.2827965319156647 0.09994310885667801
400 3.509361982345581 -0.2958184778690338 0.05009854584932327
401 3.2773854732513428 -0.2988668382167816 -0.019192680716514587
402 3.234034538269043 -0.2965259253978729 -0.0441381074488163
403 3.2474331855773926 -0.28318220376968384 -0.09921994805335999
404 3.2571496963500977 -0.2626388967037201 -0.1450645476579666
405 3.265174150466919 -0.23455862700939178 -0.1859501153230667
406 3.244330883026123 -0.20063619315624237 -0.22304043173789978
407 3.23500657081604 -0.16016905009746552 -0.25267234444618225
408 3.260960578918457 -0.10958081483840942 -0.27928557991981506
409 3.2607812881469727 -0.0516035370528698 -0.29523900151252747
410 3.237104654312134 -0.0072398437187075615 -0.29986581206321716
411 3.252088785171509 0.038858331739902496 -0.29739728569984436
412 3.268359422683716 0.09555712342262268 -0.2842620611190796
413 3.2368276119232178 0.1366051733493805 -0.2671387791633606
414 3.233393430709839 0.17476625740528107 -0.24273863434791565
415 3.2382407188415527 0.21321675181388855 -0.21036532521247864
416 3.234166383743286 0.24370691180229187 -0.17497776448726654
417 3.2629594802856445 0.292717307806015 -0.06599324941635132
418 3.233438491821289 0.299068808555603 -0.02323075756430626
419 3.2572181224823 0.2985258996486664 0.028249423950910568
420 3.2683444023132324 0.27092108130455017 0.12701404094696045
421 3.240701675415039 0.24657806754112244 0.1707269847393036
422 3.2697534561157227 0.21442879736423492 0.20915666222572327
423 3.268080711364746 0.16982822120189667 0.24716304242610931
424 3.239976644515991 0.13257881999015808 0.26916345953941345
425 3.266322374343872 0.07830166816711426 0.2895433306694031
426 3.2487611770629883 0.03029952384531498 0.29853495955467224
427 3.266470432281494 -0.01764923334121704 0.298570454120636
428 3.268303632736206 -0.07355943322181702 0.29074352979660034
429 3.238171100616455 -0.1158708930015564 0.27675360441207886
430 3.2602367401123047 -0.15328186750411987 0.25785747170448303
431 3.230198621749878 -0.18462909758090973 0.23583383858203888
432 3.2497966289520264 -0.23685556650161743 0.18426008522510529
433 3.2569093704223633 -0.2621854543685913 0.14583447575569153
434 3.2729556560516357 -0.28116896748542786 0.10219884663820267
435 3.2423810958862305 -0.2941835820674896 0.05817897617816925
436 3.010655164718628 -0.29987573623657227 -0.010311432182788849
437 2.996918201446533 -0.29539668560028076 -0.052870701998472214
438 3.011113166809082 -0.2849356532096863 -0.09393943101167679
439 2.9842917919158936 -0.25894778966903687 -0.1515003740787506
440 3.015087366104126 -0.2274738848209381 -0.19529348611831665
441 2.9898452758789062 -0.19369536638259888 -0.22841185331344604
442 2.991748094558716 -0.16541093587875366 -0.2503068745136261
443 2.988539695739746 -0.10636426508426666 -0.28050854802131653
444 3.006436586380005 -0.06407185643911362 -0.2930876314640045
445 3.0022881031036377 -0.01122923381626606 -0.29990118741989136
446 3.0154500007629395 0.03968972712755203 -0.2965298295021057
447 3.013702392578125 0.08468973636627197 -0.28785017132759094
448 2.9822726249694824 0.1265190988779068 -0.27217137813568115
449 2.980506420135498 0.1752537041902542 -0.242089182138443
450 2.9883813858032227 0.21238741278648376 -0.2113543450832367
451 2.9840774536132812 0.24344897270202637 -0.17536166310310364
452 3.0275349617004395 0.2784061133861542 -0.11205742508172989
453 2.986440658569336 0.28876906633377075 -0.08158186078071594
454 2.995575428009033 0.2987642288208008 -0.026488227769732475
455 2.999870538711548 0.2989201843738556 0.02650737389922142
456 3.008887529373169 0.2898002862930298 0.07782354950904846
457 3.0041604042053223 0.27203527092933655 0.1262717843055725
458 3.018301010131836 0.24298079311847687 0.17604263126850128
459 3.023244619369507 0.20353233814239502 0.22000092267990112
460 2.976092576980591 0.17882470786571503 0.24093885719776154
461 2.984161138534546 0.13555757701396942 0.2666420638561249
462 3.010716199874878 0.09480622410774231 0.28466764092445374
463 2.9763405323028564 0.02583886682987213 0.2987692356109619
464 2.9797415733337402 -0.028695516288280487 0.29840508103370667
465 3.004746198654175 -0.06734289973974228 0.2924363911151886
466 3.001234531402588 -0.11189756542444229 0.2782735228538513
467 2.999807119369507 -0.15595246851444244 0.25612860918045044
468 2.997300386428833 -0.19938209652900696 0.22404159605503082
469 2.9827663898468018 -0.23914745450019836 0.18015940487384796
470 2.9997427463531494 -0.26061105728149414 0.14839334785938263
471 3.010977029800415 -0.2771535813808441 0.11307703703641891
472 3.012202024459839 -0.2939812242984772 0.05943197011947632
473 2.754582405090332 -0.30003541707992554 0.004436112940311432
474 2.7330334186553955 -0.29657015204429626 -0.04243084788322449
475 2.73689866065979 -0.2584056258201599 -0.15244160592556
476 2.7509803771972656 -0.2335653156042099 -0.18812260031700134
477 2.767015218734741 -0.19765496253967285 -0.2250005006790161
478 2.762279987335205 -0.1598547399044037 -0.2539638578891754
479 2.740431070327759 -0.12407843768596649 -0.2727888822555542
480 2.755969524383545 -0.06785467267036438 -0.29211243987083435
481 2.748936653137207 -0.014827124774456024 -0.29956406354904175
482 2.749490976333618 0.038289863616228104 -0.2974816858768463
483 2.7506299018859863 0.09040986001491547 -0.2859836518764496
484 2.7433571815490723 0.13665767014026642 -0.26699167490005493
485 2.728675127029419 0.17592743039131165 -0.24188323318958282
486 2.7570419311523438 0.21569234132766724 -0.20842742919921875
487 2.748920202255249 0.24885056912899017 -0.16741707921028137
488 2.7717721462249756 0.27009379863739014 -0.1307603120803833
489 2.7319204807281494 0.28818681836128235 -0.08317869901657104
490 2.7461769580841064 0.2988337576389313 -0.025686226785182953
491 2.755263090133667 0.2986743152141571 0.027460744604468346
492 2.7825872898101807 0.28870075941085815 0.08136872202157974
493 2.7460505962371826 0.2733944058418274 0.12307693064212799
494 2.766089677810669 0.2513584494590759 0.16255122423171997
495 2.773378610610962 0.2255358099937439 0.19788038730621338
496 2.7276580333709717 0.16476967930793762 0.2504313588142395
497 2.7473161220550537 0.1298927664756775 0.2704164981842041
498 2.7322733402252197 0.08704676479101181 0.2861759662628174
499 2.7338080406188965 0.03793727234005928 0.2976454198360443
500 2.7352700233459473 -0.00924394279718399 0.29985713958740234
501 2.734668016433716 -0.06010454520583153 0.2930832505226135
502 2.751509189605713 -0.10649263113737106 0.280458927154541
503 2.7308456897735596 -0.14485961198806763 0.2628251910209656
504 2.7284584045410156 -0.21268223226070404 0.21073684096336365
505 2.7518393993377686 -0.2378254234790802 0.18279334902763367
506 2.7477118968963623 -0.26055628061294556 0.14856956899166107
507 2.7694740295410156 -0.27982139587402344 0.10642783343791962
508 2.753953695297241 -0.29569903016090393 0.050076454877853394
509 2.498077630996704 -0.295214980840683 -0.05290635675191879
510 2.5100505352020264 -0.28317105770111084 -0.09912307560443878
511 2.5286777019500732 -0.258730947971344 -0.15107032656669617
512 2.47509765625 -0.23764467239379883 -0.18245309591293335
513 2.479217052459717 -0.20081199705600739 -0.22299689054489136
514 2.4916579723358154 -0.15948064625263214 -0.25319868326187134
515 2.511240243911743 -0.12052494287490845 -0.27467334270477295
516 2.4917004108428955 -0.06242474168539047 -0.2933999300003052
517 2.474064588546753 -0.018664630129933357 -0.2993617653846741
518 2.4904184341430664 0.040592797100543976 -0.29671725630760193
519 2.5031330585479736 0.08533816784620285 -0.28754979372024536
520 2.4761393070220947 0.14673089981079102 -0.2607300281524658
521 2.4891562461853027 0.18398158252239227 -0.2369215041399002
522 2.5024256706237793 0.21735823154449463 -0.20666757225990295
523 2.4898366928100586 0.2480248361825943 -0.16872918605804443
524 2.495795488357544 0.2745603621006012 -0.1207531988620758
525 2.4842827320098877 0.2907204031944275 -0.07131002843379974
526 2.491657257080078 0.29925259947776794 -0.021181566640734673
527 2.499809503555298 0.29875996708869934 0.026445355266332626
528 2.5128133296966553 0.29153314232826233 0.0710410475730896
529 2.472768783569336 0.26427987217903137 0.1411348283290863
530 2.5120766162872314 0.24610655009746552 0.1715434342622757
531 2.5012147426605225 0.21407988667488098 0.21008095145225525
532 2.5034475326538086 0.17656157910823822 0.24245819449424744
533 2.5160555839538574 0.12683147192001343 0.27180740237236023
534 2.4786593914031982 0.08099640905857086 0.2882014513015747
535 2.5025765895843506 0.0396445095539093 0.29731714725494385
536 2.4749858379364014 -0.0004635052755475044 0.29975956678390503
537 2.4800658226013184 -0.05101319029927254 0.2955133020877838
538 2.476165294647217 -0.1071023941040039 0.28026923537254333
539 2.513895273208618 -0.14905832707881927 0.2604348063468933
540 2.478285074234009 -0.20536303520202637 0.21823334693908691
541 2.484034538269043 -0.23820964992046356 0.18130819499492645
542 2.4895074367523193 -0.26221585273742676 0.1456143856048584
543 2.4700281620025635 -0.281812846660614 0.1023080050945282
544 2.5164036750793457 -0.2929389774799347 0.06412239372730255
545 2.255901336669922 -0.3000119626522064 0.00023660040460526943
546 2.268559455871582 -0.2963320016860962 -0.04204019904136658
547 2.2321698665618896 -0.27855736017227173 -0.1095801293849945
548 2.243954658508301 -0.26017531752586365 -0.14933228492736816
549 2.250091075897217 -0.23167121410369873 -0.19080376625061035
550 2.2539780139923096 -0.1955680251121521 -0.22736601531505585
551 2.2686805725097656 -0.15202385187149048 -0.25774210691452026
552 2.2688417434692383 -0.09873519837856293 -0.2832106649875641
553 2.2457549571990967 -0.055862728506326675 -0.2946731448173523
554 2.233042001724243 -0.012346716597676277 -0.2991255819797516
555 2.2376277446746826 0.041349031031131744 -0.297147274017334
556 2.2328827381134033 0.09317197650671005 -0.28463950753211975
557 2.243593215942383 0.13774773478507996 -0.2664873003959656
558 2.2480759620666504 0.1793898642063141 -0.2406202107667923
559 2.244096279144287 0.21797025203704834 -0.20523124933242798
560 2.2426609992980957 0.24907289445400238 -0.16719476878643036
561 2.2500596046447754 0.27381500601768494 -0.12270250916481018
562 2.251303195953369 0.29133427143096924 -0.07133703678846359
563 2.254589319229126 0.2989034056663513 -0.024765348061919212
564 2.240504026412964 0.298999160528183 0.023992910981178284
565 2.2508270740509033 0.28944769501686096 0.07861218601465225
566 2.267382860183716 0.2717474400997162 0.12544769048690796
567 2.262272596359253 0.25151580572128296 0.1636272370815277
568 2.232393503189087 0.2015860229730606 0.22190707921981812
569 2.269815444946289 0.16857603192329407 0.24725523591041565
570 2.2583718299865723 0.13035371899604797 0.2701587975025177
571 2.2508068084716797 0.08643165975809097 0.28721049427986145
572 2.2397103309631348 0.035778917372226715 0.297849178314209
573 2.2528693675994873 -0.013756131753325462 0.2996145486831665
574 2.240490674972534 -0.05973836034536362 0.2939469814300537
575 2.250110387802124 -0.1125546544790268 0.2782130837440491
576 2.2513887882232666 -0.15923212468624115 0.25417667627334595
577 2.2501440048217773 -0.2000981569290161 0.22343197464942932
578 2.2507290840148926 -0.23496337234973907 0.18642263114452362
579 2.2506508827209473 -0.2628405690193176 0.14448602497577667
580 2.2486507892608643 -0.28293073177337646 0.09955717623233795
581 2.242249011993408 -0.2956579327583313 0.05080653354525566
582 2.007723331451416 -0.29998284578323364 0.0032956860959529877
583 2.0165178775787354 -0.2953934669494629 -0.048794783651828766
584 2.002573013305664 -0.2825305759906769 -0.10071887075901031
585 2.002629518508911 -0.26076540350914 -0.14814352989196777
586 2.0100202560424805 -0.22661808133125305 -0.1960218995809555
587 1.9979223012924194 -0.19407905638217926 -0.22885406017303467
588 2.012430191040039 -0.16172876954078674 -0.2527088224887848
589 1.984571099281311 -0.10625305771827698 -0.2805508077144623
590 2.0183212757110596 -0.05773249268531799 -0.293903112411499
591 1.9712706804275513 -0.023555781692266464 -0.29907265305519104
592 2.0269198417663574 0.04950300231575966 -0.2959243655204773
593 1.9857152700424194 0.07244984060525894 -0.29108476638793945
594 2.0074057579040527 0.13791590929031372 -0.2662898600101471
595 1.97891104221344 0.16859592497348785 -0.24717284739017487
596 2.002960205078125 0.2227315753698349 -0.20067982375621796
597 2.0165154933929443 0.2516625225543976 -0.1619461178779602
598 1.9793564081192017 0.288270503282547 -0.08002852648496628
599 1.992309808731079 0.29888680577278137 -0.025745216757059097
600 2.002626895904541 0.29850977659225464 0.028909385204315186
601 2.0198323726654053 0.2865351438522339 0.08719532191753387
602 2.0007834434509277 0.2729946970939636 0.1242675930261612
603 1.980425238609314 0.2549857497215271 0.15787628293037415
604 1.981733798980713 0.21706876158714294 0.20579570531845093
605 2.0095667839050293 0.18418917059898376 0.2368299812078476
606 1.982754111289978 0.12506859004497528 0.2727212607860565
607 2.0139176845550537 0.09036427736282349 0.28602296113967896
608 1.9884554147720337 0.04080679267644882 0.29722899198532104
609 1.9840810298919678 -0.015515808947384357 0.29895463585853577
610 2.000854253768921 -0.06203141063451767 0.2934574484825134
611 2.0134377479553223 -0.10840070247650146 0.27900195121765137
612 1.9803040027618408 -0.19271205365657806 0.22880089282989502
613 1.9831933975219727 -0.23983807861804962 0.1791822761297226
614 1.992703914642334 -0.2578645944595337 0.1531071662902832
615 2.0004677772521973 -0.285329669713974 0.09239576756954193
616 1.9954423904418945 -0.2960476279258728 0.048065975308418274
617 1.7625226974487305 -0.29995423555374146 0.002337554469704628
618 1.7267398834228516 -0.2971583604812622 -0.040600258857011795
619 1.7577089071273804 -0.2865719497203827 -0.08865145593881607
620 1.725266456604004 -0.23252679407596588 -0.18779508769512177
621 1.7484852075576782 -0.20370721817016602 -0.2199285924434662
622 1.7299615144729614 -0.16577830910682678 -0.2496386021375656
623 1.7384344339370728 -0.1154581755399704 -0.27685418725013733
624 1.7360234260559082 -0.06830518692731857 -0.2913331389427185
625 1.7488075494766235 -0.016533901914954185 -0.2995723783969879
626 1.7514214515686035 0.03697650507092476 -0.29765644669532776
627 1.7521629333496094 0.08258693665266037 -0.28832945227622986
628 1.7312896251678467 0.12386099249124527 -0.2730717658996582
629 1.7313601970672607 0.17372117936611176 -0.24368122220039368
630 1.759848713874817 0.21173357963562012 -0.2125365138053894
631 1.7318763732910156 0.24125447869300842 -0.17779628932476044
632 1.7379004955291748 0.27212780714035034 -0.1262332797050476
633 1.7345085144042969 0.289031445980072 -0.0777629166841507
634 1.7570756673812866 0.2986254096031189 -0.028541216626763344
635 1.7712969779968262 0.29872846603393555 0.019022386521100998
636 1.762819766998291 0.28541648387908936 0.09119024127721786
637 1.7494584321975708 0.27322185039520264 0.12376795709133148
638 1.732052206993103 0.2533807158470154 0.1605536788702011
639 1.748598575592041 0.21619495749473572 0.20809713006019592
640 1.7537637948989868 0.17571358382701874 0.2430119514465332
641 1.7662113904953003 0.1267467588186264 0.2715495824813843
642 1.733147144317627 0.09037577360868454 0.2860618233680725
643 1.738669514656067 0.03703566640615463 0.2976953089237213
644 1.762398600578308 -0.010215342044830322 0.2999015152454376
645 1.7431429624557495 -0.06319139897823334 0.29328984022140503
646 1.766517996788025 -0.10512205213308334 0.281067430973053
647 1.7403942346572876 -0.16288083791732788 0.251970499753952
648 1.765120029449463 -0.1997976452112198 0.22306247055530548
649 1.7598140239715576 -0.23410408198833466 0.18757258355617523
650 1.7423675060272217 -0.25879448652267456 0.15160319209098816
651 1.770487904548645 -0.2880595028400421 0.08356978744268417
652 1.7501530647277832 -0.29652735590934753 0.04497074335813522
653 1.5077784061431885 -0.2999849021434784 -0.0036943554878234863
654 1.484886646270752 -0.29603108763694763 -0.048619095236063004
655 1.5129897594451904 -0.28467679023742676 -0.09466686844825745
656 1.489931344985962 -0.26284071803092957 -0.14462970197200775
657 1.5018746852874756 -0.23190855979919434 -0.1902056634426117
658 1.5194181203842163 -0.19463589787483215 -0.2281014323234558
659 1.5175917148590088 -0.15032841265201569 -0.25833800435066223
660 1.5077204704284668 -0.10873720049858093 -0.27962589263916016
661 1.5032371282577515 -0.06212747097015381 -0.29342472553253174
662 1.50075364112854 -0.011537929996848106 -0.29992303252220154
663 1.4904124736785889 0.042206771671772 -0.2970340847969055
664 1.5048761367797852 0.09003815054893494 -0.28609907627105713
665 1.4905192852020264 0.13277673721313477 -0.2688771188259125
666 1.482462763786316 0.1774025559425354 -0.24115045368671417
667 1.4986647367477417 0.21639776229858398 -0.2076723873615265
668 1.5101293325424194 0.2495114952325821 -0.16648441553115845
669 1.4987812042236328 0.27403905987739563 -0.12191104888916016
670 1.514195203781128 0.2900818884372711 -0.0765611007809639
671 1.5034736394882202 0.2990442216396332 -0.023294121026992798
672 1.4906609058380127 0.2989458441734314 0.025484632700681686
673 1.4820441007614136 0.2890223562717438 0.07733473181724548
674 1.4981791973114014 0.27331286668777466 0.12349797785282135
675 1.4996393918991089 0.24857135117053986 0.16811919212341309
676 1.4846755266189575 0.2145598977804184 0.2087777853012085
677 1.4906326532363892 0.17595919966697693 0.24298657476902008
678 1.5005935430526733 0.13375186920166016 0.26846033334732056
679 1.5089629888534546 0.0892387181520462 0.2864481210708618
680 1.5189971923828125 0.03966240584850311 0.29678401350975037
681 1.5190329551696777 -0.016211776062846184 0.29874274134635925
682 1.5077828168869019 -0.06817694753408432 0.29214611649513245
683 1.49647057056427 -0.11291980743408203 0.27801746129989624
684 1.5086605548858643 -0.15464633703231812 0.2570706903934479
685 1.5013785362243652 -0.19773077964782715 0.22552824020385742
686 1.4977339506149292 -0.23419921100139618 0.18737879395484924
687 1.483317255973816 -0.26330381631851196 0.14252525568008423
688 1.4955309629440308 -0.28420957922935486 0.09589865803718567
689 1.5152933597564697 -0.29549330472946167 0.04667041078209877
690 1.235320806503296 -0.29985007643699646 0.003476626705378294
691 1.2495321035385132 -0.29647594690322876 -0.04525399208068848
692 1.2333977222442627 -0.28599071502685547 -0.09039725363254547
693 1.2585686445236206 -0.2653447091579437 -0.13999587297439575
694 1.228159785270691 -0.23035801947116852 -0.19238057732582092
695 1.2288166284561157 -0.19926665723323822 -0.22275501489639282
696 1.2296074628829956 -0.15828336775302887 -0.2547960877418518
697 1.2488892078399658 -0.11361756920814514 -0.27757829427719116
698 1.2421189546585083 -0.06465479731559753 -0.2929667532444
699 1.268957495689392 -0.004646730609238148 -0.29991990327835083
700 1.246018648147583 0.04205461964011192 -0.29698485136032104
701 1.2397536039352417 0.08838534355163574 -0.2866801917552948
702 1.2645717859268188 0.13510194420814514 -0.2679080367088318
703 1.2350045442581177 0.1778760850429535 -0.2415674775838852
704 1.2590487003326416 0.216138556599617 -0.20810484886169434
705 1.252664566040039 0.2503766417503357 -0.16513848304748535
706 1.2539981603622437 0.27461618185043335 -0.12059111893177032
707 1.2615532875061035 0.2923681437969208 -0.06576374173164368
708 1.2503244876861572 0.2991541028022766 -0.020277343690395355
709 1.2621982097625732 0.29851630330085754 0.03065381944179535
710 1.2225983142852783 0.2934274673461914 0.06171033903956413
711 1.271935224533081 0.26516303420066833 0.1402796506881714
712 1.2512872219085693 0.24720750749111176 0.16985484957695007
713 1.231547474861145 0.2220889776945114 0.20163816213607788
714 1.2497466802597046 0.17791973054409027 0.24145475029945374
715 1.2732259035110474 0.12998393177986145 0.27000871300697327
716 1.2280826568603516 0.09420712292194366 0.2843823730945587
717 1.2597845792770386 0.04365963488817215 0.2967948019504547
718 1.215359091758728 -0.034119509160518646 0.2978876829147339
719 1.2659913301467896 -0.06454818695783615 0.29299017786979675
720 1.263083577156067 -0.1217641681432724 0.2738792896270752
721 1.2497003078460693 -0.15759322047233582 0.25521379709243774
722 1.23100745677948 -0.18832804262638092 0.2333947718143463
723 1.231659173965454 -0.22970767319202423 0.1916041225194931
724 1.26022469997406 -0.2606898546218872 0.14850300550460815
725 1.2148338556289673 -0.2877734899520874 0.08453308045864105
726 1.2405952215194702 -0.2948814928531647 0.055174458771944046
727 0.9764378666877747 -0.29943639039993286 0.010458781383931637
728 0.9820542335510254 -0.29598093032836914 -0.045600228011608124
729 1.0067017078399658 -0.2834928333759308 -0.09808792918920517
730 1.0198380947113037 -0.26049384474754333 -0.1475713551044464
731 1.0128099918365479 -0.22851894795894623 -0.19400301575660706
732 1.0259053707122803 -0.18761633336544037 -0.2331472635269165
733 0.984947919845581 -0.15722963213920593 -0.2555491626262665
734 1.0005425214767456 -0.11206220090389252 -0.2782219648361206
735 1.0105901956558228 -0.06448589265346527 -0.2930065095424652
736 1.0159515142440796 -0.013781598769128323 -0.2990383803844452
737 0.99482661485672 0.04035210609436035 -0.29723358154296875
738 1.0233961343765259 0.09807264804840088 -0.2832257151603699
739 0.9851027131080627 0.13580873608589172 -0.26754605770111084
740 0.9999997019767761 0.17836186289787292 -0.24114874005317688
741 1.0082647800445557 0.21554571390151978 -0.20867601037025452
742 1.0093461275100708 0.24647082388401031 -0.1701042205095291
743 1.0114368200302124 0.27234572172164917 -0.1258421391248703
744 1.0159034729003906 0.28907591104507446 -0.07798177003860474
745 1.0019783973693848 0.2988114058971405 -0.026005886495113373
746 1.0024302005767822 0.29893606901168823 0.02455170452594757
747 1.008679986000061 0.29098063707351685 0.07307880371809006
748 1.0165350437164307 0.2736384868621826 0.1212533563375473
749 0.999494194984436 0.2486710250377655 0.16770760715007782
750 0.982673704624176 0.2135435938835144 0.2097787857055664
751 0.993869960308075 0.17742544412612915 0.24191485345363617
752 1.0072369575500488 0.1353139877319336 0.26775532960891724
753 1.009575605392456 0.08809858560562134 0.2860458493232727
754 1.0121674537658691 0.03417326509952545 0.2980543375015259
755 0.9973918199539185 -0.008514896035194397 0.29977861046791077
756 0.9812649488449097 -0.05115997791290283 0.29519960284233093
757 0.9995429515838623 -0.11003994941711426 0.2790011167526245
758 1.0091761350631714 -0.1602398008108139 0.2535974979400635
759 0.9950520396232605 -0.19994384050369263 0.2235497236251831
760 1.0033055543899536 -0.23370051383972168 0.18797242641448975
761 1.0195515155792236 -0.26660484075546265 0.13745516538619995
762 1.0014570951461792 -0.28452587127685547 0.09461274743080139
763 1.0241038799285889 -0.296580970287323 0.04442756623029709
764 0.7500647902488708 -0.2999356687068939 -0.0012472491944208741
765 0.7671322822570801 -0.29568764567375183 -0.050892267376184464
766 0.74129718542099 -0.2831875681877136 -0.09902215003967285
767 0.7512211203575134 -0.26248982548713684 -0.14513137936592102
768 0.742075502872467 -0.23452553153038025 -0.18708360195159912
769 0.7738736867904663 -0.19169950485229492 -0.2307615727186203
770 0.7393576502799988 -0.15485677123069763 -0.25689497590065
771 0.7670696973800659 -0.10309847444295883 -0.28116270899772644
772 0.7380056381225586 -0.05937185883522034 -0.2940555810928345
773 0.7663750052452087 -0.021052222698926926 -0.2993275821208954
774 0.7482776641845703 0.0437169224023819 -0.2967449426651001
775 0.7490569353103638 0.09049482643604279 -0.2859595715999603
776 0.7485319972038269 0.13498911261558533 -0.26785317063331604
777 0.7509903311729431 0.1795489490032196 -0.24040856957435608
778 0.7655636668205261 0.2192588746547699 -0.20357103645801544
779 0.7737972140312195 0.25397831201553345 -0.15933865308761597
780 0.7567395567893982 0.2754541039466858 -0.11888058483600616
781 0.75741046667099 0.28956276178359985 -0.07638091593980789
782 0.7622226476669312 0.29901328682899475 -0.02474556490778923
783 0.7633035182952881 0.2985558807849884 0.021562885493040085
784 0.7289150953292847 0.2908678650856018 0.07321736961603165
785 0.7484065294265747 0.2722962498664856 0.12576362490653992
786 0.7730658650398254 0.24669519066810608 0.16968005895614624
787 0.7669805884361267 0.21224573254585266 0.2112663984298706
788 0.7688158750534058 0.17913609743118286 0.24071615934371948
789 0.7412979006767273 0.14429789781570435 0.2626603841781616
790 0.7360415458679199 0.09586849063634872 0.28424176573753357
791 0.7778531908988953 0.02643129974603653 0.29898253083229065
792 0.7273423671722412 -0.00456248689442873 0.2996944189071655
793 0.7356798648834229 -0.06351501494646072 0.29321590065956116
794 0.7519065737724304 -0.10964946448802948 0.2791794240474701
795 0.7388252019882202 -0.14780586957931519 0.2610425651073456
796 0.7427932024002075 -0.20468246936798096 0.21969054639339447
797 0.7487648725509644 -0.23440320789813995 0.18711765110492706
798 0.7620109915733337 -0.26283490657806396 0.14468365907669067
799 0.7193715572357178 -0.28066760301589966 0.1050085723400116
800 0.7395206093788147 -0.29561707377433777 0.051206715404987335
801 0.4998285472393036 -0.2999255061149597 0.003463223110884428
802 0.48239025473594666 -0.29682889580726624 -0.04236840456724167
803 0.5069678425788879 -0.28202345967292786 -0.1023854911327362
804 0.49743562936782837 -0.2612523138523102 -0.14733874797821045
805 0.5148364305496216 -0.2354225516319275 -0.18596325814723969
806 0.4779263138771057 -0.20443856716156006 -0.21937844157218933
807 0.5101085901260376 -0.15970495343208313 -0.2540026605129242
808 0.5103137493133545 -0.1128091812133789 -0.27801281213760376
809 0.5195173025131226 -0.06314138323068619 -0.29264628887176514
810 0.5140262842178345 -0.01025301218032837 -0.29933127760887146
811 0.5206396579742432 0.0406375490128994 -0.2962530553340912
812 0.5255612730979919 0.09507109224796295 -0.28445470333099365
813 0.5012968182563782 0.13920597732067108 -0.26571357250213623
814 0.4834911525249481 0.17778600752353668 -0.24046370387077332
815 0.49960997700691223 0.2176341414451599 -0.2063879370689392
816 0.510277271270752 0.24976316094398499 -0.16478928923606873
817 0.4931833744049072 0.2725096344947815 -0.12507566809654236
818 0.5207415819168091 0.2932458221912384 -0.0632697269320488
819 0.4874928593635559 0.29869797825813293 -0.02793991006910801
820 0.5156201124191284 0.2980099022388458 0.026223618537187576
821 0.508394718170166 0.28982385993003845 0.07711193710565567
822 0.5025286078453064 0.2732754945755005 0.1236298456788063
823 0.5111914873123169 0.24437683820724487 0.1741490513086319
824 0.48904284834861755 0.21454766392707825 0.20965352654457092
825 0.5117756724357605 0.1808343231678009 0.23932777345180511
826 0.4816712439060211 0.1292649507522583 0.2708585560321808
827 0.5053797960281372 0.09085848927497864 0.2858029007911682
828 0.4994879364967346 0.04000029340386391 0.2972525656223297
829 0.49873802065849304 -0.011984026059508324 0.2996979057788849
830 0.491493821144104 -0.06698991358280182 0.29239097237586975
831 0.5186809301376343 -0.11575095355510712 0.27596935629844666
832 0.50678551197052 -0.1553884744644165 0.2565346956253052
833 0.4956177771091461 -0.19617505371570587 0.2268565595149994
834 0.5068952441215515 -0.23307585716247559 0.188665509223938
835 0.4899352490901947 -0.2583363950252533 0.15239042043685913
836 0.4758875072002411 -0.28739598393440247 0.08366659283638
837 0.26660585403442383 -0.29930227994918823 -0.01126246340572834
838 0.22752071917057037 -0.2943098843097687 -0.0551648810505867
839 0.22769324481487274 -0.2833269536495209 -0.09892667084932327
840 0.269439697265625 -0.2727406620979309 -0.12378246337175369
841 0.2505626678466797 -0.23488563299179077 -0.18647445738315582
842 0.22166340053081512 -0.18628603219985962 -0.2349589467048645
843 0.24020583927631378 -0.15695631504058838 -0.25568634271621704
844 0.2236284613609314 -0.11636164784431458 -0.2753792703151703
845 0.22393211722373962 -0.061741091310977936 -0.29301199316978455
846 0.24109165370464325 -0.01799333468079567 -0.2994842231273651
847 0.23335152864456177 0.03202005475759506 -0.29837656021118164
848 0.24876242876052856 0.08635202795267105 -0.2874421179294586
849 0.25146785378456116 0.13447950780391693 -0.268108069896698
850 0.25168874859809875 0.17378076910972595 -0.24444295465946198
851 0.22963137924671173 0.2091626524925232 -0.21506285667419434
852 0.23314356803894043 0.24656881392002106 -0.16937445104122162
853 0.2585398256778717 0.2748258113861084 -0.12047669291496277
854 0.250935822725296 0.29117679595947266 -0.07172147184610367
855 0.2720848321914673 0.29902592301368713 -0.017395665869116783
856 0.22237716615200043 0.2993816137313843 0.01925494335591793
857 0.24101382493972778 0.2912142276763916 0.07228004932403564
858 0.23178228735923767 0.2774098217487335 0.1142648458480835
859 0.26389795541763306 0.2419241964817047 0.17714500427246094
860 0.27472740411758423 0.20715191960334778 0.2166147232055664
861 0.23646990954875946 0.1768912523984909 0.24230603873729706
862 0.2537422478199005 0.13501906394958496 0.26778438687324524
863 0.23859256505966187 0.09301647543907166 0.28516149520874023
864 0.22318528592586517 0.04433976113796234 0.2966464161872864
865 0.23161521553993225 -0.012318668887019157 0.2988330125808716
866 0.26751503348350525 -0.052376873791217804 0.2953336536884308
867 0.23538926243782043 -0.11666600406169891 0.2764265537261963
868 0.23925989866256714 -0.15936921536922455 0.2541883885860443
869 0.2680512070655823 -0.19137856364250183 0.2311956137418747
870 0.22298653423786163 -0.23766937851905823 0.18292821943759918
871 0.23839588463306427 -0.26486560702323914 0.1407642960548401
872 0.23466557264328003 -0.2841804325580597 0.09443868696689606
873 0.24665871262550354 -0.29662448167800903 0.0441216304898262
874 0.022068705409765244 -0.30024006962776184 -0.0005838029319420457
875 0.0017823087982833385 -0.29642921686172485 -0.04243873059749603
876 0.0004195212386548519 -0.2383095622062683 -0.1809169054031372
877 0.00038060499355196953 -0.20398655533790588 -0.2189410775899887
878 0.0003515766002237797 -0.1619117259979248 -0.2513520121574402
879 0.00045187395880930126 -0.1158527061343193 -0.27483755350112915
880 0.0006680669030174613 -0.06728672236204147 -0.29088225960731506
881 0.00042190495878458023 -0.017768975347280502 -0.2986952066421509
882 0.00038815708830952644 0.030641965568065643 -0.2977699637413025
883 0.00032989541068673134 0.07942594587802887 -0.2883853316307068
884 0.00038541387766599655 0.1744268834590912 -0.24291080236434937
885 0.0002945316955447197 0.21555548906326294 -0.2069610208272934
886 0.000384580809623003 0.25269919633865356 -0.1602710634469986
887 0.0007258160621859133 0.27824074029922485 -0.11056967824697495
888 0.0007500565843656659 0.29836827516555786 -0.012329152785241604
889 0.01739189773797989 0.29899150133132935 0.027148015797138214
890 0.0017963931895792484 0.291896253824234 0.06822501868009567
891 0.0006416592514142394 0.2764846384525299 0.1136862188577652
892 0.0004238709807395935 0.2524441182613373 0.16067171096801758
893 0.0004042563959956169 0.2217491716146469 0.20106525719165802
894 0.0006887372583150864 0.1838865578174591 0.23619939386844635
895 0.0007298918790183961 0.13588303327560425 0.2657563090324402
896 0.000582684762775898 0.08539484441280365 0.2869264781475067
897 0.0006760616670362651 0.03424367308616638 0.2964884638786316
898 0.0006158025935292244 -0.009663942269980907 0.29946452379226685
899 0.0008403053507208824 -0.058476533740758896 0.2937692701816559
900 0.0006521046161651611 -0.10962055623531342 0.27871301770210266
901 0.0005369121790863574 -0.1544703245162964 0.2550651431083679
902 0.0003200266510248184 -0.1965210735797882 0.22507555782794952
903 0.0004119323566555977 -0.2336542308330536 0.1869238317012787
904 0.0013108078856021166 -0.26416805386543274 0.14077305793762207
905 0.001905900426208973 -0.28680384159088135 0.08491870015859604
906 0.0010050958953797817 -0.2977842390537262 0.03416382148861885
907 6.0 -0.00021410605404525995 0.009066778235137463
908 4.7683579396107234e-07 0.018292628228664398 0.0019411802059039474
909 6.0 0.06370146572589874 -0.01813220977783203
910 6.0 -0.09305772185325623 0.007110828999429941
911 6.0 0.09580349922180176 0.007367721758782864
912 4.768082817463437e-07 -0.07595659047365189 -0.025375504046678543
913 4.7682178205832315e-07 -0.10526080429553986 -0.0020841285586357117
914 6.0 0.10496789216995239 -0.03847749903798103
915 4.7681785986242176e-07 -0.13118980824947357 -0.02696961723268032
916 6.0 0.12726695835590363 0.008227100595831871
917 4.7269705305552634e-07 0.14184215664863586 -0.01814388297498226
918 6.0 -0.11848138272762299 0.04364928603172302
919 5.09694700667751e-07 -0.15849632024765015 0.006767548155039549
920 4.513486828727764e-07 0.1571769416332245 0.028026489540934563
921 6.0 0.15004639327526093 -0.043645162135362625
922 6.0 -0.1621706187725067 0.020591335371136665
923 3.60778216190738e-07 -0.18246974050998688 -0.025970321148633957
924 5.999999523162842 0.1780526489019394 -0.012796440161764622
925 4.862181413045619e-07 0.18862448632717133 -0.00013645825674757361
926 6.0 -0.17800813913345337 0.06570237129926682
927 6.000006198883057 -0.20731964707374573 0.029018789529800415
928 6.0 0.1940832883119583 -0.0447918139398098
929 -2.19589528569486e-05 -0.21460387110710144 -0.007828283123672009
930 5.999869346618652 -0.2540592849254608 0.042092081159353256
931 2.8987523137402604e-07 0.22646790742874146 0.020167144015431404
932 5.999996662139893 0.23214462399482727 -0.028455842286348343
933 4.6671455493196845e-05 0.2554008364677429 -0.01258378941565752
934 4.7418575377378147e-07 -0.0019613306503742933 -0.1537252813577652
935 6.0 0.004300429951399565 0.16025203466415405
936 5.761314696428599e-07 -0.020515374839305878 0.1587202399969101
937 6.0 0.00468425964936614 -0.14562448859214783
938 6.0 -0.02535220980644226 -0.12183195352554321
939 5.263706270852708e-07 0.01856604404747486 0.13327403366565704
940 6.0 -0.07098976522684097 -0.12776373326778412
941 4.769361225953617e-07 0.054663706570863724 -0.17056216299533844
942 6.0 0.09413077682256699 0.14134308695793152
943 6.35244432487525e-05 0.26278409361839294 0.018894264474511147
944 -0.00013878375466447324 -0.2466507852077484 0.025127168744802475
945 6.000007152557373 0.246479332447052 -0.07366663962602615
946 6.0 0.0457032285630703 -0.14520174264907837
947 5.381295977713307e-07 0.08542529493570328 0.12880420684814453
948 -2.2411413738154806e-06 -0.09358181059360504 -0.1761932671070099
949 6.0 -0.1149105653166771 -0.11770492792129517
950 4.845085186389042e-07 -0.06617912650108337 0.12781526148319244
951 4.6218747229431756e-07 0.054647356271743774 0.15512600541114807
952 1.3873616353521356e-06 0.11157571524381638 0.16468705236911774
953 6.288508416218974e-07 -0.11112013459205627 -0.12006744742393494
954 6.0 0.11934510618448257 0.10001036524772644
955 5.730651082558325e-07 -0.1531367301940918 0.11793424934148788
956 1.7325120325040189e-06 -0.12778763473033905 -0.16558995842933655
957 6.0 -0.14772716164588928 -0.08132964372634888
958 5.999999046325684 -0.08216430991888046 0.18620678782463074
959 4.2186985638181795e-07 0.12778450548648834 0.11124220490455627
960 6.0 0.1607614904642105 0.1076929122209549
961 4.7683712978141557e-07 0.12919537723064423 -0.15109308063983917
962 6.0 0.09294761717319489 -0.13621827960014343
963 6.277749662331189e-07 -0.12870463728904724 0.14385303854942322
964 -6.862140935481875e-07 -0.14983916282653809 -0.0994376614689827
965 2.369774847466033e-07 0.14772780239582062 0.1545896828174591
966 -4.565636686493235e-07 0.17190802097320557 -0.09735572338104248
967 6.0 0.11640525609254837 -0.17238494753837585
968 6.0 0.17436878383159637 0.06363184005022049
969 6.000003337860107 -0.19844631850719452 -0.07110953330993652
970 6.0 -0.12926964461803436 0.12511086463928223
971 4.124496936798096 -0.299502968788147 -0.010836375877261162
972 4.108953475952148 -0.06276624649763107 -0.29327329993247986
973 4.131481647491455 -0.23828035593032837 -0.18188923597335815
974 4.112475872039795 -0.28076037764549255 -0.10510759055614471
975 4.127523899078369 -0.29342740774154663 -0.06086413189768791
976 4.138823986053467 -0.10544684529304504 -0.28073105216026306
977 4.125249862670898 -0.15052877366542816 -0.25914764404296875
978 4.115203380584717 -0.19814735651016235 -0.22510108351707458
979 4.137730121612549 0.29790380597114563 -0.03327155113220215
980 4.123034954071045 0.14494675397872925 -0.2623196244239807
981 4.115876197814941 0.09592749923467636 -0.2841991186141968
982 4.129632949829102 0.29096269607543945 -0.07263697683811188
983 4.113766193389893 0.19720879197120667 -0.22457389533519745
984 4.123830318450928 0.28821438550949097 0.08206259459257126
985 4.118056774139404 0.2989059388637543 0.0026560425758361816
986 4.131780624389648 0.1416713148355484 0.26432597637176514
987 4.124203205108643 0.23557734489440918 0.18399833142757416
988 4.122775554656982 0.2091548591852188 0.2146502286195755
989 4.116175174713135 -0.19996589422225952 0.22316505014896393
990 4.135664939880371 0.0038202041760087013 0.2987576723098755
991 4.123812198638916 -0.06748844683170319 0.29212048649787903
992 4.1161346435546875 -0.2975252866744995 0.028293505311012268
993 4.125605583190918 -0.26285016536712646 0.14407654106616974
994 4.130638122558594 0.04020889103412628 -0.297055184841156
995 4.115641117095947 0.2405989170074463 -0.17851893603801727
996 4.1209282875061035 0.25957053899765015 -0.1482328474521637
997 4.111851692199707 0.29707005620002747 0.04015836492180824
998 4.133749961853027 0.2699665129184723 0.13033905625343323
999 4.115952014923096 0.09195157885551453 0.28521764278411865
1000 4.115277290344238 -0.026078149676322937 0.2985992729663849
1001 4.12435245513916 -0.11309768259525299 0.2775224447250366
1002 4.1247711181640625 -0.29274722933769226 0.06429539620876312
1003 2.1256539821624756 -0.28708261251449585 -0.08637380599975586
1004 2.1203699111938477 -0.2980106472969055 -0.023376761004328728
1005 2.117708683013916 -0.15881997346878052 -0.2543565332889557
1006 2.1335573196411133 -0.2669253349304199 -0.13620996475219727
1007 2.122185468673706 -0.20445717871189117 -0.21908000111579895
1008 2.1223912239074707 -0.23912100493907928 -0.18098598718643188
1009 2.1251981258392334 -0.07640430331230164 -0.28986746072769165
1010 2.1134448051452637 -0.04262920469045639 -0.2957189977169037
1011 2.134059429168701 0.035864733159542084 -0.2976628541946411
1012 2.1336140632629395 0.13015295565128326 -0.2702142000198364
1013 2.124089002609253 0.17712242901325226 -0.24188095331192017
1014 2.1342248916625977 0.29027801752090454 -0.07547017931938171
1015 2.1237833499908447 0.28344544768333435 0.0946194976568222
1016 2.126218795776367 0.2987667918205261 0.006470706779509783
1017 2.1084370613098145 0.1842474341392517 0.23649682104587555
1018 2.1299333572387695 0.23387211561203003 0.18616873025894165
1019 2.1318469047546387 0.1547132283449173 0.25572940707206726
1020 2.13154673576355 0.03989950194954872 0.2970142364501953
1021 2.1112277507781982 -0.09221312403678894 0.28433912992477417
1022 2.1221234798431396 -0.169967919588089 0.24670717120170593
1023 2.11494517326355 -0.20469877123832703 0.21901680529117584
1024 2.109374761581421 -0.2777925729751587 0.11236260831356049
1025 2.1118924617767334 -0.2993529140949249 0.013388602063059807
1026 2.1183290481567383 0.0776495710015297 -0.2894479036331177
1027 2.115386962890625 0.272972971200943 -0.12373372912406921
1028 2.123335123062134 0.246735617518425 -0.17052492499351501
1029 2.1278438568115234 0.29621168971061707 0.048168689012527466
1030 2.135676860809326 0.25497177243232727 0.157402902841568
1031 2.123950719833374 0.11977992206811905 0.27462658286094666
1032 2.1235461235046387 -0.057181794196367264 0.29415905475616455
1033 2.122472047805786 -0.12893521785736084 0.27040666341781616
1034 2.129030227661133 -0.25777873396873474 0.15325170755386353
1035 2.1234982013702393 -0.2888128459453583 0.0769963413476944
1036 1.3727014064788818 -0.26993876695632935 -0.13026462495326996
1037 1.3757179975509644 -0.2926487326622009 -0.06521899253129959
1038 1.3771504163742065 -0.29931017756462097 -0.014317521825432777
1039 1.3756601810455322 -0.0012831916101276875 -0.29983609914779663
1040 1.3760982751846313 -0.19115902483463287 -0.23111723363399506
1041 1.3755173683166504 -0.22544048726558685 -0.19755034148693085
1042 1.3749691247940063 -0.2494230419397354 -0.16472303867340088
1043 1.3820122480392456 -0.053587961941957474 -0.2950551211833954
1044 1.3678927421569824 -0.14574170112609863 -0.26185786724090576
1045 1.3678725957870483 -0.09980735182762146 -0.2825644612312317
1046 1.3783737421035767 0.1565687209367752 -0.2546045780181885
1047 1.3759397268295288 0.11802992224693298 -0.27553027868270874
1048 1.3724833726882935 0.29853251576423645 -0.030160531401634216
1049 1.372521162033081 0.28693968057632446 -0.08601295202970505
1050 1.3742421865463257 0.0814630389213562 0.28846079111099243
1051 1.3753416538238525 0.2770225703716278 0.11462921649217606
1052 1.368591547012329 0.17118191719055176 0.24619364738464355
1053 1.3760364055633545 0.23542538285255432 0.18419688940048218
1054 1.378125786781311 0.20934712886810303 0.21466828882694244
1055 1.3820693492889404 -0.28113970160484314 0.10362308472394943
1056 1.3632785081863403 0.0020627574995160103 0.2996635437011719
1057 1.3638966083526611 -0.07344358414411545 0.29054683446884155
1058 1.3824167251586914 -0.1980036348104477 0.2253454029560089
1059 1.381714105606079 0.04943942651152611 -0.29555684328079224
1060 1.366416096687317 0.2149815708398819 -0.20909884572029114
1061 1.3753970861434937 0.2517392039299011 -0.1626993864774704
1062 1.3749473094940186 0.25800493359565735 0.15210406482219696
1063 1.3745899200439453 0.29848411679267883 0.025129755958914757
1064 1.37283194065094 0.12458772957324982 0.27250832319259644
1065 1.3772765398025513 -0.15210013091564178 0.25819137692451477
1066 1.3711436986923218 -0.0364617183804512 0.2966964840888977
1067 1.3759887218475342 -0.23676235973834991 0.18387636542320251
1068 1.3762741088867188 -0.2969464361667633 0.04172884300351143
1069 2.6158111095428467 0.09773216396570206 -0.2833191454410553
1070 2.6246397495269775 -0.26873475313186646 -0.13220258057117462
1071 4.385265827178955 -0.13372093439102173 -0.267292857170105
1072 5.872201442718506 -0.07765091210603714 0.2894291579723358
1073 4.384726047515869 -0.2927396297454834 -0.06400418281555176
1074 2.625457525253296 -0.2848482131958008 -0.09371984004974365
1075 2.863666534423828 -0.27486491203308105 0.11746873706579208
1076 4.375690460205078 -0.2979944944381714 -0.02275877445936203
1077 2.6275551319122314 -0.2966412305831909 -0.04487672448158264
1078 5.382621765136719 0.2453966587781906 0.1723933219909668
1079 2.8726019859313965 -0.29760289192199707 0.027593981474637985
1080 2.6164281368255615 -0.008654152974486351 -0.29958009719848633
1081 2.6229121685028076 -0.1887584775686264 -0.23287950456142426
1082 4.3673834800720215 -0.16798999905586243 -0.24803689122200012
1083 4.365992546081543 -0.27995067834854126 -0.10722490400075912
1084 2.622310161590576 -0.22258886694908142 -0.20060761272907257
1085 2.6230947971343994 -0.24849838018417358 -0.16612723469734192
1086 2.624667167663574 -0.1501632183790207 -0.25936368107795715
1087 4.3750810623168945 -0.20616810023784637 -0.21777673065662384
1088 2.623455047607422 -0.06288337707519531 -0.2931378185749054
1089 4.375156879425049 -0.23839418590068817 -0.18156662583351135
1090 2.618989944458008 0.03526730090379715 0.2976481318473816
1091 2.6312255859375 0.29880642890930176 -0.02582075446844101
1092 4.37531852722168 0.18504507839679718 -0.23579025268554688
1093 4.373006820678711 -0.05692877620458603 -0.29430845379829407
1094 5.366427421569824 0.04159349203109741 0.29699456691741943
1095 5.387018203735352 0.18592803180217743 0.23520229756832123
1096 2.6288838386535645 0.28967803716659546 -0.0776628851890564
1097 2.6337890625 0.14605137705802917 -0.26179033517837524
1098 5.879283905029297 -0.22389699518680573 0.19926908612251282
1099 4.3585968017578125 -0.10210385918617249 -0.2819180488586426
1100 2.6247310638427734 0.20261883735656738 -0.22079744935035706
1101 2.614140748977661 0.28275206685066223 0.09685827791690826
1102 4.374148368835449 -0.005860094912350178 -0.2999134063720703
1103 2.638122081756592 0.29910680651664734 0.020593922585248947
1104 5.373382568359375 0.14557671546936035 0.26196426153182983
1105 4.380057334899902 0.1438359022140503 -0.263118177652359
1106 2.631631374359131 0.14805084466934204 0.26051709055900574
1107 4.360739707946777 0.11077668517827988 -0.27760428190231323
1108 5.884951591491699 -0.18921418488025665 0.23252536356449127
1109 2.6240780353546143 0.19779106974601746 0.22412732243537903
1110 2.6230618953704834 0.2377711832523346 0.1824416071176529
1111 2.359156370162964 -0.12105515599250793 -0.27408549189567566
1112 2.629483699798584 -0.22260110080242157 0.2004983276128769
1113 4.372753620147705 0.23436664044857025 0.18548192083835602
1114 5.868956565856934 -0.25840458273887634 0.1520286202430725
1115 4.386353015899658 0.2972385287284851 -0.03823259472846985
1116 2.636664628982544 -0.19279329478740692 0.22967661917209625
1117 2.6178812980651855 -0.07764963805675507 0.28949540853500366
1118 5.3641886711120605 -0.07414527982473373 0.29029127955436707
1119 2.376208543777466 -0.18901081383228302 -0.23258645832538605
1120 2.366861343383789 -0.2997500002384186 -0.006820059847086668
1121 4.376898765563965 0.28109869360923767 0.10160443931818008
1122 5.381577014923096 0.00399620458483696 0.2996193766593933
1123 2.6236915588378906 -0.2994643747806549 0.01087274681776762
1124 2.6211912631988525 -0.2673555910587311 0.1353157013654709
1125 2.373763084411621 -0.2250397503376007 -0.19813242554664612
1126 2.383112907409668 -0.28610774874687195 -0.08876936882734299
1127 4.374886512756348 0.29887959361076355 -0.002490568906068802
1128 2.3739848136901855 -0.25512591004371643 -0.15737466514110565
1129 2.365413188934326 -0.27331864833831787 -0.12091843038797379
1130 2.372771978378296 0.2210386097431183 0.20254331827163696
1131 2.3745455741882324 0.15612201392650604 -0.2549390494823456
1132 2.39077091217041 -0.0824858620762825 -0.2872202396392822
1133 4.385757923126221 0.14720766246318817 0.26105546951293945
1134 5.365584850311279 -0.2798728048801422 0.10720689594745636
1135 4.375665187835693 -0.10816006362438202 0.2797617018222809
1136 5.376320838928223 -0.1911381483078003 0.23095786571502686
1137 2.3790550231933594 0.10123825073242188 -0.2821170687675476
1138 2.365758180618286 -0.05070635303854942 -0.2955529987812042
1139 4.374566078186035 0.2050313800573349 0.21861155331134796
1140 2.381298542022705 -0.005834497977048159 -0.2995871901512146
1141 5.889450550079346 -0.2995019555091858 0.009769429452717304
1142 2.3771142959594727 0.283231645822525 0.09546016156673431
1143 2.373492956161499 0.2722655236721039 -0.1251833140850067
1144 5.37066650390625 -0.2299080789089203 0.19238942861557007
1145 2.372962713241577 0.19066542387008667 -0.23119135200977325
1146 4.371024131774902 0.03416295722126961 0.2977774441242218
1147 2.363070249557495 0.29914170503616333 0.0175338052213192
1148 5.878190994262695 -0.2977514863014221 -0.02644009329378605
1149 2.3913137912750244 0.2983091175556183 -0.02984635904431343
1150 2.3758137226104736 -0.11125562340021133 0.27835848927497864
1151 2.365445852279663 0.14642715454101562 0.26130566000938416
1152 4.375874042510986 -0.19118370115756989 0.23112420737743378
1153 5.1360650062561035 -0.2968505918979645 -0.04222455993294716
1154 2.3728814125061035 0.1870696097612381 0.23432013392448425
1155 5.621947765350342 -0.29649174213409424 -0.04336964339017868
1156 2.3776936531066895 0.00040843524038791656 0.2995598018169403
1157 5.128511905670166 -0.17867526412010193 -0.23966629803180695
1158 2.3848562240600586 0.05028468370437622 0.2955513298511505
1159 2.3701236248016357 -0.22282655537128448 0.2002025991678238
1160 4.373584270477295 -0.29895660281181335 0.02731911838054657
1161 5.377562999725342 -0.2999690771102905 0.0024417017120867968
1162 2.3946948051452637 -0.19306938350200653 0.22922420501708984
1163 5.88340425491333 -0.2652677893638611 -0.13977664709091187
1164 4.35858154296875 -0.27947503328323364 0.10824625939130783
1165 5.636302947998047 -0.23951856791973114 -0.18001949787139893
1166 4.363358497619629 -0.21615928411483765 0.20640428364276886
1167 2.376295328140259 -0.26852867007255554 0.13319213688373566
1168 5.876985549926758 -0.29285120964050293 -0.06345667690038681
1169 5.128454208374023 -0.22435510158538818 -0.19875819981098175
1170 5.1254167556762695 -0.28682941198349 -0.0866820365190506
1171 5.614836692810059 -0.28415319323539734 -0.09557153284549713
1172 5.137093544006348 -0.24668999016284943 -0.16883620619773865
1173 5.1159443855285645 -0.26728495955467224 -0.13554628193378448
1174 5.866378307342529 -0.2393711656332016 -0.18042126297950745
1175 5.1351542472839355 0.02056552842259407 -0.298907607793808
1176 5.128807067871094 -0.14164619147777557 -0.2641508877277374
1177 5.6220526695251465 -0.18557198345661163 -0.23546171188354492
1178 5.622649669647217 -0.2170347422361374 -0.20553213357925415
1179 5.111184597015381 -0.019998149946331978 -0.2989500164985657
1180 5.128317356109619 -0.09836196899414062 -0.2831155061721802
1181 5.128171920776367 0.09933759272098541 -0.28283360600471497
1182 5.625561237335205 -0.12488946318626404 -0.2724766731262207
1183 5.625370025634766 -0.07975684106349945 -0.28884655237197876
1184 5.126375198364258 0.1986280232667923 -0.22338035702705383
1185 5.124582767486572 0.1663525551557541 -0.24929668009281158
1186 5.8746209144592285 -0.21123585104942322 -0.21238039433956146
1187 5.131438255310059 0.29666537046432495 -0.042356640100479126
1188 5.872211933135986 -0.1772679090499878 -0.24068626761436462
1189 5.623714923858643 -0.04029887914657593 -0.2961692810058594
1190 5.116592884063721 0.285692036151886 -0.09058031439781189
1191 5.63259220123291 0.04009395092725754 -0.2970212996006012
1192 5.124371528625488 0.29948335886001587 0.01308609638363123
1193 1.6410374641418457 -0.06340855360031128 -0.2929902672767639
1194 1.6256102323532104 -0.2645179331302643 -0.14094260334968567
1195 5.1253156661987305 0.27569839358329773 0.11734889447689056
1196 5.635128974914551 0.12295624613761902 -0.2733571529388428
1197 1.6399344205856323 -0.2958821654319763 -0.047973111271858215
1198 1.6123034954071045 -0.1406066119670868 -0.2636254131793976
1199 1.635534644126892 -0.23926812410354614 -0.18066300451755524
1200 5.863820552825928 -0.14662811160087585 -0.2614790201187134
1201 1.6334235668182373 -0.16664959490299225 -0.24907563626766205
1202 1.6192790269851685 -0.20450112223625183 -0.21926558017730713
1203 1.614920735359192 0.18386583030223846 -0.2368428111076355
1204 1.6228156089782715 0.014149406924843788 -0.2985764145851135
1205 5.126664161682129 0.21666912734508514 0.20710629224777222
1206 5.625266075134277 0.15516407787799835 -0.2554836869239807
1207 1.6318837404251099 0.142175555229187 -0.263853520154953
1208 1.625762939453125 0.09052631258964539 -0.2859785854816437
1209 1.6244953870773315 0.20539148151874542 0.21834109723567963
1210 1.6342642307281494 0.29488685727119446 -0.04916347563266754
1211 5.132752418518066 0.1723843514919281 0.24540793895721436
1212 5.63441276550293 0.2099331021308899 -0.21392306685447693
1213 1.624251127243042 0.2762969136238098 -0.1158498078584671
1214 1.6246397495269775 0.23714928328990936 0.18317006528377533
1215 5.868887424468994 -0.07515201717615128 -0.2900804281234741
1216 1.6148699522018433 0.287253201007843 0.08527088910341263
1217 1.6151906251907349 0.2993428707122803 -0.015168396756052971
1218 1.634460210800171 -0.19130273163318634 0.23094572126865387
1219 1.6181591749191284 0.08600577712059021 0.28720420598983765
1220 1.632993459701538 0.14172722399234772 0.2642552852630615
1221 5.127232551574707 0.014574926346540451 0.29854580760002136
1222 1.6390758752822876 -0.10170520842075348 0.28197482228279114
1223 5.137214183807373 0.04850022867321968 0.2957499921321869
1224 1.6255431175231934 0.001612672582268715 0.29964402318000793
1225 1.6175121068954468 -0.21286876499652863 0.20983977615833282
1226 5.1329731941223145 -0.11292104423046112 0.27776411175727844
1227 1.6327191591262817 -0.26621758937835693 0.13813576102256775
1228 5.886608123779297 -0.03618311136960983 -0.296707421541214
1229 1.618175983428955 -0.2997238039970398 0.00774460518732667
1230 5.117671489715576 -0.15918868780136108 0.2540639340877533
1231 5.622066020965576 0.2809683084487915 -0.10203564167022705
1232 5.130589962005615 -0.2270127385854721 0.1955423653125763
1233 5.627571105957031 0.2934487760066986 -0.060987502336502075
1234 5.877478122711182 0.003274456597864628 -0.2997033894062042
1235 5.12751579284668 -0.2747512459754944 0.11744822561740875
1236 5.623027324676514 0.2979432940483093 0.03310827165842056
1237 4.877668380737305 -0.2968624532222748 -0.04108622670173645
1238 5.126667499542236 -0.2996760904788971 0.005860728211700916
1239 5.636102676391602 0.2741491198539734 0.12150600552558899
1240 3.6354527473449707 -0.2971724271774292 -0.03860776871442795
1241 4.874563694000244 -0.2770077884197235 -0.11435121297836304
1242 3.6165874004364014 -0.2690901458263397 -0.13331131637096405
1243 4.885856628417969 -0.2882426381111145 -0.07891655713319778
1244 3.625030755996704 -0.2880341708660126 -0.07964346557855606
1245 3.606307029724121 -0.069744773209095 -0.29164889454841614
1246 3.6165683269500732 -0.23431746661663055 -0.18708458542823792
1247 5.8816118240356445 0.12425605207681656 -0.2726253867149353
1248 3.629582166671753 -0.12070437520742416 -0.2743978500366211
1249 4.883379936218262 -0.22945263981819153 -0.19280701875686646
1250 3.617680549621582 -0.1947021186351776 -0.22774219512939453
1251 3.626840591430664 0.12325631082057953 -0.27328282594680786
1252 3.6388027667999268 -0.022761667147278786 -0.298946738243103
1253 5.62113618850708 0.2295013815164566 0.19337151944637299
1254 4.87661600112915 -0.12782591581344604 -0.2709198296070099
1255 3.624044179916382 0.02541414648294449 -0.2986123263835907
1256 4.885557174682617 -0.16504265367984772 -0.250184565782547
1257 3.6151459217071533 0.19455412030220032 -0.22686193883419037
1258 3.6257550716400146 0.1651228666305542 -0.24992728233337402
1259 5.622613906860352 0.18855223059654236 0.2332838624715805
1260 4.873745441436768 -0.04522882401943207 -0.2962362468242645
1261 4.873570442199707 -0.08800932765007019 -0.2856706380844116
1262 5.866816520690918 0.16897857189178467 -0.24775096774101257
1263 3.6259891986846924 0.18474723398685455 0.23595739901065826
1264 3.624150514602661 0.29156622290611267 -0.0693727359175682
1265 4.8796162605285645 0.15634585916996002 -0.25628462433815
1266 5.87703275680542 0.21144543588161469 -0.21224237978458405
1267 5.6240105628967285 0.1478096842765808 0.2604686915874481
1268 3.619412660598755 0.22453673183918 0.19857211410999298
1269 4.888790130615234 0.12201204150915146 -0.2726282477378845
1270 3.624568462371826 0.2715402841567993 0.12698620557785034
1271 4.873960971832275 0.00297965994104743 -0.29957979917526245
1272 3.6270570755004883 0.2989017367362976 0.002667258959263563
1273 3.621978521347046 0.026149306446313858 0.29848724603652954
1274 4.884332180023193 0.1948866993188858 -0.22663365304470062
1275 5.623239040374756 0.07904751598834991 0.2891140580177307
1276 3.617861747741699 0.08306366205215454 0.28818047046661377
1277 3.6238887310028076 0.1378936469554901 0.26651257276535034
1278 3.631300449371338 -0.16726583242416382 0.24867331981658936
1279 4.8756103515625 0.2871622145175934 -0.08567830920219421
1280 3.6347148418426514 -0.10134255886077881 0.2819804847240448
1281 5.625855922698975 0.03295024111866951 0.2979259788990021
1282 3.627288341522217 -0.2726670503616333 0.12251440435647964
1283 4.885271072387695 0.2993614375591278 0.017996275797486305
1284 3.6247096061706543 -0.20793762803077698 0.2158692628145218
1285 4.876981735229492 0.2977472245693207 -0.034714847803115845
1286 0.6290735602378845 -0.23529461026191711 -0.18577221035957336
1287 3.6212244033813477 -0.29790663719177246 0.024672869592905045
1288 4.871777534484863 0.2781306207180023 0.11155521124601364
1289 0.6110197901725769 -0.2718118727207184 -0.12426511943340302
1290 5.635295867919922 -0.084121935069561 0.28672975301742554
1291 3.377159595489502 -0.2928146719932556 -0.0639977902173996
1292 0.6378203630447388 -0.28994375467300415 -0.07247724384069443
1293 3.383435010910034 -0.2996501922607422 -0.011424423195421696
1294 0.6272925734519958 -0.29714301228523254 -0.039205826818943024
1295 0.6218169927597046 0.12080438435077667 -0.2742978036403656
1296 3.3726205825805664 -0.12204605340957642 -0.27378585934638977
1297 3.3674581050872803 -0.2596777677536011 -0.14987486600875854
1298 0.6275061368942261 -0.15596796572208405 -0.25605618953704834
1299 0.6049309968948364 -0.20016516745090485 -0.22353345155715942
1300 0.6316586136817932 0.03583050146698952 -0.2975667119026184
1301 0.6223723292350769 -0.08416943997144699 -0.2867679297924042
1302 3.375063180923462 -0.1657121181488037 -0.2498869150876999
1303 0.6346827149391174 -0.048800136893987656 -0.29559895396232605
1304 3.3736259937286377 -0.227449432015419 -0.19523034989833832
1305 0.6236451268196106 0.15645606815814972 -0.25470444560050964
1306 5.625717639923096 -0.1881718784570694 0.23338906466960907
1307 3.3721261024475098 -0.07165985554456711 -0.2912304103374481
1308 4.883120059967041 0.1463276594877243 0.26141035556793213
1309 0.6155440807342529 0.29863300919532776 -0.02676808089017868
1310 0.6248337030410767 0.19227086007595062 -0.22988148033618927
1311 4.868965148925781 0.18274810910224915 0.23771290481090546
1312 3.381209373474121 -0.01148039847612381 -0.2994858920574188
1313 0.6348716616630554 0.28219860792160034 -0.09852640330791473
1314 5.890394687652588 0.284615159034729 -0.09115533530712128
1315 0.6281747221946716 0.0006761346012353897 0.2997371256351471
1316 3.3757669925689697 0.10805527865886688 -0.27867698669433594
1317 4.888769149780273 0.05920334905385971 0.29295313358306885
1318 3.3771183490753174 0.2083367109298706 -0.2154998779296875
1319 0.6375126242637634 0.04566287621855736 0.2963729500770569
1320 3.3849267959594727 0.17310771346092224 -0.24467501044273376
1321 5.6367082595825195 -0.21392735838890076 0.20878608524799347
1322 0.6250134110450745 0.17803452908992767 0.2408997267484665
1323 0.6233832836151123 0.21785050630569458 0.2060316801071167
1324 0.626242458820343 -0.27792730927467346 0.11216926574707031
1325 0.6244625449180603 -0.09720142185688019 0.28350964188575745
1326 4.867682456970215 0.02497394010424614 0.2986662685871124
1327 3.380898952484131 0.2990061938762665 -0.022786591202020645
1328 5.876714706420898 0.2940274775028229 -0.05726046487689018
1329 0.6280587315559387 -0.22263792157173157 0.20022857189178467
1330 3.3730432987213135 0.2898653447628021 -0.07663154602050781
1331 0.6366482973098755 -0.1890629529953003 0.23266783356666565
1332 3.122623920440674 0.2892405390739441 0.07872562110424042
1333 0.37275373935699463 -0.13615559041500092 -0.26772239804267883
1334 0.3763711750507355 -0.29598814249038696 -0.04749738425016403
1335 3.3751113414764404 0.24628020823001862 0.17106744647026062
1336 4.890773773193359 -0.08856931328773499 0.28541529178619385
1337 5.625239372253418 -0.26840662956237793 0.13330931961536407
1338 0.6253619194030762 -0.2997836470603943 0.008541662245988846
1339 0.3822063207626343 -0.1847369223833084 -0.23573701083660126
1340 0.3735334873199463 -0.26446154713630676 -0.14126726984977722
1341 0.362979918718338 -0.21506677567958832 -0.20757874846458435
1342 0.3719223439693451 -0.23960739374160767 -0.18002547323703766
1343 0.3651803731918335 0.18803560733795166 -0.23337745666503906
1344 0.37838679552078247 -0.017672281712293625 -0.29916879534721375
1345 5.867717266082764 0.299358993768692 -0.014278251677751541
1346 3.3653831481933594 0.18350249528884888 0.23698753118515015
1347 0.36258235573768616 -0.0968940481543541 -0.2825374901294708
1348 4.874302864074707 -0.22917072474956512 0.19318589568138123
1349 0.3760741055011749 0.15765663981437683 -0.25394922494888306
1350 0.3776649236679077 0.02890021726489067 -0.2985137701034546
1351 3.3754663467407227 0.14184093475341797 0.264127254486084
1352 0.3766286373138428 0.12014254182577133 -0.27457407116889954
1353 4.880010604858398 -0.16584545373916626 0.2496105581521988
1354 0.38264843821525574 0.22059069573879242 0.20307552814483643
1355 0.37622562050819397 0.2976638972759247 -0.03480677679181099
1356 4.8762054443359375 -0.27803468704223633 0.1116407960653305
1357 0.3789099454879761 0.27620023488998413 -0.11659590899944305
1358 3.374537229537964 -0.10254349559545517 0.2816121578216553
1359 0.3718349039554596 0.28534919023513794 0.09161893278360367
1360 3.374300003051758 0.0314420722424984 0.2981816828250885
1361 5.626922607421875 -0.2965066134929657 0.04391927272081375
1362 0.3724845051765442 0.2995133101940155 0.008413709700107574
1363 0.3748232424259186 -0.07939933240413666 0.28919392824172974
1364 0.37793686985969543 0.16066201031208038 0.2520526349544525
1365 3.3659021854400635 -0.2648676037788391 0.14074745774269104
1366 3.3725428581237793 -0.16605694591999054 0.24959725141525269
1367 0.3666560649871826 0.19016073644161224 0.23152731359004974
1368 4.86451530456543 -0.29742276668548584 0.03721160069108009
1369 3.373056173324585 -0.23610620200634003 0.1846586912870407
1370 0.3733205795288086 0.08147397637367249 0.28843411803245544
1371 5.377164840698242 -0.2960403859615326 -0.04779284447431564
1372 0.3660148084163666 -0.2966200113296509 0.04327719658613205
1373 0.3721138834953308 -0.21005511283874512 0.21376651525497437
1374 3.1359951496124268 -0.29496920108795166 -0.05331232398748398
1375 5.368420124053955 -0.2831577658653259 -0.0982651561498642
1376 0.37380948662757874 -0.17615453898906708 0.2414885014295578
1377 0.37721386551856995 -0.28622502088546753 0.08927604556083679
1378 3.3762474060058594 -0.2968454360961914 0.04142671078443527
1379 3.1273529529571533 -0.17541372776031494 -0.24205082654953003
1380 3.123900890350342 -0.27017921209335327 -0.12775464355945587
1381 3.1185216903686523 -0.21036645770072937 -0.21343931555747986
1382 5.863415718078613 0.28071698546409607 0.10279590636491776
1383 3.1218433380126953 -0.2486322522163391 -0.16822205483913422
1384 3.125175952911377 -0.14074598252773285 -0.2644363343715668
1385 3.130133867263794 -0.009395542554557323 -0.2996459901332855
1386 3.1143996715545654 -0.06821943074464798 -0.29205039143562317
1387 3.1243929862976074 0.2016352415084839 -0.22063857316970825
1388 5.370206356048584 -0.21247953176498413 -0.2102155238389969
1389 3.1290454864501953 0.16663195192813873 -0.24912217259407043
1390 3.1362671852111816 0.12815740704536438 -0.2709852457046509
1391 3.128300905227661 0.29769930243492126 -0.03484658524394035
1392 3.131728172302246 0.27745521068573 -0.1133941039443016
1393 5.374879360198975 -0.18402576446533203 -0.23641571402549744
1394 3.1281192302703857 0.29893162846565247 0.00438972283154726
1395 5.882647514343262 0.24142447113990784 0.17755287885665894
1396 3.1371865272521973 0.1535031795501709 0.25640568137168884
1397 3.1335835456848145 0.24439166486263275 0.17361631989479065
1398 5.367430210113525 -0.11259850114583969 -0.2779679596424103
1399 3.1144793033599854 0.21118542551994324 0.2128610610961914
1400 3.130678653717041 -0.07484922558069229 0.29025688767433167
1401 3.12458872795105 0.07446791976690292 0.29025208950042725
1402 5.374499797821045 -0.057262957096099854 -0.2944859564304352
1403 3.124173402786255 0.024648338556289673 0.2986956536769867
1404 5.871903419494629 0.20885559916496277 0.21515609323978424
1405 3.127858877182007 -0.2107829600572586 0.21292677521705627
1406 5.382534503936768 -0.0004466455429792404 -0.2996964752674103
1407 3.1328020095825195 -0.16896219551563263 0.24762876331806183
1408 2.862926959991455 -0.2992497682571411 -0.014267013408243656
1409 5.860292911529541 0.17401768267154694 0.24395374953746796
1410 3.1202237606048584 -0.29984402656555176 -0.0028869137167930603
1411 3.110905647277832 -0.26431727409362793 0.1411374807357788
1412 2.8870153427124023 -0.20182493329048157 -0.2219250500202179
1413 2.873969316482544 -0.2946394085884094 -0.055101413279771805
1414 5.374030590057373 0.08844339847564697 -0.28657275438308716
1415 2.875349283218384 -0.23304402828216553 -0.18867599964141846
1416 2.869765043258667 -0.26354530453681946 -0.14321546256542206
1417 2.885164737701416 -0.03543705493211746 -0.29681193828582764
1418 2.8705601692199707 -0.1626073718070984 -0.251748263835907
1419 5.384007453918457 0.17265793681144714 -0.24506698548793793
1420 2.8683016300201416 -0.07552032172679901 -0.2900121212005615
1421 2.885451316833496 -0.1199469119310379 -0.27483466267585754
1422 2.889356851577759 0.17359018325805664 -0.2445676177740097
1423 5.361970901489258 0.1934412121772766 -0.2277742177248001
1424 2.873112201690674 0.1317029744386673 -0.26934394240379333
1425 2.8767404556274414 0.0010006055235862732 -0.2996652126312256
1426 2.866858720779419 0.2750312089920044 -0.1198447197675705
1427 2.861931324005127 0.20044361054897308 -0.22161032259464264
1428 2.8735899925231934 0.1471518576145172 0.2610970735549927
1429 2.8755743503570557 0.2987698018550873 0.006987628526985645
1430 5.383796691894531 0.28323227167129517 -0.09530048817396164
1431 2.874448776245117 0.2916131317615509 -0.06946618854999542
1432 2.8760921955108643 0.18480904400348663 0.2360897958278656
1433 5.880465030670166 0.036606565117836 0.29764291644096375
1434 2.8742477893829346 0.24147145450115204 0.17751872539520264
1435 2.8825864791870117 0.27794578671455383 0.11221067607402802
1436 2.875438928604126 0.008620763197541237 0.2987803816795349
1437 5.364063739776611 0.29193228483200073 -0.06796190142631531
1438 2.875762462615967 0.05277980864048004 0.29492682218551636
1439 2.8757665157318115 -0.21030806005001068 0.21353492140769958
1440 5.375405311584473 0.2990325093269348 0.01888609677553177
1441 2.8743391036987305 -0.17292292416095734 0.2445705085992813
1442 2.8650403022766113 -0.10041360557079315 0.2823950946331024
1443 2.8819398880004883 -0.25662705302238464 0.15484949946403503
1444 2.874847173690796 -0.2895148694515228 0.07871538400650024
1445 5.374088764190674 0.2919952869415283 0.06806471943855286
1446 5.8743743896484375 -0.15227454900741577 0.25808992981910706
1447 5.37550687789917 0.2744404971599579 0.12071271240711212
1448 2.632129669189453 0.046688053756952286 -0.29622089862823486
1449 2.6218597888946533 0.2315293848514557 -0.1890629082918167
1450 2.6153550148010254 0.2541358470916748 -0.1589398980140686
1451 4.377313613891602 0.0466327965259552 -0.2959539294242859
1452 2.6274588108062744 0.2930190861225128 0.06285107880830765
1453 5.382460594177246 0.09172669053077698 0.28563371300697327
1454 2.614800453186035 0.2579975426197052 0.1508498191833496
1455 2.6241209506988525 0.1173984557390213 0.27484646439552307
1456 4.375730037689209 0.24025125801563263 -0.1789948046207428
1457 2.629183769226074 -0.04232103005051613 0.2958645522594452
1458 4.368411064147949 0.2674049437046051 -0.13555637001991272
1459 2.61934494972229 -0.15371525287628174 0.2575089931488037
1460 5.375448226928711 -0.034588515758514404 0.296888530254364
1461 2.6379189491271973 -0.2463303655385971 0.16937389969825745
1462 2.624279499053955 -0.2928236722946167 0.06401179730892181
1463 4.381840229034424 0.2931356132030487 0.0626620501279831
1464 5.376015663146973 -0.11717253923416138 0.27601978182792664
1465 4.374237537384033 0.2615395486354828 0.14712832868099213
1466 5.8550591468811035 -0.28650856018066406 0.08475995808839798
1467 2.387646436691284 0.06448695808649063 -0.2918011248111725
1468 4.379341125488281 0.11553691327571869 0.2756596505641937
1469 2.381230115890503 0.24611176550388336 -0.17123137414455414
1470 5.3947954177856445 -0.2597334086894989 0.14998368918895721
1471 4.384662628173828 -0.05736353248357773 0.2941274642944336
1472 2.38580322265625 0.2937827706336975 0.05909827724099159
1473 4.383723258972168 -0.15517617762088776 0.256436288356781
1474 2.381107807159424 0.2514985501766205 0.1630839705467224
1475 2.376352310180664 0.10257589817047119 0.2814796268939972
1476 5.382523536682129 -0.2940780222415924 0.058125581592321396
1477 2.388094902038574 -0.03414824604988098 0.2968737483024597
1478 4.373573303222656 -0.2422860562801361 0.17624028027057648
1479 2.3784515857696533 -0.15418227016925812 0.25725844502449036
1480 4.3881001472473145 -0.28948724269866943 0.07429466396570206
1481 2.3784091472625732 -0.24691705405712128 0.16846592724323273
1482 2.392239570617676 -0.2962431013584137 0.04614333435893059
1483 5.130263805389404 0.05965614318847656 -0.2929084300994873
1484 5.126322269439697 0.22805790603160858 -0.19436663389205933
1485 5.1248860359191895 0.25573381781578064 -0.15651142597198486
1486 5.115699291229248 0.2923634350299835 0.0665012001991272
1487 5.126843452453613 0.25188976526260376 0.16281826794147491
1488 1.6152669191360474 0.049974918365478516 -0.2955441176891327
1489 1.6233587265014648 0.2562645971775055 -0.15572819113731384
1490 1.6211574077606201 0.2324179708957672 -0.18793240189552307
1491 1.62297523021698 0.29705047607421875 0.03984137997031212
1492 1.622983455657959 0.258314847946167 0.15025435388088226
1493 5.12400484085083 0.09096522629261017 0.28576430678367615
1494 5.632182598114014 0.2424815148115158 -0.1760629564523697
1495 1.6211258172988892 -0.054426826536655426 0.2949811816215515
1496 1.6301047801971436 -0.15054452419281006 0.2590901255607605
1497 1.6244503259658813 -0.23810820281505585 0.18208235502243042
1498 5.118289947509766 -0.0631379783153534 0.29270949959754944
1499 1.6167680025100708 -0.2855667173862457 0.09113699197769165
1500 5.613437652587891 0.26642146706581116 -0.1371414065361023
1501 5.106017589569092 -0.25767216086387634 0.1534886211156845
1502 5.115795135498047 -0.2928839325904846 0.06661590188741684
1503 5.866730690002441 0.07750722765922546 -0.2896330654621124
1504 5.616393089294434 0.2571259140968323 0.1521013081073761
1505 3.6240732669830322 0.07513558119535446 -0.2900984585285187
1506 3.6250224113464355 0.2419220209121704 -0.17673294246196747
1507 3.617483377456665 0.2718536853790283 -0.12679535150527954
1508 4.87624979019165 0.06271630525588989 -0.29226750135421753
1509 3.627113103866577 0.2969168722629547 0.040549010038375854
1510 5.611448764801025 0.11401861160993576 0.2763359248638153
1511 4.88256311416626 0.2381701022386551 -0.18286174535751343
1512 4.8759307861328125 0.2682815492153168 -0.13380879163742065
1513 3.6231069564819336 -0.03398025780916214 0.29698342084884644
1514 3.6146743297576904 -0.1317041665315628 0.2683250606060028
1515 5.884197235107422 0.24030999839305878 -0.17923451960086823
1516 5.624786853790283 -0.05057605728507042 0.29534515738487244
1517 3.6254959106445312 -0.24126310646533966 0.17803242802619934
1518 3.634605646133423 -0.2867009937763214 0.08728518337011337
1519 4.87377405166626 0.2922453284263611 0.0663689523935318
1520 5.866931438446045 0.25671568512916565 -0.15295889973640442
1521 5.6250410079956055 -0.14802661538124084 0.2606751024723053
1522 4.866708278656006 0.25185441970825195 0.16284404695034027
1523 0.6242918372154236 0.22678755223751068 -0.19580663740634918
1524 0.6265274882316589 0.26917728781700134 -0.13183502852916718
1525 0.6180230975151062 0.2913074791431427 0.07139493525028229
1526 3.3849244117736816 0.07828862220048904 -0.2892950177192688
1527 4.86319637298584 0.11853775382041931 0.2743344008922577
1528 0.6260676383972168 0.27316251397132874 0.12365856021642685
1529 0.618531346321106 0.09038178622722626 0.2859153747558594
1530 3.3770861625671387 0.24497129023075104 -0.17313367128372192
1531 3.3748652935028076 0.27213311195373535 -0.12603595852851868
1532 0.6269161105155945 -0.04874726012349129 0.2956039607524872
1533 0.6185175776481628 -0.14863789081573486 0.2602611184120178
1534 4.866571426391602 -0.05166899040341377 0.2953299283981323
1535 0.6251300573348999 -0.25508421659469604 0.15755388140678406
1536 0.6329261660575867 -0.2933585047721863 0.06154365837574005
1537 5.627541542053223 -0.24756468832492828 0.16756509244441986
1538 3.3753786087036133 0.2891201376914978 0.07968224585056305
1539 4.866893291473389 -0.1252603828907013 0.2720961570739746
1540 3.3743112087249756 0.27107375860214233 0.12795662879943848
1541 0.37495851516723633 0.07585028558969498 -0.2899288535118103
1542 3.3750832080841064 0.088142029941082 0.2866164445877075
1543 0.3766120672225952 0.23423710465431213 -0.18565316498279572
1544 5.6243462562561035 -0.2858140468597412 0.09059643745422363
1545 0.3641662895679474 0.25538086891174316 -0.15677079558372498
1546 3.366091012954712 -0.057403191924095154 0.2943474352359772
1547 0.37004050612449646 0.29481253027915955 0.049336522817611694
1548 3.3728079795837402 -0.13357043266296387 0.2674233317375183
1549 0.3657902777194977 0.2543470859527588 0.15873301029205322
1550 4.872926235198975 -0.290669322013855 0.06946630775928497
1551 0.3786054253578186 0.12243913114070892 0.27350157499313354
1552 5.88325309753418 0.2926372289657593 0.06443788856267929
1553 0.38164329528808594 -0.019704638049006462 0.2991069555282593
1554 0.3747360110282898 -0.13487496972084045 0.26811566948890686
1555 3.3734731674194336 -0.2855525612831116 0.0915212631225586
1556 0.38362443447113037 -0.26238974928855896 0.14531643688678741
1557 3.123546838760376 0.061844274401664734 -0.29245230555534363
1558 5.872369766235352 0.26569220423698425 0.13823437690734863
1559 3.131148338317871 0.2527153789997101 -0.16130560636520386
1560 3.11405086517334 0.2264264076948166 -0.19640181958675385
1561 3.124577045440674 0.2686963975429535 0.13258574903011322
1562 3.1267435550689697 0.12061949819326401 0.2744109630584717
1563 3.1218602657318115 -0.023948442190885544 0.2988393008708954
1564 3.1259429454803467 -0.12490494549274445 0.2724715769290924
1565 3.1353495121002197 -0.2416553497314453 0.17745441198349
1566 3.134063482284546 -0.29410865902900696 0.05821361020207405
1567 5.3747663497924805 0.04367770999670029 -0.2966095805168152
1568 5.881464004516602 0.0917166993021965 0.2852952182292938
1569 2.8755950927734375 0.04625794291496277 -0.2962988615036011
1570 2.8732283115386963 0.248886376619339 -0.16682212054729462
1571 5.382278919219971 0.2514728605747223 -0.16310900449752808
1572 2.875309467315674 0.296050101518631 0.04660981148481369
1573 2.8569953441619873 0.26359447836875916 0.14086265861988068
1574 2.8647451400756836 0.11361315846443176 0.2764432728290558
1575 2.885298013687134 -0.0267369095236063 0.2985042333602905
1576 2.8717904090881348 -0.1348186731338501 0.2667960822582245
1577 5.873997688293457 -0.02406373620033264 0.298908531665802
1578 1.86726975440979 -0.29960399866104126 -0.005968787241727114
1579 1.8677279949188232 -0.28574591875076294 -0.09011366963386536
1580 1.8728958368301392 -0.26844143867492676 -0.13321946561336517
1581 1.8713933229446411 -0.24676881730556488 -0.16871896386146545
1582 1.8651092052459717 -0.22425682842731476 -0.19851480424404144
1583 1.880292534828186 -0.15522392094135284 -0.25637760758399963
1584 1.8723024129867554 -0.07483837008476257 -0.29018571972846985
1585 1.8742138147354126 -0.01890593394637108 -0.2993566691875458
1586 1.8800766468048096 0.09520895779132843 -0.28430619835853577
1587 1.8832676410675049 0.14449816942214966 -0.2625684142112732
1588 1.8671693801879883 0.21098516881465912 -0.2130897045135498
1589 1.8708186149597168 0.2709345817565918 -0.1284198760986328
1590 1.8912582397460938 0.29837512969970703 -0.030693678185343742
1591 1.8578143119812012 0.299430251121521 0.009841416031122208
1592 1.8724089860916138 0.2766621708869934 0.11571326851844788
1593 1.8682392835617065 0.21556136012077332 0.20858114957809448
1594 1.8766051530838013 0.14541158080101013 0.26191186904907227
1595 1.882393717765808 0.04842387139797211 0.2958398461341858
1596 1.870360255241394 -0.006790822837501764 0.29982537031173706
1597 1.8662004470825195 -0.17621515691280365 0.24138037860393524
1598 1.8765300512313843 -0.23124273121356964 0.19060862064361572
1599 1.8701131343841553 -0.273466020822525 0.12069249153137207
1600 1.8738079071044922 -0.29674872756004333 0.04378540813922882
1601 1.1264333724975586 -0.29942718148231506 -0.011755629442632198
1602 1.127063274383545 -0.285795122385025 -0.09032970666885376
1603 1.1256612539291382 -0.2693709433078766 -0.13127489387989044
1604 1.1355564594268799 -0.25025469064712524 -0.1634904444217682
1605 1.1263320446014404 -0.2292693704366684 -0.19299153983592987
1606 1.1363016366958618 -0.16627159714698792 -0.24941769242286682
1607 1.1193574666976929 -0.13436225056648254 -0.2669956088066101
1608 1.0995328426361084 -0.09471382945775986 -0.2843824028968811
1609 1.1350769996643066 -0.05645447596907616 -0.29458391666412354
1610 1.1239674091339111 -0.0077692363411188126 -0.2996996343135834
1611 1.1228132247924805 0.10945379734039307 -0.27815255522727966
1612 1.1325674057006836 0.18205732107162476 -0.23814083635807037
1613 1.1241198778152466 0.2744412422180176 -0.12103472650051117
1614 1.125370979309082 0.29680201411247253 -0.04046183079481125
1615 1.1244462728500366 0.278821736574173 0.1074262484908104
1616 1.1253461837768555 0.2272678166627884 0.19539856910705566
1617 1.1264230012893677 0.19175143539905548 0.23030707240104675
1618 1.1331719160079956 0.155570387840271 0.25516262650489807
1619 1.1239429712295532 0.08605319261550903 0.2871377170085907
1620 1.119006872177124 0.032737020403146744 0.2980016767978668
1621 1.1262387037277222 -0.0965656191110611 0.28374114632606506
1622 1.1121649742126465 -0.17925050854682922 0.23915496468544006
1623 1.1320604085922241 -0.20784829556941986 0.21588437259197235
1624 1.1245187520980835 -0.2680928111076355 0.13373231887817383
1625 1.133988380432129 -0.2972201406955719 0.03786056861281395
1626 0.876061201095581 -0.2976418435573578 -0.03509810194373131
1627 0.8752410411834717 -0.28846311569213867 -0.07834704220294952
1628 0.8816994428634644 -0.27655231952667236 -0.11513106524944305
1629 0.8625918626785278 -0.26006126403808594 -0.14927911758422852
1630 0.8848859667778015 -0.2078876495361328 -0.21590706706047058
1631 0.8754090070724487 -0.17977532744407654 -0.23881936073303223
1632 0.8740310072898865 -0.14155162870883942 -0.26424655318260193
1633 0.8749780058860779 -0.09812484681606293 -0.283080130815506
1634 0.8748978972434998 -0.009288433939218521 -0.299692302942276
1635 0.8834474682807922 0.12768566608428955 -0.27123594284057617
1636 0.8701264262199402 0.20939624309539795 -0.21450237929821014
1637 0.8658313751220703 0.2764330208301544 -0.11578559875488281
1638 0.8639572262763977 0.2976454198360443 -0.03504526987671852
1639 0.8736760020256042 0.29886776208877563 0.003652800340205431
1640 0.8738014698028564 0.28897422552108765 0.07929738610982895
1641 0.8748873472213745 0.23819014430046082 0.181666761636734
1642 0.8813014626502991 0.17974910140037537 0.23996342718601227
1643 0.864496648311615 0.13701310753822327 0.26676398515701294
1644 0.8738994598388672 0.040012769401073456 0.2969140112400055
1645 0.875252902507782 -0.09575596451759338 0.28385502099990845
1646 0.8727262020111084 -0.14740386605262756 0.26115158200263977
1647 0.8668069243431091 -0.19981497526168823 0.22353120148181915
1648 0.8664439916610718 -0.26282966136932373 0.14463290572166443
1649 0.8744533061981201 -0.29656264185905457 0.0433574840426445
1650 1.8797608613967896 0.04372764006257057 -0.2964485287666321
1651 1.8850985765457153 0.24320727586746216 -0.1751583218574524
1652 1.8690872192382812 0.29322102665901184 0.06294074654579163
1653 1.875185489654541 0.25124695897102356 0.16344726085662842
1654 1.87749183177948 0.09898460656404495 0.2829446494579315
1655 1.8919075727462769 -0.05989169329404831 0.2938280999660492
1656 1.8644856214523315 -0.11066792905330658 0.2786950469017029
1657 1.8742314577102661 -0.25654032826423645 0.15530340373516083
1658 1.8742315769195557 -0.2868662178516388 0.08671575039625168
1659 1.1235557794570923 0.06978338211774826 -0.2914055287837982
1660 1.1173847913742065 0.2249564826488495 -0.19803965091705322
1661 1.1238141059875488 0.25103235244750977 -0.1639457494020462
1662 1.1260080337524414 0.2994269132614136 0.013775855302810669
1663 1.1236028671264648 0.25981009006500244 0.15039226412773132
1664 1.11553156375885 0.12916810810565948 0.2707117795944214
1665 1.1264878511428833 -0.022067153826355934 0.2989802360534668
1666 1.1331878900527954 -0.13393248617649078 0.267135888338089
1667 1.124585509300232 -0.24196390807628632 0.1768118143081665
1668 1.1262354850769043 -0.2867528796195984 0.08769142627716064
1669 0.8736972212791443 0.04578569158911705 -0.296258807182312
1670 0.8639432191848755 0.2457531988620758 -0.1718909591436386
1671 0.8849174976348877 0.29731833934783936 0.03961319848895073
1672 0.8714810013771057 0.26020652055740356 0.1471167355775833
1673 0.8738670349121094 0.08844132721424103 0.28662943840026855
1674 0.8757460117340088 -0.01308680884540081 0.2995443046092987
1675 0.8821517825126648 -0.23428672552108765 0.18698136508464813
1676 0.871905505657196 -0.2852976322174072 0.09243527799844742
1677 3.874845266342163 -0.29928189516067505 -0.013930954970419407
1678 3.876518726348877 -0.28170880675315857 -0.10257153958082199
1679 3.876359462738037 -0.2637280225753784 -0.1428336650133133
1680 3.876115560531616 -0.23790396749973297 -0.1823507398366928
1681 3.8742051124572754 -0.20249170064926147 -0.22101092338562012
1682 3.875826120376587 -0.11131337285041809 -0.27818387746810913
1683 3.875305414199829 -0.01153898611664772 -0.29954424500465393
1684 3.8846139907836914 0.08155882358551025 -0.2884339392185211
1685 3.875490188598633 0.1270524114370346 -0.27162012457847595
1686 3.8767952919006348 0.17026326060295105 -0.24677592515945435
1687 3.8755648136138916 0.21173542737960815 -0.21220794320106506
1688 3.8745179176330566 0.2683636248111725 -0.1334076076745987
1689 3.862391471862793 0.2816421687602997 -0.10012243688106537
1690 3.872755527496338 0.2920028567314148 -0.06752423197031021
1691 3.875767707824707 0.29952362179756165 0.011990543454885483
1692 3.8755745887756348 0.2940206825733185 0.05756904184818268
1693 3.873483419418335 0.2826886773109436 0.09708381444215775
1694 3.8835718631744385 0.2489720582962036 0.16700983047485352
1695 3.882222890853882 0.1791997104883194 0.24045638740062714
1696 3.8834190368652344 0.12643064558506012 0.27171921730041504
1697 3.8776891231536865 0.07560881972312927 0.2900296449661255
1698 3.877412796020508 0.028031934052705765 0.2983962297439575
1699 3.8819780349731445 -0.020470228046178818 0.2990773022174835
1700 3.885118007659912 -0.10290304571390152 0.2814958393573761
1701 3.876347303390503 -0.14753681421279907 0.2608238756656647
1702 3.8752400875091553 -0.18936777114868164 0.23242036998271942
1703 3.8656320571899414 -0.23005035519599915 0.19257313013076782
1704 3.8709471225738525 -0.2625827491283417 0.1445189118385315
1705 3.866182804107666 -0.28457844257354736 0.09464152157306671
1706 3.8814697265625 -0.29731985926628113 0.03937222808599472
1707 0.10972422361373901 -0.29713189601898193 -0.031344301998615265
1708 0.12696300446987152 -0.2847473919391632 -0.0938180685043335
1709 0.13496600091457367 -0.23813596367835999 -0.1823222041130066
1710 0.12013507634401321 -0.26576125621795654 -0.1386331468820572
1711 0.13423745334148407 -0.2010769098997116 -0.22230689227581024
1712 0.12623576819896698 -0.16004377603530884 -0.253546804189682
1713 0.12577126920223236 -0.07063766568899155 -0.2912910282611847
1714 0.13348156213760376 -0.01522771269083023 -0.29945486783981323
1715 0.11946471780538559 0.1116475835442543 -0.277288019657135
1716 0.11796389520168304 0.04572040215134621 -0.29635488986968994
1717 0.11165188997983932 0.1453498899936676 -0.2620890438556671
1718 0.1217886209487915 0.18187695741653442 -0.23853950202465057
1719 0.12399888038635254 0.2205195426940918 -0.2029559165239334
1720 0.1344389170408249 0.27545955777168274 -0.11824636161327362
1721 0.11459549516439438 0.29213619232177734 -0.067182257771492
1722 0.12068064510822296 0.29444947838783264 0.051527298986911774
1723 0.12734277546405792 0.2994941174983978 0.008974282070994377
1724 0.13174839317798615 0.2853316366672516 0.09152248501777649
1725 0.125764861702919 0.26630887389183044 0.13724744319915771
1726 0.1147768571972847 0.2436119019985199 0.17462009191513062
1727 0.13444960117340088 0.18192215263843536 0.23832811415195465
1728 0.11600842326879501 0.14141292870044708 0.2643720209598541
1729 0.13140103220939636 0.09535747021436691 0.2841908633708954
1730 0.11732891947031021 0.03524503856897354 0.2977871298789978
1731 0.14051923155784607 -0.019653726369142532 0.29909276962280273
1732 0.135361447930336 -0.09166219085454941 0.2844586670398712
1733 0.12694890797138214 -0.17048358917236328 0.2465047687292099
1734 0.1183207556605339 -0.12756571173667908 0.2710714340209961
1735 0.1271267980337143 -0.20720155537128448 0.21647220849990845
1736 0.11625092476606369 -0.25830864906311035 0.1521855592727661
1737 0.12673240900039673 -0.28950849175453186 0.07440653443336487
1738 0.12328260391950607 -0.2784596085548401 0.1109599843621254
1739 0.1297498643398285 -0.2977559566497803 0.034034036099910736
1740 4.6160569190979 0.2994876205921173 -0.010120706632733345
1741 4.618907451629639 0.1410333812236786 0.26458221673965454
1742 4.630323886871338 0.02128831297159195 0.2989080548286438
1743 4.628155708312988 -0.0734749585390091 0.2907492518424988
1744 4.622524261474609 -0.21652182936668396 0.20610453188419342
1745 4.614770889282227 -0.29754072427749634 0.035845015197992325
1746 4.6373772621154785 0.2480476200580597 -0.16833609342575073
1747 4.624831676483154 0.10316844284534454 -0.2814188003540039
1748 4.643222332000732 -0.29958996176719666 -0.005905408412218094
1749 4.634042263031006 -0.2867684066295624 -0.08701304346323013
1750 4.622149467468262 -0.2696588933467865 -0.13064274191856384
1751 4.624816417694092 -0.24669058620929718 -0.1688166707754135
1752 4.627854824066162 -0.2278626561164856 -0.19480746984481812
1753 4.624195098876953 -0.17596659064292908 -0.24161550402641296
1754 4.625918865203857 -0.14501270651817322 -0.2622572183609009
1755 4.617600440979004 -0.07754246890544891 -0.2895035743713379
1756 4.624483108520508 -0.028596466407179832 -0.29825031757354736
1757 4.628101825714111 0.019640972837805748 -0.29904603958129883
1758 4.62686014175415 0.062074366956949234 -0.2923959791660309
1759 4.626893997192383 0.1556222140789032 -0.25521978735923767
1760 4.596684455871582 0.21937385201454163 -0.20446228981018066
1761 4.625582695007324 0.28947728872299194 -0.07806761562824249
1762 4.633392333984375 0.2962261140346527 -0.038961153477430344
1763 4.632762908935547 0.29750582575798035 0.03658321127295494
1764 4.638014793395996 0.2797749936580658 0.10509717464447021
1765 4.625994682312012 0.26554906368255615 0.1388717144727707
1766 4.624576568603516 0.23982302844524384 0.179518923163414
1767 4.625267505645752 0.20644110441207886 0.2170947641134262
1768 4.631054878234863 0.0955183133482933 0.2842099070549011
1769 4.643845558166504 0.059320490807294846 0.2929168939590454
1770 4.628664970397949 -0.025851834565401077 0.2985619604587555
1771 4.627279758453369 -0.11981715261936188 0.27479004859924316
1772 4.622671127319336 -0.18939438462257385 0.232293963432312
1773 4.624876499176025 -0.25681135058403015 0.15455496311187744
1774 4.63899040222168 -0.2770178020000458 0.11431755125522614
1775 4.625202655792236 -0.2894238531589508 0.07472939044237137
1776 4.120535373687744 -0.26471036672592163 -0.1410619467496872
1777 4.121648788452148 -0.015424614772200584 -0.2995605766773224
1778 4.133077144622803 0.17617404460906982 -0.24279868602752686
1779 4.140822410583496 0.21847572922706604 -0.20543669164180756
1780 4.122483730316162 0.2771240174770355 -0.11441495269536972
1781 4.126348495483398 0.2519856095314026 0.16260509192943573
1782 4.124223709106445 0.17973394691944122 0.2401428520679474
1783 4.124942302703857 0.04176688194274902 0.2969951927661896
1784 4.124074935913086 -0.15756991505622864 0.2552388608455658
1785 4.122588157653809 -0.23497143387794495 0.18644613027572632
1786 4.1347856521606445 -0.2815283536911011 0.10342014580965042
1787 2.124945640563965 -0.2952323257923126 -0.05283345282077789
1788 2.1326489448547363 -0.11554036289453506 -0.27677813172340393
1789 2.126159429550171 -0.004446505103260279 -0.29982680082321167
1790 2.1242380142211914 0.21515998244285583 -0.20900362730026245
1791 2.124729633331299 0.29792067408561707 -0.03401246294379234
1792 2.115417242050171 0.2701176702976227 0.1301899552345276
1793 2.1353647708892822 0.21115455031394958 0.21286441385746002
1794 2.114304542541504 0.08359938114881516 0.288048654794693
1795 2.1266322135925293 -0.011897341348230839 0.2997194528579712
1796 2.1316075325012207 -0.22930209338665009 0.1932878941297531
1797 2.13698673248291 -0.2967056334018707 0.043318212032318115
1798 1.373711347579956 -0.2826617360115051 -0.10039672255516052
1799 1.3726615905761719 0.08666330575942993 -0.2871505916118622
1800 1.3726513385772705 0.18219824135303497 -0.23817233741283417
1801 1.3855781555175781 0.2712213099002838 -0.12807410955429077
1802 1.3744696378707886 0.29092782735824585 0.07298513501882553
1803 1.3712587356567383 0.038880810141563416 0.2974401116371155
1804 1.374683141708374 -0.10918980091810226 0.27938273549079895
1805 1.3658798933029175 -0.2608698308467865 0.14809149503707886
1806 5.863945960998535 -0.11610154807567596 0.2765260934829712
1807 4.379408359527588 -0.2602055072784424 -0.14923220872879028
1808 2.6264681816101074 -0.10946471989154816 -0.2792600989341736
1809 5.368957042694092 0.21394971013069153 0.2101823091506958
1810 2.6287553310394287 0.1780356913805008 -0.24141858518123627
1811 2.626340866088867 0.27315378189086914 -0.1239696741104126
1812 4.385591506958008 0.08585236221551895 -0.28738775849342346
1813 2.642789840698242 0.27274349331855774 0.12472540140151978
1814 2.6256191730499268 0.2179678976535797 0.2060668021440506
1815 2.613936424255371 0.1724947988986969 0.24525880813598633
1816 4.385966777801514 0.21449393033981323 -0.2096824049949646
1817 2.6261582374572754 0.08153069019317627 0.28853461146354675
1818 2.640261173248291 -0.007696985267102718 0.2996852695941925
1819 2.6341025829315186 -0.11014311015605927 0.27899134159088135
1820 4.368365287780762 0.2915946841239929 -0.07003038376569748
1821 2.6248228549957275 -0.28311392664909363 0.09912613034248352
1822 4.363246440887451 0.29795366525650024 0.0334356389939785
1823 2.3646111488342285 -0.2948590815067291 -0.055035028606653214
1824 5.888957500457764 -0.28104642033576965 0.10492169857025146
1825 5.385926246643066 -0.15643972158432007 0.25591981410980225
1826 2.3842110633850098 -0.1545661985874176 -0.2570219337940216
1827 4.368974208831787 0.1745540201663971 0.24388815462589264
1828 2.3662240505218506 0.03685491904616356 -0.297675758600235
1829 5.873392105102539 -0.29617202281951904 0.047309160232543945
1830 2.376116991043091 0.13204987347126007 -0.2693043351173401
1831 4.374439239501953 0.07845917344093323 0.2893219292163849
1832 2.3644745349884033 0.21853864192962646 -0.20543135702610016
1833 4.373721599578857 -0.014583207666873932 0.2996159791946411
1834 2.37796688079834 0.2895960807800293 -0.07815738022327423
1835 2.366424083709717 0.27062278985977173 0.12923480570316315
1836 5.6259026527404785 -0.2999681532382965 0.0001700935827102512
1837 5.880331516265869 -0.28415313363075256 -0.09605566412210464
1838 4.37971830368042 -0.26398658752441406 0.14235588908195496
1839 2.3757355213165283 -0.06864280998706818 0.29196441173553467
1840 2.377300977706909 -0.285014271736145 0.09321923553943634
1841 5.623770236968994 -0.26136115193367004 -0.14718097448349
1842 5.126317501068115 -0.20132318139076233 -0.22232645750045776
1843 5.13887882232666 -0.057942938059568405 -0.2942452132701874
1844 5.624194145202637 -0.157337948679924 -0.25539934635162354
1845 5.122894287109375 0.13278329372406006 -0.2689708173274994
1846 5.616169452667236 -0.0054336111061275005 -0.2998092770576477
1847 5.135303974151611 0.2744700610637665 -0.12094331532716751
1848 5.885605812072754 -0.11668191850185394 -0.2763044536113739
1849 5.6175312995910645 0.08983279019594193 -0.28617602586746216
1850 1.6066453456878662 -0.2848126292228699 -0.09376044571399689
1851 1.6276209354400635 -0.10705575346946716 -0.2801341116428375
1852 1.6164602041244507 -0.023085564374923706 -0.29882675409317017
1853 5.614699363708496 0.18505771458148956 -0.23583170771598816
1854 1.63379967212677 0.2107318788766861 -0.21333067119121552
1855 1.6257554292678833 0.2893720865249634 -0.07880198955535889
1856 5.116923809051514 0.13424819707870483 0.26824724674224854
1857 1.6325695514678955 0.27567142248153687 0.1179741695523262
1858 1.624530553817749 0.17755648493766785 0.24176645278930664
1859 1.6356971263885498 0.04242728650569916 0.2969142198562622
1860 5.1234540939331055 -0.02440241351723671 0.2987945079803467
1861 1.629592776298523 -0.2948082983493805 0.05524058640003204
1862 5.873817443847656 0.03777115046977997 -0.2975895404815674
1863 5.123864650726318 -0.19073884189128876 0.23140835762023926
1864 5.6285247802734375 0.29940229654312134 -0.016468476504087448
1865 5.627655506134033 0.2888328731060028 0.080954410135746
1866 4.877256870269775 -0.2999560832977295 0.00175935635343194
1867 3.6165244579315186 -0.2995937764644623 -0.00964293908327818
1868 4.864160537719727 -0.2593686282634735 -0.15063229203224182
1869 3.6321544647216797 -0.1616687923669815 -0.25263190269470215
1870 4.868923664093018 -0.1942611038684845 -0.22852395474910736
1871 3.6347692012786865 0.21607360243797302 -0.20804309844970703
1872 4.875034809112549 0.035879023373126984 -0.29778462648391724
1873 3.6365463733673096 0.29839158058166504 -0.030220864340662956
1874 4.876434803009033 0.0939469039440155 -0.28482919931411743
1875 3.6265478134155273 0.28850269317626953 0.08192184567451477
1876 3.636070966720581 0.2508186101913452 0.1645110696554184
1877 3.6224429607391357 -0.008742389269173145 0.29980847239494324
1878 5.623682022094727 -0.010236306115984917 0.2997830808162689
1879 3.6166703701019287 -0.07045925408601761 0.29145437479019165
1880 5.876361846923828 0.2739105522632599 -0.12227872759103775
1881 3.1145355701446533 0.17764683067798615 0.24168595671653748
1882 3.627322196960449 -0.2600998282432556 0.14931389689445496
1883 3.6143882274627686 -0.294028103351593 0.05877389758825302
1884 5.6148457527160645 -0.11090072244405746 0.27873167395591736
1885 3.384514331817627 -0.28115707635879517 -0.10434532165527344
1886 0.6233042478561401 -0.28276297450065613 -0.10012742877006531
1887 0.6182640194892883 -0.11638064682483673 -0.2763584852218628
1888 3.3835575580596924 -0.1990877240896225 -0.224382221698761
1889 0.6183176040649414 -0.01438111625611782 -0.2996236979961395
1890 4.874382495880127 0.21856015920639038 0.20540034770965576
1891 0.6159233450889587 0.08470012247562408 -0.28771358728408813
1892 0.6141061782836914 0.250989705324173 -0.16425618529319763
1893 0.6130092740058899 0.29070135951042175 -0.07363317906856537
1894 3.373399257659912 0.041116319596767426 -0.29713261127471924
1895 0.6315726041793823 0.2990809977054596 0.023020504042506218
1896 3.3768656253814697 0.14176706969738007 -0.26429176330566406
1897 0.6248770952224731 0.24939057230949402 0.16667284071445465
1898 4.873074531555176 0.08979953825473785 0.28620845079421997
1899 5.619137287139893 -0.2309829145669937 0.19128403067588806
1900 0.6235591769218445 0.13660693168640137 0.2670615315437317
1901 4.872375965118408 -0.012721952050924301 0.29969966411590576
1902 3.376499652862549 0.2985440492630005 0.02900288626551628
1903 5.885756969451904 0.2992006838321686 0.02075764164328575
1904 0.37460780143737793 -0.29996147751808167 0.0013073107693344355
1905 0.3732943534851074 -0.284091591835022 -0.09616898745298386
1906 3.375518798828125 0.21845532953739166 0.20552854239940643
1907 0.37485387921333313 -0.060594089329242706 -0.2937699258327484
1908 4.863910675048828 -0.19994033873081207 0.22358256578445435
1909 0.38476091623306274 0.21095915138721466 -0.21309007704257965
1910 3.3849358558654785 -0.012166638858616352 0.29971882700920105
1911 0.38910433650016785 0.29108667373657227 -0.07235035300254822
1912 4.875188827514648 -0.2576811909675598 0.15338769555091858
1913 0.3735352158546448 0.2734413743019104 0.12334130704402924
1914 3.3754422664642334 -0.20231440663337708 0.22139903903007507
1915 0.3731347620487213 0.036215890198946 0.297749787569046
1916 0.36511877179145813 -0.23620545864105225 0.18485628068447113
1917 3.1274502277374268 -0.285620778799057 -0.09139823168516159
1918 5.382816791534424 -0.2612385153770447 -0.14740169048309326
1919 3.1217994689941406 -0.1098824068903923 -0.2790966033935547
1920 3.1317555904388428 0.03207540139555931 -0.29814547300338745
1921 3.116694450378418 0.09490515291690826 -0.28441739082336426
1922 3.1141395568847656 0.2911381125450134 -0.07220558822154999
1923 5.380868911743164 -0.15393398702144623 -0.2574213445186615
1924 3.1342685222625732 0.2981513440608978 0.03176407143473625
1925 5.8719401359558105 0.1370808482170105 0.2668136954307556
1926 3.1344728469848633 -0.2812275290489197 0.10430983453989029
1927 2.8890302181243896 -0.28275731205940247 -0.10001789778470993
1928 5.3740153312683105 0.13940326869487762 -0.26560449600219727
1929 2.8870279788970947 0.08720964938402176 -0.2870026230812073
1930 5.373172283172607 0.21970400214195251 -0.20411993563175201
1931 2.8841092586517334 0.22219233214855194 -0.20120950043201447
1932 2.8651530742645264 0.29861414432525635 -0.028269361704587936
1933 2.8671114444732666 0.28863367438316345 0.08139598369598389
1934 5.369575023651123 0.27344992756843567 -0.12331292033195496
1935 2.8855040073394775 0.2158081829547882 0.2083246260881424
1936 2.8856093883514404 0.09045659005641937 0.2859686315059662
1937 5.374130725860596 0.2986161410808563 -0.028465736657381058
1938 2.879027843475342 -0.0644969791173935 0.2929359972476959
1939 2.8771212100982666 -0.23454327881336212 0.1870023012161255
1940 1.8809924125671387 -0.29627057909965515 -0.046733759343624115
1941 1.8781492710113525 -0.1963978111743927 -0.22669601440429688
1942 1.877027153968811 -0.11427435278892517 -0.2773280143737793
1943 1.8728612661361694 0.1789422184228897 -0.24075324833393097
1944 1.8776755332946777 0.29014042019844055 -0.0761534571647644
1945 1.8856213092803955 0.1812441647052765 0.2389892041683197
1946 1.8812133073806763 -0.15144912898540497 0.2587585151195526
1947 1.874687671661377 -0.20178332924842834 0.22189655900001526
1948 1.127320647239685 -0.2953310012817383 -0.052524227648973465
1949 1.1238465309143066 -0.19749149680137634 -0.22577065229415894
1950 1.1152496337890625 0.03228769078850746 -0.298199325799942
1951 1.1148675680160522 0.14219358563423157 -0.26390182971954346
1952 1.124576449394226 0.28985288739204407 -0.07720141112804413
1953 1.1257902383804321 0.2927488684654236 0.0644039586186409
1954 1.131108283996582 -0.0611613392829895 0.2936660647392273
1955 1.113350510597229 -0.15426939725875854 0.25723475217819214
1956 0.8873223662376404 -0.29993438720703125 0.0031056234147399664
1957 0.8732309937477112 -0.23420259356498718 -0.18741360306739807
1958 0.8737370371818542 -0.056404855102300644 -0.29453760385513306
1959 0.8766348361968994 0.0873950645327568 -0.28695622086524963
1960 0.8732161521911621 0.17386557161808014 -0.24434387683868408
1961 0.881439208984375 0.29157713055610657 -0.0702984631061554
1962 0.8620052933692932 0.2763293385505676 0.11633288860321045
1963 0.8730677962303162 0.21261228621006012 0.2115475833415985
1964 0.8869924545288086 -0.05608900636434555 0.29460182785987854
1965 3.876437187194824 -0.2941150963306427 -0.05877871811389923
1966 3.8752362728118896 -0.1596410870552063 -0.25393396615982056
1967 3.876061201095581 -0.06036465987563133 -0.2938184142112732
1968 3.8782806396484375 0.03474385291337967 -0.2979249656200409
1969 3.874924898147583 0.24478742480278015 -0.173233762383461
1970 3.885361671447754 0.29870179295539856 -0.027201000601053238
1971 3.864269256591797 0.2715151309967041 0.12736351788043976
1972 3.8675122261047363 0.21689613163471222 0.20723079144954681
1973 3.865708827972412 -0.061147794127464294 0.29366534948349
1974 0.1357582062482834 -0.2943803668022156 -0.057547587901353836
1975 0.13175390660762787 -0.29993289709091187 -0.0024033328518271446
1976 0.12648440897464752 -0.11572372913360596 -0.276684045791626
1977 0.12387879192829132 0.08439737558364868 -0.2878057658672333
1978 0.12913046777248383 0.24967853724956512 -0.1662091165781021
1979 0.13642968237400055 0.2984143793582916 -0.0297517329454422
1980 0.1256728172302246 0.21907907724380493 0.20488910377025604
1981 0.10920585691928864 -0.06128396466374397 0.2935749590396881
1982 0.13584913313388824 -0.23373760282993317 0.18798470497131348
1983 4.629170894622803 0.1857537180185318 -0.23522955179214478
1984 4.625819206237793 0.27313023805618286 -0.12399846315383911
1985 4.621293544769287 -0.2966189384460449 -0.044092126190662384
1986 4.624972820281982 -0.20622406899929047 -0.21766448020935059
1987 4.634900093078613 -0.11311960965394974 -0.27784326672554016
1988 4.625822067260742 0.13164164125919342 -0.26952019333839417
1989 4.619850158691406 0.28939685225486755 0.07882709801197052
1990 4.619490623474121 0.17639368772506714 0.24261370301246643
1991 4.628589630126953 -0.15816538035869598 0.2548756003379822
1992 4.6253886222839355 -0.23538871109485626 0.18588338792324066
1993 6.0000433921813965 0.26388058066368103 -0.0383797362446785
1994 -0.00015376010560430586 -0.2510720491409302 -0.025575552135705948
1995 6.000438690185547 -0.25769317150115967 0.08028917759656906
1996 6.0 -0.11273766309022903 0.16455158591270447
1997 5.447534022096079e-06 -0.16660745441913605 -0.13851909339427948
1998 -1.6416214521086658e-06 -0.19263604283332825 0.1066732108592987
1999 6.000000953674316 0.19790537655353546 0.09943538159132004
2000 6.0 0.15872950851917267 -0.15224014222621918
2001 -1.2445015272533055e-05 0.20876294374465942 -0.12262886017560959
2002 4.333298875280889e-07 0.17765352129936218 0.11775337904691696
2003 6.0 -0.15181446075439453 0.15899522602558136
2004 5.999999046325684 -0.17874862253665924 0.15430417656898499
2005 -7.844310312066227e-05 -0.22484706342220306 -0.11732791364192963
2006 2.3950974537001457e-08 0.20450441539287567 -0.08125521242618561
2007 6.000001430511475 0.21666662395000458 0.06716928631067276
2008 5.9999775886535645 -0.24132028222084045 -0.054399292916059494
2009 6.000018119812012 0.2039823979139328 -0.14357559382915497
2010 -1.1353429727023467e-05 0.2291487455368042 0.11147908866405487
2011 9.156391024589539e-05 -0.24411875009536743 0.09848370403051376
2012 6.000011920928955 0.2523786127567291 0.061392538249492645
2013 1.0408948583062738e-06 0.23884651064872742 -0.09654118120670319
2014 5.999993324279785 -0.20094114542007446 0.1771957278251648
2015 6.000023365020752 -0.2094363123178482 0.13643093407154083
2016 5.514649501492386e-07 -0.00028776051476597786 -0.2158382534980774
2017 6.0 -0.023018160834908485 -0.2139505296945572
2018 4.7286428639381484e-07 0.011035093106329441 0.08867362141609192
2019 6.0 0.02983095683157444 0.054878778755664825
2020 4.768464805238182e-07 0.00498207937926054 -0.08769995719194412
2021 5.999999523162842 -0.0012960867024958134 0.21189305186271667
2022 4.76836959251159e-07 0.035640791058540344 -0.07304848730564117
2023 -5.021290235163178e-06 0.021464601159095764 0.23625792562961578
2024 6.0 -0.0192051213234663 0.05898706614971161
2025 1.1508066108945059e-06 -0.028452089056372643 0.21143865585327148
2026 6.0 -0.07186096161603928 -0.03567252308130264
2027 6.000002384185791 0.02140764705836773 -0.21548111736774445
2028 6.000000476837158 0.09714706987142563 0.19633382558822632
2029 4.501282091950998e-06 -0.03989134728908539 -0.2453126609325409
2030 3.994564394815825e-06 0.08477259427309036 -0.22841991484165192
2031 4.770627697325835e-07 -0.060993414372205734 0.07092762738466263
2032 5.999998092651367 -0.035642120987176895 0.19855232536792755
2033 6.0 -0.05393479764461517 0.09522305428981781
2034 -0.00019833864644169807 -0.25472956895828247 -0.06764001399278641
2035 6.0 0.06395908445119858 0.03737819194793701
2036 6.0 0.027623416855931282 -0.10242244601249695
2037 4.76837158203125e-07 0.07790173590183258 -0.07916545122861862
2038 6.000062465667725 -0.029080215841531754 0.24986574053764343
2039 -6.784000106563326e-06 -0.08164738863706589 0.20903153717517853
2040 4.769250381286838e-07 -0.06148967519402504 -0.09915705770254135
2041 4.767703387642541e-07 0.10801555961370468 0.02725011296570301
2042 5.999999523162842 -0.14507228136062622 -0.132110133767128
2043 6.0 0.10559696704149246 0.049406927078962326
2044 2.702041683733114e-06 0.05997297167778015 0.20729851722717285
2045 4.785914597960073e-07 0.0848860964179039 0.07209676504135132
2046 3.300757089164108e-05 0.125931054353714 -0.22199414670467377
2047 6.0 -0.09669690579175949 -0.07805866748094559
2048 5.999968528747559 -0.07152736186981201 0.24105346202850342
2049 6.0 -0.1014677956700325 0.09062113612890244
2050 6.0 0.07821293920278549 -0.10668516159057617
2051 2.1933261450612918e-05 -0.12264502048492432 0.21065418422222137
2052 -1.9433398847468197e-05 -0.12108117341995239 -0.21726679801940918
2053 8.101936828097678e-07 -0.13802270591259003 0.030858760699629784
2054 4.76975174024119e-07 0.12849050760269165 -0.06428515166044235
2055 4.769132715409796e-07 -0.1288755238056183 -0.07714931666851044
2056 6.0 -0.13401076197624207 0.0007382044568657875
2057 5.999976634979248 -0.17281818389892578 -0.17445382475852966
2058 2.799931462504901e-05 0.14129547774791718 0.20870253443717957
2059 6.000003337860107 0.17303496599197388 0.19159075617790222
2060 6.0 0.1421044021844864 0.05564872920513153
2061 5.999988555908203 0.0992104560136795 -0.22723141312599182
2062 6.000000476837158 0.12810580432415009 0.18021747469902039
2063 2.6043999241665006e-06 -0.08177545666694641 -0.2357407808303833
2064 4.808001676792628e-07 0.1266605705022812 0.06353869289159775
2065 1.268320920644328e-05 -0.1518522948026657 0.1950414776802063
2066 6.0 -0.11933926492929459 -0.038967374712228775
2067 6.0 0.11311819404363632 -0.08509267866611481
2068 1.0441705853736494e-05 -0.16184771060943604 -0.1960596740245819
2069 -4.890589480055496e-06 0.1758999079465866 -0.15588809549808502
2070 -3.3260099030485435e-07 -0.14118550717830658 0.07755319774150848
2071 4.679706648857973e-07 -0.1583327353000641 -0.053120724856853485
2072 6.0 0.13759981095790863 -0.1250622719526291
2073 5.999998092651367 0.1974034160375595 0.1518917977809906
2074 6.0 0.16054484248161316 0.011382200755178928
2075 5.999999523162842 -0.16231372952461243 -0.035404272377491
2076 5.999999523162842 -0.1272241473197937 0.20460650324821472
2077 6.0 -0.1445167064666748 0.07850062102079391
2078 4.161087512969971 -0.2140531837940216 -0.20933638513088226
2079 4.158470630645752 0.18990138173103333 -0.23126964271068573
2080 4.162689208984375 0.2991381585597992 -0.007223325781524181
2081 4.161771297454834 0.29766055941581726 0.03768245130777359
2082 4.1739606857299805 0.17401310801506042 0.24423277378082275
2083 4.16145658493042 -0.21601350605487823 0.2072800248861313
2084 4.169708728790283 0.028346844017505646 0.29841887950897217
2085 4.165252685546875 -0.024307433515787125 0.29901131987571716
2086 4.17997932434082 -0.182734876871109 0.23791025578975677
2087 4.1702423095703125 -0.08052913844585419 0.28881895542144775
2088 4.170920372009277 -0.2690364122390747 0.13218042254447937
2089 4.170360565185547 0.0013700061244890094 -0.2998090386390686
2090 4.171200275421143 -0.2985896170139313 -0.018399279564619064
2091 4.1773834228515625 -0.2942161560058594 -0.05711786448955536
2092 4.172283172607422 -0.2577807903289795 -0.15279218554496765
2093 4.190598011016846 -0.23559999465942383 -0.18514814972877502
2094 4.1636481285095215 -0.28074637055397034 -0.10589474439620972
2095 4.179461479187012 -0.103086918592453 -0.28138989210128784
2096 4.164291858673096 -0.056006044149398804 -0.2946597635746002
2097 4.172430992126465 -0.14161404967308044 -0.2641141414642334
2098 4.166986465454102 -0.18260300159454346 -0.2377924621105194
2099 4.1880621910095215 0.29624882340431213 -0.047570087015628815
2100 4.1695332527160645 0.15654975175857544 -0.25608760118484497
2101 4.159432411193848 0.12083642184734344 -0.27374592423439026
2102 4.165900230407715 0.2844434082508087 -0.09291240572929382
2103 4.187504768371582 0.2140539437532425 -0.20969970524311066
2104 4.173226833343506 0.2853587567806244 0.09189073741436005
2105 4.191088676452637 0.14114528894424438 0.2643255591392517
2106 4.1708807945251465 0.23283036053180695 0.18953703343868256
2107 4.1711859703063965 0.20417776703834534 0.21861159801483154
2108 4.164994239807129 -0.29869818687438965 0.02925736829638481
2109 4.178083419799805 0.04480824992060661 -0.29630985856056213
2110 4.170239448547363 0.08369934558868408 -0.28790178894996643
2111 4.164794921875 0.2465958446264267 -0.17096702754497528
2112 4.168821811676025 0.2717570662498474 -0.1266181766986847
2113 4.1583757400512695 0.25319647789001465 0.1593799740076065
2114 4.182293891906738 0.2702234387397766 0.12952640652656555
2115 4.1623945236206055 0.11014743149280548 0.2780103087425232
2116 4.169209957122803 0.07390190660953522 0.29058536887168884
2117 4.173916816711426 -0.1311459094285965 0.2697177827358246
2118 4.1701226234436035 -0.24321302771568298 0.17536410689353943
2119 4.171102523803711 -0.2880665957927704 0.08369972556829453
2120 2.164174795150757 -0.2954031825065613 -0.05233978480100632
2121 2.1687123775482178 -0.18658187985420227 -0.2345280647277832
2122 2.176109790802002 -0.28226378560066223 -0.10116828978061676
2123 2.1917989253997803 -0.26533716917037964 -0.13921424746513367
2124 2.163118362426758 -0.24871224164962769 -0.16622638702392578
2125 2.168381929397583 -0.22521649301052094 -0.1981063336133957
2126 2.1700284481048584 -0.09586428105831146 -0.2839706838130951
2127 2.168628454208374 -0.1429212987422943 -0.2636410892009735
2128 2.1727259159088135 -0.039072006940841675 -0.29773932695388794
2129 2.1817188262939453 0.022207433357834816 -0.2987925112247467
2130 2.174304962158203 0.09536246210336685 -0.2841019034385681
2131 2.1930160522460938 0.13019002974033356 -0.26984891295433044
2132 2.169816255569458 0.19307199120521545 -0.22925549745559692
2133 2.1623239517211914 0.15889477729797363 -0.25363317131996155
2134 2.168104887008667 0.2806968092918396 -0.10512033104896545
2135 2.170543670654297 0.2950938045978546 -0.05510205775499344
2136 2.1645607948303223 0.2708606421947479 0.12892597913742065
2137 2.1647889614105225 0.29875898361206055 -0.01691933162510395
2138 2.1793227195739746 0.29887518286705017 0.022144760936498642
2139 2.165609121322632 0.18325042724609375 0.23746426403522491
2140 2.1749634742736816 0.24557068943977356 0.17165721952915192
2141 2.174861192703247 0.22052647173404694 0.20293132960796356
2142 2.169210910797119 0.1358085572719574 0.2674039900302887
2143 2.1891889572143555 0.03792808949947357 0.2973407208919525
2144 2.164149522781372 0.002487404039129615 0.29922306537628174
2145 2.1641762256622314 -0.10196226835250854 0.28234538435935974
2146 2.1629397869110107 -0.20004543662071228 0.22354955971240997
2147 2.1710519790649414 -0.23685942590236664 0.1838253140449524
2148 2.165064573287964 -0.27994126081466675 0.1078496128320694
2149 2.1645941734313965 -0.2999492287635803 0.0052033597603440285
2150 2.1604843139648438 0.2619393765926361 -0.14484885334968567
2151 2.1846158504486084 0.23481500148773193 -0.18700188398361206
2152 2.163153886795044 0.06139570474624634 -0.29301467537879944
2153 2.172011613845825 0.29027530550956726 0.07578675448894501
2154 2.1652982234954834 0.08658093214035034 0.28711795806884766
2155 2.1789257526397705 -0.045886874198913574 0.29647010564804077
2156 2.168898105621338 -0.1548123061656952 0.2567613422870636
2157 2.178053617477417 -0.2602410614490509 0.14875474572181702
2158 2.1782331466674805 -0.2943265736103058 0.05645770952105522
2159 1.4074825048446655 -0.2848452627658844 -0.09504614770412445
2160 1.429274320602417 -0.2965501844882965 -0.04238242655992508
2161 1.4217201471328735 -0.0173344686627388 -0.2993612587451935
2162 1.413058876991272 0.017441509291529655 -0.29869145154953003
2163 1.4223707914352417 -0.2006128877401352 -0.2226971834897995
2164 1.4279764890670776 -0.26315784454345703 -0.14361844956874847
2165 1.422046184539795 -0.23417802155017853 -0.18734894692897797
2166 1.4298902750015259 -0.05677562206983566 -0.2941337525844574
2167 1.4210046529769897 -0.15890119969844818 -0.2544628381729126
2168 1.4153403043746948 -0.10509173572063446 -0.2811027765274048
2169 1.4196394681930542 0.29972603917121887 -0.0108200553804636
2170 1.416763424873352 0.1862616389989853 -0.23534677922725677
2171 1.4311130046844482 0.13996684551239014 -0.26446717977523804
2172 1.4100539684295654 0.09230926632881165 -0.28585749864578247
2173 1.4189726114273071 0.2926492989063263 -0.06573173403739929
2174 1.4179942607879639 0.04914511740207672 0.2957219183444977
2175 1.425231695175171 0.28492021560668945 0.09266744554042816
2176 1.4213249683380127 0.14360694587230682 0.2633919417858124
2177 1.4249911308288574 0.22146117687225342 0.2020602524280548
2178 1.4339765310287476 0.1867583841085434 0.23424039781093597
2179 1.4414026737213135 -0.2805856764316559 0.10511191189289093
2180 1.4115948677062988 -0.006227653473615646 0.2999569773674011
2181 1.4226431846618652 -0.2296147644519806 0.19275088608264923
2182 1.4315234422683716 -0.1999862939119339 0.22326424717903137
2183 1.4235764741897583 -0.16725103557109833 0.2488621175289154
2184 1.4213380813598633 -0.2996317744255066 0.008981441147625446
2185 1.4195642471313477 0.22605890035629272 -0.19676342606544495
2186 1.4197227954864502 0.25551503896713257 -0.15677757561206818
2187 1.4359782934188843 0.04917823150753975 -0.29549896717071533
2188 1.420649766921997 0.2767135798931122 -0.1155083030462265
2189 1.4199564456939697 0.2687799632549286 0.13218538463115692
2190 1.4231709241867065 0.24654409289360046 0.17064522206783295
2191 1.431912899017334 0.2966514229774475 0.04406234994530678
2192 1.4192092418670654 0.09711603820323944 0.28375259041786194
2193 1.4199718236923218 -0.1231917291879654 0.2729201018810272
2194 1.4140878915786743 -0.06977178156375885 0.29208239912986755
2195 1.4198328256607056 -0.25991153717041016 0.14961883425712585
2196 1.4246118068695068 -0.29396891593933105 0.059869132936000824
2197 5.334097862243652 -0.1554946005344391 -0.25652751326560974
2198 2.8286547660827637 -0.06899271160364151 0.29187220335006714
2199 1.9204609394073486 -0.29869166016578674 -0.017038196325302124
2200 1.9206182956695557 -0.2936323285102844 -0.06093115359544754
2201 1.9185850620269775 -0.279835045337677 -0.10743466019630432
2202 1.9197537899017334 -0.2592797577381134 -0.15047162771224976
2203 1.9146991968154907 -0.2277607023715973 -0.19559694826602936
2204 1.9234222173690796 -0.18455202877521515 -0.23610258102416992
2205 4.340550422668457 -0.13567477464675903 -0.2670747935771942
2206 1.9374303817749023 -0.13139700889587402 -0.2696947157382965
2207 2.08538818359375 0.22960734367370605 -0.19196461141109467
2208 1.9124879837036133 -0.09200112521648407 -0.2847779095172882
2209 1.9115206003189087 -0.05920075997710228 -0.29396384954452515
2210 1.9284361600875854 -0.03104306012392044 -0.29779478907585144
2211 1.927066683769226 0.011630913242697716 -0.29903244972229004
2212 4.4163594245910645 0.16728612780570984 -0.24804498255252838
2213 1.9262570142745972 0.11594797670841217 -0.27586832642555237
2214 1.9177849292755127 0.1839943528175354 -0.23697024583816528
2215 1.9285622835159302 0.14856266975402832 -0.25998568534851074
2216 1.9238998889923096 0.2797843813896179 -0.10737974941730499
2217 1.9180608987808228 0.29253077507019043 -0.06579478085041046
2218 1.9442572593688965 0.29800012707710266 -0.030837278813123703
2219 1.9138668775558472 0.29920852184295654 0.020700562745332718
2220 5.420032024383545 0.21146833896636963 0.21275220811367035
2221 1.9254511594772339 0.235577791929245 0.1853107213973999
2222 1.924397587776184 0.20222070813179016 0.2207072377204895
2223 2.586914300918579 -0.2921515703201294 -0.06568625569343567
2224 2.089571952819824 0.11130212247371674 -0.27790483832359314
2225 1.9246513843536377 0.16900527477264404 0.24746836721897125
2226 1.9159739017486572 0.08080439269542694 0.2885594367980957
2227 2.668565273284912 -0.2037879228591919 -0.2198723703622818
2228 1.9389750957489014 0.04538213461637497 0.2961566150188446
2229 2.920931339263916 -0.1963139772415161 0.22682972252368927
2230 1.9123401641845703 0.01406540721654892 0.298925518989563
2231 1.9146862030029297 -0.08877140283584595 0.2856195271015167
2232 1.9189167022705078 -0.12293966114521027 0.27343037724494934
2233 1.9253156185150146 -0.17205427587032318 0.24590319395065308
2234 2.0827455520629883 0.29041793942451477 -0.0756085216999054
2235 1.9246892929077148 -0.21377626061439514 0.20998269319534302
2236 1.921014666557312 -0.2656460702419281 0.1374298334121704
2237 1.932140588760376 -0.2815931737422943 0.1024632677435875
2238 1.919276475906372 -0.29894232749938965 0.026824340224266052
2239 2.6688640117645264 0.0023432313464581966 -0.29959702491760254
2240 1.1637685298919678 -0.297605961561203 -0.03146493807435036
2241 1.176592469215393 -0.2997143566608429 0.0006968250963836908
2242 1.1748517751693726 -0.2925179898738861 -0.06535357236862183
2243 2.0840861797332764 -0.23304042220115662 0.1893954873085022
2244 1.175234079360962 -0.2617644965648651 -0.1464230716228485
2245 1.1739121675491333 -0.2798198461532593 -0.10670903325080872
2246 1.175744652748108 -0.24036584794521332 -0.1787506490945816
2247 1.1766220331192017 -0.21444255113601685 -0.20909026265144348
2248 1.1766220331192017 -0.18238946795463562 -0.23746399581432343
2249 4.324305057525635 -0.1972905695438385 -0.22588932514190674
2250 1.1544755697250366 -0.10281766951084137 -0.2819383144378662
2251 5.578541278839111 -0.10929931700229645 -0.2793080508708954
2252 1.168107509613037 -0.14551673829555511 -0.26190879940986633
2253 1.1724116802215576 -0.015422990545630455 -0.29943859577178955
2254 1.1871700286865234 -0.060204267501831055 -0.2934455871582031
2255 1.1648482084274292 0.03680220618844032 -0.2976434528827667
2256 1.158011794090271 0.14197975397109985 -0.264447957277298
2257 5.336719989776611 0.18346919119358063 0.23764251172542572
2258 4.080656051635742 0.015844663605093956 -0.2994939088821411
2259 4.0755109786987305 -0.09541047364473343 0.28390970826148987
2260 1.1881226301193237 0.1805402785539627 -0.2390175312757492
2261 1.1654709577560425 0.2904520630836487 -0.0750645250082016
2262 3.1837315559387207 0.14847314357757568 -0.26046809554100037
2263 1.1776701211929321 0.27398163080215454 -0.12128719687461853
2264 4.077348709106445 -0.2971114218235016 -0.039358850568532944
2265 1.1697304248809814 0.2996593117713928 -0.015762079507112503
2266 4.071675777435303 -0.023517705500125885 -0.2981417179107666
2267 2.5693325996398926 -0.12533675134181976 -0.2723677456378937
2268 1.1727683544158936 0.2870124876499176 0.08608867228031158
2269 1.1736088991165161 0.24198304116725922 0.17676474153995514
2270 4.0713114738464355 -0.23031453788280487 -0.1918802559375763
2271 1.1721296310424805 0.16977867484092712 0.2473450005054474
2272 1.1719021797180176 0.20784567296504974 0.21582721173763275
2273 4.073359966278076 -0.2713032066822052 -0.12610851228237152
2274 1.173344612121582 0.06794172525405884 0.29193416237831116
2275 1.1791660785675049 0.011220166459679604 0.2999808192253113
2276 4.0743207931518555 -0.2873455584049225 -0.08533871173858643
2277 2.5854852199554443 -0.08866094052791595 -0.2856849431991577
2278 1.1710799932479858 -0.07392701506614685 0.2905188202857971
2279 1.1611323356628418 -0.16938763856887817 0.2471819370985031
2280 4.0832929611206055 -0.11037911474704742 -0.27895575761795044
2281 1.184226155281067 -0.2066468745470047 0.2169192135334015
2282 4.057773590087891 -0.1947641372680664 -0.22788721323013306
2283 2.583326816558838 0.2976005971431732 -0.03986119478940964
2284 1.196177363395691 -0.29659608006477356 0.04244040325284004
2285 4.327705383300781 0.1716887503862381 -0.2461816370487213
2286 4.0844902992248535 -0.1603902280330658 -0.2534484565258026
2287 2.587327241897583 0.2993932068347931 0.019180230796337128
2288 4.077059268951416 0.1773998886346817 -0.24151626229286194
2289 2.5783023834228516 0.2427690327167511 -0.17641527950763702
2290 4.078723430633545 0.28639012575149536 -0.08844658732414246
2291 2.585313558578491 0.17551597952842712 -0.24333348870277405
2292 4.0859832763671875 0.21887901425361633 -0.20518188178539276
2293 2.5823757648468018 0.2855795621871948 -0.09031441807746887
2294 4.0566277503967285 0.09251122176647186 -0.28494060039520264
2295 4.069234371185303 0.2989785969257355 0.01920359767973423
2296 4.072584629058838 0.13198500871658325 -0.269285649061203
2297 4.076556205749512 0.13169266283512115 0.2693132758140564
2298 4.075345039367676 0.22112129628658295 0.20223385095596313
2299 2.570836305618286 0.2896137237548828 0.07711978256702423
2300 4.074068546295166 0.1906128078699112 0.23121550679206848
2301 2.581921339035034 0.06780720502138138 0.29181936383247375
2302 4.072407245635986 -0.2292046993970871 0.19313088059425354
2303 4.331698894500732 0.0825965404510498 -0.2884296774864197
2304 1.9193429946899414 0.22361530363559723 -0.19964513182640076
2305 4.078282833099365 0.05362486094236374 0.29484134912490845
2306 4.082240581512451 -0.17364569008350372 0.2438189685344696
2307 2.583636999130249 -0.19682133197784424 0.22642606496810913
2308 1.9265632629394531 -0.24254192411899567 0.17509372532367706
2309 5.836328983306885 -0.19301100075244904 0.2302979677915573
2310 1.1725845336914062 0.2153925895690918 -0.20875093340873718
2311 2.5845789909362793 0.21814599633216858 0.20602047443389893
2312 1.1746852397918701 -0.23301240801811218 0.18885843455791473
2313 2.569938898086548 0.2505599558353424 0.16454434394836426
2314 4.410956859588623 0.2917215824127197 -0.07096457481384277
2315 5.330230712890625 0.007679515518248081 0.299083411693573
2316 4.334847450256348 0.29792502522468567 -0.035637643188238144
2317 3.9165031909942627 -0.2999383509159088 0.0036821281537413597
2318 3.9322056770324707 -0.29663482308387756 -0.04242408648133278
2319 5.330753803253174 -0.10036272555589676 0.2824721932411194
2320 3.9156298637390137 -0.27189111709594727 -0.1256890743970871
2321 4.334587097167969 0.29152199625968933 0.07076407968997955
2322 3.9249267578125 -0.28536826372146606 -0.09212658554315567
2323 3.9245429039001465 -0.25347834825515747 -0.15932729840278625
2324 2.081458806991577 -0.29484838247299194 -0.054996706545352936
2325 3.923675060272217 -0.22757184505462646 -0.1948091685771942
2326 3.9224843978881836 -0.19035005569458008 -0.2317030131816864
2327 2.06120228767395 -0.15493251383304596 -0.25659871101379395
2328 3.9305031299591064 -0.14190474152565002 -0.26437464356422424
2329 3.9211668968200684 -0.08589500188827515 -0.287180632352829
2330 2.0801148414611816 -0.28014522790908813 -0.10716526210308075
2331 3.921109437942505 -0.04094858095049858 -0.2965608537197113
2332 3.921032190322876 0.003670017933472991 -0.29975202679634094
2333 2.0709726810455322 -0.22162792086601257 -0.20239239931106567
2334 3.9168858528137207 0.11056128144264221 -0.2780383229255676
2335 3.9302358627319336 0.1468122899532318 -0.2612287700176239
2336 2.078244924545288 -0.256212055683136 -0.15607303380966187
2337 3.9216554164886475 0.1906398981809616 -0.23178689181804657
2338 3.92268443107605 0.22583559155464172 -0.19665662944316864
2339 3.920315980911255 0.25546014308929443 -0.1567825973033905
2340 3.9150919914245605 0.2799370288848877 -0.10746169090270996
2341 5.3300251960754395 -0.2011946439743042 0.22241809964179993
2342 3.9213707447052 0.2950345277786255 -0.05550234019756317
2343 2.335216999053955 -0.28503844141960144 -0.09368417412042618
2344 2.0753517150878906 -0.02327693998813629 -0.29880964756011963
2345 3.924814462661743 0.29903528094291687 -0.008930977433919907
2346 5.335224151611328 -0.25981536507606506 0.14993244409561157
2347 2.081549882888794 0.029669443145394325 -0.2983933091163635
2348 2.0526413917541504 0.1268031895160675 -0.27150091528892517
2349 2.327366352081299 0.22889205813407898 0.19333010911941528
2350 3.941110610961914 0.2497985064983368 0.1654723882675171
2351 3.918734073638916 0.21692752838134766 0.20720888674259186
2352 3.9410512447357178 0.18035565316677094 0.23936393857002258
2353 2.0734035968780518 0.19803990423679352 -0.2255392074584961
2354 3.917140483856201 0.15224342048168182 0.2575816512107849
2355 4.33720588684082 0.14127011597156525 0.2646734416484833
2356 2.0833771228790283 0.15335750579833984 -0.25691136717796326
2357 3.9270787239074707 0.08634734898805618 0.2871064245700836
2358 3.9229848384857178 0.04072265699505806 0.2969990372657776
2359 3.912618398666382 0.006445271894335747 0.29910045862197876
2360 2.3349573612213135 0.1284923553466797 -0.2713600695133209
2361 5.3277268409729 -0.07751887291669846 -0.28941842913627625
2362 3.942392349243164 -0.10506469756364822 0.2806040048599243
2363 2.3314640522003174 -0.08058932423591614 -0.28867197036743164
2364 3.920534610748291 -0.17097534239292145 0.24615605175495148
2365 2.0788092613220215 0.2765323519706726 0.11567074060440063
2366 3.92519211769104 -0.21577458083629608 0.2087884247303009
2367 3.9134092330932617 -0.25011637806892395 0.1643170416355133
2368 3.914036273956299 -0.2732723355293274 0.1218176931142807
2369 2.3300464153289795 0.28598079085350037 -0.0902007520198822
2370 3.9482510089874268 -0.2639228403568268 0.14220795035362244
2371 2.060145139694214 0.18180711567401886 0.23807820677757263
2372 2.3294856548309326 -0.027337687090039253 -0.29866543412208557
2373 3.932302236557007 -0.2967565953731537 0.037515487521886826
2374 2.0821192264556885 0.21712234616279602 0.20690879225730896
2375 5.336914539337158 -0.15465477108955383 0.2573510706424713
2376 2.075343370437622 0.014836973510682583 0.2995639741420746
2377 2.0863001346588135 0.059295229613780975 0.2933734655380249
2378 2.3301379680633545 0.022392502054572105 -0.2988334596157074
2379 4.329794883728027 0.18581262230873108 0.2354489117860794
2380 2.079745054244995 -0.19154879450798035 0.23022542893886566
2381 2.3240230083465576 0.175129696726799 0.24334077537059784
2382 4.323288917541504 0.04964781552553177 0.2958269417285919
2383 5.835533618927002 -0.30000683665275574 0.006056628189980984
2384 2.3386075496673584 -0.19477421045303345 0.22859691083431244
2385 2.328582525253296 -0.09477308392524719 0.2849338948726654
2386 2.3363678455352783 0.2986295521259308 -0.03129654750227928
2387 5.583519458770752 -0.1590900868177414 -0.25452497601509094
2388 5.086403846740723 -0.2033255398273468 -0.22094491124153137
2389 4.659416675567627 0.2995951771736145 -0.00523796770721674
2390 4.667635440826416 0.1776653528213501 0.24183155596256256
2391 1.3345057964324951 -0.2820882201194763 -0.10181434452533722
2392 4.675908088684082 -0.010567539371550083 0.2996026575565338
2393 5.579663276672363 -0.29921820759773254 -0.020252775400877
2394 4.67723274230957 0.03649646416306496 0.2975280284881592
2395 4.67748498916626 -0.10290636867284775 0.2815110385417938
2396 4.6695427894592285 -0.23453068733215332 0.18699820339679718
2397 4.670724868774414 -0.20349736511707306 0.21990378201007843
2398 4.6904473304748535 0.24643872678279877 -0.17045658826828003
2399 2.3345346450805664 0.20314635336399078 0.22031614184379578
2400 1.3275210857391357 0.0239415243268013 -0.299010306596756
2401 4.661496162414551 -0.29598066210746765 -0.04936042055487633
2402 4.67943811416626 -0.299288809299469 -0.007073718588799238
2403 4.697145938873291 -0.2868419587612152 -0.08606913685798645
2404 1.3378911018371582 -0.17972104251384735 -0.23954036831855774
2405 4.671215057373047 -0.2600593566894531 -0.14931441843509674
2406 5.339584827423096 -0.2982425391674042 0.029453052207827568
2407 4.6649370193481445 -0.2750507593154907 -0.11777134984731674
2408 5.085733890533447 -0.29680824279785156 -0.04512247443199158
2409 1.3311365842819214 -0.21265050768852234 -0.21174633502960205
2410 4.675650596618652 -0.22916634380817413 -0.19337615370750427
2411 4.677894115447998 -0.19038821756839752 -0.23152051866054535
2412 1.3255467414855957 -0.23705615103244781 -0.18234921991825104
2413 4.665079593658447 -0.1282644122838974 -0.27086693048477173
2414 4.674357891082764 -0.15620432794094086 -0.2559201419353485
2415 4.673217296600342 -0.09565114974975586 -0.2837162911891937
2416 4.663699150085449 -0.006979578174650669 -0.29989540576934814
2417 4.332305908203125 -0.2940484881401062 0.060536228120326996
2418 4.671694278717041 -0.05373072251677513 -0.294658362865448
2419 4.671968936920166 0.131818950176239 -0.2693710923194885
2420 4.6805195808410645 0.1736503541469574 -0.24419879913330078
2421 4.654548645019531 0.2151150107383728 -0.2094697654247284
2422 1.3349093198776245 0.29930558800697327 -0.002405710518360138
2423 4.674448490142822 0.28157228231430054 -0.1015208512544632
2424 4.6768717765808105 0.2956479489803314 -0.051720984280109406
2425 4.680866718292236 0.2744330167770386 0.12027610838413239
2426 5.922950744628906 -0.28099802136421204 -0.10451187193393707
2427 1.3204799890518188 0.13425898551940918 -0.2680056393146515
2428 1.3220155239105225 0.2949826717376709 -0.056570544838905334
2429 5.581628799438477 -0.23995156586170197 -0.18028691411018372
2430 4.680568218231201 0.21933194994926453 0.20438119769096375
2431 4.6760711669921875 0.08350414782762527 0.28793665766716003
2432 2.0782570838928223 -0.15118220448493958 0.2587917149066925
2433 4.085192680358887 -0.25426286458969116 -0.1583949327468872
2434 4.66619873046875 -0.17638762295246124 0.2416151762008667
2435 1.3190706968307495 0.0324518084526062 0.2979220747947693
2436 4.687302589416504 -0.2623814344406128 0.14491067826747894
2437 4.078938007354736 -0.2563331723213196 0.15560217201709747
2438 4.674759387969971 -0.284390926361084 0.09526915103197098
2439 1.327046275138855 0.2721605598926544 0.1258876919746399
2440 2.067220449447632 -0.2996373474597931 -0.004106984473764896
2441 1.3253971338272095 0.14438487589359283 0.2626058757305145
2442 1.336685299873352 0.22738368809223175 0.19445312023162842
2443 1.3292280435562134 0.20421487092971802 0.219466894865036
2444 1.3207614421844482 -0.27081283926963806 0.12927594780921936
2445 1.3331800699234009 -0.013391798362135887 0.29969266057014465
2446 1.3257509469985962 -0.21436405181884766 0.2099517583847046
2447 1.3359313011169434 -0.09398508816957474 0.2841086685657501
2448 1.337549090385437 -0.1755099594593048 0.2424144297838211
2449 2.0653281211853027 -0.07035472244024277 0.291248619556427
2450 4.32927131652832 -0.22833167016506195 0.19370660185813904
2451 2.076165199279785 -0.06936658918857574 -0.29175442457199097
2452 2.0863547325134277 -0.11425237357616425 -0.2772551476955414
2453 4.074958801269531 -0.29971545934677124 0.009850859642028809
2454 4.084744453430176 0.29779601097106934 -0.03582398220896721
2455 5.574946880340576 -0.2681906223297119 -0.1342950463294983
2456 1.3365404605865479 -0.24681814014911652 0.17024117708206177
2457 2.5773661136627197 0.1303834170103073 -0.26992493867874146
2458 2.6655681133270264 0.11772620677947998 -0.2755180895328522
2459 2.666165590286255 -0.27560415863990784 -0.11643314361572266
2460 2.5565261840820312 0.09341137111186981 -0.28465700149536133
2461 2.570605993270874 -0.2793242633342743 -0.1085098385810852
2462 4.414394378662109 -0.1026751771569252 -0.28205811977386475
2463 4.429467678070068 -0.1538936346769333 -0.2572873532772064
2464 5.825474262237549 -0.10182646661996841 0.28194671869277954
2465 4.341866493225098 -0.2946038246154785 -0.05734822899103165
2466 4.419759273529053 -0.2847908139228821 -0.09400039911270142
2467 4.420468807220459 -0.2958530783653259 -0.04901810362935066
2468 2.6836636066436768 -0.2892209589481354 -0.0781526267528534
2469 5.582659721374512 -0.29354092478752136 -0.0605412982404232
2470 4.427409648895264 -0.2994995415210724 0.0009580219630151987
2471 2.8281497955322266 -0.2659096419811249 0.13828344643115997
2472 2.674449920654297 -0.2993260324001312 -0.020994484424591064
2473 5.431227684020996 0.24267145991325378 0.1757626086473465
2474 5.331448554992676 0.2265862375497818 0.19626255333423615
2475 2.075269937515259 0.2516576647758484 -0.16300146281719208
2476 2.915236473083496 -0.3001645803451538 -0.007910852320492268
2477 2.9191668033599854 -0.29540708661079407 0.05117913335561752
2478 5.081894874572754 -0.24337774515151978 -0.17523431777954102
2479 2.5784804821014404 0.030433638021349907 -0.29821720719337463
2480 2.5779948234558105 -0.16671644151210785 -0.24876286089420319
2481 2.0771942138671875 0.2988605797290802 -0.021711982786655426
2482 2.569010019302368 -0.010166563093662262 -0.2995797097682953
2483 2.6641650199890137 -0.171455517411232 -0.24527746438980103
2484 4.4143967628479 -0.18602275848388672 -0.23437124490737915
2485 2.575525999069214 -0.20569513738155365 -0.21814969182014465
2486 4.3099470138549805 -0.16442826390266418 -0.24992743134498596
2487 4.330695152282715 -0.2604171633720398 -0.14869453012943268
2488 4.419600009918213 -0.26595064997673035 -0.13849854469299316
2489 2.669435977935791 -0.23463113605976105 -0.18691959977149963
2490 4.309479713439941 -0.28125056624412537 -0.10338427126407623
2491 5.321154594421387 0.2829023003578186 0.10067658126354218
2492 2.077374219894409 0.29111775755882263 0.07188111543655396
2493 5.4232025146484375 0.2866402566432953 0.08749999105930328
2494 2.6796116828918457 -0.259492963552475 -0.14975978434085846
2495 2.5766730308532715 -0.23848754167556763 -0.18155761063098907
2496 2.5777459144592285 -0.050982847809791565 -0.295467734336853
2497 2.579251766204834 -0.26030880212783813 -0.1487749218940735
2498 2.6592159271240234 -0.03881801292300224 -0.29725077748298645
2499 2.6793196201324463 -0.13302409648895264 -0.2691560685634613
2500 4.421669006347656 -0.21464402973651886 -0.20950402319431305
2501 5.086625576019287 0.02920888550579548 -0.2988559603691101
2502 2.669267416000366 -0.08265088498592377 -0.28806835412979126
2503 4.329499244689941 -0.2303471565246582 -0.19201622903347015
2504 4.420389175415039 -0.24249893426895142 -0.17606376111507416
2505 2.5564939975738525 0.03760802373290062 0.2972191274166107
2506 2.6759417057037354 0.2933262288570404 -0.06103498488664627
2507 4.335603713989258 0.2169552445411682 -0.20723102986812592
2508 4.423492431640625 0.19443663954734802 -0.22805237770080566
2509 4.318075180053711 -0.02149706892669201 -0.2988722026348114
2510 4.422657012939453 -0.045672159641981125 -0.29627344012260437
2511 5.329662799835205 0.06535264849662781 0.2929791212081909
2512 5.0851616859436035 -0.06561467796564102 -0.29273033142089844
2513 2.67476749420166 0.27853673696517944 -0.11051972210407257
2514 2.6689980030059814 0.18255531787872314 -0.23816166818141937
2515 2.6937873363494873 0.14510400593280792 -0.2615986168384552
2516 5.829316139221191 -0.23527038097381592 0.1859884411096573
2517 4.330745697021484 -0.06828240305185318 -0.2919616103172302
2518 4.31066370010376 -0.10382698476314545 -0.28104516863822937
2519 2.581014394760132 0.2140989601612091 -0.20932310819625854
2520 2.6690597534179688 0.22042009234428406 -0.20329394936561584
2521 2.6806299686431885 0.057552289217710495 0.29391416907310486
2522 2.660639762878418 0.2854175865650177 0.08973371982574463
2523 2.6910197734832764 0.2740252614021301 0.12121021002531052
2524 4.426978588104248 0.00942346453666687 -0.2997945249080658
2525 2.6740572452545166 0.2998206913471222 -0.008534369058907032
2526 5.325413703918457 0.14062505960464478 0.2643525302410126
2527 5.42116641998291 0.16713517904281616 0.248775914311409
2528 4.440895080566406 0.13980795443058014 -0.26501548290252686
2529 2.666999340057373 0.17912332713603973 0.24053360521793365
2530 2.6732571125030518 0.13816669583320618 0.26595038175582886
2531 4.317384719848633 0.12781623005867004 -0.2705567181110382
2532 4.413087844848633 0.11034117639064789 -0.2782209515571594
2533 5.922335624694824 -0.20512083172798157 0.2188180536031723
2534 4.084339141845703 0.25130409002304077 0.16381195187568665
2535 2.5798680782318115 0.18395859003067017 0.23628666996955872
2536 2.6658413410186768 0.21718117594718933 0.2067544162273407
2537 5.181751251220703 0.14927956461906433 -0.2599821388721466
2538 2.314215898513794 -0.1227630004286766 -0.27279001474380493
2539 2.41841197013855 -0.12028554826974869 -0.27492743730545044
2540 2.677382469177246 -0.20351730287075043 0.220171257853508
2541 4.327833652496338 0.2189650684595108 0.20475950837135315
2542 5.8394389152526855 -0.27507978677749634 0.11760987341403961
2543 5.919521808624268 -0.2696852684020996 0.13066014647483826
2544 4.084303855895996 0.1610139012336731 0.2521072030067444
2545 2.6764514446258545 -0.1690092384815216 0.24684634804725647
2546 4.334048748016357 0.2855014204978943 -0.09227089583873749
2547 4.429402828216553 0.274585098028183 -0.11991100758314133
2548 2.5823357105255127 -0.11100560426712036 0.2785837650299072
2549 2.330080509185791 -0.159433513879776 -0.254072904586792
2550 2.4315731525421143 -0.17095866799354553 -0.24622559547424316
2551 2.324385404586792 -0.2962765693664551 -0.04554924741387367
2552 2.3076212406158447 -0.29952409863471985 -0.004750069230794907
2553 4.419620513916016 0.2905639410018921 0.0745546817779541
2554 4.428937911987305 0.2724091112613678 0.12522457540035248
2555 5.417287826538086 0.04424998164176941 0.29661932587623596
2556 2.5705385208129883 -0.2998248040676117 -0.012643069960176945
2557 2.3283004760742188 -0.19937169551849365 -0.22389446198940277
2558 4.055685997009277 -0.20183224976062775 0.22148527204990387
2559 2.563877582550049 -0.26778605580329895 0.13422775268554688
2560 2.426685333251953 -0.21358798444271088 -0.2098906934261322
2561 2.41402530670166 -0.295381635427475 -0.052942730486392975
2562 4.330055236816406 0.29933732748031616 0.017961211502552032
2563 4.427796363830566 0.2990666925907135 -0.018938375636935234
2564 2.3282227516174316 -0.23435741662979126 -0.18698261678218842
2565 2.4201819896698 -0.24839580059051514 -0.1685514599084854
2566 2.329592227935791 -0.26295629143714905 -0.14416857063770294
2567 2.4133198261260986 -0.2767094671726227 -0.11610709875822067
2568 2.4103949069976807 0.23418381810188293 0.18614953756332397
2569 2.4184467792510986 0.2082345187664032 0.2158348560333252
2570 2.3295516967773438 0.17250142991542816 -0.24526774883270264
2571 2.419861316680908 0.13179932534694672 -0.2695028483867645
2572 2.4446828365325928 -0.07040584087371826 -0.29125940799713135
2573 5.321211814880371 -0.28059396147727966 0.10554041713476181
2574 5.420886039733887 -0.2804873585700989 0.10613402724266052
2575 1.3300234079360962 -0.2996090054512024 0.008405279368162155
2576 4.30825662612915 -0.1058301106095314 0.2802918553352356
2577 4.414418697357178 -0.07656483352184296 0.28927189111709595
2578 5.8309526443481445 -0.22984912991523743 -0.192712664604187
2579 5.417055606842041 -0.1751435399055481 0.24251000583171844
2580 5.450131416320801 -0.19476303458213806 0.22786501049995422
2581 2.411311149597168 -0.04152217134833336 -0.29629987478256226
2582 4.428648948669434 0.21904316544532776 0.20460712909698486
2583 4.417061805725098 0.17797745764255524 0.24140815436840057
2584 5.585083961486816 0.1280198097229004 -0.27148446440696716
2585 2.4273462295532227 -0.005015486851334572 -0.29963576793670654
2586 2.4087255001068115 0.033457331359386444 -0.2981143593788147
2587 5.579554557800293 0.025157615542411804 -0.2990138530731201
2588 2.32738995552063 0.27708831429481506 0.1133129745721817
2589 5.171323299407959 0.28521785140037537 0.09199921786785126
2590 5.3222336769104 -0.23148274421691895 0.19045236706733704
2591 5.416348934173584 -0.21131138503551483 0.21171750128269196
2592 2.32753586769104 0.20725372433662415 -0.21607579290866852
2593 1.5822994709014893 0.2098129242658615 -0.21469593048095703
2594 2.430267572402954 0.178117573261261 -0.24109229445457458
2595 4.4193549156188965 0.020985187962651253 0.2989712953567505
2596 4.316162109375 -0.0028208226431161165 0.29962053894996643
2597 2.323094367980957 0.2987070679664612 0.01963699422776699
2598 2.4183311462402344 0.2991746962070465 0.02169109880924225
2599 4.411834716796875 0.059382952749729156 0.2932950258255005
2600 5.830686092376709 -0.2956782281398773 -0.04976726695895195
2601 5.9180803298950195 -0.29898330569267273 -0.004773693159222603
2602 5.933658123016357 -0.29695039987564087 -0.040029752999544144
2603 2.4240527153015137 0.2908307909965515 -0.07328328490257263
2604 2.4424147605895996 0.29816845059394836 -0.029880627989768982
2605 1.331591248512268 -0.0706203356385231 -0.29138270020484924
2606 2.4173691272735596 -0.09214755892753601 0.28496769070625305
2607 2.307744026184082 0.14252969622612 0.26302769780158997
2608 2.418039560317993 0.17061346769332886 0.24648332595825195
2609 2.4213526248931885 0.12948141992092133 0.2703823447227478
2610 4.330461502075195 -0.19662299752235413 0.2263808697462082
2611 4.426254749298096 -0.18281759321689606 0.2382398247718811
2612 1.3353683948516846 0.08033599704504013 -0.28908291459083557
2613 5.1740522384643555 -0.2994232475757599 -0.012094063684344292
2614 1.5835461616516113 -0.2384662628173828 -0.18219612538814545
2615 1.6702544689178467 0.29871293902397156 -0.02710767649114132
2616 5.663947105407715 -0.2985510528087616 -0.02069215476512909
2617 4.054412841796875 -0.06018276512622833 -0.29352614283561707
2618 2.3296306133270264 -0.03259170800447464 0.2982456386089325
2619 1.6638844013214111 0.044787634164094925 -0.29676103591918945
2620 2.4199209213256836 0.013687520287930965 0.2988903224468231
2621 5.079573631286621 -0.15965913236141205 -0.25367870926856995
2622 5.180807590484619 -0.16113919019699097 -0.25266650319099426
2623 2.3318846225738525 0.029825108125805855 0.2985760569572449
2624 2.447174072265625 0.044871099293231964 0.2962309420108795
2625 2.331523895263672 -0.2348780632019043 0.18647146224975586
2626 2.4238486289978027 -0.22651372849941254 0.1968410760164261
2627 4.322477340698242 -0.2997463047504425 -0.0012267502024769783
2628 1.5783323049545288 0.2183549702167511 0.20554640889167786
2629 5.303229331970215 -0.29935428500175476 0.012108206748962402
2630 5.425369739532471 -0.29943394660949707 0.016462160274386406
2631 2.4339804649353027 -0.19122029840946198 0.2307487279176712
2632 5.831164360046387 -0.25881892442703247 -0.15145033597946167
2633 5.0768303871154785 0.24222522974014282 0.17553764581680298
2634 5.93948221206665 -0.26334089040756226 -0.14295342564582825
2635 4.308948040008545 -0.27978086471557617 0.10593374073505402
2636 4.419023513793945 -0.2580816447734833 0.15274928510189056
2637 4.404285430908203 -0.27718380093574524 0.1141289621591568
2638 5.672007083892822 -0.25417208671569824 -0.15784281492233276
2639 1.335622787475586 0.06743381917476654 0.2915206849575043
2640 1.5755621194839478 0.2993393838405609 0.012281110510230064
2641 2.4258413314819336 -0.2963095009326935 0.041192974895238876
2642 2.421515703201294 -0.2997429370880127 0.00595754012465477
2643 1.5842708349227905 0.2691837251186371 -0.13259992003440857
2644 4.413221836090088 -0.22676746547222137 0.19631928205490112
2645 2.33028244972229 -0.2806166410446167 0.10566817224025726
2646 2.417768955230713 -0.2765466570854187 0.11452971398830414
2647 5.585549831390381 0.21556146442890167 -0.2088155597448349
2648 5.835455417633057 -0.2822415828704834 -0.10192292928695679
2649 5.912609577178955 -0.2895742356777191 -0.07517243176698685
2650 5.16987943649292 -0.20225179195404053 -0.2215573787689209
2651 5.074231147766113 -0.2827235460281372 -0.09996373951435089
2652 5.173964023590088 -0.2927266061306 -0.06413517892360687
2653 5.667776584625244 -0.2766544818878174 -0.11665602773427963
2654 5.558284282684326 -0.2843639850616455 -0.09287600964307785
2655 5.667819976806641 -0.2933933436870575 -0.06240253150463104
2656 5.17486047744751 -0.25971680879592896 -0.14938358962535858
2657 5.185549259185791 -0.23630690574645996 -0.1842672973871231
2658 5.063318252563477 -0.26677393913269043 -0.13538089394569397
2659 5.169717788696289 -0.27799591422080994 -0.1120457649230957
2660 5.915668487548828 -0.23489785194396973 -0.18671193718910217
2661 1.669400691986084 -0.11911977082490921 0.27527672052383423
2662 1.6652629375457764 -0.18235120177268982 0.23777300119400024
2663 5.081374168395996 -0.1165684163570404 -0.276263952255249
2664 5.178437232971191 -0.11783993989229202 -0.2755623459815979
2665 5.665027141571045 -0.15453334152698517 -0.2571927011013031
2666 5.567580223083496 -0.203091099858284 -0.2196788191795349
2667 5.671566009521484 -0.19752660393714905 -0.22556783258914948
2668 5.671173572540283 -0.22903230786323547 -0.19362680613994598
2669 5.072931289672852 -0.01817634329199791 -0.29882416129112244
2670 5.167159080505371 -0.016390301287174225 -0.2994820177555084
2671 5.174073219299316 -0.07002951204776764 -0.29159173369407654
2672 5.086865425109863 0.11626514792442322 -0.2756175398826599
2673 5.166830062866211 0.11472493410110474 -0.2764274775981903
2674 1.5855963230133057 0.17612431943416595 0.242841899394989
2675 5.578264236450195 -0.0626312717795372 -0.2931452691555023
2676 5.670322418212891 -0.10368736833333969 -0.2812349498271942
2677 5.084625720977783 0.04382675141096115 0.2967970669269562
2678 5.673763275146484 -0.05980047583580017 -0.2936766445636749
2679 5.0774126052856445 0.21452024579048157 -0.20939606428146362
2680 5.1647138595581055 0.18430081009864807 -0.23607492446899414
2681 5.073780059814453 0.1819356381893158 -0.23837366700172424
2682 5.824802875518799 -0.1982220858335495 -0.22506117820739746
2683 1.3284648656845093 -0.11593486368656158 -0.2765999734401703
2684 5.076417446136475 0.14790140092372894 -0.2605777382850647
2685 5.917499542236328 -0.19426466524600983 -0.2283415049314499
2686 5.070678234100342 0.2987898290157318 -0.02216939628124237
2687 5.18220853805542 0.295841246843338 -0.05038806051015854
2688 3.5802395343780518 0.13989701867103577 -0.26527851819992065
2689 5.81957483291626 -0.16102448105812073 -0.25265228748321533
2690 5.832163333892822 -0.024009719491004944 -0.299266517162323
2691 5.913948059082031 -0.14909645915031433 -0.26035454869270325
2692 5.578948020935059 -0.018693113699555397 -0.2988470196723938
2693 5.0777435302734375 0.29022687673568726 -0.07600861042737961
2694 5.158349990844727 0.2861786484718323 -0.08746937662363052
2695 5.181488513946533 0.271222859621048 -0.1276894211769104
2696 5.669483184814453 -0.012373070232570171 -0.2997245192527771
2697 5.691080093383789 0.037599027156829834 -0.2973075807094574
2698 5.083110332489014 0.29869136214256287 0.02759244665503502
2699 5.173840522766113 0.2994639575481415 -0.005693973042070866
2700 1.5842018127441406 -0.06351324170827866 -0.2932659387588501
2701 1.6853457689285278 -0.10117542743682861 -0.2815892994403839
2702 1.5752182006835938 -0.26902395486831665 -0.13276106119155884
2703 1.3301981687545776 -0.29636716842651367 -0.04655710607767105
2704 1.6662153005599976 -0.28294771909713745 -0.09996232390403748
2705 5.075989723205566 0.2800261378288269 0.10727027803659439
2706 1.5591750144958496 -0.28529879450798035 -0.09009136259555817
2707 1.3213715553283691 -0.1525576263666153 -0.2580089569091797
2708 1.587557077407837 -0.29672208428382874 -0.04436931759119034
2709 5.577967166900635 0.29724761843681335 -0.037896692752838135
2710 1.673649787902832 -0.2994861602783203 -0.011955316178500652
2711 1.6831011772155762 -0.29440489411354065 -0.055593013763427734
2712 1.6690078973770142 -0.14447905123233795 -0.2628897726535797
2713 1.5679367780685425 -0.1185392290353775 -0.27517688274383545
2714 1.6830230951309204 -0.25717678666114807 -0.15378955006599426
2715 1.5797923803329468 -0.2786087393760681 0.1103171706199646
2716 1.5778634548187256 -0.1672767549753189 -0.24898968636989594
2717 1.672363519668579 -0.18862485885620117 -0.2328692227602005
2718 1.675108551979065 -0.2261730581521988 -0.19699916243553162
2719 1.5685945749282837 -0.20487208664417267 -0.2186533361673355
2720 1.6685097217559814 0.18518143892288208 -0.23636610805988312
2721 1.3197098970413208 -0.26065582036972046 -0.14781083166599274
2722 5.081903457641602 -0.09774335473775864 0.2837975323200226
2723 1.5777859687805176 0.03471699357032776 -0.2977259159088135
2724 5.078150272369385 0.19092047214508057 0.23103387653827667
2725 1.5782426595687866 -0.008681118488311768 -0.2996920049190521
2726 5.170907020568848 0.19155551493167877 0.22988758981227875
2727 5.669571876525879 0.13965263962745667 -0.2653472423553467
2728 5.580897808074951 0.17361785471439362 -0.2444266974925995
2729 5.664830207824707 0.18249192833900452 -0.23808449506759644
2730 1.6664685010910034 -0.016658980399370193 -0.29948684573173523
2731 1.6872459650039673 -0.06046884134411812 -0.29363957047462463
2732 1.5727992057800293 0.1627388596534729 -0.2518669068813324
2733 1.6836284399032593 0.14624403417110443 -0.2609863877296448
2734 1.5901492834091187 0.1198689192533493 -0.2741435468196869
2735 1.6745491027832031 0.10400762408971786 -0.2813987135887146
2736 5.067133903503418 0.22105267643928528 0.20231734216213226
2737 5.1692986488342285 0.24000337719917297 0.17863236367702484
2738 5.191158294677734 0.21398264169692993 0.20985594391822815
2739 1.3196879625320435 -0.05585218593478203 0.29446491599082947
2740 1.670355200767517 0.2182236909866333 0.20565801858901978
2741 1.674217939376831 0.29206371307373047 -0.06585273891687393
2742 5.079196453094482 0.15250015258789062 0.2581656575202942
2743 1.5994380712509155 0.2943016588687897 -0.05321277305483818
2744 5.180837154388428 0.16589055955410004 0.24948452413082123
2745 5.676052570343018 0.21857693791389465 -0.20528170466423035
2746 1.5758657455444336 0.28663647174835205 -0.08718246221542358
2747 1.6823776960372925 0.2796681523323059 -0.10742766410112381
2748 2.0844738483428955 -0.18584942817687988 -0.23451660573482513
2749 5.567721366882324 0.2736375331878662 -0.12237367779016495
2750 1.6719218492507935 0.24486005306243896 0.17277483642101288
2751 5.8115153312683105 -0.07244502753019333 -0.2902691066265106
2752 1.3100978136062622 0.21457619965076447 -0.2092522233724594
2753 5.919765472412109 -0.10094621777534485 -0.28237250447273254
2754 1.662679672241211 0.28868329524993896 0.08236902952194214
2755 5.839527606964111 -0.11656835675239563 -0.2764556109905243
2756 1.6683582067489624 0.2991224527359009 0.022838754579424858
2757 1.3191826343536377 0.17570655047893524 0.24275608360767365
2758 1.5842400789260864 -0.19136887788772583 0.23113538324832916
2759 1.5811783075332642 0.03584703803062439 0.2978479862213135
2760 1.5802983045578003 -0.2557583749294281 0.1567503958940506
2761 1.6629908084869385 0.06520947068929672 0.2921195924282074
2762 1.66360342502594 0.17830488085746765 0.24140435457229614
2763 1.5579848289489746 0.08183544129133224 0.288251668214798
2764 1.5787181854248047 0.12672273814678192 0.2718195915222168
2765 5.088864326477051 -0.17461833357810974 0.24361397325992584
2766 1.6706609725952148 0.1415654420852661 0.26431000232696533
2767 5.08060884475708 -0.006327355280518532 0.2998107671737671
2768 1.341031551361084 0.1793268471956253 -0.2405107170343399
2769 1.5924490690231323 -0.10505639016628265 0.28116390109062195
2770 1.680996298789978 -0.07077863812446594 0.2911842167377472
2771 1.3317618370056152 0.285209596157074 0.09047536551952362
2772 5.170162677764893 0.0619235560297966 0.2926570475101471
2773 5.173846244812012 0.02920554019510746 0.2982572019100189
2774 1.6769092082977295 0.026414640247821808 0.2984450161457062
2775 1.5742132663726807 -0.013202373869717121 0.2996070384979248
2776 1.5802924633026123 -0.22834350168704987 0.1937074363231659
2777 1.665392518043518 -0.2128622978925705 0.21080102026462555
2778 5.1595563888549805 -0.06127644330263138 0.29368385672569275
2779 1.6927460432052612 -0.264739990234375 0.14027222990989685
2780 5.077746868133545 -0.29960840940475464 0.01599474996328354
2781 5.915143966674805 -0.06131192296743393 -0.2934747338294983
2782 5.930408954620361 -0.019029900431632996 -0.29909250140190125
2783 1.5585923194885254 -0.29954004287719727 0.004968233406543732
2784 1.6695184707641602 -0.297400563955307 0.03794858604669571
2785 5.080265998840332 -0.20387990772724152 0.2198941558599472
2786 5.080046653747559 -0.27980461716651917 0.10786591470241547
2787 5.162913799285889 -0.20118804275989532 0.2223857194185257
2788 5.580492973327637 0.2891136109828949 -0.07956168055534363
2789 5.6763129234313965 0.28847429156303406 -0.08128677308559418
2790 4.825009822845459 -0.298730731010437 -0.025551754981279373
2791 5.185641288757324 -0.22907745838165283 0.19319279491901398
2792 5.575593948364258 0.2994062304496765 0.011516106314957142
2793 5.68428897857666 0.29780393838882446 -0.03332744538784027
2794 5.915006160736084 0.03660713508725166 -0.29764315485954285
2795 5.16726016998291 -0.28338244557380676 0.09815330058336258
2796 3.584210157394409 -0.2505050599575043 -0.1642618477344513
2797 5.672065258026123 0.2993386387825012 0.01711595430970192
2798 4.92986536026001 -0.2993960380554199 -0.011124301701784134
2799 4.924651622772217 -0.2937397360801697 -0.06014149636030197
2800 5.586881637573242 0.2765006422996521 0.11710670590400696
2801 5.6793742179870605 0.2814481258392334 0.10425508767366409
2802 3.5954389572143555 -0.2960430681705475 -0.048374880105257034
2803 3.665024995803833 -0.30002453923225403 -0.0017264573834836483
2804 4.8267059326171875 -0.26875001192092896 -0.13243770599365234
2805 4.918697357177734 -0.2810071110725403 -0.10425245761871338
2806 3.5689756870269775 -0.2674873471260071 -0.13445454835891724
2807 4.916868686676025 -0.25871771574020386 -0.15181365609169006
2808 3.6678786277770996 -0.28183239698410034 -0.10275514423847198
2809 3.6678075790405273 -0.25742343068122864 -0.15402212738990784
2810 4.835141658782959 -0.28905653953552246 -0.0808316171169281
2811 3.5775434970855713 -0.28435611724853516 -0.09519229829311371
2812 3.669203996658325 -0.29520243406295776 -0.05242948606610298
2813 3.5555310249328613 -0.06869858503341675 -0.29161059856414795
2814 3.594573736190796 -0.21189942955970764 -0.21109521389007568
2815 3.670077323913574 -0.22387367486953735 -0.19950595498085022
2816 4.919613361358643 -0.19415228068828583 -0.2289869487285614
2817 5.919821262359619 0.1432962417602539 -0.26348423957824707
2818 3.5690834522247314 -0.22884033620357513 -0.19346736371517181
2819 4.940244197845459 -0.22845330834388733 -0.19384926557540894
2820 3.5712380409240723 -0.11149974167346954 -0.2783462405204773
2821 3.67307186126709 -0.15201100707054138 -0.2584153413772583
2822 4.827320575714111 -0.24254582822322845 -0.17603331804275513
2823 3.671063184738159 -0.18815946578979492 -0.23332470655441284
2824 3.5816810131073 -0.15750867128372192 -0.25527423620224
2825 3.6778948307037354 -0.11534221470355988 -0.27670755982398987
2826 3.5815019607543945 -0.01638340950012207 -0.29972296953201294
2827 3.6666805744171143 -0.07125190645456314 -0.2914196252822876
2828 5.577935695648193 0.20662932097911835 0.2176491618156433
2829 4.817995071411133 -0.11260838806629181 -0.2778607904911041
2830 4.92124605178833 -0.15032851696014404 -0.2589762210845947
2831 5.072652339935303 -0.23459957540035248 0.18683408200740814
2832 3.670353412628174 0.048695892095565796 -0.2960171401500702
2833 3.567089796066284 -0.19875428080558777 -0.22428391873836517
2834 3.662428855895996 0.010366542264819145 -0.298956036567688
2835 3.69040846824646 -0.022769322618842125 -0.29872995615005493
2836 4.830111980438232 -0.20659618079662323 -0.21766090393066406
2837 3.6715729236602783 0.14423809945583344 -0.2624572813510895
2838 3.580284833908081 0.1809733510017395 -0.2390802502632141
2839 3.664961099624634 0.18916238844394684 -0.23269793391227722
2840 5.667845726013184 0.21263396739959717 0.21170303225517273
2841 4.928638458251953 -0.06277354061603546 -0.2932272255420685
2842 4.825991153717041 -0.06862218677997589 -0.29168203473091125
2843 4.8364105224609375 -0.16091181337833405 -0.2530766725540161
2844 4.922576427459717 -0.10893521457910538 -0.2793487310409546
2845 5.811056137084961 0.1686243712902069 -0.247135728597641
2846 3.561108112335205 0.18286816775798798 0.23677915334701538
2847 3.6684730052948 0.2131616473197937 0.21082541346549988
2848 3.691455602645874 0.18540836870670319 0.2353471964597702
2849 3.674663543701172 0.2944237291812897 -0.057025376707315445
2850 3.587923765182495 0.2049127221107483 0.2180275022983551
2851 4.832026481628418 0.17796756327152252 -0.2414465844631195
2852 3.576754570007324 0.2876441478729248 -0.08462651073932648
2853 4.916710376739502 0.16580824553966522 -0.24888773262500763
2854 5.918494701385498 0.18552517890930176 -0.23535656929016113
2855 4.836372375488281 0.12893955409526825 -0.27081921696662903
2856 5.826854228973389 0.20508047938346863 -0.21872302889823914
2857 5.328868389129639 0.30016183853149414 0.006056220270693302
2858 5.576996803283691 0.13410089910030365 0.26819056272506714
2859 5.666659832000732 0.17078617215156555 0.24638526141643524
2860 5.664200782775879 0.12275214493274689 0.27370211482048035
2861 3.668098211288452 0.28028059005737305 -0.1067514717578888
2862 3.569017171859741 0.22633470594882965 0.19632382690906525
2863 3.6731019020080566 0.24063733220100403 0.17866553366184235
2864 3.568406581878662 0.08181446045637131 0.2883768081665039
2865 4.9237165451049805 0.10153312236070633 -0.28149300813674927
2866 4.934152126312256 0.13283784687519073 -0.26860883831977844
2867 3.572310209274292 0.27918297052383423 0.10994812846183777
2868 3.6636834144592285 0.2809717059135437 0.10312636196613312
2869 4.920437335968018 -0.01349671371281147 -0.2996078133583069
2870 5.586531162261963 0.1684345155954361 0.24723562598228455
2871 4.828367233276367 -0.021910585463047028 -0.29905232787132263
2872 3.6758549213409424 0.2990364730358124 -0.012114590965211391
2873 3.5930755138397217 -0.006408592686057091 0.2999250292778015
2874 3.6658523082733154 -0.00569500494748354 0.3001722991466522
2875 4.936729431152344 0.192818284034729 -0.22930948436260223
2876 4.915485858917236 0.21726548671722412 -0.20665155351161957
2877 0.5802417993545532 -0.06803075224161148 0.2920753061771393
2878 5.6704487800598145 0.07241608947515488 0.2910007834434509
2879 5.8386101722717285 0.12608125805854797 -0.27246546745300293
2880 5.5780253410339355 0.09070155024528503 0.2858278453350067
2881 3.6773810386657715 0.058345235884189606 0.29441866278648376
2882 0.6712673902511597 0.21622322499752045 -0.20793417096138
2883 3.585904359817505 0.1557389497756958 0.2565191984176636
2884 3.664964199066162 0.1567237228155136 0.25475576519966125
2885 3.6846182346343994 -0.16609163582324982 0.2493789792060852
2886 4.827170372009277 0.2773941159248352 -0.11398720741271973
2887 4.921009540557861 0.27817732095718384 -0.11153391003608704
2888 4.922904014587402 0.2927605211734772 -0.06477297097444534
2889 3.5829148292541504 -0.10485497117042542 0.28122419118881226
2890 3.67341685295105 -0.06691916286945343 0.2923789322376251
2891 5.673497200012207 0.024108288809657097 0.29877111315727234
2892 5.578855037689209 -0.0002961191348731518 0.29951897263526917
2893 5.674022197723389 -0.019234007224440575 0.29910343885421753
2894 3.671935558319092 -0.2827058732509613 0.10029850900173187
2895 3.667665958404541 -0.26170459389686584 0.1460975706577301
2896 4.830315113067627 0.29962995648384094 -0.0003032684326171875
2897 4.927186965942383 0.2990998923778534 -0.018156658858060837
2898 3.5802414417266846 -0.22866703569889069 0.19400405883789062
2899 3.6751410961151123 -0.19676275551319122 0.226258784532547
2900 3.673778772354126 -0.23133350908756256 0.1907188445329666
2901 4.812924861907959 0.29489263892173767 -0.05496279522776604
2902 0.6842769980430603 -0.23633705079555511 -0.18417814373970032
2903 3.578261137008667 -0.29995885491371155 -0.004512995947152376
2904 4.833511829376221 0.2719080150127411 0.12666770815849304
2905 3.569185495376587 -0.29647931456565857 0.043542176485061646
2906 4.918110370635986 0.2856869101524353 0.09064892679452896
2907 0.6507532596588135 -0.26467084884643555 -0.1414819210767746
2908 4.819167137145996 0.2887657880783081 0.080049067735672
2909 3.33304762840271 -0.28267258405685425 -0.10086744278669357
2910 3.428882598876953 -0.2694271504878998 -0.13205553591251373
2911 5.669926643371582 -0.06504438072443008 0.2927042245864868
2912 5.593029022216797 -0.0823507308959961 0.28813207149505615
2913 3.4317586421966553 -0.2961917519569397 -0.0459488146007061
2914 3.4151759147644043 -0.286236971616745 -0.08734340220689774
2915 0.6663196682929993 -0.29358184337615967 -0.057859763503074646
2916 3.328660726547241 -0.29650500416755676 -0.044370897114276886
2917 0.5850916504859924 -0.29429885745048523 -0.058104924857616425
2918 0.6777405142784119 -0.2840636074542999 -0.09556593000888824
2919 3.423887252807617 -0.29964736104011536 -0.00650348886847496
2920 0.6683350801467896 -0.29936397075653076 -0.021409744396805763
2921 0.5828397870063782 0.10272706300020218 -0.2811588644981384
2922 3.583919048309326 0.252153605222702 0.16228240728378296
2923 0.5805072784423828 -0.2997528314590454 -0.005162360612303019
2924 0.6710081100463867 0.13652844727039337 -0.2668604254722595
2925 0.687700092792511 -0.16058564186096191 -0.25308093428611755
2926 0.5894585847854614 -0.13334360718727112 -0.26774853467941284
2927 3.5782721042633057 0.25002849102020264 -0.16565006971359253
2928 3.4158124923706055 -0.14376147091388702 -0.2623441219329834
2929 3.3236231803894043 -0.233853280544281 -0.18782943487167358
2930 3.4107632637023926 -0.2455562800168991 -0.1710990071296692
2931 4.920065879821777 0.24002476036548615 0.17966996133327484
2932 4.823853015899658 0.2286713570356369 0.19354474544525146
2933 0.570639967918396 -0.20162712037563324 -0.221556156873703
2934 0.6565663814544678 -0.2019018679857254 -0.22184845805168152
2935 0.5698056817054749 0.005636809393763542 -0.2998574376106262
2936 0.6617516875267029 -0.013648118823766708 -0.2997625172138214
2937 3.575093984603882 0.03968881443142891 0.297006219625473
2938 0.6664024591445923 -0.1146465390920639 -0.2773139178752899
2939 0.6801241636276245 -0.06264741718769073 -0.29312193393707275
2940 3.4159698486328125 -0.1822572946548462 -0.23728205263614655
2941 3.4511241912841797 -0.16307556629180908 -0.2514427900314331
2942 0.5823792815208435 -0.052109695971012115 -0.2955625057220459
2943 3.583739995956421 0.2984524071216583 -0.029202215373516083
2944 3.335447311401367 -0.19847549498081207 -0.22483262419700623
2945 3.4194698333740234 -0.21869458258152008 -0.20546722412109375
2946 0.5783983469009399 0.29913967847824097 0.02107505314052105
2947 0.5735955834388733 -0.2801055908203125 -0.106463223695755
2948 0.6686866879463196 0.29962125420570374 -0.008208791725337505
2949 0.577826738357544 0.17483100295066833 -0.24328471720218658
2950 3.3288040161132812 0.020739002153277397 -0.2993329167366028
2951 3.4165568351745605 0.023909028619527817 -0.2987573742866516
2952 3.568535089492798 -0.15330839157104492 0.25743532180786133
2953 3.4403767585754395 -0.00817500427365303 -0.2990373373031616
2954 5.571380615234375 -0.17483964562416077 0.24382232129573822
2955 5.673050403594971 -0.16616271436214447 0.24946081638336182
2956 5.676469326019287 -0.2053622454404831 0.21836915612220764
2957 3.318903923034668 -0.10248035192489624 -0.2818421423435211
2958 3.418581008911133 -0.10299259424209595 -0.2814522087574005
2959 4.839561462402344 0.14237341284751892 0.2641141414642334
2960 4.9214653968811035 0.1715490072965622 0.24583448469638824
2961 0.5678520798683167 0.2933989465236664 -0.06059577316045761
2962 0.6712906360626221 0.17863985896110535 -0.24085651338100433
2963 4.810323715209961 0.1792508065700531 0.23979297280311584
2964 4.921512603759766 0.20788201689720154 0.21588990092277527
2965 3.3188018798828125 -0.040659889578819275 -0.29731982946395874
2966 3.421290397644043 -0.05443073436617851 -0.2952515184879303
2967 0.5836156606674194 0.280426561832428 -0.10467948764562607
2968 0.6645312905311584 0.29271015524864197 -0.0664106234908104
2969 0.6702483892440796 0.27593815326690674 -0.1173202320933342
2970 5.836027145385742 0.2871420383453369 -0.08629337698221207
2971 5.934921741485596 0.277374804019928 -0.11243768036365509
2972 0.5809438228607178 -0.01817275956273079 0.2993814945220947
2973 0.6773489713668823 0.02629551850259304 0.2986239194869995
2974 0.5735729932785034 0.23711448907852173 0.18399551510810852
2975 0.6685749292373657 0.23757246136665344 0.1827058345079422
2976 3.328124523162842 0.1255587637424469 -0.2721059322357178
2977 3.4159600734710693 0.09432920813560486 -0.28441762924194336
2978 3.432399272918701 0.1272478848695755 -0.27130475640296936
2979 5.426729679107666 0.12751920521259308 -0.27110350131988525
2980 0.6692275404930115 0.28306859731674194 0.09678517282009125
2981 0.5797440409660339 0.2792162001132965 0.10906336456537247
2982 4.835278511047363 0.061955053359270096 0.2927841544151306
2983 4.943314075469971 0.29874399304389954 0.022445430979132652
2984 4.922889232635498 0.03415776044130325 0.29795724153518677
2985 3.5865492820739746 -0.26000839471817017 0.14935502409934998
2986 4.922977924346924 0.07772057503461838 0.2894441783428192
2987 3.5756616592407227 -0.1928156316280365 0.2295805811882019
2988 3.335919141769409 0.17384862899780273 -0.24447862803936005
2989 0.6815412640571594 0.07689765095710754 0.28966379165649414
2990 3.4136619567871094 0.15791712701320648 -0.25392621755599976
2991 0.6786465644836426 0.1566484272480011 0.25615280866622925
2992 5.589091777801514 -0.21108993887901306 0.21214140951633453
2993 0.5708875060081482 0.16523303091526031 0.25010618567466736
2994 0.585388720035553 0.200222447514534 0.22275912761688232
2995 3.3255317211151123 -0.2997424900531769 0.004337254911661148
2996 0.6706610321998596 0.2034333348274231 0.22023868560791016
2997 0.6712532639503479 -0.2682154178619385 0.1340412199497223
2998 0.5741062760353088 -0.11271275579929352 0.2779320180416107
2999 0.6617012023925781 -0.1171422079205513 0.27628591656684875
3000 4.838707447052002 -0.013794437050819397 0.29974088072776794
3001 2.9304182529449463 0.15581588447093964 -0.25589829683303833
3002 3.3285677433013916 0.30037233233451843 0.001955636776983738
3003 4.803722858428955 0.02529061958193779 0.29844582080841064
3004 3.424288511276245 0.29921141266822815 0.015675920993089676
3005 3.3076725006103516 -0.2594112157821655 -0.15000975131988525
3006 3.4338722229003906 0.29875147342681885 -0.01515362598001957
3007 5.831331729888916 0.298347145318985 -0.03204091638326645
3008 0.5825333595275879 -0.2368255853652954 0.18423758447170258
3009 0.67103111743927 -0.2395334243774414 0.18069221079349518
3010 3.328866720199585 -0.1536817103624344 -0.2574803829193115
3011 0.6735625863075256 -0.20234645903110504 0.22122833132743835
3012 3.422649383544922 0.2948612570762634 -0.05171295255422592
3013 0.5850145220756531 -0.1949130892753601 0.22816258668899536
3014 3.3188626766204834 0.29342585802078247 -0.06048152595758438
3015 0.5677622556686401 -0.16600725054740906 -0.2492806762456894
3016 0.6809142231941223 -0.15772144496440887 0.2549775540828705
3017 3.4101881980895996 0.28513801097869873 -0.09281157702207565
3018 3.327826738357544 0.2764492630958557 -0.11650445312261581
3019 3.07869815826416 0.27681708335876465 0.11505696177482605
3020 0.6901322603225708 0.033777691423892975 -0.2977490723133087
3021 0.5690375566482544 -0.23096221685409546 -0.19086042046546936
3022 3.186161994934082 0.2902318835258484 0.07457990944385529
3023 0.33674731850624084 -0.28963959217071533 -0.07529354095458984
3024 0.5691642165184021 -0.10158296674489975 -0.2817818820476532
3025 0.3283277451992035 -0.16125690937042236 -0.25283053517341614
3026 0.42318108677864075 -0.2923785150051117 -0.06614439189434052
3027 3.4275527000427246 0.2298574596643448 0.19286254048347473
3028 4.834081172943115 -0.10189106315374374 0.2821812033653259
3029 4.908049583435059 -0.12254315614700317 0.27414339780807495
3030 4.931666851043701 -0.08702099323272705 0.28589221835136414
3031 0.4236021339893341 -0.2995221018791199 -0.012734154239296913
3032 0.3270208537578583 -0.2978866994380951 -0.033318694680929184
3033 5.6667327880859375 -0.27602478861808777 0.11580061912536621
3034 0.6651371717453003 -0.2985389828681946 0.02286294475197792
3035 0.4211541414260864 -0.15241339802742004 -0.25837600231170654
3036 0.42842206358909607 -0.1870509684085846 -0.23348946869373322
3037 0.41987481713294983 -0.27683553099632263 -0.11492857336997986
3038 0.3251992166042328 -0.19902710616588593 -0.22422300279140472
3039 0.32089295983314514 -0.2745212912559509 -0.1217072606086731
3040 3.3268492221832275 0.28066009283065796 0.10543762147426605
3041 3.421856164932251 0.27848830819129944 0.1111907958984375
3042 0.7041140198707581 0.2746940553188324 0.12020030617713928
3043 0.41791802644729614 -0.22047379612922668 -0.20345811545848846
3044 0.577837347984314 0.21073512732982635 -0.21338388323783875
3045 0.33192333579063416 -0.2521873712539673 -0.1610664427280426
3046 0.419269859790802 -0.25399982929229736 -0.15953989326953888
3047 0.3350147306919098 0.2125592678785324 -0.2117970585823059
3048 0.32892441749572754 -0.030160248279571533 -0.2981776297092438
3049 0.42165902256965637 -0.04861751198768616 -0.2957437038421631
3050 3.4401490688323975 0.09015302360057831 0.2858084738254547
3051 3.3252954483032227 0.04951675236225128 0.29558026790618896
3052 5.577654838562012 0.04382367059588432 0.2966129779815674
3053 5.915314674377441 0.2994483709335327 -0.01684778928756714
3054 5.926924705505371 0.2916719913482666 -0.06919217854738235
3055 3.314763307571411 0.18791288137435913 0.23283255100250244
3056 3.4110095500946045 0.19768300652503967 0.22498178482055664
3057 0.3293454647064209 -0.07264199107885361 -0.2908308804035187
3058 3.323340654373169 0.21545353531837463 0.20853255689144135
3059 4.837014675140381 -0.21393346786499023 0.20978331565856934
3060 0.4125911295413971 -0.09945102781057358 -0.28298860788345337
3061 0.3279477059841156 -0.11606200039386749 -0.27638256549835205
3062 0.33026760816574097 0.17295050621032715 -0.2448052167892456
3063 0.41811007261276245 0.18659120798110962 -0.23501957952976227
3064 0.4339240789413452 0.1426103711128235 -0.2630497217178345
3065 0.4229019284248352 -0.0014294213615357876 -0.29973113536834717
3066 0.3279486298561096 0.13553044199943542 -0.2674475908279419
3067 0.3308952748775482 0.015026936307549477 -0.2992248833179474
3068 3.3248038291931152 0.15524016320705414 0.2563501298427582
3069 3.420200824737549 0.1911182701587677 -0.2312207818031311
3070 3.3319475650787354 0.21889758110046387 -0.2050941288471222
3071 3.4188966751098633 0.16434068977832794 0.2506393790245056
3072 0.5866304039955139 0.26477527618408203 -0.1403621882200241
3073 4.829269886016846 -0.18710802495479584 0.2337951809167862
3074 4.9159746170043945 -0.2051297426223755 0.21914152801036835
3075 4.936059474945068 -0.1622086614370346 0.25142425298690796
3076 0.3369748294353485 0.23358280956745148 0.1869877427816391
3077 0.42437925934791565 0.24665965139865875 0.17063716053962708
3078 0.32729625701904297 0.29876410961151123 -0.025605667382478714
3079 0.4315112829208374 0.29674509167671204 -0.04163753613829613
3080 4.920138835906982 -0.26989927887916565 0.1309153139591217
3081 4.82443380355835 -0.2832917869091034 0.09831680357456207
3082 0.34409889578819275 0.2910540699958801 -0.07300861179828644
3083 0.41838741302490234 0.28745609521865845 -0.08537740260362625
3084 0.4427882730960846 0.27486610412597656 -0.11911264061927795
3085 3.323150873184204 -0.09060303121805191 0.2853781282901764
3086 3.4138095378875732 -0.0771407037973404 0.289093941450119
3087 0.32923880219459534 0.2745997905731201 0.12071564793586731
3088 5.664768695831299 -0.11695843935012817 0.2763071060180664
3089 0.42080050706863403 0.2909567952156067 0.07234447449445724
3090 5.587119102478027 -0.2987789213657379 0.017571313306689262
3091 3.3302998542785645 -0.006537932902574539 0.2998894155025482
3092 3.4243717193603516 0.012226204387843609 0.29933151602745056
3093 5.680656909942627 -0.2989439070224762 0.022511271759867668
3094 0.32185637950897217 0.29893672466278076 0.022680584341287613
3095 0.41043004393577576 0.29919692873954773 -0.005065977107733488
3096 0.32800939679145813 -0.10844370722770691 0.2797029912471771
3097 4.815476894378662 0.2536453902721405 0.1596950888633728
3098 0.430478572845459 -0.06366212666034698 0.2927999794483185
3099 0.33010122179985046 0.14061690866947174 0.2651137411594391
3100 0.4315342903137207 0.14086546003818512 0.26448455452919006
3101 3.4169633388519287 -0.2698230445384979 0.1309555023908615
3102 3.42213773727417 -0.18349412083625793 0.23740288615226746
3103 3.3071084022521973 -0.26582562923431396 0.13819628953933716
3104 3.3260385990142822 -0.18792589008808136 0.23376402258872986
3105 0.32716143131256104 0.18072724342346191 0.23887214064598083
3106 0.42015331983566284 0.18397246301174164 0.23696665465831757
3107 4.906993865966797 -0.29732340574264526 0.03318053111433983
3108 0.3276248276233673 0.21177710592746735 0.2121952772140503
3109 4.833438396453857 -0.2987416088581085 0.017490936443209648
3110 0.32825663685798645 0.0020562235731631517 0.29988840222358704
3111 0.5842433571815491 0.041076671332120895 0.29721304774284363
3112 4.817841529846191 -0.2946779131889343 0.05442538857460022
3113 0.42093855142593384 0.024105114862322807 0.29877597093582153
3114 3.329827070236206 -0.22405582666397095 0.19915986061096191
3115 3.421234607696533 -0.22167769074440002 0.20197835564613342
3116 0.4172033667564392 0.07223761826753616 0.29094457626342773
3117 0.5659956932067871 0.13799826800823212 -0.2659701406955719
3118 0.3262462913990021 0.048034388571977615 0.2958090305328369
3119 5.432466983795166 -0.29742324352264404 -0.03620663657784462
3120 5.5777506828308105 -0.23595744371414185 0.18512079119682312
3121 0.32779553532600403 -0.29944995045661926 0.012499779462814331
3122 0.4251897633075714 -0.29608073830604553 0.0478687547147274
3123 0.33011215925216675 -0.2941220700740814 0.058446045964956284
3124 0.3257174789905548 -0.22746358811855316 0.19479869306087494
3125 3.0917294025421143 -0.2953703999519348 -0.05359293520450592
3126 0.3181683421134949 -0.19465668499469757 0.2278977632522583
3127 3.1664063930511475 -0.29038235545158386 -0.0738181620836258
3128 5.4149065017700195 -0.28889700770378113 -0.0786702036857605
3129 5.311938285827637 -0.28501078486442566 -0.09232443571090698
3130 5.336949348449707 -0.29411208629608154 -0.05811562389135361
3131 0.42019617557525635 -0.19946637749671936 0.2240663319826126
3132 4.834160327911377 0.20313996076583862 0.21964766085147858
3133 0.33186250925064087 -0.27894240617752075 0.11039480566978455
3134 0.4266490042209625 -0.27989301085472107 0.10725103318691254
3135 3.179361343383789 -0.298652321100235 -0.0294458270072937
3136 3.4220731258392334 -0.29814547300338745 0.030520550906658173
3137 3.079294443130493 -0.15822914242744446 -0.2547485828399658
3138 3.4153194427490234 0.05331747233867645 0.2943915128707886
3139 2.835209369659424 0.08779678493738174 -0.28689590096473694
3140 3.182659387588501 -0.19301219284534454 -0.22920982539653778
3141 3.1709489822387695 -0.27906593680381775 -0.10904151201248169
3142 3.0870120525360107 -0.18618853390216827 -0.23423050343990326
3143 3.082451343536377 -0.2632449269294739 -0.1431058794260025
3144 5.328431129455566 -0.2680273652076721 -0.1341056525707245
3145 0.4218147099018097 0.04779576137661934 -0.29599490761756897
3146 3.06974458694458 -0.28126466274261475 -0.10323461890220642
3147 5.422966957092285 -0.2759533226490021 -0.11736439168453217
3148 3.066868782043457 -0.2084098905324936 -0.21518000960350037
3149 5.834408760070801 0.27427059412002563 0.1212952584028244
3150 5.914958953857422 0.2777527868747711 0.11332036554813385
3151 3.0734541416168213 -0.2384762018918991 -0.18171647191047668
3152 3.172078847885132 -0.25927677750587463 -0.15078964829444885
3153 3.0817251205444336 0.028127912431955338 -0.29843565821647644
3154 0.3298541307449341 0.09211564064025879 -0.2853242754936218
3155 3.1627962589263916 0.01939435862004757 -0.2985706925392151
3156 0.4399913549423218 0.21835482120513916 0.2052152156829834
3157 3.1878855228424072 -0.009013223461806774 -0.2990788221359253
3158 3.1750717163085938 -0.1553189754486084 -0.2563881576061249
3159 5.337048530578613 -0.2390855997800827 -0.18149492144584656
3160 5.399089336395264 -0.2342749685049057 -0.18735024333000183
3161 5.4378981590271 -0.2555833160877228 -0.155379056930542
3162 3.0741875171661377 -0.023236379027366638 -0.2989332675933838
3163 3.1695449352264404 -0.049104832112789154 -0.29580163955688477
3164 3.0597431659698486 -0.06867213547229767 -0.2915828824043274
3165 3.162994384765625 -0.10684403777122498 -0.2806181311607361
3166 4.83047342300415 -0.23963214457035065 0.18025651574134827
3167 3.1819615364074707 0.19795328378677368 -0.22538499534130096
3168 3.081472396850586 -0.1139487773180008 -0.2774374485015869
3169 3.0789270401000977 0.21227167546749115 -0.21179309487342834
3170 3.078458786010742 0.1773190200328827 -0.24168041348457336
3171 5.4183149337768555 -0.20093022286891937 -0.222649946808815
3172 3.0847086906433105 0.1299975961446762 -0.2705969214439392
3173 3.168598175048828 0.29030120372772217 -0.07541771233081818
3174 3.0789740085601807 0.2968611419200897 -0.04193823039531708
3175 3.0774412155151367 0.286294549703598 -0.08853533864021301
3176 3.1870975494384766 0.2763921022415161 -0.11570271849632263
3177 5.317430019378662 -0.11727351695299149 -0.2758990526199341
3178 5.320108413696289 -0.1994020640850067 -0.22381463646888733
3179 5.424895763397217 -0.13889312744140625 -0.2649078071117401
3180 5.452303886413574 -0.11511125415563583 -0.276872843503952
3181 3.080212354660034 0.2995332181453705 0.0015904903411865234
3182 3.180708885192871 0.29881995916366577 -0.02373264729976654
3183 5.835744380950928 0.2276564985513687 0.1941804438829422
3184 0.4206123650074005 0.29832780361175537 0.030286885797977448
3185 5.921882629394531 0.21742820739746094 0.2065652310848236
3186 5.940704345703125 0.24266420304775238 0.17502692341804504
3187 3.0849597454071045 0.14689090847969055 0.26157018542289734
3188 3.166477918624878 0.1817724108695984 0.23870311677455902
3189 5.817581653594971 0.0549125038087368 0.294304221868515
3190 3.0768558979034424 0.24091669917106628 0.17822088301181793
3191 3.339287281036377 0.2367658168077469 0.1829029768705368
3192 3.191230535507202 0.24246935546398163 0.17528893053531647
3193 5.414891242980957 -0.0901414230465889 -0.28526589274406433
3194 3.0742030143737793 0.18711602687835693 0.23406675457954407
3195 0.31635674834251404 -0.2294112890958786 -0.19274482131004333
3196 3.1738393306732178 0.21853221952915192 0.20533812046051025
3197 3.182588815689087 -0.07004813104867935 0.2913201153278351
3198 3.0623364448547363 0.21730360388755798 0.20618444681167603
3199 3.0781145095825195 -0.10679195821285248 0.28036248683929443
3200 3.0760042667388916 0.04210970178246498 0.2968946397304535
3201 3.1763103008270264 0.053824685513973236 0.2952991724014282
3202 5.33073091506958 -0.02197405695915222 -0.2992011606693268
3203 5.420406341552734 -0.043802618980407715 -0.2965858280658722
3204 5.335817337036133 -0.2987566590309143 -0.016268286854028702
3205 3.1614437103271484 0.0038380336482077837 0.29974719882011414
3206 5.816981315612793 0.19899092614650726 0.2247459590435028
3207 3.085827589035034 -0.2371131032705307 0.18392542004585266
3208 0.5806306600570679 -0.2964586019515991 0.04442564770579338
3209 5.431136131286621 -0.0014880984090268612 -0.2996112108230591
3210 3.1815836429595947 -0.16811253130435944 0.24802924692630768
3211 3.1752755641937256 -0.19704031944274902 0.2259150743484497
3212 2.829073190689087 -0.2964927554130554 -0.044691573828458786
3213 5.814752101898193 0.14855633676052094 0.25988760590553284
3214 5.913967609405518 0.17515678703784943 0.24376875162124634
3215 3.0625226497650146 -0.29953518509864807 -0.005245816428214312
3216 3.1659348011016846 -0.2986552119255066 0.02045251429080963
3217 3.0870680809020996 -0.28457680344581604 0.09467923641204834
3218 3.0814476013183594 -0.29657456278800964 0.039192333817481995
3219 2.92181658744812 -0.22099608182907104 -0.20241515338420868
3220 2.9223570823669434 -0.2919338643550873 -0.06805048882961273
3221 5.332521915435791 0.12549911439418793 -0.2721884846687317
3222 5.440836429595947 0.0917147547006607 -0.28517746925354004
3223 2.8289151191711426 -0.24247725307941437 -0.176255002617836
3224 5.307225704193115 0.09099642187356949 -0.28537219762802124
3225 2.911252975463867 -0.24761797487735748 -0.1682073473930359
3226 2.9359755516052246 -0.2711833417415619 -0.12841537594795227
3227 2.8204195499420166 -0.2651154398918152 -0.13973677158355713
3228 2.8336539268493652 -0.024510188028216362 -0.2988702356815338
3229 2.9205470085144043 -0.015365736559033394 -0.29943615198135376
3230 2.8091955184936523 -0.16406941413879395 -0.2506686747074127
3231 2.938234806060791 -0.17989581823349 -0.2401411235332489
3232 2.8320205211639404 -0.20500722527503967 -0.21902555227279663
3233 5.420701026916504 0.16361291706562042 -0.25147509574890137
3234 2.8107316493988037 -0.06957555562257767 -0.29142192006111145
3235 2.929396390914917 -0.10576462745666504 -0.28042107820510864
3236 2.921499729156494 -0.06043808162212372 -0.29379549622535706
3237 2.8323521614074707 -0.11885473132133484 -0.27554821968078613
3238 2.918842077255249 -0.14177057147026062 -0.2634362280368805
3239 5.3270673751831055 0.21124707162380219 -0.21279247105121613
3240 5.412069320678711 0.19547687470912933 -0.22655099630355835
3241 2.8263137340545654 0.13517802953720093 -0.26737719774246216
3242 2.924783706665039 0.10726198554039001 -0.2800162732601166
3243 2.829871416091919 0.03122897446155548 -0.2981973886489868
3244 2.913308620452881 0.021328415721654892 -0.2985026240348816
3245 2.827887535095215 0.28722959756851196 -0.08323106169700623
3246 2.9274885654449463 0.2852415144443512 -0.09288837760686874
3247 2.8136584758758545 0.2758360505104065 -0.11679401993751526
3248 5.916061878204346 0.06931330263614655 0.2910240888595581
3249 5.93987512588501 0.03972288966178894 0.29648149013519287
3250 2.8139989376068115 0.20693360269069672 -0.21601131558418274
3251 2.9271795749664307 0.20322169363498688 -0.22079630196094513
3252 2.927612543106079 0.16029150784015656 0.2529066801071167
3253 2.8386595249176025 0.29945847392082214 -0.004696402698755264
3254 5.339041709899902 0.2831043004989624 -0.09692302346229553
3255 5.41545295715332 0.2927015721797943 -0.06646325439214706
3256 2.9159882068634033 0.2983491122722626 -0.03224744275212288
3257 2.829547882080078 0.2968412935733795 -0.04456712305545807
3258 2.8244996070861816 0.17300599813461304 0.24495020508766174
3259 2.9252920150756836 0.19779960811138153 0.22476983070373535
3260 5.8276448249816895 -0.002220963127911091 0.30026009678840637
3261 5.921049118041992 -0.0032097576186060905 0.30006664991378784
3262 2.8333821296691895 0.213932603597641 0.20999416708946228
3263 0.5961669683456421 -0.2600039541721344 -0.14965689182281494
3264 2.921447515487671 0.23467260599136353 0.1873052716255188
3265 2.8227128982543945 0.2462938278913498 0.17092455923557281
3266 2.839982271194458 0.28042393922805786 0.1044716164469719
3267 2.8299782276153564 0.025330858305096626 0.29895472526550293
3268 3.171218156814575 -0.22912168502807617 -0.1933591067790985
3269 2.9240469932556152 0.04007825255393982 0.2971247136592865
3270 5.3220930099487305 0.29551538825035095 -0.05134829878807068
3271 2.8334596157073975 0.07964962720870972 0.28938406705856323
3272 2.8287062644958496 -0.19599327445030212 0.22707417607307434
3273 2.835819959640503 -0.23657841980457306 0.18455076217651367
3274 5.423577308654785 0.29772013425827026 0.036569852381944656
3275 0.5770052075386047 0.29913318157196045 -0.020604349672794342
3276 5.421201705932617 0.29899856448173523 -0.011236142367124557
3277 2.919137954711914 -0.15694403648376465 0.2553860545158386
3278 0.31334227323532104 0.277253121137619 -0.11332970857620239
3279 2.91959285736084 -0.23238249123096466 0.18954132497310638
3280 2.579824924468994 0.26734909415245056 -0.13558802008628845
3281 4.422640323638916 0.22485415637493134 -0.19815115630626678
3282 4.424896240234375 0.25191357731819153 -0.16258031129837036
3283 2.675023317337036 -0.23405277729034424 0.1874617338180542
3284 2.5846238136291504 -0.24079586565494537 0.17913532257080078
3285 5.92435359954834 -0.24144916236400604 0.17754027247428894
3286 5.412746429443359 -0.16934771835803986 -0.24737314879894257
3287 5.426531791687012 -0.2384086400270462 0.18158110976219177
3288 2.3287463188171387 0.23779790103435516 -0.18276436626911163
3289 2.407846689224243 0.2162891924381256 -0.2080116719007492
3290 2.414478063583374 0.2611020505428314 -0.1459316462278366
3291 3.1622073650360107 0.29941996932029724 0.01548426691442728
3292 2.330136299133301 0.2656209170818329 -0.13878463208675385
3293 3.178711414337158 0.13941484689712524 0.2652827501296997
3294 5.820508003234863 0.2526334524154663 0.1611480712890625
3295 3.075725793838501 0.2677338719367981 -0.13485805690288544
3296 4.331847667694092 -0.259622186422348 0.15083616971969604
3297 5.181877613067627 0.21545742452144623 -0.20836284756660461
3298 5.0826616287231445 0.2706558108329773 -0.1296619176864624
3299 3.0791876316070557 -0.1945372223854065 0.22819794714450836
3300 1.6632137298583984 0.26454293727874756 -0.14055757224559784
3301 1.6734932661056519 0.22140270471572876 -0.20159240067005157
3302 1.6735661029815674 -0.24307936429977417 0.17537790536880493
3303 5.6648430824279785 0.2703969478607178 -0.13001707196235657
3304 5.1629438400268555 -0.2590516209602356 0.15153396129608154
3305 5.322982311248779 0.17056024074554443 -0.24649959802627563
3306 2.827145576477051 -0.2997744679450989 0.0042757075279951096
3307 3.6702561378479004 0.22658784687519073 -0.19653944671154022
3308 3.670261859893799 0.25670334696769714 -0.15467791259288788
3309 3.585726499557495 0.21846163272857666 -0.20568197965621948
3310 3.0637218952178955 -0.2675831913948059 0.13467854261398315
3311 4.940761566162109 0.2423136681318283 -0.17610934376716614
3312 4.829986095428467 0.21728965640068054 -0.206806480884552
3313 4.91461181640625 0.25943198800086975 -0.14915089309215546
3314 5.923473834991455 0.22152720391750336 -0.20195965468883514
3315 5.835555076599121 0.24211347103118896 -0.1776411533355713
3316 5.916723251342773 0.25502151250839233 -0.1581813544034958
3317 2.833543300628662 -0.2835901379585266 -0.09728199243545532
3318 3.4305059909820557 0.23483778536319733 -0.18681658804416656
3319 2.8291311264038086 0.2920392155647278 0.06732330471277237
3320 3.4199938774108887 0.2675415575504303 -0.13578762114048004
3321 3.3288285732269287 0.25189441442489624 -0.1629190295934677
3322 5.6612396240234375 -0.233577162027359 0.188285693526268
3323 0.418853223323822 0.22226083278656006 -0.2011602520942688
3324 4.918677806854248 -0.24303214251995087 0.17539718747138977
3325 2.8434031009674072 0.17122304439544678 -0.24639791250228882
3326 3.409803628921509 -0.2484467774629593 0.1669439673423767
3327 0.4093598425388336 -0.23297421634197235 0.18898671865463257
3328 0.3292710781097412 -0.2550720274448395 0.15761013329029083
3329 3.1890223026275635 0.24816268682479858 -0.16821908950805664
3330 3.157179832458496 0.22664321959018707 -0.1952551305294037
3331 3.077462911605835 0.24160875380039215 -0.17691799998283386
3332 3.1710612773895264 -0.2317812144756317 0.19021070003509521
3333 2.930293083190918 0.24264264106750488 -0.1760788857936859
3334 2.8399300575256348 0.2280365377664566 -0.19450750946998596
3335 5.422403335571289 0.2228306382894516 -0.20066604018211365
3336 5.438060283660889 0.24931201338768005 -0.1663278192281723
3337 5.3192362785339355 0.24377061426639557 -0.1745699793100357
3338 2.829453706741333 0.29808303713798523 0.029118737205863
3339 2.913907289505005 0.2653500735759735 0.13958382606506348
3340 2.9166905879974365 0.12097533047199249 0.2739146649837494
3341 2.0850517749786377 -0.030925467610359192 0.2981669008731842
3342 2.826842784881592 0.12986376881599426 0.27028384804725647
3343 2.922027587890625 -0.05474625900387764 0.294800728559494
3344 4.328064918518066 0.030661694705486298 -0.2983119785785675
3345 2.925957679748535 -0.0056689027696847916 0.29969826340675354
3346 2.8276102542877197 -0.15572938323020935 0.25627103447914124
3347 2.914114236831665 -0.10817587375640869 0.279892235994339
3348 5.826690673828125 -0.057569749653339386 0.29417189955711365
3349 5.918015480041504 -0.05772615596652031 0.2941853106021881
3350 1.3280670642852783 -0.2919115722179413 0.06903569400310516
3351 4.083982944488525 0.05816900357604027 -0.29394349455833435
3352 5.337344646453857 0.2950781285762787 0.048906661570072174
3353 2.825096607208252 -0.2836255431175232 0.09754900634288788
3354 5.816648006439209 -0.14515966176986694 0.2616989314556122
3355 5.328311443328857 0.25792306661605835 0.15257060527801514
3356 2.072643280029297 -0.11282073706388474 0.2778014838695526
3357 1.9325655698776245 0.06726932525634766 -0.2925819754600525
3358 1.9217381477355957 0.255852609872818 -0.15633755922317505
3359 5.444057464599609 -0.2589563727378845 0.15069133043289185
3360 2.6752920150756836 0.09897207468748093 0.2829301059246063
3361 1.9177087545394897 0.28860118985176086 0.08218955993652344
3362 1.9224727153778076 0.2665591239929199 0.13754123449325562
3363 1.9333757162094116 0.12564623355865479 0.27215057611465454
3364 1.9257936477661133 -0.02077258750796318 0.29905617237091064
3365 1.9481854438781738 -0.05624125152826309 0.2942720949649811
3366 1.9575903415679932 -0.2580951452255249 0.15257832407951355
3367 1.9140121936798096 -0.29173314571380615 0.0670660063624382
3368 2.5904369354248047 0.27370867133140564 0.12292306125164032
3369 1.177189588546753 0.0923708975315094 -0.28525394201278687
3370 1.165560245513916 0.2507455348968506 -0.16458648443222046
3371 1.1743319034576416 0.29698190093040466 0.03977073356509209
3372 4.074538707733154 0.24831265211105347 -0.16811540722846985
3373 1.174278974533081 0.2700965702533722 0.13061067461967468
3374 1.1655125617980957 0.12103336304426193 0.2741897404193878
3375 4.066398620605469 0.26959261298179626 -0.13075557351112366
3376 1.166538953781128 -0.03609723597764969 0.2967117130756378
3377 5.3392157554626465 0.10979963839054108 0.2786851227283478
3378 1.1712074279785156 -0.11976543068885803 0.27503418922424316
3379 4.076462745666504 0.29181885719299316 0.06957384198904037
3380 1.1728410720825195 -0.25944140553474426 0.15045195817947388
3381 1.1721714735031128 -0.2796534597873688 0.10764133930206299
3382 1.1677813529968262 -0.29044440388679504 0.07183390855789185
3383 4.067008972167969 0.09570838510990143 0.28388938307762146
3384 4.080155849456787 -0.05155111849308014 0.2950276732444763
3385 4.080223560333252 -0.13779833912849426 0.2666175961494446
3386 4.077047348022461 -0.29434773325920105 0.05632064864039421
3387 2.669069528579712 -0.07515648007392883 0.2906186282634735
3388 3.9284653663635254 0.04538252204656601 -0.296171635389328
3389 3.946603298187256 0.08075787872076035 -0.2885666489601135
3390 3.9247305393218994 0.29745274782180786 0.037439022213220596
3391 3.9240763187408447 0.28764984011650085 0.08443126082420349
3392 3.909442663192749 0.27183255553245544 0.12677307426929474
3393 2.591317892074585 -0.283816397190094 0.09765981137752533
3394 3.935304880142212 0.1232076957821846 0.2731383740901947
3395 3.9316153526306152 -0.026203447952866554 0.29846885800361633
3396 3.9164319038391113 -0.06331899762153625 0.2930982708930969
3397 3.91458797454834 -0.1353788673877716 0.2670370936393738
3398 3.9219980239868164 -0.2895035445690155 0.07859326899051666
3399 2.336688995361328 0.07277984917163849 -0.2909509241580963
3400 5.924400329589844 -0.29745543003082275 0.03995082899928093
3401 4.327890396118164 0.2734924554824829 0.12316200882196426
3402 2.0670366287231445 0.08050147444009781 -0.28834065794944763
3403 2.0566136837005615 0.2714598774909973 -0.12676429748535156
3404 2.335954427719116 0.29284101724624634 0.06647802889347076
3405 2.0878868103027344 0.14705243706703186 0.2614637017250061
3406 2.085461139678955 0.25261589884757996 0.1620199978351593
3407 4.430830001831055 -0.030331145972013474 0.2985765337944031
3408 2.072204828262329 0.09850344061851501 0.28296178579330444
3409 2.0750365257263184 -0.26389190554618835 0.1420518457889557
3410 2.0887348651885986 -0.2964726984500885 0.04571343585848808
3411 2.3362345695495605 0.11727271229028702 0.27578240633010864
3412 4.66848087310791 0.26628756523132324 -0.13714665174484253
3413 4.413563251495361 -0.14107239246368408 0.26395365595817566
3414 2.3156497478485107 0.2566675543785095 0.1549709141254425
3415 4.67291784286499 0.08903126418590546 -0.28633391857147217
3416 5.324624538421631 -0.29216915369033813 0.06508626788854599
3417 4.680339813232422 0.04154614359140396 -0.29672321677207947
3418 4.671411514282227 0.29037150740623474 0.07524308562278748
3419 4.689650535583496 0.29732051491737366 0.033612076193094254
3420 4.672481060028076 0.2515575885772705 0.16315096616744995
3421 4.673293590545654 0.12971675395965576 0.2704302668571472
3422 4.671045780181885 -0.05761892348527908 0.29424723982810974
3423 4.686206340789795 -0.1465698480606079 0.2612130045890808
3424 4.666567802429199 -0.29730135202407837 0.04128766432404518
3425 4.0840744972229 -0.2806210517883301 0.10551971942186356
3426 1.3291451930999756 0.24768656492233276 -0.16907000541687012
3427 1.3363697528839111 0.2757139205932617 -0.11802326142787933
3428 1.3279047012329102 0.2501428723335266 0.16534097492694855
3429 1.3201686143875122 0.29667165875434875 0.044989634305238724
3430 1.3269129991531372 0.10457339882850647 0.28091469407081604
3431 1.322317361831665 -0.13386602699756622 0.26873263716697693
3432 3.578955888748169 0.04285221919417381 -0.29675284028053284
3433 2.0773773193359375 0.2988981604576111 0.02386457473039627
3434 2.4189796447753906 -0.1630275398492813 0.2517598271369934
3435 2.8299455642700195 -0.11308872699737549 0.2777196764945984
3436 4.080415725708008 0.2758884131908417 0.11732935905456543
3437 2.3345534801483154 -0.295952707529068 0.0495636984705925
3438 5.0880126953125 0.2617782950401306 0.14676184952259064
3439 5.581676006317139 0.0751858726143837 -0.28997552394866943
3440 4.084774971008301 0.000687955878674984 0.2999974489212036
3441 1.5805144309997559 0.07954664528369904 -0.28928089141845703
3442 1.5851008892059326 0.2755919396877289 0.11855582892894745
3443 1.579711675643921 0.2931860089302063 0.0646849274635315
3444 5.083336353302002 0.11989027261734009 0.27415597438812256
3445 2.064918279647827 -0.28463083505630493 0.09371247887611389
3446 1.580492377281189 -0.29476022720336914 0.05647844076156616
3447 5.079349994659424 -0.0501677431166172 0.29533129930496216
3448 5.833489418029785 0.036089301109313965 -0.29776743054389954
3449 5.069365501403809 -0.29345452785491943 0.05952257663011551
3450 5.081476211547852 -0.1427225023508072 0.2632659673690796
3451 2.835228204727173 -0.021960990503430367 0.2983536124229431
3452 0.5768833160400391 0.06195591762661934 -0.29338720440864563
3453 3.5781404972076416 0.12033794820308685 0.2739294469356537
3454 3.5702264308929443 0.2987988591194153 0.022911734879016876
3455 4.8341779708862305 0.033001575618982315 -0.2982378304004669
3456 3.567908525466919 -0.050903014838695526 0.29521870613098145
3457 5.578400135040283 -0.04385141655802727 0.29651686549186707
3458 5.577210426330566 -0.12313741445541382 0.2735592722892761
3459 4.838817119598389 0.29710662364959717 0.03995407745242119
3460 3.585230827331543 -0.28436511754989624 0.096157968044281
3461 0.5817886590957642 0.12449020892381668 0.27258622646331787
3462 3.3325321674346924 0.07645279169082642 -0.2899470031261444
3463 0.5891042351722717 0.26172980666160583 0.14528493583202362
3464 3.330164670944214 0.29428979754447937 0.056459732353687286
3465 0.5781983137130737 -0.28480494022369385 0.09353023767471313
3466 3.337019205093384 0.11983710527420044 0.27469396591186523
3467 0.3385114073753357 0.05322231724858284 -0.29498812556266785
3468 3.326951265335083 0.2596440613269806 0.14941085875034332
3469 3.334561824798584 -0.12200789898633957 0.2737981081008911
3470 5.576174259185791 -0.2800945043563843 0.10725446045398712
3471 5.835113525390625 0.29892006516456604 0.024278823286294937
3472 0.3193823993206024 -0.05172698199748993 0.29507699608802795
3473 3.074204444885254 -0.005340252071619034 0.2997489869594574
3474 3.066711187362671 0.07607652246952057 -0.2897365391254425
3475 2.9247822761535645 0.08239851146936417 0.2882862985134125
3476 2.931875228881836 -0.2572345435619354 0.15371035039424896
3477 2.8291351795196533 -0.29527759552001953 0.052558161318302155
3478 2.9156460762023926 -0.2790883779525757 0.11021430790424347
3479 5.912996768951416 -0.11398392915725708 0.27759024500846863
3480 5.918978214263916 -0.16425365209579468 0.2508189082145691
3481 5.42588472366333 0.2667589485645294 0.13672277331352234
3482 2.5859885215759277 0.06558302044868469 -0.29188746213912964
3483 2.678743839263916 0.04434099793434143 -0.296481728553772
3484 2.6713786125183105 0.08328548073768616 -0.28796204924583435
3485 2.663710594177246 0.25372815132141113 -0.1600080281496048
3486 4.430947780609131 0.06681771576404572 -0.2925527095794678
3487 2.6736867427825928 0.29655325412750244 0.04589424654841423
3488 5.418639659881592 0.12941163778305054 0.2704469561576843
3489 5.4293928146362305 0.09523656219244003 0.2841644287109375
3490 3.324822425842285 -0.2831336557865143 0.09870904684066772
3491 2.665355920791626 0.2517908811569214 0.16306114196777344
3492 2.575273036956787 0.10170205682516098 0.28155091404914856
3493 4.32515287399292 0.2495223879814148 -0.16628968715667725
3494 2.5824573040008545 0.1443314254283905 0.263019323348999
3495 2.5790488719940186 -0.0618746355175972 0.29341161251068115
3496 2.679588794708252 -0.029060063883662224 0.29756471514701843
3497 4.313989639282227 0.2679053246974945 -0.13325883448123932
3498 2.5822081565856934 -0.009779408574104309 0.2998619079589844
3499 2.5595884323120117 -0.15339234471321106 0.2573520839214325
3500 2.672787666320801 -0.1277788281440735 0.27115094661712646
3501 5.318447589874268 -0.047138214111328125 0.2962399423122406
3502 5.429752349853516 -0.015747621655464172 0.29950571060180664
3503 5.414671897888184 -0.07597748935222626 0.2903544008731842
3504 2.672388792037964 -0.26126977801322937 0.14734315872192383
3505 2.5685651302337646 -0.2956712543964386 0.04851803183555603
3506 2.666675090789795 -0.283951997756958 0.09719152748584747
3507 2.670544385910034 -0.2976810932159424 0.03748248517513275
3508 5.821805953979492 -0.2589670419692993 0.15080569684505463
3509 5.953103065490723 -0.258865088224411 0.1502441167831421
3510 4.408055305480957 0.2985539138317108 0.02943451702594757
3511 5.420108318328857 -0.13235604763031006 0.26929354667663574
3512 4.328155517578125 0.24891363084316254 0.1669943630695343
3513 4.413854122161865 0.24888794124126434 0.16744646430015564
3514 5.823497772216797 -0.2941907048225403 0.05731004849076271
3515 5.935082912445068 -0.2854931056499481 0.0895492359995842
3516 5.815127372741699 -0.2845943868160248 0.09378625452518463
3517 2.43896484375 0.07751024514436722 -0.2893948256969452
3518 4.330234050750732 0.0940578356385231 0.2843014597892761
3519 4.425173282623291 0.13468359410762787 0.2678844928741455
3520 4.430324077606201 0.09428691864013672 0.2844642400741577
3521 2.4362287521362305 0.24354270100593567 -0.17455586791038513
3522 2.4205970764160156 0.2772262692451477 -0.11390796303749084
3523 4.32958459854126 -0.057163625955581665 0.2945544719696045
3524 2.4252264499664307 0.28993263840675354 0.07655839622020721
3525 4.333106517791748 -0.1536615639925003 0.25765755772590637
3526 4.4385457038879395 -0.11188492178916931 0.2778998017311096
3527 2.4327127933502197 0.25370916724205017 0.15957960486412048
3528 2.4197628498077393 0.2735186815261841 0.12288930267095566
3529 2.332273006439209 0.08089487254619598 0.28872838616371155
3530 2.4271671772003174 0.08700372278690338 0.2869788110256195
3531 5.432931423187256 -0.29389071464538574 0.05890090763568878
3532 2.427128553390503 -0.020493172109127045 0.2990078330039978
3533 2.4304800033569336 -0.05999653786420822 0.29361358284950256
3534 2.329218626022339 -0.14488336443901062 0.26219236850738525
3535 2.4223005771636963 -0.12952931225299835 0.2696525454521179
3536 4.411091327667236 -0.29628023505210876 0.047716639935970306
3537 4.4351654052734375 -0.2866387665271759 0.08554322272539139
3538 2.3290135860443115 -0.260777086019516 0.1477481573820114
3539 2.4346656799316406 -0.25865083932876587 0.15131942927837372
3540 2.4233877658843994 -0.29042527079582214 0.07545272260904312
3541 5.081347465515137 0.08418335765600204 -0.2876931428909302
3542 5.177219867706299 0.03574160858988762 -0.2978246510028839
3543 5.1864333152771 0.07961252331733704 -0.28886592388153076
3544 5.078610420227051 0.24337975680828094 -0.1743904948234558
3545 5.174714088439941 0.24606619775295258 -0.17126482725143433
3546 3.069793939590454 0.0934724509716034 0.2849046587944031
3547 5.666934490203857 0.08906970918178558 -0.2865006923675537
3548 5.059205055236816 0.29185590147972107 0.06579098105430603
3549 5.169630527496338 0.29632091522216797 0.04312877357006073
3550 5.168522834777832 0.26650890707969666 0.13719606399536133
3551 5.202860355377197 0.2523967921733856 0.1614242047071457
3552 3.093571662902832 0.2973576486110687 0.038111235946416855
3553 1.5724190473556519 0.24492570757865906 -0.17186421155929565
3554 1.6720448732376099 0.24676178395748138 -0.1702868789434433
3555 1.5798364877700806 0.25032973289489746 0.16490942239761353
3556 1.6727904081344604 0.26735919713974 0.13525265455245972
3557 5.058030128479004 0.09027127921581268 0.2856493294239044
3558 5.159543037414551 0.13413462042808533 0.26835471391677856
3559 5.189589023590088 0.09443750977516174 0.2843777537345886
3560 3.0880489349365234 0.2599353790283203 0.14852368831634521
3561 1.679395318031311 0.10417169332504272 0.2808205783367157
3562 5.578848361968994 0.25051170587539673 -0.1647627353668213
3563 5.690896034240723 0.24539536237716675 -0.17191453278064728
3564 1.5603336095809937 -0.05870337039232254 0.293768972158432
3565 1.6639893054962158 -0.022017106413841248 0.29903408885002136
3566 1.5645458698272705 -0.14940886199474335 0.25970152020454407
3567 1.6905509233474731 -0.15604476630687714 0.25572776794433594
3568 5.1729254722595215 -0.013410921208560467 0.2995572090148926
3569 1.6668615341186523 -0.2854610085487366 0.09218361973762512
3570 5.189313888549805 -0.11021984368562698 0.278757780790329
3571 5.164432525634766 -0.16079887747764587 0.25326937437057495
3572 5.058256149291992 -0.2591320276260376 0.1504918932914734
3573 5.16905403137207 -0.2967199981212616 0.04367920011281967
3574 5.5776166915893555 0.292334645986557 0.0644850879907608
3575 5.664910316467285 0.2935856878757477 0.05787443369626999
3576 5.812628746032715 0.0833209902048111 -0.2873249351978302
3577 5.918035984039307 0.09346903860569 -0.2851136028766632
3578 5.573366165161133 0.24669748544692993 0.17033317685127258
3579 5.6653971672058105 0.2528347373008728 0.1615694761276245
3580 3.5803866386413574 0.09403921663761139 -0.28479570150375366
3581 3.6736295223236084 0.09831123054027557 -0.28334805369377136
3582 3.570690155029297 0.27105212211608887 -0.12790614366531372
3583 4.829858779907227 0.08122910559177399 -0.2886849641799927
3584 4.921892166137695 0.03446412459015846 -0.2980107069015503
3585 4.9321160316467285 0.07430389523506165 -0.29012927412986755
3586 3.588320255279541 0.29261359572410583 0.06252662092447281
3587 3.670053243637085 0.2989535331726074 0.023202795535326004
3588 3.681997776031494 0.29230064153671265 0.06589026749134064
3589 3.6706647872924805 0.2655960023403168 0.139113187789917
3590 3.6690425872802734 0.11909277737140656 0.27531197667121887
3591 4.8297295570373535 0.25163453817367554 -0.16329540312290192
3592 3.6672866344451904 -0.12644408643245697 0.2719149589538574
3593 3.664611339569092 -0.29536741971969604 0.05178488418459892
3594 2.804051399230957 0.2691287100315094 0.1317434012889862
3595 4.914754390716553 0.29488447308540344 0.051767781376838684
3596 5.830287933349609 0.2697264850139618 -0.13102580606937408
3597 4.918618679046631 0.26712700724601746 0.136103093624115
3598 0.6664206385612488 0.08615259826183319 -0.2873852252960205
3599 0.5700380802154541 0.24514807760715485 -0.17254531383514404
3600 0.6653911471366882 0.24993696808815002 -0.16585855185985565
3601 0.5552511215209961 0.2915255129337311 0.06901473551988602
3602 5.334117412567139 0.04055362194776535 -0.2973237931728363
3603 0.6722649931907654 0.29634377360343933 0.04642478749155998
3604 3.4246859550476074 0.05994347110390663 -0.2933978736400604
3605 4.818783283233643 0.09831641614437103 0.28299766778945923
3606 4.916228771209717 0.1248098835349083 0.2728213965892792
3607 0.6663108468055725 0.2627626061439514 0.1431378871202469
3608 0.5582412481307983 0.09240487217903137 0.2849602699279785
3609 0.6624889969825745 0.11488781124353409 0.2763412594795227
3610 0.6742663979530334 -0.02005285583436489 0.2990608513355255
3611 0.6779364347457886 -0.06953199207782745 0.29161959886550903
3612 0.5603800415992737 -0.1517764776945114 0.2583184838294983
3613 4.821163654327393 -0.05734998732805252 0.2942640781402588
3614 4.906895160675049 -0.01059221476316452 0.29983460903167725
3615 4.922708988189697 -0.05098177492618561 0.295214980840683
3616 0.5790975093841553 -0.26536911725997925 0.13957639038562775
3617 0.6665054559707642 -0.28515368700027466 0.09218770265579224
3618 0.6899596452713013 -0.2940296530723572 0.057608462870121
3619 5.578365802764893 -0.26012203097343445 0.14883580803871155
3620 5.683660984039307 -0.25800979137420654 0.15240763127803802
3621 3.422152519226074 0.2940705120563507 0.059023529291152954
3622 4.829398155212402 -0.15029573440551758 0.2593305706977844
3623 2.914659261703491 0.2887870967388153 0.08229057490825653
3624 3.412517547607422 0.25767412781715393 0.15212491154670715
3625 0.42451342940330505 0.09703011065721512 -0.28381583094596863
3626 3.3165180683135986 0.09031181037425995 0.2856370806694031
3627 3.4131176471710205 0.12559212744235992 0.27208924293518066
3628 0.328784704208374 0.245211660861969 -0.17237380146980286
3629 0.41628485918045044 0.25308293104171753 -0.16098275780677795
3630 5.570258617401123 -0.2943972647190094 0.055828630924224854
3631 5.674408912658691 -0.2897205948829651 0.07710225135087967
3632 4.8303422927856445 -0.2653781473636627 0.13961170613765717
3633 0.33623364567756653 0.26307180523872375 -0.14273960888385773
3634 3.312587022781372 -0.05136856436729431 0.2951214909553528
3635 5.824008941650391 0.105448417365551 0.28079184889793396
3636 3.423157215118408 -0.036961354315280914 0.2977861762046814
3637 0.3250930607318878 0.2914166748523712 0.07034571468830109
3638 3.3182737827301025 -0.15162764489650726 0.25796574354171753
3639 3.431180715560913 -0.11489024758338928 0.27678489685058594
3640 3.414834976196289 -0.15007619559764862 0.25888827443122864
3641 0.3085614740848541 0.25180596113204956 0.1623552143573761
3642 0.41399094462394714 0.27361416816711426 0.1229940727353096
3643 4.927952766418457 -0.2904585599899292 0.07579389959573746
3644 0.3279874324798584 0.09220248460769653 0.2852286398410797
3645 0.4126403033733368 0.10713750123977661 0.2793351709842682
3646 5.820697784423828 0.2894158363342285 0.07759623974561691
3647 5.913663387298584 0.2981109321117401 0.03269799053668976
3648 5.9393157958984375 0.2917325794696808 0.0684148296713829
3649 3.335446834564209 -0.24780482053756714 0.16735659539699554
3650 0.4302794337272644 -0.018291864544153214 0.29917609691619873
3651 0.32844284176826477 -0.1562894582748413 0.25589510798454285
3652 0.41105222702026367 -0.1111483946442604 0.27879974246025085
3653 0.42478013038635254 -0.1569991260766983 0.25539588928222656
3654 3.3282573223114014 -0.29536688327789307 0.05152931436896324
3655 3.420083522796631 -0.28825879096984863 0.0823068618774414
3656 0.4419529139995575 -0.25850462913513184 0.15152573585510254
3657 3.1692397594451904 0.04907548055052757 -0.29578471183776855
3658 3.1671671867370605 0.09583055973052979 -0.28429168462753296
3659 5.9127349853515625 0.25871706008911133 0.15101678669452667
3660 3.163771152496338 0.2637731432914734 -0.14114800095558167
3661 3.058770179748535 0.2894461452960968 0.07727549970149994
3662 3.1615519523620605 0.29590144753456116 0.04433238506317139
3663 3.169593572616577 0.27583345770835876 0.11789169907569885
3664 3.165299892425537 0.25854313373565674 0.15139998495578766
3665 3.1656839847564697 0.1004997044801712 0.28192952275276184
3666 3.077653646469116 -0.055874548852443695 0.29460668563842773
3667 3.168506145477295 -0.03486158326268196 0.29745763540267944
3668 3.079854726791382 -0.15191084146499634 0.2582801282405853
3669 3.1822550296783447 -0.10911349207162857 0.27916577458381653
3670 3.1608245372772217 -0.1410602182149887 0.2638501524925232
3671 3.1649584770202637 -0.2656344771385193 0.13954555988311768
3672 3.047814130783081 -0.2936065196990967 0.06039673835039139
3673 3.164168119430542 -0.28527823090553284 0.09207362681627274
3674 3.1921815872192383 -0.293990820646286 0.057709500193595886
3675 5.418610095977783 0.04423712193965912 -0.29670706391334534
3676 5.921304702758789 0.12748417258262634 0.2709523141384125
3677 5.93088436126709 0.09478572756052017 0.28438135981559753
3678 2.9218080043792725 0.058833688497543335 -0.29402658343315125
3679 2.824188470840454 0.25752028822898865 -0.15320003032684326
3680 2.9135186672210693 0.26496466994285583 -0.13902519643306732
3681 5.329936981201172 0.2689807415008545 -0.13192908465862274
3682 5.415055751800537 0.27323997020721436 -0.12366053462028503
3683 2.918830394744873 0.2988080084323883 0.02499004267156124
3684 0.8218772411346436 -0.2948320806026459 -0.054162364453077316
3685 0.9262422323226929 -0.2992781102657318 -0.015120543539524078
3686 0.9235911965370178 -0.29416176676750183 -0.057695746421813965
3687 0.8341716527938843 -0.28004708886146545 -0.10759064555168152
3688 0.9197198748588562 -0.28240901231765747 -0.10101389139890671
3689 0.9134724140167236 -0.2590695917606354 -0.15137602388858795
3690 0.827583372592926 -0.2395654320716858 -0.1801138073205948
3691 0.8323225975036621 -0.20651981234550476 -0.21727964282035828
3692 0.9189204573631287 -0.22590339183807373 -0.19713783264160156
3693 0.913630485534668 -0.19596336781978607 -0.22691215574741364
3694 0.8273598551750183 -0.16514289379119873 -0.25008881092071533
3695 0.9289382100105286 -0.16005562245845795 -0.25351619720458984
3696 0.922379195690155 -0.11337222158908844 -0.27751198410987854
3697 0.8275459408760071 -0.07720892131328583 -0.28957995772361755
3698 0.9199112057685852 -0.06993043422698975 -0.2915933132171631
3699 0.8325937986373901 -0.03202299028635025 -0.29738330841064453
3700 0.9190880656242371 -0.02647647261619568 -0.29866063594818115
3701 0.8292539715766907 0.010056313127279282 -0.2988419830799103
3702 0.9117509722709656 0.012110432609915733 -0.2989805340766907
3703 0.9100937843322754 0.08847848325967789 -0.2867058217525482
3704 0.8300188779830933 0.14131295680999756 -0.26453566551208496
3705 0.9392455220222473 0.13133977353572845 -0.2693755030632019
3706 0.9124005436897278 0.16139066219329834 -0.2519061267375946
3707 0.9177016019821167 0.19318734109401703 -0.2292446494102478
3708 0.918246865272522 0.28677672147750854 -0.08739585429430008
3709 0.8397136926651001 0.29264724254608154 -0.0671023428440094
3710 0.9145306348800659 0.29826900362968445 -0.032500289380550385
3711 0.8146070241928101 0.29990801215171814 -0.006535256281495094
3712 0.9193490147590637 0.2991648018360138 0.020257119089365005
3713 0.8263893127441406 0.2873827815055847 0.08554983884096146
3714 0.9132927060127258 0.27589625120162964 0.11821992695331573
3715 0.8234536051750183 0.2262096107006073 0.19657978415489197
3716 0.920377790927887 0.24999463558197021 0.16557833552360535
3717 0.9126803874969482 0.2258678525686264 0.1971752643585205
3718 0.8194110989570618 0.1905178427696228 0.231234610080719
3719 0.9263349771499634 0.20754793286323547 0.21545134484767914
3720 0.9411874413490295 0.18134401738643646 0.23855850100517273
3721 0.9204331040382385 0.14685863256454468 0.26134660840034485
3722 0.8270443677902222 0.05916823074221611 0.29333072900772095
3723 0.9248586297035217 0.062061525881290436 0.2936934530735016
3724 0.8302176594734192 0.006068887189030647 0.3001145124435425
3725 0.9143790006637573 0.015643473714590073 0.2989461421966553
3726 0.9167793989181519 -0.1679108738899231 0.2487650215625763
3727 0.9191281795501709 -0.21082375943660736 0.21303750574588776
3728 0.832513153553009 -0.28156548738479614 0.10312860459089279
3729 0.9179184436798096 -0.27044376730918884 0.12938715517520905
3730 0.923095166683197 -0.2980223596096039 0.032493021339178085
3731 0.8093143105506897 -0.264641135931015 0.14043579995632172
3732 0.9173420667648315 0.22803884744644165 -0.19456009566783905
3733 0.9241926670074463 0.2637557089328766 -0.14367488026618958
3734 0.9193331003189087 -0.244142085313797 0.17415490746498108
3735 0.8280161023139954 -0.2940814793109894 0.05796096473932266
3736 0.8326635956764221 -0.23547975718975067 0.18595808744430542
3737 0.835745632648468 -0.3000691831111908 0.0015086568892002106
3738 0.8185710906982422 -0.26096490025520325 -0.14719943702220917
3739 0.8181828856468201 -0.20086802542209625 0.22246487438678741
3740 0.8022931218147278 0.2782103717327118 -0.11101306229829788
3741 0.8277236223220825 0.18351495265960693 -0.2370786964893341
3742 0.8254311084747314 -0.12173280119895935 -0.2740212380886078
3743 0.798629879951477 -0.012007618322968483 -0.2996044456958771
3744 0.8308263421058655 0.24955838918685913 0.1661646068096161
3745 0.8267194628715515 0.26033997535705566 -0.14825543761253357
3746 0.8199307918548584 0.21708551049232483 -0.20686976611614227
3747 0.8417273759841919 0.16521883010864258 0.24957816302776337
3748 0.834801971912384 0.0888790637254715 -0.2864677906036377
3749 0.9384037256240845 0.04594869911670685 -0.2960624098777771
3750 0.8127902150154114 0.24003486335277557 -0.1784348487854004
3751 0.9195493459701538 0.29228100180625916 0.06635797768831253
3752 0.8231855034828186 0.10508395731449127 0.28066572546958923
3753 0.9108806848526001 0.10929164290428162 0.2788551449775696
3754 0.8367569446563721 -0.05604991316795349 0.2947765290737152
3755 0.921847403049469 -0.026878781616687775 0.29854336380958557
3756 0.9240379929542542 -0.07176396250724792 0.2911354899406433
3757 0.8267210125923157 -0.16334126889705658 0.25159966945648193
3758 0.9183776378631592 -0.11791455745697021 0.27573251724243164
3759 0.9192880392074585 -0.28852203488349915 0.08126358687877655
3760 0.8429856896400452 0.29644712805747986 0.04084707424044609
3761 0.8115270137786865 0.0459638386964798 -0.2961040437221527
3762 0.8155174255371094 0.2697940766811371 0.13042402267456055
3763 0.8299803137779236 -0.11267412453889847 0.277907133102417
3764 1.083868145942688 0.06559692323207855 0.29228928685188293
3765 1.8106822967529297 -0.2850258946418762 -0.09210356324911118
3766 1.8328378200531006 -0.27372556924819946 -0.12039415538311005
3767 1.8321539163589478 -0.20667541027069092 -0.21722310781478882
3768 1.841563105583191 -0.1353265941143036 -0.26668548583984375
3769 1.8201606273651123 -0.020689504221081734 -0.2986533045768738
3770 1.8298029899597168 0.02295699156820774 -0.2989846467971802
3771 1.831925868988037 0.12685896456241608 -0.27171260118484497
3772 1.8104208707809448 0.2118622362613678 -0.21178410947322845
3773 1.8420779705047607 0.2964552640914917 -0.04045826196670532
3774 1.8081839084625244 0.29963335394859314 -0.010080558247864246
3775 1.8204025030136108 0.28538548946380615 0.09328465163707733
3776 1.8322248458862305 0.17528465390205383 0.2434130311012268
3777 1.8109936714172363 -0.007034443784505129 0.2994575798511505
3778 1.8347843885421753 0.031407445669174194 0.29820573329925537
3779 1.831599473953247 -0.06168544292449951 0.2936843931674957
3780 1.8257174491882324 -0.18951226770877838 0.23218369483947754
3781 1.8184853792190552 -0.22162048518657684 0.2011764943599701
3782 1.8229106664657593 -0.2806369364261627 0.10504840314388275
3783 1.834505558013916 -0.2982768416404724 0.024780530482530594
3784 1.0874110460281372 -0.289912611246109 -0.0739990621805191
3785 1.068879246711731 -0.27763500809669495 -0.11265486478805542
3786 1.0824406147003174 -0.25248029828071594 -0.1619168519973755
3787 1.0693501234054565 -0.21829286217689514 -0.20596787333488464
3788 1.0757911205291748 -0.12573839724063873 -0.2719545066356659
3789 1.0711346864700317 -0.04803592339158058 -0.29576143622398376
3790 1.075096845626831 0.0025507633108645678 -0.29977893829345703
3791 1.0764484405517578 0.1257060319185257 -0.27203696966171265
3792 1.0876598358154297 0.19792410731315613 -0.2242712676525116
3793 1.0802844762802124 0.2907387614250183 -0.07383308559656143
3794 1.0736958980560303 0.2711157202720642 0.1283748745918274
3795 1.0849456787109375 0.17008519172668457 0.24726296961307526
3796 1.0778238773345947 -0.2785940170288086 0.11049064248800278
3797 1.0800776481628418 -0.29947975277900696 0.011303823441267014
3798 0.07910537719726562 0.25458988547325134 0.15819856524467468
3799 0.17550060153007507 0.23014140129089355 -0.19164451956748962
3800 0.17692600190639496 0.25625553727149963 -0.15544399619102478
3801 1.8223826885223389 0.27203086018562317 -0.12607476115226746
3802 1.8336819410324097 0.24581943452358246 -0.171922504901886
3803 1.8217456340789795 0.2970365285873413 0.039897456765174866
3804 1.8273417949676514 0.24311557412147522 0.175506129860878
3805 1.821192979812622 0.12099525332450867 0.2748701274394989
3806 1.8259121179580688 -0.29296401143074036 0.06302214413881302
3807 1.0742897987365723 0.08630149066448212 -0.28707635402679443
3808 1.0892244577407837 0.25196707248687744 -0.16298933327198029
3809 1.0786077976226807 0.29830402135849 0.03130054473876953
3810 1.0648881196975708 0.11410216242074966 0.2773415148258209
3811 1.0847750902175903 -0.11767801642417908 0.27591651678085327
3812 1.07724130153656 -0.2934022545814514 0.06164011359214783
3813 0.16240963339805603 0.08718796074390411 -0.2870710790157318
3814 0.059137169271707535 -0.29708197712898254 -0.03343365341424942
3815 0.17177844047546387 -0.29749596118927 -0.03642013669013977
3816 0.09292251616716385 -0.2924087941646576 -0.06596148014068604
3817 0.17844174802303314 -0.28959834575653076 -0.07605112344026566
3818 0.08670797944068909 -0.24596691131591797 -0.17014898359775543
3819 0.19606168568134308 -0.23860426247119904 -0.18106351792812347
3820 0.07882775366306305 -0.27935338020324707 -0.10947264730930328
3821 0.16963347792625427 -0.2587985098361969 -0.1515318602323532
3822 0.0820908471941948 -0.22218641638755798 -0.20183409750461578
3823 0.16831286251544952 -0.21915192902088165 -0.2036723643541336
3824 0.18051862716674805 -0.19973793625831604 -0.22353912889957428
3825 0.16820251941680908 -0.17129656672477722 -0.24527952075004578
3826 0.16906477510929108 -0.13060608506202698 -0.2696785032749176
3827 0.07932817935943604 -0.053679611533880234 -0.295129656791687
3828 0.17345117032527924 -0.08788620680570602 -0.2867496609687805
3829 0.1683254987001419 -0.05038854479789734 -0.29488158226013184
3830 0.1944323033094406 -0.014852975495159626 -0.2992529273033142
3831 0.06816589087247849 0.12891805171966553 -0.2704479694366455
3832 0.16148467361927032 0.14160048961639404 -0.26459839940071106
3833 0.17526209354400635 0.0346544124186039 -0.29789260029792786
3834 0.0751909539103508 0.1719522923231125 -0.24581559002399445
3835 0.1715240329504013 0.19313263893127441 -0.22953130304813385
3836 0.08162092417478561 0.26779958605766296 -0.13508340716362
3837 0.18222767114639282 0.2755195200443268 -0.11813919246196747
3838 0.08098793774843216 0.24247540533542633 -0.17631401121616364
3839 0.08901865780353546 0.2824637293815613 -0.09846750646829605
3840 0.1672953963279724 0.2919308841228485 -0.06857532262802124
3841 0.16811984777450562 0.29851770401000977 0.027119508013129234
3842 0.1880774050951004 0.2912110984325409 0.07066257297992706
3843 0.09087608754634857 0.2992185056209564 -0.022763412445783615
3844 0.17287597060203552 0.29938778281211853 -0.013751811347901821
3845 0.17773844301700592 0.2734306752681732 0.12273982167243958
3846 0.16639183461666107 0.24335609376430511 0.17575526237487793
3847 0.0783039852976799 0.2285633683204651 0.1938900202512741
3848 0.0473383367061615 0.18515931069850922 0.23505137860774994
3849 0.16581608355045319 0.20935359597206116 0.21424272656440735
3850 0.18918630480766296 0.18026725947856903 0.23931613564491272
3851 0.1603061854839325 0.13962289690971375 0.2656109035015106
3852 0.18997375667095184 0.09403883665800095 0.2845124900341034
3853 0.17380231618881226 0.014191812835633755 0.2994077205657959
3854 0.07918965816497803 0.073788583278656 0.29046568274497986
3855 0.16556082665920258 0.05671221762895584 0.2939780652523041
3856 0.08213919401168823 -0.015050681307911873 0.2996181547641754
3857 0.18312551081180573 -0.02702370658516884 0.2980882525444031
3858 0.08901919424533844 -0.09393344819545746 0.2845802307128906
3859 0.1585833877325058 -0.06261304020881653 0.29340481758117676
3860 0.16522443294525146 -0.19068437814712524 0.2311583310365677
3861 0.07726544141769409 -0.15633469820022583 0.25600677728652954
3862 0.18052878975868225 -0.10922679305076599 0.2792520821094513
3863 0.08429121226072311 -0.2324385792016983 0.18962541222572327
3864 0.17290525138378143 -0.21966302394866943 0.2039158046245575
3865 0.16817307472229004 -0.24637658894062042 0.16965244710445404
3866 0.18422678112983704 -0.294476717710495 0.055319420993328094
3867 0.08341879397630692 -0.2731597423553467 0.12271678447723389
3868 0.16479390859603882 -0.26794934272766113 0.13307932019233704
3869 0.17555774748325348 -0.2997925877571106 0.0058173080906271935
3870 1.8248531818389893 -0.06112827733159065 -0.2934343218803406
3871 1.828971028327942 -0.10267437249422073 -0.28169238567352295
3872 1.8313820362091064 -0.168236643075943 -0.24829070270061493
3873 1.811650276184082 -0.2995852530002594 -0.00667249970138073
3874 1.8344589471817017 -0.23454761505126953 -0.18688338994979858
3875 1.8178766965866089 -0.25655531883239746 -0.1546790897846222
3876 1.8395414352416992 -0.29579243063926697 -0.05005617067217827
3877 1.8303357362747192 0.2872295379638672 -0.08600939065217972
3878 1.8331302404403687 0.07587097585201263 -0.29027101397514343
3879 1.8326640129089355 0.17494897544384003 -0.243595689535141
3880 1.819679617881775 0.21344095468521118 0.2105405181646347
3881 1.82978355884552 0.06834627687931061 0.2912967801094055
3882 1.8366838693618774 0.26503926515579224 0.13892631232738495
3883 1.8287608623504639 -0.26391494274139404 0.14205646514892578
3884 1.05628502368927 0.2255360186100006 -0.19698908925056458
3885 1.078221082687378 0.24649952352046967 0.17058782279491425
3886 1.8292319774627686 -0.15475670993328094 0.256775438785553
3887 1.0820152759552002 -0.168283611536026 -0.24841658771038055
3888 1.079729676246643 -0.2974908947944641 -0.038321830332279205
3889 1.0689051151275635 0.28824934363365173 0.08194169402122498
3890 1.0788096189498901 0.04512811452150345 -0.2964582145214081
3891 1.8079737424850464 -0.11322203278541565 0.2774049937725067
3892 1.0782673358917236 0.21410693228244781 0.20963840186595917
3893 1.0804719924926758 0.29901570081710815 -0.022365760058164597
3894 1.0806769132614136 0.1670747697353363 -0.2489815056324005
3895 1.8370847702026367 -0.24523568153381348 0.17208373546600342
3896 1.058242917060852 0.27493852376937866 -0.11919227242469788
3897 1.0699924230575562 -0.1632869392633438 0.25125956535339355
3898 1.0877772569656372 -0.06036391854286194 0.2938554286956787
3899 1.0624736547470093 0.029456300660967827 0.2981587052345276
3900 1.0852733850479126 -0.1973283886909485 0.225685715675354
3901 1.0801646709442139 -0.22841596603393555 0.19458216428756714
3902 0.0803360864520073 -0.00048819207586348057 -0.29978761076927185
3903 1.0865769386291504 -0.008778207004070282 0.29977601766586304
3904 0.17588680982589722 -0.2755586504936218 -0.11640170216560364
3905 0.20383502542972565 -0.15232808887958527 -0.258137583732605
3906 0.08133763819932938 -0.1491883397102356 -0.26012560725212097
3907 0.060284920036792755 -0.2620890438556671 -0.14420324563980103
3908 0.08215853571891785 -0.1891888529062271 -0.23182183504104614
3909 0.07967694103717804 -0.29967761039733887 0.008625762537121773
3910 0.08239734172821045 0.08366100490093231 -0.28796398639678955
3911 0.07128579914569855 -0.12316231429576874 0.27279579639434814
3912 0.08085964620113373 -0.1043248400092125 -0.2811536490917206
3913 0.07592817395925522 0.2986503839492798 0.022905558347702026
3914 0.06986343115568161 0.04179524630308151 -0.29682475328445435
3915 0.06190422922372818 0.2924187481403351 -0.06517145037651062
3916 0.07800611853599548 0.2104472815990448 -0.21333341300487518
3917 0.06854916363954544 0.03251244127750397 0.29797646403312683
3918 0.0819152295589447 0.27692028880119324 0.11526946723461151
3919 0.08078482747077942 0.1230471283197403 0.273518443107605
3920 0.08517921715974808 0.16721263527870178 0.24866198003292084
3921 0.08437223732471466 0.20003902912139893 0.2224416881799698
3922 0.06028874218463898 -0.06329765170812607 0.2927345633506775
3923 0.08068470656871796 -0.19459375739097595 0.22815242409706116
3924 0.0721648782491684 -0.28613734245300293 0.08730274438858032
3925 0.08750515431165695 -0.2954728603363037 0.05084950476884842
3926 0.17573541402816772 -0.2833549678325653 0.09795888513326645
3927 0.1813022941350937 -0.1574820727109909 0.25508758425712585
3928 1.0766667127609253 -0.2570233643054962 0.1539260298013687
3929 0.20395581424236298 -0.2592903971672058 0.150455504655838
3930 0.06056034192442894 -0.26009702682495117 0.14904257655143738
3931 3.8272223472595215 0.2988177537918091 0.024693619459867477
3932 3.8397414684295654 0.009108757600188255 0.29908764362335205
3933 3.8170058727264404 -0.22926804423332214 0.19235628843307495
3934 3.8215911388397217 -0.2735860049724579 0.12116111069917679
3935 3.8190677165985107 -0.2103426456451416 -0.21426734328269958
3936 3.8284480571746826 -0.20128047466278076 0.22222501039505005
3937 3.832204580307007 0.29846206307411194 -0.030084911733865738
3938 3.827848434448242 0.1530042588710785 0.25806090235710144
3939 3.8351902961730957 -0.07966698706150055 0.28845345973968506
3940 3.83085036277771 0.051876239478588104 0.29554805159568787
3941 3.827212333679199 -0.2972904145717621 -0.03828195482492447
3942 3.826604127883911 -0.28821542859077454 -0.08241930603981018
3943 3.826796531677246 -0.2722887694835663 -0.12423679977655411
3944 3.826079845428467 -0.24806493520736694 -0.16797147691249847
3945 3.8366572856903076 -0.17528092861175537 -0.2424841970205307
3946 3.821422815322876 -0.13558520376682281 -0.26771241426467896
3947 3.8298747539520264 -0.08136636763811111 -0.2885397672653198
3948 3.8316779136657715 -0.027727145701646805 -0.29870471358299255
3949 3.839460849761963 0.015293634496629238 -0.29883480072021484
3950 3.8308815956115723 0.055508166551589966 -0.2949678301811218
3951 3.821603775024414 0.14201921224594116 -0.2640772759914398
3952 3.8383615016937256 0.1874835193157196 -0.23441918194293976
3953 3.819201707839966 0.22500845789909363 -0.19790762662887573
3954 3.825359344482422 0.25801926851272583 -0.15324699878692627
3955 3.818462371826172 0.28843724727630615 -0.0808950811624527
3956 3.8258323669433594 0.29072412848472595 0.0733616054058075
3957 3.824138879776001 0.2761880159378052 0.11634325236082077
3958 3.802131414413452 0.2549422085285187 0.15753298997879028
3959 3.8347177505493164 0.235636904835701 0.18448694050312042
3960 3.825221538543701 0.19966541230678558 0.2237580418586731
3961 3.8288357257843018 0.10321390628814697 0.2814079523086548
3962 3.8153936862945557 -0.03372577950358391 0.2981015741825104
3963 3.830803871154785 -0.16211986541748047 0.2523554265499115
3964 3.8357677459716797 -0.29500752687454224 0.0537651926279068
3965 3.822667121887207 0.27371540665626526 -0.1204187273979187
3966 3.8278369903564453 -0.29958850145339966 0.00998874381184578
3967 3.8279757499694824 0.09616976976394653 -0.28328219056129456
3968 3.8246543407440186 -0.2528653144836426 0.16136139631271362
3969 3.841146230697632 0.2592049837112427 0.14869585633277893
3970 3.83263897895813 -0.11737091839313507 0.2758878469467163
3971 3.8163607120513916 -0.28723621368408203 0.08478426933288574
3972 4.576303482055664 -0.09540241956710815 0.28350746631622314
3973 4.585756301879883 -0.1725735366344452 0.24462783336639404
3974 4.585846900939941 -0.27960824966430664 0.10884732753038406
3975 4.567714691162109 -0.2033853977918625 0.2200620323419571
3976 4.548768997192383 -0.06604227423667908 0.2924058735370636
3977 4.5825676918029785 0.1635660082101822 0.2505617141723633
3978 4.582723617553711 0.2972250282764435 -0.04046615585684776
3979 4.581323623657227 0.29942765831947327 0.01646861992776394
3980 4.565834999084473 0.14167626202106476 0.26404204964637756
3981 4.582794666290283 0.25590381026268005 -0.15657997131347656
3982 4.585413932800293 0.1294020414352417 -0.2706959843635559
3983 4.580500602722168 -0.28131893277168274 -0.10363367944955826
3984 4.5829339027404785 -0.229728564620018 -0.1928611546754837
3985 4.5745391845703125 -0.16375310719013214 -0.2509627342224121
3986 4.561924934387207 -0.08337710797786713 -0.28713443875312805
3987 4.587813377380371 -0.005512182135134935 -0.2998557388782501
3988 4.5813188552856445 0.08128119260072708 -0.28852587938308716
3989 4.579959869384766 0.17822523415088654 -0.24132171273231506
3990 4.552643775939941 0.2096880078315735 -0.21394868195056915
3991 4.572747707366943 0.28277572989463806 -0.10081575810909271
3992 4.580962181091309 0.2530635595321655 0.16065487265586853
3993 4.578719615936279 0.19035471975803375 0.2314421832561493
3994 4.577132701873779 0.10457141697406769 0.28084254264831543
3995 4.589162826538086 0.05362216383218765 0.2951473295688629
3996 4.585349082946777 -0.04784798622131348 0.2953508496284485
3997 4.581324100494385 -0.13882127404212952 0.2660587430000305
3998 4.572256565093994 -0.2591005563735962 0.15077027678489685
3999 4.581046104431152 -0.29463160037994385 0.055304668843746185
4000 4.578664779663086 -0.23552429676055908 0.18554390966892242
4001 4.586314678192139 -0.29983243346214294 -0.0009053262183442712
4002 4.576852321624756 -0.1965906172990799 -0.22599704563617706
4003 4.579752445220947 -0.2949676513671875 -0.054076604545116425
4004 4.578909397125244 -0.2597343623638153 -0.14980897307395935
4005 4.580467224121094 -0.12015432119369507 -0.2748885750770569
4006 4.575385570526123 -0.044349681586027145 -0.2961280047893524
4007 4.580331325531006 0.035568736493587494 -0.29777729511260986
4008 4.57962703704834 0.2922346889972687 0.06725668907165527
4009 4.583348751068115 -0.0008554072119295597 0.29983097314834595
4010 4.586175441741943 0.277054101228714 0.11470402032136917
4011 4.5777907371521 0.22320058941841125 0.2002910077571869
4012 -0.00011693049600580707 0.2532067894935608 0.06202578917145729
4013 6.000118732452393 0.2606068551540375 0.0069816578179597855
4014 6.000070095062256 -0.24854840338230133 0.1164686530828476
4015 5.999029159545898 -0.2987433969974518 0.019054509699344635
4016 6.000001907348633 0.14594115316867828 -0.2073535919189453
4017 -1.1953584362345282e-05 -0.18167906999588013 0.16281211376190186
4018 6.0 0.18925556540489197 0.034059762954711914
4019 -1.5651207831979264e-06 0.20080433785915375 0.060931410640478134
4020 -1.4605459455196979e-06 0.1782369613647461 0.18061016499996185
4021 -2.8966837817279156e-06 -0.18568013608455658 -0.0857720822095871
4022 -2.39315540966345e-05 -0.19810208678245544 0.026848983019590378
4023 5.999980449676514 -0.21665745973587036 -0.14657264947891235
4024 6.000000953674316 -0.17368395626544952 0.10988470911979675
4025 -5.514353688340634e-06 0.15671981871128082 -0.19252245128154755
4026 6.000004291534424 -0.11149726808071136 0.23081053793430328
4027 6.000003814697266 -0.20247983932495117 -0.021603576838970184
4028 5.325459824234713e-07 0.16127607226371765 0.0752120167016983
4029 6.0 0.1720075011253357 -0.09586269408464432
4030 1.1769114280468784e-05 -0.1748141348361969 0.0582246370613575
4031 5.999993801116943 -0.16938896477222443 0.19945262372493744
4032 6.00001335144043 0.23138076066970825 0.11451361328363419
4033 2.2962281036598142e-06 -0.19944006204605103 -0.16810059547424316
4034 -0.00017716732691042125 -0.22091643512248993 0.061604756861925125
4035 5.130165732225578e-07 0.1726023256778717 -0.046184711158275604
4036 2.6232388336211443e-05 0.21536779403686523 -0.16460947692394257
4037 6.000002384185791 0.21792732179164886 0.01101115345954895
4038 6.0000386238098145 -0.23429787158966064 -0.10315009951591492
4039 6.0 0.21139584481716156 -0.08594577014446259
4040 6.00003719329834 0.1821988970041275 -0.18966476619243622
4041 4.1312478060717694e-07 0.21116240322589874 0.15662071108818054
4042 -3.8526235357494443e-07 0.2242256999015808 -0.04048723354935646
4043 -5.5860273278085515e-05 -0.22109046578407288 0.14027638733386993
4044 5.999956130981445 0.24101459980010986 -0.11379290372133255
4045 4.664718289859593e-06 0.2914287745952606 0.03559478744864464
4046 6.113541894592345e-05 -0.2946285009384155 -0.001820834819227457
4047 6.000170707702637 0.28054356575012207 -0.08126440644264221
4048 6.000144958496094 -0.24587450921535492 -0.004472666885703802
4049 -5.1538270781748e-05 0.26455745100975037 -0.05615716427564621
4050 1.939907087944448e-05 0.04711689427495003 -0.2570444345474243
4051 6.000010013580322 0.05728369206190109 0.2599348723888397
4052 6.000028133392334 -0.08125358819961548 -0.22757045924663544
4053 -1.881783828139305e-05 -0.014546439982950687 0.26310795545578003
4054 5.999931335449219 -0.03867429122328758 -0.2576086223125458
4055 5.999999523162842 0.09407495707273483 0.24359242618083954
4056 6.000003337860107 0.032395489513874054 0.19854429364204407
4057 -6.228830898180604e-06 0.0077461497858166695 -0.2556493878364563
4058 6.0 -0.009636455215513706 0.11280067265033722
4059 4.767719303799822e-07 -0.016911644488573074 0.041891418397426605
4060 6.0 -0.02414495125412941 -0.036672983318567276
4061 3.097259468631819e-05 -0.10964103788137436 0.24517808854579926
4062 5.999989032745361 0.008092192932963371 -0.25731784105300903
4063 -2.2419273591367528e-05 0.061877962201833725 0.25297340750694275
4064 5.999994277954102 -0.13660188019275665 -0.2185087502002716
4065 4.769643169311166e-07 0.03417109325528145 0.054203931242227554
4066 4.7683161596978607e-07 0.006324181333184242 -0.03964466229081154
4067 0.0023093412164598703 0.29239097237586975 -0.06619633734226227
4068 0.0011015236377716064 -0.28304585814476013 -0.09722164273262024
4069 5.999999523162842 -0.05103166773915291 -0.1753966063261032
4070 5.999999046325684 0.05972827598452568 0.21804460883140564
4071 6.0 0.057295165956020355 0.1702117919921875
4072 4.755657414534653e-07 -0.02264295518398285 -0.1112189069390297
4073 6.0 -0.05190243944525719 -0.08366136997938156
4074 5.999999523162842 0.010112867690622807 -0.18283148109912872
4075 4.750569360112422e-07 -0.022967366501688957 0.10481000691652298
4076 4.773144155478803e-07 0.013655540533363819 -0.18535123765468597
4077 6.298646439972799e-07 -0.059125691652297974 0.1732628047466278
4078 4.75782911735223e-07 0.04448004439473152 0.10514349490404129
4079 6.0 -0.005421412643045187 -0.07889938354492188
4080 -6.434729016291385e-07 0.020043421536684036 0.18756349384784698
4081 5.182047857488215e-07 0.036835502833127975 -0.21491630375385284
4082 4.7683329285064247e-07 0.03426901623606682 -0.11623866111040115
4083 -1.3395445421338081e-05 -0.21848931908607483 -0.052750855684280396
4084 4.7683008119747683e-07 -0.030994495376944542 -0.01251637376844883
4085 4.768942289956613e-07 -0.02843884564936161 -0.07364485412836075
4086 6.0 0.04091854393482208 0.1323430836200714
4087 6.0 0.0700301080942154 0.09067577123641968
4088 4.768384087583399e-07 0.04891994595527649 -0.028165683150291443
4089 6.0 -0.04624456539750099 0.007138113956898451
4090 -5.023601988796145e-05 -0.06459343433380127 0.2502453923225403
4091 2.126741264873999e-06 -0.02779700979590416 -0.18641382455825806
4092 6.000025749206543 0.013621322810649872 0.24957425892353058
4093 6.0 0.025690756738185883 -0.041760724037885666
4094 -7.716860636719503e-06 -0.060277823358774185 -0.19715078175067902
4095 1.5054058621899458e-06 0.10369975864887238 -0.1801294982433319
4096 4.76837158203125e-07 0.08323702216148376 -0.12982915341854095
4097 4.204212665557861 -0.2203134149312973 0.20193545520305634
4098 4.21917200088501 -0.0963544249534607 0.2829921841621399
4099 4.205237865447998 0.2988320589065552 0.007020181976258755
4100 4.2171549797058105 0.006342660635709763 0.29888030886650085
4101 4.215487480163574 0.05617813020944595 0.2936146557331085
4102 4.214157581329346 0.01894235797226429 -0.2983476519584656
4103 4.217221736907959 -0.27551567554473877 0.11603918671607971
4104 4.21541690826416 -0.12849153578281403 -0.26993048191070557
4105 4.21234130859375 -0.2884596884250641 -0.07847677916288376
4106 4.216572284698486 -0.2714020013809204 -0.12530940771102905
4107 4.227870464324951 -0.2515273690223694 -0.16084891557693481
4108 4.216738700866699 -0.08192205429077148 -0.28750094771385193
4109 4.210328102111816 0.11896906793117523 -0.2742599546909332
4110 4.213409900665283 -0.2983667850494385 0.017668215557932854
4111 4.208159923553467 -0.207167387008667 -0.21540941298007965
4112 4.214020729064941 -0.2974838316440582 -0.029636546969413757
4113 4.215221881866455 -0.03174017369747162 -0.2972584366798401
4114 4.2136664390563965 0.17321734130382538 -0.24407456815242767
4115 4.215798854827881 0.06806941330432892 -0.2911019027233124
4116 4.2138566970825195 0.22767621278762817 0.19357958436012268
4117 4.215961933135986 0.2634183466434479 -0.14134106040000916
4118 4.215019702911377 0.2387063056230545 -0.1798713207244873
4119 4.214008331298828 0.2931860387325287 0.058358900249004364
4120 4.208386421203613 0.19926652312278748 0.22274601459503174
4121 4.207771301269531 0.28300046920776367 -0.09624166786670685
4122 4.214698314666748 -0.1708354353904724 -0.24533331394195557
4123 4.2061028480529785 0.253251850605011 0.15761996805667877
4124 4.21550178527832 -0.25163280963897705 0.16138648986816406
4125 4.216039180755615 -0.044972702860832214 0.29553595185279846
4126 4.214542388916016 -0.29137128591537476 0.06687238812446594
4127 4.205692768096924 0.10266853868961334 0.2807111442089081
4128 2.2119686603546143 -0.21840813755989075 0.2041095793247223
4129 2.210756778717041 0.07045208662748337 0.2901536822319031
4130 2.20995831489563 -0.008498898707330227 0.2988664507865906
4131 2.2108254432678223 0.19942449033260345 -0.22265037894248962
4132 2.212428331375122 -0.09354092180728912 0.2839302122592926
4133 2.217360258102417 0.15467850863933563 0.255745530128479
4134 2.2113375663757324 -0.18084387481212616 0.238041490316391
4135 2.218890428543091 -0.12626998126506805 -0.270957887172699
4136 2.2128756046295166 -0.27176952362060547 0.12450352311134338
4137 2.2122602462768555 -0.21079334616661072 -0.21196526288986206
4138 2.20686411857605 -0.24242106080055237 -0.1748611479997635
4139 2.2134623527526855 -0.298483669757843 0.01625679060816765
4140 2.206733226776123 0.16594521701335907 -0.24857372045516968
4141 2.223850965499878 0.2346583753824234 0.18478049337863922
4142 2.2181074619293213 -0.04461692273616791 -0.2953493297100067
4143 2.21643328666687 -0.07839184999465942 -0.28852182626724243
4144 2.218858003616333 0.25892049074172974 0.14938999712467194
4145 2.214632034301758 -0.29765817523002625 -0.027756525203585625
4146 2.222933530807495 -0.29043710231781006 -0.07010806351900101
4147 2.2052602767944336 0.265360563993454 -0.13756097853183746
4148 2.212601661682129 0.2976384162902832 -0.030827894806861877
4149 2.2133238315582275 0.2849767208099365 -0.0902012288570404
4150 2.215160846710205 -0.17116039991378784 -0.245078444480896
4151 2.2132773399353027 0.28025880455970764 0.10407661646604538
4152 2.2121174335479736 0.2927936315536499 0.060193851590156555
4153 2.1994788646698 0.06448513269424438 -0.291803240776062
4154 2.2135472297668457 -0.24879644811153412 0.16573022305965424
4155 2.2117600440979004 -0.13691170513629913 0.26572760939598083
4156 2.2119414806365967 -0.2857544720172882 0.0864090695977211
4157 2.213756561279297 0.10942892730236053 0.2781496047973633
4158 1.4611842632293701 0.2987362742424011 -0.0016079319175332785
4159 1.4654666185379028 0.06501512974500656 0.2917983829975128
4160 1.463026762008667 -0.09177837520837784 0.2843480408191681
4161 1.4577867984771729 0.20702657103538513 -0.21504968404769897
4162 1.4613815546035767 0.15182095766067505 0.2575209140777588
4163 1.4636703729629517 -0.21617287397384644 0.20634576678276062
4164 1.466127872467041 0.013075868599116802 0.2986198961734772
4165 1.4648950099945068 -0.17993520200252533 0.23869085311889648
4166 1.4578355550765991 0.008308878168463707 -0.29858025908470154
4167 1.4663008451461792 -0.1319156438112259 -0.2682470679283142
4168 1.466168761253357 -0.29776886105537415 0.025906484574079514
4169 1.4640536308288574 -0.08367238193750381 -0.28699761629104614
4170 1.4648739099502563 -0.29827988147735596 -0.01199134811758995
4171 1.4663467407226562 -0.2129417508840561 -0.20983774960041046
4172 1.4596421718597412 0.2766474485397339 0.11224199086427689
4173 1.4601749181747437 -0.2835692763328552 -0.09447447210550308
4174 1.461704969406128 -0.24166768789291382 -0.17590837180614471
4175 1.4640049934387207 -0.035355690866708755 -0.2968466579914093
4176 1.4625678062438965 0.29533764719963074 -0.04629480838775635
4177 1.462725281715393 0.0919961929321289 -0.28443431854248047
4178 1.461289405822754 0.2367638498544693 0.18222711980342865
4179 1.4646354913711548 0.2633551359176636 -0.1414656639099121
4180 1.4642117023468018 0.23607328534126282 -0.1833501160144806
4181 1.4647859334945679 0.2591225802898407 0.14900308847427368
4182 1.4620349407196045 0.2832101881504059 -0.09568889439105988
4183 1.4699723720550537 -0.17498847842216492 -0.242381289601326
4184 1.459223985671997 -0.2431883066892624 0.17332236468791962
4185 1.4663833379745483 -0.2913597524166107 0.06671199947595596
4186 1.4640629291534424 -0.04062455892562866 0.2961234152317047
4187 1.463889718055725 -0.1398591697216034 0.2636505365371704
4188 1.4635552167892456 0.11253299564123154 0.276953786611557
4189 3.9739136695861816 -0.21659158170223236 0.2060796320438385
4190 1.9686832427978516 -0.22114680707454681 0.20108386874198914
4191 2.0240402221679688 -0.21353460848331451 0.20895953476428986
4192 5.78197717666626 -0.21531891822814941 0.20732949674129486
4193 2.2893614768981934 -0.2158595323562622 0.20676034688949585
4194 0.9617710709571838 -0.2206975370645523 0.20163968205451965
4195 2.5310754776000977 -0.21901646256446838 0.2033827155828476
4196 5.28595495223999 -0.21623273193836212 0.20641383528709412
4197 2.9592537879943848 -0.21247589588165283 0.21009740233421326
4198 3.2191555500030518 -0.21842756867408752 0.2031969279050827
4199 4.9635796546936035 -0.22109203040599823 0.20113664865493774
4200 4.466172218322754 -0.2148078829050064 0.2079012393951416
4201 5.04266357421875 -0.2117314338684082 0.21093982458114624
4202 4.789650917053223 -0.2155584692955017 0.20697365701198578
4203 1.716116189956665 -0.22092561423778534 0.2013862431049347
4204 5.451956748962402 -0.21812711656093597 0.2043706178665161
4205 3.710918426513672 -0.22220005095005035 0.199941024184227
4206 0.4634389579296112 -0.22680267691612244 0.1952645629644394
4207 1.5377436876296997 -0.21421295404434204 0.20831452310085297
4208 5.9639573097229 -0.220639169216156 0.20173759758472443
4209 2.7848150730133057 -0.21817433834075928 0.20422329008579254
4210 4.284926414489746 -0.21421651542186737 0.20846456289291382
4211 4.033868312835693 0.1654546707868576 0.2489599883556366
4212 5.787862777709961 -0.07926977425813675 0.2879715859889984
4213 0.7838418483734131 -0.21582822501659393 0.20677204430103302
4214 1.9697400331497192 0.20492461323738098 -0.21759386360645294
4215 1.9638713598251343 0.2988339066505432 0.008403215557336807
4216 3.955280303955078 0.0006904904730618 0.29887744784355164
4217 1.958146572113037 -0.09335389733314514 0.2840608060359955
4218 1.949951410293579 0.011785594746470451 0.2983187437057495
4219 4.033166885375977 -0.07908359169960022 0.2878545820713043
4220 2.682807207107544 0.013314368203282356 0.2988226115703583
4221 2.5367114543914795 0.19655920565128326 -0.22517572343349457
4222 0.9619320034980774 0.2034374624490738 -0.2190251499414444
4223 5.46579122543335 0.07122177630662918 0.2907329201698303
4224 4.022855758666992 0.29863107204437256 -0.0125438142567873
4225 0.962858259677887 0.2989106774330139 3.52018978446722e-05
4226 2.0259652137756348 0.014294660650193691 0.2985612750053406
4227 1.9766415357589722 0.157993882894516 0.2534475326538086
4228 0.9636679887771606 0.15118801593780518 0.2578916847705841
4229 0.9575631618499756 -0.09503622353076935 0.283508837223053
4230 0.7885605096817017 -0.08411218971014023 0.2868654131889343
4231 2.7858004570007324 -0.0838954821228981 0.2861752212047577
4232 4.039957523345947 0.20450744032859802 -0.2179422676563263
4233 4.034633159637451 0.020099587738513947 0.2982616722583771
4234 4.029000282287598 0.07216140627861023 0.2901148200035095
4235 2.5402419567108154 0.16585466265678406 0.24814917147159576
4236 2.0361487865448 0.2993628680706024 -0.0033603189513087273
4237 5.271847248077393 0.04274419695138931 0.2959764301776886
4238 0.7876701354980469 0.1918434202671051 -0.22914674878120422
4239 5.289370059967041 -0.08919476717710495 0.28518420457839966
4240 2.5306529998779297 -0.08404326438903809 0.2867654860019684
4241 3.9642839431762695 0.2016342133283615 -0.22045712172985077
4242 4.286500453948975 0.29833683371543884 -0.004910440184175968
4243 2.0174639225006104 0.19756455719470978 -0.22436267137527466
4244 1.2308602333068848 0.014049416407942772 0.29848620295524597
4245 3.9719271659851074 0.14762313663959503 0.2593531012535095
4246 4.285082817077637 0.15740647912025452 0.25412672758102417
4247 1.2893179655075073 0.16360467672348022 0.2502247095108032
4248 3.9727590084075928 0.29819828271865845 0.011938398703932762
4249 4.708394527435303 0.29857730865478516 -0.008802998811006546
4250 1.2914371490478516 0.2987169623374939 -0.010471112094819546
4251 4.287083625793457 0.1969223916530609 -0.2247706949710846
4252 1.2179971933364868 -0.08997593075037003 0.2849264442920685
4253 1.2171573638916016 0.14907589554786682 0.25901639461517334
4254 1.213005542755127 0.049714453518390656 0.29473090171813965
4255 4.713999271392822 0.15653862059116364 0.2536764144897461
4256 2.287252187728882 0.009744892828166485 0.29873767495155334
4257 2.2880825996398926 0.061091043055057526 0.292574942111969
4258 5.28584098815918 0.15702548623085022 0.2543501555919647
4259 4.724924564361572 0.06015747785568237 0.292642205953598
4260 1.2901331186294556 0.07902798056602478 0.2880817651748657
4261 0.27155885100364685 -0.21806220710277557 0.20409739017486572
4262 0.7796962261199951 0.07590692490339279 0.28913432359695435
4263 5.958964824676514 0.07256275415420532 0.2895927429199219
4264 5.471900463104248 0.298199862241745 0.011694082990288734
4265 2.0424649715423584 0.05325981602072716 0.2938383221626282
4266 2.7831037044525146 0.05878026783466339 0.29308250546455383
4267 2.7851593494415283 0.16947326064109802 -0.2466593086719513
4268 5.963305473327637 0.004654232878237963 0.29888343811035156
4269 5.784210681915283 0.011369305662810802 0.29861214756965637
4270 2.961305618286133 0.2988269031047821 0.0012340922839939594
4271 5.4575605392456055 0.19599549472332 -0.22568704187870026
4272 5.275547504425049 0.19802261888980865 -0.2236371636390686
4273 3.0280497074127197 0.011438566260039806 0.29867446422576904
4274 3.210834503173828 0.005343714728951454 0.2981283664703369
4275 3.222304582595825 0.05793256312608719 0.29310843348503113
4276 3.216451644897461 -0.08283595740795135 0.2869567573070526
4277 2.7092502117156982 0.20517496764659882 -0.21733877062797546
4278 0.9607256650924683 0.01111952867358923 0.2987261712551117
4279 3.2047371864318848 0.29808440804481506 0.0255495123565197
4280 3.030322313308716 0.1939426213502884 -0.2274375557899475
4281 0.46024173498153687 0.061756499111652374 0.29287585616111755
4282 5.037609100341797 0.20046740770339966 -0.22154748439788818
4283 5.221503257751465 0.18386739492416382 -0.23537766933441162
4284 1.5378879308700562 0.15545113384723663 0.2553286850452423
4285 1.7216347455978394 -0.11702039837837219 0.275056391954422
4286 5.034757614135742 0.01372695155441761 0.2985225021839142
4287 3.02884840965271 0.16264492273330688 0.2508077323436737
4288 0.281840980052948 0.06345029920339584 0.29182904958724976
4289 2.285600423812866 0.19539909064769745 -0.22577348351478577
4290 0.4624182879924774 0.010768815875053406 0.29865798354148865
4291 3.2751381397247314 -0.21101228892803192 0.2117215394973755
4292 3.035919427871704 -0.2155635952949524 0.20691177248954773
4293 3.0249595642089844 0.0561322346329689 0.2933095097541809
4294 5.537483215332031 0.19738900661468506 -0.2244785726070404
4295 0.28452080488204956 0.1606256663799286 0.25207704305648804
4296 0.27723318338394165 -0.08883226662874222 0.2851909101009369
4297 5.710004806518555 0.19371061027050018 -0.22743627429008484
4298 5.03586483001709 -0.08498843759298325 0.2865567207336426
4299 2.5358211994171143 0.075654998421669 0.2886238992214203
4300 1.5338306427001953 0.29876282811164856 0.0026439852081239223
4301 5.960146427154541 -0.09087280184030533 0.2848489582538605
4302 2.530592679977417 0.006205271929502487 0.29867759346961975
4303 5.040013790130615 0.17004463076591492 0.24561162292957306
4304 5.032864093780518 0.0565311536192894 0.29312726855278015
4305 3.462221384048462 0.1405676305294037 0.26429399847984314
4306 5.4634175300598145 -0.09662849456071854 0.2828538417816162
4307 1.7159150838851929 0.29885223507881165 -0.0005049171159043908
4308 5.221117973327637 0.005177964456379414 0.2983739674091339
4309 1.5488814115524292 0.0117284394800663 0.2989300787448883
4310 2.7133848667144775 -0.1024073138833046 0.2806730568408966
4311 5.963244438171387 0.2984515130519867 0.016011890023946762
4312 0.2844754457473755 0.19345924258232117 -0.22786450386047363
4313 0.4588164687156677 0.2064758986234665 -0.2160816490650177
4314 5.526744365692139 0.2984573543071747 -0.010389762930572033
4315 5.460442543029785 0.025403082370758057 0.29719656705856323
4316 2.4659323692321777 0.15191173553466797 0.2574796974658966
4317 4.785953521728516 -0.08517610281705856 0.2861783802509308
4318 0.7129800319671631 -0.21904072165489197 0.2023237943649292
4319 0.5402973294258118 -0.21536552906036377 0.20715928077697754
4320 2.4622914791107178 0.29877397418022156 0.009383020922541618
4321 0.7081380486488342 -0.11138986051082611 0.2770950496196747
4322 3.7133631706237793 0.20259255170822144 -0.21982452273368835
4323 4.95577335357666 -0.008514294400811195 0.29917898774147034
4324 1.2153100967407227 0.2988218069076538 0.00708492286503315
4325 4.779917240142822 0.06271015852689743 0.2922685146331787
4326 5.96325159072876 0.20160554349422455 -0.2207808494567871
4327 1.532956600189209 0.19370587170124054 -0.22745706140995026
4328 5.783562183380127 0.2002633959054947 -0.22154562175273895
4329 5.715869426727295 0.15195783972740173 0.25744369626045227
4330 5.281828880310059 0.2987395226955414 -0.005279210861772299
4331 3.5341765880584717 0.05844232439994812 0.29354339838027954
4332 3.2830452919006348 0.1944228559732437 -0.2270396500825882
4333 4.455129623413086 0.053709421306848526 0.29404377937316895
4334 3.531682014465332 -0.21548403799533844 0.20714902877807617
4335 0.5383797287940979 0.014245744794607162 0.2985227108001709
4336 0.5413840413093567 -0.08141574263572693 0.28753572702407837
4337 4.787106037139893 0.19642387330532074 -0.2252977043390274
4338 3.709012269973755 0.14825452864170074 0.2595130205154419
4339 5.720221519470215 0.05538496375083923 0.2937730848789215
4340 3.54353928565979 0.14991573989391327 0.2582162320613861
4341 4.787986755371094 0.298857182264328 -0.0041017537005245686
4342 3.5269851684570312 -0.08731652051210403 0.2856627106666565
4343 0.7299238443374634 0.050053805112838745 0.2941368818283081
4344 3.7125096321105957 -0.1032567173242569 0.2803400456905365
4345 5.536159038543701 0.016964759677648544 0.2984258532524109
4346 5.541481971740723 -0.08563369512557983 0.28621017932891846
4347 5.713918209075928 -0.09110996127128601 0.2846730947494507
4348 4.965152263641357 0.15336546301841736 0.2565194368362427
4349 0.7190505862236023 0.2988682985305786 0.012659663334488869
4350 4.468164443969727 0.15490424633026123 0.25567904114723206
4351 0.5403072834014893 0.29840055108070374 -0.020360231399536133
4352 0.5332748293876648 0.19520986080169678 -0.22635667026042938
4353 0.536214292049408 0.0575409010052681 0.29314160346984863
4354 5.537559509277344 -0.21342319250106812 0.20926205813884735
4355 3.2816736698150635 0.29879769682884216 -0.015527252107858658
4356 4.958403587341309 -0.11800338327884674 0.2746967673301697
4357 3.4577367305755615 0.04527030140161514 0.2961732745170593
4358 0.7148813605308533 0.2002699077129364 -0.22097022831439972
4359 3.7119829654693604 0.013315391726791859 0.2986353039741516
4360 4.977682590484619 0.2986680865287781 -0.00356636056676507
4361 5.537581443786621 0.06410598754882812 0.2917572259902954
4362 3.5253987312316895 0.29877880215644836 -0.009159049950540066
4363 0.27673572301864624 0.018791919574141502 0.2983274459838867
4364 3.466604232788086 0.20484985411167145 -0.21768228709697723
4365 3.5372824668884277 0.19908173382282257 -0.22208787500858307
4366 5.541234493255615 0.1693677455186844 0.24707280099391937
4367 2.459963321685791 0.21553705632686615 -0.20744282007217407
4368 4.459972381591797 0.014167554676532745 0.2983885705471039
4369 3.4727962017059326 0.29834282398223877 0.005657467059791088
4370 2.7145328521728516 0.2987138032913208 0.010078683495521545
4371 3.0372579097747803 0.2988261282444 -0.007119929883629084
4372 3.2171361446380615 0.16502238810062408 0.24851256608963013
4373 3.0374791622161865 -0.08546672761440277 0.2860357165336609
4374 5.963061809539795 0.1549404263496399 0.2555442750453949
4375 5.712835311889648 0.29880908131599426 0.008592575788497925
4376 5.787742614746094 0.29888179898262024 -0.0029188808985054493
4377 1.7027140855789185 0.0653277114033699 0.2915855348110199
4378 4.4642205238342285 0.20830519497394562 -0.21413934230804443
4379 0.9745033383369446 0.06048271805047989 0.2927725315093994
4380 2.7848598957061768 0.010937370359897614 0.2986806631088257
4381 2.778635263442993 0.15385380387306213 0.2562275826931
4382 2.7925829887390137 0.29888206720352173 -0.0036069022025913
4383 2.972133159637451 0.06802614033222198 0.29084262251853943
4384 2.9656283855438232 -0.08613494783639908 0.28616568446159363
4385 1.7137359380722046 0.1444866806268692 0.26207882165908813
4386 1.2723174095153809 -0.21240830421447754 0.21030935645103455
4387 1.299974799156189 -0.09411533921957016 0.28349414467811584
4388 0.8044625520706177 0.14823879301548004 0.25983357429504395
4389 2.5380699634552 0.2988666296005249 -0.003371603786945343
4390 1.288585901260376 0.17665092647075653 -0.2415437400341034
4391 5.209929466247559 0.1351817101240158 0.266825407743454
4392 3.285203695297241 0.02512018010020256 0.29773133993148804
4393 1.2139954566955566 0.20595449209213257 -0.21571283042430878
4394 0.45824670791625977 0.2988934814929962 0.005191950127482414
4395 0.47509804368019104 0.1613159477710724 0.2513875663280487
4396 4.711001396179199 -0.21222566068172455 0.20885127782821655
4397 4.713341236114502 -0.07880906760692596 0.28810518980026245
4398 4.7188639640808105 0.008790838532149792 0.29805606603622437
4399 2.2864980697631836 0.29890069365501404 -0.0013046360109001398
4400 2.2866299152374268 -0.07877639681100845 0.28785112500190735
4401 1.7139273881912231 0.20575781166553497 -0.21630994975566864
4402 4.289388656616211 0.0719381719827652 0.28996706008911133
4403 5.20774507522583 0.2974000871181488 0.020482031628489494
4404 2.0322091579437256 -0.1708790361881256 0.24604681134223938
4405 5.289231777191162 -0.14058130979537964 -0.26361513137817383
4406 1.984809160232544 -0.13714928925037384 -0.2651767134666443
4407 4.296400547027588 -0.13462570309638977 -0.26675477623939514
4408 0.9610731601715088 -0.12530910968780518 -0.27137646079063416
4409 0.7747668623924255 -0.17770500481128693 0.2404128611087799
4410 2.961761951446533 -0.17953257262706757 0.2386557161808014
4411 5.7853569984436035 -0.18107929825782776 0.23788151144981384
4412 4.043903827667236 -0.16613101959228516 0.24844390153884888
4413 0.9618993401527405 -0.18194541335105896 0.2371877133846283
4414 2.9678215980529785 -0.2687907814979553 0.13169007003307343
4415 2.289207696914673 -0.1762256920337677 0.24130290746688843
4416 2.534137010574341 -0.14940145611763 -0.2580203413963318
4417 4.282103061676025 -0.17559997737407684 0.24176745116710663
4418 4.709436416625977 -0.18337401747703552 0.23589715361595154
4419 2.7169318199157715 -0.27284160256385803 0.12065131962299347
4420 5.289311408996582 -0.17825599014759064 0.23997028172016144
4421 2.773658275604248 -0.17793536186218262 0.24015837907791138
4422 2.9642691612243652 -0.13962122797966003 -0.26416218280792236
4423 3.0372097492218018 -0.17392101883888245 0.24372489750385284
4424 0.5257344841957092 -0.27474096417427063 0.1167650818824768
4425 3.209362030029297 -0.12622356414794922 -0.2709242105484009
4426 5.219776630401611 -0.1276279091835022 -0.2703040540218353
4427 0.2853652536869049 -0.2719818651676178 0.12331311404705048
4428 1.7078369855880737 -0.18973837792873383 0.23005571961402893
4429 5.714069843292236 -0.13030393421649933 -0.26904281973838806
4430 3.2823822498321533 -0.17863591015338898 0.23955079913139343
4431 5.783080577850342 -0.27094903588294983 0.12623494863510132
4432 4.962050914764404 -0.18953447043895721 0.23028118908405304
4433 5.961094379425049 -0.18282577395439148 0.2357005625963211
4434 4.782412052154541 -0.2714802920818329 0.12429355084896088
4435 5.209963321685791 -0.19183099269866943 0.22975869476795197
4436 5.523664474487305 -0.2722483277320862 0.12291188538074493
4437 2.5200014114379883 -0.27513837814331055 0.11587076634168625
4438 0.4632001519203186 -0.12909433245658875 -0.2696026861667633
4439 4.471179485321045 -0.1805688887834549 0.23820336163043976
4440 3.71567702293396 -0.13338463008403778 -0.26753249764442444
4441 0.7218496799468994 -0.1834358274936676 0.23557892441749573
4442 0.5367283821105957 -0.18206581473350525 0.23684154450893402
4443 4.964043617248535 -0.13287506997585297 -0.2677110731601715
4444 0.2874671220779419 -0.16822205483913422 0.24654240906238556
4445 3.9611947536468506 -0.2784365713596344 0.10678941011428833
4446 0.7152427434921265 -0.12564100325107574 -0.2711987793445587
4447 3.4587132930755615 -0.12810984253883362 -0.27011537551879883
4448 5.519589424133301 -0.17900149524211884 0.23902708292007446
4449 3.5394535064697266 -0.2722841203212738 0.12256896495819092
4450 3.7222206592559814 -0.2746625244617462 0.11662758886814117
4451 3.5225260257720947 -0.18076203763484955 0.23785921931266785
4452 3.9655632972717285 -0.18402324616909027 0.23560437560081482
4453 2.717313051223755 -0.18069495260715485 0.23768462240695953
4454 0.4565112292766571 -0.18809707462787628 0.2314445823431015
4455 2.464482545852661 -0.13262519240379333 -0.26785939931869507
4456 5.036764621734619 -0.13463003933429718 -0.26688000559806824
4457 1.7275713682174683 -0.27640554308891296 0.1123487576842308
4458 2.522651195526123 -0.18162114918231964 0.23748235404491425
4459 5.042892932891846 -0.17600232362747192 0.24159152805805206
4460 1.286277174949646 -0.17426720261573792 0.2428910881280899
4461 1.5381108522415161 -0.18155908584594727 0.2370118796825409
4462 4.78510856628418 -0.17368794977664948 0.24380630254745483
4463 5.534053325653076 -0.13465926051139832 -0.26687970757484436
4464 1.707968831062317 -0.13199852406978607 -0.2680548429489136
4465 3.4613912105560303 -0.27326008677482605 0.12195888161659241
4466 2.025111675262451 -0.26881536841392517 0.13208916783332825
4467 2.7130215167999268 -0.2744491398334503 -0.11811288446187973
4468 1.9629355669021606 -0.27053555846214294 -0.12721134722232819
4469 4.041431903839111 -0.26728910207748413 0.1328020989894867
4470 1.9627056121826172 -0.298358678817749 0.01783212460577488
4471 1.9767400026321411 0.027772273868322372 -0.2971533536911011
4472 1.9728260040283203 -0.2701822817325592 0.12776629626750946
4473 1.207348108291626 -0.10835245996713638 -0.2785414159297943
4474 2.788275718688965 -0.2969416379928589 0.028285881504416466
4475 1.2193896770477295 -0.2711126506328583 0.12536023557186127
4476 0.7759419083595276 0.012894940562546253 -0.2986011505126953
4477 2.972147226333618 -0.29769402742385864 0.023534489795565605
4478 4.024188041687012 -0.29684093594551086 0.035104863345623016
4479 0.78680819272995 -0.29738807678222656 0.030540980398654938
4480 4.462315559387207 -0.2731696665287018 -0.12140125036239624
4481 2.285137414932251 -0.272745281457901 -0.12227797508239746
4482 2.02339768409729 -0.0005037803784944117 -0.2989012897014618
4483 0.7857857346534729 -0.1456245332956314 -0.2609693706035614
4484 5.287443161010742 -0.2723384499549866 0.12325089424848557
4485 0.9580482244491577 0.0033404389396309853 -0.29861530661582947
4486 4.03671407699585 -0.14788931608200073 -0.260173499584198
4487 2.0357699394226074 -0.29552093148231506 0.04664412513375282
4488 4.025910377502441 -0.27807527780532837 -0.10965138673782349
4489 0.7858681082725525 -0.2714982330799103 -0.1250961273908615
4490 4.714585781097412 -0.29810091853141785 0.02063814364373684
4491 4.719507217407227 -0.27055594325065613 -0.12642203271389008
4492 1.28404700756073 -0.13674746453762054 -0.2658512592315674
4493 5.788094520568848 -0.2715945839881897 -0.12455820292234421
4494 4.727902412414551 -0.2769128978252411 0.11234553158283234
4495 1.213111400604248 -0.2691042423248291 -0.1285422146320343
4496 2.286763906478882 -0.2724146842956543 0.12304645031690598
4497 0.9639855623245239 -0.27589380741119385 0.11513280868530273
4498 5.524864196777344 -0.2707765996456146 -0.12678024172782898
4499 2.787891149520874 0.010159255936741829 -0.29870790243148804
4500 5.774214267730713 -0.2975580096244812 0.02774229273200035
4501 2.960263967514038 0.019316889345645905 -0.2976556122303009
4502 2.7847237586975098 -0.13316184282302856 -0.2672949731349945
4503 3.0291855335235596 -0.29763031005859375 0.02760586142539978
4504 0.2922555208206177 -0.29694560170173645 0.0324576273560524
4505 3.027224540710449 -0.13742458820343018 -0.26552167534828186
4506 3.0390143394470215 0.0025015566498041153 -0.2988443672657013
4507 5.473465919494629 -0.27256906032562256 -0.12203553318977356
4508 5.283888339996338 -0.27060914039611816 -0.1265367865562439
4509 3.4663100242614746 -0.29927903413772583 0.006624623667448759
4510 5.210464000701904 -0.27259257435798645 -0.1224542036652565
4511 5.7114949226379395 -0.26974722743034363 -0.128824383020401
4512 1.534393072128296 -0.2708781063556671 -0.12588675320148468
4513 4.9510393142700195 -0.29726970195770264 0.02928612008690834
4514 5.958568572998047 -0.27283602952957153 0.12211880087852478
4515 4.792695999145508 -0.29801565408706665 0.01159332599490881
4516 2.984229326248169 -0.2733666002750397 -0.12003316730260849
4517 3.222689628601074 -0.298599511384964 0.01117823738604784
4518 4.966784477233887 -0.27640923857688904 0.11378439515829086
4519 5.963641166687012 -0.2766157388687134 -0.11179301142692566
4520 1.71268892288208 0.012729739770293236 -0.2985765337944031
4521 3.2144956588745117 -0.26928988099098206 -0.1278955638408661
4522 5.032951831817627 -0.29748770594596863 0.02896643988788128
4523 5.209853649139404 -0.2737165689468384 0.1201731413602829
4524 5.963360786437988 0.02102787420153618 -0.2981942296028137
4525 0.4630874693393707 -0.2691809833049774 -0.12996643781661987
4526 0.706068217754364 -0.2985851466655731 0.01226506382226944
4527 3.71663498878479 -0.271074116230011 -0.1258758306503296
4528 0.5367260575294495 -0.2978205978870392 0.02358432114124298
4529 0.2830314338207245 -0.13863879442214966 -0.2648354768753052
4530 3.5374584197998047 -0.14251233637332916 -0.26272276043891907
4531 3.216762065887451 -0.27916669845581055 0.10778667777776718
4532 3.967963218688965 -0.2678762376308441 -0.13145606219768524
4533 3.5332884788513184 0.011612853035330772 -0.29865583777427673
4534 4.786678791046143 0.0074553051963448524 -0.2988261580467224
4535 0.46972033381462097 -0.27353957295417786 0.12066467106342316
4536 5.035343170166016 0.01145443506538868 -0.29870593547821045
4537 0.9645289778709412 -0.27124524116516113 -0.1256551444530487
4538 3.2071380615234375 0.024955077096819878 -0.2972300946712494
4539 3.280822277069092 -0.29748818278312683 0.026853960007429123
4540 5.207549095153809 0.005122488364577293 -0.29876652359962463
4541 0.7109649181365967 -0.2629169225692749 -0.14282187819480896
4542 2.283548593521118 0.00882621668279171 -0.298752099275589
4543 3.2849514484405518 -0.14227290451526642 -0.2628896236419678
4544 3.2828009128570557 0.003138530533760786 -0.29884523153305054
4545 5.471343040466309 -0.27254682779312134 0.12269650399684906
4546 3.97100567817688 -0.29873842000961304 0.0032476522028446198
4547 0.5424494743347168 -0.13323095440864563 -0.2675471007823944
4548 3.2860679626464844 -0.27612102031707764 -0.1145162433385849
4549 2.7166247367858887 -0.2984752655029297 0.015795186161994934
4550 3.715182304382324 -0.2980068624019623 0.023871732875704765
4551 2.4502673149108887 0.025028232485055923 -0.29785919189453125
4552 2.468398094177246 -0.2678925395011902 -0.13253024220466614
4553 5.534176349639893 0.009918693453073502 -0.29878172278404236
4554 4.958278656005859 0.007818508893251419 -0.29873132705688477
4555 2.774813175201416 -0.27320632338523865 -0.12099133431911469
4556 0.4630346894264221 -0.29807910323143005 0.00946056842803955
4557 3.706467390060425 0.019945340231060982 -0.2978343665599823
4558 4.785672664642334 -0.1461716890335083 -0.260661244392395
4559 4.780313491821289 -0.2778516411781311 -0.11170390993356705
4560 4.968995571136475 -0.26966896653175354 -0.12900368869304657
4561 5.722491264343262 -0.2773214280605316 0.11148182302713394
4562 5.219732761383057 -0.2983572781085968 0.018810108304023743
4563 5.28700065612793 0.00990237481892109 -0.29874056577682495
4564 5.961944580078125 -0.12646669149398804 -0.270182341337204
4565 2.7124838829040527 0.014554589986801147 -0.2984760105609894
4566 4.454474925994873 -0.27105018496513367 0.1257411390542984
4567 5.781722545623779 0.012600217014551163 -0.2986692190170288
4568 5.037080764770508 -0.27543124556541443 0.11618788540363312
4569 3.974527597427368 0.011284919455647469 -0.29855644702911377
4570 1.7161831855773926 -0.29836803674697876 0.01855216547846794
4571 0.4691796898841858 0.018663674592971802 -0.29834190011024475
4572 4.287656784057617 0.019065609201788902 -0.29794442653656006
4573 4.461745738983154 -0.12155437469482422 -0.2723635733127594
4574 0.2832266688346863 0.0034143407829105854 -0.29889151453971863
4575 2.0374975204467773 -0.2716136574745178 -0.12482574582099915
4576 1.2842457294464111 -0.2974194586277008 0.036607563495635986
4577 5.465128421783447 -0.29625052213668823 0.03740045055747032
4578 2.2869279384613037 -0.29690030217170715 0.03227253630757332
4579 4.2905426025390625 -0.2965947687625885 0.0350019633769989
4580 5.729620933532715 -0.29812607169151306 0.01507592387497425
4581 5.541962146759033 -0.2980937063694 0.00947598647326231
4582 4.028216361999512 0.012264568358659744 -0.29862457513809204
4583 1.5341259241104126 0.01479397527873516 -0.29788315296173096
4584 4.709082126617432 -0.12271587550640106 -0.2718031406402588
4585 1.2146822214126587 0.01577392779290676 -0.298489511013031
4586 1.5344630479812622 -0.27125176787376404 0.1255721002817154
4587 1.2845385074615479 -0.2766367197036743 -0.11319223046302795
4588 2.5308444499969482 0.01063389703631401 -0.2987065613269806
4589 1.724835753440857 -0.2742672264575958 -0.11831862479448318
4590 2.5303122997283936 -0.2977434992790222 0.02587781846523285
4591 0.7135924696922302 -0.29582318663597107 -0.044919904321432114
4592 5.462739944458008 0.26631471514701843 -0.13565798103809357
4593 4.959968090057373 -0.026055945083498955 -0.2970752418041229
4594 5.277742385864258 0.26330357789993286 -0.1414230912923813
4595 2.965914726257324 0.2557666301727295 0.1546560376882553
4596 0.4663161039352417 -0.08105634897947311 -0.28774482011795044
4597 4.461430072784424 -0.29641392827033997 -0.03473504260182381
4598 1.97037672996521 0.10684807598590851 -0.2790656089782715
4599 2.540689706802368 -0.292668879032135 -0.05858544260263443
4600 2.0191900730133057 0.09749223291873932 -0.28199297189712524
4601 1.9538899660110474 -0.07439526915550232 -0.28944867849349976
4602 1.9646599292755127 -0.21145564317703247 -0.21110224723815918
4603 2.713852882385254 -0.2157643884420395 -0.20688770711421967
4604 2.709618091583252 -0.24155133962631226 -0.17529098689556122
4605 4.28987979888916 -0.2199958860874176 -0.20224282145500183
4606 5.5363664627075195 -0.08905891329050064 -0.2847418487071991
4607 1.9652652740478516 -0.2974562346935272 -0.029688486829400063
4608 3.293044328689575 -0.07662573456764221 -0.28853896260261536
4609 1.9647350311279297 -0.28811317682266235 -0.07967253029346466
4610 0.966153085231781 -0.2024385780096054 -0.2204577922821045
4611 0.9674693942070007 -0.04043218120932579 -0.2962074875831604
4612 2.53135347366333 0.15737083554267883 -0.254037469625473
4613 2.274729013442993 0.22977256774902344 0.19134868681430817
4614 3.964700222015381 -0.02678290195763111 -0.29717397689819336
4615 1.9637324810028076 -0.24487045407295227 -0.17149430513381958
4616 5.787954807281494 -0.29756858944892883 -0.025178395211696625
4617 0.9645034074783325 0.2613658308982849 0.14505377411842346
4618 4.968286037445068 0.26472631096839905 -0.13890519738197327
4619 2.527974843978882 0.2738896608352661 0.12091183662414551
4620 3.972947835922241 0.2732338607311249 0.12188859283924103
4621 2.2863526344299316 0.15274588763713837 -0.25640416145324707
4622 2.285257339477539 0.10818719118833542 -0.27859359979629517
4623 1.5364439487457275 -0.2956610918045044 -0.045946307480335236
4624 0.9638288021087646 -0.08584877848625183 -0.2863578796386719
4625 3.2158312797546387 0.2614993453025818 -0.14481163024902344
4626 5.955418586730957 0.26357176899909973 0.14086118340492249
4627 5.2803192138671875 0.2640034854412079 0.13920433819293976
4628 4.965339183807373 0.25718939304351807 0.152366042137146
4629 1.96902334690094 0.26782289147377014 -0.13442613184452057
4630 3.035264492034912 0.11405717581510544 -0.2760860323905945
4631 0.7896654009819031 -0.049584727734327316 -0.2947086691856384
4632 0.7845975756645203 -0.24914796650409698 -0.16520987451076508
4633 3.209162950515747 0.2619065046310425 0.14362773299217224
4634 0.9665238261222839 -0.24366463720798492 -0.17317456007003784
4635 0.789861798286438 -0.29852038621902466 -0.015288691967725754
4636 4.035646438598633 -0.09707582741975784 -0.28269416093826294
4637 2.536123037338257 -0.08473572880029678 -0.2866266071796417
4638 1.2246445417404175 0.27771979570388794 0.10909843444824219
4639 4.021008014678955 -0.22177843749523163 -0.20041823387145996
4640 3.033266544342041 -0.09915687143802643 -0.2819516956806183
4641 1.2101305723190308 0.13758103549480438 -0.2653003931045532
4642 0.4648241400718689 0.261106938123703 0.14536945521831512
4643 5.031929016113281 -0.2188892364501953 -0.20351143181324005
4644 3.4606552124023438 0.26208722591400146 -0.14372433722019196
4645 3.2756290435791016 0.25973790884017944 -0.14735323190689087
4646 4.710806846618652 0.10654688626527786 -0.27916938066482544
4647 1.2742854356765747 -0.24466165900230408 -0.17128214240074158
4648 4.709506511688232 -0.29635366797447205 -0.03356591984629631
4649 0.9540075659751892 0.23260876536369324 0.18783830106258392
4650 1.2870333194732666 -0.09145994484424591 -0.28461337089538574
4651 1.2808796167373657 -0.2195407748222351 -0.20293915271759033
4652 5.963702201843262 0.2605757713317871 -0.14663642644882202
4653 4.708590507507324 -0.011399460956454277 -0.29866451025009155
4654 0.7185044884681702 0.2627101540565491 -0.1422700732946396
4655 0.7824020385742188 0.2839733064174652 0.09348266571760178
4656 1.2916964292526245 -0.05056699737906456 -0.29456663131713867
4657 5.534061431884766 0.10909052193164825 -0.27829211950302124
4658 5.533939361572266 -0.29583269357681274 -0.04402240365743637
4659 4.781944274902344 0.2621656060218811 -0.14450418949127197
4660 2.7925164699554443 -0.22528299689292908 -0.196347177028656
4661 3.7185378074645996 0.2571384012699127 0.15242427587509155
4662 5.537409782409668 -0.25297781825065613 -0.15891344845294952
4663 1.2881795167922974 0.09798981249332428 -0.28233420848846436
4664 3.718261241912842 0.264617919921875 -0.13906750082969666
4665 4.711872577667236 0.2382209450006485 0.18001164495944977
4666 0.7882614135742188 -0.22430658340454102 -0.19754469394683838
4667 5.712893486022949 0.2650027275085449 -0.13832403719425201
4668 2.5318305492401123 -0.03879350423812866 -0.2966868281364441
4669 3.0346322059631348 -0.03236832469701767 -0.29696691036224365
4670 4.451244354248047 0.10608724504709244 -0.2792224884033203
4671 0.9589217305183411 -0.2868303954601288 -0.08379325270652771
4672 0.9751669764518738 0.26215726137161255 -0.1436706930398941
4673 5.222344875335693 0.2571289539337158 -0.15196333825588226
4674 2.527480363845825 -0.22159089148044586 -0.20061472058296204
4675 3.2154734134674072 -0.03889019787311554 -0.29627901315689087
4676 2.70493221282959 -0.04452523961663246 -0.2961018979549408
4677 3.029355049133301 0.25544995069503784 -0.15456721186637878
4678 3.965113401412964 0.2665896713733673 -0.13669350743293762
4679 4.031782627105713 0.28283125162124634 0.09683796763420105
4680 2.276763916015625 -0.287749320268631 -0.08023965358734131
4681 4.462961673736572 -0.289328932762146 -0.07514414191246033
4682 2.2873711585998535 -0.24759916961193085 -0.16683070361614227
4683 2.7166337966918945 0.2565954029560089 0.15333442389965057
4684 2.0396933555603027 -0.2483433187007904 -0.16641128063201904
4685 1.289913296699524 0.2651958167552948 -0.13890188932418823
4686 2.707435369491577 0.10919717699289322 -0.2781403064727783
4687 2.539107084274292 0.2260792851448059 0.1955106407403946
4688 2.9720444679260254 0.22094814479351044 0.20191967487335205
4689 3.9655141830444336 0.11368885636329651 -0.27643048763275146
4690 1.2136781215667725 0.26166316866874695 -0.14417284727096558
4691 1.537814736366272 0.26214712858200073 0.14250949025154114
4692 5.4594035148620605 0.15934258699417114 -0.2529163956642151
4693 4.715008735656738 0.2561219334602356 0.15413227677345276
4694 4.46879243850708 -0.08028607070446014 -0.2879244387149811
4695 2.9643778800964355 -0.21331936120986938 -0.20937833189964294
4696 3.2156426906585693 0.10968945920467377 -0.2778976261615753
4697 5.465738773345947 -0.029605891555547714 -0.29747310280799866
4698 5.535958290100098 0.26398807764053345 0.13963709771633148
4699 5.456748962402344 -0.0765761286020279 -0.28889286518096924
4700 0.2920215129852295 0.25740107893943787 -0.15117618441581726
4701 5.2164626121521 0.11647950112819672 -0.27527719736099243
4702 5.461088180541992 -0.2237529158592224 -0.1986953318119049
4703 3.215010404586792 -0.08192816376686096 -0.28747665882110596
4704 3.5377414226531982 0.15685752034187317 -0.25412455201148987
4705 5.962828159332275 -0.24275781214237213 -0.17442196607589722
4706 3.0295252799987793 -0.2634555697441101 -0.14196735620498657
4707 3.2152788639068604 -0.21940872073173523 -0.2026774138212204
4708 3.0385241508483887 -0.29449737071990967 -0.05250423774123192
4709 3.206193447113037 -0.28814229369163513 -0.07869146764278412
4710 5.225230693817139 0.2734517455101013 0.12011415511369705
4711 5.21588134765625 -0.03598232567310333 -0.2966689467430115
4712 2.7196009159088135 0.2330048382282257 0.18717701733112335
4713 3.5357346534729004 0.25829729437828064 -0.14957475662231445
4714 5.77302885055542 -0.032774847000837326 -0.29715830087661743
4715 5.72044038772583 -0.043128374963998795 -0.2955719232559204
4716 1.5386513471603394 -0.08078554272651672 -0.2873966097831726
4717 5.2914719581604 -0.2962339222431183 -0.0428573340177536
4718 5.286027908325195 -0.04679744690656662 -0.2957547903060913
4719 5.714954853057861 -0.2117266207933426 -0.21004422008991241
4720 5.219149589538574 -0.08735152333974838 -0.2855275571346283
4721 5.459007740020752 -0.2869188189506531 -0.08385021984577179
4722 2.7847747802734375 -0.2976160943508148 -0.024167394265532494
4723 2.957387924194336 -0.2412775158882141 -0.17640145123004913
4724 4.462136268615723 -0.24924884736537933 -0.16497567296028137
4725 0.4638708233833313 0.28343665599823 0.09583130478858948
4726 5.210115432739258 0.23306001722812653 0.1871136724948883
4727 0.46661701798439026 0.23754547536373138 0.18099670112133026
4728 0.46952834725379944 0.10933998972177505 -0.27812284231185913
4729 5.788891792297363 -0.11604735255241394 -0.2757886052131653
4730 2.7844796180725098 -0.2506101727485657 -0.16298991441726685
4731 2.9664947986602783 -0.28658580780029297 -0.08246410638093948
4732 2.9714577198028564 0.26687225699424744 -0.13459064066410065
4733 2.7831735610961914 -0.10190516710281372 -0.28026142716407776
4734 3.4658749103546143 0.28490349650382996 0.0918736681342125
4735 0.28447631001472473 -0.2535153329372406 -0.158443421125412
4736 2.7173562049865723 0.26431241631507874 -0.13966971635818481
4737 4.962506294250488 -0.2960013449192047 -0.04108276963233948
4738 0.46556174755096436 -0.24264177680015564 -0.1745779812335968
4739 2.963693380355835 -0.2971859574317932 -0.0298013836145401
4740 4.9659857749938965 -0.2873154580593109 -0.08251959085464478
4741 0.28354817628860474 -0.2896575331687927 -0.07392950356006622
4742 5.786693572998047 0.2580958902835846 -0.14990174770355225
4743 4.966139793395996 -0.2490769475698471 -0.16496799886226654
4744 5.037947654724121 0.1188686192035675 -0.27477434277534485
4745 3.721583366394043 0.11938201636075974 -0.27347704768180847
4746 1.222362995147705 -0.2514382302761078 -0.16094057261943817
4747 3.967717170715332 -0.10560349375009537 -0.27945947647094727
4748 2.286766529083252 -0.21362783014774323 -0.2081131488084793
4749 2.0417275428771973 -0.28677329421043396 -0.0838811993598938
4750 0.954116940498352 0.16747838258743286 -0.24751926958560944
4751 1.5417683124542236 -0.22293521463871002 -0.1985933482646942
4752 5.047013282775879 0.2628031075000763 0.1423376053571701
4753 3.7077667713165283 0.2772911489009857 0.1102910041809082
4754 3.7153215408325195 -0.29739025235176086 -0.024369481950998306
4755 3.5467000007629395 -0.2947896718978882 -0.05088874325156212
4756 2.708139657974243 -0.09193240851163864 -0.2839868664741516
4757 2.283005952835083 -0.043161541223526 -0.2957422733306885
4758 2.787954330444336 0.1171213835477829 -0.2757227420806885
4759 3.708738088607788 -0.09685984998941422 -0.2826392948627472
4760 5.536823749542236 -0.037886954843997955 -0.29647234082221985
4761 5.283938884735107 -0.2509034276008606 -0.16247782111167908
4762 0.7108092308044434 0.1135823130607605 -0.27650222182273865
4763 4.782010078430176 0.2741449475288391 0.11912302672863007
4764 4.286278247833252 0.2322058081626892 0.1881963461637497
4765 4.970824718475342 0.22748059034347534 0.19394850730895996
4766 3.216038227081299 -0.2453167736530304 -0.17079898715019226
4767 2.7818098068237305 -0.2897026538848877 -0.0750044733285904
4768 0.7216048836708069 -0.010703150182962418 -0.2986447215080261
4769 0.7126084566116333 0.15841266512870789 -0.2533796429634094
4770 5.960818767547607 0.11652755737304688 -0.27535685896873474
4771 2.4700348377227783 0.11356469988822937 -0.2766091823577881
4772 3.468055009841919 -0.20065747201442719 -0.22213387489318848
4773 3.5483670234680176 0.26254284381866455 0.14147897064685822
4774 0.5482111573219299 -0.030876120552420616 -0.2972937822341919
4775 5.959595680236816 -0.2129220962524414 -0.20994073152542114
4776 0.7141843438148499 -0.09409298747777939 -0.2834656536579132
4777 3.4635727405548096 -0.043275922536849976 -0.2956286370754242
4778 0.7136484980583191 -0.1990284025669098 -0.22348946332931519
4779 3.458312749862671 -0.24014301598072052 -0.17784668505191803
4780 0.5335653424263 -0.2916109263896942 -0.06565260887145996
4781 2.4766228199005127 -0.09712457656860352 -0.28240251541137695
4782 3.4572391510009766 0.1650317907333374 -0.2491975724697113
4783 3.464761257171631 -0.08512114733457565 -0.2865661084651947
4784 0.536302924156189 -0.29804807901382446 -0.022655904293060303
4785 5.7912492752075195 -0.2197541892528534 -0.20255450904369354
4786 3.463853359222412 -0.28283900022506714 -0.09713627398014069
4787 3.2828361988067627 -0.2904888093471527 -0.07060319185256958
4788 2.4590327739715576 0.23207055032253265 0.18833884596824646
4789 0.541397213935852 -0.2606187164783478 -0.1467357873916626
4790 3.969667434692383 -0.20978787541389465 -0.21217451989650726
4791 5.787692070007324 -0.2470385581254959 -0.16828784346580505
4792 0.7168658375740051 0.22740362584590912 0.19404250383377075
4793 1.7114704847335815 -0.2866477072238922 -0.08234953880310059
4794 5.277424335479736 -0.2220485657453537 -0.19933803379535675
4795 5.717151641845703 -0.08499912917613983 -0.2866023778915405
4796 4.785793304443359 0.10951518267393112 -0.2779291272163391
4797 5.0352630615234375 -0.03876751288771629 -0.29639577865600586
4798 4.781614780426025 -0.04293883591890335 -0.2958509027957916
4799 5.962732791900635 0.16243261098861694 -0.2509784996509552
4800 4.964016437530518 0.16560302674770355 -0.24879929423332214
4801 4.960477352142334 -0.09512942284345627 -0.28297191858291626
4802 1.216210961341858 -0.024571532383561134 -0.2972649931907654
4803 4.78351354598999 -0.08313129097223282 -0.28685906529426575
4804 3.7163290977478027 0.1620727926492691 -0.25117215514183044
4805 3.7140953540802 -0.28886932134628296 -0.07562530785799026
4806 2.462855339050293 -0.28812602162361145 -0.07952798157930374
4807 4.027606964111328 -0.2915448844432831 -0.0661790743470192
4808 5.714743137359619 0.23230622708797455 0.18813517689704895
4809 2.519965410232544 0.12052072584629059 -0.27305224537849426
4810 1.536887526512146 -0.24965716898441315 -0.1641920953989029
4811 0.2703934609889984 0.2638974189758301 0.13930614292621613
4812 3.0371253490448 0.27848950028419495 0.107081338763237
4813 3.5353407859802246 -0.03112788312137127 -0.29707199335098267
4814 0.45923903584480286 -0.28446343541145325 -0.08969815820455551
4815 3.212362289428711 0.2781105041503906 0.10826247185468674
4816 3.7195658683776855 -0.21133632957935333 -0.21143761277198792
4817 3.2899253368377686 -0.21099935472011566 -0.21162693202495575
4818 0.7887014746665955 0.11192773282527924 -0.2771340608596802
4819 4.780718803405762 -0.22135762870311737 -0.2009231299161911
4820 2.46445631980896 -0.29848384857177734 -0.022518038749694824
4821 3.7176284790039062 -0.24430879950523376 -0.17226792871952057
4822 2.032179117202759 -0.11440615355968475 -0.2765580117702484
4823 3.5429327487945557 -0.252022385597229 -0.1598547101020813
4824 2.9627039432525635 -0.03657546266913414 -0.2964547574520111
4825 2.7853729724884033 -0.03297799080610275 -0.2968882918357849
4826 1.2072227001190186 -0.29581645131111145 -0.03814578801393509
4827 2.9609761238098145 -0.07758530229330063 -0.28866538405418396
4828 3.2829506397247314 0.2899254560470581 0.07506199181079865
4829 4.776259899139404 -0.297660768032074 -0.02738485112786293
4830 4.784696578979492 -0.29106178879737854 -0.06657622009515762
4831 0.46904316544532776 -0.03130103647708893 -0.29728588461875916
4832 0.2708927392959595 -0.20881053805351257 -0.2135111391544342
4833 0.28116467595100403 -0.044944122433662415 -0.29554957151412964
4834 0.2792555093765259 -0.09262857586145401 -0.28419432044029236
4835 1.2861931324005127 -0.2902691662311554 -0.07142885029315948
4836 3.5347790718078613 0.11188258230686188 -0.27719002962112427
4837 5.709383487701416 -0.2977416217327118 -0.025602813810110092
4838 5.463456153869629 0.25444063544273376 0.15794117748737335
4839 1.5377966165542603 -0.037700846791267395 -0.29597750306129456
4840 2.45644211769104 0.2647334337234497 -0.13881921768188477
4841 0.7884247303009033 -0.2856568396091461 -0.08671414852142334
4842 2.5372610092163086 0.25963813066482544 -0.14810241758823395
4843 5.777846813201904 0.2742655575275421 0.11901647597551346
4844 4.455561637878418 0.259744793176651 -0.14779391884803772
4845 4.466526508331299 -0.2196091264486313 -0.20275017619132996
4846 5.5345377922058105 0.15551705658435822 -0.2552500069141388
4847 5.02805233001709 0.2563398480415344 -0.1530880630016327
4848 2.286379337310791 0.25674447417259216 -0.15203449130058289
4849 0.7099268436431885 0.2548292279243469 0.15614254772663116
4850 5.9646477699279785 -0.07158643007278442 -0.29069915413856506
4851 1.2797220945358276 0.28604596853256226 0.08680716156959534
4852 1.6991099119186401 0.2611168920993805 -0.14535976946353912
4853 3.046297788619995 0.2627376317977905 0.1417088359594345
4854 0.5470105409622192 0.26365724205970764 0.13998065888881683
4855 0.2790820002555847 0.28259968757629395 0.09650887548923492
4856 4.278522491455078 -0.24384936690330505 -0.17250367999076843
4857 4.289790630340576 -0.29435765743255615 -0.05348876118659973
4858 5.7143354415893555 0.15964366495609283 -0.2527223527431488
4859 5.03704309463501 -0.2979864180088043 -0.02349979802966118
4860 1.542223334312439 0.11840330064296722 -0.2750239074230194
4861 1.71151602268219 -0.032531145960092545 -0.2970575988292694
4862 5.9566330909729 -0.28908711671829224 -0.075956329703331
4863 0.2880464494228363 0.11010567843914032 -0.2776545584201813
4864 5.035240650177002 -0.08786144107580185 -0.28573840856552124
4865 5.712088584899902 -0.24545317888259888 -0.16993162035942078
4866 4.022695064544678 0.11844465881586075 -0.27419108152389526
4867 1.7117602825164795 -0.20679239928722382 -0.215718075633049
4868 4.714527606964111 -0.2500190734863281 -0.1632043570280075
4869 1.2848862409591675 -0.29826200008392334 -0.020342471078038216
4870 3.4649922847747803 0.2584366202354431 0.1501997709274292
4871 5.714160919189453 0.113579660654068 -0.27640867233276367
4872 0.46709883213043213 0.25840967893600464 -0.14985264837741852
4873 5.787445545196533 -0.28803518414497375 -0.07743612676858902
4874 5.209539890289307 -0.2854622006416321 -0.08846432715654373
4875 4.284718990325928 0.2619737386703491 0.14291322231292725
4876 5.2249650955200195 -0.2133544683456421 -0.20945581793785095
4877 5.036131858825684 0.2804562747478485 0.10268024355173111
4878 5.712759494781494 -0.28794413805007935 -0.08035613596439362
4879 0.5363038778305054 0.2800254225730896 0.10365630686283112
4880 1.2190845012664795 0.2563505470752716 0.15375761687755585
4881 5.042342185974121 -0.2909611165523529 -0.06823393702507019
4882 5.537801742553711 0.2560569643974304 -0.15335793793201447
4883 2.7898619174957275 0.24014908075332642 -0.17813414335250854
4884 3.716245174407959 0.2370358109474182 -0.18214812874794006
4885 5.537928581237793 0.28477707505226135 -0.09082698076963425
4886 1.9665828943252563 -0.17122887074947357 -0.2441631555557251
4887 2.0454859733581543 0.2266586720943451 -0.194585382938385
4888 1.964094638824463 0.18856173753738403 0.2319118082523346
4889 1.9669783115386963 0.2791386842727661 0.10703317821025848
4890 4.291566848754883 0.05466847866773605 -0.2936936914920807
4891 5.213197231292725 0.29241126775741577 0.06580030918121338
4892 5.7101521492004395 0.2937397360801697 0.05544290691614151
4893 2.0329642295837402 0.20712660253047943 0.2145300656557083
4894 0.2893978953361511 0.05522928386926651 -0.29304587841033936
4895 2.0324056148529053 0.29397153854370117 -0.05211663618683815
4896 4.290102958679199 0.22882385551929474 -0.1922236829996109
4897 5.961431980133057 0.1967550367116928 0.22505803406238556
4898 1.5333552360534668 0.2952114939689636 0.04685409739613533
4899 2.041938543319702 0.29587116837501526 0.04298575595021248
4900 1.9667152166366577 0.23735830187797546 -0.18169787526130676
4901 2.530961751937866 -0.18336987495422363 -0.23611535131931305
4902 1.209421157836914 0.1873532384634018 0.2321307510137558
4903 4.285577297210693 0.28244316577911377 0.09765627980232239
4904 2.539663076400757 0.29587894678115845 0.03910798579454422
4905 0.2947324812412262 0.29132094979286194 -0.06890605390071869
4906 4.7851786613464355 0.15547126531600952 -0.25532814860343933
4907 3.032705545425415 0.2931213974952698 -0.058690596371889114
4908 2.284405469894409 0.05940157175064087 -0.2929467558860779
4909 5.712707996368408 0.07278184592723846 -0.28952860832214355
4910 2.792975664138794 0.2952131927013397 0.04252190887928009
4911 2.29130220413208 0.2848341166973114 0.09021558612585068
4912 2.5347843170166016 0.29405930638313293 -0.053478140383958817
4913 2.9709107875823975 0.07212577760219574 -0.29008492827415466
4914 3.1988565921783447 0.22706131637096405 -0.19381336867809296
4915 5.285336017608643 0.20057342946529388 0.22148965299129486
4916 3.962524890899658 0.17019520699977875 -0.2451738864183426
4917 3.9657890796661377 0.23694080114364624 -0.1822148859500885
4918 2.0389888286590576 0.16538220643997192 -0.2486376017332077
4919 2.955381393432617 0.2267027348279953 -0.19425082206726074
4920 3.9757003784179688 0.22773633897304535 0.19280369579792023
4921 3.9658913612365723 0.20250031352043152 0.2192830592393875
4922 3.0368449687957764 -0.18194611370563507 -0.23717191815376282
4923 5.45697021484375 0.0641832947731018 -0.2917042076587677
4924 0.28063008189201355 -0.17822487652301788 -0.2399885058403015
4925 2.0397226810455322 -0.19038332998752594 -0.2302250862121582
4926 5.290936470031738 0.2944590449333191 0.054141849279403687
4927 2.709979772567749 0.2966051399707794 -0.036727242171764374
4928 3.2162299156188965 0.06859982758760452 -0.2909414768218994
4929 4.70964241027832 0.21332567930221558 -0.20911917090415955
4930 4.027895927429199 0.23803867399692535 0.18077461421489716
4931 4.033688545227051 0.29327157139778137 -0.05807395279407501
4932 1.5380078554153442 0.22352008521556854 -0.1977730542421341
4933 2.4651145935058594 0.2943940758705139 0.05178137496113777
4934 2.2865757942199707 0.2948607802391052 0.04902687668800354
4935 0.2871784567832947 0.15367820858955383 -0.25641316175460815
4936 3.7246251106262207 0.29812854528427124 0.022035926580429077
4937 3.96331524848938 0.28451424837112427 -0.0895964652299881
4938 2.035210371017456 0.2836090326309204 -0.09325774013996124
4939 0.7134793996810913 0.07243378460407257 -0.29001951217651367
4940 0.46521344780921936 0.2357989102602005 -0.18376901745796204
4941 0.4637957513332367 0.29452958703041077 0.050098806619644165
4942 0.2829848527908325 0.22965459525585175 -0.19111821055412292
4943 2.539574384689331 0.05667111277580261 -0.2930620014667511
4944 3.4661662578582764 0.2950018048286438 0.044632427394390106
4945 1.2861124277114868 -0.18161316215991974 -0.23741976916790009
4946 5.455873966217041 -0.17825692892074585 -0.23988594114780426
4947 0.9667009711265564 0.23760515451431274 -0.18140998482704163
4948 2.9625608921051025 0.27944567799568176 0.10609389841556549
4949 4.722130298614502 0.28618016839027405 -0.08471181988716125
4950 0.9655507802963257 0.28261059522628784 0.09745116531848907
4951 4.7245869636535645 0.2950042486190796 -0.0483371764421463
4952 4.785415172576904 0.23260977864265442 -0.18760019540786743
4953 4.7259745597839355 0.2829192876815796 0.09525404125452042
4954 1.2897837162017822 0.23948326706886292 -0.1786719262599945
4955 5.533788204193115 -0.17154844105243683 -0.24479041993618011
4956 5.960670471191406 0.0663977861404419 -0.29152804613113403
4957 5.799692630767822 0.22801588475704193 0.1929326206445694
4958 1.2931010723114014 0.28164613246917725 -0.09873282164335251
4959 2.2891793251037598 0.29423511028289795 -0.05254952609539032
4960 1.7254887819290161 0.29415205121040344 0.052948351949453354
4961 0.785332977771759 0.15646660327911377 -0.25471293926239014
4962 2.290877342224121 -0.18206492066383362 -0.2369433343410492
4963 5.2161664962768555 0.23809735476970673 -0.18079356849193573
4964 5.463029384613037 0.2837885320186615 -0.09397634863853455
4965 5.035318374633789 -0.17859549820423126 -0.23969164490699768
4966 2.783479928970337 0.2934710681438446 -0.05690489709377289
4967 0.9637704491615295 0.08951662480831146 -0.2849186658859253
4968 3.530294895172119 0.06264923512935638 -0.2921609580516815
4969 4.287281513214111 0.29448261857032776 0.049166493117809296
4970 5.78609037399292 0.2808813452720642 -0.10171830654144287
4971 4.033698081970215 0.2934674620628357 0.05578948184847832
4972 2.7129786014556885 0.06592096388339996 -0.2915535271167755
4973 2.712557315826416 0.23580747842788696 -0.18374335765838623
4974 0.7924686670303345 0.29460224509239197 0.05056876689195633
4975 4.457061767578125 -0.18699640035629272 -0.23253551125526428
4976 5.274067401885986 0.293982595205307 -0.05434095114469528
4977 1.213122010231018 0.23473124206066132 -0.1850477159023285
4978 1.2895323038101196 0.2328692525625229 0.1874263882637024
4979 1.711091160774231 0.2957093417644501 -0.04283686354756355
4980 4.035747051239014 0.28286516666412354 -0.09610904008150101
4981 2.032660484313965 0.23573511838912964 0.18377429246902466
4982 5.275421619415283 0.12978951632976532 -0.2695085108280182
4983 4.465030193328857 0.18977025151252747 0.23091009259223938
4984 5.96474027633667 0.22546710073947906 0.19565856456756592
4985 5.029358386993408 0.29858288168907166 0.019474301487207413
4986 4.967129707336426 0.19373349845409393 0.2276914417743683
4987 3.54238224029541 0.2914676070213318 0.06864489614963531
4988 3.2174131870269775 0.1969572901725769 0.2248101532459259
4989 5.287810325622559 -0.16853776574134827 -0.24628578126430511
4990 3.215726375579834 0.29242417216300964 -0.05892869457602501
4991 0.5295360088348389 0.16383467614650726 -0.24959398806095123
4992 0.9638272523880005 0.2943847179412842 -0.05161861330270767
4993 5.533971309661865 0.059004638344049454 -0.29301005601882935
4994 5.715671062469482 -0.1740388125181198 -0.24303194880485535
4995 4.793825626373291 0.2960842549800873 0.03524943068623543
4996 1.214522361755371 0.29494884610176086 -0.04804416000843048
4997 1.9642657041549683 0.29375866055488586 0.05547215789556503
4998 0.27637195587158203 0.29513612389564514 0.04399444907903671
4999 2.458031177520752 0.28018489480018616 -0.1040252149105072
5000 3.2921252250671387 0.04852689802646637 -0.2943185865879059
5001 0.47504186630249023 0.2876845896244049 -0.08061185479164124
5002 4.717155456542969 0.2921842634677887 0.06005319207906723
5003 5.465954303741455 0.1784287393093109 0.2408013641834259
5004 1.5350509881973267 0.23279570043087006 0.187213733792305
5005 3.031372547149658 0.15387104451656342 -0.25630784034729004
5006 2.5359785556793213 0.28095558285713196 -0.10212752968072891
5007 2.461975336074829 0.19308994710445404 0.22821596264839172
5008 4.722893238067627 0.19395345449447632 0.22693173587322235
5009 2.786224365234375 0.2834784686565399 -0.09392987191677094
5010 1.2844455242156982 0.05463894456624985 -0.29389142990112305
5011 3.21836519241333 0.22439943253993988 0.19676025211811066
5012 5.288668632507324 0.28207075595855713 -0.10009221732616425
5013 0.7150077223777771 0.29576557874679565 -0.04318666458129883
5014 2.292095184326172 0.2014448046684265 0.22077018022537231
5015 0.7852386236190796 0.07366731017827988 -0.28931066393852234
5016 4.284258842468262 0.19768397510051727 0.22425004839897156
5017 5.030775547027588 0.22980935871601105 -0.190932497382164
5018 2.9584925174713135 0.2952647805213928 -0.046424493193626404
5019 2.777188301086426 0.19173038005828857 0.22893026471138
5020 5.036914348602295 0.29153886437416077 -0.06272049248218536
5021 0.29684457182884216 0.23038877546787262 0.19014689326286316
5022 3.2846615314483643 -0.1798480600118637 -0.23880602419376373
5023 3.963918924331665 -0.17907482385635376 -0.2389342188835144
5024 4.460968971252441 0.28517261147499084 0.08775213360786438
5025 5.533684253692627 0.28318220376968384 0.0957152247428894
5026 3.2956056594848633 0.2437366247177124 0.17407916486263275
5027 5.5292487144470215 0.21854597330093384 0.20390522480010986
5028 4.460587978363037 0.2899302840232849 -0.07220841944217682
5029 4.0348968505859375 0.14910034835338593 -0.25899064540863037
5030 3.043984889984131 0.2959270477294922 0.038111019879579544
5031 1.7107468843460083 0.22602984309196472 0.19495032727718353
5032 4.042832374572754 0.22891367971897125 -0.19220997393131256
5033 4.78009557723999 0.2069741189479828 0.21567201614379883
5034 3.2935543060302734 0.29654547572135925 0.03151964023709297
5035 3.5347774028778076 0.2938089668750763 -0.0551757887005806
5036 4.77379846572876 0.2814144790172577 -0.10076817870140076
5037 1.5366121530532837 0.06339807063341141 -0.29203930497169495
5038 5.962711811065674 0.2803724408149719 0.10380528122186661
5039 2.7880313396453857 0.0633612796664238 -0.29202574491500854
5040 4.966780185699463 0.2953404188156128 -0.04631238430738449
5041 2.963439464569092 0.29302287101745605 0.0552506148815155
5042 4.962040424346924 0.27928006649017334 0.10662514716386795
5043 2.288149118423462 0.2806299924850464 -0.10261334478855133
5044 3.225632429122925 0.28354722261428833 -0.0934068113565445
5045 3.459606170654297 0.284794420003891 -0.09176778048276901
5046 0.5349571108818054 -0.20075753331184387 -0.22195136547088623
5047 4.951828479766846 0.21961258351802826 -0.20216287672519684
5048 4.956644058227539 0.29230937361717224 0.0621638149023056
5049 0.9646664261817932 0.2948928475379944 0.04909661412239075
5050 0.7167823314666748 0.28320983052253723 -0.09356337785720825
5051 0.5288159251213074 0.28322815895080566 -0.09545208513736725
5052 5.78809118270874 0.12920403480529785 -0.2699713110923767
5053 4.040205478668213 0.050984930247068405 -0.29401594400405884
5054 4.283444881439209 0.2935410141944885 -0.0555180087685585
5055 4.967464923858643 0.2843461334705353 -0.09234094619750977
5056 3.2762882709503174 0.27975448966026306 -0.1070624515414238
5057 5.958578109741211 0.2973616421222687 -0.03612756356596947
5058 3.7188737392425537 0.2846813201904297 -0.09126181155443192
5059 4.783232688903809 -0.18290948867797852 -0.23648981750011444
5060 3.537374258041382 0.2806222438812256 -0.10228648036718369
5061 0.539792001247406 0.20666822791099548 0.21588417887687683
5062 5.788943290710449 0.29561376571655273 0.03959111496806145
5063 3.538257122039795 0.210116907954216 0.21246570348739624
5064 3.7177717685699463 -0.1741430163383484 -0.2429954558610916
5065 4.286746978759766 0.16084684431552887 -0.2516624331474304
5066 5.78538179397583 0.29419514536857605 -0.05305980145931244
5067 5.717508792877197 0.193959042429924 0.22745653986930847
5068 4.9598069190979 -0.16850095987319946 -0.24653948843479156
5069 5.7318339347839355 0.28252846002578735 0.0967385396361351
5070 0.7205276489257812 0.19043399393558502 0.23044192790985107
5071 5.469256401062012 0.2930096983909607 0.059213392436504364
5072 2.718907356262207 0.29068225622177124 0.07169035822153091
5073 0.5404877662658691 0.22626779973506927 -0.19494667649269104
5074 5.205848217010498 0.28597065806388855 -0.08459338545799255
5075 5.285341262817383 0.22457419335842133 -0.1963391751050949
5076 5.709044933319092 0.2788574695587158 -0.10696732252836227
5077 1.2102725505828857 0.05464599281549454 -0.29361066222190857
5078 3.4535365104675293 0.19067588448524475 0.23019590973854065
5079 5.2163310050964355 -0.18570813536643982 -0.2337617725133896
5080 5.034179210662842 0.06403888761997223 -0.2919747531414032
5081 0.7186181545257568 0.2353643923997879 -0.18425202369689941
5082 2.7136049270629883 -0.17476396262645721 -0.2423965185880661
5083 1.7136867046356201 0.0687064528465271 -0.29091018438339233
5084 1.71620774269104 0.27939099073410034 0.10628890246152878
5085 4.462221145629883 0.29711827635765076 0.03532987833023071
5086 1.2160139083862305 0.2822265028953552 -0.09954708069562912
5087 5.785886287689209 0.05148792266845703 -0.2940610945224762
5088 2.5374746322631836 0.19831812381744385 0.22366125881671906
5089 1.7122530937194824 0.19550083577632904 0.22595596313476562
5090 2.2848470211029053 0.22931236028671265 -0.19150346517562866
5091 1.5343972444534302 0.19652564823627472 0.22514544427394867
5092 2.7226145267486572 0.20219451189041138 0.21986880898475647
5093 3.5361437797546387 0.23195646703243256 -0.18845084309577942
5094 1.5567411184310913 0.29660776257514954 -0.03678826987743378
5095 3.2833411693573 0.23121915757656097 -0.18929249048233032
5096 5.2818474769592285 0.05539647862315178 -0.29332682490348816
5097 2.535813093185425 0.23125320672988892 -0.18940585851669312
5098 1.2835066318511963 0.197079598903656 0.22479034960269928
5099 5.4616475105285645 0.22726483643054962 -0.19358612596988678
5100 5.960935592651367 -0.17045898735523224 -0.2461794763803482
5101 4.714976787567139 0.07479158043861389 -0.2887667417526245
5102 4.786017417907715 0.0579519085586071 -0.29254627227783203
5103 5.784828186035156 0.22991546988487244 -0.19082051515579224
5104 1.5258080959320068 0.15891747176647186 -0.2527736723423004
5105 0.796801745891571 0.29313987493515015 -0.05839860439300537
5106 5.961048126220703 0.2353382110595703 -0.18435055017471313
5107 1.5391709804534912 0.2708768844604492 -0.127223938703537
5108 5.285703182220459 0.23878271877765656 0.1805799901485443
5109 5.532203197479248 0.29399168491363525 -0.05437207967042923
5110 0.46666571497917175 0.19248446822166443 0.2287622094154358
5111 0.9659166932106018 0.28080689907073975 -0.10259279608726501
5112 5.5374436378479 0.23225247859954834 -0.18815723061561584
5113 2.4723293781280518 0.2824214696884155 0.09719449281692505
5114 3.2811543941497803 0.1507411152124405 -0.25815775990486145
5115 0.4705677628517151 0.06858620047569275 -0.29094815254211426
5116 0.46103358268737793 -0.16726602613925934 -0.24696381390094757
5117 1.5349526405334473 0.28295353055000305 0.09621447324752808
5118 3.0314955711364746 0.22862951457500458 -0.1923215538263321
5119 4.4600605964660645 0.24765300750732422 0.16696076095104218
5120 2.0321130752563477 0.2638489902019501 0.14055724442005157
5121 4.030869483947754 0.2633056342601776 0.1415710747241974
5122 3.9582512378692627 -0.24178946018218994 0.17527318000793457
5123 3.212179183959961 -0.25055211782455444 0.16302473843097687
5124 0.28144413232803345 -0.24864138662815094 0.1663164496421814
5125 3.0319252014160156 -0.25147828459739685 0.16223491728305817
5126 0.7138615250587463 -0.2520398795604706 0.16062456369400024
5127 0.038042981177568436 -0.21376673877239227 0.20895592868328094
5128 0.7879802584648132 -0.24297846853733063 0.1734016090631485
5129 5.782450199127197 -0.24826693534851074 0.16707170009613037
5130 5.966145038604736 -0.24454061686992645 0.17137843370437622
5131 4.785743713378906 -0.25145044922828674 0.16252592206001282
5132 2.531827688217163 -0.2521146833896637 0.16160865128040314
5133 2.0335566997528076 -0.24614280462265015 0.16917435824871063
5134 0.5378814339637756 -0.25081390142440796 0.16334614157676697
5135 4.292415142059326 -0.24197857081890106 0.1751779317855835
5136 2.7153453826904297 -0.24639824032783508 0.16873405873775482
5137 1.2915035486221313 -0.24109840393066406 0.1759081929922104
5138 2.7847225666046143 -0.2523685097694397 0.16114941239356995
5139 1.5341404676437378 -0.2464994639158249 0.16909503936767578
5140 5.286214351654053 -0.2475782185792923 0.16753096878528595
5141 1.716614842414856 -0.2449190467596054 0.17105601727962494
5142 5.726264953613281 -0.23240679502487183 0.18821313977241516
5143 0.9646999835968018 -0.2524576485157013 0.16006213426589966
5144 2.2882907390594482 -0.24814896285533905 0.16662462055683136
5145 5.533050060272217 -0.2487080842256546 0.1663821041584015
5146 4.038413047790527 -0.2493583709001541 0.16466185450553894
5147 3.5372915267944336 -0.24884364008903503 0.1661999374628067
5148 0.21824565529823303 -0.19798924028873444 0.2236185371875763
5149 5.211277484893799 -0.25265058875083923 0.15975342690944672
5150 1.211320400238037 -0.2512059211730957 0.16205206513404846
5151 4.965953826904297 -0.25218477845191956 0.16055969893932343
5152 4.462379455566406 -0.2475321739912033 0.1675724983215332
5153 3.4565749168395996 -0.24594315886497498 0.16947035491466522
5154 3.2931272983551025 -0.2428644895553589 0.17345184087753296
5155 2.0392842292785645 -0.025930043309926987 0.2972753643989563
5156 2.961214780807495 -0.1371556520462036 0.2661648392677307
5157 2.03780198097229 -0.1400628238916397 0.26307761669158936
5158 3.721578598022461 -0.029780875891447067 0.29714179039001465
5159 2.7839531898498535 -0.03608352690935135 0.2967202663421631
5160 5.21699857711792 -0.05484037846326828 0.2943432033061981
5161 1.7111800909042358 -0.016467107459902763 0.2983180582523346
5162 3.9590883255004883 -0.1443769931793213 0.2616939842700958
5163 5.717446804046631 -0.1410677134990692 0.2635658383369446
5164 3.288874387741089 -0.11955197900533676 0.27313852310180664
5165 0.043562330305576324 0.15153446793556213 0.25740110874176025
5166 3.2088232040405273 -0.14661146700382233 0.2603687047958374
5167 3.2207753658294678 -0.04519899562001228 0.29549553990364075
5168 0.03816373273730278 0.1952916979789734 -0.22639593482017517
5169 5.718954563140869 -0.04256495088338852 0.2952991724014282
5170 5.034435272216797 -0.03650050610303879 0.2967032492160797
5171 0.03966199979186058 -0.09823095053434372 0.2820112109184265
5172 0.9623070955276489 -0.1371687650680542 0.2655821740627289
5173 5.969462871551514 -0.29395386576652527 0.05168047547340393
5174 4.470026969909668 -0.07191750407218933 0.2899571359157562
5175 1.277130126953125 -0.009847178123891354 0.2984873056411743
5176 0.4628823697566986 -0.11834334582090378 0.2743936777114868
5177 0.4624732732772827 -0.03138536587357521 0.29696914553642273
5178 2.469947338104248 -0.29664725065231323 0.036347679793834686
5179 0.03756118565797806 0.012590835802257061 0.298694908618927
5180 3.469059705734253 -0.06993858516216278 0.29079949855804443
5181 5.210723400115967 -0.14646127820014954 0.2604261040687561
5182 5.0375657081604 -0.1317240446805954 0.26833218336105347
5183 4.033438205718994 -0.032140474766492844 0.2971879243850708
5184 5.77570104598999 -0.034670040011405945 0.29687920212745667
5185 4.459277153015137 -0.295282781124115 0.0463993065059185
5186 4.293683052062988 -0.036241158843040466 0.29643455147743225
5187 0.039156392216682434 0.2984015643596649 -0.01992923952639103
5188 4.786514759063721 -0.13126015663146973 0.26808589696884155
5189 0.782317578792572 -0.2852231562137604 0.0905914157629013
5190 0.28481006622314453 -0.01958068646490574 0.2975462079048157
5191 1.2161285877227783 -0.14152318239212036 0.26330170035362244
5192 0.7826619148254395 -0.03044307604432106 0.2973552346229553
5193 5.473033905029297 -0.15460023283958435 0.256350576877594
5194 0.28506720066070557 -0.13395217061042786 0.26711148023605347
5195 3.037348985671997 -0.13156338036060333 0.2679252326488495
5196 5.287725448608398 -0.13304901123046875 0.26765719056129456
5197 3.0325546264648438 -0.03500473126769066 0.2961653769016266
5198 1.962161660194397 -0.13080306351184845 0.2685728669166565
5199 4.717437267303467 -0.039516840130090714 0.296275794506073
5200 2.279221773147583 -0.035976506769657135 0.2967882454395294
5201 2.5289299488067627 -0.034425605088472366 0.2969052791595459
5202 3.53580904006958 -0.12426313757896423 0.27112340927124023
5203 5.9610066413879395 -0.14129973948001862 0.26396334171295166
5204 0.2132256180047989 0.13775897026062012 0.265593945980072
5205 0.7059260606765747 -0.037502720952034 0.29633501172065735
5206 3.468675374984741 -0.15846440196037292 0.2537637948989868
5207 1.5385783910751343 -0.10723908245563507 0.2788349986076355
5208 3.535095691680908 0.0003001170698553324 0.2988429069519043
5209 4.790507793426514 -0.029939107596874237 0.2967122793197632
5210 0.5369675159454346 -0.03834821283817291 0.2963572144508362
5211 2.531860828399658 -0.12235935032367706 0.2722203731536865
5212 0.03669992834329605 0.05676887184381485 0.2930653393268585
5213 5.461779594421387 -0.05118323117494583 0.2944375276565552
5214 5.9615631103515625 -0.03957672417163849 0.2963411509990692
5215 5.535473823547363 -0.030272826552391052 0.2965923249721527
5216 1.2710832357406616 -0.28320780396461487 0.09495022892951965
5217 0.03839157149195671 -0.17706140875816345 0.2409675121307373
5218 2.7842376232147217 -0.13326314091682434 0.26724129915237427
5219 5.034643650054932 -0.28873419761657715 0.07748381793498993
5220 5.53323221206665 -0.28677821159362793 0.08284930884838104
5221 5.2142839431762695 -0.290456622838974 0.07078016549348831
5222 3.2890541553497314 -0.29230159521102905 0.06457952409982681
5223 1.958187460899353 -0.29221034049987793 0.06274287402629852
5224 5.289854049682617 -0.2862333059310913 0.0856676772236824
5225 0.04279608651995659 -0.274401992559433 0.11747204512357712
5226 4.455037593841553 -0.14806438982486725 0.2588578462600708
5227 4.717718124389648 -0.2909124195575714 0.0688544437289238
5228 3.716291666030884 -0.2901650071144104 0.07182314991950989
5229 3.0439562797546387 -0.28347814083099365 0.09251322597265244
5230 1.5408215522766113 -0.28638869524002075 0.08500377088785172
5231 4.284107208251953 -0.13888272643089294 0.2642790377140045
5232 3.4629244804382324 -0.2910822927951813 0.06784255057573318
5233 2.7156729698181152 -0.29053640365600586 0.0702538788318634
5234 2.46803879737854 -0.16125941276550293 0.25168538093566895
5235 2.2870800495147705 -0.2891600728034973 0.07576931267976761
5236 3.5387425422668457 -0.2871101498603821 0.0817551538348198
5237 2.7921323776245117 -0.29070207476615906 0.0691782534122467
5238 1.7152165174484253 -0.2911166846752167 0.06788567453622818
5239 0.9677736163139343 -0.29150307178497314 0.066096730530262
5240 2.5498757362365723 -0.2837928831577301 0.09215476363897324
5241 0.5300948023796082 -0.29123228788375854 0.068572998046875
5242 0.7855761647224426 -0.132615864276886 0.2679136395454407
5243 0.28743842244148254 -0.289977103471756 0.07367211580276489
5244 2.9645934104919434 -0.2890945374965668 0.07706958055496216
5245 2.2879421710968018 -0.13091379404067993 0.26827555894851685
5246 4.289016246795654 -0.29074376821517944 0.06954757124185562
5247 0.20266206562519073 -0.27209970355033875 0.12366122752428055
5248 5.792261123657227 0.11691564321517944 0.27496299147605896
5249 5.461164474487305 0.12777039408683777 0.2702353000640869
5250 2.9645607471466064 0.10328186303377151 0.28050315380096436
5251 5.7156171798706055 0.10525962710380554 0.2797991931438446
5252 0.04049741476774216 -0.29622069001197815 0.04427472501993179
5253 2.7821483612060547 0.10678842663764954 0.27871501445770264
5254 4.286715984344482 0.1124340146780014 0.27696168422698975
5255 5.964677333831787 0.11027026921510696 0.27780359983444214
5256 0.21574339270591736 -0.21538853645324707 -0.20715390145778656
5257 2.029390335083008 0.14114031195640564 0.2635731101036072
5258 3.5349812507629395 0.10859741270542145 0.27841001749038696
5259 0.03814578801393509 -0.21458080410957336 -0.20805217325687408
5260 0.03609992191195488 0.012505454011261463 -0.2986794114112854
5261 0.9597080945968628 0.10818207263946533 0.2786776125431061
5262 0.2250368744134903 -0.260359525680542 -0.14624729752540588
5263 2.711446523666382 0.12402207404375076 0.2726215124130249
5264 2.461963415145874 0.11545389145612717 0.27550938725471497
5265 0.21894630789756775 -0.2985447347164154 0.01440474297851324
5266 0.03691796213388443 -0.2758606970310211 -0.11521100997924805
5267 1.5382707118988037 0.11658156663179398 0.2749493718147278
5268 3.2102901935577393 0.09812740981578827 0.28228771686553955
5269 4.468507289886475 0.11951976269483566 0.2735888659954071
5270 3.0380868911743164 0.12579308450222015 0.27040573954582214
5271 0.2870202958583832 0.1088043600320816 0.2788142263889313
5272 4.713985919952393 0.11128880083560944 0.2773987054824829
5273 0.5275408029556274 0.1359977275133133 0.2659824788570404
5274 5.291981220245361 0.10453101992607117 0.2806376516819
5275 0.7785230278968811 0.11383691430091858 0.2764337956905365
5276 0.03819422423839569 -0.13467800617218018 -0.26691246032714844
5277 0.7009658813476562 0.1167512759566307 0.27486205101013184
5278 0.45479530096054077 0.10285314172506332 0.2804465591907501
5279 3.292231559753418 0.12322859466075897 0.2717295289039612
5280 4.785300254821777 0.1382424533367157 0.26482629776000977
5281 1.9633119106292725 0.08578897267580032 0.2864893078804016
5282 3.718581199645996 0.10303415358066559 0.2806003987789154
5283 4.968175411224365 0.10253914445638657 0.281534880399704
5284 2.2938597202301025 0.10640227794647217 0.27934715151786804
5285 5.535603046417236 0.116083063185215 0.2748785614967346
5286 0.038420915603637695 -0.037574004381895065 -0.29659777879714966
5287 0.04329558089375496 -0.2420496642589569 -0.17520123720169067
5288 0.2118682861328125 0.11338095366954803 -0.2764859199523926
5289 0.0449979305267334 0.28318873047828674 0.09567727148532867
5290 0.2122420370578766 -0.29813945293426514 -0.019149960950016975
5291 0.03538570553064346 0.09779426455497742 -0.2824518084526062
5292 0.22122497856616974 0.2535164952278137 0.15984207391738892
5293 0.21287064254283905 0.16188719868659973 -0.2512764632701874
5294 0.04364125430583954 -0.28955474495887756 -0.07554953545331955
5295 0.0376097708940506 -0.087786003947258 -0.2857818305492401
5296 0.21365375816822052 0.266116201877594 -0.13599543273448944
5297 0.035813961178064346 0.16049587726593018 -0.2519449293613434
5298 0.03636163845658302 0.23055778443813324 -0.19028353691101074
5299 0.04476432129740715 0.28029459714889526 -0.10403283685445786
5300 0.03859742358326912 0.2602221369743347 -0.1471644639968872
5301 0.2152385115623474 0.2834716737270355 -0.09493135660886765
5302 0.036620333790779114 0.2379963994026184 0.18089358508586884
5303 0.036741405725479126 0.05927520990371704 -0.2930416464805603
5304 0.042410627007484436 0.20993442833423615 0.2127019166946411
5305 0.20826750993728638 0.07127642631530762 -0.2898969352245331
5306 0.21695108711719513 0.2958829700946808 -0.04250264912843704
5307 0.03891772776842117 -0.17780634760856628 -0.24029390513896942
5308 0.21658487617969513 0.21717192232608795 0.20469121634960175
5309 0.03745994716882706 0.26456698775291443 0.13926006853580475
5310 1.0476605892181396 0.06763136386871338 0.2907475531101227
5311 1.0376394987106323 -0.20501868426799774 0.21809881925582886
5312 0.03613169863820076 -0.24166536331176758 0.17513172328472137
5313 1.7907823324203491 0.15824922919273376 0.2536340355873108
5314 1.038913369178772 0.2989162802696228 -0.002451697364449501
5315 1.7872575521469116 -0.07827235758304596 0.2885041832923889
5316 0.20797789096832275 -0.13707876205444336 0.265584260225296
5317 1.7929896116256714 0.03203076869249344 0.2970297038555145
5318 1.0369068384170532 -0.08195391297340393 0.28749939799308777
5319 1.7818270921707153 0.07550693303346634 0.289200097322464
5320 1.037695288658142 0.161612868309021 0.2514799237251282
5321 1.0443751811981201 0.19109991192817688 -0.22984863817691803
5322 0.21906375885009766 -0.06591257452964783 0.29187411069869995
5323 1.7825599908828735 0.18624304234981537 -0.2337002158164978
5324 0.03548717871308327 -0.028062688186764717 0.2976084351539612
5325 1.7865310907363892 -0.170880526304245 0.24529318511486053
5326 1.7782646417617798 -0.2700220048427582 0.12918967008590698
5327 1.0381419658660889 0.02293466217815876 -0.2978597581386566
5328 1.7898268699645996 -0.13693831861019135 -0.26574501395225525
5329 1.7865968942642212 0.006443382240831852 -0.29872116446495056
5330 1.0345921516418457 -0.140794038772583 -0.26370474696159363
5331 0.03858821466565132 0.10266970098018646 0.28114354610443115
5332 0.03542574495077133 -0.13711486756801605 0.2649981379508972
5333 1.7793395519256592 -0.27203214168548584 -0.12394297122955322
5334 1.7829054594039917 -0.22716569900512695 -0.19484178721904755
5335 1.7908644676208496 -0.2966838479042053 0.03626774996519089
5336 1.7829207181930542 -0.044892095029354095 -0.2954154908657074
5337 1.7823553085327148 -0.09034816920757294 -0.2849755585193634
5338 1.0473296642303467 -0.09618440270423889 -0.2830297350883484
5339 1.7854106426239014 -0.2953862249851227 -0.04718390852212906
5340 1.0301557779312134 -0.29846319556236267 -0.01646166667342186
5341 1.0458455085754395 -0.24155211448669434 -0.17601823806762695
5342 1.7855854034423828 0.10656329244375229 -0.27930694818496704
5343 1.0437448024749756 -0.29123038053512573 -0.06743378937244415
5344 1.7859290838241577 0.2807614803314209 -0.10272683203220367
5345 1.7858607769012451 -0.18383584916591644 -0.23574987053871155
5346 1.7848877906799316 0.23461943864822388 -0.1849307268857956
5347 1.7843562364578247 0.23335345089435577 0.18684768676757812
5348 1.7929974794387817 0.2933656871318817 -0.05749049037694931
5349 1.0380014181137085 0.2959490418434143 0.04210406541824341
5350 1.0334675312042236 0.1989644169807434 0.22312909364700317
5351 1.7896052598953247 0.0567869171500206 -0.2934977114200592
5352 1.0417803525924683 0.29558324813842773 -0.04392088204622269
5353 1.0380957126617432 0.057064663618803024 -0.29339638352394104
5354 1.7828733921051025 0.2930580973625183 0.058592841029167175
5355 1.7847723960876465 0.25938329100608826 -0.14859092235565186
5356 1.033734917640686 0.15058931708335876 -0.25824251770973206
5357 1.045568823814392 0.25524598360061646 -0.15551340579986572
5358 1.0397464036941528 0.25632354617118835 0.15356086194515228
5359 1.7866898775100708 0.19474248588085175 0.22611938416957855
5360 1.7876619100570679 0.2643479108810425 0.13954459130764008
5361 1.0329221487045288 0.23314276337623596 0.18708579242229462
5362 1.7818479537963867 0.15165047347545624 -0.25761768221855164
5363 1.7932425737380981 -0.2489941418170929 0.16521191596984863
5364 1.0420957803726196 -0.24104207754135132 0.1760038435459137
5365 1.7742609977722168 -0.1389174461364746 0.26442503929138184
5366 1.0376828908920288 -0.12670092284679413 0.27075064182281494
5367 1.03916597366333 -0.28515756130218506 0.08947516977787018
5368 1.7875460386276245 -0.04328311234712601 0.29558679461479187
5369 1.0363460779190063 -0.021280141547322273 0.2985246181488037
5370 3.794163227081299 0.021684307605028152 0.29812926054000854
5371 3.782191753387451 -0.2144055962562561 0.20826730132102966
5372 3.7795960903167725 0.29881417751312256 -0.0068870652467012405
5373 3.784583806991577 0.0723700150847435 0.2900415360927582
5374 3.7899863719940186 0.17145168781280518 0.24400311708450317
5375 3.789811134338379 -0.08304119855165482 0.2871592938899994
5376 3.792858123779297 0.18210721015930176 -0.23676207661628723
5377 3.7812979221343994 -0.17696836590766907 0.2409040927886963
5378 3.7748072147369385 -0.26563507318496704 0.1363905668258667
5379 3.7919294834136963 0.012893333099782467 -0.2986445128917694
5380 3.7943313121795654 -0.29586684703826904 0.045029859989881516
5381 3.7860894203186035 0.28533467650413513 0.08867964893579483
5382 3.7869017124176025 -0.2926434874534607 -0.059993594884872437
5383 3.7750253677368164 0.10435155034065247 -0.2801534831523895
5384 3.781395435333252 -0.0961700826883316 -0.28306907415390015
5385 3.789907217025757 0.2271132618188858 0.19394683837890625
5386 3.7821977138519287 0.2947739362716675 -0.04881998151540756
5387 3.7965142726898193 0.2644261419773102 -0.13920769095420837
5388 3.7823495864868164 0.06269600987434387 -0.2922592759132385
5389 3.784396171569824 -0.04365645349025726 -0.2957085072994232
5390 3.7744224071502686 0.19990909099578857 0.22225819528102875
5391 3.801278591156006 -0.17267000675201416 -0.24343565106391907
5392 3.781075954437256 -0.24408133327960968 0.17238758504390717
5393 3.786179542541504 -0.13310839235782623 0.2676539421081543
5394 3.7659804821014404 -0.044231709092855453 0.2953799366950989
5395 4.5326457023620605 0.18722204864025116 -0.23211386799812317
5396 4.5430684089660645 -0.16780705749988556 0.2473214715719223
5397 4.52426815032959 -0.09077577292919159 0.28453442454338074
5398 4.538687229156494 0.0192062109708786 0.2983233630657196
5399 4.535375118255615 0.07085611671209335 0.2904100716114044
5400 4.536244869232178 0.29818204045295715 -0.006126224063336849
5401 4.537328243255615 -0.2724718451499939 -0.12254621088504791
5402 4.536401748657227 -0.2707848846912384 0.12636670470237732
5403 4.535267353057861 -0.0044281515292823315 -0.29928067326545715
5404 4.534037113189697 -0.14690613746643066 -0.2601763904094696
5405 4.538596153259277 -0.21998359262943268 -0.20175063610076904
5406 4.537108421325684 -0.29752349853515625 0.027899645268917084
5407 4.534387111663818 0.1531238853931427 -0.25670963525772095
5408 4.536361217498779 0.23607361316680908 0.18340130150318146
5409 4.532705783843994 0.2624911069869995 -0.14304915070533752
5410 4.532384395599365 0.05501312017440796 -0.2938060462474823
5411 4.535390377044678 0.2932511568069458 -0.05795330926775932
5412 4.540131092071533 0.20609617233276367 0.216408371925354
5413 4.537574768066406 -0.24787655472755432 -0.16697731614112854
5414 4.543899059295654 0.23495523631572723 -0.18443550169467926
5415 4.538574695587158 -0.2981431186199188 -0.021869447082281113
5416 4.533230781555176 0.10642153769731522 -0.27933239936828613
5417 4.52734375 0.28113114833831787 -0.10177797079086304
5418 4.538177013397217 0.28307124972343445 0.09606662392616272
5419 4.5394606590271 -0.29029521346092224 -0.0703207328915596
5420 4.537815570831299 0.29490789771080017 0.04727546125650406
5421 4.535865783691406 0.2633621096611023 0.14147061109542847
5422 4.543773651123047 -0.028567219153046608 0.297516405582428
5423 4.53541898727417 -0.1294127106666565 0.26945894956588745
5424 4.537491321563721 -0.2875364422798157 0.07960987836122513
5425 4.539578914642334 -0.25065940618515015 0.16243189573287964
5426 0.001753908465616405 -0.26273787021636963 -0.1432589292526245
5427 6.000002384185791 -0.21693000197410583 0.08305425941944122
5428 6.0 -0.0408405177295208 0.14786329865455627
5429 6.0 0.037990909069776535 0.008966261520981789
5430 6.0 -0.1084553450345993 -0.17142607271671295
5431 6.000010967254639 0.13660548627376556 0.22159986197948456
5432 4.5701915496465517e-07 -0.10023625940084457 0.053061701357364655
5433 5.999979496002197 0.05592280253767967 -0.2458808422088623
5434 6.0 -0.07212574779987335 0.05132129415869713
5435 9.09440677787643e-06 0.10010809451341629 0.2291164994239807
5436 4.768597818838316e-07 0.06809552758932114 0.020207984372973442
5437 6.0 0.07094661891460419 -0.06527405232191086
5438 4.768395456267172e-07 -0.060722850263118744 0.02579631470143795
5439 4.847720447287429e-07 -0.054578136652708054 -0.14644578099250793
5440 1.690408680588007e-06 -0.1017000675201416 0.17027553915977478
5441 6.000000476837158 0.06448612362146378 -0.1885126531124115
5442 4.768604071614391e-07 -0.06199682503938675 -0.047786131501197815
5443 0.0009932181565091014 0.12955136597156525 -0.269340455532074
5444 6.0 -0.0857681855559349 0.1355590671300888
5445 -4.709067980002146e-07 0.0833822637796402 0.17821814119815826
5446 4.7640850198149565e-07 -0.10007816553115845 -0.056938182562589645
5447 4.768390340359474e-07 0.09595824033021927 -0.023452483117580414
5448 4.557432475849055e-07 -0.10391160845756531 0.09225665777921677
5449 6.000000476837158 0.14373494684696198 0.14277876913547516
5450 4.7683712978141557e-07 0.10776221752166748 -0.10549049079418182
5451 5.999325275421143 0.17918318510055542 0.239303857088089
5452 6.000002861022949 -0.18398700654506683 -0.11666752398014069
5453 5.999342918395996 -0.06612683832645416 0.29137933254241943
5454 0.00043025484774261713 -0.2616458833217621 0.057904843240976334
5455 5.960571765899658 -0.2996550500392914 0.006195752881467342
5456 6.0 0.022729409858584404 0.09159336239099503
5457 5.2393341064453125 0.2758207321166992 -0.11778897047042847
5458 5.5018696784973145 0.09169930219650269 0.28554314374923706
5459 3.953770399093628 -0.06514246761798859 -0.29265204071998596
5460 5.5369133949279785 0.24650421738624573 0.17049181461334229
5461 3.2383358478546143 0.2730945646762848 -0.12400949746370316
5462 1.992221713066101 -0.15327632427215576 0.2578122019767761
5463 0.4692777991294861 -0.16224539279937744 0.2521213889122009
5464 2.013077974319458 0.2742788791656494 -0.12139248102903366
5465 0.4894369840621948 -0.29691457748413086 0.04175931215286255
5466 1.7518764734268188 -0.25718092918395996 -0.15419414639472961
5467 3.2331619262695312 0.29072707891464233 0.07363791763782501
5468 4.038421154022217 -0.12213675677776337 0.2737022638320923
5469 2.5127530097961426 -0.29973194003105164 -0.010200482793152332
5470 2.7380788326263428 -0.28573885560035706 -0.09069669246673584
5471 4.3864216804504395 0.28185370564460754 -0.09938590228557587
5472 0.5464906096458435 0.2687629163265228 -0.13264982402324677
5473 1.9621278047561646 0.13808371126651764 -0.26608744263648987
5474 0.08767126500606537 0.2883841097354889 0.08065444976091385
5475 5.902151107788086 -0.2900792062282562 0.07162677496671677
5476 0.05223800614476204 0.2934984564781189 0.05945979803800583
5477 4.768372718899627e-07 0.14585120975971222 -0.11733947694301605
5478 1.3282718658447266 -0.025896061211824417 -0.29804638028144836
5479 3.685185194015503 0.007904306054115295 -0.007455490995198488
5480 2.1431801319122314 -0.00015912090020719916 -0.0003507246437948197
5481 0.09267467260360718 0.03222072869539261 0.20584100484848022
5482 5.597701549530029 -0.00023305931244976819 -0.000713679357431829
5483 5.864494800567627 0.01106962189078331 -0.16369062662124634
5484 2.5067999362945557 -0.0034202570095658302 -0.01640372909605503
5485 0.11060556769371033 -0.181855246424675 -0.049727823585271835
5486 4.668638229370117 0.0027653854340314865 0.0034502753987908363
5487 4.564547538757324 0.04878431558609009 -0.12264707684516907
5488 4.602006912231445 0.013567810878157616 -0.20538857579231262
5489 3.353389263153076 0.005189470946788788 -0.003727077506482601
5490 0.5665196776390076 0.0015136920846998692 -0.0012119453167542815
5491 4.714759349822998 -0.12729819118976593 0.0740307942032814
5492 0.9045065641403198 -0.007117738015949726 -0.0003352153580635786
5493 3.9950110912323 0.010175967589020729 -0.013491891324520111
5494 2.0901052951812744 -0.07589974999427795 -0.13145890831947327
5495 1.8157380819320679 -0.004958683624863625 -0.011401142925024033
5496 4.093077659606934 0.1381072700023651 0.009960779920220375
5497 2.816408157348633 -0.0004031322314403951 -0.00026320922188460827
5498 4.0490241050720215 -0.10384878516197205 0.09064660221338272
5499 4.761285305023193 0.06070811301469803 -0.12132132053375244
5500 1.7625151872634888 0.01962263695895672 0.13899776339530945
5501 5.334670066833496 -0.03426138684153557 0.0038708823267370462
5502 1.040919542312622 -0.01810785010457039 -0.11941064894199371
5503 4.811207294464111 -0.05804767832159996 0.1501157581806183
5504 2.3521111011505127 -0.031164560467004776 0.10091594606637955
5505 4.510756015777588 -0.10690252482891083 -0.07105868309736252
5506 5.342761516571045 -0.15269193053245544 0.06814157962799072
5507 0.19883520901203156 0.0845605805516243 0.043541088700294495
5508 4.147915363311768 0.16031797230243683 0.1469753533601761
5509 0.9321537017822266 -0.07330148667097092 0.13232941925525665
5510 0.8942247033119202 -0.00509053748100996 -0.150483638048172
5511 4.110101222991943 -0.18518495559692383 0.07923991978168488
5512 4.70142936706543 0.10818132013082504 0.10541343688964844
5513 1.0494328737258911 -0.13842420279979706 0.06932173669338226
5514 0.15462706983089447 0.06339570134878159 -0.10630582273006439
5515 5.262287616729736 0.1177820935845375 -0.044889822602272034
5516 5.814831733703613 -0.030267387628555298 0.11023323237895966
5517 0.6611757278442383 -0.1929432600736618 0.03852070868015289
5518 3.037705183029175 0.06837303936481476 0.0571240670979023
5519 1.596922516822815 -0.052513349801301956 -0.14831669628620148
5520 1.9850971698760986 0.07100845128297806 -0.13675178587436676
5521 4.110816478729248 0.21638832986354828 -0.022371139377355576
5522 1.6499583721160889 0.10321873426437378 -0.0011221298482269049
5523 3.258070230484009 -0.04572524130344391 0.1251727193593979
5524 0.3499961197376251 0.07639675587415695 0.11174383014440536
5525 1.466738224029541 0.025524510070681572 -0.14804023504257202
5526 5.15606689453125 -0.047724559903144836 -0.0881352573633194
5527 1.6904590129852295 -0.1594659686088562 -0.06897954642772675
5528 1.9002605676651 0.1490013599395752 -0.047456201165914536
5529 4.657487392425537 0.14067275822162628 -0.08915971219539642
5530 3.435229778289795 0.06545022875070572 0.12289958447217941
5531 4.402076721191406 -0.15429256856441498 -0.0952705442905426
5532 3.001420259475708 -0.11144192516803741 0.012095259502530098
5533 4.983993053436279 0.003214172087609768 -0.11859404295682907
5534 2.054015874862671 -0.15933607518672943 -0.022260507568717003
5535 5.1593756675720215 -0.16526173055171967 -0.02125680074095726
5536 3.0989716053009033 0.09496600180864334 -0.09537286311388016
5537 1.0097074508666992 -0.026313943788409233 0.1929009109735489
5538 1.160656213760376 -0.027217699214816093 -0.17014585435390472
5539 1.0163861513137817 0.11081080883741379 -0.12939074635505676
5540 4.549653053283691 0.051297903060913086 0.1284908652305603
5541 4.848260402679443 -0.1141415536403656 -0.04463630169630051
5542 1.2602049112319946 -0.08492346107959747 0.011809037998318672
5543 4.931601524353027 0.006976050324738026 -0.2029818892478943
5544 1.1936941146850586 -0.09520415216684341 0.1338164359331131
5545 3.8404271602630615 -0.10218764841556549 -0.03544706106185913
5546 2.4036529064178467 -0.08344367146492004 -0.11259445548057556
5547 4.7457075119018555 0.18474097549915314 0.032718874514102936
5548 0.45271748304367065 0.12884460389614105 -0.014945830218493938
5549 4.25496244430542 -0.12779489159584045 -0.08001772314310074
5550 5.648590087890625 0.09490088373422623 0.11159542948007584
5551 4.714956760406494 -0.1024472564458847 0.17338041961193085
5552 1.302823781967163 -0.14294637739658356 -0.0960601344704628
5553 0.2515164613723755 0.026722094044089317 0.17430701851844788
5554 3.4504053592681885 -0.09210745990276337 0.11070282757282257
5555 5.691380977630615 -0.06668839603662491 0.1531333029270172
5556 3.4597079753875732 0.1250695437192917 -0.09712686389684677
5557 4.958924293518066 -0.05187179520726204 -0.24726462364196777
5558 1.1052957773208618 0.16076555848121643 -0.11904022842645645
5559 0.3101554811000824 -0.09261017292737961 -0.0030873899813741446
5560 3.7953267097473145 0.17811836302280426 -0.06499189883470535
5561 4.097353935241699 0.05660329759120941 -0.12900841236114502
5562 1.5164358615875244 0.13010631501674652 -0.1305229514837265
5563 2.93292236328125 0.0017843423411250114 -0.12790073454380035
5564 3.100123643875122 0.11188953369855881 -0.1837775558233261
5565 4.407118797302246 -0.017386699095368385 0.14208784699440002
5566 4.694705486297607 0.015392993576824665 0.18089909851551056
5567 5.341472625732422 0.04259689524769783 -0.14760605990886688
5568 2.3925459384918213 -0.1542966663837433 0.06309088319540024
5569 2.5405516624450684 -0.09414651244878769 -0.22013069689273834
5570 3.5974764823913574 -0.08709531277418137 0.1280716508626938
5571 3.8454792499542236 0.14506123960018158 -0.14451825618743896
5572 2.006108522415161 -0.08271130919456482 0.11243045330047607
5573 1.6952760219573975 -0.13265736401081085 -0.20078547298908234
5574 4.788992404937744 -0.09379083663225174 -0.22392526268959045
5575 2.5975730419158936 0.1134297251701355 -0.08143040537834167
5576 1.543891429901123 -0.1279446929693222 0.0165789145976305
5577 0.6564072370529175 -0.1117631271481514 -0.09456756711006165
5578 0.7973777055740356 0.09210952371358871 0.09136844426393509
5579 2.5982718467712402 -0.1207907497882843 -0.07384150475263596
5580 5.892790794372559 -0.030361240729689598 -0.0646936222910881
5581 0.11356144398450851 0.12454994022846222 0.14154408872127533
5582 1.0624573230743408 -0.10161998122930527 -0.17379163205623627
5583 2.914381980895996 -0.013123361393809319 0.1337636262178421
5584 0.49511799216270447 0.1578177809715271 0.09312280267477036
5585 3.4911322593688965 -0.02064846083521843 -0.1436081975698471
5586 4.352770805358887 0.11888255178928375 0.07405884563922882
5587 3.514707088470459 0.05504252016544342 0.1905404031276703
5588 0.5557662844657898 0.07386907935142517 0.16199807822704315
5589 2.847278594970703 0.12390530109405518 -0.0832066684961319
5590 3.573636531829834 -0.12051120400428772 -0.11815991252660751
5591 5.917150974273682 0.14300468564033508 0.16445553302764893
5592 1.0121736526489258 0.03750457987189293 -0.198171466588974
5593 2.4998042583465576 0.0026085209101438522 0.1441919058561325
5594 4.361246109008789 0.09267867356538773 0.17508603632450104
5595 1.1092112064361572 -0.0497642382979393 0.1944494992494583
5596 4.950927734375 -0.10933809727430344 0.08249252289533615
5597 5.432778835296631 -0.06045224517583847 -0.1519489586353302
5598 2.3490548133850098 0.10190171003341675 -0.04158231243491173
5599 0.9355189800262451 0.1681893914937973 -0.11655949801206589
5600 5.662176609039307 -0.07015421986579895 0.2201290726661682
5601 3.687896490097046 0.17537343502044678 -0.08406040072441101
5602 3.0560522079467773 0.038776785135269165 0.17533409595489502
5603 0.07118882238864899 0.07444196194410324 0.1005522832274437
5604 5.64539098739624 -0.12655675411224365 -0.07533923536539078
5605 0.8600715398788452 0.18891187012195587 -0.040738899260759354
5606 4.493223190307617 -0.08165653795003891 -0.1757793426513672
5607 0.6882944107055664 -0.007928933948278427 0.14330355823040009
5608 4.376318454742432 0.04684431105852127 -0.09976232796907425
5609 5.910285472869873 -0.1838804930448532 -0.11301819235086441
5610 3.7915070056915283 0.14844581484794617 0.0699966698884964
5611 3.2081851959228516 -0.08126683533191681 0.19468867778778076
5612 2.940936803817749 0.1606663018465042 0.014555712230503559
5613 5.216506004333496 -0.04531273618340492 0.12470301240682602
5614 4.0266571044921875 -0.035850830376148224 -0.17423972487449646
5615 3.401279926300049 -0.08191931992769241 0.19213034212589264
5616 2.162869691848755 -0.1643437147140503 -0.08018877357244492
5617 0.13582289218902588 -0.09999093413352966 0.12589511275291443
5618 2.0552780628204346 0.1416015923023224 -0.01272467989474535
5619 3.2546615600585938 -0.13639619946479797 0.18762199580669403
5620 2.9421067237854004 0.17306770384311676 -0.09188416600227356
5621 2.2147133350372314 -0.026617521420121193 0.1530412882566452
5622 2.873372793197632 -0.1377115696668625 0.07341339439153671
5623 3.9906673431396484 0.16421839594841003 -0.06015550345182419
5624 4.004863739013672 0.17310301959514618 0.07503028959035873
5625 4.4902024269104 -0.17827965319156647 -0.119652658700943
5626 4.246378421783447 0.003979438450187445 0.15538591146469116
5627 2.057473659515381 0.15767796337604523 0.10192526876926422
5628 1.7576570510864258 0.133006289601326 -0.08916488289833069
5629 3.1517930030822754 0.025433218106627464 0.2022354006767273
5630 0.353898823261261 -0.18431052565574646 0.04638414457440376
5631 4.600950241088867 -0.10091961175203323 -0.16461950540542603
5632 2.762735366821289 0.06366241723299026 0.13071545958518982
5633 4.198935031890869 -0.19850389659404755 -0.03611209616065025
5634 1.3439280986785889 -0.05755816772580147 -0.17155836522579193
5635 1.0100051164627075 0.09315156936645508 0.14692111313343048
5636 3.3978171348571777 -0.07615215331315994 -0.17394736409187317
5637 5.30136251449585 -0.08524243533611298 -0.14207178354263306
5638 0.30914580821990967 -0.05663377046585083 0.19270938634872437
5639 3.6078875064849854 0.0784587413072586 0.19270846247673035
5640 1.9063422679901123 0.09356340020895004 -0.1854161024093628
5641 2.416576623916626 0.18849080801010132 -0.008387772366404533
5642 1.393472671508789 0.12490896880626678 -0.00342690572142601
5643 5.753304958343506 -0.07133384048938751 -0.14474740624427795
5644 0.39930015802383423 0.030297303572297096 0.194434255361557
5645 3.3437564373016357 -0.12910406291484833 0.1917932778596878
5646 1.399122714996338 -0.14116331934928894 -0.1388399302959442
5647 1.0391297340393066 -0.11383764445781708 0.17814213037490845
5648 1.5663201808929443 -0.155669167637825 -0.09711876511573792
5649 3.326298952102661 -0.04930909350514412 0.2121022641658783
5650 0.8181309103965759 0.11953715234994888 0.17508944869041443
5651 5.147283554077148 -0.007693472784012556 0.19635474681854248
5652 0.063028983771801 -0.23416107892990112 0.04749751091003418
5653 4.2121477127075195 -0.1093825176358223 0.1505567580461502
5654 2.3515665531158447 0.17255079746246338 -0.1113954484462738
5655 0.12744343280792236 -0.08764732629060745 -0.14354224503040314
5656 5.640246868133545 -0.17160165309906006 0.13810615241527557
5657 0.5949388742446899 0.11694066226482391 -0.09541799873113632
5658 4.0553178787231445 -0.21920600533485413 0.025025805458426476
5659 1.390320897102356 0.20893056690692902 -0.040679849684238434
5660 2.062033176422119 0.16022905707359314 0.17162446677684784
5661 2.5860254764556885 0.07566767930984497 -0.21335718035697937
5662 3.8425538539886475 0.15175768733024597 0.14680849015712738
5663 3.8619585037231445 -0.18520696461200714 0.03934725001454353
5664 2.4758670330047607 0.1873956322669983 -0.08449772000312805
5665 0.39197787642478943 -0.03867153823375702 -0.1332394927740097
5666 0.507170557975769 -0.026547633111476898 0.18668724596500397
5667 5.766297817230225 -0.14852918684482574 0.08470223098993301
5668 2.2585771083831787 0.03977540507912636 0.20486584305763245
5669 3.227902412414551 -0.18392892181873322 0.14055393636226654
5670 0.052075501531362534 0.021378125995397568 0.10986311733722687
5671 0.424334853887558 -0.007876078598201275 0.02128566801548004
5672 1.717644214630127 -0.20191334187984467 -0.12147685140371323
5673 5.319672107696533 0.007664015982300043 -0.22111181914806366
5674 4.303443431854248 -0.039519052952528 -0.16673432290554047
5675 0.7941319942474365 -0.20824739336967468 -0.03600220009684563
5676 1.6898224353790283 -0.005715542938560247 -0.19031290709972382
5677 4.391679286956787 -0.22194410860538483 -0.0736321285367012
5678 4.849095821380615 0.1890040785074234 0.057871103286743164
5679 3.6423239707946777 -0.0937836691737175 0.19872038066387177
5680 4.184658527374268 -0.16360309720039368 0.17530111968517303
5681 1.1805144548416138 0.04501250013709068 -0.21311500668525696
5682 1.1091721057891846 -0.2002631574869156 0.011894077062606812
5683 1.242355465888977 0.13679736852645874 -0.04558693245053291
5684 1.50020170211792 -0.11916647106409073 -0.1639874279499054
5685 1.3940175771713257 0.12308234721422195 -0.1327241063117981
5686 1.2032279968261719 -0.1813548058271408 -0.05222839117050171
5687 4.73737096786499 0.12681196630001068 0.17884007096290588
5688 0.6614828109741211 0.18898902833461761 -0.06112094223499298
5689 3.1594884395599365 0.18178923428058624 -0.0689266175031662
5690 1.966684341430664 0.13776341080665588 0.1436387002468109
5691 1.576745629310608 -0.1390073001384735 -0.17441757023334503
5692 0.6525977253913879 0.1729842722415924 -0.14094069600105286
5693 0.31585052609443665 0.06461961567401886 -0.15828301012516022
5694 5.430313587188721 -0.13666094839572906 -0.17641320824623108
5695 1.1091939210891724 -0.14163105189800262 -0.19545142352581024
5696 5.059130668640137 0.11650214344263077 0.0067887865006923676
5697 2.6639773845672607 -0.1130189597606659 0.07669807970523834
5698 5.431034088134766 0.13153262436389923 -0.04364404454827309
5699 0.2515943646430969 -0.14320963621139526 0.10573068261146545
5700 2.9335384368896484 -0.13075290620326996 -0.10285275429487228
5701 4.8051934242248535 0.1473357081413269 -0.14111249148845673
5702 1.288716197013855 -0.22183237969875336 -0.1225130558013916
5703 1.9390591382980347 0.04900871589779854 0.19161446392536163
5704 1.2581950426101685 0.04691707342863083 0.1386461704969406
5705 2.6917340755462646 0.16430352628231049 -0.10371441394090652
5706 2.5014467239379883 -0.023075975477695465 -0.22307521104812622
5707 0.8459123969078064 -0.09460471570491791 -0.17505142092704773
5708 3.655179738998413 -0.1165851578116417 -0.17014361917972565
5709 3.579472780227661 -0.018085045740008354 0.2030838429927826
5710 0.15838934481143951 0.17225828766822815 -0.08543089032173157
5711 4.731996536254883 -0.009176401421427727 -0.195363387465477
5712 5.4821457862854 0.09087521582841873 0.10501635819673538
5713 1.9591041803359985 -0.06443145126104355 -0.15737664699554443
5714 3.4038169384002686 0.08124048262834549 -0.17815546691417694
5715 2.560173273086548 0.04401712492108345 0.20337368547916412
5716 0.9438649415969849 0.19966542720794678 0.0173361673951149
5717 4.0061540603637695 0.23032939434051514 -0.032846760004758835
5718 0.7361158728599548 0.010634426027536392 -0.1459665447473526
5719 2.138259172439575 -0.20322076976299286 0.008380728773772717
5720 2.4543464183807373 -0.21339493989944458 0.05229177698493004
5721 1.5047478675842285 0.09258131682872772 0.10704485327005386
5722 4.39847993850708 0.16314320266246796 0.15061047673225403
5723 4.6547698974609375 -0.062047675251960754 0.21325373649597168
5724 4.781827449798584 0.004035074729472399 0.21151790022850037
5725 4.142653942108154 -0.2266102284193039 0.009868215769529343
5726 5.5971221923828125 0.04404836148023605 0.1909814327955246
5727 1.3937737941741943 -0.20387597382068634 -0.08517522364854813
5728 1.1477526426315308 0.135793536901474 0.07029391080141068
5729 4.111759662628174 -0.08304490149021149 -0.18881835043430328
5730 5.919917583465576 -0.10723436623811722 0.18918807804584503
5731 4.352627754211426 0.15906918048858643 -0.10131704062223434
5732 3.1796622276306152 -0.05374830961227417 -0.11908697336912155
5733 2.945702075958252 -0.2025861293077469 -0.03918972238898277
5734 3.0605275630950928 0.1749691218137741 0.07590280473232269
5735 1.245367407798767 0.17458544671535492 0.09011727571487427
5736 2.861083984375 0.06539864838123322 -0.18212606012821198
5737 5.0477447509765625 0.14971111714839935 0.1153777688741684
5738 2.0236761569976807 0.2171807736158371 0.0897420197725296
5739 0.4487401843070984 -0.007626981008797884 0.23044100403785706
5740 5.272395610809326 -0.055468443781137466 -0.2185116410255432
5741 0.5002435445785522 0.1118142157793045 0.19863882660865784
5742 1.5219039916992188 -0.042723141610622406 -0.20711418986320496
5743 0.9818127155303955 0.12350010871887207 -0.19414710998535156
5744 2.9338223934173584 -0.061231277883052826 0.20648545026779175
5745 2.8005330562591553 -0.19463172554969788 0.08501971513032913
5746 5.0895586013793945 -0.10874750465154648 0.11450392007827759
5747 0.06586488336324692 0.2233780473470688 -0.07048044353723526
5748 1.5545156002044678 0.17850956320762634 0.015456896275281906
5749 2.414447546005249 0.22054030001163483 -0.07166440784931183
5750 0.400725781917572 0.16119326651096344 0.12506000697612762
5751 1.9897223711013794 0.1877986192703247 -0.07438644021749496
5752 2.270443916320801 -0.11095679551362991 -0.13002313673496246
5753 5.096004962921143 0.10803155601024628 -0.1250196099281311
5754 4.3457794189453125 0.148393452167511 -0.1761946678161621
5755 0.091743603348732 0.2055121511220932 0.03411288931965828
5756 4.007260322570801 0.021565092727541924 0.15418380498886108
5757 1.798125147819519 0.17975130677223206 0.01600942574441433
5758 1.5471166372299194 -0.015434978529810905 0.1698382943868637
5759 1.8370873928070068 -0.07390213757753372 0.1651608943939209
5760 2.4304497241973877 -0.1800471842288971 -0.05552392080426216
5761 3.2320594787597656 0.18276600539684296 0.024764105677604675
5762 0.20952199399471283 -0.06941956281661987 0.19358591735363007
5763 4.142923831939697 -0.14995431900024414 -0.17447762191295624
5764 3.3970367908477783 -0.14154236018657684 -0.032560572028160095
5765 0.40494292974472046 -0.109691321849823 0.14939023554325104
5766 1.1010642051696777 0.005259805824607611 -0.21982595324516296
5767 2.741180181503296 0.15828590095043182 0.02829618752002716
5768 3.0717036724090576 -0.1879418045282364 0.046015240252017975
5769 4.939939022064209 0.10842572152614594 -0.15481942892074585
5770 5.684318542480469 0.12175437062978745 -0.0657152608036995
5771 3.893730401992798 0.0061215427704155445 -0.12234824150800705
5772 0.12011075764894485 -0.011245462112128735 0.011398299597203732
5773 4.433863162994385 -0.09329869598150253 0.18749766051769257
5774 3.4833028316497803 -0.0964881107211113 -0.19022883474826813
5775 3.5272347927093506 0.003123277798295021 0.009309418499469757
5776 1.013046383857727 0.17885296046733856 0.10209206491708755
5777 1.453303337097168 0.15219199657440186 0.15139424800872803
5778 3.700268507003784 0.2273731678724289 -0.0281098373234272
5779 3.095418691635132 -0.168635293841362 -0.07018223404884338
5780 3.8143811225891113 -0.03417617827653885 -0.1890374720096588
5781 0.10868976265192032 0.007156565319746733 -0.19453738629817963
5782 1.5288981199264526 0.23258991539478302 -0.023035969585180283
5783 3.287053108215332 -0.11486629396677017 -0.1328391134738922
5784 4.303098201751709 -0.20273630321025848 -0.054723404347896576
5785 3.3374385833740234 -0.16790087521076202 0.08137001097202301
5786 1.5891993045806885 -0.20941190421581268 -0.005166920367628336
5787 4.320114612579346 -0.08338331431150436 0.1703774631023407
5788 3.940350294113159 -0.16554297506809235 -0.0690573900938034
5789 1.8696805238723755 0.2217571884393692 -0.03587266057729721
5790 4.48608922958374 0.11844448000192642 0.1649659276008606
5791 5.552635192871094 -0.17863760888576508 -0.08108320832252502
5792 2.1836800575256348 0.1302686333656311 -0.08355395495891571
5793 3.2555325031280518 0.006173021625727415 -0.18506157398223877
5794 0.07203255593776703 -0.1396399438381195 -0.12694045901298523
5795 3.0485901832580566 0.1850081831216812 -0.059381335973739624
5796 4.889562129974365 0.1740269809961319 0.1328280121088028
5797 5.313020706176758 -0.09456886351108551 0.162530779838562
5798 1.1886107921600342 -0.0727047249674797 0.2114553153514862
5799 2.542487382888794 -0.21105735003948212 0.041753627359867096
5800 0.5964493751525879 0.09744715690612793 -0.18711304664611816
5801 1.6662896871566772 -0.08338628709316254 0.13738533854484558
5802 3.897704601287842 -0.2244139313697815 -0.06264693289995193
5803 5.407657146453857 -0.00025920025655068457 0.16851648688316345
5804 2.3187427520751953 0.07781237363815308 0.21773679554462433
5805 3.6912803649902344 -0.14700645208358765 -0.025144921615719795
5806 5.150269985198975 0.10854237526655197 -0.1914103478193283
5807 5.3519182205200195 0.06001751124858856 -0.04290800914168358
5808 2.2658612728118896 0.17678552865982056 -0.12496136128902435
5809 3.060558319091797 0.22216585278511047 0.010861207731068134
5810 0.9439367055892944 -0.14949190616607666 0.16297709941864014
5811 1.8126872777938843 -0.09295462816953659 -0.12618236243724823
5812 5.765672206878662 -0.0999969094991684 -0.20958968997001648
5813 1.3196276426315308 -0.04763093963265419 0.17597730457782745
5814 0.3631608188152313 0.004138418938964605 -0.21031133830547333
5815 3.0239717960357666 -0.11435835808515549 0.13483034074306488
5816 1.315428614616394 0.13767506182193756 -0.1680678129196167
5817 2.7621853351593018 -0.03727070242166519 0.18446406722068787
5818 1.105364441871643 0.13842666149139404 -0.18759386241436005
5819 4.016852378845215 -0.07263287156820297 0.18863554298877716
5820 0.890131413936615 0.1471666395664215 -0.17457059025764465
5821 0.31535467505455017 0.145609512925148 -0.16924208402633667
5822 1.0643205642700195 -0.20691516995429993 -0.062288038432598114
5823 0.10618177801370621 -0.13773353397846222 -0.1891777515411377
5824 2.943748712539673 0.11129925400018692 0.13245438039302826
5825 5.569768905639648 0.003932151012122631 -0.14944250881671906
5826 3.958303451538086 -0.024644114077091217 0.22071658074855804
5827 4.7272138595581055 -0.045883987098932266 0.22240455448627472
5828 3.210085391998291 0.23042991757392883 0.06366238743066788
5829 1.2915894985198975 0.2121526449918747 -0.03670038655400276
5830 4.3947319984436035 -0.02157631516456604 -0.20334617793560028
5831 5.732757568359375 0.05418642982840538 -0.16385158896446228
5832 5.880010604858398 -0.1729019433259964 0.05155042186379433
5833 0.7074615955352783 -0.05507504940032959 0.21237312257289886
5834 2.854447841644287 0.022703029215335846 0.2034347951412201
5835 2.901979684829712 0.11134505271911621 0.1981106549501419
5836 3.109811782836914 -0.13245706260204315 -0.15796951949596405
5837 4.2410688400268555 0.16187410056591034 0.13155166804790497
5838 4.784712791442871 0.22046534717082977 -0.03129523992538452
5839 4.520546913146973 0.031219804659485817 0.21111980080604553
5840 3.346040725708008 -0.1654418706893921 -0.15256230533123016
5841 4.819678783416748 -0.1595977544784546 0.1011175736784935
5842 3.660238742828369 0.13961757719516754 0.17404325306415558
5843 1.3050315380096436 0.14183615148067474 0.024765629321336746
5844 2.435336112976074 0.12024465203285217 0.11045347899198532
5845 0.7997690439224243 0.1827770620584488 -0.10876616090536118
5846 1.3964993953704834 -0.13881075382232666 0.05219264328479767
5847 4.602193832397461 0.06152278184890747 0.2093842327594757
5848 1.5118509531021118 0.08008211851119995 0.1964273750782013
5849 2.1799561977386475 0.11229123175144196 0.12608791887760162
5850 3.1581032276153564 -0.011705350130796432 -0.2053655982017517
5851 1.311281442642212 0.15754437446594238 0.14653988182544708
5852 1.4554812908172607 0.1371413767337799 -0.17943690717220306
5853 0.26867547631263733 0.11951203644275665 -0.05523889511823654
5854 3.6030502319335938 0.19897295534610748 -0.03372493386268616
5855 1.5998339653015137 -0.01066991500556469 0.04726976901292801
5856 1.240383505821228 -0.15882964432239532 -0.1500065177679062
5857 0.06540273874998093 -0.0668962299823761 -0.17074455320835114
5858 3.906231164932251 -0.1023024246096611 -0.1590208262205124
5859 2.645322322845459 0.12108966708183289 0.11988438665866852
5860 3.210949659347534 0.1329665333032608 -0.14725704491138458
5861 3.954111337661743 -0.16191691160202026 0.09760697931051254
5862 5.010946273803711 0.01654510572552681 0.1564098298549652
5863 3.1829659938812256 -0.19945061206817627 -0.062190789729356766
5864 4.964144706726074 0.17777754366397858 0.0380590558052063
5865 2.839829444885254 0.19387608766555786 0.009516141377389431
5866 3.437988758087158 -0.1540166139602661 -0.1703949272632599
5867 0.1383170783519745 -0.03550693765282631 0.21807561814785004
5868 1.0857709646224976 0.10058561712503433 0.19228419661521912
5869 0.9405351877212524 -0.1402125209569931 -0.08241564780473709
5870 5.135417938232422 0.182956263422966 -0.0453525111079216
5871 2.751967191696167 -0.04673812910914421 -0.13618670403957367
5872 2.190124750137329 0.07091670483350754 0.21685132384300232
5873 5.466259002685547 0.0690741315484047 0.19592855870723724
5874 3.2990076541900635 0.08813463151454926 0.13753642141819
5875 0.9502739310264587 -0.09016437828540802 -0.17359408736228943
5876 1.7712150812149048 -0.14383772015571594 0.05346112325787544
5877 0.0772392526268959 0.07943686097860336 -0.2082347869873047
5878 3.5109505653381348 -0.07827367633581161 0.19606123864650726
5879 2.7006773948669434 -0.051664143800735474 0.22605130076408386
5880 4.7552971839904785 -0.13849875330924988 -0.11726564168930054
5881 1.2744487524032593 0.18738476932048798 -0.11674147844314575
5882 1.024227261543274 -0.008131884969770908 0.062046319246292114
5883 3.859541893005371 0.043873950839042664 -0.2081381231546402
5884 5.844823360443115 -0.019968917593359947 0.20420612394809723
5885 5.2357378005981445 -0.1556575745344162 0.10599637031555176
5886 1.241063117980957 -0.1844455897808075 0.05568966269493103
5887 1.3428065776824951 -0.10976758599281311 -0.21225832402706146
5888 0.34825414419174194 -0.23239333927631378 -0.0085007194429636
5889 0.8928319811820984 -0.16625602543354034 0.04029970243573189
5890 0.0977226048707962 0.2061561495065689 0.10685907304286957
5891 2.8397984504699707 -0.09975849837064743 -0.16961145401000977
5892 5.751220703125 0.15843842923641205 0.08530639111995697
5893 2.69421648979187 -0.12406037747859955 0.16559149324893951
5894 1.8606369495391846 -0.17004649341106415 -0.03488025441765785
5895 2.848132610321045 -0.20045578479766846 -0.047577641904354095
5896 0.3974981904029846 0.16087855398654938 -0.1420145332813263
5897 3.980936050415039 0.08643098920583725 -0.1548353135585785
5898 3.485445261001587 0.11607486754655838 -0.18121455609798431
5899 5.306926727294922 0.1332300454378128 -0.1578366458415985
5900 0.4432676136493683 0.2111397534608841 0.021523581817746162
5901 5.755284786224365 0.0651249811053276 0.1659022867679596
5902 2.1028051376342773 -0.23623347282409668 -0.03549325466156006
5903 4.073046684265137 -0.038064099848270416 -0.2283482551574707
5904 0.060106176882982254 -0.11665980517864227 0.21373510360717773
5905 3.0099258422851562 -0.14307287335395813 0.19237330555915833
5906 3.5504205226898193 -0.14540885388851166 0.16537798941135406
5907 5.9002580642700195 0.19859953224658966 0.01631535403430462
5908 5.155086040496826 0.20356029272079468 -0.11362888664007187
5909 1.1587185859680176 -0.11090592294931412 -0.11145567148923874
5910 3.772590398788452 0.04784894362092018 -0.0961519181728363
5911 2.3848793506622314 -0.011949975974857807 -0.015255309641361237
5912 3.356137990951538 0.16614551842212677 -0.09722819924354553
5913 0.7368748784065247 0.12957315146923065 -0.1590547114610672
5914 0.40311145782470703 0.2305489480495453 -0.03538304939866066
5915 3.695279598236084 -0.20970112085342407 -0.07688077539205551
5916 5.346549034118652 -0.034924838691949844 0.21673071384429932
5917 5.755355358123779 0.15800981223583221 -0.12698259949684143
5918 2.2368648052215576 0.1985824555158615 -0.029639247804880142
5919 2.8595855236053467 -0.03335766866803169 0.23800933361053467
5920 0.6947039365768433 -0.16424867510795593 0.12466108053922653
5921 5.306510925292969 0.1115829348564148 0.10026324540376663
5922 5.396610260009766 0.1602323055267334 -0.1303550750017166
5923 1.9226576089859009 0.17302463948726654 -0.12845133244991302
5924 4.0007405281066895 0.18687359988689423 0.1427905261516571
5925 1.4006046056747437 0.04608217626810074 0.17950525879859924
5926 0.6898542642593384 -0.0747956857085228 -0.18499073386192322
5927 3.2433085441589355 0.07251451164484024 0.20438486337661743
5928 5.639970302581787 0.17869654297828674 0.1270473152399063
5929 5.299334526062012 -0.1766844093799591 0.1425442397594452
5930 4.983345985412598 -0.19750727713108063 0.06098918989300728
5931 4.468010902404785 0.12447990477085114 -0.12462901324033737
5932 0.13347980380058289 0.22579210996627808 -0.041460126638412476
5933 5.823330879211426 -0.20075462758541107 0.09816883504390717
5934 2.1132490634918213 0.09536179900169373 -0.16468584537506104
5935 0.7701663374900818 0.2160370945930481 -0.03720596805214882
5936 1.6473864316940308 0.15810400247573853 -0.10309154540300369
5937 0.44045642018318176 0.07774120569229126 0.06980163604021072
5938 0.9279564619064331 0.19257541000843048 0.1017480343580246
5939 2.067885637283325 0.1607525795698166 -0.1547449380159378
5940 0.06186966598033905 0.15908069908618927 0.17748846113681793
5941 1.9576501846313477 -0.11427587270736694 -0.20559126138687134
5942 5.684040546417236 0.2075931429862976 0.05643870681524277
5943 1.5950038433074951 0.009330056607723236 -0.2133587896823883
5944 1.2491176128387451 -0.060417234897613525 -0.19548477232456207
5945 0.3446515202522278 0.15186044573783875 0.024962197989225388
5946 4.102959632873535 0.026936564594507217 -0.2323000133037567
5947 5.523161888122559 0.13039857149124146 0.17111976444721222
5948 3.546229839324951 0.17555931210517883 0.06470421701669693
5949 5.007530212402344 0.22773602604866028 -0.0013012144481763244
5950 2.6049695014953613 0.1738879680633545 0.15110217034816742
5951 2.1083006858825684 -0.1512530893087387 0.10904575884342194
5952 2.900012493133545 -0.06934256106615067 -0.2254611700773239
5953 5.9111008644104 0.05606725439429283 0.19425077736377716
5954 0.5315033197402954 0.08896142989397049 0.031071405857801437
5955 1.5510729551315308 0.040246669203042984 0.24867279827594757
5956 2.349790096282959 -0.12717872858047485 -0.17137029767036438
5957 3.745718002319336 0.12782393395900726 -0.15270541608333588
5958 5.062882423400879 -0.19935141503810883 -0.005323983728885651
5959 5.1109089851379395 0.032760608941316605 0.23589114844799042
5960 2.9648022651672363 0.029474563896656036 0.20333686470985413
5961 5.935818672180176 -0.20516963303089142 0.10864278674125671
5962 2.10363507270813 0.068260058760643 -0.0660335049033165
5963 1.6533445119857788 -0.1500885933637619 0.17047621309757233
5964 4.440934181213379 0.18351812660694122 0.0365220308303833
5965 2.707824230194092 -0.19625262916088104 0.06566721946001053
5966 0.914099395275116 0.08642259985208511 0.17987984418869019
5967 1.55010187625885 0.13653446733951569 -0.19130665063858032
5968 5.315464973449707 0.0013351792003959417 0.10704449564218521
5969 2.530198097229004 -0.19269290566444397 -0.05633837357163429
5970 3.216947555541992 0.1827540248632431 0.12801845371723175
5971 0.9580042958259583 0.15197132527828217 0.16431725025177002
5972 1.5067998170852661 -0.19149863719940186 -0.12663939595222473
5973 2.218747138977051 0.0896390825510025 -0.17516089975833893
5974 2.2799148559570312 -0.17002509534358978 -0.004452404100447893
5975 0.25018540024757385 0.18474555015563965 0.06356699019670486
5976 5.674086570739746 -0.186336949467659 0.031166190281510353
5977 2.816373348236084 0.09803841263055801 0.006891598924994469
5978 4.602650165557861 0.10236307233572006 -0.18554584681987762
5979 0.10294292122125626 0.10488612949848175 0.00475035747513175
5980 5.55070686340332 0.17261171340942383 0.03940063342452049
5981 0.19282573461532593 -0.19492700695991516 0.017327651381492615
5982 3.615553140640259 0.05896680802106857 -0.14074304699897766
5983 2.2717528343200684 -0.14008720219135284 0.11320015043020248
5984 4.146926403045654 0.022621436044573784 0.19304144382476807
5985 2.150811195373535 -0.1301293522119522 0.17844578623771667
5986 4.285280227661133 0.08142662793397903 0.12427327781915665
5987 1.7187193632125854 -0.19128112494945526 0.103861503303051
5988 0.09289364516735077 -0.01605869084596634 -0.09096922725439072
5989 3.212268829345703 0.19706319272518158 -0.13487377762794495
5990 2.3590848445892334 0.03633507713675499 -0.16111402213573456
5991 0.4322066307067871 -0.2154826819896698 0.012688175775110722
5992 4.48892879486084 -0.14420995116233826 0.06548275053501129
5993 4.843217849731445 0.06094285473227501 -0.18671049177646637
5994 4.854454517364502 -0.12913425266742706 0.17445769906044006
5995 2.360563278198242 0.21319055557250977 0.050431445240974426
5996 2.4593005180358887 -0.11994675546884537 0.14717306196689606
5997 0.4870538115501404 0.050647471100091934 0.2294524759054184
5998 5.3943681716918945 0.1402498185634613 0.14401771128177643
5999 2.648271083831787 0.06968434900045395 0.20021307468414307
6000 0.08474668860435486 0.11103252321481705 -0.08131927251815796
6001 2.1869258880615234 -0.20116791129112244 -0.12839451432228088
6002 3.741438865661621 -0.029940670356154442 0.17932181060314178
6003 3.7540037631988525 -0.13289925456047058 0.13643673062324524
6004 5.261345863342285 -0.06997431814670563 0.21521371603012085
6005 1.8552013635635376 0.03777825087308884 0.21347782015800476
6006 1.8450309038162231 0.12594512104988098 0.14028087258338928
6007 4.884894371032715 -0.19616684317588806 0.028627580031752586
6008 5.329276084899902 0.06312161684036255 0.18782326579093933
6009 4.564001083374023 0.18173621594905853 -0.08896399289369583
6010 2.061868906021118 0.22189243137836456 0.0012017146218568087
6011 2.3949239253997803 -0.1810712218284607 -0.12932302057743073
6012 3.2997679710388184 -0.20563675463199615 -0.00048237552982755005
6013 2.3917484283447266 -0.06039241701364517 0.1926833987236023
6014 4.48028564453125 -0.21171757578849792 -0.04002510756254196
6015 0.6904296875 0.11268776655197144 0.14324912428855896
6016 2.731377601623535 0.04333380609750748 0.21010228991508484
6017 2.8517894744873047 0.24850024282932281 0.014993998222053051
6018 5.3423261642456055 0.1655917912721634 0.17481116950511932
6019 0.8136489391326904 0.11937204003334045 -0.18691417574882507
6020 0.4928819239139557 0.17328353226184845 -0.09842225164175034
6021 1.5054614543914795 0.21140889823436737 0.07131216675043106
6022 0.24281352758407593 0.19013211131095886 -0.1025746539235115
6023 1.963987112045288 -0.12019854784011841 0.18069100379943848
6024 0.14568579196929932 -0.07107266783714294 -0.21670351922512054
6025 1.022905707359314 0.2140943855047226 -0.017708582803606987
6026 0.7994327545166016 0.07578136771917343 0.22389298677444458
6027 4.400058269500732 -0.1613791435956955 0.11659364402294159
6028 2.5128583908081055 0.16181643307209015 0.13582172989845276
6029 5.1060895919799805 -0.13637320697307587 -0.13388577103614807
6030 3.015896797180176 0.04195797070860863 -0.18703177571296692
6031 5.729423522949219 -0.16125017404556274 -0.13223257660865784
6032 4.307258129119873 0.19647672772407532 0.08094209432601929
6033 2.7348339557647705 -0.18086010217666626 0.13519185781478882
6034 4.234728813171387 -0.13951878249645233 -0.1652013063430786
6035 3.013925075531006 0.009142824448645115 -0.24111740291118622
6036 3.7246079444885254 0.02886676788330078 -0.1914052516222
6037 0.6069460511207581 -0.04853149503469467 0.19543245434761047
6038 5.850291728973389 -0.07570220530033112 0.2312568724155426
6039 2.1597652435302734 0.06234047934412956 -0.21621949970722198
6040 0.5395630598068237 -0.18706129491329193 -0.07195442169904709
6041 3.8925247192382812 -0.2357809990644455 0.004703938495367765
6042 2.838599681854248 -0.10535482317209244 0.16594207286834717
6043 2.0238535404205322 -0.18435658514499664 -0.10408058762550354
6044 3.7020907402038574 -0.15775391459465027 0.17542068660259247
6045 1.2581896781921387 0.0513661727309227 -0.22024019062519073
6046 0.5994851589202881 -0.21937166154384613 -0.022189117968082428
6047 0.7586479783058167 0.04937199130654335 -0.21515867114067078
6048 5.18203067779541 0.10214465856552124 0.1362752765417099
6049 4.495856285095215 -0.04715797305107117 0.21583081781864166
6050 5.825854778289795 -0.1423109620809555 -0.14347177743911743
6051 4.288103103637695 0.06749619543552399 0.20657505095005035
6052 5.447740077972412 0.21630272269248962 -0.04221734032034874
6053 1.8997732400894165 0.17203262448310852 0.15809403359889984
6054 2.2003917694091797 -0.038666192442178726 -0.18309630453586578
6055 2.492321491241455 0.10394006222486496 -0.15802329778671265
6056 3.900094985961914 0.06230400130152702 0.1812949925661087
6057 2.261618137359619 -0.13956670463085175 0.18506589531898499
6058 0.5504342913627625 -0.19091066718101501 0.06319818645715714
6059 1.9915835857391357 0.14287211000919342 -0.17173752188682556
6060 0.39172786474227905 0.14993713796138763 -0.19865913689136505
6061 4.41433572769165 0.2076696902513504 -0.0712127685546875
6062 3.2230401039123535 0.24168042838573456 0.0023366890382021666
6063 5.052914142608643 0.10208357125520706 0.1900544911623001
6064 0.6608847379684448 -0.03330691158771515 -0.23290856182575226
6065 5.924966812133789 -0.12692995369434357 0.0985465943813324
6066 3.6147258281707764 0.21612049639225006 0.045493729412555695
6067 5.5476603507995605 0.17302972078323364 -0.0739852711558342
6068 1.4920285940170288 -0.13061870634555817 0.1255870759487152
6069 2.3460195064544678 -0.20789417624473572 -0.05054780840873718
6070 2.3090295791625977 -0.2240140438079834 0.041662510484457016
6071 2.6062636375427246 0.11968079209327698 0.20701761543750763
6072 1.71481454372406 0.20226545631885529 -0.09126181155443192
6073 1.6702872514724731 0.11232482641935349 0.12818530201911926
6074 4.051577568054199 -0.1727435290813446 0.136369526386261
6075 3.9448447227478027 -0.12105352431535721 0.17874431610107422
6076 0.3491216003894806 0.2277921587228775 0.019584234803915024
6077 5.343914985656738 0.19436953961849213 -0.016446799039840698
6078 1.3832154273986816 -0.018656766042113304 -0.03497564420104027
6079 4.234836101531982 0.11669057607650757 -0.13890472054481506
6080 5.514261245727539 0.059262972325086594 -0.20118685066699982
6081 3.2379958629608154 -0.1757804900407791 -0.14128507673740387
6082 4.335293769836426 -0.201538547873497 0.06394907087087631
6083 1.11930513381958 0.0694529190659523 -0.2246340662240982
6084 1.4354850053787231 -0.1996064931154251 -0.1343914419412613
6085 0.2700069546699524 -0.22108294069766998 0.011973485350608826
6086 0.14038321375846863 -0.18412593007087708 0.11975478380918503
6087 1.8920484781265259 -0.14907999336719513 -0.1411202996969223
6088 3.113987922668457 0.19697420299053192 0.12112734466791153
6089 1.0998120307922363 0.2088317722082138 0.06021324545145035
6090 5.7851881980896 -0.008595447987318039 -0.20815783739089966
6091 0.0639863908290863 0.003720124252140522 0.24764606356620789
6092 3.0112154483795166 -0.11894163489341736 -0.16425441205501556
6093 0.054567549377679825 -0.2290494590997696 -0.07927555590867996
6094 5.4812092781066895 0.18354330956935883 0.13580098748207092
6095 3.5241539478302 0.16966646909713745 -0.16088102757930756
6096 3.88610577583313 0.09026272594928741 -0.016768407076597214
6097 5.78758430480957 0.046895045787096024 0.22850088775157928
6098 5.837923526763916 0.2082386165857315 0.07068207114934921
6099 4.400856971740723 0.07333388179540634 0.22686825692653656
6100 5.151407241821289 0.17519614100456238 -0.1701337993144989
6101 1.9552382230758667 -0.018259776756167412 0.22689732909202576
6102 1.1941720247268677 -0.2010025680065155 -0.1291537582874298
6103 1.3157014846801758 0.0592418909072876 0.20528803765773773
6104 4.911006450653076 0.1535823941230774 -0.18753297626972198
6105 1.9401686191558838 -0.1978018879890442 0.024901989847421646
6106 2.9902093410491943 -0.18863743543624878 0.09050991386175156
6107 0.35646599531173706 -0.15148845314979553 -0.09831735491752625
6108 0.6510713696479797 -0.2090616226196289 -0.0831979438662529
6109 4.9761762619018555 -0.13474565744400024 -0.08978274464607239
6110 1.4399582147598267 0.18974658846855164 -0.10692472755908966
6111 3.801510810852051 -0.192274808883667 -0.06110578775405884
6112 5.263817310333252 0.20402206480503082 0.03588620200753212
6113 2.4946579933166504 -0.10540942847728729 0.037606507539749146
6114 0.493922621011734 -0.18781454861164093 -0.1316792070865631
6115 2.4500958919525146 0.21632517874240875 0.05844338983297348
6116 0.5310783982276917 -0.024615909904241562 -0.15670739114284515
6117 0.2195064276456833 0.0020392942242324352 -0.1981305181980133
6118 0.6127758622169495 -0.08405613899230957 0.07634728401899338
6119 1.8945997953414917 -0.05422095209360123 -0.2111961543560028
6120 0.5515286326408386 -0.0463411770761013 0.232023224234581
6121 5.948570251464844 0.023032760247588158 0.2240908294916153
6122 3.957545757293701 0.11380919069051743 -0.21056215465068817
6123 5.4913740158081055 0.13872797787189484 -0.14738847315311432
6124 5.530282974243164 -0.07376109808683395 0.13316495716571808
6125 4.70064115524292 -0.1972099244594574 -0.00217114738188684
6126 5.058434009552002 -0.040940720587968826 -0.18795205652713776
6127 5.544855117797852 -0.18760982155799866 0.03086007945239544
6128 5.397594928741455 0.2347472459077835 0.0028199662920087576
6129 2.9413583278656006 0.06100887060165405 -0.21467746794223785
6130 5.739126205444336 -0.040593188256025314 0.21524856984615326
6131 3.0404632091522217 0.23202034831047058 0.06764721870422363
6132 2.360138416290283 0.049818117171525955 -0.22947607934474945
6133 4.686978340148926 0.08284706622362137 0.2132347673177719
6134 0.758781909942627 -0.19544127583503723 0.05573635548353195
6135 5.9090728759765625 -0.0348542146384716 0.111745186150074
6136 3.515052556991577 -0.007835923694074154 -0.22104965150356293
6137 0.607177734375 0.08906183391809464 0.21288760006427765
6138 3.1737961769104004 0.22330237925052643 -0.10372419655323029
6139 4.107673645019531 0.014992361888289452 0.06389112025499344
6140 3.994823455810547 -0.12181902676820755 -0.1723599135875702
6141 2.698744297027588 0.1886027753353119 0.09970502555370331
6142 2.265411138534546 0.1926017552614212 0.0665450468659401
6143 3.105703353881836 0.18366794288158417 -0.12874813377857208
6144 3.435290813446045 -0.19957482814788818 0.03908506780862808
6145 5.760394096374512 0.2247675657272339 0.07651533931493759
6146 2.782994508743286 -0.05026913434267044 -0.21755512058734894
6147 2.6976122856140137 0.13406506180763245 -0.17919838428497314
6148 1.9347708225250244 0.19866396486759186 0.07717602699995041
6149 3.0575931072235107 0.11522337049245834 0.19471094012260437
6150 3.748831272125244 -0.12095847725868225 -0.1722777783870697
6151 0.4243968725204468 -0.05555545166134834 -0.2105519324541092
6152 2.3645737171173096 0.06370353698730469 0.055826202034950256
6153 2.0324456691741943 -0.20121589303016663 0.06070304289460182
6154 2.744462490081787 0.042948152869939804 -0.19416533410549164
6155 4.308004379272461 -0.013825937174260616 0.2164400815963745
6156 3.3033320903778076 0.07265878468751907 -0.20967330038547516
6157 2.663991928100586 -0.1919613629579544 0.13025276362895966
6158 1.9928804636001587 0.07139136642217636 -0.21389149129390717
6159 4.06903600692749 -0.0979015901684761 -0.05805134028196335
6160 0.7509864568710327 0.18902577459812164 0.06220594048500061
6161 2.403496503829956 0.1408652663230896 -0.17009003460407257
6162 4.202450752258301 -0.07794757932424545 -0.207491934299469
6163 3.532085418701172 0.13574710488319397 0.1730821430683136
6164 2.9339306354522705 -0.13453012704849243 0.18258140981197357
6165 1.350955843925476 0.20055660605430603 0.14439964294433594
6166 2.609266996383667 -0.20347459614276886 -0.08192665874958038
6167 2.391948938369751 -0.2283453494310379 0.009108864702284336
6168 2.445734977722168 0.18802206218242645 0.13280242681503296
6169 2.2997634410858154 -0.06490802764892578 -0.20815669000148773
6170 4.202829837799072 0.09589643776416779 0.18443025648593903
6171 1.5198936462402344 0.05757250264286995 -0.2077510803937912
6172 5.601086139678955 -0.20589235424995422 0.1482027769088745
6173 1.684396505355835 -0.004824094939976931 0.20030725002288818
6174 5.187350273132324 -0.09313768148422241 -0.17725655436515808
6175 4.2592010498046875 -0.10236131399869919 0.2060585618019104
6176 3.1279795169830322 -0.14399033784866333 0.1275615245103836
6177 0.2666642963886261 0.12726503610610962 0.1494714617729187
6178 1.5089991092681885 -0.21954485774040222 -0.02570558339357376
6179 5.011007308959961 0.050192784518003464 0.2225220650434494
6180 4.778099060058594 -0.2099035233259201 0.040269557386636734
6181 0.05841394513845444 0.1613234132528305 0.001017538015730679
6182 0.6116738319396973 0.02287699095904827 0.235382542014122
6183 1.81781804561615 -0.1818571835756302 0.11602107435464859
6184 5.107522964477539 -0.20279912650585175 -0.07897709310054779
6185 5.236910343170166 -0.2123536467552185 -0.007931433618068695
6186 3.398380994796753 0.008758246898651123 0.21054810285568237
6187 1.4669020175933838 -0.04094342142343521 0.04895806312561035
6188 1.839133858680725 0.14695653319358826 -0.1544061005115509
6189 1.8020018339157104 0.03479386493563652 -0.17606301605701447
6190 1.0189335346221924 -0.17720232903957367 0.13287094235420227
6191 5.467441082000732 0.20396874845027924 0.04968731850385666
6192 4.685473918914795 -0.1534091681241989 0.18868890404701233
6193 2.756781816482544 -0.15662352740764618 -0.10300204902887344
6194 2.655122756958008 -0.22148239612579346 0.004917023237794638
6195 4.713677883148193 0.13008026778697968 -0.16446350514888763
6196 1.2058664560317993 -0.23049110174179077 0.007373846601694822
6197 1.879247784614563 -0.03666944056749344 0.21991851925849915
6198 3.1497392654418945 -0.037873171269893646 0.11319082230329514
6199 2.1849441528320312 0.16014038026332855 -0.15784406661987305
6200 0.5729712843894958 0.19807486236095428 -0.09085860103368759
6201 3.953213691711426 0.024752801284193993 -0.21299900114536285
6202 4.765452861785889 -0.20661035180091858 -0.06469603627920151
6203 5.1617326736450195 -0.2338029444217682 -0.03008066490292549
6204 0.8655046820640564 0.2171090692281723 0.03668436035513878
6205 5.800306797027588 0.18884903192520142 0.13075806200504303
6206 2.5081417560577393 0.18552428483963013 -0.14558641612529755
6207 3.0631608963012695 -0.04861408472061157 -0.07575363665819168
6208 5.248746871948242 -0.09593874961137772 -0.040650736540555954
6209 1.192744493484497 0.15789827704429626 -0.14191673696041107
6210 1.4765563011169434 0.13491904735565186 0.03182263672351837
6211 1.7467432022094727 0.048188719898462296 0.21558907628059387
6212 4.514022350311279 0.09434209018945694 -0.1938668191432953
6213 3.434088945388794 0.20444871485233307 -0.08052926510572433
6214 5.685060977935791 0.1945730298757553 -0.10870692878961563
6215 1.9840432405471802 -0.23757503926753998 0.05896627902984619
6216 3.1499760150909424 0.2268543392419815 0.02100183628499508
6217 4.5658793449401855 0.1620814949274063 0.0819089263677597
6218 5.465394496917725 0.07445915788412094 -0.23295457661151886
6219 5.117980003356934 0.024974888190627098 -0.2092893272638321
6220 0.20459990203380585 -0.22882698476314545 0.07326140254735947
6221 4.427224159240723 -0.0036032209172844887 0.22167310118675232
6222 3.1362996101379395 -0.11030393838882446 0.19700224697589874
6223 3.9397571086883545 0.21224085986614227 0.08833474665880203
6224 3.3031105995178223 -0.09414740651845932 0.0048733362928032875
6225 1.6356377601623535 -0.1884203553199768 -0.1191883236169815
6226 5.47287654876709 -0.07105465978384018 -0.013922862708568573
6227 0.3428116738796234 -0.15708598494529724 0.16261020302772522
6228 3.7722394466400146 0.0678824931383133 0.18796230852603912
6229 4.259809970855713 0.18220269680023193 -0.14845620095729828
6230 5.2792582511901855 0.10250614583492279 0.21329106390476227
6231 1.1604548692703247 0.11248447000980377 0.1989254355430603
6232 5.428372383117676 -0.0905664786696434 -0.22189833223819733
6233 1.606560468673706 0.22191865742206573 -0.023953048512339592
6234 5.653161525726318 -0.08449122309684753 -0.17804720997810364
6235 4.613997936248779 -0.21575979888439178 -0.008106215856969357
6236 5.462630271911621 -0.011563561856746674 0.07594197243452072
6237 2.7631804943084717 0.2268049567937851 -0.0014588558115065098
6238 4.694844722747803 -0.19378450512886047 -0.10582765936851501
6239 5.220407962799072 0.05513732135295868 -0.20926187932491302
6240 4.3493828773498535 0.17636404931545258 -0.005059052724391222
6241 4.905070781707764 -0.1761125922203064 0.1187283992767334
6242 1.5918432474136353 0.11299434304237366 0.0738983154296875
6243 5.64640998840332 -0.04821353405714035 -0.23378986120224
6244 2.241941452026367 0.0764099508523941 0.021397987380623817
6245 5.9557576179504395 -0.17760387063026428 0.17760610580444336
6246 1.6085175275802612 0.1990663856267929 0.08187417685985565
6247 3.5220577716827393 -0.015213850885629654 0.11269021034240723
6248 4.257343292236328 0.2070648968219757 -0.0002889278985094279
6249 5.59892463684082 -0.017662106081843376 0.23093688488006592
6250 4.724870681762695 -0.17601650953292847 -0.1603362262248993
6251 3.848184823989868 -0.12576638162136078 0.16284245252609253
6252 4.2627034187316895 -0.19264081120491028 -0.11873328685760498
6253 5.785199165344238 0.11588723957538605 0.20474980771541595
6254 5.513655185699463 -0.16429510712623596 0.13515494763851166
6255 4.426534652709961 0.09070079028606415 -0.19395482540130615
6256 0.5986670851707458 0.16065606474876404 0.11514800786972046
6257 2.253776788711548 -0.0517989844083786 0.02656884491443634
6258 5.112178325653076 0.012894300743937492 0.06881492584943771
6259 0.7640302181243896 -0.11214010417461395 0.18997329473495483
6260 1.117026448249817 -0.15418794751167297 0.13676272332668304
6261 1.4433695077896118 -0.0819370448589325 -0.20848137140274048
6262 1.6082438230514526 0.08767195791006088 0.19282998144626617
6263 2.445777177810669 -0.25275129079818726 0.016450626775622368
6264 3.4512064456939697 0.16382497549057007 0.1220545768737793
6265 0.6394838690757751 0.23245546221733093 -0.0064032538793981075
6266 3.5211877822875977 -0.19708657264709473 0.07246492803096771
6267 4.14272403717041 0.2086121290922165 0.1480771005153656
6268 2.1822235584259033 0.2059893012046814 0.07706288993358612
6269 1.8964576721191406 -0.15979516506195068 0.15407711267471313
6270 5.8758320808410645 0.07809553295373917 0.06276249885559082
6271 5.666556358337402 -0.1986939162015915 -0.1011723130941391
6272 5.934842586517334 0.20136286318302155 0.12057970464229584
6273 5.691101551055908 0.11979398876428604 0.18184922635555267
6274 4.753957271575928 0.20854154229164124 -0.0992535799741745
6275 1.9466434717178345 -0.22732512652873993 -0.04225001856684685
6276 1.3928636312484741 -0.09301237016916275 0.19465114176273346
6277 4.046659469604492 0.19039824604988098 -0.11557488888502121
6278 0.8662120699882507 -0.22413836419582367 -0.006953734904527664
6279 5.935177803039551 0.014202479273080826 -0.23620456457138062
6280 0.957878053188324 0.09309934824705124 -0.029393481090664864
6281 5.064873218536377 0.23195254802703857 -0.0403650626540184
6282 4.589870929718018 -0.05588506534695625 -0.22525614500045776
6283 1.8082146644592285 -0.03272485360503197 -0.21978001296520233
6284 4.111396789550781 0.1670389622449875 -0.1525479108095169
6285 3.062933921813965 -0.18904273211956024 0.1246965155005455
6286 5.921625137329102 0.14274701476097107 0.06861276179552078
6287 1.2015563249588013 0.16473974287509918 0.1576048731803894
6288 0.20281119644641876 -0.08440029621124268 0.024892842397093773
6289 0.24820680916309357 -0.0628586858510971 0.23926614224910736
6290 0.5302741527557373 -0.1751597672700882 0.1388687789440155
6291 0.5610459446907043 0.1475994735956192 0.1772051304578781
6292 4.817351341247559 0.10383699089288712 -0.022635413333773613
6293 5.947099685668945 0.23588275909423828 0.07259327173233032
6294 3.494959831237793 -0.18129372596740723 -0.0744830071926117
6295 2.69991397857666 0.11967835575342178 0.20179066061973572
6296 3.4422354698181152 -0.22673670947551727 -0.058658793568611145
6297 4.57344388961792 0.13234834372997284 0.16487202048301697
6298 3.752875566482544 -0.198201984167099 0.13542033731937408
6299 2.593622922897339 -0.05599919706583023 0.18800024688243866
6300 0.9850488305091858 -0.20153889060020447 0.02689988724887371
6301 1.9750181436538696 0.10710105299949646 0.2057514786720276
6302 4.682461261749268 -0.0832386165857315 -0.19596771895885468
6303 5.002806663513184 -0.08863959461450577 0.1736350953578949
6304 5.927310943603516 -0.12301299721002579 -0.06719833612442017
6305 1.3947714567184448 -0.21937866508960724 0.05342424288392067
6306 0.8310463428497314 -0.09156684577465057 -0.05249957740306854
6307 1.889757513999939 0.012101075612008572 -0.10115978121757507
6308 2.2737841606140137 -0.08400694280862808 0.22165808081626892
6309 5.788073539733887 0.19710372388362885 -0.018766365945339203
6310 3.757864475250244 0.1636260747909546 0.14687731862068176
6311 2.4963622093200684 -0.09451865404844284 -0.06610950827598572
6312 5.239755630493164 -0.20299220085144043 -0.08967039734125137
6313 0.15444770455360413 0.23274673521518707 0.05068473145365715
6314 2.2744860649108887 -0.058119285851716995 0.10599953681230545
6315 4.188063144683838 0.08483950048685074 0.07852909713983536
6316 1.3438531160354614 0.2240648716688156 0.02225770615041256
6317 5.447182655334473 0.04261304810643196 -0.11008796840906143
6318 2.1095283031463623 0.20068638026714325 0.12129373848438263
6319 0.4877120554447174 -0.11234386265277863 -0.18062040209770203
6320 3.96620774269104 -0.22372663021087646 -0.021869413554668427
6321 4.153569221496582 -0.08544285595417023 0.05997840687632561
6322 0.5893324017524719 -0.21936236321926117 -0.09525138884782791
6323 4.64741849899292 -0.22185900807380676 -0.1159365102648735
6324 3.095557451248169 0.05876127630472183 -0.22868061065673828
6325 0.8946037888526917 -0.16685916483402252 -0.14525862038135529
6326 3.771463394165039 -0.21543148159980774 0.018125275149941444
6327 4.136602878570557 0.24590665102005005 0.022439561784267426
6328 1.9416111707687378 -0.1991851031780243 0.10818362236022949
6329 0.4359298348426819 -0.021140960976481438 0.1184786707162857
6330 5.006483554840088 0.08132662624120712 -0.20327943563461304
6331 1.3243656158447266 -0.17677630484104156 0.10447997599840164
6332 5.54249906539917 0.065758116543293 -0.06554365903139114
6333 2.058120012283325 -0.11888207495212555 0.17684948444366455
6334 2.3084816932678223 0.1124112531542778 -0.17606057226657867
6335 0.9684667587280273 0.03527474030852318 -0.1195339486002922
6336 1.3553458452224731 0.03622575104236603 0.06843394041061401
6337 3.0612919330596924 -0.0723850280046463 -0.20962347090244293
6338 2.9420738220214844 -6.912406388437375e-05 0.01133319828659296
6339 2.0400562286376953 -0.018237190321087837 -0.1995391547679901
6340 3.938356637954712 -0.21389205753803253 -0.11095919460058212
6341 3.6826422214508057 0.04393330588936806 0.10630463063716888
6342 2.147181510925293 0.2105250358581543 -0.026835927739739418
6343 4.648789405822754 0.11631251871585846 -0.21823905408382416
6344 2.653350591659546 -0.025276800617575645 0.2461930513381958
6345 0.7838843464851379 -0.019249921664595604 -0.22732698917388916
6346 5.877130508422852 0.14391441643238068 -0.09763101488351822
6347 0.051411230117082596 0.012420086190104485 -0.06386129558086395
6348 3.5647494792938232 -0.10145097970962524 -0.1973191797733307
6349 3.0162951946258545 0.039139971137046814 -0.08695866912603378
6350 2.2811167240142822 0.04199159890413284 0.10711894184350967
6351 4.665786266326904 0.005786250811070204 -0.1075010746717453
6352 3.0029122829437256 -0.2209336757659912 0.01638779044151306
6353 0.3165171444416046 0.05337806046009064 -0.2283431738615036
6354 4.340503215789795 0.23300117254257202 0.0330151692032814
6355 5.909073352813721 -0.06966044753789902 0.023093590512871742
6356 3.5534653663635254 0.0638369619846344 -0.2138957530260086
6357 2.655708074569702 -0.07449037581682205 -0.17991311848163605
6358 4.1870574951171875 -0.1882200837135315 -0.12570802867412567
6359 2.7617995738983154 -0.2133876383304596 -0.035837095230817795
6360 5.436461448669434 -0.1733688861131668 -0.06038163974881172
6361 5.450109481811523 -0.09054199606180191 0.1863137036561966
6362 0.9766187071800232 -0.08825710415840149 0.006031520199030638
6363 2.862851619720459 0.21567663550376892 0.07937716692686081
6364 4.61052131652832 -0.18629102408885956 0.08643801510334015
6365 1.742112159729004 -0.06803124397993088 0.20753444731235504
6366 1.4776008129119873 -0.1806136667728424 0.05062209069728851
6367 4.248157024383545 0.012601128779351711 -0.03520633652806282
6368 0.06272826343774796 -0.0759306252002716 -0.07361165434122086
6369 4.013376712799072 -0.002281897934153676 -0.23292919993400574
6370 1.713937520980835 -0.04129432514309883 0.037312403321266174
6371 2.640082836151123 0.20682835578918457 -0.11659874767065048
6372 3.271631956100464 0.08886249363422394 -0.04742163419723511
6373 4.437860012054443 0.16614031791687012 -0.16842392086982727
6374 4.5840864181518555 0.08715073764324188 -0.010365991853177547
6375 1.713166356086731 -0.07456653565168381 -0.11959894746541977
6376 3.496722459793091 -0.13707000017166138 0.2039855718612671
6377 1.1594821214675903 0.0020377496257424355 0.0437944270670414
6378 3.405642509460449 0.1589318960905075 -0.1595420241355896
6379 5.261557102203369 0.17471739649772644 -0.16763122379779816
6380 5.482013702392578 0.12280642241239548 0.02511822246015072
6381 5.293025493621826 0.1950932890176773 -0.0881204903125763
6382 5.5245795249938965 -0.07644306868314743 -0.18677368760108948
6383 5.9214606285095215 -0.045982230454683304 -0.14163756370544434
6384 0.5895299315452576 -0.14442592859268188 -0.1505390703678131
6385 5.929889678955078 0.19681619107723236 -0.11121822893619537
6386 3.776468515396118 0.21344910562038422 0.013050293549895287
6387 1.5691347122192383 -0.10726956278085709 0.1751451939344406
6388 4.902464866638184 0.06985903531312943 -0.2536250054836273
6389 2.7653205394744873 -0.10623341798782349 0.014495703391730785
6390 2.2610771656036377 -0.186089888215065 -0.1313387006521225
6391 5.948611736297607 0.2429257184267044 -0.04992737993597984
6392 4.480523586273193 0.012431398034095764 -0.031208384782075882
6393 0.2530008554458618 -0.14415352046489716 0.01387050747871399
6394 2.1021528244018555 -0.2198157012462616 0.0691925659775734
6395 3.4461159706115723 0.08001343160867691 -0.22810392081737518
6396 1.7961891889572144 0.16974693536758423 0.16229403018951416
6397 3.397902488708496 0.04268345236778259 -0.2400536686182022
6398 0.7602654695510864 -0.1445971578359604 -0.12219839543104172
6399 2.5563812255859375 0.20877240598201752 -0.056080035865306854
6400 1.240716576576233 -0.19258876144886017 0.12877297401428223
6401 3.516810178756714 0.2022189199924469 -0.08502337336540222
6402 4.488411903381348 0.23341721296310425 0.0360436774790287
6403 5.935999870300293 0.14620040357112885 -0.01439624186605215
6404 2.4449493885040283 -0.02258906699717045 0.06422486901283264
6405 0.25095391273498535 -0.1719861924648285 -0.09024159610271454
6406 3.9643471240997314 -0.06094319000840187 -0.2149399071931839
6407 5.9308905601501465 0.12729696929454803 -0.19314706325531006
6408 1.7320382595062256 -0.2207994908094406 -0.04830427095293999
6409 0.6381605267524719 0.21425527334213257 0.07144496589899063
6410 2.8614048957824707 0.1654457151889801 -0.1498795747756958
6411 5.529301643371582 0.1923407018184662 -0.13522852957248688
6412 5.95465612411499 0.03664589673280716 -0.19193512201309204
6413 4.979536533355713 0.1722472459077835 -0.1507161557674408
6414 2.2036561965942383 -0.1744224727153778 0.13768768310546875
6415 2.908723831176758 0.12442070245742798 -0.19125968217849731
6416 1.42363703250885 0.21230119466781616 0.04874364286661148
6417 4.3413920402526855 0.21596883237361908 -0.11861038208007812
6418 2.064347267150879 -0.14655323326587677 -0.16500695049762726
6419 4.4026408195495605 0.23353171348571777 0.04992816597223282
6420 5.926494121551514 0.07180601358413696 0.004621619358658791
6421 1.0261505842208862 -0.16895601153373718 -0.13128817081451416
6422 4.062019348144531 0.18070389330387115 -0.1732291579246521
6423 5.749701976776123 -0.12041328847408295 -0.02609984576702118
6424 3.439464807510376 0.08815407007932663 0.20273062586784363
6425 4.143096446990967 0.20823197066783905 -0.10110436379909515
6426 2.1064021587371826 -0.18244081735610962 0.16217678785324097
6427 0.4802982211112976 -0.08256662636995316 -0.06421734392642975
6428 2.2625651359558105 0.009312689304351807 -0.08388136327266693
6429 0.19995929300785065 -0.22086703777313232 -0.07619769871234894
6430 5.018023490905762 -0.027809053659439087 0.22059588134288788
6431 1.1072444915771484 -0.18411463499069214 -0.12679079174995422
6432 1.7549387216567993 0.2320549488067627 0.036138683557510376
6433 1.3186885118484497 -0.06389179825782776 0.23437856137752533
6434 0.3114522695541382 -0.09332075715065002 -0.17392484843730927
6435 5.088366508483887 0.20563481748104095 0.05522335693240166
6436 4.892230033874512 0.07773233205080032 0.1796538382768631
6437 2.4262561798095703 0.015394126065075397 -0.2279336303472519
6438 5.103139877319336 -0.0322452075779438 0.23743559420108795
6439 2.1971590518951416 -0.010653343051671982 -0.2572631239891052
6440 0.8562180995941162 -0.08553428202867508 0.18969398736953735
6441 5.198293209075928 0.14644913375377655 0.1860576570034027
6442 1.5530602931976318 0.15448004007339478 0.14895127713680267
6443 2.702017068862915 0.17374968528747559 0.1639563888311386
6444 3.283998727798462 0.02078465186059475 -0.23882903158664703
6445 5.7263054847717285 -0.2227458655834198 -0.08389807492494583
6446 5.404663562774658 0.08384018391370773 0.22151295840740204
6447 4.852169990539551 -0.19228734076023102 -0.09066055715084076
6448 1.8164923191070557 -0.16699065268039703 -0.1515159159898758
6449 3.3863415718078613 0.19905880093574524 0.11500904709100723
6450 4.696778774261475 0.2239765226840973 0.06713031977415085
6451 2.181641101837158 -0.05962594598531723 -0.07974106818437576
6452 5.898525238037109 -0.23505011200904846 0.03028644621372223
6453 3.1432271003723145 -0.21628062427043915 0.06123364716768265
6454 0.04653375223278999 0.08226048201322556 -0.10431921482086182
6455 4.3845014572143555 -0.07362312078475952 0.013320527039468288
6456 5.036281585693359 -0.21798798441886902 -0.07100939005613327
6457 1.3831392526626587 -0.05330168083310127 0.10025281459093094
6458 4.38909387588501 0.1369284987449646 0.20285175740718842
6459 3.554015874862671 -0.22877292335033417 0.010764245875179768
6460 2.82322359085083 -0.19118720293045044 -0.1195194274187088
6461 1.3049582242965698 0.09608561545610428 0.09273160994052887
6462 4.8498945236206055 -0.18707050383090973 0.15687839686870575
6463 5.507610321044922 -0.018699394538998604 0.20718826353549957
6464 5.072449684143066 0.1877085417509079 -0.11156471818685532
6465 5.233831882476807 -0.21868076920509338 0.06626288592815399
6466 3.300813913345337 0.1885276883840561 0.10771733522415161
6467 2.1820764541625977 -0.22050461173057556 0.06617511808872223
6468 1.8529179096221924 -0.20543035864830017 -0.09959764033555984
6469 3.5896239280700684 0.19889801740646362 -0.10940104722976685
6470 5.551693439483643 -0.1865331381559372 -0.14926517009735107
6471 2.867609977722168 0.0745188519358635 0.23088835179805756
6472 5.392325401306152 0.026267072185873985 0.24228742718696594
6473 4.31003475189209 -0.24639590084552765 0.04516301304101944
6474 0.8271945118904114 0.18006327748298645 0.10915809869766235
6475 4.693781852722168 0.07125425338745117 -0.2280317097902298
6476 5.798028469085693 -0.23857802152633667 0.05729549750685692
6477 3.478740692138672 0.21653437614440918 0.05263757333159447
6478 1.5438536405563354 -0.06980006396770477 0.08486150205135345
6479 2.6237096786499023 0.1939559280872345 0.02472109906375408
6480 4.2057037353515625 0.20983457565307617 0.07128126919269562
6481 5.245957851409912 0.2319938987493515 0.08421535044908524
6482 3.292210340499878 -0.08320283144712448 -0.20752520859241486
6483 5.562047004699707 0.0037454592529684305 -0.22658604383468628
6484 4.589248180389404 0.11682985723018646 0.21785986423492432
6485 2.8858742713928223 0.059373438358306885 0.14178650081157684
6486 5.6096343994140625 0.08809611201286316 -0.18393070995807648
6487 0.16173766553401947 0.14670303463935852 0.1856653392314911
6488 4.068217754364014 0.09859906882047653 0.11514691263437271
6489 4.510695934295654 0.18285809457302094 -0.14271508157253265
6490 2.163057565689087 -0.07011277973651886 0.07397077977657318
6491 2.183706521987915 -0.05923484265804291 0.2183961123228073
6492 5.015166759490967 0.21023863554000854 0.08362463116645813
6493 2.6845009326934814 0.032883889973163605 0.02155636064708233
6494 1.8967801332473755 -0.22696806490421295 0.06683390587568283
6495 1.949468731880188 0.10009536147117615 -0.22940310835838318
6496 5.069195747375488 0.20930084586143494 0.11668165028095245
6497 0.8041057586669922 -0.1896921992301941 -0.14323946833610535
6498 2.615267276763916 -0.1332823783159256 0.17954392731189728
6499 1.0581529140472412 -0.2128092646598816 0.07904127985239029
6500 0.30244535207748413 0.21057459712028503 0.10455518960952759
6501 5.907384395599365 -0.1245313361287117 -0.1768985241651535
6502 2.9050939083099365 0.0807357057929039 -0.021706072613596916
6503 5.591048240661621 0.1538543701171875 -0.17966432869434357
6504 3.0300135612487793 -0.21457558870315552 -0.05931864306330681
6505 1.6585289239883423 -0.22468353807926178 -0.055114854127168655
6506 2.0804386138916016 0.20276935398578644 -0.08065902441740036
6507 2.2320826053619385 -0.014794996939599514 0.2351069152355194
6508 3.8906190395355225 -0.10067153722047806 0.2139616757631302
6509 3.809682846069336 -0.2151428610086441 0.07981733232736588
6510 2.773127317428589 0.16177214682102203 -0.1395251303911209
6511 0.7608979940414429 -0.1922980546951294 0.12988436222076416
6512 1.7894984483718872 0.025493711233139038 -0.23791593313217163
6513 3.0540075302124023 -0.1327841877937317 -0.2054353803396225
6514 5.83040714263916 -0.1889234036207199 -0.04194134473800659
6515 0.34708401560783386 0.0550810806453228 0.2310308814048767
6516 5.68674898147583 0.12828172743320465 -0.17276136577129364
6517 4.731897354125977 -0.021825576201081276 0.08699576556682587
6518 0.4365096986293793 -0.16127388179302216 -0.16652122139930725
6519 3.403272867202759 -0.2365446388721466 -0.005808976944535971
6520 2.5815868377685547 0.14333070814609528 -0.16046302020549774
6521 1.6891928911209106 -0.22595329582691193 0.015862051397562027
6522 4.83928108215332 0.03633422404527664 0.07722358405590057
6523 5.509393692016602 -0.047588977962732315 -0.09797356277704239
6524 5.359241008758545 0.08663314580917358 -0.20977510511875153
6525 4.900089263916016 -0.06623522192239761 -0.12814024090766907
6526 0.5013490915298462 -0.22650808095932007 -0.01849282532930374
6527 0.9968909621238708 0.0032115397043526173 -0.03138737380504608
6528 2.6732935905456543 0.11606767028570175 -0.023603307083249092
6529 0.4612167477607727 0.17442375421524048 -0.15737567842006683
6530 0.29121798276901245 0.1161220520734787 0.07354184240102768
6531 1.6852585077285767 0.09477737545967102 0.20353132486343384
6532 1.6276037693023682 -0.19257298111915588 0.07936360687017441
6533 0.26444560289382935 0.08853606879711151 0.21188358962535858
6534 0.8427907824516296 0.0403265543282032 -0.21802274882793427
6535 5.560975074768066 0.019300956279039383 0.09562583267688751
6536 3.7578177452087402 -0.1853305995464325 -0.1268886774778366
6537 4.275697231292725 -0.09470269083976746 -0.2077832818031311
6538 2.550729751586914 0.07453124225139618 0.06314689666032791
6539 3.446688175201416 0.242365300655365 0.006579340901225805
6540 4.909582138061523 -0.12854047119617462 -0.18071280419826508
6541 3.6070716381073 -0.18198199570178986 -0.05327993631362915
6542 5.460358142852783 0.19729645550251007 -0.12545669078826904
6543 2.347583532333374 0.001365342759527266 0.22339898347854614
6544 2.1821208000183105 0.206046923995018 -0.09489989280700684
6545 3.6101038455963135 0.17350979149341583 -0.16559574007987976
6546 0.40500620007514954 -0.21103204786777496 -0.06597524136304855
6547 1.5475200414657593 0.06426027417182922 -0.014743401668965816
6548 3.6657886505126953 0.010310607962310314 0.21042582392692566
6549 2.0212643146514893 0.034925803542137146 0.2125454694032669
6550 5.051879405975342 0.13811929523944855 -0.17969919741153717
6551 5.308025360107422 -0.23059074580669403 -0.013842795975506306
6552 4.8853440284729 0.17756660282611847 -0.07039082050323486
6553 3.16201114654541 0.057318177074193954 -0.14758805930614471
6554 0.28716057538986206 -0.01606380194425583 -0.2261316478252411
6555 4.811237335205078 -0.061315130442380905 0.2225492000579834
6556 1.1015292406082153 -0.12888523936271667 0.196599081158638
6557 1.5857478380203247 0.1324521154165268 -0.049555882811546326
6558 0.40344563126564026 0.10481302440166473 0.20461279153823853
6559 1.8158650398254395 -0.06767535209655762 0.22862237691879272
6560 3.6465446949005127 -0.17837780714035034 0.09462091326713562
6561 0.6693572998046875 0.11981899291276932 -0.19268111884593964
6562 4.895447254180908 -0.23102663457393646 -0.0851302221417427
6563 2.856661081314087 -0.17976310849189758 0.13624659180641174
6564 3.610290765762329 0.25143712759017944 -0.019251085817813873
6565 1.1516746282577515 -0.09775253385305405 -0.0022801454178988934
6566 4.932045936584473 -0.046144090592861176 0.20686155557632446
6567 5.625260353088379 -0.15560570359230042 -0.1543986201286316
6568 4.235401630401611 0.07176485657691956 -0.20967890322208405
6569 1.1515841484069824 -0.24750255048274994 -0.004615387879312038
6570 3.920701742172241 0.10586585104465485 0.08448971062898636
6571 2.5952510833740234 0.07298508286476135 0.2370527684688568
6572 3.230822801589966 0.020806467160582542 -0.09636252373456955
6573 2.8966777324676514 0.004171865526586771 -0.22881881892681122
6574 5.170242786407471 -0.07003755122423172 0.029682379215955734
6575 4.687334060668945 0.1807878017425537 0.1321917176246643
6576 2.9397428035736084 -0.16180309653282166 0.03170556575059891
6577 3.3571341037750244 -0.061123307794332504 -0.08140441030263901
6578 4.635457992553711 -0.10498436540365219 -0.0032278653234243393
6579 5.61226224899292 -0.22745424509048462 0.016774050891399384
6580 4.2228522300720215 0.20315051078796387 -0.07639645785093307
6581 2.866555690765381 0.20578815042972565 -0.07038723677396774
6582 5.0841498374938965 -0.026497850194573402 0.14043398201465607
6583 5.763191223144531 -0.23259380459785461 -0.02577926404774189
6584 2.7064530849456787 -0.02432413399219513 -0.2178622931241989
6585 2.402883768081665 -0.00788896158337593 0.2600809335708618
6586 5.032754421234131 -0.20400193333625793 0.11247929185628891
6587 3.266148567199707 -0.23800766468048096 0.04199574887752533
6588 4.256534576416016 -0.16660374402999878 0.16076181828975677
6589 1.0534485578536987 0.08545122295618057 -0.2225608378648758
6590 2.119137763977051 -0.05056452006101608 -0.208200141787529
6591 1.6393976211547852 0.04320281371474266 -0.0989476814866066
6592 3.607042074203491 -0.2051202952861786 0.13255761563777924
6593 4.419280052185059 -0.20503933727741241 -0.12658999860286713
6594 1.612287998199463 -0.06057582423090935 -0.2258547991514206
6595 5.355359077453613 -0.16513463854789734 -0.11746469885110855
6596 3.220646858215332 -0.046409379690885544 -0.2231433242559433
6597 1.6637166738510132 -0.0715632513165474 0.22053270041942596
6598 4.888774871826172 0.006609185598790646 0.23166939616203308
6599 0.4124947190284729 0.06620966643095016 -0.1549289971590042
6600 4.28472900390625 0.13678058981895447 0.1842309534549713
6601 3.786868095397949 0.06466957181692123 -0.21638046205043793
6602 4.161394119262695 -0.11737436801195145 -0.06799878180027008
6603 0.19339576363563538 0.031014619395136833 0.2259480357170105
6604 0.2955576479434967 0.004102208185940981 0.22987978160381317
6605 3.7222158908843994 -0.15367744863033295 0.05700958892703056
6606 1.5846349000930786 0.07695218920707703 -0.22065316140651703
6607 3.6897270679473877 0.19180846214294434 0.11910263448953629
6608 1.2992730140686035 -0.012770333327353 -0.22837378084659576
6609 4.94368839263916 0.20943009853363037 0.10001951456069946
6610 4.347683906555176 -0.19089652597904205 -0.13302187621593475
6611 2.594759464263916 0.03964812308549881 -0.01708277128636837
6612 3.8585517406463623 0.21585319936275482 -0.017500335350632668
6613 3.593012571334839 -0.18089669942855835 -0.14817401766777039
6614 4.386533737182617 -0.14028747379779816 -0.17776404321193695
6615 1.4820547103881836 -0.048876360058784485 0.21334436535835266
6616 5.924720287322998 -0.2180561125278473 -0.04276623576879501
6617 3.7151286602020264 -0.05317319184541702 -0.2103269249200821
6618 3.2213430404663086 0.2283155769109726 -0.060614071786403656
6619 3.4450764656066895 0.02556570991873741 -0.0573507659137249
6620 2.808332920074463 0.020052557811141014 -0.22688530385494232
6621 4.826160430908203 0.23619061708450317 0.017703263089060783
6622 4.595996379852295 -0.12167420238256454 0.16018903255462646
6623 5.804919719696045 0.05221717432141304 -0.0672299936413765
6624 2.523317575454712 0.1486385464668274 0.1933198720216751
6625 1.2938635349273682 -0.20791073143482208 -0.032161880284547806
6626 4.09623908996582 -0.18789361417293549 -0.0821034163236618
6627 2.683610439300537 -0.1817665696144104 -0.12714190781116486
6628 0.11543459445238113 0.14399994909763336 -0.1581689417362213
6629 3.4436233043670654 -0.05108621343970299 -0.22785845398902893
6630 3.794672727584839 -0.040002718567848206 0.22832973301410675
6631 4.8462934494018555 0.07481881976127625 0.22740814089775085
6632 1.6300543546676636 -0.11923543363809586 -0.2052282691001892
6633 5.764013290405273 0.05035831034183502 0.042368561029434204
6634 2.887108325958252 -0.16507679224014282 -0.15406017005443573
6635 2.9591519832611084 -0.09397856891155243 -0.23892131447792053
6636 1.4051234722137451 -0.18042483925819397 0.12704238295555115
6637 1.1460973024368286 0.21319390833377838 -0.07510091364383698
6638 2.800647497177124 0.2291146069765091 0.05485076457262039
6639 3.4011874198913574 0.1205369383096695 0.014586696401238441
6640 1.1908334493637085 -0.021015122532844543 -0.23255504667758942
6641 5.07133150100708 -0.12213350832462311 0.18893671035766602
6642 2.398146867752075 0.12080143392086029 -0.2206076681613922
6643 5.4497480392456055 -0.007709822151809931 -0.21668972074985504
6644 4.566812992095947 0.22288762032985687 0.031075473874807358
6645 4.752272129058838 0.056178972125053406 0.23464514315128326
6646 0.8478465676307678 -0.2259604036808014 0.06165195256471634
6647 5.694897651672363 -0.024202466011047363 -0.05749519169330597
6648 1.4606822729110718 0.07978879660367966 -0.06338448822498322
6649 0.7244511246681213 -0.16452981531620026 0.17777244746685028
6650 0.46788841485977173 -0.11052796989679337 0.052273206412792206
6651 1.2400380373001099 0.04954081401228905 0.2215651422739029
6652 5.172288417816162 0.18421034514904022 0.11368449032306671
6653 2.22396183013916 -0.0622086226940155 0.24723690748214722
6654 2.7443530559539795 0.154874786734581 0.1969483196735382
6655 2.540205478668213 0.20648586750030518 0.0629861056804657
6656 2.7571911811828613 0.11453460901975632 -0.06191384047269821
6657 5.811717510223389 -0.13784417510032654 0.16255517303943634
6658 0.3752121329307556 -0.17984528839588165 -0.15402187407016754
6659 5.3746562004089355 0.14480765163898468 -0.18833516538143158
6660 0.9475187063217163 0.03291194140911102 0.2252894937992096
6661 0.3507329225540161 -0.008346001617610455 0.132954940199852
6662 4.018389701843262 0.23011364042758942 -0.08766906708478928
6663 0.8937170505523682 -0.05816526338458061 -0.22135856747627258
6664 1.093631625175476 0.08010569959878922 -0.025988943874835968
6665 1.4342602491378784 0.06495976448059082 -0.21231946349143982
6666 0.40037545561790466 -0.125982403755188 -0.015656940639019012
6667 0.2887345254421234 -0.02129558101296425 -0.08897174149751663
6668 5.182117938995361 0.21662966907024384 0.016924960538744926
6669 4.146305561065674 0.0520685575902462 -0.03139157593250275
6670 3.6380958557128906 0.002756211208179593 -0.21031241118907928
6671 2.0196373462677 0.03921738639473915 0.08743145316839218
6672 1.9637058973312378 0.03174779564142227 0.2487131655216217
6673 5.129671096801758 -0.057218439877033234 -0.21638235449790955
6674 0.189857617020607 -0.0472618006169796 -0.07113774120807648
6675 4.027196884155273 -0.2155470997095108 -0.0664716511964798
6676 4.7537078857421875 -0.21875308454036713 0.09972210973501205
6677 4.5084099769592285 -0.23578526079654694 0.017970839515328407
6678 0.7132617235183716 -0.1254141926765442 -0.21007922291755676
6679 5.00113582611084 0.2185952067375183 -0.073522187769413
6680 2.508566379547119 0.1374845802783966 -0.0032911100424826145
6681 2.9832911491394043 0.225208580493927 0.010018052533268929
6682 1.6849772930145264 -0.027790289372205734 -0.24469704926013947
6683 2.1021223068237305 -0.01667758636176586 0.15275664627552032
6684 2.430510997772217 0.05918286368250847 0.19031326472759247
6685 5.199957847595215 0.0217449814081192 0.23305848240852356
6686 4.178561210632324 -0.018546417355537415 -0.11637333780527115
6687 0.7980075478553772 -0.0026886293198913336 0.14696282148361206
6688 1.9476960897445679 -0.1956699639558792 -0.11368171125650406
6689 3.8689959049224854 0.15264344215393066 0.03720617666840553
6690 5.934730052947998 -0.1371743232011795 0.026148643344640732
6691 2.226914167404175 0.05204800143837929 -0.23102834820747375
6692 1.9771982431411743 0.21488620340824127 0.005263372324407101
6693 4.959048271179199 -0.2290375977754593 -0.004309101961553097
6694 4.148157119750977 0.10854458808898926 -0.1946040689945221
6695 5.5272393226623535 -0.11857530474662781 -0.1222422793507576
6696 1.1943204402923584 0.20242547988891602 0.01035119965672493
6697 2.014192581176758 -0.11260760575532913 -0.22083225846290588
6698 5.040628433227539 0.26216942071914673 -0.010845678858458996
6699 1.3093587160110474 0.002068942179903388 0.23923629522323608
6700 0.8986937403678894 0.16929231584072113 0.17433468997478485
6701 0.1557602882385254 -0.24025267362594604 -0.010524069890379906
6702 3.272043228149414 0.00395780336111784 0.22478681802749634
6703 2.8817124366760254 0.02648073434829712 0.24901366233825684
6704 1.7680249214172363 0.22376643121242523 -0.03859315067529678
6705 5.756468296051025 -0.14590582251548767 0.19327706098556519
6706 3.654703140258789 0.0895487442612648 -0.20491749048233032
6707 5.452206134796143 -0.1581602245569229 0.16819104552268982
6708 5.693248748779297 -0.22609636187553406 0.08085596561431885
6709 4.157890796661377 0.11935613304376602 -0.09103502333164215
6710 0.2268422245979309 0.23261988162994385 -0.05556102097034454
6711 1.692728042602539 0.22371216118335724 -0.012800932861864567
6712 2.6546597480773926 0.022981930524110794 -0.23246973752975464
6713 3.811053514480591 0.012202403508126736 0.06820961087942123
6714 2.411824941635132 -0.20542775094509125 0.10929255932569504
6715 0.10743630677461624 -0.18967123329639435 -0.15602102875709534
6716 1.4610037803649902 -0.052719566971063614 0.1320163756608963
6717 5.438879489898682 -0.11303512006998062 0.0752003863453865
6718 1.6431528329849243 0.17262069880962372 0.156903475522995
6719 4.1020026206970215 0.15862011909484863 0.1872730851173401
6720 0.5707258582115173 0.21660706400871277 0.10470955818891525
6721 4.003329753875732 -0.13551057875156403 0.0074161444790661335
6722 5.841812610626221 0.2368345707654953 -0.0038291846867650747
6723 0.8564888834953308 -0.1613364964723587 0.1451566517353058
6724 2.195112943649292 0.05142638459801674 -0.0478939525783062
6725 3.260059118270874 0.034501221030950546 0.0485837422311306
6726 4.027299880981445 0.10392654687166214 -0.20519767701625824
6727 1.2611428499221802 -0.10495669394731522 0.19449001550674438
6728 3.1701440811157227 0.21596185863018036 0.1085585504770279
6729 4.761521339416504 0.19809386134147644 0.10934057086706161
6730 5.092191696166992 0.014079354703426361 -0.11934473365545273
6731 0.7935324311256409 0.24452640116214752 0.013238565064966679
6732 3.6519877910614014 -0.21470600366592407 0.014791705645620823
6733 3.2058448791503906 -0.1135745421051979 0.05460326001048088
6734 5.902098178863525 -0.24045415222644806 -0.08226471394300461
6735 5.350718021392822 0.10951714217662811 0.22004063427448273
6736 0.0518626905977726 0.2449461817741394 0.03124072775244713
6737 0.5602560043334961 0.22059527039527893 -0.014595942571759224
6738 0.22796279191970825 0.0959114283323288 -0.18422144651412964
6739 4.871457099914551 0.11117304116487503 -0.212777778506279
6740 3.9113776683807373 0.13838519155979156 0.1821422576904297
6741 4.396533966064453 -0.2273755967617035 0.004567099269479513
6742 3.323197841644287 0.20894812047481537 0.01952507346868515
6743 3.1411726474761963 0.009212328121066093 -0.25114771723747253
6744 5.359831809997559 0.2173091471195221 -0.08142303675413132
6745 1.3276290893554688 -0.1730376034975052 -0.15416556596755981
6746 3.821394920349121 -0.09214936196804047 0.06718958914279938
6747 1.4624310731887817 0.02582894079387188 0.22203533351421356
6748 2.0632708072662354 -0.03187933564186096 0.22176554799079895
6749 3.311054229736328 0.11553888767957687 0.046566300094127655
6750 5.222042083740234 0.20771098136901855 0.1306111365556717
6751 3.739105463027954 -0.07213497906923294 0.22764234244823456
6752 4.568970680236816 -0.1973026543855667 -0.09212297201156616
6753 4.632199764251709 0.23054605722427368 0.04743151366710663
6754 0.11677619814872742 -0.145881786942482 0.17890362441539764
6755 4.2078046798706055 0.054377079010009766 -0.0930350124835968
6756 0.5545676350593567 0.15757519006729126 -0.16214537620544434
6757 2.3392081260681152 -0.09425309300422668 0.008540467359125614
6758 2.987534284591675 0.07464565336704254 0.23408398032188416
6759 3.8435981273651123 -0.06392055004835129 -0.11310150474309921
6760 2.0094730854034424 -0.09083756804466248 -0.07708218693733215
6761 2.3334081172943115 -0.19064480066299438 0.10992905497550964
6762 2.842500686645508 0.024879159405827522 -0.09302885830402374
6763 4.868347644805908 -0.10789864510297775 0.044017184525728226
6764 3.2451703548431396 0.08971869200468063 -0.22617360949516296
6765 5.842348098754883 0.0062879822216928005 0.008409600704908371
6766 5.927941799163818 0.025959305465221405 0.07317400723695755
6767 5.191789627075195 -0.23217608034610748 -0.08821504563093185
6768 2.5518734455108643 -0.1690991222858429 -0.13653026521205902
6769 2.248201370239258 -0.21990102529525757 -0.0655709058046341
6770 4.334352970123291 0.08159030228853226 -0.2118855118751526
6771 3.599614381790161 -0.024432899430394173 -0.06975336372852325
6772 3.9698266983032227 -0.057464614510536194 -0.08916075527667999
6773 2.874661445617676 0.042120590806007385 0.05394245311617851
6774 1.522621989250183 -0.15789245069026947 0.17735153436660767
6775 5.091955184936523 -0.22101636230945587 0.0613570436835289
6776 5.604208946228027 -0.14142799377441406 -0.20494037866592407
6777 4.214092254638672 -0.22491426765918732 0.03232196345925331
6778 1.8394736051559448 -0.23277300596237183 -0.005611954722553492
6779 5.936485767364502 0.11107320338487625 -0.11382761597633362
6780 0.4505896270275116 -0.2513410151004791 -0.02806899882853031
6781 0.6318452954292297 -0.0012056534178555012 -0.13688090443611145
6782 5.799259185791016 -0.041743043810129166 0.24004779756069183
6783 5.35630464553833 -0.06107892096042633 -0.21880769729614258
6784 0.7459081411361694 0.1299431174993515 0.18977218866348267
6785 5.815284729003906 -0.08189724385738373 0.030628662556409836
6786 4.939227104187012 0.056191012263298035 -0.006455020979046822
6787 4.043844699859619 0.08370526880025864 -0.05309893935918808
6788 2.392487049102783 0.22543464601039886 0.09968166053295135
6789 0.034691743552684784 -0.08276592195034027 -0.04517023265361786
6790 3.084658622741699 -0.005942750722169876 -0.15268924832344055
6791 0.16019517183303833 0.01445742230862379 0.11688673496246338
6792 0.7502089738845825 0.08306713402271271 -0.03391093760728836
6793 5.83280086517334 -0.09890148043632507 -0.05742518603801727
6794 3.6966936588287354 -0.14571018517017365 0.1139320582151413
6795 0.6842092275619507 0.07387837767601013 0.21123625338077545
6796 4.900698661804199 0.10856606811285019 0.06383826583623886
6797 4.115335941314697 -0.14093345403671265 0.0032748058438301086
6798 5.68431282043457 0.0307285375893116 0.20953495800495148
6799 2.47114634513855 -0.12675632536411285 -0.16380131244659424
6800 5.601366996765137 -0.10516448318958282 0.20925338566303253
6801 0.553386926651001 -0.055534932762384415 -0.23362915217876434
6802 4.7436981201171875 -0.07734915614128113 -0.02303267829120159
6803 0.36338362097740173 0.1853964626789093 -0.17294809222221375
6804 4.484200954437256 0.006369302049279213 -0.206898495554924
6805 0.4866720736026764 -0.11201263964176178 0.18197305500507355
6806 2.5095102787017822 -0.07466374337673187 0.2025107890367508
6807 4.472846984863281 -0.039193928241729736 0.061416760087013245
6808 0.061814453452825546 0.07088888436555862 0.16434255242347717
6809 2.79604434967041 0.19381898641586304 0.12235511839389801
6810 4.471140384674072 0.18345338106155396 0.11451338976621628
6811 5.506843090057373 0.23028980195522308 0.08652711659669876
6812 5.041564464569092 0.24178758263587952 0.043142277747392654
6813 3.538994550704956 -0.1096898764371872 0.002016126411035657
6814 2.1162612438201904 0.10135073959827423 0.19395825266838074
6815 1.688584327697754 0.09861693531274796 -0.07036148756742477
6816 3.3419296741485596 0.01568063534796238 -0.14010600745677948
6817 5.235591411590576 -0.13890720903873444 0.18071317672729492
6818 3.367241382598877 -0.09854675829410553 0.11750546097755432
6819 4.1989665031433105 -0.0033181181643158197 0.04459863156080246
6820 0.16520638763904572 -0.21190416812896729 -0.15692242980003357
6821 2.3258543014526367 -0.03963955491781235 -0.12557002902030945
6822 3.972822427749634 0.15028752386569977 0.1853265017271042
6823 2.6742970943450928 0.029716791585087776 -0.09952730685472488
6824 3.3588449954986572 0.10252167284488678 -0.2176802158355713
6825 0.8877089619636536 0.22944092750549316 0.10493588447570801
6826 0.33492252230644226 0.1690749228000641 0.1541934460401535
6827 5.516063213348389 0.042826127260923386 0.23208469152450562
6828 0.5320366024971008 -0.025549383834004402 0.08927255123853683
6829 1.0384771823883057 0.2331034243106842 0.06223791465163231
6830 3.7371952533721924 -0.0604657344520092 -0.07899213582277298
6831 3.1403677463531494 0.1325194388628006 0.1725042164325714
6832 0.6347612738609314 -0.1010504886507988 0.2201070636510849
6833 3.611499786376953 -0.047058772295713425 0.035770807415246964
6834 5.672709941864014 -0.0732538253068924 0.04186870902776718
6835 3.683657169342041 0.12563417851924896 0.02440144121646881
6836 0.6409429311752319 0.0806654691696167 -0.2312629520893097
6837 4.514525890350342 0.08600302040576935 -0.062264714390039444
6838 5.518881797790527 0.04031146690249443 0.0181681327521801
6839 1.4875297546386719 -0.24060353636741638 0.0377221442759037
6840 3.0042457580566406 -0.2172955572605133 -0.11333785951137543
6841 0.5032375454902649 0.22992433607578278 -0.06661399453878403
6842 3.9511311054229736 0.04787643253803253 0.23063625395298004
6843 5.254905700683594 0.0018299899529665709 -0.09206705540418625
6844 4.5840983390808105 -0.034264396876096725 0.06592737138271332
6845 5.7335991859436035 0.23110221326351166 0.011215049773454666
6846 5.005246639251709 -0.13125507533550262 -0.17236904799938202
6847 0.28341612219810486 -0.20151497423648834 -0.16332244873046875
6848 0.05797555670142174 0.02730274572968483 -0.15894347429275513
6849 3.7460930347442627 0.20970334112644196 -0.10451806336641312
6850 3.8333890438079834 0.06882063299417496 0.1282348781824112
6851 5.605972766876221 0.22009596228599548 -0.05857887119054794
6852 1.3313201665878296 -0.03896982595324516 0.03184321150183678
6853 1.657677173614502 0.032511156052351 0.24071075022220612
6854 4.895042896270752 -0.2050292193889618 0.15646913647651672
6855 4.566053867340088 -0.16599616408348083 -0.1591597944498062
6856 4.552759170532227 -0.20716078579425812 0.11320935934782028
6857 1.6769986152648926 0.041392844170331955 0.06555301696062088
6858 4.33945894241333 -0.1619073897600174 0.1606188416481018
6859 3.164055585861206 -0.10542494058609009 -0.035412054508924484
6860 5.3110737800598145 -0.10764835774898529 -0.21160805225372314
6861 3.76143741607666 0.23434527218341827 -0.04552355781197548
6862 0.07610487192869186 -0.08614987879991531 0.0741523951292038
6863 3.826259136199951 -0.24093542993068695 0.026983149349689484
6864 0.6263046264648438 0.22375020384788513 -0.09377574175596237
6865 3.8553829193115234 -0.18834295868873596 -0.12163791805505753
6866 0.6242272257804871 0.05350319296121597 0.07838208228349686
6867 2.3888590335845947 -0.04245229437947273 -0.2311088591814041
6868 5.952632427215576 -0.12011796981096268 -0.14557906985282898
6869 3.829385280609131 0.10373211652040482 -0.07504044473171234
6870 5.777962684631348 -0.035473939031362534 -0.03317127749323845
6871 5.249658584594727 -0.16953182220458984 -0.15504179894924164
6872 3.237396478652954 0.14131391048431396 0.18344008922576904
6873 4.606505393981934 0.2223794013261795 -0.03678642958402634
6874 1.6582489013671875 0.1599913239479065 -0.17204836010932922
6875 2.9999070167541504 -0.03241070732474327 0.2264586091041565
6876 2.8914501667022705 -0.24153557419776917 -0.022208165377378464
6877 1.7701297998428345 -0.10063477605581284 -0.19537542760372162
6878 2.0732545852661133 -0.08968885242938995 0.04262160509824753
6879 3.143404960632324 -0.08673864603042603 -0.20938463509082794
6880 1.00141441822052 0.20061971247196198 -0.11318230628967285
6881 0.8461325764656067 -0.017627514898777008 0.22725245356559753
6882 2.725468873977661 -0.16385696828365326 0.18630759418010712
6883 4.988986968994141 -0.14680789411067963 0.19292472302913666
6884 5.953333377838135 0.1023174300789833 0.1684725433588028
6885 1.0121245384216309 -0.0756232962012291 0.10927580296993256
6886 2.3520569801330566 0.1661793738603592 -0.18222686648368835
6887 2.033358097076416 -0.22627338767051697 -0.047372136265039444
6888 4.4211506843566895 -0.0497768297791481 -0.1039968803524971
6889 1.2536511421203613 0.009247013367712498 -0.08209958672523499
6890 3.447087287902832 -0.16738969087600708 0.14504031836986542
6891 2.9928672313690186 0.11534077674150467 -0.0441032275557518
6892 2.148622989654541 0.121234230697155 0.027626773342490196
6893 5.1383466720581055 0.1163865253329277 0.2045258730649948
6894 3.8324079513549805 -0.1131630390882492 -0.19062170386314392
6895 4.268372535705566 0.10349740087985992 0.01342700608074665
6896 4.814734935760498 0.1202717274427414 0.11258561909198761
6897 1.6392056941986084 0.03189945966005325 -0.24494005739688873
6898 3.1079368591308594 0.12828369438648224 -0.00028614181792363524
6899 1.0234713554382324 0.11499196290969849 0.20741352438926697
6900 3.3422746658325195 0.14839021861553192 0.16847944259643555
6901 3.5428996086120605 0.1912989467382431 0.15687967836856842
6902 0.3532262146472931 -0.056283071637153625 -0.23249134421348572
6903 1.8752071857452393 0.0179132167249918 0.09253089874982834
6904 2.4954755306243896 0.08651649951934814 -0.22180797159671783
6905 5.795443534851074 0.10937851667404175 -0.1861509382724762
6906 4.105228424072266 0.14468759298324585 -0.20448389649391174
6907 0.611655592918396 -0.1407092958688736 0.14438693225383759
6908 1.074222445487976 0.021002015098929405 0.13913802802562714
6909 4.0210371017456055 -0.08973029255867004 -0.2209586352109909
6910 0.9830918908119202 -0.20943883061408997 -0.07232420146465302
6911 2.488469362258911 0.015192899852991104 0.2228000909090042
6912 4.336582183837891 -0.12077788263559341 -0.04508643224835396
6913 0.0765833929181099 -0.13168102502822876 0.004402429796755314
6914 3.2012181282043457 -0.15583734214305878 0.19549405574798584
6915 0.6151925921440125 0.08127521723508835 -0.010903813876211643
6916 2.238975763320923 -0.060663383454084396 -0.23035430908203125
6917 2.414677143096924 0.19554446637630463 -0.13352623581886292
6918 3.90116548538208 -0.03382638096809387 0.12626060843467712
6919 4.479283332824707 -0.19858749210834503 0.11472224444150925
6920 3.6107017993927 -0.23414264619350433 0.08255285769701004
6921 0.2455604076385498 -0.13515299558639526 -0.18063536286354065
6922 4.052134037017822 0.21996726095676422 0.031331341713666916
6923 5.06642484664917 -0.09281010925769806 -0.0389091931283474
6924 2.7597897052764893 0.23603326082229614 -0.06312176585197449
6925 5.6368889808654785 0.1292445808649063 0.02015037089586258
6926 4.420445919036865 0.11194063723087311 -0.03648976609110832
6927 1.650405764579773 0.22445279359817505 -0.07775287330150604
6928 4.982058048248291 0.006225964054465294 -0.24052532017230988
6929 2.9289283752441406 -0.187547504901886 0.13300509750843048
6930 4.64962911605835 -0.23241713643074036 0.07249649614095688
6931 2.870248317718506 -0.21600790321826935 0.07335925847291946
6932 5.73162841796875 0.0994083359837532 -0.2132875770330429
6933 4.654831886291504 0.02727503702044487 0.23441413044929504
6934 5.940859317779541 0.09454598277807236 0.2267419397830963
6935 5.852855205535889 -0.006033505778759718 -0.23267090320587158
6936 5.805008411407471 0.17298658192157745 -0.16640819609165192
6937 0.10798417776823044 0.09171555936336517 0.22451555728912354
6938 0.43643873929977417 0.018120525404810905 -0.22706486284732819
6939 2.241544246673584 0.12622107565402985 0.18091946840286255
6940 1.535662293434143 -0.22905419766902924 -0.08053507655858994
6941 4.274667739868164 -0.09361588954925537 0.05167752504348755
6942 3.36513352394104 -0.09677357971668243 0.2290177196264267
6943 1.3716661930084229 0.06489480286836624 -0.06733362376689911
6944 3.3639955520629883 0.07519526034593582 -0.06846865266561508
6945 5.567516326904297 -0.08806770294904709 -0.030788874253630638
6946 3.7631890773773193 -0.2379404902458191 -0.06019445136189461
6947 1.2381467819213867 -0.08090852200984955 -0.0770249292254448
6948 5.730742931365967 0.0005261565675027668 0.10893221199512482
6949 1.7666981220245361 -0.09163491427898407 -0.034257613122463226
6950 5.720309734344482 0.020881524309515953 -0.22904551029205322
6951 1.8486305475234985 0.20039501786231995 0.0829375833272934
6952 0.07222996652126312 -0.16108720004558563 0.07330568879842758
6953 1.3581831455230713 -0.14731638133525848 -0.02713862434029579
6954 1.0215795040130615 0.00482487678527832 0.2447137087583542
6955 0.46499717235565186 0.16822682321071625 0.15863662958145142
6956 0.8969756960868835 -0.2190101593732834 -0.07292920351028442
6957 4.049068450927734 0.10717812180519104 0.2033555805683136
6958 0.5536633729934692 -0.1534486562013626 -0.19478881359100342
6959 1.8526819944381714 -0.12246258556842804 -0.19606196880340576
6960 3.7416462898254395 -0.06697078794240952 0.01780782826244831
6961 2.5586631298065186 -0.0652245357632637 0.23652948439121246
6962 0.758043646812439 -0.21643732488155365 -0.09422270208597183
6963 0.5917243957519531 0.005289193708449602 0.13582798838615417
6964 2.6060891151428223 0.16105763614177704 -0.2002454251050949
6965 2.3091635704040527 0.22636455297470093 -0.019419662654399872
6966 5.1574296951293945 -0.1761275678873062 0.1326693594455719
6967 5.005241870880127 -0.016513800248503685 0.0488254688680172
6968 5.609124183654785 0.22288231551647186 0.0451749749481678
6969 1.4518516063690186 0.213462695479393 0.10612811893224716
6970 2.006709575653076 -0.1918429583311081 0.133575901389122
6971 3.4233803749084473 0.004668542183935642 -0.1755678355693817
6972 0.05771565064787865 -0.21527065336704254 0.10630793124437332
6973 1.1189414262771606 0.1609530746936798 0.1447385996580124
6974 2.4668633937835693 0.23501995205879211 -0.0166158564388752
6975 1.2877992391586304 -0.22460658848285675 0.10874535143375397
6976 2.9709346294403076 -0.056667156517505646 -0.05824335664510727
6977 1.6270265579223633 -0.0034271450713276863 0.1319608837366104
6978 5.341843605041504 -0.025210458785295486 -0.08660447597503662
6979 1.4566409587860107 0.22848379611968994 -0.018899690359830856
6980 3.153286933898926 -0.0463561974465847 0.22725023329257965
6981 0.6077361702919006 -0.09753188490867615 -0.20524492859840393
6982 4.196113109588623 -0.005303582642227411 -0.2286844253540039
6983 5.727928161621094 0.22778964042663574 -0.10106109082698822
6984 2.090656280517578 0.06689251214265823 -0.22417668998241425
6985 1.4474104642868042 -0.061308398842811584 -0.10023453831672668
6986 3.8344318866729736 0.21337343752384186 0.07152312248945236
6987 3.7285730838775635 0.060931138694286346 0.23383577167987823
6988 3.089956521987915 0.029992401599884033 -0.019450783729553223
6989 3.7577030658721924 -0.04606953263282776 0.09803847968578339
6990 3.2522337436676025 -0.22558283805847168 -0.05331181362271309
6991 4.064761638641357 -0.15914568305015564 -0.15197965502738953
6992 2.6837539672851562 0.0827341079711914 -0.22075654566287994
6993 0.8356310725212097 0.24385122954845428 -0.030821364372968674
6994 5.300968170166016 -0.15885871648788452 -0.05505003407597542
6995 4.287587642669678 -0.014165844768285751 -0.23314017057418823
6996 4.286647796630859 0.22168512642383575 -0.1209605261683464
6997 2.561436653137207 -0.1837734431028366 0.12021908164024353
6998 0.05508420616388321 0.027997320517897606 -0.23936723172664642
6999 0.3444702923297882 0.21402224898338318 -0.1363838016986847
7000 1.3099446296691895 0.12415450066328049 0.2025541067123413
7001 1.37916898727417 -0.04758093133568764 0.23556303977966309
7002 2.763368844985962 -0.10006847977638245 -0.22921694815158844
7003 3.898456573486328 -0.027808433398604393 0.01802361011505127
7004 1.7164092063903809 0.14629460871219635 0.05196971818804741
7005 4.2290940284729 0.024294298142194748 0.22627371549606323
7006 3.213792085647583 -0.18834179639816284 0.0659632682800293
7007 4.527091026306152 -0.06717173010110855 0.1310175359249115
7008 1.3880337476730347 -0.0012139626778662205 -0.12175693362951279
7009 5.4925737380981445 -0.23367981612682343 0.019801471382379532
7010 4.564433574676514 -0.14988642930984497 0.021467627957463264
7011 2.593041181564331 -0.019487889483571053 -0.22924809157848358
7012 0.4434579610824585 -0.20041383802890778 0.09299429506063461
7013 5.36159086227417 -0.11229030787944794 0.2085200995206833
7014 1.7383748292922974 0.144980326294899 -0.16758817434310913
7015 0.9850476384162903 -0.0503574013710022 -0.22516979277133942
7016 0.8885650634765625 0.004478913266211748 0.14997440576553345
7017 3.181015729904175 0.2595022916793823 0.025689011439681053
7018 0.3980913758277893 -0.046901751309633255 -0.25192418694496155
7019 1.0397250652313232 -0.004991907626390457 -0.23907460272312164
7020 5.467921733856201 -0.20760633051395416 0.11842906475067139
7021 2.648144483566284 -0.1484062522649765 -0.17951051890850067
7022 5.343789100646973 0.19471320509910583 0.08755753934383392
7023 1.5614368915557861 0.19458292424678802 -0.10853250324726105
7024 0.19291022419929504 -0.14090177416801453 0.18388248980045319
7025 4.969619274139404 0.0972585678100586 0.12818945944309235
7026 4.801504611968994 -0.23812240362167358 -0.014531731605529785
7027 5.610630989074707 0.12723791599273682 0.18202106654644012
7028 0.2568407952785492 0.23379488289356232 0.010503703728318214
7029 4.0862603187561035 0.02468978613615036 0.14059191942214966
7030 5.1142897605896 0.10268647968769073 0.07676710188388824
7031 4.1088714599609375 -0.13000626862049103 0.17848198115825653
7032 0.793950617313385 0.18775247037410736 -0.16534462571144104
7033 4.560687065124512 0.20774492621421814 -0.1384531408548355
7034 4.334831237792969 0.09750428050756454 -0.04243835434317589
7035 2.8656482696533203 -0.09404240548610687 -0.02603795938193798
7036 1.7732877731323242 -0.02013193629682064 0.23721128702163696
7037 1.1829004287719727 0.08239582926034927 0.001964631723240018
7038 1.8673069477081299 0.10721093416213989 0.04112520441412926
7039 4.898105144500732 0.016181712970137596 -0.25328582525253296
7040 3.5776755809783936 -0.026462635025382042 -0.1543290764093399
7041 4.626836776733398 0.05761374905705452 0.07093492150306702
7042 2.797762870788574 0.2146136313676834 -0.11492396146059036
7043 1.1502907276153564 -0.21773506700992584 0.07186543196439743
7044 5.845730781555176 0.15356414020061493 0.17552706599235535
7045 2.290234327316284 0.19531525671482086 0.13216860592365265
7046 1.7659711837768555 -0.22530341148376465 0.02058642916381359
7047 2.487091302871704 0.083661749958992 0.22024400532245636
7048 0.15173238515853882 -0.13212484121322632 0.21769246459007263
7049 0.9322835803031921 -0.0034521424677222967 -0.2355816662311554
7050 4.021061897277832 -0.01753222942352295 0.07115911692380905
7051 3.892634391784668 -0.027081012725830078 -0.2232750505208969
7052 4.434915542602539 -0.10159402340650558 -0.043422650545835495
7053 2.815361261367798 0.08680224418640137 -0.224232479929924
7054 3.055481195449829 -0.08346288651227951 0.21038657426834106
7055 3.809396982192993 0.12382366508245468 0.19934387505054474
7056 4.6062331199646 0.10182041674852371 -0.23658643662929535
7057 1.9480048418045044 0.23460747301578522 -0.051449451595544815
7058 4.14106559753418 -0.03282023221254349 0.23446343839168549
7059 2.6457579135894775 -0.2238452434539795 0.07249609380960464
7060 3.1931679248809814 0.11727939546108246 -0.01938498206436634
7061 5.0326032638549805 0.06677744537591934 -0.06877117604017258
7062 1.1730540990829468 -0.0910373255610466 -0.20930251479148865
7063 1.375011920928955 0.13533802330493927 -0.19346179068088531
7064 2.6138954162597656 0.21531689167022705 0.09861763566732407
7065 2.998004674911499 0.19690130650997162 0.11953482031822205
7066 1.0285019874572754 0.12861020863056183 0.023094799369573593
7067 0.1264403909444809 0.05154126137495041 -0.2347438931465149
7068 0.3243373930454254 0.038504138588905334 -0.0007067240076139569
7069 0.35214298963546753 0.23283106088638306 0.09110207855701447
7070 3.6188251972198486 -0.10986331850290298 -0.01628495566546917
7071 1.6435949802398682 -0.047786422073841095 -0.04295043647289276
7072 2.0245375633239746 0.183583065867424 -0.17333553731441498
7073 2.067169666290283 0.05551944673061371 0.15001367032527924
7074 1.445659875869751 -0.15066120028495789 -0.18542903661727905
7075 3.5405519008636475 -0.21659208834171295 -0.1050826832652092
7076 2.4747486114501953 -0.23120909929275513 -0.04255206882953644
7077 1.5831265449523926 0.0829586610198021 0.24043746292591095
7078 5.641119480133057 0.08313334733247757 0.22411520779132843
7079 4.469414710998535 0.07844073325395584 0.05707680433988571
7080 3.1253252029418945 8.59808424138464e-05 0.24663810431957245
7081 4.397276401519775 -0.00504939304664731 -0.03555680438876152
7082 5.4219183921813965 -0.0386023111641407 0.22851553559303284
7083 5.608300685882568 0.04805280268192291 -0.23731930553913116
7084 5.906569957733154 0.25139176845550537 0.006381979212164879
7085 0.9484272599220276 -0.0379238985478878 0.23331686854362488
7086 1.4409451484680176 0.04705627262592316 0.02374892309308052
7087 4.887959957122803 -0.09175793081521988 0.22063912451267242
7088 3.3619813919067383 -0.20088116824626923 0.131433367729187
7089 3.0571932792663574 -0.13575100898742676 0.213847354054451
7090 4.903055667877197 0.06325750052928925 0.2362649291753769
7091 3.0373497009277344 0.07098564505577087 -0.23468436300754547
7092 2.422231674194336 0.23343698680400848 -0.11282777041196823
7093 1.1101064682006836 0.08757111430168152 0.11907071620225906
7094 0.19761906564235687 0.22363276779651642 -0.1027851328253746
7095 0.13766419887542725 0.19157637655735016 0.15124434232711792
7096 4.438337802886963 0.20736002922058105 -0.12559495866298676
7097 4.899450302124023 -0.03189997375011444 0.1150023564696312
7098 2.8895957469940186 0.17080283164978027 0.14118826389312744
7099 1.0614831447601318 -0.12001577019691467 -0.023363668471574783
7100 2.6460185050964355 0.19709137082099915 0.16610859334468842
7101 2.3786776065826416 0.1505649834871292 0.16123239696025848
7102 1.896692156791687 -0.14748302102088928 0.2069130390882492
7103 1.4861059188842773 -0.19701825082302094 0.13280387222766876
7104 3.565232038497925 0.047332730144262314 0.23223662376403809
7105 2.817714214324951 -0.055793702602386475 0.08230601251125336
7106 0.29312604665756226 -0.1025395393371582 -0.08230667561292648
7107 5.842624187469482 -0.10682495683431625 -0.20456477999687195
7108 2.6211259365081787 0.11255017668008804 0.04090838134288788
7109 1.1076925992965698 -0.060555633157491684 0.09761150926351547
7110 4.417933940887451 -0.14913029968738556 0.022583285346627235
7111 0.6955631375312805 0.18724699318408966 0.11821634322404861
7112 3.6258068084716797 0.10448713600635529 -0.05327622964978218
7113 3.5800132751464844 0.07155349850654602 0.07753653824329376
7114 3.4397711753845215 -0.008933693170547485 0.0562371090054512
7115 4.77064847946167 0.0652356892824173 -0.21535658836364746
7116 3.5295376777648926 0.12219923734664917 -0.021644480526447296
7117 2.4560234546661377 0.008824266493320465 -0.1254969984292984
7118 2.860194206237793 -0.020656105130910873 -0.15930727124214172
7119 2.390151023864746 -0.22744347155094147 -0.09279777854681015
7120 1.7291936874389648 0.07162655144929886 -0.2123705893754959
7121 1.9267746210098267 -0.2481526881456375 0.005369097460061312
7122 5.313009738922119 0.24272491037845612 -0.07207302749156952
7123 5.682869911193848 0.051530078053474426 -0.0040307496674358845
7124 2.1339356899261475 0.040743619203567505 0.08453305065631866
7125 0.06655820459127426 -0.10230965912342072 0.14388491213321686
7126 2.7889821529388428 -0.0841483622789383 -0.06655954569578171
7127 4.891264915466309 -0.019391018897294998 0.022206667810678482
7128 3.627037286758423 -0.04449685290455818 0.23494353890419006
7129 4.0045037269592285 0.08263031393289566 0.0468425489962101
7130 3.7020552158355713 -0.1298408806324005 -0.10441078245639801
7131 3.24696946144104 -0.2270345687866211 0.09798940271139145
7132 1.1201910972595215 0.16148816049098969 -0.009985676035284996
7133 0.3313267230987549 -0.09212115406990051 0.09046413004398346
7134 0.9346045851707458 0.1953345090150833 0.17360931634902954
7135 5.0742411613464355 0.0782412588596344 -0.2187442034482956
7136 1.6335140466690063 -0.10767672955989838 -0.09892427921295166
7137 0.9484666585922241 0.22436124086380005 -0.10832572728395462
7138 4.114991664886475 0.2129184454679489 -0.13951949775218964
7139 2.5793166160583496 -0.03606685250997543 0.07139624655246735
7140 3.934525489807129 0.16194167733192444 -0.13230912387371063
7141 5.239281177520752 -0.11030454933643341 -0.21136198937892914
7142 5.158050537109375 0.06063464656472206 -0.030902031809091568
7143 4.342068195343018 -0.0676775723695755 -0.22073878347873688
7144 5.8899760246276855 0.05455012619495392 -0.07033414393663406
7145 5.394130706787109 -0.20906472206115723 0.014580913819372654
7146 1.1055419445037842 0.2028733491897583 -0.15129172801971436
7147 1.1157841682434082 0.05273920297622681 -0.12292554974555969
7148 3.646458625793457 0.05818719416856766 0.038367580622434616
7149 1.7373170852661133 0.12538811564445496 -0.21868842840194702
7150 1.3554471731185913 0.19150573015213013 -0.11195956915616989
7151 3.609767198562622 -0.0029998966492712498 0.1105174794793129
7152 5.5873703956604 -0.23134423792362213 -0.07309750467538834
7153 5.140879154205322 -0.13456246256828308 0.19197094440460205
7154 4.495940685272217 0.21040590107440948 -0.045930758118629456
7155 0.5041495561599731 0.052581265568733215 -0.0795597955584526
7156 0.05627729743719101 0.08501437306404114 0.04096868634223938
7157 0.04814654216170311 -0.0362560972571373 -0.21536603569984436
7158 2.4602630138397217 0.06659787893295288 0.03661853075027466
7159 2.211212635040283 0.005528430920094252 0.07378373295068741
7160 0.2711869478225708 0.18513651192188263 0.16165339946746826
7161 4.9513773918151855 0.08158748596906662 -0.24303221702575684
7162 2.5365490913391113 -0.12260234355926514 0.2157963365316391
7163 3.932115077972412 0.21713793277740479 -0.0627191960811615
7164 3.165346622467041 0.09798336029052734 -0.21195080876350403
7165 3.6154944896698 0.13925568759441376 0.06048088148236275
7166 1.6627672910690308 0.09931854903697968 -0.21053336560726166
7167 0.2352195680141449 0.037611763924360275 -0.1214657798409462
7168 4.16007661819458 -0.22484689950942993 0.08681826293468475
7169 5.279951572418213 0.049176838248968124 0.02624419331550598
7170 3.528588056564331 0.05621873214840889 -0.09698816388845444
7171 3.4615702629089355 0.16571933031082153 -0.014928353950381279
7172 0.23503555357456207 0.03671378642320633 -0.02805691584944725
7173 3.8496148586273193 0.21114200353622437 -0.0981525406241417
7174 0.24572773277759552 -0.04387633129954338 0.10473205894231796
7175 2.566744804382324 0.015071256086230278 -0.12245156615972519
7176 2.6184041500091553 -0.032926782965660095 -0.06571628898382187
7177 3.4556896686553955 -0.026490243151783943 0.16159294545650482
7178 1.7574491500854492 -0.0733560174703598 0.11461705714464188
7179 0.9327625632286072 0.06887651979923248 0.07390198111534119
7180 5.60391092300415 0.11784878373146057 -0.05343065783381462
7181 1.5333845615386963 -0.011139597743749619 -0.08102061599493027
7182 4.942716598510742 -0.22131282091140747 0.10062127560377121
7183 1.4559005498886108 -0.10953564196825027 -0.01750117540359497
7184 0.3353646993637085 0.21650810539722443 0.1407688856124878
7185 0.7384801506996155 -0.06689835339784622 -0.22865819931030273
7186 2.557767152786255 0.20294089615345 0.12265513092279434
7187 4.800712585449219 -0.04998185113072395 -0.13383741676807404
7188 3.1075050830841064 -0.18627329170703888 0.16326209902763367
7189 0.8921737670898438 -0.20900724828243256 0.13251926004886627
7190 2.7326083183288574 -0.10008378326892853 0.22600029408931732
7191 5.179938793182373 0.006180015858262777 -0.23574069142341614
7192 3.865802526473999 0.0014039563247933984 0.2225915789604187
7193 5.962391376495361 -0.10026495158672333 0.20625466108322144
7194 3.6466431617736816 -0.2377091944217682 -0.05106673389673233
7195 4.683342933654785 -0.06335471570491791 0.04219508543610573
7196 5.305095672607422 -0.20855598151683807 -0.11585719138383865
7197 1.8336697816848755 -5.3247604228090495e-05 0.15237052738666534
7198 3.1004581451416016 -0.22911693155765533 -0.08639506250619888
7199 4.629222869873047 -0.16507549583911896 0.1799226552248001
7200 0.7182484865188599 0.15652549266815186 -0.008166804909706116
7201 2.8679840564727783 -0.09298309683799744 0.2200784534215927
7202 1.7362911701202393 -0.15548215806484222 0.1685149222612381
7203 4.929585933685303 -0.0723632425069809 -0.04176956042647362
7204 4.192872524261475 -0.15630756318569183 -0.1968662589788437
7205 4.77173376083374 -0.15101127326488495 0.1738833785057068
7206 0.2545786499977112 0.16052070260047913 -0.18202970921993256
7207 4.398318290710449 0.01735958456993103 0.05546517297625542
7208 5.01512336730957 -0.07867971807718277 -0.22247186303138733
7209 4.335766315460205 -0.042866531759500504 -0.08529816567897797
7210 3.3919517993927 -0.2416747659444809 -0.0690537765622139
7211 4.148072242736816 0.1537499576807022 0.06669595837593079
7212 3.9654955863952637 -0.06536024063825607 -0.00840388797223568
7213 1.6619642972946167 -0.12304943799972534 0.018256520852446556
7214 4.804366588592529 -0.043399661779403687 0.03599874675273895
7215 4.401387691497803 0.24355971813201904 -0.01119674276560545
7216 1.0131713151931763 -0.09431818872690201 -0.09004252403974533
7217 5.4377760887146 0.0447874441742897 -0.020600732415914536
7218 4.769505977630615 0.0454828254878521 0.13289391994476318
7219 0.7227899432182312 0.030072839930653572 0.052083298563957214
7220 1.3617405891418457 -0.08055920153856277 -0.09064920991659164
7221 1.87300705909729 0.02503783628344536 -0.2165607362985611
7222 2.205096960067749 0.03194078430533409 -0.2631468176841736
7223 1.0949915647506714 -0.020521968603134155 -0.03417466953396797
7224 3.5394601821899414 0.23001646995544434 -0.02309930883347988
7225 4.6490092277526855 -0.15104377269744873 -0.1798357367515564
7226 0.5552052855491638 0.06903455406427383 -0.2308955192565918
7227 1.605049729347229 -0.2410227358341217 0.0540536567568779
7228 1.5474892854690552 -0.01636824756860733 0.24965837597846985
7229 5.206015110015869 0.11572473496198654 -0.2151639759540558
7230 0.892135739326477 -0.07687997072935104 -0.10766846686601639
7231 0.5837835669517517 -0.1326407492160797 -0.22230827808380127
7232 4.578729629516602 -0.008915632963180542 -0.04100345820188522
7233 5.397026538848877 -0.22366492450237274 -0.08292543888092041
7234 4.98288106918335 -0.24281130731105804 0.08109117299318314
7235 5.755937099456787 0.011494182981550694 0.25317755341529846
7236 4.570828437805176 -0.05281279608607292 0.22152823209762573
7237 3.289536952972412 -0.20756711065769196 -0.1083858385682106
7238 5.0979180335998535 0.18813878297805786 0.16392627358436584
7239 1.9127130508422852 0.09074212610721588 -0.10374892503023148
7240 1.2753651142120361 0.20483841001987457 0.13349619507789612
7241 0.21475601196289062 0.23558729887008667 0.06469294428825378
7242 0.9751604795455933 0.017228979617357254 0.12762169539928436
7243 4.077434539794922 0.1779383271932602 0.11375566571950912
7244 4.602082252502441 -0.1325787752866745 -0.21200037002563477
7245 5.285160064697266 0.06581234931945801 -0.22638894617557526
7246 0.5894567370414734 0.15274645388126373 0.02981746941804886
7247 5.417837619781494 0.17469999194145203 -0.17743968963623047
7248 3.1125566959381104 0.2567906379699707 0.021073421463370323
7249 3.8078207969665527 -0.010694315657019615 -0.026546435430645943
7250 5.646721839904785 0.1177675724029541 -0.21693283319473267
7251 5.600004196166992 -0.02635226957499981 -0.249953031539917
7252 0.13633252680301666 0.11002418398857117 -0.2180442363023758
7253 3.327486753463745 -0.11870377510786057 0.23089399933815002
7254 3.804234027862549 -0.1726946234703064 0.16455014050006866
7255 2.9559338092803955 -0.1763550192117691 -0.15074853599071503
7256 5.4747490882873535 0.1498144418001175 0.08225376158952713
7257 5.80441951751709 0.20727765560150146 -0.09616542607545853
7258 0.5319363474845886 0.23590682446956635 0.06221000477671623
7259 1.2562452554702759 0.026000158861279488 0.04116333648562431
7260 4.388920783996582 -0.1074880063533783 0.22254756093025208
7261 5.870704650878906 0.19500316679477692 -0.135880246758461
7262 1.764803409576416 0.2033003270626068 0.10391990840435028
7263 1.814502477645874 0.2027856409549713 -0.1202378049492836
7264 1.934998869895935 -0.08416204899549484 0.22503022849559784
7265 4.736598014831543 -0.24246419966220856 -0.022601626813411713
7266 5.202178955078125 0.011437973007559776 0.05492246523499489
7267 0.05131423845887184 -0.1524510681629181 -0.07598067075014114
7268 0.8930327296257019 0.08337961137294769 -0.22280287742614746
7269 5.593278408050537 -0.11676463484764099 0.07445599883794785
7270 5.398016929626465 0.13845248520374298 0.2045518159866333
7271 5.111584186553955 0.05452994629740715 0.14897440373897552
7272 4.021145343780518 -0.004466443322598934 0.23646511137485504
7273 0.46872150897979736 0.11438984423875809 -0.2023908644914627
7274 2.2158381938934326 0.03526974841952324 0.2489442527294159
7275 0.5866166949272156 0.03534379228949547 -0.075802281498909
7276 0.6752486824989319 -0.019006868824362755 -0.03586782142519951
7277 1.7372913360595703 -0.2560763359069824 -0.01024843193590641
7278 2.8137543201446533 0.0022109034471213818 0.1374863237142563
7279 2.142056465148926 -0.2537369132041931 -0.00535951554775238
7280 5.50042200088501 -0.21952347457408905 -0.09109082072973251
7281 3.0316691398620605 -0.023676851764321327 0.033409345895051956
7282 0.22899891436100006 -0.2409009486436844 -0.027406739071011543
7283 1.3118908405303955 0.1925269514322281 -0.1579219102859497
7284 3.185615062713623 0.021540038287639618 -0.01124461367726326
7285 2.424586534500122 -0.09102270752191544 -0.014477948658168316
7286 1.6254198551177979 -0.23774372041225433 0.0987013503909111
7287 4.93880033493042 -0.18744054436683655 -0.12985451519489288
7288 0.4123081862926483 0.0277373306453228 -0.06701233983039856
7289 2.2723324298858643 -0.0948452576994896 -0.04555138573050499
7290 2.3594090938568115 0.06849750876426697 0.1420031040906906
7291 2.810725450515747 0.11431384831666946 0.19578368961811066
7292 4.050647735595703 -0.012106147594749928 -0.08791706711053848
7293 4.965701580047607 0.13668192923069 -0.04584595561027527
7294 5.250299453735352 0.2291649729013443 -0.04488585889339447
7295 1.7312511205673218 0.037661924958229065 -0.011890728026628494
7296 4.6433844566345215 0.14681215584278107 0.18208861351013184
7297 3.2686378955841064 -0.055463921278715134 -0.06827803701162338
7298 3.688164234161377 -0.09496335685253143 0.23070113360881805
7299 1.9537947177886963 -0.03272869810461998 0.014398030936717987
7300 2.9667763710021973 -0.14788812398910522 -0.20054136216640472
7301 0.05687635764479637 0.1083565205335617 -0.15850487351417542
7302 4.8872857093811035 0.20552882552146912 -0.12796929478645325
7303 5.422173023223877 -0.13488011062145233 -0.22040103375911713
7304 4.839459419250488 -0.23891183733940125 0.03543467074632645
7305 1.0520778894424438 -0.21738867461681366 0.1306229829788208
7306 1.003220558166504 0.18995331227779388 0.15945912897586823
7307 4.220453262329102 -0.18978558480739594 -0.16762688755989075
7308 3.6106154918670654 0.19929686188697815 0.11761629581451416
7309 3.8822784423828125 0.044531166553497314 0.04932737350463867
7310 3.493834972381592 0.09972994029521942 0.060417287051677704
7311 1.3493221998214722 0.22876432538032532 0.09243863821029663
7312 0.06775403022766113 -0.033121027052402496 0.18377837538719177
7313 1.3535324335098267 -0.24033287167549133 -0.06816468387842178
7314 1.8828904628753662 -0.07212075591087341 -0.04580960422754288
7315 3.0094361305236816 0.13388179242610931 -0.1521906852722168
7316 4.560487270355225 0.15190552175045013 -0.18510371446609497
7317 3.0230965614318848 0.25526052713394165 0.016989832744002342
7318 5.8119378089904785 0.044864244759082794 -0.23451568186283112
7319 0.5721417665481567 0.25054022669792175 0.07549325376749039
7320 2.260044574737549 -0.21123437583446503 0.0939912274479866
7321 0.26378902792930603 -0.11986114084720612 0.20217905938625336
7322 2.957268714904785 0.20504958927631378 -0.13925619423389435
7323 0.732653021812439 -0.12094913423061371 -0.018304569646716118
7324 4.938685894012451 0.14728538691997528 0.1794070601463318
7325 2.123821258544922 -0.08664117753505707 0.21991847455501556
7326 1.1022807359695435 -0.24479025602340698 -0.04174267500638962
7327 1.8123929500579834 0.22547757625579834 0.11283303797245026
7328 2.3369128704071045 0.13897867500782013 0.0869322195649147
7329 5.950242042541504 -0.1305859535932541 0.14988717436790466
7330 3.914647340774536 -0.21798188984394073 0.07577517628669739
7331 0.5700507164001465 -0.07646224647760391 -0.08945529907941818
7332 4.234104633331299 -0.12939774990081787 -0.21768970787525177
7333 2.077662706375122 0.06263314187526703 0.2290646880865097
7334 2.7313232421875 0.2054896354675293 -0.12713785469532013
7335 4.87315034866333 0.03878222778439522 0.257267028093338
7336 2.9849090576171875 -0.040258463472127914 -0.1792634129524231
7337 0.8523479104042053 0.1682695746421814 0.20067262649536133
7338 5.389606952667236 0.11896573007106781 0.0505976602435112
7339 1.757226824760437 0.10474689304828644 0.11778583377599716
7340 4.604474067687988 -0.18929331004619598 -0.1771988570690155
7341 2.0772805213928223 -0.016187166795134544 0.07589153200387955
7342 0.4037710428237915 0.20653899013996124 -0.1567365974187851
7343 0.2689264416694641 -0.022308960556983948 0.024673236533999443
7344 3.3162457942962646 0.08795288950204849 0.2103108912706375
7345 2.13643217086792 0.0066538285464048386 -0.13000544905662537
7346 5.385989189147949 0.08854229748249054 -0.105372853577137
7347 2.3998892307281494 -0.13294512033462524 0.18785281479358673
7348 3.290276288986206 -0.15600772202014923 -0.180617555975914
7349 3.04640531539917 -0.18012866377830505 -0.1548561006784439
7350 3.455515146255493 -0.11556781828403473 0.026793427765369415
7351 0.3659740090370178 0.11367519944906235 -0.06244638189673424
7352 2.74149489402771 -0.2380770444869995 0.021399537101387978
7353 0.35696789622306824 -0.030683692544698715 -0.03856395184993744
7354 3.451448678970337 -0.09431294351816177 -0.09623383730649948
7355 3.9394545555114746 -0.14373239874839783 -0.1928919404745102
7356 0.36519086360931396 -0.05447382479906082 0.033431075513362885
7357 4.319196701049805 -0.1422739028930664 -0.18639539182186127
7358 3.1963934898376465 -0.16161051392555237 -0.0004347803769633174
7359 0.6457323431968689 -0.24484874308109283 -0.04113587364554405
7360 3.6068079471588135 -0.017611119896173477 0.26114028692245483
7361 0.4082350432872772 0.24982047080993652 0.01350580994039774
7362 2.5909786224365234 -0.18174006044864655 -0.010367678478360176
7363 3.029465675354004 -0.24180550873279572 0.05974355712532997
7364 0.1836523413658142 -0.12351576238870621 -0.2017705738544464
7365 1.855308175086975 0.128779798746109 -0.21050642430782318
7366 4.350533962249756 0.09865443408489227 0.23016734421253204
7367 0.7848610281944275 -0.05929135903716087 -0.12111734598875046
7368 3.542325735092163 -0.05011220648884773 0.23998038470745087
7369 0.5491573810577393 -0.11785908788442612 -0.002686822321265936
7370 3.5902915000915527 0.14662833511829376 0.19440142810344696
7371 2.177236795425415 -0.2281261533498764 -0.05868406221270561
7372 1.1731780767440796 -0.1384662389755249 0.06640191376209259
7373 2.147703170776367 -0.11304314434528351 -0.005648575723171234
7374 0.6243396401405334 -0.22448940575122833 -0.12983562052249908
7375 5.1895575523376465 -0.13034622371196747 -0.09688268601894379
7376 0.02605322375893593 0.2680851221084595 0.04280954226851463
7377 4.914341926574707 0.22884275019168854 0.009835025295615196
7378 3.986675977706909 -0.18937920033931732 0.14764299988746643
7379 1.4439187049865723 -0.1429910808801651 0.17920908331871033
7380 3.141883373260498 0.23913325369358063 -0.051649127155542374
7381 5.5552520751953125 0.1890687346458435 0.12608300149440765
7382 5.862631320953369 0.23006735742092133 -0.06619822978973389
7383 4.137021064758301 0.09103325009346008 0.2133464515209198
7384 4.976855278015137 -0.04157913103699684 0.1170555055141449
7385 4.513948440551758 0.16846013069152832 -0.1901198774576187
7386 2.4855356216430664 0.19443684816360474 0.16501332819461823
7387 4.761878967285156 0.02083422616124153 -0.02773047238588333
7388 0.8611761331558228 -0.14395789802074432 0.20238378643989563
7389 1.075709342956543 0.14349155128002167 0.0850544422864914
7390 1.103514552116394 0.24333609640598297 -0.04891190305352211
7391 1.4792063236236572 0.13139253854751587 0.2027212530374527
7392 3.798204183578491 0.08068059384822845 0.008279998786747456
7393 5.263906955718994 0.0074315909296274185 0.17639610171318054
7394 2.201096534729004 0.016238436102867126 0.19347189366817474
7395 2.9913220405578613 0.13284516334533691 0.07102309167385101
7396 4.995370388031006 -0.09315076470375061 0.010211347602307796
7397 0.21900083124637604 -0.2280440628528595 0.11830121278762817
7398 3.8799259662628174 0.01648610085248947 -0.04501199722290039
7399 1.3566815853118896 0.04686550423502922 -0.21962304413318634
7400 2.985149621963501 0.03569888323545456 0.11868252605199814
7401 4.6853508949279785 0.20025061070919037 -0.1164831593632698
7402 4.075387477874756 -0.05682698264718056 0.22479285299777985
7403 0.060207102447748184 -0.2333710640668869 -0.01605425402522087
7404 3.1966073513031006 -0.06822988390922546 0.2424653321504593
7405 2.743912935256958 -0.22185419499874115 -0.09720510989427567
7406 3.4232125282287598 -0.052608467638492584 -0.024678580462932587
7407 1.8866370916366577 -0.10785042494535446 0.05789601802825928
7408 2.710628032684326 -0.035875603556632996 -0.03986014425754547
7409 1.7353549003601074 0.10232948511838913 0.23005452752113342
7410 3.645127773284912 -0.017497530207037926 0.26913216710090637
7411 4.114764213562012 -0.03729121759533882 0.16652914881706238
7412 2.3541042804718018 0.12388963997364044 -0.23060043156147003
7413 4.98248815536499 -0.08686761558055878 -0.2479337453842163
7414 4.133894920349121 -0.04071664437651634 -0.020595526322722435
7415 5.9041290283203125 -0.03779896721243858 -0.23870041966438293
7416 0.4300413131713867 -0.1454285979270935 0.19415989518165588
7417 1.5368611812591553 -0.04390393942594528 -0.001346300239674747
7418 4.936639785766602 -0.1064930111169815 0.1746937483549118
7419 3.9881458282470703 0.23661601543426514 0.030466875061392784
7420 3.8672564029693604 0.21111471951007843 0.12249640375375748
7421 0.6984697580337524 -0.06059243902564049 0.04530502110719681
7422 3.96742844581604 -0.18437007069587708 -0.15630263090133667
7423 0.20508722960948944 -0.08380351215600967 -0.13825033605098724
7424 3.886143445968628 -0.12652276456356049 -0.20766615867614746
7425 0.39166659116744995 0.08144071698188782 0.006305122748017311
7426 4.219074726104736 -0.07091068476438522 -0.01601462811231613
7427 0.8104453086853027 -0.11475584656000137 0.039577666670084
7428 5.377553939819336 -0.06130403280258179 0.11219128221273422
7429 2.7593164443969727 0.042090218514204025 -0.1090177595615387
7430 2.6884405612945557 -0.13026046752929688 -0.03947729244828224
7431 0.6426644921302795 -0.11450467258691788 -0.004359060898423195
7432 0.3157947063446045 0.05344223976135254 -0.07895167917013168
7433 2.807267427444458 -0.23577675223350525 0.008179775439202785
7434 5.393077373504639 0.04070872440934181 0.09155630320310593
7435 1.4462112188339233 0.029005466029047966 0.10810519754886627
7436 0.1937376707792282 0.0031563881784677505 0.04340317100286484
7437 2.729491949081421 0.24348999559879303 -0.09883055835962296
7438 5.6845550537109375 -0.23528903722763062 -0.03230984881520271
7439 2.7566559314727783 0.005502199288457632 0.06451746076345444
7440 4.409470081329346 -0.0830036997795105 0.09168171137571335
7441 4.915086269378662 -0.16328081488609314 -0.04135876148939133
7442 1.7139341831207275 -0.08494196087121964 -0.2316329926252365
7443 1.9483428001403809 -0.007078230381011963 -0.23059119284152985
7444 3.1641762256622314 -0.10276154428720474 0.2352432757616043
7445 5.20388650894165 0.08195394277572632 -0.1143529862165451
7446 4.236485958099365 0.21869616210460663 0.11986415833234787
7447 1.330501675605774 -0.13727617263793945 0.17313392460346222
7448 3.235905170440674 -0.04200061783194542 0.017578493803739548
7449 0.4980345070362091 -0.04561715945601463 0.008803213946521282
7450 3.684614658355713 0.04740015044808388 -0.08663996309041977
7451 3.1607041358947754 -0.2460729330778122 -0.039047062397003174
7452 5.905479907989502 -0.09450718760490417 -0.2265090048313141
7453 3.160604238510132 0.14527104794979095 0.10521949082612991
7454 5.868412971496582 0.09116242080926895 -0.15769274532794952
7455 0.9009882807731628 -0.07914432883262634 0.050187356770038605
7456 0.7699122428894043 -0.026603268459439278 -0.012279686518013477
7457 1.030240774154663 -0.15274737775325775 -0.06913505494594574
7458 0.2927691638469696 -0.16300606727600098 0.1945386379957199
7459 5.42705774307251 0.11785602569580078 -0.20930814743041992
7460 0.2524188160896301 -0.05718657746911049 -0.1819027066230774
7461 2.6869730949401855 0.2183055281639099 -0.03015565685927868
7462 2.143400192260742 -0.0018693190068006516 0.23118337988853455
7463 4.101998329162598 -0.24531982839107513 0.04410996660590172
7464 1.079948902130127 -0.17586570978164673 0.17360146343708038
7465 4.85645866394043 0.027564218267798424 -0.08621351420879364
7466 5.058609485626221 0.002501646289601922 0.2475539892911911
7467 1.3904391527175903 0.08423135429620743 -0.23699478805065155
7468 2.1138486862182617 0.22465452551841736 0.052436161786317825
7469 4.3885369300842285 -0.25293201208114624 -0.03615045174956322
7470 1.4893149137496948 -0.12628629803657532 -0.08655315637588501
7471 5.839877605438232 0.0504646860063076 0.14009682834148407
7472 1.2975770235061646 -0.10916387289762497 -0.15793421864509583
7473 3.3757896423339844 0.11824940890073776 0.09863832592964172
7474 4.530461311340332 -0.05866178497672081 0.24797922372817993
7475 0.18421399593353271 -0.13247287273406982 -0.04726032540202141
7476 5.7801289558410645 -0.1354573369026184 -0.0889849066734314
7477 0.28042474389076233 -0.0967240035533905 0.23923014104366302
7478 3.527505874633789 -0.06825751811265945 -0.07059457898139954
7479 1.6033990383148193 -0.12010234594345093 0.10376793891191483
7480 3.271190643310547 -0.12422790378332138 0.10371308028697968
7481 4.183244705200195 0.05397908762097359 -0.2361069768667221
7482 0.12070872634649277 -0.22547565400600433 0.07459242641925812
7483 1.1688529253005981 0.02075188420712948 -0.05984862521290779
7484 3.763359546661377 -0.08981429040431976 -0.22399376332759857
7485 2.40779185295105 -0.2583770751953125 0.034684471786022186
7486 3.516932725906372 -0.19393381476402283 0.13747678697109222
7487 0.3067411184310913 -0.19858065247535706 0.1070585772395134
7488 4.1870598793029785 0.15546287596225739 0.19025658071041107
7489 1.8111176490783691 -0.06771336495876312 0.04745238646864891
7490 1.0663330554962158 0.12777604162693024 0.2290439009666443
7491 1.6444975137710571 0.1372104287147522 0.203876331448555
7492 2.0396857261657715 0.00040869301301427186 -0.09623785316944122
7493 1.6156680583953857 0.1981833279132843 -0.1372007131576538
7494 3.59843111038208 -0.24983727931976318 0.03259260952472687
7495 0.3839038610458374 -0.08317041397094727 0.21553924679756165
7496 4.265775203704834 0.12967738509178162 -0.1965494006872177
7497 3.275961399078369 0.08248808979988098 -0.13097085058689117
7498 1.1613823175430298 0.11010870337486267 -0.07705269753932953
7499 0.11622297763824463 -0.239323690533638 -0.058668963611125946
7500 5.214773178100586 0.19780975580215454 -0.13254128396511078
7501 1.2631977796554565 -0.24685679376125336 0.001486215041950345
7502 4.52741003036499 -0.11407458782196045 0.19440455734729767
7503 2.4305105209350586 0.10551134496927261 -0.08767227828502655
7504 1.4444684982299805 -0.013193503022193909 -0.23085655272006989
7505 4.659815788269043 0.14568451046943665 0.008177259936928749
7506 0.8448387980461121 0.015060403384268284 0.06807297468185425
7507 0.9629200100898743 -0.1390398144721985 0.08051209896802902
7508 1.7332464456558228 -0.17864830791950226 -0.17108604311943054
7509 0.6194915771484375 0.25051236152648926 0.03854130208492279
7510 3.898571014404297 0.14386330544948578 -0.18758390843868256
7511 4.957857608795166 -0.0792398601770401 -0.1838548481464386
7512 1.1966030597686768 0.06796950101852417 0.0843559205532074
7513 2.2102606296539307 -0.25706812739372253 0.04491997882723808
7514 3.1986818313598633 0.17807111144065857 0.1782325655221939
7515 5.387386798858643 0.018590381368994713 -0.23292601108551025
7516 5.732741832733154 0.16451701521873474 -0.18126854300498962
7517 5.156783103942871 -0.1818590760231018 -0.15067297220230103
7518 4.265117168426514 -0.06217091530561447 0.12111464887857437
7519 5.183821201324463 0.22864454984664917 -0.056578341871500015
7520 5.704214572906494 0.019159937277436256 0.25660794973373413
7521 2.028907537460327 0.22598955035209656 -0.09351137280464172
7522 0.470995157957077 0.1506393700838089 0.20385593175888062
7523 3.9381825923919678 -0.11189597100019455 0.22843991219997406
7524 5.920968532562256 -0.04367894306778908 0.2234273999929428
7525 1.242391586303711 0.12090318650007248 -0.1890678107738495
7526 4.658163070678711 -0.02445884607732296 -0.230086088180542
7527 2.4536690711975098 0.2537025511264801 0.026820505037903786
7528 2.943150043487549 -0.09222648292779922 0.10480771213769913
7529 4.737172603607178 0.2401166707277298 -0.05521266162395477
7530 4.290469646453857 0.02855749987065792 -0.11158487945795059
7531 2.159355640411377 0.1601095348596573 0.17218534648418427
7532 2.8342857360839844 0.11661765724420547 0.09388107806444168
7533 4.612062931060791 -0.2029588669538498 0.14093253016471863
7534 1.96836256980896 0.07488062232732773 -0.003108642064034939
7535 5.228349208831787 0.24604792892932892 0.026970045641064644
7536 0.8383578062057495 -0.07142315059900284 0.2409067153930664
7537 3.243168354034424 0.0419112928211689 0.2473682314157486
7538 0.3304007649421692 -0.2167430967092514 -0.0777580514550209
7539 1.0683581829071045 0.0736481174826622 0.23988601565361023
7540 0.04430147632956505 0.14438846707344055 -0.08845052868127823
7541 3.317934036254883 -0.14459623396396637 -0.06061602756381035
7542 5.549644470214844 -0.22249473631381989 0.08726319670677185
7543 4.246399402618408 -0.21425026655197144 0.09476955235004425
7544 3.5795464515686035 -0.13936316967010498 0.06713996827602386
7545 3.95624041557312 0.06931301951408386 -0.06966891884803772
7546 4.0233893394470215 0.20387914776802063 -0.15572920441627502
7547 4.823146343231201 0.18942967057228088 0.1375933438539505
7548 1.5116028785705566 0.1883087009191513 -0.15319031476974487
7549 0.645287036895752 0.1613159030675888 0.16885361075401306
7550 1.354771614074707 -0.19715137779712677 0.14845751225948334
7551 5.4801201820373535 0.16795244812965393 0.18861621618270874
7552 5.517193794250488 -0.12029685080051422 0.19432878494262695
7553 5.817394733428955 0.11240801960229874 0.00089595140889287
7554 1.8282034397125244 0.0849154070019722 -0.044218435883522034
7555 5.104211807250977 -0.12522628903388977 0.031303808093070984
7556 4.74257230758667 -0.04791247844696045 0.03164846822619438
7557 5.2845845222473145 -0.07899937778711319 0.06949812173843384
7558 3.9910292625427246 -0.22081993520259857 0.06829013675451279
7559 5.957653999328613 0.16210226714611053 0.03892369940876961
7560 4.870138645172119 0.1060371920466423 -0.1098226010799408
7561 4.762877941131592 0.07586164027452469 0.045569147914648056
7562 5.083853721618652 0.00019442831398919225 -0.0221328753978014
7563 2.0740275382995605 0.09230266511440277 0.05230213701725006
7564 2.670621395111084 -0.017200058326125145 0.12430227547883987
7565 1.9547747373580933 -0.20647494494915009 0.15561483800411224
7566 0.20213209092617035 0.16018983721733093 0.12011773884296417
7567 3.439985752105713 -0.04939679801464081 0.23493511974811554
7568 4.44164514541626 -0.07541804760694504 -0.22320887446403503
7569 2.9538185596466064 -0.042179860174655914 0.2529403865337372
7570 4.552800178527832 0.1457280069589615 0.21954430639743805
7571 5.88749361038208 0.1513381451368332 0.2061244249343872
7572 2.5609452724456787 0.24117033183574677 0.013087330386042595
7573 5.48933219909668 -0.07098934054374695 0.23352718353271484
7574 4.662073612213135 -0.21350599825382233 -0.05259992554783821
7575 5.737264633178711 0.1468423455953598 0.20188593864440918
7576 5.176554203033447 0.18966126441955566 0.1657053530216217
7577 5.0667009353637695 -0.1780444234609604 0.16733241081237793
7578 3.378359317779541 0.08550086617469788 0.16347040235996246
7579 5.946003437042236 0.01891324110329151 0.018457936123013496
7580 2.9235999584198 0.08850453048944473 -0.11147318035364151
7581 5.724493980407715 0.08683691918849945 0.09817348420619965
7582 0.6409597396850586 -0.2079457938671112 0.10576139390468597
7583 1.9190365076065063 -0.05571442097425461 0.12681107223033905
7584 0.6991028785705566 -0.004270744044333696 0.24542129039764404
7585 4.803131103515625 -0.017359154298901558 -0.22565525770187378
7586 2.035149097442627 0.009578305296599865 -0.003392594400793314
7587 3.660384178161621 0.24853673577308655 0.003360721282660961
7588 4.536231994628906 0.029459374025464058 0.03258829936385155
7589 3.684774875640869 0.010412993840873241 0.2567310929298401
7590 4.842870235443115 -0.14651979506015778 -0.18562985956668854
7591 0.726834237575531 -0.22743088006973267 -0.005682586692273617
7592 0.7633097171783447 -0.07617277652025223 0.1067425012588501
7593 1.7161355018615723 0.1605319231748581 0.16076673567295074
7594 5.465723514556885 0.0859815701842308 -0.17084574699401855
7595 0.725603461265564 0.10893625766038895 -0.21644821763038635
7596 4.539064884185791 0.12192754447460175 -0.11880180239677429
7597 4.660863399505615 -0.24643853306770325 -0.007298650220036507
7598 1.61029851436615 0.1190895214676857 -0.18052907288074493
7599 1.992855429649353 0.14086760580539703 0.04704682528972626
7600 0.42139488458633423 -0.10817268490791321 -0.11010515689849854
7601 4.341736793518066 0.23038671910762787 -0.05060390383005142
7602 5.95753288269043 -0.019585516303777695 0.20810146629810333
7603 0.8537186980247498 0.08542411029338837 -0.010815088637173176
7604 3.2008605003356934 -0.13142965734004974 -0.18966974318027496
7605 2.602506160736084 0.03521999716758728 -0.24808341264724731
7606 4.421050071716309 -0.21784134209156036 0.08007553219795227
7607 2.0124928951263428 -0.11949565261602402 0.2140568345785141
7608 2.537428140640259 -0.10006026923656464 0.11357101052999496
7609 5.353536128997803 -0.24132485687732697 0.04708380997180939
7610 5.033459186553955 0.06433463096618652 0.07481628656387329
7611 2.3830509185791016 0.03771791607141495 -0.08169225603342056
7612 0.3086054027080536 -0.25309669971466064 0.014290465041995049
7613 1.058391809463501 0.1558174043893814 0.16964223980903625
7614 4.13151741027832 0.2224075049161911 0.08421498537063599
7615 3.476562023162842 0.017882654443383217 0.23516128957271576
7616 5.254280090332031 0.07708064466714859 0.14506280422210693
7617 1.82083261013031 0.11807987093925476 0.2052024006843567
7618 5.0003581047058105 0.25370392203330994 -0.040924932807683945
7619 0.12098062038421631 0.1722719520330429 0.19262473285198212
7620 4.4688897132873535 0.07415679842233658 0.222711980342865
7621 3.4345309734344482 -0.13366959989070892 0.20209179818630219
7622 5.537329196929932 -0.05206460878252983 0.04604295641183853
7623 0.5532907843589783 -0.08303780108690262 0.14382629096508026
7624 5.835025310516357 -0.0601414330303669 -0.13141216337680817
7625 3.2723851203918457 0.16504599153995514 -0.08448454737663269
7626 3.351970911026001 -0.0246417298913002 -0.22253717482089996
7627 0.5106523036956787 0.05143974721431732 0.0991915762424469
7628 2.145190954208374 -0.14502063393592834 -0.16914792358875275
7629 1.6020495891571045 -0.19802480936050415 -0.06623660027980804
7630 1.7320845127105713 0.2550046443939209 -0.020644906908273697
7631 5.624842166900635 -0.046828340739011765 -0.10450209677219391
7632 5.946877956390381 0.002919625025242567 -0.11699644476175308
7633 4.6314287185668945 -0.13380834460258484 -0.08752837032079697
7634 2.2969841957092285 -0.24198071658611298 -0.03479330614209175
7635 4.403126239776611 0.04981182515621185 -0.23738835752010345
7636 5.234558582305908 -0.24760615825653076 -0.07182235270738602
7637 1.2924041748046875 0.12091776728630066 -0.21881376206874847
7638 4.274520397186279 -0.16939714550971985 0.016402719542384148
7639 1.8272695541381836 -0.012138674035668373 0.2191518098115921
7640 3.7665891647338867 0.2198455035686493 0.08081747591495514
7641 5.375617980957031 -0.11786936968564987 -0.013587587513029575
7642 3.0059995651245117 0.12476365268230438 0.21566574275493622
7643 4.1837053298950195 -0.03756316006183624 0.1205381527543068
7644 2.038966655731201 0.11543671786785126 -0.09056191146373749
7645 2.515280246734619 0.07191283255815506 -0.07005274295806885
7646 5.968475818634033 -0.2009202241897583 -0.17022991180419922
7647 4.660470962524414 0.07849039137363434 -0.13754768669605255
7648 0.04900828003883362 -0.11674188822507858 -0.19045014679431915
7649 1.8970175981521606 0.026316430419683456 -0.015450362116098404
7650 3.3978240489959717 0.13728117942810059 -0.2075117975473404
7651 0.7049691677093506 -0.23626460134983063 -0.06436445564031601
7652 0.8744220733642578 0.11255060881376266 0.11248187720775604
7653 1.0689502954483032 0.06143232434988022 0.05143269896507263
7654 0.1709427386522293 0.0839344784617424 -0.031080927699804306
7655 0.2687300741672516 -0.19372954964637756 0.15110404789447784
7656 0.04848924279212952 0.12218817323446274 -0.03745909407734871
7657 3.9069488048553467 -0.09666341543197632 0.0683024451136589
7658 0.6986122131347656 0.2321166694164276 0.07397548109292984
7659 3.7970950603485107 0.2311663031578064 -0.09368008375167847
7660 3.5495493412017822 0.13187070190906525 -0.09693452715873718
7661 1.4001553058624268 0.2023945301771164 -0.1464986503124237
7662 5.148420333862305 -0.16560707986354828 -0.19647899270057678
7663 1.3259698152542114 0.13500694930553436 -0.05667421966791153
7664 3.1421148777008057 0.010518633760511875 -0.0815151184797287
7665 0.35929182171821594 -0.22700154781341553 0.09087655693292618
7666 3.208542823791504 0.033648546785116196 0.12669150531291962
7667 1.9616557359695435 -0.02078622579574585 -0.06954313069581985
7668 4.894195556640625 0.1193874180316925 -0.018414834514260292
7669 4.516291618347168 0.14268264174461365 0.009520093910396099
7670 3.6676242351531982 -0.031017351895570755 -0.13058455288410187
7671 2.4145190715789795 -0.24336975812911987 0.0798722431063652
7672 2.3100361824035645 0.1459118127822876 0.17985302209854126
7673 3.1188857555389404 0.059433769434690475 0.10651993751525879
7674 3.2921180725097656 0.1516474485397339 -0.014787089079618454
7675 4.648324966430664 -0.2294522076845169 0.12137289345264435
7676 3.5652592182159424 -0.22179701924324036 0.06088346615433693
7677 4.4644317626953125 0.029817230999469757 -0.12013323605060577
7678 0.8455941081047058 -0.06104465574026108 0.11032283306121826
7679 5.369975566864014 -0.15697000920772552 -0.17893999814987183
7680 3.606896162033081 0.11586237698793411 0.12953972816467285
7681 2.3132753372192383 -0.12037567049264908 -0.21531109511852264
7682 0.3219931721687317 0.18953457474708557 -0.05489031970500946
7683 5.653542518615723 0.04392498359084129 -0.11160297691822052
7684 2.308260440826416 0.030246717855334282 -0.012230513617396355
7685 3.2963709831237793 0.015774916857481003 -0.05521952360868454
7686 0.55208820104599 0.05796337127685547 0.22965243458747864
7687 4.555822372436523 -0.23468215763568878 -0.03614428639411926
7688 2.7007291316986084 -0.22706009447574615 -0.1197330430150032
7689 3.2043604850769043 -0.005720003042370081 0.2252553552389145
7690 0.7349387407302856 -0.1204485073685646 0.13724477589130402
7691 0.25771498680114746 -0.09768535941839218 -0.22728735208511353
7692 3.3042147159576416 0.1608835905790329 -0.1577017456293106
7693 5.8725996017456055 0.2570774257183075 -0.03077506273984909
7694 3.6490073204040527 -0.10602439939975739 0.06823156774044037
7695 0.06042935326695442 0.040522098541259766 -0.0060768877156078815
7696 1.3139793872833252 0.05094604566693306 -0.1375633329153061
7697 4.9294304847717285 -0.019946595653891563 0.25282207131385803
7698 4.846287727355957 0.0004461473727133125 -0.2530989348888397
7699 4.298182487487793 0.007847868837416172 0.05689819157123566
7700 2.109698534011841 0.18583358824253082 0.1729721873998642
7701 0.19848333299160004 0.08176864683628082 0.14425459504127502
7702 0.8932336568832397 -0.16314950585365295 -0.19513055682182312
7703 5.519134521484375 0.2078142613172531 0.15005658566951752
7704 1.1796789169311523 -0.1569262146949768 -0.17640715837478638
7705 4.61655855178833 0.19517266750335693 0.12249002605676651
7706 5.953609466552734 0.11103862524032593 0.02597888745367527
7707 2.7098228931427 0.09436360746622086 0.07302724570035934
7708 1.5836293697357178 -0.2434333860874176 -0.07710529118776321
7709 3.6597726345062256 0.19161607325077057 0.16301581263542175
7710 5.731773853302002 0.1218927800655365 0.006389323156327009
7711 1.2687938213348389 -0.05371952801942825 0.09868612140417099
7712 4.393398761749268 -0.1752122938632965 0.1779697835445404
7713 0.09277428686618805 -0.06821886450052261 -0.013279258273541927
7714 1.798377513885498 0.05088284611701965 0.05774018168449402
7715 4.058675765991211 -0.2123638242483139 -0.12319107353687286
7716 3.3640592098236084 0.03148882836103439 0.08096054941415787
7717 5.755245208740234 0.0007070893771015108 -0.106458380818367
7718 2.6342010498046875 -0.0011455834610387683 -0.16013328731060028
7719 1.0601749420166016 -0.2122194766998291 -0.131703183054924
7720 1.9155534505844116 -0.036391474306583405 -0.25124847888946533
7721 2.7009437084198 -0.10517105460166931 -0.1233997642993927
7722 4.186586856842041 0.25021782517433167 0.04152967408299446
7723 1.8629826307296753 -0.1954728215932846 -0.15225380659103394
7724 5.609408378601074 0.22359269857406616 0.10412172973155975
7725 1.9491380453109741 0.17297542095184326 0.1816515028476715
7726 4.367365837097168 -0.2617088854312897 0.002680722391232848
7727 3.178056001663208 0.09269380569458008 0.21445703506469727
7728 5.028412342071533 -0.0703023374080658 -0.11279942095279694
7729 5.117988586425781 -0.21360254287719727 -0.13077038526535034
7730 4.46579122543335 0.0427432619035244 0.13352248072624207
7731 0.4964812099933624 -0.23006418347358704 0.08723536878824234
7732 4.186251640319824 0.12698867917060852 -0.008012918755412102
7733 3.706176996231079 -0.08860878646373749 0.16296616196632385
7734 3.207115888595581 0.2464628368616104 -0.0950995460152626
7735 5.8315887451171875 -0.2434016615152359 0.08675291389226913
7736 2.652583122253418 -0.09541983902454376 0.2178659588098526
7737 2.5337064266204834 -0.1502314954996109 0.06898833811283112
7738 3.3870275020599365 -0.23648354411125183 0.054813239723443985
7739 5.314995765686035 -0.2224940061569214 0.10957813262939453
7740 4.196901798248291 -0.2313639521598816 -0.08578969538211823
7741 1.5383110046386719 0.22442425787448883 -0.1374935358762741
7742 0.9068414568901062 0.2347545474767685 -0.048500701785087585
7743 0.6589977741241455 -0.15022216737270355 0.1866942048072815
7744 1.1420960426330566 -0.032636359333992004 0.2418385148048401
7745 0.9423964619636536 -0.2381477653980255 -0.03045782819390297
7746 4.8318376541137695 -0.2209659218788147 0.09517621248960495
7747 1.4410674571990967 -0.08890465646982193 0.22918701171875
7748 0.8426834940910339 0.17239150404930115 -0.18495595455169678
7749 4.793581962585449 -0.1317087560892105 0.01581215113401413
7750 4.485744953155518 -0.25631752610206604 -0.020369742065668106
7751 5.842153072357178 -0.20036716759204865 -0.14126981794834137
7752 0.1652776598930359 -0.010125042870640755 -0.13898640871047974
7753 5.6123809814453125 -0.04613052308559418 0.12211660295724869
7754 4.693893909454346 0.07750381529331207 -0.03795278072357178
7755 1.8319331407546997 -0.13554881513118744 0.1921357959508896
7756 3.4038546085357666 0.14208154380321503 0.1906319111585617
7757 4.211872577667236 -0.14199556410312653 0.07472062110900879
7758 3.0193591117858887 -0.2188705950975418 0.12258998304605484
7759 4.158661365509033 0.24375659227371216 -0.04915682226419449
7760 5.638854503631592 -0.25387364625930786 -0.018247900530695915
7761 1.0484579801559448 0.1441759616136551 -0.058329373598098755
7762 3.988339900970459 0.0956447422504425 0.12770450115203857
7763 3.67453670501709 0.22793902456760406 0.06748420745134354
7764 5.564957141876221 0.23447184264659882 0.11650004237890244
7765 2.480081558227539 -0.18454240262508392 -0.11398270726203918
7766 2.045332193374634 0.09948958456516266 -0.17822207510471344
7767 3.7901670932769775 0.17552049458026886 -0.16470299661159515
7768 5.786654472351074 0.1693371683359146 0.1882442831993103
7769 2.4113590717315674 -0.05851256474852562 0.24304796755313873
7770 3.8891618251800537 -0.11641696840524673 -0.08878976106643677
7771 5.423810005187988 -0.02547130361199379 -0.0656260997056961
7772 5.514084339141846 0.22682921588420868 -0.07957911491394043
7773 4.2551655769348145 0.19908744096755981 0.16207630932331085
7774 3.4578959941864014 0.008577617816627026 -0.24113857746124268
7775 1.4001120328903198 0.22828100621700287 -0.09344391524791718
7776 0.38346561789512634 0.07585983723402023 -0.21923097968101501
7777 5.882994174957275 0.048522140830755234 -0.236749529838562
7778 4.400146484375 -0.05248814448714256 0.2381678968667984
7779 4.518348217010498 -0.25476229190826416 -0.05178097262978554
7780 2.6049816608428955 0.18676194548606873 0.18980970978736877
7781 3.2712323665618896 0.23968243598937988 0.04100396856665611
7782 3.763195276260376 0.004796198103576899 -0.23953638970851898
7783 4.07895040512085 -0.003055596724152565 -0.2575937807559967
7784 3.183175802230835 0.026827866211533546 -0.25794774293899536
7785 2.9492506980895996 0.11506708711385727 0.2279273122549057
7786 2.7665421962738037 -0.17545396089553833 -0.16417856514453888
7787 1.9869428873062134 -0.11815378069877625 0.02609555795788765
7788 1.7344388961791992 0.019707513973116875 -0.10755962878465652
7789 5.688920497894287 -0.13453198969364166 0.08856120705604553
7790 1.3717358112335205 0.015837671235203743 0.23784832656383514
7791 3.587744951248169 0.1891804188489914 0.17299635708332062
7792 3.738490581512451 0.11307469755411148 -0.04777621850371361
7793 1.9904018640518188 -0.16325782239437103 -0.16423258185386658
7794 2.346555709838867 -0.12609745562076569 -0.06858450174331665
7795 2.3114376068115234 0.2127845585346222 -0.12348777800798416
7796 0.5645411014556885 0.09989336878061295 0.0947904884815216
7797 1.9013384580612183 -0.06433775275945663 0.2491285353899002
7798 1.1266703605651855 -0.15649712085723877 -0.05336407199501991
7799 3.0701546669006348 -0.009726865217089653 0.1074569895863533
7800 5.107629299163818 0.230451762676239 -0.0987081527709961
7801 3.8525164127349854 -0.05785840004682541 0.2343669831752777
7802 3.5915896892547607 -0.1618078052997589 -0.19673269987106323
7803 0.0515158511698246 -0.188089519739151 -0.14769281446933746
7804 1.6210943460464478 0.02938866801559925 -0.020604092627763748
7805 4.532320976257324 -0.07017973065376282 0.005308074876666069
7806 1.6728702783584595 0.2110840529203415 -0.12720899283885956
7807 5.456367492675781 -0.23476767539978027 -0.04145052284002304
7808 5.2360076904296875 0.20606961846351624 -0.16599668562412262
7809 2.5686087608337402 0.10455543547868729 0.13502496480941772
7810 1.167263388633728 0.022781524807214737 0.16429156064987183
7811 3.770631790161133 0.13744717836380005 -0.20529353618621826
7812 2.2678627967834473 0.09895927459001541 -0.0800342932343483
7813 2.290687322616577 0.1427820324897766 0.0034314801450818777
7814 2.1912190914154053 -0.2385558933019638 -0.10151518881320953
7815 4.138208389282227 -0.22805118560791016 -0.09504803270101547
7816 4.358622074127197 -0.1103711947798729 0.12389281392097473
7817 0.65486079454422 0.16955019533634186 -0.1925782561302185
7818 4.1943254470825195 0.18987798690795898 0.14116007089614868
7819 5.092292785644531 -0.01808040775358677 -0.24211327731609344
7820 3.684724807739258 -0.02733740583062172 0.06630948930978775
7821 4.638267517089844 0.25341349840164185 -0.011374661698937416
7822 4.660505294799805 -0.12229181826114655 -0.22039571404457092
7823 4.056191921234131 -0.11566508561372757 0.21267473697662354
7824 5.740913391113281 0.17414157092571259 0.14533628523349762
7825 3.6927640438079834 0.21793265640735626 -0.12060493975877762
7826 4.651452541351318 -0.012144406326115131 0.1129901260137558
7827 4.986565589904785 -0.009235916659235954 -0.03416707366704941
7828 3.263298749923706 -0.15003395080566406 0.028953347355127335
7829 2.7338078022003174 0.17643089592456818 -0.1763012409210205
7830 5.856402397155762 -0.24285916984081268 -0.03731613606214523
7831 0.7147266268730164 0.22955423593521118 0.11746643483638763
7832 5.908472061157227 -0.15926049649715424 0.19485104084014893
7833 4.627045631408691 0.16568408906459808 -0.16814665496349335
7834 1.8742575645446777 -0.09337000548839569 0.20604678988456726
7835 2.281548500061035 -0.1881166696548462 0.15157881379127502
7836 3.2915329933166504 0.22877472639083862 -0.06128065660595894
7837 2.3535382747650146 -0.0703456774353981 0.23696808516979218
7838 0.060401201248168945 0.1379784643650055 0.08713710308074951
7839 5.7553558349609375 -0.21469813585281372 0.10294613987207413
7840 0.18190883100032806 -0.22979137301445007 -0.11775834113359451
7841 2.0055742263793945 0.18571054935455322 0.15654024481773376
7842 3.060959577560425 -0.02869088388979435 0.2405497431755066
7843 1.3431105613708496 -0.036040693521499634 0.2608351707458496
7844 0.18257036805152893 -0.026390396058559418 -0.2393035888671875
7845 3.3997011184692383 0.15657009184360504 -0.04440097138285637
7846 5.802398681640625 -0.09278059005737305 -0.16583889722824097
7847 1.488336443901062 0.22128568589687347 -0.11735831201076508
7848 2.0640408992767334 0.010702124796807766 0.18446379899978638
7849 0.5037830471992493 -0.016818298026919365 0.24293899536132812
7850 4.693874835968018 -0.07688349485397339 -0.10961348563432693
7851 2.849405288696289 -0.1980648934841156 -0.16251227259635925
7852 4.78240966796875 -0.05360097438097 -0.24915309250354767
7853 1.559247374534607 0.06654506176710129 -0.09737894684076309
7854 2.0628855228424072 -0.24362383782863617 0.028652245178818703
7855 4.5970025062561035 0.0487731397151947 -0.24718746542930603
7856 4.398750305175781 -0.14411170780658722 -0.2248375415802002
7857 1.3414667844772339 0.007440077606588602 0.2648566961288452
7858 1.5178720951080322 -0.103766530752182 0.21665795147418976
7859 1.1809781789779663 -0.17166942358016968 0.1571204513311386
7860 4.448434829711914 -0.1640925407409668 -0.17046546936035156
7861 1.372497320175171 0.15099118649959564 0.07301191985607147
7862 2.5963046550750732 -0.24369683861732483 8.884759881766513e-05
7863 0.2236122041940689 -0.19261735677719116 -0.15015798807144165
7864 5.473787307739258 -0.15041595697402954 0.009975481778383255
7865 5.511016845703125 -0.032000839710235596 -0.23876923322677612
7866 0.5094327926635742 0.15343041718006134 -0.19627273082733154
7867 1.5908631086349487 -0.16848084330558777 0.17032060027122498
7868 2.3583199977874756 -0.02270577847957611 0.26233288645744324
7869 3.0698940753936768 0.2579692006111145 0.038120023906230927
7870 3.9908394813537598 0.1719900220632553 -0.11848912388086319
7871 1.0398818254470825 0.05197977274656296 -0.07930022478103638
7872 5.897599220275879 0.11478737741708755 0.026277409866452217
7873 4.525259971618652 0.2041303962469101 0.13289587199687958
7874 2.318483352661133 -0.04712585732340813 0.16945576667785645
7875 3.7777156829833984 -0.13698716461658478 0.0011283470084890723
7876 0.35757455229759216 0.033703915774822235 -0.2516993284225464
7877 3.080373525619507 -0.0970255434513092 0.06306621432304382
7878 0.3959333002567291 0.24271255731582642 -0.08344975858926773
7879 1.8136080503463745 -0.1490505337715149 -0.08324238657951355
7880 0.049973227083683014 -0.1576055884361267 0.14662140607833862
7881 1.8991975784301758 0.12971605360507965 0.20502185821533203
7882 1.2042945623397827 -0.23443591594696045 -0.0803012102842331
7883 0.720427393913269 -0.06923951208591461 -0.07665223628282547
7884 5.372593879699707 0.24795684218406677 -0.041097696870565414
7885 1.43033766746521 -0.22151720523834229 -0.017241299152374268
7886 4.4236907958984375 0.17108358442783356 0.1926656812429428
7887 4.994178295135498 -0.20462282001972198 -0.138872429728508
7888 4.535458087921143 -0.004475797992199659 0.24941641092300415
7889 4.968795299530029 -0.16322986781597137 0.11445273458957672
7890 5.933841705322266 0.2601502537727356 0.039066389203071594
7891 3.5533487796783447 0.20949582755565643 -0.1449555903673172
7892 2.7542243003845215 0.09642583876848221 0.19694995880126953
7893 4.816176891326904 -0.037472181022167206 -0.05273565277457237
7894 5.532757759094238 -0.24982652068138123 0.04728234186768532
7895 1.5220022201538086 0.024608347564935684 0.05721336603164673
7896 5.557642459869385 0.10352819412946701 -0.21863630414009094
7897 0.13294023275375366 0.08718901127576828 -0.2497495412826538
7898 2.1273818016052246 0.17436616122722626 -0.12252548336982727
7899 0.8401921391487122 0.0023416876792907715 -0.0712432935833931
7900 3.6259565353393555 0.1673724353313446 0.1782468855381012
7901 4.098982810974121 -0.23989549279212952 -0.048683132976293564
7902 4.184878349304199 0.23678408563137054 -0.09269615262746811
7903 1.865363359451294 -0.21563483774662018 0.11466564983129501
7904 0.7813505530357361 -0.043003056198358536 0.2054034322500229
7905 2.3823699951171875 0.2417680025100708 -0.002068824367597699
7906 0.9890938997268677 -0.21927742660045624 0.09087756276130676
7907 4.454410552978516 -0.07779732346534729 0.23685330152511597
7908 1.5740628242492676 0.010662753134965897 0.26595115661621094
7909 2.8204240798950195 -0.2411588877439499 0.06194572150707245
7910 0.7996192574501038 -0.162960946559906 0.17439880967140198
7911 0.46134015917778015 0.0020947102457284927 -0.12588071823120117
7912 0.19011564552783966 0.0645923763513565 -0.227411150932312
7913 3.175489664077759 -0.1343063861131668 -0.1103665679693222
7914 1.5670139789581299 0.11959944665431976 -0.23249873518943787
7915 5.843047618865967 0.11534121632575989 0.22028963267803192
7916 2.2221951484680176 0.23289071023464203 0.02806580811738968
7917 5.550635814666748 0.23675809800624847 -0.02371661551296711
7918 2.50087571144104 -0.2488303780555725 0.03121913969516754
7919 4.761114597320557 -0.0977635309100151 0.22254939377307892
7920 2.5514919757843018 -0.07273853570222855 -0.13359004259109497
7921 4.038911819458008 0.12363219261169434 -0.13810071349143982
7922 2.300640344619751 0.0291295163333416 0.24501076340675354
7923 2.5629138946533203 -0.0718073844909668 -0.008262011222541332
7924 5.953098773956299 -0.1388251781463623 -0.02360415644943714
7925 5.515258312225342 -0.14334310591220856 -0.18627674877643585
7926 0.04314717650413513 0.035037022083997726 0.21423448622226715
7927 2.5210511684417725 -0.027783052995800972 -0.08417453616857529
7928 1.1381065845489502 -0.13901476562023163 0.22201105952262878
7929 1.2003775835037231 -0.06415019184350967 0.05972941592335701
7930 4.853574275970459 0.043136853724718094 -0.26019787788391113
7931 5.290917873382568 -0.23754115402698517 0.046117883175611496
7932 0.036141976714134216 -0.248997762799263 -0.04698564112186432
7933 0.38334906101226807 -0.11142867803573608 -0.18281491100788116
7934 0.5965716242790222 0.2538613975048065 -0.01817602850496769
7935 3.102766275405884 -0.03905931115150452 0.25886598229408264
7936 3.805126667022705 0.2528648376464844 -0.05178092420101166
7937 5.444065570831299 0.14761200547218323 0.21197934448719025
7938 1.5620958805084229 -0.14608383178710938 0.2083227038383484
7939 1.609145998954773 -0.03502008691430092 0.23228146135807037
7940 1.9458545446395874 0.03190207481384277 0.05952185019850731
7941 3.0681076049804688 -0.028121590614318848 0.17290963232517242
7942 0.08539292961359024 -0.0552452877163887 0.23869238793849945
7943 0.505754828453064 0.14963477849960327 -0.1437857300043106
7944 0.6028504967689514 0.19663766026496887 0.15816590189933777
7945 4.583253860473633 -0.015994727611541748 0.15272097289562225
7946 5.224728107452393 0.1202438548207283 0.0542241670191288
7947 1.6354589462280273 0.1952962577342987 -0.17422141134738922
7948 2.473557949066162 -0.1827232390642166 -0.16992704570293427
7949 0.7956757545471191 0.07069438695907593 -0.11195579916238785
7950 3.0897843837738037 -0.17358963191509247 -0.18346861004829407
7951 5.681637287139893 0.1808193475008011 -0.01598973199725151
7952 3.642709493637085 0.15634965896606445 0.12556232511997223
7953 3.607954263687134 0.23804247379302979 -0.07366281002759933
7954 2.5078201293945312 -0.2033822387456894 -0.004001136869192123
7955 3.3232662677764893 -0.04276386275887489 0.07006356865167618
7956 2.4448354244232178 -0.052408367395401 -0.17526288330554962
7957 5.522630214691162 -0.10363880544900894 0.2377515584230423
7958 2.2529892921447754 0.11633235961198807 0.09110046923160553
7959 0.7670082449913025 -0.09967168420553207 -0.17460255324840546
7960 3.228079319000244 0.1074695885181427 0.11244793236255646
7961 1.2312973737716675 0.00817006267607212 -0.15872833132743835
7962 4.228750705718994 0.2438758760690689 -0.03519439697265625
7963 0.043476738035678864 0.11004683375358582 0.19764499366283417
7964 3.1799399852752686 0.07587382942438126 0.0519409142434597
7965 5.219955921173096 -0.016836827620863914 -0.16585677862167358
7966 4.056053161621094 -0.03451342135667801 -0.26370057463645935
7967 3.3295140266418457 0.019407428801059723 0.17150883376598358
7968 2.6464052200317383 -0.0649685189127922 0.00832381285727024
7969 2.272677183151245 -0.1553269475698471 -0.18397648632526398
7970 0.6024841666221619 0.15157409012317657 -0.1990228295326233
7971 0.22368626296520233 -0.17350925505161285 -0.19139228761196136
7972 5.890912055969238 -0.19996047019958496 -0.15800416469573975
7973 5.242471218109131 0.01764914207160473 0.11113908141851425
7974 0.10366309434175491 0.11267498880624771 -0.24071542918682098
7975 5.830772876739502 0.2516925632953644 0.04414123669266701
7976 3.8199782371520996 0.2264295518398285 0.11751459538936615
7977 1.6495997905731201 0.17748664319515228 -0.20448632538318634
7978 0.17729859054088593 -0.251526415348053 -0.0854305699467659
7979 0.7592228055000305 0.2357037514448166 0.08776470273733139
7980 2.929595947265625 0.23013116419315338 -0.04774899035692215
7981 3.5294313430786133 -0.15297603607177734 -0.1633872538805008
7982 1.2857738733291626 0.06601912528276443 -0.02769448794424534
7983 5.22075080871582 -0.136013001203537 0.026606513187289238
7984 4.187707901000977 0.2573598623275757 -0.012181385420262814
7985 0.8045220375061035 -0.07980015128850937 0.15420818328857422
7986 5.258744716644287 -0.21697378158569336 -0.13452039659023285
7987 5.202352046966553 -0.011671066284179688 -0.026770584285259247
7988 2.0856640338897705 -0.057205721735954285 -0.041151903569698334
7989 5.041055202484131 -0.04554736614227295 0.0006733433692716062
7990 1.470672607421875 0.0952712893486023 0.15597636997699738
7991 4.188445091247559 0.19605237245559692 0.18176572024822235
7992 0.8978274464607239 -0.019558275118470192 0.24855151772499084
7993 5.848578929901123 -0.10244309157133102 0.10069038718938828
7994 5.390895366668701 -0.09609533101320267 -0.09114176779985428
7995 4.745551109313965 0.14517337083816528 -0.042816948145627975
7996 3.352476119995117 0.205522358417511 -0.041827887296676636
7997 4.824429035186768 0.17038431763648987 -0.004265532363206148
7998 4.52801513671875 -0.030914463102817535 -0.11250034719705582
7999 3.5332980155944824 -0.13867387175559998 -0.2121114432811737
8000 1.1347277164459229 -0.22485141456127167 -0.08993671834468842
8001 4.891430377960205 -0.06464739888906479 -0.21629416942596436
8002 4.415964603424072 0.03367747738957405 0.2516283690929413
8003 1.0060451030731201 0.059604957699775696 0.014226872473955154
8004 1.441407561302185 0.23553641140460968 -0.11282622814178467
8005 3.6460111141204834 -0.16840554773807526 -0.18787246942520142
8006 4.365947723388672 0.076781265437603 -0.2459733486175537
8007 4.400841236114502 -0.010548269376158714 0.2606925368309021
8008 3.9412717819213867 0.033432140946388245 0.11091069132089615
8009 1.5839329957962036 0.012804781086742878 0.20722541213035583
8010 5.370473384857178 -0.06081819906830788 -0.04192183166742325
8011 3.3119325637817383 -0.051370855420827866 -0.24551603198051453
8012 0.5300723910331726 0.12284709513187408 -0.04439670965075493
8013 0.88050776720047 -0.15334804356098175 -0.03514476865530014
8014 5.827051162719727 0.2472015619277954 0.0875970870256424
8015 3.560319423675537 -0.116705983877182 -0.2371784895658493
8016 3.3827366828918457 -0.023503374308347702 0.13341869413852692
8017 3.129267454147339 -0.04144737869501114 0.014721670188009739
8018 4.152083396911621 0.13740919530391693 0.2197379767894745
8019 0.8644561767578125 0.13969634473323822 -0.10120497643947601
8020 4.952082633972168 0.2523065507411957 -0.019066765904426575
8021 5.478574752807617 0.11764892935752869 0.19079260528087616
8022 5.408610820770264 -0.05211213231086731 0.03141775727272034
8023 2.596442222595215 0.024329092353582382 0.12890660762786865
8024 1.986234426498413 0.15411348640918732 0.2062339335680008
8025 4.257993698120117 -0.20873484015464783 -0.1583881676197052
8026 4.603257656097412 0.02263566665351391 0.015780270099639893
8027 4.941135883331299 0.03360205516219139 0.0774337574839592
8028 5.186825752258301 0.2476455420255661 0.0589100606739521
8029 0.37636294960975647 -0.12007153779268265 0.04775943607091904
8030 5.947935104370117 0.1559258997440338 -0.07189927250146866
8031 5.021060943603516 0.15269304811954498 0.19159285724163055
8032 3.0589592456817627 0.26437848806381226 -0.001044335775077343
8033 3.5534603595733643 -0.11438929289579391 0.21559150516986847
8034 1.9860904216766357 -0.008797061629593372 0.14859825372695923
8035 0.1043175533413887 0.07877833396196365 -0.23087497055530548
8036 0.681806743144989 0.07610644400119781 -0.10113294422626495
8037 2.985095977783203 -0.25598302483558655 0.045259542763233185
8038 3.396303176879883 0.19362182915210724 0.03872566670179367
8039 2.476498603820801 -0.0936751738190651 -0.21841774880886078
8040 2.558377742767334 0.1262405812740326 0.22226010262966156
8041 4.518935203552246 -0.1900690793991089 -0.16263163089752197
8042 0.18917226791381836 0.1670224815607071 -0.0006576137966476381
8043 4.124210834503174 0.24539560079574585 -0.0804079920053482
8044 0.47127294540405273 0.05117899924516678 -0.006290960591286421
8045 5.568146228790283 -0.0695577934384346 0.23862256109714508
8046 3.8957135677337646 -0.21490661799907684 -0.1403062343597412
8047 1.728334665298462 0.26358309388160706 0.02196005918085575
8048 1.7841464281082153 -0.017876815050840378 0.17918966710567474
8049 5.4868083000183105 0.12952782213687897 -0.20761092007160187
8050 0.1545613706111908 -0.1650625765323639 -0.10376051813364029
8051 5.873055458068848 0.267815500497818 0.004993097856640816
8052 5.139148712158203 -0.01180772390216589 -0.2583409547805786
8053 3.9145851135253906 -0.15925535559654236 -0.12397917360067368
8054 1.945360541343689 -0.14069963991641998 -0.046618226915597916
8055 5.125908851623535 0.032939810305833817 -0.25472491979599
8056 2.347116708755493 -0.11216972023248672 0.1288091391324997
8057 3.9452743530273438 -0.17428581416606903 0.02677236869931221
8058 3.643216848373413 0.14766022562980652 0.21564258635044098
8059 3.510587215423584 -0.09962891042232513 -0.12739375233650208
8060 5.956422328948975 0.06738924980163574 -0.13052760064601898
8061 3.030611753463745 -0.10113441944122314 -0.23364265263080597
8062 0.26564523577690125 0.2466820627450943 0.06038152053952217
8063 1.6114903688430786 0.052431620657444 -0.1616840362548828
8064 0.7631494998931885 0.18252518773078918 0.1403137445449829
8065 3.547738552093506 -0.09050466865301132 0.24946865439414978
8066 2.3513224124908447 0.09627781063318253 -0.11647643148899078
8067 0.5519001483917236 -0.1309911012649536 0.19322244822978973
8068 5.445038795471191 -0.23850269615650177 -0.09091668576002121
8069 5.523024082183838 -0.12281334400177002 0.05606523156166077
8070 5.500885963439941 0.14340122044086456 0.2188759297132492
8071 4.145973205566406 -0.21179530024528503 -0.043038103729486465
8072 4.641939163208008 0.06514180451631546 -0.22618235647678375
8073 5.445695400238037 0.10276070982217789 0.21817892789840698
8074 5.283495903015137 -0.1778116524219513 0.06895056366920471
8075 2.277186870574951 0.18250538408756256 0.17786121368408203
8076 2.905207633972168 0.21286730468273163 -0.11373268812894821
8077 3.495018243789673 -0.23861365020275116 -0.07789822667837143
8078 1.4158746004104614 -0.18755793571472168 -0.1767488270998001
8079 5.15578556060791 0.1294216811656952 0.012251224368810654
8080 5.403487205505371 0.15043193101882935 -0.21679450571537018
8081 3.7015812397003174 -0.22000852227210999 0.07497186958789825
8082 3.369605779647827 -0.23772673308849335 0.10037118941545486
8083 0.9027314186096191 -0.07802232354879379 0.23260118067264557
8084 1.6846344470977783 0.21603097021579742 0.06532032787799835
8085 1.7890870571136475 -0.24380826950073242 -0.026556970551609993
8086 2.484321355819702 -0.18411511182785034 0.11547747254371643
8087 1.8206173181533813 -0.22628867626190186 0.0660150796175003
8088 0.8978016376495361 0.06391382217407227 -0.08196750283241272
8089 2.114886522293091 0.1412152349948883 -0.05715974047780037
8090 2.0999350547790527 0.24402457475662231 -0.041927922517061234
8091 4.471142768859863 -0.15276989340782166 0.17189030349254608
8092 2.982089042663574 0.23861214518547058 0.06720272451639175
8093 3.6464240550994873 -0.22874121367931366 0.11823824048042297
8094 4.855865955352783 -0.025221271440386772 0.253430038690567
8095 3.4144880771636963 -0.2153460681438446 0.1231599897146225
8096 3.0714454650878906 0.23924073576927185 -0.0531461201608181
8097 1.3040846586227417 -0.04391014203429222 -0.04532714933156967
8098 3.7426788806915283 0.12014252692461014 0.21198928356170654
8099 1.172458529472351 0.2110036015510559 0.08272016793489456
8100 1.2562681436538696 0.006500032264739275 0.2508385479450226
8101 1.3142882585525513 0.048386696726083755 0.2524522542953491
8102 5.3636980056762695 0.14616425335407257 -0.06710632890462875
8103 3.5598831176757812 0.16250254213809967 0.17642657458782196
8104 0.4369170665740967 0.12216343730688095 -0.08933421224355698
8105 4.726474761962891 0.20935434103012085 0.14249303936958313
8106 0.10055031627416611 0.25258633494377136 0.009119662456214428
8107 0.038870811462402344 0.19689415395259857 0.029869824647903442
8108 2.0194947719573975 -0.008563682436943054 0.24782167375087738
8109 5.268824577331543 0.15396656095981598 0.1579207181930542
8110 4.252861022949219 -0.23584061861038208 -0.021473344415426254
8111 5.7933807373046875 -0.10213465243577957 0.2211015224456787
8112 3.9071106910705566 -0.05164572224020958 -0.051074907183647156
8113 5.0665435791015625 0.028522808104753494 0.18829777836799622
8114 0.030860722064971924 -0.052847858518362045 -0.07061730325222015
8115 3.6920976638793945 0.1308252513408661 0.21383902430534363
8116 5.954991340637207 -0.16248714923858643 -0.11923210322856903
8117 5.642073154449463 -0.11160306632518768 0.23416997492313385
8118 1.5415416955947876 -0.2115658074617386 0.08080501854419708
8119 3.825695037841797 -0.13728180527687073 -0.09037654101848602
8120 2.7417190074920654 0.2100566029548645 0.13106977939605713
8121 5.26112174987793 -0.18314005434513092 0.1761222779750824
8122 0.15750248730182648 -0.17222557961940765 -0.18762581050395966
8123 3.3783204555511475 0.07951998710632324 -0.24746060371398926
8124 0.3516520857810974 0.14062289893627167 0.20313867926597595
8125 0.6050247550010681 0.20509104430675507 -0.045069724321365356
8126 4.66678524017334 -0.15590070188045502 0.11930587887763977
8127 4.108245372772217 -0.21575398743152618 -0.13434097170829773
8128 5.603898048400879 0.19736871123313904 -0.12547160685062408
8129 3.8225903511047363 -0.04752428084611893 0.15022659301757812
8130 2.4187793731689453 -0.019278746098279953 -0.25694194436073303
8131 3.100914478302002 -0.08823525905609131 -0.23776474595069885
8132 5.929619312286377 -0.07000895589590073 -0.253289133310318
8133 2.4570698738098145 0.13210251927375793 -0.20180945098400116
8134 3.5937960147857666 0.038506750017404556 -0.01955234259366989
8135 4.607048988342285 -0.14613397419452667 -0.16247572004795074
8136 1.9596123695373535 0.12474524229764938 -0.12299802154302597
8137 5.166814804077148 0.07195675373077393 0.23342913389205933
8138 4.877610206604004 -0.04015996679663658 0.20541760325431824
8139 2.8189759254455566 0.2373441755771637 -0.04988472908735275
8140 5.922956466674805 0.10319657623767853 -0.05518932640552521
8141 5.747359752655029 -0.07047867029905319 0.07344327867031097
8142 0.4996691346168518 0.01348748430609703 0.043293438851833344
8143 5.7167134284973145 -0.04977093264460564 -0.2251303344964981
8144 0.04239372909069061 -0.1649763435125351 0.03301921486854553
8145 0.8124047517776489 -0.227479487657547 -0.10261102020740509
8146 1.4962422847747803 0.17747075855731964 -0.012981665320694447
8147 4.225249767303467 -0.04759249463677406 -0.24630729854106903
8148 2.1239237785339355 0.013669431209564209 -0.2381666749715805
8149 2.609663248062134 -0.20415280759334564 0.1431303769350052
8150 1.3564249277114868 0.15971891582012177 0.18833060562610626
8151 3.191833734512329 -0.23845729231834412 0.07832648605108261
8152 4.54298210144043 -0.13542607426643372 0.11283989250659943
8153 5.563401699066162 0.13861490786075592 0.2074529528617859
8154 1.894609808921814 0.14387047290802002 0.09418252855539322
8155 1.1828559637069702 -0.24834959208965302 0.04853037744760513
8156 2.8135037422180176 0.14489616453647614 -0.19150473177433014
8157 4.1305155754089355 0.020445600152015686 0.2460361123085022
8158 3.0556113719940186 0.18637239933013916 0.14885257184505463
8159 4.627248764038086 0.1202215924859047 0.1132306382060051
8160 2.8107476234436035 0.05573157221078873 0.17142407596111298
8161 3.093700885772705 -0.20788317918777466 -0.1385108232498169
8162 1.7198604345321655 -0.03047371283173561 -0.049055423587560654
8163 2.0410211086273193 0.09036014974117279 -0.2321578711271286
8164 0.13535919785499573 0.024192025884985924 -0.04923725500702858
8165 2.5290887355804443 -0.2473357915878296 0.06958877295255661
8166 0.04104302451014519 -0.12659646570682526 0.10879076272249222
8167 3.025796890258789 -0.046644821763038635 -0.24390366673469543
8168 2.0217931270599365 -0.20222672820091248 -0.15228065848350525
8169 0.7812871336936951 -0.10170851647853851 -0.22786401212215424
8170 3.3092563152313232 -0.22273901104927063 0.09258732944726944
8171 0.08865290135145187 -0.09861677139997482 0.24126440286636353
8172 3.803906202316284 0.2157706767320633 -0.13993047177791595
8173 0.04838510602712631 0.1477532535791397 0.21573925018310547
8174 4.293270111083984 -0.13349944353103638 -0.22198250889778137
8175 0.12750974297523499 0.06683903932571411 -0.175266295671463
8176 3.6109766960144043 -0.18600502610206604 0.04740170016884804
8177 1.4914398193359375 -0.03156425431370735 -0.2503893971443176
8178 2.7502384185791016 0.04025942087173462 -0.027303112670779228
8179 5.103579998016357 0.12584447860717773 -0.21692179143428802
8180 1.7076445817947388 -0.13840936124324799 -0.12755386531352997
8181 2.6313085556030273 0.003128696931526065 0.18596231937408447
8182 4.914295673370361 -0.10932224243879318 -0.2283942699432373
8183 0.7195045948028564 -0.0034682166296988726 -0.22409966588020325
8184 0.7585672736167908 -0.039721351116895676 -0.2588097155094147
8185 3.1612708568573 -0.20296163856983185 0.1351233273744583
8186 3.64727520942688 -0.2241421788930893 -0.10907521098852158
8187 3.446842908859253 -0.15081140398979187 0.081509068608284
8188 1.6992149353027344 -0.19461029767990112 0.15563152730464935
8189 4.099576473236084 0.18544107675552368 0.04778843745589256
8190 4.767277240753174 -0.26023733615875244 0.006430142093449831
8191 2.6180286407470703 -0.1581156998872757 0.09519544988870621
8192 0.03437419608235359 -0.1207737848162651 -0.05807170271873474
8193 1.5479525327682495 -0.06903935223817825 0.24321331083774567
8194 1.810892939567566 -0.012098319828510284 -0.10839036107063293
8195 3.608525037765503 0.24146391451358795 0.08919265121221542
8196 1.3315849304199219 0.25299274921417236 0.056737594306468964
8197 0.5348570942878723 0.1887860745191574 -0.12526509165763855
8198 0.8397828936576843 -0.04738083854317665 0.014482665807008743
8199 2.4181771278381348 -0.03755431994795799 0.27000463008880615
8200 1.8258938789367676 -0.1136360913515091 0.23362496495246887
8201 3.482333183288574 0.05227893963456154 -0.25096577405929565
8202 5.012685775756836 -0.06331712007522583 -0.05243012681603432
8203 5.155549049377441 0.22119079530239105 0.1376531720161438
8204 5.64856481552124 -0.20235052704811096 -0.012170408852398396
8205 2.903956413269043 0.2522374987602234 -0.0037123956717550755
8206 5.5654683113098145 0.10942167043685913 0.09564613550901413
8207 4.346890449523926 0.0008510471670888364 0.2534027695655823
8208 4.929579257965088 -0.09499012678861618 0.02096361480653286
8209 4.30310583114624 0.09156773239374161 -0.1465107947587967
8210 4.0518479347229 -0.02336110733449459 0.1662713885307312
8211 3.9203922748565674 0.2319783717393875 0.01198455598205328
8212 5.229945659637451 -0.06375124305486679 -0.18809951841831207
8213 2.109543561935425 0.239454448223114 0.09605341404676437
8214 1.639746904373169 0.24139663577079773 0.07688385993242264
8215 0.8769614100456238 -0.09526926279067993 -0.007411051541566849
8216 3.6384663581848145 -0.088810034096241 -0.08813802897930145
8217 3.040356159210205 -0.013429642654955387 -0.26173076033592224
8218 3.899707794189453 -0.17593364417552948 -0.019476797431707382
8219 2.306980848312378 -0.22241263091564178 0.13213960826396942
8220 5.56345796585083 0.05306267738342285 -0.21340268850326538
8221 3.1475439071655273 -0.19779835641384125 0.17621652781963348
8222 2.0170774459838867 0.03649623319506645 0.25876152515411377
8223 5.368983745574951 -0.08653280884027481 -0.15590336918830872
8224 0.7964274287223816 0.00545035395771265 -0.12024351209402084
8225 3.650805950164795 0.2304232269525528 -0.04472251981496811
8226 4.9630255699157715 0.2254471331834793 0.02203402854502201
8227 0.03629700839519501 0.1305578649044037 0.16287843883037567
8228 3.0110714435577393 0.13125577569007874 0.14343002438545227
8229 2.4447474479675293 -0.018221134319901466 0.2257651388645172
8230 4.46936559677124 -0.20003950595855713 0.1619976907968521
8231 2.9534912109375 -0.23335722088813782 0.08818617463111877
8232 4.169974327087402 0.1926935315132141 0.02254851721227169
8233 1.0745025873184204 -0.06309429556131363 -0.2290733903646469
8234 2.8962693214416504 -0.022711841389536858 -0.053041957318782806
8235 2.222306251525879 0.19370615482330322 0.13055948913097382
8236 5.105208873748779 -0.16732986271381378 -0.2041976898908615
8237 1.0360409021377563 -0.1958295851945877 -0.1689300835132599
8238 0.996970534324646 0.22501498460769653 0.12100536376237869
8239 4.007523059844971 -0.07806328684091568 0.04344140365719795
8240 0.6872072815895081 0.10875570774078369 0.05690930783748627
8241 4.718987941741943 0.06962460279464722 0.1610194891691208
8242 2.239495038986206 0.008109691552817822 0.2679608166217804
8243 0.5966224670410156 0.005590199027210474 -0.20757463574409485
8244 3.106327772140503 0.19074301421642303 -0.04004228115081787
8245 5.6415276527404785 0.008415235206484795 -0.2538391947746277
8246 4.563952922821045 -0.0016027357196435332 0.20231255888938904
8247 5.276769161224365 0.12327643483877182 -0.2093549221754074
8248 4.184974193572998 0.09520898014307022 0.23343075811862946
8249 5.888880729675293 -0.16691580414772034 -0.19504527747631073
8250 2.2138450145721436 -0.14037169516086578 0.04633686691522598
8251 2.5038766860961914 0.22195295989513397 0.11819460988044739
8252 4.072516918182373 -0.07900958508253098 0.16885143518447876
8253 0.5979760885238647 0.24717368185520172 -0.06460333615541458
8254 3.2518439292907715 -0.09494289755821228 0.028070693835616112
8255 1.624450445175171 0.10593094676733017 0.23385106027126312
8256 3.5933780670166016 -0.22943006455898285 -0.10425039380788803
8257 1.2342071533203125 0.08574450016021729 -0.11255435645580292
8258 5.212153911590576 0.042109571397304535 -0.0629546269774437
8259 2.893275737762451 -0.059467703104019165 0.04550620913505554
8260 0.3411587178707123 0.2377893477678299 -0.08678749948740005
8261 4.48276948928833 0.2126094549894333 0.14796753227710724
8262 0.3665630519390106 -0.012257372960448265 -0.25411391258239746
8263 4.471921443939209 0.17872360348701477 0.18282927572727203
8264 4.525975227355957 0.02345825731754303 -0.07660951465368271
8265 4.840432167053223 0.13697683811187744 0.18694910407066345
8266 0.1405639797449112 0.1463959515094757 0.06608540564775467
8267 2.7357022762298584 -0.07333225011825562 0.10750444233417511
8268 2.517064094543457 0.24841247498989105 0.04119668900966644
8269 4.485696315765381 -0.10961055755615234 -0.2234410047531128
8270 2.984008550643921 -0.08375265449285507 0.23499764502048492
8271 2.2094128131866455 0.16125133633613586 0.02649301290512085
8272 5.866146087646484 0.2529580593109131 0.06942075490951538
8273 0.6905534863471985 -0.2183234840631485 0.12510766088962555
8274 1.6832268238067627 0.16742810606956482 0.1971968412399292
8275 0.7997820973396301 0.14705051481723785 -0.003724626498296857
8276 3.060948610305786 -0.17066681385040283 -0.20909270644187927
8277 5.9474778175354 -0.014491290785372257 0.25619131326675415
8278 4.207204341888428 -0.227915957570076 -0.12909188866615295
8279 5.870666027069092 0.13973526656627655 -0.03047722764313221
8280 3.800457715988159 0.24920982122421265 0.05308463051915169
8281 1.1228411197662354 -0.1698373556137085 0.1906484216451645
8282 5.9746174812316895 -0.0061178551986813545 0.23561297357082367
8283 4.347092628479004 0.014944677241146564 -0.23141588270664215
8284 0.7668291330337524 -0.13667970895767212 0.08276665210723877
8285 0.04598549008369446 0.06610069423913956 -0.052136994898319244
8286 5.237279415130615 -0.10193639993667603 -0.13387103378772736
8287 1.1805810928344727 -0.19900737702846527 -0.1695299744606018
8288 4.325004577636719 0.022730974480509758 -0.016662027686834335
8289 5.606724739074707 0.23716036975383759 -0.10173933207988739
8290 5.9577412605285645 0.10910309106111526 0.07562366127967834
8291 4.756200790405273 0.08462942391633987 -0.024565624073147774
8292 0.04996396228671074 0.11218427866697311 0.24043190479278564
8293 3.814735174179077 0.026992399245500565 -0.2485336810350418
8294 4.601807117462158 -0.027104750275611877 -0.13846054673194885
8295 4.680530548095703 0.17057974636554718 -0.18607214093208313
8296 3.1458261013031006 0.061094675213098526 -0.24394318461418152
8297 4.826913356781006 -0.18251027166843414 0.01662265695631504
8298 4.437525272369385 -0.2534836530685425 -0.030381523072719574
8299 0.20867310464382172 -0.03448445722460747 -0.1598915010690689
8300 5.657320499420166 0.018855953589081764 0.1350928097963333
8301 1.7741732597351074 -0.12782913446426392 0.20564326643943787
8302 0.9750140905380249 0.16446085274219513 -0.05110819265246391
8303 1.7924237251281738 -0.17537921667099 0.17840576171875
8304 0.37747034430503845 0.1196664348244667 -0.2292487770318985
8305 2.9643964767456055 0.15995043516159058 0.17931951582431793
8306 3.067230701446533 0.00723646767437458 -0.21029095351696014
8307 5.631972312927246 -0.12702426314353943 0.0019091031281277537
8308 2.494584083557129 0.08058317750692368 0.14249730110168457
8309 4.594275951385498 0.26076412200927734 -0.016872484236955643
8310 2.944136619567871 -0.24985890090465546 0.003151597687974572
8311 5.887112140655518 -0.257584810256958 -0.007374771870672703
8312 1.3736381530761719 -0.013418683782219887 0.2661270201206207
8313 5.968991279602051 0.011361450888216496 0.2651945948600769
8314 0.8069199919700623 -0.1661926507949829 -0.0832238718867302
8315 3.08318829536438 -0.1050720289349556 -0.01900734193623066
8316 3.192751407623291 -0.19516843557357788 0.17465001344680786
8317 5.949906826019287 -0.18941240012645721 0.005190650932490826
8318 4.614842414855957 0.03933422639966011 0.13372118771076202
8319 3.238837957382202 -0.12984371185302734 -0.06095978990197182
8320 4.72531270980835 -0.0840780958533287 0.24542754888534546
8321 1.171773910522461 -0.1642938256263733 0.2021515965461731
8322 0.03472137451171875 -0.16804394125938416 0.09531151503324509
8323 0.055948466062545776 -0.03533949330449104 0.26143237948417664
8324 3.2812042236328125 -0.23499028384685516 0.12289947271347046
8325 3.950331449508667 0.15272854268550873 0.01346566155552864
8326 3.937318801879883 0.2548147439956665 -0.02964165061712265
8327 3.8924009799957275 0.2376856654882431 0.06374143064022064
8328 2.2112574577331543 -0.19702288508415222 -0.000978325610049069
8329 5.524087429046631 -0.1730605959892273 0.0808151513338089
8330 5.607913017272949 -0.06509821861982346 0.020030686631798744
8331 1.723511815071106 -0.22359532117843628 0.1332552433013916
8332 4.124876976013184 0.24039162695407867 -0.1169591173529625
8333 4.286592960357666 -0.25899481773376465 0.0045987702906131744
8334 5.325107574462891 -0.19457517564296722 0.035581812262535095
8335 3.8492438793182373 0.25463587045669556 0.05299052968621254
8336 3.1413843631744385 -0.08103436231613159 -0.25269797444343567
8337 4.598231792449951 0.023941677063703537 0.17760051786899567
8338 3.9557862281799316 -0.04565949738025665 0.08120912313461304
8339 2.038182258605957 -0.0016472907736897469 0.21279573440551758
8340 1.678610920906067 -0.22784461081027985 0.10305454581975937
8341 5.934366703033447 -0.151919886469841 -0.20844577252864838
8342 2.3303799629211426 -0.131508007645607 0.19372451305389404
8343 1.9660037755966187 -0.13065463304519653 -0.11023430526256561
8344 4.520845413208008 -0.17478583753108978 0.15011979639530182
8345 1.1286181211471558 -0.07486915588378906 -0.24020825326442719
8346 5.279315948486328 -0.15764153003692627 0.006764799822121859
8347 3.555534601211548 0.14630021154880524 0.1179727092385292
8348 2.0061869621276855 -0.056454043835401535 0.20808377861976624
8349 2.9571216106414795 0.22802510857582092 0.11156659573316574
8350 4.888464450836182 0.012242552824318409 0.16460411250591278
8351 3.4957518577575684 -0.24309061467647552 -0.013383149169385433
8352 1.6965986490249634 0.20973941683769226 0.1267702877521515
8353 1.0005040168762207 -0.13857214152812958 -0.1894317865371704
8354 4.894526958465576 -0.04801557958126068 0.2598288059234619
8355 3.390744209289551 -0.21510927379131317 0.15545327961444855
8356 3.00738263130188 0.23415091633796692 -0.05491088330745697
8357 3.7726855278015137 0.08774714916944504 0.23927995562553406
8358 1.2423648834228516 -0.022991646081209183 0.17658263444900513
8359 4.311145305633545 0.014650488272309303 -0.2592608332633972
8360 5.2199625968933105 0.14753897488117218 0.12236546725034714
8361 5.926758766174316 -0.18913507461547852 -0.1836284101009369
8362 3.7665443420410156 0.04409029707312584 0.2565988600254059
8363 5.617920398712158 0.000895508739631623 -0.19405004382133484
8364 5.655423164367676 0.004458438139408827 0.055618349462747574
8365 2.842017650604248 0.2618671953678131 -0.02405865676701069
8366 5.71931266784668 -0.016168352216482162 -0.2574567198753357
8367 5.710665225982666 -0.014988281764090061 -0.16163450479507446
8368 5.782146453857422 -0.018815066665410995 0.038041938096284866
8369 5.22084379196167 0.1785871833562851 0.07028617709875107
8370 4.230857849121094 -0.0930444747209549 -0.2453683316707611
8371 0.8319857716560364 -0.06512776762247086 -0.2283988744020462
8372 1.283952236175537 0.24132278561592102 0.018023012205958366
8373 1.3929780721664429 0.1897791624069214 0.17043651640415192
8374 1.4145171642303467 0.13341619074344635 0.19977374374866486
8375 3.2036643028259277 -0.2287343144416809 0.011495988816022873
8376 2.9321117401123047 0.24816390872001648 0.04429283365607262
8377 2.8358302116394043 0.18393027782440186 -0.1830211728811264
8378 2.49306321144104 -0.23324629664421082 0.10336308926343918
8379 0.8069921731948853 -0.14470776915550232 -0.02000131644308567
8380 4.496968746185303 -0.15273892879486084 0.11322901397943497
8381 0.3484780490398407 0.10256323218345642 -0.18410490453243256
8382 4.583404541015625 0.2550319731235504 -0.06320571154356003
8383 2.6005301475524902 -0.11342678964138031 0.03938836604356766
8384 4.775646209716797 -0.25472936034202576 0.0516451895236969
8385 2.546590805053711 -0.12858211994171143 0.011883578263223171
8386 3.3893115520477295 -0.15421153604984283 0.15979637205600739
8387 1.1726531982421875 -0.22539620101451874 -0.1456405520439148
8388 4.731968402862549 0.17813317477703094 -0.17663955688476562
8389 4.302084922790527 0.028729544952511787 -0.18018238246440887
8390 3.825258255004883 0.25029614567756653 0.08527860790491104
8391 2.8972795009613037 -0.24851854145526886 0.032164622098207474
8392 5.844237804412842 0.16723722219467163 0.021417981013655663
8393 3.0243468284606934 -0.09466832876205444 -0.047882501035928726
8394 2.5244762897491455 -0.19680127501487732 0.08706413209438324
8395 0.2858442962169647 0.228389710187912 -0.09997822344303131
8396 4.790640354156494 0.09821683168411255 0.20301561057567596
8397 3.540297269821167 0.08110082894563675 0.1325579583644867
8398 2.944547653198242 0.16937920451164246 0.11665985733270645
8399 5.741305351257324 0.01782809942960739 -0.26418110728263855
8400 1.8337173461914062 -0.19687201082706451 0.16074936091899872
8401 2.460862636566162 0.1314816176891327 0.17250481247901917
8402 4.6970133781433105 -0.04984784871339798 0.2566063702106476
8403 4.191938400268555 -0.11377647519111633 -0.23369476199150085
8404 4.005695343017578 0.12041270732879639 -0.010001638904213905
8405 4.541153430938721 0.24667033553123474 -0.027461428195238113
8406 3.3003194332122803 -0.17371506989002228 0.13474281132221222
8407 1.7673274278640747 -0.22405289113521576 0.09275843948125839
8408 1.649964451789856 -0.18852658569812775 0.13025689125061035
8409 4.693540096282959 -0.006725919432938099 0.22787313163280487
8410 5.812467098236084 0.20726118981838226 0.026133889332413673
8411 4.163474082946777 -0.06956855207681656 -0.2430180311203003
8412 4.278299331665039 -0.0022711330093443394 -0.2679731547832489
8413 2.817595958709717 0.22920535504817963 -0.00609072670340538
8414 2.365905284881592 -0.1613304316997528 0.20703457295894623
8415 1.249698281288147 -0.0543084479868412 0.23193347454071045
8416 2.7867605686187744 0.18987245857715607 -0.17814424633979797
8417 4.720159530639648 -0.24160751700401306 0.03659927845001221
8418 4.531802654266357 0.19556467235088348 -0.004402421414852142
8419 2.8584835529327393 -0.25764769315719604 0.007204239256680012
8420 2.5291759967803955 -0.21723699569702148 0.12959352135658264
8421 2.794245719909668 0.17130756378173828 -0.04026152193546295
8422 4.723702907562256 -0.014157614670693874 0.2600082457065582
8423 2.845266103744507 0.20706136524677277 -0.0320090614259243
8424 4.697288513183594 0.020815979689359665 0.2618069052696228
8425 2.878218173980713 0.1455698311328888 -0.02400813437998295
