25629 4 0
1 1767 826 543 1386
2 4280 2556 4160 1679
3 4685 2344 2957 1674
4 674 1471 1355 48
5 4521 1864 4125 2417
6 2708 1014 2117 588
7 1987 758 1311 400
8 2663 2070 2105 1555
9 4762 3237 4593 2771
10 4234 1532 4025 3722
11 4204 3507 3759 3535
12 4484 972 3907 689
13 2969 1527 1841 675
14 4489 3910 4064 3140
15 4430 3139 3246 1603
16 4232 1022 1063 1033
17 3419 49 2371 987
18 2946 1737 2515 2107
19 4387 429 146 565
20 3982 2655 3865 2003
21 3781 1796 3335 2873
22 3909 193 1933 1399
23 3680 1132 3406 1015
24 4079 2080 2709 2498
25 4452 1831 2721 1603
26 4380 2926 4078 3208
27 2778 2523 2716 1542
28 2149 1963 2139 1901
29 417 1051 144 562
30 3821 1294 2136 633
31 2698 2288 2613 2130
32 3983 2651 3884 3801
33 2273 1567 1862 1520
34 4798 1614 4345 2858
35 2336 1527 1955 1082
36 4612 208 664 946
37 4477 2007 3648 2853
38 2456 2024 2225 53
39 2084 1769 1951 997
40 3628 1710 2019 1864
41 3355 2569 2703 1980
42 2566 1811 2165 1534
43 2058 546 866 308
44 4140 2427 3948 2096
45 2480 792 2369 1560
46 4626 2577 3715 1894
47 3598 2378 3322 2088
48 3636 1571 3112 2169
49 4684 2305 4115 3415
50 3613 62 2921 2427
51 3752 2700 3640 3037
52 2369 371 792 1361
53 1704 1223 1214 757
54 1135 697 533 129
55 3965 3236 3932 1920
56 466 890 1108 1110
57 4267 1671 2476 1610
58 3933 3473 3779 2453
59 3912 1959 2375 2217
60 4003 2005 3479 1848
61 4501 2469 4421 2750
62 2084 982 1769 997
63 3914 2527 3858 3045
64 2027 275 932 612
65 2158 793 364 235
66 4095 2108 2496 2211
67 4344 2019 3210 1567
68 4315 655 1900 1309
69 2324 30 1053 401
70 1828 222 1654 794
71 1149 28 1486 478
72 4585 2590 4109 3677
73 4114 1997 3445 3131
74 3408 1326 2063 581
75 3072 1691 1960 297
76 1682 1361 754 340
77 2109 640 1300 314
78 4600 2160 3730 2026
79 3778 3194 3723 1713
80 2620 1047 1371 609
81 2985 551 1065 1169
82 4039 1706 3866 2871
83 1907 1730 1828 1622
84 2134 1100 568 38
85 2853 1563 2007 1524
86 2408 1886 2102 2057
87 2741 1605 2690 2169
88 3886 2897 3844 2044
89 2927 1150 894 5
90 3159 1548 2458 1651
91 1693 162 734 712
92 4595 955 1731 671
93 4288 2334 3713 26
94 2459 1852 2332 2233
95 4026 3527 3784 1547
96 3666 1611 2914 1771
97 2245 1122 557 1120
98 2891 1769 2706 2044
99 4178 906 2131 312
100 898 1478 458 1233
101 2930 854 213 398
102 3953 3709 3746 2497
103 4445 3040 4005 2228
104 183 891 815 366
105 4569 3592 3751 1873
106 4417 1008 2878 518
107 4143 2266 2958 2860
108 2487 1703 2287 1640
109 3774 3020 3699 3166
110 2992 2594 2964 1709
111 3077 1883 2306 1505
112 3361 2141 3341 2958
113 4018 1836 2337 1171
114 4049 2603 3652 2127
115 2297 411 1101 115
116 3373 1111 1310 530
117 2991 1653 1733 1605
118 1215 492 1357 181
119 4385 2470 2992 2778
120 2393 2158 793 1155
121 4540 4107 4506 3698
122 4187 1853 2791 2571
123 4569 2073 3242 1531
124 3327 2078 3126 2668
125 3606 1588 2772 1968
126 3871 3261 3422 3347
127 3964 416 1088 965
128 2663 1561 2105 2070
129 3201 2017 2467 1802
130 1720 244 1441 1035
131 1584 796 1235 939
132 2247 1493 1930 1861
133 798 1149 901 478
134 4284 3085 3163 3018
135 4787 4609 4681 4093
136 3565 2559 3486 3191
137 3613 1439 2921 62
138 3617 3390 3609 2860
139 3872 1863 3745 3614
140 4181 1292 2828 2089
141 4409 1504 3719 3592
142 4721 2623 3918 2082
143 4439 3191 3486 2559
144 4166 2200 2532 1594
145 3800 2827 3788 2875
146 3601 2036 2749 1643
147 1807 963 329 1076
148 4121 2657 2952 2279
149 3984 268 2779 1433
150 4665 3871 3977 2511
151 3015 1586 2760 2348
152 2626 1671 1908 1614
153 4177 2383 3670 1562
154 3902 1431 3830 1039
155 1894 848 1855 425
156 387 724 892 203
157 4001 2349 3304 3280
158 4177 2376 2904 2059
159 3480 2532 3269 2638
160 2954 2020 2704 1642
161 2811 1544 2264 2221
162 4707 2274 4171 2421
163 3384 1878 3041 2303
164 3861 2575 3786 3021
165 1597 770 1492 1469
166 2726 1954 2598 2346
167 2173 837 1899 162
168 1429 873 1055 405
169 4495 2126 2633 1978
170 3004 2557 2902 2342
171 3072 1470 1730 1191
172 3171 1154 274 931
173 3150 1416 1582 1452
174 3930 2152 2689 2526
175 3451 2935 3228 2939
176 1618 1198 623 620
177 3967 1125 2483 528
178 3003 638 2246 1482
179 3674 2187 2770 1906
180 4384 1592 2232 1897
181 4690 1758 2417 1608
182 4078 2162 3378 3245
183 1832 1261 322 1344
184 4640 1590 4144 2598
185 113 405 874 1429
186 4630 2447 3300 3255
187 4801 2738 4749 4228
188 4559 1901 2180 378
189 3159 2458 2649 1651
190 2992 1504 2778 2470
191 4007 1087 2485 410
192 1615 661 1278 812
193 1616 799 1145 442
194 471 164 893 802
195 4728 3737 4309 3396
196 2515 77 1806 453
197 555 1122 392 1109
198 1881 633 372 191
199 1677 840 1034 375
200 2158 235 2026 95
201 3519 2213 3367 3333
202 399 1467 1458 12
203 1615 798 223 1149
204 414 934 350 998
205 2920 2709 2830 2440
206 4245 2079 2464 1588
207 2593 1040 504 1052
208 3637 1109 392 1122
209 643 1140 197 380
210 4704 1539 2264 2148
211 3534 3157 3202 1591
212 3545 1252 803 854
213 4696 2462 4429 3138
214 4546 2309 3954 3011
215 4349 2644 3377 2293
216 2340 767 1488 1362
217 678 775 216 1499
218 4675 2201 3176 2040
219 3855 2095 2460 1673
220 4772 1613 3424 3033
221 3772 2087 2461 1743
222 3194 1248 2695 923
223 2456 545 2058 866
224 3815 2996 3195 3108
225 2930 213 2385 398
226 2190 586 1841 1213
227 3049 2553 3037 2527
228 3547 1169 321 1023
229 4668 200 842 820
230 3781 2391 3768 2873
231 3668 3278 3499 2555
232 912 1152 571 8
233 3933 2453 3779 2445
234 4067 2089 3571 358
235 1739 1540 1696 1558
236 3586 1988 2982 1754
237 4656 2602 3978 2434
238 3931 1488 1214 622
239 3847 2438 3152 1592
240 4504 2067 2774 2549
241 3595 2607 3544 2220
242 4329 2322 3551 2785
243 1887 1181 324 533
244 1652 868 1462 786
245 4454 3726 4022 3393
246 3249 788 95 1437
247 4658 3066 3258 2328
248 2438 805 806 90
249 4194 1533 2452 1529
250 4013 151 2864 978
251 4771 1978 4591 3054
252 3842 2841 3157 2366
253 2990 520 2000 1075
254 1933 375 1886 1677
255 1757 1216 1559 1501
256 4520 2278 3532 1085
257 4004 3167 3494 3467
258 2922 2391 2444 2092
259 1935 281 472 936
260 2727 176 1163 484
261 3426 2068 2313 1568
262 4315 336 2344 655
263 3585 2282 3254 2052
264 2878 1003 518 193
265 2675 1716 2423 2372
266 3436 1242 2229 746
267 4807 3655 4440 2439
268 3948 1647 3222 2921
269 3569 3286 3483 2118
270 1799 1435 704 844
271 4145 2512 3854 2474
272 2050 967 698 979
273 4381 2989 3258 2048
274 2927 1198 1618 620
275 2467 548 68 1244
276 3908 1516 3226 2645
277 1982 100 1783 1567
278 2247 109 1690 761
279 4676 1863 4076 2892
280 3861 3021 3494 2575
281 2508 1563 2239 2007
282 2188 1213 1841 858
283 4049 3228 3700 3090
284 4405 3710 4218 2694
285 4353 1356 3910 1414
286 3463 1918 3401 1007
287 3380 1608 1925 1758
288 3800 2673 3788 2624
289 4043 838 3129 3064
290 4743 331 985 741
291 3385 2249 2962 1813
292 3107 2403 2844 2211
293 4302 1386 10 566
294 2628 1180 1701 72
295 4188 3433 3450 1872
296 3900 1804 3104 2039
297 4035 3354 3718 3630
298 4127 1721 2989 2435
299 2709 1786 2498 2312
300 3814 2028 3035 2845
301 4110 2398 2954 1853
302 3714 1791 2797 2012
303 4391 1482 2246 907
304 2005 1739 1812 1540
305 2482 1595 1686 1597
306 4424 1934 3215 3095
307 4059 2663 2938 1972
308 3982 1635 3153 2843
309 3394 2573 2838 1830
310 3474 2411 3008 2259
311 3506 1335 2277 1256
312 4709 2442 4221 2582
313 2247 1690 1850 1680
314 2692 2388 2389 1570
315 4050 2067 3096 2701
316 2862 1110 554 1107
317 2307 251 1764 1695
318 3178 2116 2395 1177
319 3177 1792 2071 721
320 3684 1647 3376 2921
321 4159 2897 3844 1663
322 2940 2044 2706 1750
323 4477 2007 2853 1563
324 3451 2935 2939 2200
325 1655 307 481 1389
326 4632 3465 4170 1616
327 3025 1080 410 542
328 3076 2166 2947 2803
329 2967 1932 2610 1697
330 2698 1384 2010 52
331 4392 1990 3742 3497
332 4465 1636 3464 3245
333 4213 2222 3861 1608
334 4165 1643 2137 859
335 4451 3246 3368 1759
336 4804 3760 4778 4516
337 3093 1115 1272 44
338 2065 1677 1933 1511
339 3548 3261 3464 2255
340 4352 3509 3675 3512
341 2326 736 173 1354
342 1445 2 590 1158
343 4258 1089 3414 963
344 3034 2392 2917 1763
345 3814 2792 3653 2028
346 3201 2467 3014 1802
347 4069 1619 2698 2010
348 3507 3392 3475 3181
349 356 624 1495 1221
350 4255 3903 3928 1684
351 3825 1621 2953 1666
352 4413 2474 3305 2198
353 3151 1829 2642 2178
354 2389 183 1502 891
355 3153 2036 2713 817
356 4259 749 154 1417
357 3654 1190 3121 724
358 1956 330 1339 1383
359 1867 788 1563 1318
360 3533 3346 3349 3333
361 4456 1555 4426 2145
362 2675 608 2423 1349
363 4290 2211 2520 1734
364 448 939 796 142
365 4536 2898 2944 2493
366 4334 3698 3877 2845
367 4512 147 3055 784
368 4145 1854 3854 2419
369 3588 1135 1887 533
370 2563 1112 1310 1111
371 4535 1521 2322 1506
372 4619 27 3819 1700
373 3644 2738 3540 2601
374 2993 1696 2005 1848
375 1572 957 1354 1349
376 4588 1958 3047 2149
377 3509 2913 3500 1657
378 2378 1710 2122 1874
379 1897 627 1559 1216
380 2154 1308 804 461
381 3203 450 2095 895
382 3490 2068 3426 2785
383 4476 913 3394 1500
384 2433 841 195 521
385 4601 2831 3737 1912
386 3724 3312 3460 3235
387 3132 2668 3126 2766
388 3374 294 2415 1464
389 2309 1137 155 462
390 4736 2421 4171 3352
391 2362 1656 2234 1921
392 4509 1714 4452 2380
393 356 16 771 1485
394 2036 817 818 87
395 4618 3796 3816 2430
396 1740 288 1126 482
397 3585 1953 3517 3324
398 2107 1515 1806 1523
399 3716 1269 2728 259
400 3887 1115 1116 735
401 4382 2404 2435 1620
402 2350 1231 9 421
403 4599 2843 3601 1635
404 355 780 346 13
405 4579 3387 3644 3514
406 2209 1400 350 998
407 2653 1488 2340 767
408 4166 2851 3538 1967
409 4728 2126 4495 3787
410 4258 329 2856 1807
411 4473 3274 3468 3399
412 4179 2003 4136 3147
413 4365 2242 3135 2507
414 3932 3236 3591 1920
415 2180 1857 2139 1901
416 4039 1706 3923 1333
417 3562 2963 3509 3309
418 4684 1444 2613 2106
419 3901 2648 3404 2345
420 2681 1608 2222 2111
421 1994 1381 666 335
422 3114 1523 2538 881
423 3469 3358 3363 1906
424 4384 1961 3720 2948
425 4624 3693 4339 3270
426 4134 1262 723 155
427 4322 2758 3027 2283
428 1757 221 1593 892
429 4589 2317 3279 1781
430 3542 1928 3396 2294
431 3966 3441 3809 2790
432 555 531 1109 18
433 3073 2747 2837 1739
434 2409 2233 2380 1716
435 2122 1710 1942 1874
436 4756 2000 4073 2990
437 1464 708 449 142
438 2065 1034 1933 1677
439 2879 1648 2759 2401
440 4216 2394 3398 3044
441 1751 189 760 500
442 4305 2744 2756 2221
443 2969 1345 1082 271
444 2396 56 1988 1164
445 3558 3280 3304 2349
446 3505 1090 1952 1091
447 2692 1565 2154 803
448 3082 742 2066 1257
449 3430 1284 3006 1836
450 4056 893 1483 807
451 4798 1614 2858 2802
452 1686 1153 1595 933
453 3069 1568 2313 1836
454 4361 2938 3240 1898
455 2653 1500 732 351
456 2144 648 1303 935
457 2330 1640 2287 1703
458 3780 1690 1733 1277
459 4137 2319 3785 2493
460 4061 2938 4059 2454
461 2456 545 2225 1717
462 3408 201 3188 651
463 1374 1031 489 31
464 4020 3127 3558 2349
465 4095 2496 2869 1549
466 4168 3701 3748 3433
467 4211 3110 3751 3592
468 2443 1440 349 1430
469 4157 1761 3939 2098
470 3412 1113 1992 525
471 2817 2574 2639 2587
472 4694 3147 4136 2003
473 3813 734 1339 983
474 1190 203 765 724
475 3364 1861 2247 1850
476 1740 482 1655 288
477 2786 2421 2664 1934
478 1584 1283 421 1235
479 2247 1493 1249 1221
480 2933 1882 2368 1618
481 4280 2413 2556 1679
482 4015 2006 3854 2348
483 2117 1969 2077 593
484 1986 1806 1835 1511
485 4240 1726 2560 2553
486 4012 2962 3646 1813
487 2541 2437 2441 1798
488 4639 1823 3793 1896
489 3497 3274 3399 1741
490 4492 2304 3385 1813
491 4127 1186 2435 1304
492 3936 2173 3757 2570
493 3666 3175 3334 2284
494 1584 796 1283 1235
495 4378 2387 2893 1791
496 4112 2043 3797 2437
497 2014 1491 1666 473
498 4635 2782 3845 2568
499 3754 3333 3533 1631
500 2372 1925 2233 1926
501 1899 592 162 837
502 1671 1070 1180 327
503 2483 958 2426 1779
504 3178 2628 2756 2116
505 3543 2726 3412 1996
506 4039 1807 2856 329
507 4273 270 2706 877
508 2680 315 2308 2116
509 1190 724 387 203
510 4087 1899 3792 2320
511 3995 2726 3898 2346
512 3533 3370 3403 1631
513 1655 1389 481 482
514 4294 2360 4233 3707
515 2072 1377 45 1267
516 3830 2336 2803 1692
517 3835 2594 2739 1709
518 2136 1192 1396 340
519 4225 3370 4180 3874
520 171 1324 973 605
521 2801 225 2734 1720
522 3504 2262 2264 2221
523 387 203 892 386
524 4661 2845 3604 3230
525 4760 3449 4530 3517
526 3076 306 2803 953
527 2753 2091 2580 1538
528 4025 2468 2793 2557
529 1800 870 930 407
530 3744 2691 3672 2319
531 3679 2638 3480 3269
532 1473 40 779 1475
533 1733 1277 109 766
534 1748 658 1484 47
535 3935 2402 2599 2201
536 3720 1559 2350 1584
537 4019 2206 3943 3655
538 4505 2795 4256 2876
539 2389 891 1502 619
540 3702 2506 2701 2662
541 2985 262 1065 551
542 3773 2846 3741 2304
543 3874 1631 3367 3017
544 3927 2121 3864 2827
545 4337 2911 3630 3202
546 3101 1353 2646 2596
547 2211 1625 1745 1693
548 1803 1133 666 944
549 4570 1728 3431 3407
550 2857 2134 2297 246
551 4042 223 1746 1615
552 3763 2620 3503 1896
553 1971 1730 1756 719
554 3554 2444 3462 2391
555 4181 1475 641 1293
556 3942 2039 3900 3104
557 2034 65 2002 261
558 3973 1596 3482 1907
559 366 424 28 1481
560 3398 2643 3369 3174
561 2809 1843 2074 1561
562 2550 1561 2455 1799
563 4518 3915 4152 3729
564 4099 1555 4077 3147
565 3803 1823 3733 2335
566 4382 2157 3080 2572
567 1666 919 258 473
568 4751 906 2131 105
569 2566 1308 207 661
570 2993 583 1848 1129
571 4002 1601 2933 1618
572 3268 1594 2532 2200
573 1595 400 1153 758
574 2247 1617 1704 1680
575 4454 3393 4022 3359
576 1994 590 1445 2
577 3281 1041 2999 34
578 2457 2207 2357 1591
579 4225 1809 4180 3370
580 3724 3200 3292 3235
581 4792 4278 4710 4220
582 4684 2305 4551 4115
583 4221 2442 3265 2496
584 4408 2433 3113 1512
585 3435 474 3095 547
586 4431 2981 3050 1678
587 3729 550 2616 925
588 3445 1997 3256 2768
589 2623 361 877 880
590 2226 886 1116 470
591 2539 2250 2430 1656
592 2798 130 2395 2069
593 3072 93 727 1191
594 4806 428 3622 2094
595 3990 124 3985 2267
596 3753 3123 3379 1810
597 4680 1798 3340 2541
598 4283 1157 840 1403
599 3667 1802 3643 2099
600 2894 316 2137 859
601 555 531 1122 1109
602 4469 1843 4417 2809
603 3570 1970 3511 1879
604 1876 224 395 397
605 2429 1126 1740 288
606 3375 1654 2175 645
607 4469 2663 4059 1843
608 4675 2201 3935 2599
609 1914 1266 404 112
610 4162 489 1374 1031
611 4575 1751 3806 2828
612 1395 1077 539 1385
613 1876 897 1459 397
614 3151 2204 3149 1775
615 3030 1877 2464 1900
616 3530 6 2630 977
617 2804 1630 2137 2105
618 3720 627 1897 187
619 4478 3829 4182 3404
620 1287 348 1416 740
621 2780 1640 2330 1825
622 4753 1528 2817 2509
623 3984 1433 1909 816
624 2160 1524 1867 1652
625 4799 741 4398 2980
626 3153 817 2713 913
627 3876 2513 3254 3023
628 3842 2625 3157 2841
629 4209 2564 3998 3508
630 1846 247 1692 434
631 4311 2268 3419 2367
632 2225 1908 2038 1717
633 2804 139 445 1259
634 4058 2468 2793 2632
635 2872 1781 2654 2453
636 2190 1355 341 586
637 4161 3526 3649 1858
638 2879 1009 495 243
639 3867 245 441 911
640 2348 1586 2079 2006
641 4356 3857 3998 2451
642 3772 1624 2032 1772
643 2232 1255 628 187
644 3498 2200 2939 2852
645 1316 1311 625 400
646 4669 2557 4058 2468
647 4791 512 2974 228
648 3068 889 467 227
649 3988 2049 2592 1995
650 2809 1843 2663 2105
651 4100 1950 3282 2284
652 3687 2434 2868 2504
653 3808 1429 2412 782
654 2737 1378 431 1346
655 2729 1533 2431 2369
656 4343 3026 3063 2477
657 2046 144 417 1051
658 1153 1226 626 933
659 1817 1185 1704 1690
660 3800 2875 3788 1569
661 3515 2019 3210 1795
662 4112 2240 3528 1838
663 4334 2845 4202 3604
664 1305 197 644 1141
665 4769 3415 3806 1751
666 2600 1543 2216 2182
667 1374 31 403 1031
668 2027 932 1686 1595
669 2519 1081 401 1000
670 4740 78 2910 2048
671 1987 345 1457 1311
672 406 29 347 879
673 4728 2126 4562 2294
674 4386 763 1715 1055
675 4326 2041 3786 3685
676 4180 3040 3134 3051
677 2237 404 1914 1266
678 4004 3273 3318 2895
679 3572 2265 2688 2085
680 3970 1737 2719 2209
681 3310 2317 2361 1781
682 3216 1766 2425 1892
683 1654 898 794 1233
684 4253 499 1498 1250
685 2324 1382 1626 1053
686 2692 804 1570 891
687 3809 2866 3426 3353
688 4581 1683 3645 2472
689 3631 2884 3293 3238
690 2324 30 1081 1398
691 3624 3350 3589 1898
692 2104 996 1892 339
693 2636 1071 1826 1183
694 3534 2881 3157 3096
695 3214 1598 2431 1682
696 2378 1870 2088 1922
697 2061 1052 254 61
698 3827 1687 1891 269
699 1615 1486 901 1149
700 4343 1530 2905 1551
701 4190 2807 2950 2053
702 4278 1719 2521 2049
703 4258 329 1807 963
704 1745 813 712 1299
705 322 1344 419 1288
706 4596 3166 3699 3020
707 4532 2814 4226 2988
708 2985 262 1937 1065
709 2894 677 938 214
710 2833 1995 2351 1957
711 2133 1090 1038 514
712 4021 3565 3635 1789
713 1841 1345 586 1082
714 4408 2995 3970 1512
715 3027 2283 2758 1807
716 1890 1365 170 705
717 18 1181 465 697
718 1772 1446 515 352
719 3716 2093 2728 2298
720 4297 583 1387 1321
721 3827 1687 2652 1891
722 4274 1972 4074 2505
723 4600 1452 3730 1582
724 2663 1561 2145 2074
725 33 882 1408 414
726 1895 465 18 1181
727 4240 2118 2447 1749
728 2921 615 846 1439
729 2460 1673 2095 1819
730 4204 1964 3507 3181
731 1930 1480 777 1468
732 3773 2846 3587 1878
733 1615 661 812 1486
734 4515 2965 3591 3225
735 3272 1592 1897 1541
736 2417 604 1925 1758
737 3976 3732 3754 2060
738 4087 1660 3282 2856
739 4364 1837 3857 2822
740 4358 2652 4348 2905
741 4105 3390 3463 1918
742 3985 524 2278 1085
743 4449 3720 3993 1961
744 3650 3473 3614 1863
745 4643 217 1419 778
746 4564 2099 4486 3593
747 3219 2683 3123 3059
748 3072 1191 727 297
749 1908 979 327 1413
750 3903 710 3885 2951
751 4389 1247 2951 2072
752 4437 420 4214 2150
753 4190 2614 3337 3227
754 2708 588 328 1060
755 3129 838 443 1380
756 2046 1096 1695 1044
757 4683 2603 4189 3214
758 2688 922 1832 1293
759 3440 950 3080 1455
760 2528 1299 1745 712
761 3694 2595 3621 3029
762 4451 2544 3727 3329
763 4742 429 3605 826
764 4400 2216 3030 2006
765 3435 1383 836 73
766 2046 1051 1600 451
767 4428 2198 3604 3264
768 4072 2947 3479 3076
769 1982 581 1646 303
770 4152 2191 3729 2616
771 4206 907 2356 814
772 1981 1053 1338 1054
773 4286 1535 2231 2051
774 4337 3696 4010 2911
775 2010 1476 1200 628
776 4202 3128 3206 3083
777 1738 1101 684 115
778 4484 1455 3440 3080
779 2484 1297 299 516
780 4203 534 1355 48
781 4718 723 4134 1262
782 4488 1912 3299 2364
783 4386 1408 2995 763
784 4640 3253 3523 1927
785 3603 772 1763 1707
786 3778 3275 3498 2206
787 3033 1648 2759 2155
788 2050 698 327 979
789 2650 2302 2611 1708
790 1686 933 932 275
791 2374 1940 2248 1553
792 3955 1855 2351 1995
793 3436 1242 746 342
794 3144 2404 2916 2048
795 4644 3295 3727 2380
796 3383 2565 2782 2333
797 4437 902 1768 75
798 4733 962 3837 961
799 1841 1345 675 211
800 3560 1695 2046 1037
801 3171 274 918 931
802 4592 3107 3694 2108
803 2875 2195 2492 2477
804 3111 2802 2954 1853
805 1930 1223 356 1221
806 4340 1561 2847 2140
807 4387 240 2998 429
808 2933 1601 2244 1618
809 1748 658 47 603
810 3219 3059 3123 2489
811 4258 1948 3027 2914
812 2678 1572 2163 1539
813 2842 1778 2066 1732
814 3971 2391 3781 2563
815 4027 1534 2253 1712
816 4400 1513 2419 2223
817 2117 1014 42 588
818 1913 1511 1875 1835
819 4135 1095 2347 1057
820 3533 2503 3416 3308
821 4055 678 1861 1499
822 2050 53 2024 967
823 3481 1138 3244 1428
824 1935 936 737 1225
825 4117 2621 4066 3760
826 1782 345 758 619
827 2046 1096 1044 417
828 3464 2755 3261 3134
829 2069 1281 959 130
830 3950 1743 3553 2484
831 4160 2501 3529 3231
832 4577 2672 4269 3350
833 4637 1431 952 713
834 4406 3285 4212 4168
835 2065 1720 1933 1399
836 4529 3535 4084 3906
837 4397 2492 2673 1569
838 4201 1070 1671 327
839 4418 1786 2830 2709
840 3133 2535 3022 2125
841 3516 3090 3451 1919
842 3989 219 3502 2576
843 1902 23 1303 648
844 3469 1722 3136 3004
845 4373 3285 4212 2329
846 4059 2057 2074 1972
847 3984 268 816 498
848 2910 1107 2862 2048
849 1951 997 681 111
850 2566 1615 2165 661
851 2915 2387 2728 1786
852 4350 789 2623 2082
853 3586 1564 2745 1577
854 4199 1310 3155 2563
855 2144 199 2025 1664
856 2177 861 924 634
857 2154 461 1811 1308
858 3383 1092 35 415
859 4684 2305 3415 2613
860 3950 1752 2461 1743
861 3735 2625 2931 2841
862 2095 450 830 895
863 2515 453 413 77
864 1272 735 44 1115
865 3903 742 1423 169
866 3628 3189 3494 3167
867 3850 2695 3778 3194
868 4091 1549 2883 2577
869 2706 71 877 270
870 44 1326 605 1176
871 4494 1713 4237 3194
872 2528 1693 2377 2230
873 3808 407 872 874
874 1848 1129 1321 158
875 4276 1672 4230 177
876 2797 2295 2687 2312
877 2428 1261 2085 1832
878 3249 1437 1652 788
879 4246 2279 2657 2270
880 2354 1700 2257 1461
881 4328 393 962 668
882 2247 1680 1850 1617
883 1828 446 222 365
884 3868 1626 1659 1609
885 2277 947 1783 743
886 1695 561 251 1096
887 2301 829 57 1392
888 4019 2939 3943 2206
889 2064 1286 711 1100
890 4447 1571 2392 2169
891 4211 3751 4032 2303
892 4392 3238 3293 3124
893 1116 163 1165 735
894 3790 3044 3721 2450
895 4656 2434 2718 2602
896 3648 2424 3571 2089
897 4266 1780 4174 2826
898 3667 2832 3588 3566
899 3030 2185 2773 2269
900 4208 2451 4109 3677
901 1971 719 1756 898
902 4487 2220 3705 3478
903 4286 2051 3940 92
904 2528 23 1902 648
905 3215 2944 3190 2450
906 4216 3369 3457 2406
907 2353 1514 1865 1633
908 1738 115 684 1106
909 3661 1913 3311 2615
910 2064 38 1286 1100
911 3656 1099 2417 604
912 3781 2873 3360 1796
913 3409 1929 2580 2091
914 2532 2015 2049 1580
915 4805 3417 4763 4723
916 4605 55 1435 1363
917 3838 2912 3611 3515
918 4166 1594 3983 3345
919 4683 2085 4115 1751
920 4460 1679 4160 2556
921 2146 1797 2142 1723
922 2840 2020 2185 1596
923 3225 2191 2889 966
924 2190 1841 2188 1213
925 4726 2520 3791 1549
926 4799 741 76 331
927 4380 1969 4078 4041
928 3636 2169 3112 2690
929 1037 1096 144 561
930 2724 1006 885 910
931 4577 3052 4405 3193
932 3537 1796 3360 2873
933 4236 1299 2263 1625
934 1986 1645 1835 1806
935 4555 2086 2139 1834
936 3770 1606 2510 2399
937 2600 2418 2524 1674
938 4417 518 2878 2296
939 885 17 1048 469
940 2974 57 2301 447
941 4695 2627 2958 2266
942 3923 1641 2871 1807
943 4056 802 3336 2053
944 4263 3335 3554 3477
945 436 1006 885 17
946 4198 1706 4000 3095
947 2695 924 923 1248
948 4494 117 4237 3938
949 1994 2 1445 1381
950 1994 335 1735 1381
951 3198 1653 2991 2573
952 4146 2154 2370 1507
953 4273 1910 3808 877
954 3974 3736 3766 3567
955 3548 2255 3464 3378
956 885 17 1006 1048
957 4260 2629 4112 2043
958 2881 1989 2793 2640
959 4417 2525 2878 1689
960 3952 2783 3596 2121
961 2000 1075 1891 1687
962 4421 1632 3314 2994
963 4491 3094 3629 3519
964 563 163 886 469
965 4664 2127 4019 3700
966 2332 1758 2233 1925
967 3476 1660 2937 1950
968 4480 3312 4292 2808
969 2227 233 1971 1654
970 3888 1743 3772 2461
971 3888 2153 3799 1624
972 2170 1080 115 410
973 3472 1610 2524 1701
974 4029 3349 3754 3301
975 3249 95 2158 2026
976 4613 2975 3888 3578
977 3056 2124 2587 1866
978 4173 2863 3039 2707
979 1652 1172 1427 868
980 2009 1134 1808 161
981 4441 2534 4139 1999
982 3689 669 957 1349
983 3695 2099 2676 1802
984 252 469 563 886
985 4121 2643 3428 3109
986 1740 287 1735 1128
987 3657 1209 1746 120
988 3451 2200 3196 1594
989 4481 2599 3259 2097
990 1971 1622 1828 1730
991 2016 370 1255 787
992 3612 2313 3490 1709
993 4769 1658 2603 2265
994 1887 533 1135 1181
995 2685 1884 2496 2108
996 4640 1590 2598 1927
997 3791 1719 3348 2351
998 4509 3459 3798 3295
999 1006 562 1048 17
1000 737 1225 936 21
1001 436 910 885 1006
1002 4585 2874 3607 2835
1003 4644 2544 3459 3295
1004 1620 928 485 1119
1005 4063 2408 3949 55
1006 2529 670 2071 334
1007 3111 2384 2723 1642
1008 885 469 1048 252
1009 129 436 1073 910
1010 129 910 1073 382
1011 1135 1181 533 697
1012 2626 1908 2038 1614
1013 1073 910 436 1006
1014 4703 3134 3464 1636
1015 3216 2138 3032 3012
1016 1135 697 465 1181
1017 4124 847 3684 615
1018 3922 301 1445 1158
1019 4369 2932 3745 2155
1020 3006 1521 1887 465
1021 2161 738 2104 1778
1022 2350 1501 1757 1559
1023 3676 312 3423 1544
1024 1740 610 1655 1389
1025 4715 2518 4470 2835
1026 4166 2821 3559 3345
1027 4528 3873 4365 2507
1028 3754 3346 3533 3333
1029 2277 1783 1893 743
1030 3869 3475 3859 2028
1031 3599 2691 3581 2490
1032 3886 3457 3844 2103
1033 3820 1796 3781 3360
1034 2764 1748 2678 1526
1035 4239 2373 3794 3066
1036 1767 1386 543 820
1037 3966 1798 3568 2790
1038 3809 1798 2514 2507
1039 4314 3884 4148 2651
1040 3864 3781 3802 3360
1041 2894 677 2749 818
1042 2879 2401 2759 2155
1043 4560 1197 4477 1503
1044 2692 1570 2389 891
1045 4755 2960 3737 3396
1046 4264 2646 3956 1787
1047 2036 383 818 817
1048 4167 3010 3626 2918
1049 4808 3207 4765 2671
1050 2624 2291 2361 1765
1051 1731 671 955 1290
1052 3601 1630 2666 2137
1053 4050 2549 3842 3096
1054 4086 1826 3395 1139
1055 3129 2357 3064 2597
1056 2039 1520 1862 1567
1057 2247 1680 1704 1690
1058 3657 1712 2253 1746
1059 2039 992 508 947
1060 2252 1418 498 188
1061 2403 1899 2173 1947
1062 4643 778 3919 2219
1063 4039 1076 329 1333
1064 4024 1561 2074 1799
1065 3792 3107 3757 1947
1066 4198 3095 4039 1706
1067 1981 343 753 1338
1068 4051 2182 2986 2348
1069 1891 439 1024 1068
1070 4209 2564 4182 2451
1071 2891 2044 2706 1910
1072 2957 2476 2600 1543
1073 2892 259 493 1032
1074 4678 2888 3352 850
1075 3603 1286 1707 1698
1076 2917 38 2134 568
1077 3611 1979 2941 1520
1078 1740 1364 1735 610
1079 2990 1075 269 1005
1080 3960 2523 3846 2470
1081 4086 1139 3395 2667
1082 1876 699 232 897
1083 4014 1870 2815 1711
1084 4209 2564 3042 2558
1085 4662 3968 4008 3514
1086 4202 2845 2863 1784
1087 251 911 21 561
1088 3974 3259 3801 3736
1089 4249 2049 2851 2532
1090 4593 2517 4439 3237
1091 3148 2252 2452 1533
1092 3706 2017 2924 2123
1093 4418 3400 4096 2830
1094 1627 947 302 992
1095 4753 2509 4619 1528
1096 3303 787 358 1292
1097 4170 3465 4090 1616
1098 4483 3167 3322 3273
1099 2388 1514 2178 1949
1100 3207 2638 2935 1919
1101 2039 994 1567 100
1102 1600 266 451 1051
1103 3538 2574 2851 1856
1104 3409 2580 2753 2091
1105 4633 2191 4152 2616
1106 4163 3380 3861 1608
1107 2350 1501 627 1496
1108 4096 2830 3400 3140
1109 3666 2059 2961 2763
1110 2288 526 125 1346
1111 936 1225 441 21
1112 3254 2751 2778 2739
1113 4433 1603 3246 3139
1114 4116 1828 2455 1622
1115 2388 1633 2353 1965
1116 4424 474 3435 3314
1117 4514 1179 326 1158
1118 4091 1549 3070 2496
1119 251 911 441 21
1120 3966 1798 3809 3568
1121 4517 1966 3376 2479
1122 251 21 441 1225
1123 2429 83 1126 288
1124 4380 1969 3208 3139
1125 4307 2219 3344 2736
1126 2909 1993 2644 2436
1127 3836 2245 3637 392
1128 2953 1668 2883 2014
1129 4511 3461 4470 2518
1130 3178 130 747 1177
1131 1769 982 681 997
1132 3003 2215 2246 1206
1133 3374 1601 2427 2415
1134 2810 2267 2376 1156
1135 4705 1578 3839 2571
1136 1698 1286 1494 711
1137 4215 927 3893 1932
1138 2570 2491 2509 1816
1139 4021 1903 3814 2792
1140 4550 3091 3983 3404
1141 2354 693 1883 854
1142 2996 217 2219 499
1143 3845 1911 3728 2495
1144 3872 1822 3739 3473
1145 3481 2910 3244 1984
1146 1557 896 1138 647
1147 2171 1677 2065 1511
1148 1408 350 414 882
1149 113 1429 874 407
1150 3043 2119 2161 1732
1151 4594 3037 3912 1820
1152 2529 334 721 80
1153 3188 651 201 1426
1154 4033 1418 2339 1860
1155 3873 1798 3568 2507
1156 4436 2668 3203 3132
1157 2832 324 68 1072
1158 3795 2672 3147 2690
1159 1691 202 654 727
1160 2800 1673 2460 2100
1161 4294 3707 4233 3154
1162 1908 535 979 1413
1163 1937 544 262 925
1164 4260 1568 3353 2043
1165 4167 3288 3645 2918
1166 3977 3871 3906 2511
1167 4390 1904 3022 2669
1168 2530 754 2428 1261
1169 3004 1906 2557 2342
1170 4045 1637 2979 1937
1171 4629 3843 3855 2460
1172 2848 1839 2757 2634
1173 4079 1786 2709 2080
1174 4126 248 2731 1328
1175 3011 2309 2328 1983
1176 4568 2917 4105 1763
1177 4776 3247 4613 2972
1178 4809 3033 4597 2023
1179 1695 911 1037 245
1180 1704 761 1690 1185
1181 1826 1140 643 380
1182 4016 722 981 328
1183 3921 2792 3653 2511
1184 4166 1594 3345 3091
1185 893 707 802 164
1186 2209 1212 350 1400
1187 3401 2297 2857 2133
1188 4484 3386 3907 2371
1189 3585 1953 2303 2052
1190 2734 1097 2631 1835
1191 4338 2220 3848 3671
1192 2693 1184 1443 1224
1193 2649 1677 1886 1403
1194 1746 1209 223 425
1195 3187 2138 2425 1573
1196 2991 1690 1817 1680
1197 4514 3922 4227 2335
1198 3916 1812 3015 2747
1199 4159 1962 3184 1612
1200 3025 1952 2170 1080
1201 4540 3911 4107 4036
1202 4569 3751 4032 1531
1203 2719 106 521 1400
1204 2063 1324 1893 303
1205 2104 1708 1778 738
1206 4498 3118 3738 3179
1207 3356 101 2803 306
1208 3849 1789 2710 1871
1209 4387 2625 2733 1851
1210 25 1243 471 1483
1211 3441 2866 3036 2790
1212 3691 2284 3282 1950
1213 3111 698 2384 2050
1214 2429 1313 1681 1126
1215 3470 637 1497 1315
1216 2745 1577 2637 2011
1217 4288 2664 2786 2421
1218 4141 3088 3484 1872
1219 3408 1646 1982 581
1220 2426 701 2208 137
1221 1565 693 803 89
1222 2708 588 2117 2101
1223 3656 604 1758 85
1224 3169 2485 3025 2170
1225 3837 393 2919 904
1226 1055 873 33 405
1227 4387 2625 2998 565
1228 4781 1762 4538 1970
1229 2225 53 2050 979
1230 1589 452 921 145
1231 3111 319 2384 698
1232 874 873 1429 405
1233 4271 2187 4071 1683
1234 3666 1948 3414 2914
1235 4654 1934 3232 3215
1236 4057 1910 2940 2231
1237 930 870 113 407
1238 4219 1559 1757 1216
1239 4349 3632 3743 2293
1240 3994 1763 2617 1752
1241 1801 1018 996 86
1242 3919 2219 2736 2042
1243 3743 1773 3678 2757
1244 769 1456 1271 212
1245 3025 1080 2170 410
1246 3818 2999 3025 2485
1247 2713 732 2083 913
1248 802 472 164 707
1249 1992 124 1156 1113
1250 212 397 897 395
1251 2518 831 2004 1822
1252 4204 3633 3759 3507
1253 3060 2956 3035 2816
1254 2299 1864 2019 1710
1255 3222 2259 1283 1451
1256 3144 1508 2404 2048
1257 2639 1528 2478 2033
1258 4548 3349 3692 3301
1259 25 1229 1459 397
1260 3603 1421 1763 772
1261 2133 1090 514 1080
1262 4338 3848 3991 3701
1263 4146 1811 4027 2370
1264 3040 2228 2546 1736
1265 3866 1660 3435 2856
1266 4566 3552 4442 2055
1267 4559 1832 2034 1857
1268 2864 151 862 978
1269 4284 1902 2278 1303
1270 4392 2867 3293 3238
1271 4241 603 3213 1760
1272 930 879 406 347
1273 1916 770 1374 1391
1274 2307 1161 251 631
1275 3918 1670 2082 1175
1276 3805 1282 2715 2677
1277 2720 1275 416 241
1278 1801 601 1018 86
1279 4214 191 3834 2177
1280 1671 537 1180 1070
1281 3866 1706 2937 2871
1282 3643 79 1117 884
1283 1654 1478 233 1233
1284 347 879 29 1182
1285 347 1182 29 769
1286 930 870 406 113
1287 4569 2970 3751 2073
1288 3887 1165 2008 1274
1289 3919 39 2581 1797
1290 930 347 406 870
1291 3460 2895 3318 3273
1292 4570 3590 4470 2835
1293 1081 1398 30 611
1294 2528 2230 2377 1902
1295 2943 2442 2582 2572
1296 1430 361 175 611
1297 4630 3255 3300 2026
1298 4722 3354 4276 1672
1299 1702 1450 1439 971
1300 1925 85 1758 604
1301 3416 2797 3349 1516
1302 360 879 1178 1182
1303 360 1182 29 879
1304 2029 162 712 903
1305 175 1178 360 880
1306 2680 2116 2188 315
1307 4419 2110 3625 2569
1308 4331 1625 4091 2263
1309 4315 1309 2205 584
1310 4340 2398 2847 1921
1311 4392 1564 3586 3124
1312 2643 2466 2602 1868
1313 2828 760 2688 1751
1314 4292 3041 3324 2303
1315 4614 2016 3804 2106
1316 2122 652 201 951
1317 4198 1934 2786 2664
1318 4046 3181 3632 1964
1319 2065 1034 244 1399
1320 2975 2461 2829 1752
1321 1895 465 1284 937
1322 2205 1812 2005 1650
1323 3746 1588 3606 3164
1324 3563 2740 3113 1515
1325 3877 2792 3039 2863
1326 1841 586 211 1213
1327 4740 2048 4381 78
1328 4187 1853 3839 2802
1329 3605 826 3001 2465
1330 2698 2010 2106 52
1331 2161 1778 2104 1708
1332 4463 2457 3381 2640
1333 4367 3491 4031 3205
1334 3464 3378 3413 3245
1335 2977 1446 2153 108
1336 2163 47 1484 669
1337 1943 1217 165 738
1338 2974 512 447 228
1339 4447 2392 2617 1707
1340 3927 2920 3283 2121
1341 4086 1139 2667 986
1342 2393 2158 2239 1867
1343 3295 2380 2885 1714
1344 4418 2382 3283 2260
1345 4276 834 835 331
1346 2433 521 195 1212
1347 4279 1582 3150 776
1348 4751 2166 4467 694
1349 4650 3099 4207 3953
1350 1338 180 1054 490
1351 349 361 1430 611
1352 2171 2065 2107 1511
1353 1882 456 894 230
1354 4387 1851 2998 2625
1355 2550 703 844 58
1356 1655 1136 307 1389
1357 2173 1899 2029 162
1358 1081 611 349 1398
1359 2353 114 682 1319
1360 2566 661 1811 1308
1361 2175 1478 1233 12
1362 3821 1268 1860 1418
1363 3757 1947 2587 1528
1364 2653 767 351 1488
1365 3661 1913 2878 1689
1366 3757 2311 3691 2836
1367 3734 1458 399 1467
1368 1910 71 433 872
1369 4368 1703 3077 1525
1370 3537 3083 3206 3128
1371 4048 2537 2776 2135
1372 4503 1922 2122 1874
1373 3008 1541 2393 2158
1374 3008 364 2158 1155
1375 1971 233 810 719
1376 4206 1649 2356 1606
1377 3536 1858 2107 1806
1378 3366 1859 2885 2473
1379 3617 2462 3390 2860
1380 4027 2253 3988 1712
1381 3974 3331 3736 2849
1382 4555 2300 3943 3723
1383 2086 241 1276 908
1384 4116 446 365 58
1385 4080 1479 3125 1861
1386 1053 30 1382 490
1387 3463 2860 3401 1918
1388 1595 933 1153 400
1389 4656 768 3978 1359
1390 3555 529 3530 3485
1391 3560 548 451 68
1392 3768 2391 3158 2873
1393 4171 1449 3713 726
1394 1949 1514 1939 1565
1395 4506 3698 4009 3685
1396 2190 1955 2188 1841
1397 4647 3102 3917 2212
1398 2825 1664 2144 2025
1399 1338 490 1053 1382
1400 1338 490 1054 1053
1401 2732 1707 1733 1698
1402 4186 739 3715 2953
1403 4405 3052 3811 2705
1404 4400 1877 2362 2223
1405 586 1355 674 1213
1406 3591 3205 3315 2191
1407 2637 1564 2396 1577
1408 4718 1306 1312 723
1409 1814 786 1151 110
1410 4434 2452 3151 1529
1411 3364 1850 2247 1690
1412 2409 1049 2341 1047
1413 186 758 1153 400
1414 2000 70 1075 326
1415 3482 1921 2234 1622
1416 2109 1373 502 640
1417 3776 2999 3281 1041
1418 3152 805 2016 1592
1419 2460 1819 2115 2100
1420 4236 199 3397 1664
1421 3072 1596 1960 1691
1422 2862 1301 2048 1107
1423 3982 2655 3252 1936
1424 2949 2018 2326 1944
1425 3837 905 3827 600
1426 2995 1212 763 1408
1427 4175 2210 4133 1721
1428 3834 3142 3521 1881
1429 3762 1896 3503 2697
1430 1567 100 994 948
1431 4247 2317 2933 1601
1432 3008 2158 2393 1155
1433 1832 1288 322 1293
1434 3163 935 333 506
1435 4724 2088 2337 1922
1436 4097 3878 4092 3284
1437 4482 1710 3306 2679
1438 4227 1803 3922 944
1439 4786 635 4679 192
1440 4484 1455 3080 972
1441 1826 1183 1071 337
1442 4208 2822 3857 1837
1443 3687 2202 2868 2446
1444 4207 2670 3120 2928
1445 3365 2287 2487 2164
1446 4105 568 1918 1007
1447 3006 1887 2322 1506
1448 1931 1540 1739 1558
1449 3683 2295 3579 1755
1450 1832 1288 922 685
1451 2965 1004 1322 1392
1452 1735 1126 1681 287
1453 4537 1793 2641 2196
1454 2724 252 2226 886
1455 2325 977 6 970
1456 4160 2775 3231 2556
1457 4085 206 3978 2434
1458 2815 1711 2400 1974
1459 3708 3527 3635 3206
1460 4487 2458 3234 1718
1461 4563 2008 2226 1274
1462 3614 1863 3223 3086
1463 3909 2579 2878 1003
1464 3943 2300 3652 2127
1465 3932 134 1058 866
1466 1930 1493 1495 774
1467 3731 2827 3165 2410
1468 4094 2212 3917 2113
1469 3208 1943 2077 1217
1470 4446 3192 3548 3051
1471 2306 1507 1949 1565
1472 2308 657 204 992
1473 4133 2268 3084 2367
1474 4521 993 602 1099
1475 1686 933 275 1226
1476 4033 1154 1279 274
1477 4785 2203 4058 2909
1478 3689 669 3423 1544
1479 1676 154 1071 460
1480 4176 1588 2426 2208
1481 2252 759 1418 188
1482 1757 386 1501 1231
1483 2446 2044 2202 1750
1484 2009 1134 161 1179
1485 4483 3580 4004 3235
1486 2840 1596 2185 1691
1487 3791 1719 3056 2124
1488 1855 848 1833 257
1489 2136 1218 1294 418
1490 2333 541 2294 1059
1491 4194 3142 3521 1529
1492 2579 452 1589 867
1493 3846 1873 3592 2778
1494 3234 1858 2107 1515
1495 3151 2178 2642 1775
1496 3913 2373 3016 1927
1497 1677 1403 840 375
1498 2047 88 1585 819
1499 4696 3138 4341 3664
1500 3852 1589 2734 145
1501 2226 1165 563 1274
1502 3757 2311 2836 2143
1503 2226 884 886 470
1504 4284 1303 2278 524
1505 1937 995 262 544
1506 3376 2899 2921 1702
1507 4017 3639 3843 2834
1508 2732 1707 2169 1733
1509 3588 1072 2832 1688
1510 2171 1737 2107 2065
1511 4578 3587 3631 2846
1512 3723 3623 3655 2206
1513 3077 1916 2886 1703
1514 2240 328 2228 731
1515 4492 3385 3962 2402
1516 3603 2064 2134 38
1517 1563 1318 1172 1190
1518 2010 628 52 1476
1519 2619 2184 2560 1749
1520 3252 2539 2660 1917
1521 2814 1993 2644 2293
1522 3283 1755 3106 2312
1523 164 472 737 1465
1524 2233 1608 1926 1925
1525 3223 1032 1009 494
1526 4532 2634 3743 2814
1527 2234 811 93 381
1528 4269 2672 4136 3147
1529 2675 1354 608 1349
1530 4569 1873 3751 2970
1531 1832 1344 322 1288
1532 2237 1266 861 1265
1533 4066 3274 3721 2984
1534 2014 798 473 797
1535 4497 2189 3736 3418
1536 3541 1594 3480 2638
1537 4792 1889 4278 4220
1538 4665 3869 3937 3921
1539 3068 227 1305 889
1540 4697 3385 3963 2249
1541 4271 1789 3849 2978
1542 4680 1948 3340 2790
1543 3692 1516 3349 2797
1544 3771 3158 3768 1859
1545 4132 1697 3863 2307
1546 3608 2783 3447 2473
1547 3710 2774 3429 2067
1548 4271 2978 3288 1683
1549 4719 2493 4268 3437
1550 3645 1885 3010 2918
1551 3612 2242 2964 1504
1552 3321 1573 3187 1869
1553 2205 584 1125 1240
1554 2529 334 80 1280
1555 4271 2710 4123 2562
1556 4163 2041 3861 3786
1557 4423 549 136 1023
1558 3841 3608 3802 3784
1559 3680 1996 3406 1132
1560 2071 989 1790 1438
1561 3178 130 2798 747
1562 3014 1644 1695 1556
1563 2773 942 2269 202
1564 3643 2099 2676 2008
1565 4181 1293 1270 1475
1566 4725 1579 3278 3186
1567 4595 2682 4297 671
1568 3004 2342 2770 1906
1569 4177 1562 4144 2383
1570 4199 2195 3530 2563
1571 2227 810 1971 233
1572 2853 786 110 1199
1573 2844 2108 2496 1884
1574 3736 2821 2849 1856
1575 4265 2647 4259 2796
1576 1826 643 1183 380
1577 2708 1014 588 1104
1578 4167 3493 3626 2822
1579 4033 1268 3821 1279
1580 4318 2042 3055 1915
1581 3187 2268 3084 3032
1582 3251 1465 1935 472
1583 2720 1901 2180 2086
1584 3437 2311 2836 1699
1585 1900 1309 655 7
1586 4737 2607 4667 4363
1587 2166 1527 2109 857
1588 1783 743 100 303
1589 3715 1410 2516 1894
1590 3856 1896 3793 2583
1591 3651 2472 2689 2097
1592 3649 1645 3536 3100
1593 4244 1759 3246 3245
1594 3355 2789 3131 2569
1595 1615 901 798 1149
1596 4274 2074 2505 1661
1597 1690 1277 1185 109
1598 1239 1470 717 152
1599 2483 958 1125 7
1600 2122 1753 1922 652
1601 3410 2881 3266 2793
1602 3947 641 3572 2688
1603 2068 1568 1977 1836
1604 2259 1155 1559 421
1605 3688 1141 298 505
1606 2336 72 1701 434
1607 2054 1019 229 477
1608 3184 2231 3133 2044
1609 3947 899 3572 641
1610 2265 1901 2149 1857
1611 4676 493 969 1029
1612 3964 2555 3499 1834
1613 4053 700 3893 2081
1614 3453 1819 2460 2100
1615 3826 3164 3606 1779
1616 1805 1367 1651 559
1617 2409 1716 2372 2233
1618 3842 2931 2998 2625
1619 4243 1936 4011 2075
1620 3657 120 1241 1209
1621 4589 2709 3683 2440
1622 3000 974 1013 455
1623 4259 1071 2285 1665
1624 4011 1828 1971 1622
1625 2615 1698 1835 1571
1626 4480 2594 2751 2585
1627 4787 2810 4701 4093
1628 4304 2908 2941 2058
1629 4583 3047 3415 2966
1630 3988 1712 2779 2370
1631 4310 3885 3928 2343
1632 3343 1951 2718 1609
1633 4439 3372 3431 2609
1634 3030 2269 2752 1543
1635 3941 2605 3500 1672
1636 2272 1505 1939 1768
1637 2225 308 545 535
1638 2350 1559 1757 1231
1639 3584 3061 3143 2929
1640 2529 1932 2073 2071
1641 4378 2797 3043 1516
1642 148 571 1039 1431
1643 4536 2493 4442 4137
1644 1855 1415 1746 425
1645 4752 2472 3944 1683
1646 2991 2083 2838 2741
1647 2275 1916 2164 1703
1648 2737 1346 125 1378
1649 2277 973 171 1324
1650 3668 2819 3260 3102
1651 4762 3682 4593 3703
1652 2280 1190 1172 1307
1653 3303 2016 3152 805
1654 3821 340 2729 2136
1655 4613 2506 2972 2730
1656 4318 1579 3664 2972
1657 3506 606 1343 1335
1658 4025 2793 3573 1532
1659 4015 2006 2348 2182
1660 4306 1181 1895 1174
1661 4469 1843 2809 2105
1662 4420 3289 4292 2585
1663 2568 2022 2204 1638
1664 3643 1802 2676 2099
1665 4260 2043 2514 1568
1666 3935 2554 3297 2040
1667 3578 2730 2975 2829
1668 4135 1852 2347 1998
1669 2306 1505 1939 1775
1670 4488 1785 3299 2823
1671 3927 3360 3864 3802
1672 4233 2360 3621 1518
1673 4332 3218 4301 3127
1674 4715 3516 4252 2374
1675 4127 484 3419 987
1676 3291 2837 2922 1546
1677 3453 560 3449 830
1678 3427 526 2288 253
1679 3697 2176 2519 1406
1680 3470 1497 2637 231
1681 4109 2564 3677 2451
1682 2883 1668 2577 1957
1683 4042 797 1668 63
1684 3287 2323 3109 2643
1685 3388 2634 2757 1839
1686 2046 1051 1037 144
1687 3292 3162 3250 3199
1688 3232 3095 3215 1934
1689 2913 2605 2743 1966
1690 2122 951 1753 652
1691 4206 814 2356 1649
1692 3897 2970 3239 3177
1693 356 624 1221 1223
1694 3497 2945 3168 3160
1695 2363 2054 2298 1028
1696 4234 2557 4025 1532
1697 4454 2423 2675 1716
1698 4608 3402 3963 2193
1699 4169 3349 3533 3416
1700 2338 1697 1935 1932
1701 4554 1984 2667 2314
1702 4640 1927 3523 1590
1703 622 15 1474 1488
1704 4111 1980 3575 1548
1705 3683 2709 2920 2440
1706 3386 2997 3342 1613
1707 4630 2447 3448 3300
1708 4393 2414 3617 3501
1709 3888 1624 3772 2153
1710 233 1478 898 1233
1711 4620 2425 3185 1766
1712 3940 2125 3022 2535
1713 2306 1565 1949 1775
1714 2532 2049 2258 1580
1715 1987 400 1316 276
1716 4376 3558 4020 1773
1717 1560 1425 792 1227
1718 3740 2235 2777 1537
1719 2724 252 885 1048
1720 2309 1098 1022 41
1721 3534 3096 3209 2881
1722 2791 845 2550 703
1723 2166 857 1300 694
1724 3364 1249 2247 1861
1725 3622 1454 2094 428
1726 4516 2970 3751 1873
1727 2128 991 584 706
1728 4122 2119 3043 1732
1729 4373 3510 4188 2599
1730 2631 1806 1835 1645
1731 4019 3091 3404 3013
1732 1495 16 1485 774
1733 3757 2836 3437 2143
1734 3798 1547 3039 2707
1735 4672 3968 4068 3351
1736 3699 1613 3342 2997
1737 3592 2778 2808 1504
1738 4487 3234 4459 1718
1739 4630 2007 2239 1524
1740 4218 2705 3052 2662
1741 2269 942 655 864
1742 3982 2843 3822 2968
1743 4178 2131 2327 312
1744 3266 2818 3116 2956
1745 1777 141 558 379
1746 3531 1830 2549 2386
1747 3155 161 1808 564
1748 4457 2196 4300 3348
1749 4056 893 471 1483
1750 116 876 934 998
1751 3924 2077 2117 1969
1752 4330 22 1790 975
1753 3366 1944 2885 1859
1754 2530 1261 2428 1832
1755 1848 1540 1731 1696
1756 4518 2985 3729 2390
1757 3092 1772 2977 2153
1758 1694 531 283 1094
1759 4375 3021 4204 2895
1760 4327 1833 3955 2094
1761 3585 1953 3254 2282
1762 458 12 1233 1478
1763 4456 3147 4426 1555
1764 3646 2249 2962 2898
1765 4354 2325 4081 3731
1766 4087 1660 3435 2320
1767 3903 1423 3885 710
1768 3683 3179 3279 2422
1769 4291 1643 2923 2666
1770 4565 2146 2720 1901
1771 4086 2271 3395 1826
1772 4545 931 682 1154
1773 3424 3033 3386 1648
1774 3767 249 402 1042
1775 2858 1614 2038 2024
1776 1655 1017 481 307
1777 1559 1216 627 1501
1778 4473 3238 3497 3399
1779 4628 3608 3841 3784
1780 1828 794 1654 898
1781 3211 1744 3176 2201
1782 4282 2303 4211 4032
1783 4176 2208 4128 2464
1784 4198 832 263 459
1785 794 1233 898 458
1786 2029 162 1899 1693
1787 794 898 152 458
1788 4467 2682 3263 320
1789 2515 1806 2107 1511
1790 4758 2850 3063 1530
1791 4489 2905 4348 3140
1792 2566 1308 1811 207
1793 2626 1610 1724 1671
1794 4432 1669 3207 3075
1795 3815 1582 3150 2037
1796 3856 1896 3503 2620
1797 2804 1259 2175 1654
1798 3505 1978 2633 2126
1799 4694 2199 4269 4136
1800 4094 455 3401 1038
1801 1083 570 1342 1373
1802 1701 1180 1671 537
1803 2292 1020 475 1018
1804 3894 1840 2538 127
1805 3854 1854 2474 2254
1806 2140 1661 2074 1799
1807 4734 3165 3880 1924
1808 2289 856 855 184
1809 2046 144 1037 1096
1810 2844 1884 2685 2108
1811 4545 1154 682 1187
1812 2340 1488 1474 15
1813 4159 1612 2612 1840
1814 3750 2542 3058 2517
1815 3454 2881 3410 2471
1816 1740 482 174 1389
1817 4146 2257 3545 1507
1818 1593 221 387 892
1819 4014 1711 2815 1974
1820 4171 2274 3713 2421
1821 4234 1532 3811 3363
1822 2953 1668 2014 797
1823 3448 2090 3152 2424
1824 2065 244 1720 1399
1825 3753 3059 3123 1810
1826 4000 1706 3232 3095
1827 3995 1996 3898 2726
1828 4027 1534 3348 2351
1829 4378 2893 3043 1791
1830 4270 3227 4056 635
1831 3211 1946 3176 1744
1832 4278 2574 4220 1889
1833 3075 2537 2646 1669
1834 3668 2929 3061 2300
1835 4621 2345 3829 3143
1836 4096 1530 3800 2624
1837 4385 1709 2924 2123
1838 2269 942 1900 655
1839 2637 2011 2095 1819
1840 2351 1833 1995 1855
1841 1441 876 875 412
1842 1735 1381 1364 1127
1843 4358 1395 650 1118
1844 3989 376 2433 195
1845 3763 1896 2241 1831
1846 4186 2953 3715 2577
1847 1733 1277 1690 109
1848 3824 2796 3066 2373
1849 3546 2842 2893 2012
1850 3002 1079 2054 229
1851 3932 1920 3591 2965
1852 4475 2489 3434 3059
1853 2327 204 2308 729
1854 2158 364 1820 235
1855 3790 2394 3721 3044
1856 1956 592 1339 162
1857 4796 267 4722 4471
1858 4411 1941 3966 3326
1859 3077 1505 2306 2275
1860 4207 3358 3454 3410
1861 4812 3338 3552 3331
1862 4107 2747 3911 3183
1863 3249 1652 1867 788
1864 2315 823 589 238
1865 4095 3056 3791 2183
1866 4190 2766 3067 1990
1867 2358 1327 702 964
1868 4204 2575 3535 3318
1869 4015 2216 3854 2006
1870 4174 1736 2546 2101
1871 4110 2194 3839 1853
1872 3027 573 2758 1043
1873 4596 3342 3699 2496
1874 2338 1932 1935 281
1875 1886 374 375 193
1876 1916 770 1703 1597
1877 4693 2450 3646 2898
1878 4477 1188 1463 679
1879 3227 807 635 1144
1880 4301 3019 3218 2870
1881 3082 1257 2066 1778
1882 3528 284 1974 1207
1883 4196 1762 3133 2669
1884 3824 3066 3141 1508
1885 2798 130 959 535
1886 3932 3236 3388 2768
1887 3940 2231 3022 2125
1888 1882 620 310 1150
1889 2368 456 862 917
1890 4732 3290 4128 1877
1891 3850 35 2782 634
1892 2804 445 2175 1259
1893 2171 1511 1986 1718
1894 4385 2523 2924 2470
1895 2032 750 1357 344
1896 3637 1694 1977 1521
1897 4039 329 547 1333
1898 4635 3194 3850 3778
1899 4397 2864 3026 579
1900 2122 652 1922 1021
1901 4503 653 1409 79
1902 2247 1221 1704 1617
1903 4347 3004 3469 3136
1904 4059 1843 2074 2057
1905 3214 2369 2428 1682
1906 2298 1028 1269 488
1907 2833 1833 1995 1957
1908 3107 2124 2403 2211
1909 2608 2341 2380 1714
1910 2519 1406 2176 1398
1911 4503 1021 2122 1922
1912 4140 1601 3740 2427
1913 3763 1831 2547 1896
1914 2165 1481 28 424
1915 2245 283 1122 1120
1916 3974 3736 3801 2849
1917 3744 2490 2831 2691
1918 4804 2871 4634 3402
1919 2339 1633 1965 1210
1920 3151 1583 2452 1829
1921 2272 1775 1939 1505
1922 1362 491 15 1173
1923 2285 337 1826 1665
1924 1882 230 862 456
1925 4308 771 356 677
1926 2336 271 1082 434
1927 3677 2510 3607 2874
1928 3721 1741 3274 3044
1929 2724 910 885 886
1930 3611 2273 3304 1727
1931 3411 1595 1939 1782
1932 2239 1563 1867 1524
1933 2800 2703 2789 2331
1934 3321 1573 2425 2138
1935 3006 1506 2322 1521
1936 1199 2853 4477 1188
1937 3737 2702 2952 1849
1938 2811 1824 2131 1770
1939 3774 3582 3699 3438
1940 2384 698 319 656
1941 4018 1046 3528 1285
1942 3031 229 2054 1019
1943 4692 1801 4138 4122
1944 3729 2191 2979 1937
1945 4390 1616 2504 2202
1946 2388 1987 2353 1514
1947 2810 525 2267 1156
1948 2333 541 1059 1050
1949 4675 1946 4481 3316
1950 2388 1514 2353 1633
1951 4514 1158 3922 1179
1952 3534 2881 3202 3157
1953 2350 627 1584 1496
1954 3614 2609 3473 3431
1955 4236 852 199 716
1956 4082 1993 2814 2746
1957 4309 1911 3845 2565
1958 4665 3786 3871 3371
1959 4578 2834 4473 3631
1960 4453 1753 2122 951
1961 2292 1063 475 578
1962 3717 3158 3513 2092
1963 2393 221 1757 1155
1964 2299 1890 2222 1864
1965 2487 1703 2275 2164
1966 2240 1060 731 1207
1967 4539 2108 3582 2869
1968 3820 2827 3731 3360
1969 3423 1544 2811 2221
1970 2620 609 1371 1369
1971 4532 2512 4226 1629
1972 4377 865 654 202
1973 2165 1308 1811 661
1974 2389 1167 390 1166
1975 1790 989 22 720
1976 3077 1703 2886 2275
1977 4317 2331 3377 3231
1978 4241 2423 2678 1926
1979 4285 2978 3262 2959
1980 3759 3302 3641 3507
1981 3815 3150 3161 2037
1982 1895 1181 18 531
1983 4556 2474 4145 1854
1984 4694 3209 3534 2366
1985 2764 1539 2678 2163
1986 1690 109 1185 761
1987 1358 491 1405 181
1988 2999 1016 542 1041
1989 4215 3893 4060 2381
1990 3816 1929 2784 2398
1991 4214 1266 2150 420
1992 1731 510 1558 210
1993 314 640 4 1373
1994 4709 2144 4547 2825
1995 3656 1758 3267 2013
1996 4230 984 3555 1340
1997 2637 1564 2011 1819
1998 1962 1715 1840 1512
1999 2753 2321 2580 1993
2000 3545 803 2154 1565
2001 2407 1748 1760 603
2002 2170 1080 2133 514
2003 1523 278 77 881
2004 4064 3400 3910 2915
2005 4423 3093 3408 1517
2006 3373 1310 1313 530
2007 4182 3087 4167 3829
2008 3996 1619 3286 2618
2009 1221 1223 624 185
2010 2350 421 2259 1559
2011 314 4 672 1083
2012 3735 1380 443 11
2013 4640 1954 3024 2882
2014 4350 2684 2868 103
2015 3998 2451 3857 3062
2016 4425 3939 3941 2224
2017 4284 2278 3985 524
2018 3644 2172 3540 2738
2019 4208 3747 4083 3677
2020 2483 1815 1900 7
2021 1083 1373 4 570
2022 2739 2513 2551 1542
2023 216 774 1493 1468
2024 1895 1521 1887 1181
2025 2077 1217 1251 593
2026 4380 1014 289 593
2027 2109 314 1300 857
2028 4699 3372 3692 2295
2029 4420 2191 3205 1920
2030 1695 911 251 561
2031 1895 1181 531 1174
2032 3545 2257 2354 1507
2033 2415 1198 1618 916
2034 2936 996 2104 1801
2035 4480 2751 2808 1953
2036 3451 2939 3228 3090
2037 3817 1875 1913 1511
2038 3895 1635 2923 2713
2039 2636 1676 1826 1071
2040 1825 239 824 457
2041 4368 1883 2930 1525
2042 4190 3067 3337 1990
2043 3906 2511 3859 3653
2044 3657 1534 2165 1811
2045 4045 1637 1937 1920
2046 2665 1528 2639 2587
2047 2332 1130 479 85
2048 4246 2279 2702 2657
2049 3394 2083 2838 2573
2050 912 8 438 1152
2051 2423 1012 1748 47
2052 2448 1833 1995 1639
2053 4177 1562 3670 3175
2054 678 1499 216 1493
2055 3949 1162 1008 220
2056 4491 3333 3519 3367
2057 4546 290 1103 1102
2058 3201 2081 2523 2381
2059 4257 2491 2570 1816
2060 3604 2816 3230 2355
2061 2825 2025 2314 1519
2062 2801 225 875 876
2063 2772 1588 2208 1968
2064 2604 1715 1962 1512
2065 2612 873 2412 874
2066 4147 1251 2552 2077
2067 2432 1251 2077 1217
2068 3820 2563 3530 2195
2069 3432 1760 3213 1010
2070 2109 306 502 1373
2071 3942 1627 3900 2039
2072 4643 1794 2219 2042
2073 4111 1777 2731 1548
2074 4224 3206 3635 1784
2075 4026 2420 3851 3579
2076 4720 2266 4695 4143
2077 4423 1517 3408 2981
2078 4380 2926 3208 574
2079 4446 3525 3658 2536
2080 2726 1954 2541 1667
2081 4462 1632 4421 3287
2082 3071 1928 2294 1059
2083 3416 2295 2797 1938
2084 2745 2011 2637 1564
2085 3104 2039 2839 1627
2086 4563 563 252 1045
2087 2424 1524 2318 1814
2088 3660 2373 3141 1508
2089 4586 1856 2851 2574
2090 2678 1572 2423 2163
2091 3254 2052 2716 1542
2092 4342 900 137 659
2093 4057 1535 2684 2082
2094 4584 3020 3660 3166
2095 3266 2632 2902 2793
2096 3662 1940 3042 2717
2097 3077 1597 1916 1703
2098 2021 107 777 785
2099 3820 3339 3731 2827
2100 1757 1231 1155 221
2101 2065 751 1441 244
2102 2339 1829 1965 1633
2103 3928 1684 2382 2260
2104 1951 997 1769 681
2105 4115 791 3415 1751
2106 3945 2454 3636 3112
2107 3274 2621 3044 1741
2108 1790 975 22 989
2109 4687 2978 3191 3079
2110 1928 112 404 1059
2111 4744 3289 4420 4367
2112 2997 1648 2371 2367
2113 2622 974 1088 567
2114 1865 932 276 75
2115 3129 277 2625 2597
2116 4177 2961 3666 2059
2117 3443 2935 3228 1919
2118 3916 1539 2148 1931
2119 4061 2525 3311 2454
2120 3522 119 1451 686
2121 4348 104 961 1118
2122 3474 3008 3272 1559
2123 4570 2542 4470 3590
2124 1681 564 287 1126
2125 4694 2250 4357 2841
2126 1688 266 1073 1072
2127 4619 1528 2665 1947
2128 4644 3294 3727 2544
2129 2173 903 2029 468
2130 4709 1519 3166 2943
2131 4535 2322 2785 1506
2132 2297 514 246 411
2133 4328 1267 3896 2072
2134 37 775 1490 1466
2135 4100 3059 3123 2683
2136 1931 1558 1731 1540
2137 1746 1209 1615 223
2138 4411 3809 3966 3426
2139 216 1468 1493 1499
2140 4242 2207 3495 2772
2141 4001 2349 3280 1520
2142 4649 863 1901 378
2143 211 1213 586 674
2144 4164 93 3072 1191
2145 2515 453 225 413
2146 1782 758 1246 89
2147 3683 1755 2920 2709
2148 185 1234 1214 622
2149 3969 2284 2763 1536
2150 2820 310 1882 620
2151 3987 2862 3258 1725
2152 3208 593 574 165
2153 4329 2785 2787 2715
2154 357 1466 1490 775
2155 4155 1537 3961 3740
2156 3935 1880 3574 2201
2157 3606 1779 3319 1588
2158 2466 821 589 1359
2159 2136 1218 2034 261
2160 3882 2429 3373 2444
2161 2833 1719 2714 2183
2162 3684 846 2921 615
2163 3466 61 3365 3071
2164 4332 2041 4301 4036
2165 3541 3451 3516 3013
2166 1957 1855 1894 1833
2167 4114 3256 3445 1997
2168 3225 1322 2965 1004
2169 4378 2687 3137 2387
2170 4523 2740 3563 3204
2171 3216 1766 3185 3032
2172 2482 1595 1939 1505
2173 3951 2604 3173 2433
2174 2698 2106 2613 1444
2175 399 869 938 214
2176 3977 2255 3329 3261
2177 4766 1644 1764 1044
2178 4761 3126 3327 2282
2179 4467 954 3076 2682
2180 1704 1223 1617 1221
2181 1826 1348 1183 643
2182 1695 1096 1037 561
2183 3496 1330 2340 1362
2184 50 691 1206 2445
2185 2409 1130 2332 1925
2186 2240 1207 731 1124
2187 4434 2642 3171 3142
2188 3529 2475 3231 2501
2189 4038 1641 2758 2735
2190 4438 649 2026 235
2191 3937 3535 3906 3641
2192 4318 1915 2622 2042
2193 4117 3402 3760 2193
2194 2482 1492 1246 1469
2195 132 1395 1068 539
2196 3479 2682 3076 305
2197 3866 1660 3232 3095
2198 4764 3091 4427 3345
2199 2482 1597 1686 1505
2200 3956 2537 2776 1639
2201 4642 1693 2403 1899
2202 4590 1984 2910 2862
2203 4791 1327 4705 3256
2204 674 1213 1355 1471
2205 677 771 214 1480
2206 2539 1936 2522 2075
2207 3093 1326 44 1176
2208 2877 1793 2641 391
2209 2981 1678 2976 1942
2210 3458 2172 2958 2627
2211 4624 2286 4339 3010
2212 4276 3562 4272 4230
2213 4005 2228 3040 1736
2214 2368 151 1576 680
2215 4311 2367 3419 1648
2216 4664 2929 4019 2127
2217 2488 733 326 1179
2218 3800 2920 3788 2827
2219 4236 1666 3825 716
2220 3601 2749 2894 1643
2221 4313 1320 1945 764
2222 3423 2221 2811 2327
2223 2372 608 1130 1012
2224 3307 3034 3193 2392
2225 1189 914 717 8
2226 3840 1795 2976 2390
2227 2746 2151 2474 1629
2228 675 672 211 1345
2229 2779 268 359 1433
2230 2742 2140 2571 1661
2231 3643 1554 2724 1688
2232 2277 1256 171 973
2233 2426 1968 2208 1588
2234 2659 292 1098 999
2235 4233 2192 3297 2360
2236 4016 2228 2708 328
2237 4379 3123 3669 2973
2238 3178 1955 2628 2116
2239 4753 2570 4619 2509
2240 4665 3371 3937 3869
2241 4479 1204 2244 2215
2242 3942 2069 2395 1281
2243 4648 3826 4047 3764
2244 2226 1274 2008 1165
2245 2066 1160 742 169
2246 4711 4230 4354 4081
2247 4150 3059 3621 1810
2248 4204 3021 3318 2895
2249 3150 764 1945 1323
2250 4215 871 4060 135
2251 4337 1657 4010 3696
2252 2713 732 817 87
2253 4121 2319 2490 1604
2254 3795 3112 3624 3350
2255 2957 1846 2476 1776
2256 2389 1167 1502 183
2257 1342 1061 148 570
2258 3594 1089 3414 3330
2259 4110 1538 3839 2194
2260 4119 131 656 915
2261 3430 157 1977 937
2262 2608 2380 2409 1852
2263 2029 712 1745 903
2264 3581 2490 2831 1604
2265 1655 482 481 1017
2266 3959 939 1584 293
2267 4545 1187 1633 1154
2268 2508 892 1593 724
2269 1005 1077 1143 427
2270 3687 2446 2868 2434
2271 3601 2137 2666 1643
2272 2957 2524 2600 2476
2273 3000 974 2622 567
2274 314 4 1083 1373
2275 4494 117 3938 1093
2276 4590 298 3688 1336
2277 4187 702 2358 1327
2278 2389 390 2388 1166
2279 3286 2248 2966 1940
2280 3977 1575 3329 2255
2281 1626 1382 1338 1053
2282 3327 941 676 1202
2283 3616 970 6 614
2284 4586 2204 3673 1889
2285 1981 1054 1338 180
2286 3391 2820 2905 1551
2287 2288 526 1346 253
2288 3718 1602 3452 3048
2289 1731 955 510 210
2290 4349 3632 3633 1964
2291 1826 1360 1140 1139
2292 3395 1725 3068 2285
2293 2519 1430 2443 349
2294 3540 2172 2859 2738
2295 4724 2088 3598 2313
2296 3210 1942 2122 1710
2297 4387 429 565 240
2298 4240 3448 3681 2397
2299 2064 1286 1698 711
2300 4398 3485 3775 3477
2301 4213 3189 3628 3306
2302 3575 1651 3159 2076
2303 2988 2436 2580 2194
2304 3151 1638 3142 2204
2305 356 1485 1495 16
2306 3197 2497 3048 2120
2307 3706 2017 2123 1802
2308 1035 412 875 37
2309 4753 2817 4493 2509
2310 1618 294 623 1198
2311 1987 345 1311 758
2312 4027 1712 3988 2370
2313 2530 1344 1832 1288
2314 4622 630 2990 1143
2315 2804 139 2105 860
2316 3713 26 2334 389
2317 3502 2719 3113 1522
2318 4702 2925 4180 4153
2319 1828 794 1756 365
2320 4567 1332 602 43
2321 2136 340 1682 1192
2322 4605 4063 4274 1661
2323 4309 3396 3845 1911
2324 4423 1646 3408 3093
2325 4699 3851 4169 2559
2326 4354 2767 3555 1796
2327 4356 2451 4339 3857
2328 356 16 1495 624
2329 1740 1389 1655 482
2330 4649 3572 3947 899
2331 4645 995 866 546
2332 4808 2671 4765 4552
2333 1945 1357 1215 492
2334 2612 874 872 926
2335 2530 1288 118 1344
2336 4713 2772 4242 1854
2337 3970 2719 3539 3113
2338 3003 2215 2654 2246
2339 4485 3243 3997 2606
2340 3818 1785 3025 2999
2341 3133 2231 3022 2669
2342 3588 129 533 1073
2343 2534 291 993 1099
2344 4273 877 2706 71
2345 4467 2166 4113 694
2346 1441 412 116 876
2347 4221 3166 3265 2442
2348 4155 3740 3961 1647
2349 4155 3675 3961 1537
2350 4533 2363 4122 1573
2351 116 934 414 998
2352 4515 3491 4031 2703
2353 3115 1570 2370 1811
2354 3504 2349 3127 2262
2355 3826 1779 3606 2980
2356 3688 2862 3068 1984
2357 4643 2219 2806 217
2358 4214 1638 2237 2177
2359 1994 666 1803 1133
2360 4797 1518 3421 2360
2361 3711 3020 3253 2174
2362 1441 875 1035 412
2363 2543 1507 2478 2033
2364 1441 876 116 998
2365 2708 2101 2546 2228
2366 4596 2442 3265 3166
2367 2327 312 2131 1544
2368 1445 688 1158 301
2369 606 171 1335 1256
2370 2940 1750 2868 2202
2371 1745 903 712 813
2372 4802 2574 2587 2521
2373 4204 3318 3460 2895
2374 3634 1531 3242 2896
2375 2794 1087 2485 2035
2376 1670 212 1456 699
2377 4625 3122 3811 2662
2378 4529 2575 3871 3422
2379 4226 2419 4145 2167
2380 3149 1949 2178 1775
2381 2169 1605 1733 1653
2382 3989 1754 3173 1988
2383 4688 994 2039 508
2384 4131 2789 3487 2475
2385 1894 848 1410 690
2386 2709 2361 2440 1781
2387 1735 1381 335 1364
2388 4641 3024 3525 2712
2389 3241 2842 3082 1831
2390 4619 1700 4149 1528
2391 3637 1122 2245 283
2392 3654 387 1190 724
2393 3532 983 1085 23
2394 1270 1293 419 40
2395 3653 3094 3519 1744
2396 2315 98 589 823
2397 2047 814 394 1200
2398 4625 2471 3454 3122
2399 4275 411 2134 1100
2400 1981 1338 1626 343
2401 2552 1251 2117 2077
2402 4241 1760 3213 1925
2403 4065 1161 909 501
2404 2247 761 1249 109
2405 3830 2803 3356 1692
2406 4482 2378 3322 1710
2407 3617 2705 3052 1747
2408 4245 1854 3854 2254
2409 1463 779 1472 218
2410 2313 1836 2068 1506
2411 2509 2033 2478 1528
2412 2948 1897 2232 187
2413 4193 80 801 1280
2414 3769 1316 1457 1146
2415 1670 212 1271 1456
2416 4072 2418 3224 1824
2417 3640 2479 2605 1959
2418 1698 317 1494 1286
2419 1343 48 606 988
2420 4211 3760 4205 3751
2421 2047 88 394 814
2422 2021 777 1861 1617
2423 3111 2024 2802 2358
2424 4116 1828 3973 365
2425 2561 2228 2346 1996
2426 2353 781 1633 1187
2427 3679 2880 3058 2537
2428 1935 1465 737 472
2429 3109 1634 2315 1825
2430 4064 496 313 718
2431 4152 2585 2594 2156
2432 3856 1407 3793 1896
2433 2508 2239 2438 2007
2434 4206 1606 2399 1649
2435 4298 2618 4069 1619
2436 194 954 1263 639
2437 4525 3589 3595 3478
2438 2459 1758 2332 2162
2439 3765 3682 3703 3439
2440 3975 1835 3317 1645
2441 2886 1505 1914 1686
2442 4540 3911 4448 4443
2443 3981 3291 3823 2805
2444 4139 1788 2240 160
2445 2631 684 1738 1101
2446 4298 1200 2948 2232
2447 1300 502 194 640
2448 4272 2767 3562 3197
2449 3280 2349 3127 1526
2450 4004 3235 3318 3273
2451 2568 1638 2495 2022
2452 1876 232 1459 897
2453 4624 3693 3832 3010
2454 4658 290 3987 467
2455 4229 2912 3611 3009
2456 3625 2076 2569 2321
2457 3318 2001 3235 3200
2458 4531 2745 3497 1990
2459 1582 311 776 1432
2460 4221 3257 3265 3166
2461 3802 2873 3784 3360
2462 4798 2858 4739 2634
2463 4684 3415 4115 791
2464 4190 2053 2896 2807
2465 4149 2196 3348 2257
2466 3065 1639 2448 1995
2467 4111 1367 1328 141
2468 4149 2257 2639 2478
2469 4631 2615 3852 1589
2470 3383 1050 35 1092
2471 2337 1171 1447 728
2472 2415 916 256 449
2473 1712 359 1241 120
2474 4088 2045 3431 3372
2475 2225 1717 2038 2024
2476 3837 2652 3827 2919
2477 1756 794 1239 365
2478 1017 3 1352 583
2479 3821 2252 2729 759
2480 4155 1966 3675 2310
2481 481 1352 1017 3
2482 3539 2946 3113 1515
2483 1559 421 1155 1231
2484 2623 1430 2443 361
2485 2688 1293 1832 322
2486 3665 2685 3029 2108
2487 3919 1797 3602 2736
2488 4216 1741 3497 3399
2489 4298 1619 4069 2010
2490 1387 3 1460 639
2491 1387 639 1263 954
2492 2280 355 868 1199
2493 3380 1575 2459 2233
2494 3190 2193 2683 2937
2495 4659 3023 4132 3327
2496 3408 2063 3093 1646
2497 3794 2314 3144 2404
2498 2686 354 867 766
2499 4453 1332 2299 1753
2500 2281 1812 2205 1650
2501 2977 1794 2153 1624
2502 4756 1158 326 520
2503 3382 2509 2795 1816
2504 3964 416 2581 1088
2505 2903 1374 1916 770
2506 4244 3245 3413 1759
2507 2315 823 824 98
2508 4245 2006 2079 1586
2509 1977 582 157 1285
2510 4579 2172 3644 3387
2511 2234 1921 2075 1622
2512 3201 2381 2551 1556
2513 3903 2531 2547 2066
2514 3209 2640 2881 2694
2515 4287 1824 4051 2264
2516 4259 1071 1676 154
2517 3463 1007 3401 455
2518 4146 461 3545 207
2519 1757 386 221 892
2520 2408 1403 55 559
2521 2324 1398 2176 768
2522 1987 1311 1457 1316
2523 1923 773 215 516
2524 3984 1433 2779 1909
2525 4027 1534 2351 2253
2526 3233 2076 3159 1651
2527 3564 2506 3325 3098
2528 4619 3819 4149 1700
2529 4755 1640 2952 2799
2530 4299 3038 3307 2656
2531 4219 892 1757 1593
2532 3281 1729 2084 402
2533 2084 402 1729 1078
2534 3114 278 1523 881
2535 4612 664 3803 945
2536 3321 1869 3187 2138
2537 4696 2416 4410 3664
2538 3060 1722 3035 2956
2539 1576 970 971 715
2540 2630 977 2325 715
2541 3687 1868 2602 2434
2542 4270 463 25 1243
2543 3605 240 827 429
2544 3936 272 592 837
2545 481 307 1017 1352
2546 2247 1861 1930 1617
2547 2600 2405 2418 1674
2548 1787 1353 689 968
2549 2344 864 2269 655
2550 3890 1989 3409 2632
2551 1496 293 1235 939
2552 3114 278 881 426
2553 3570 1970 3502 1754
2554 4501 3095 4424 3215
2555 4357 2522 3252 2655
2556 4083 1553 3998 3677
2557 4214 2177 2237 861
2558 1703 1391 213 770
2559 4129 2756 2798 1675
2560 174 480 1128 1364
2561 2804 1630 2175 445
2562 1900 655 1237 7
2563 3653 1903 3519 3094
2564 3605 2465 3001 2087
2565 4678 464 2888 850
2566 3071 61 517 1074
2567 4220 1507 2543 2033
2568 4313 1945 4279 3161
2569 4191 3513 3717 3183
2570 4180 3040 3051 2546
2571 3574 1880 3284 2201
2572 3991 3544 3595 2316
2573 4398 3764 3826 3477
2574 4007 2170 3025 2485
2575 4251 3640 3752 2700
2576 3799 2506 3156 2972
2577 4422 1945 3092 2032
2578 4116 58 2550 844
2579 4451 3329 3378 3245
2580 3914 2465 3045 1767
2581 4341 1579 3278 3061
2582 1994 1127 1134 590
2583 3122 1532 2694 2640
2584 1650 1196 585 1240
2585 4182 2345 3944 3829
2586 2405 2182 2348 2006
2587 2106 791 1444 370
2588 2951 236 1247 710
2589 1894 425 1668 63
2590 4691 552 2432 1892
2591 2299 1864 2222 2019
2592 4334 3425 4107 3717
2593 2742 1578 2076 1805
2594 4266 1780 4265 2101
2595 4394 2696 3664 3564
2596 3365 2164 2487 1849
2597 2752 1815 2079 1586
2598 4596 2943 3166 3020
2599 2253 1534 1746 1712
2600 4657 1909 2256 1580
2601 2358 967 2024 53
2602 3394 767 2653 2340
2603 2185 2020 2132 1642
2604 2720 1834 2139 2086
2605 1729 1078 402 34
2606 4014 1974 2534 1711
2607 2752 2269 2344 1543
2608 2986 2499 2901 2262
2609 4138 2363 3031 2054
2610 3598 2088 3135 2242
2611 1626 343 1338 1382
2612 2578 442 1616 1145
2613 2491 1390 2385 1816
2614 2132 1642 2050 1614
2615 4416 4303 4415 3766
2616 2593 1026 1626 1053
2617 2620 609 2608 1047
2618 1517 1272 1350 549
2619 4731 4609 4681 1043
2620 2802 1614 2050 1642
2621 3093 651 1517 1115
2622 1960 297 1189 1470
2623 4168 1813 3748 3663
2624 3946 2942 3226 1818
2625 2949 956 102 736
2626 4661 4009 4506 4334
2627 3656 291 1099 604
2628 2409 1925 2332 2233
2629 4549 929 3328 928
2630 2808 2751 2778 2052
2631 3603 1763 2392 1707
2632 3597 2323 2643 1868
2633 2931 1351 2625 1380
2634 2623 789 1430 1178
2635 2631 77 684 1131
2636 4267 2182 2626 2600
2637 2169 1653 1733 1707
2638 4499 1676 4259 1665
2639 4550 2152 4440 2648
2640 3504 2264 2764 2221
2641 1799 1435 845 444
2642 4759 3038 4459 4161
2643 1670 395 1271 212
2644 2626 1675 1908 1724
2645 2427 449 2415 256
2646 3057 1034 1677 840
2647 3662 2248 2374 1940
2648 3540 2860 2958 2266
2649 3580 3200 3292 3199
2650 1582 1287 776 311
2651 3454 2471 3410 3122
2652 3681 2318 3300 2159
2653 3282 1950 2937 1660
2654 4306 531 1694 1094
2655 2695 923 2002 1662
2656 4045 1937 2979 1920
2657 2628 72 1955 747
2658 3529 2789 3231 2475
2659 1939 1595 1768 1686
2660 4329 696 3551 2322
2661 3877 2863 3039 2762
2662 3466 1040 1659 1052
2663 1911 1050 404 1265
2664 4713 2464 4455 2772
2665 3414 1771 2914 2856
2666 1930 777 1861 1468
2667 4393 4098 4223 4141
2668 2063 321 1893 973
2669 2631 1835 2064 1645
2670 1971 1730 1828 1756
2671 2485 1087 34 410
2672 4092 2402 3962 2304
2673 3494 2575 3467 3189
2674 4688 2039 3900 508
2675 4471 2733 3630 2098
2676 3962 2304 3773 1975
2677 2877 96 1793 391
2678 3120 1722 2710 1871
2679 2811 1544 2327 2131
2680 4627 887 3543 1015
2681 2280 1172 868 476
2682 4637 1692 3356 2957
2683 3964 1276 2086 416
2684 4746 3835 4431 2229
2685 4116 844 2455 446
2686 4295 2040 3316 2360
2687 4141 3484 4098 1872
2688 2636 460 1676 1071
2689 1270 1293 322 419
2690 4690 3380 4213 3189
2691 1270 40 1475 1293
2692 3838 3009 3494 1727
2693 1364 1127 1381 480
2694 2180 241 2086 908
2695 4683 1832 2265 1857
2696 355 1503 346 780
2697 4381 2435 4127 2989
2698 2637 1497 1341 450
2699 4736 3239 4192 3352
2700 4221 1625 4091 2377
2701 3467 2575 3422 3347
2702 3575 1805 2974 1651
2703 2426 332 1779 958
2704 2448 2094 2258 1995
2705 3925 1509 3486 2422
2706 1981 180 437 1054
2707 4122 1573 3226 2119
2708 4047 2497 3746 3709
2709 2356 88 2047 814
2710 1445 2 1158 688
2711 4040 1790 3923 720
2712 2641 1745 2029 1734
2713 3834 191 918 633
2714 4280 3172 4160 2556
2715 4247 2654 3279 2317
2716 3638 2489 3323 2973
2717 4438 1820 2158 2026
2718 3613 680 1439 62
2719 3618 2622 3499 2581
2720 3394 2573 2653 2083
2721 4584 2404 4183 3020
2722 1971 1756 1828 898
2723 1908 1671 1724 327
2724 3577 1657 2913 2567
2725 4202 3083 3717 3604
2726 4662 3581 3725 2823
2727 4184 2678 3892 1526
2728 4504 2774 3429 3007
2729 2777 2235 2356 1606
2730 3374 1317 2244 623
2731 3774 3253 3711 3020
2732 2083 913 732 1500
2733 4284 2144 1902 1303
2734 4687 1847 4109 3079
2735 1517 1115 651 1426
2736 3497 2945 3399 3238
2737 1956 162 1899 592
2738 3847 2007 3152 2438
2739 4660 1752 3905 2693
2740 3652 2265 2603 1658
2741 4189 2369 3214 2431
2742 3449 560 2301 1392
2743 2654 2235 2246 2215
2744 2817 2033 2509 1528
2745 4625 3702 3832 2471
2746 4038 1076 3923 720
2747 4418 1786 2709 2312
2748 4100 1810 3175 3123
2749 1740 1364 610 1389
2750 3297 1905 2360 2040
2751 4060 976 2186 700
2752 1688 910 1073 1006
2753 3577 2567 3309 1657
2754 2720 241 1901 863
2755 4524 1823 3793 3389
2756 2659 483 2309 1022
2757 1982 581 303 948
2758 2804 1448 139 1259
2759 4232 599 1063 1022
2760 3845 3396 3728 1911
2761 3213 1925 2372 1926
2762 2949 1944 2326 736
2763 1381 480 1127 2
2764 4485 3997 4012 3433
2765 2409 2233 2372 1925
2766 3563 1970 2740 1879
2767 4447 3034 3193 2829
2768 2661 266 1051 1006
2769 4783 3748 4663 4374
2770 4368 770 1703 213
2771 4051 2760 3015 2148
2772 2663 1555 2145 2070
2773 4513 2793 3266 2902
2774 4451 3368 3459 2813
2775 4269 2672 3795 3350
2776 1952 1091 1090 1080
2777 4068 3351 3968 3818
2778 1935 472 737 936
2779 3970 2719 2995 1212
2780 3883 3340 3568 2973
2781 2666 1555 2663 2105
2782 3960 2523 2924 2017
2783 2848 2358 2768 1839
2784 3882 1196 1030 530
2785 2667 94 506 986
2786 2273 2019 2222 1727
2787 1128 1127 1364 480
2788 2389 815 390 183
2789 3821 633 1860 1279
2790 2027 1686 1768 1595
2791 4662 4012 4374 3748
2792 4331 1734 2211 1745
2793 2237 1914 2150 1266
2794 4498 2031 2777 2310
2795 3198 1923 2573 2340
2796 4759 3945 4574 3624
2797 4352 3512 3880 2963
2798 1654 1233 233 898
2799 1925 1010 1130 604
2800 4648 3197 4372 2767
2801 4442 2055 2769 2493
2802 174 482 481 1389
2803 1935 1225 737 1465
2804 3132 2971 3126 2238
2805 4409 1504 3724 3292
2806 3386 1648 3033 1787
2807 590 2 1381 1127
2808 2675 1944 2341 173
2809 2923 1680 2713 2036
2810 2675 1716 2341 1944
2811 1900 942 1237 655
2812 3244 714 1375 150
2813 2633 1092 1093 273
2814 322 1288 419 1293
2815 1994 1735 1808 287
2816 4504 2386 2549 1830
2817 2327 729 312 1264
2818 1908 327 1724 1413
2819 4106 1257 2066 1160
2820 1922 1447 1021 652
2821 3834 633 1881 191
2822 3905 2153 3888 1752
2823 3328 1086 3244 1084
2824 3855 2460 3843 2800
2825 2095 450 1819 830
2826 4065 501 1764 1161
2827 3222 1451 1283 423
2828 1939 1686 1768 1505
2829 3973 1907 2723 1596
2830 2181 914 1960 1189
2831 2326 956 1354 957
2832 2264 1544 1931 1539
2833 4438 235 842 649
2834 2277 1067 1627 1256
2835 4106 1732 2161 1801
2836 3612 2470 3490 3326
2837 2306 1775 1949 1507
2838 3868 1609 3174 2602
2839 4314 3079 3237 2978
2840 2327 729 1264 204
2841 4522 2087 4050 3578
2842 2149 1958 1963 1723
2843 1757 386 1231 221
2844 4230 984 3616 3555
2845 4545 1865 2353 682
2846 4163 1575 3380 2233
2847 4659 1542 3254 2716
2848 3225 966 1322 1004
2849 2684 1175 1876 395
2850 1 1245 1385 1077
2851 2684 1175 2082 1670
2852 4512 1915 3055 567
2853 3355 1980 2100 1548
2854 4015 2254 2512 2261
2855 2584 1264 1484 658
2856 2256 1454 51 1433
2857 1731 1558 1696 1540
2858 4454 1572 2675 2423
2859 4056 802 471 893
2860 4694 2199 4136 3147
2861 4629 2460 3855 2095
2862 3525 2900 3524 2755
2863 3974 3801 3930 2849
2864 4273 71 1910 877
2865 3412 1992 2267 525
2866 3573 1532 2793 2640
2867 4229 1637 4045 3965
2868 4561 3911 4366 4184
2869 1682 340 754 1192
2870 4805 4289 4723 1879
2871 4309 3737 3787 2960
2872 4066 2984 3721 3468
2873 3734 938 818 1314
2874 2385 213 1703 825
2875 4170 224 1876 1229
2876 4403 2829 3034 2617
2877 4120 1750 2519 2443
2878 2306 1505 2272 2022
2879 4457 2639 4149 3348
2880 3981 1136 102 956
2881 4008 1785 3818 2823
2882 4481 3259 4295 1985
2883 4544 2326 3981 2018
2884 4070 188 371 759
2885 4319 1001 3117 2412
2886 2930 2385 2491 398
2887 4625 3358 3832 1885
2888 2698 1384 1444 526
2889 2664 596 263 1329
2890 780 218 679 1503
2891 2643 1634 2466 2323
2892 3353 1521 2068 1977
2893 4480 3289 4292 3312
2894 4647 273 1093 519
2895 4757 2463 4516 1641
2896 4345 2038 2858 1614
2897 2725 1798 2507 2437
2898 1707 1434 317 1286
2899 1563 1318 788 1172
2900 3817 1511 2171 1718
2901 2636 460 1071 1183
2902 4274 1661 4074 3233
2903 3556 2020 2723 1907
2904 3828 2331 2789 2501
2905 894 1150 538 5
2906 4669 2557 4025 3484
2907 4757 2871 4117 1706
2908 168 868 1427 1172
2909 4752 3901 3944 2472
2910 3930 2849 3801 2152
2911 4671 1222 487 313
2912 539 1077 1 1385
2913 3581 2540 3351 3343
2914 3482 1622 2847 1921
2915 121 688 1453 520
2916 2263 96 1299 300
2917 1865 75 1768 932
2918 4314 3079 3944 2651
2919 2101 588 42 1312
2920 209 668 962 393
2921 2341 173 1371 1047
2922 4234 3363 3811 1906
2923 4568 1763 3034 2917
2924 4478 3404 4182 3944
2925 3072 1691 2185 1596
2926 4664 3143 3404 1574
2927 2859 1785 2364 1952
2928 3689 1558 1572 957
2929 4369 1787 3907 968
2930 4274 3233 4074 1587
2931 4616 3390 3617 2462
2932 2405 2182 2216 1543
2933 1654 1233 222 1259
2934 1557 928 363 929
2935 3660 3020 3523 3166
2936 2708 588 1060 1104
2937 4538 3844 4159 1962
2938 4507 3017 3707 3682
2939 2720 2086 2180 241
2940 2478 1525 2354 2306
2941 4277 1360 2271 1992
2942 1892 999 552 996
2943 3838 2895 3289 3273
2944 4694 2660 4357 2250
2945 1724 327 1180 1413
2946 3643 2676 3188 2008
2947 3151 1775 2642 1638
2948 4423 2063 3093 1176
2949 3853 1605 2991 2741
2950 3187 1033 2138 1869
2951 2708 2117 2546 2101
2952 3627 3061 3341 3143
2953 1 1245 1077 427
2954 3901 2097 2689 2472
2955 3388 1839 2848 2768
2956 4755 2487 3542 1849
2957 3700 3451 3516 3090
2958 3534 1591 2881 2457
2959 4454 1716 4022 1926
2960 3001 827 99 826
2961 2225 308 1717 545
2962 3973 1828 1907 1730
2963 476 13 355 1307
2964 3770 2246 3003 2453
2965 4094 1952 3505 1090
2966 3583 1816 3382 2795
2967 4080 1617 1861 1850
2968 2711 929 24 1302
2969 4069 2248 3286 1553
2970 3571 3152 3303 2089
2971 2478 2257 2354 1700
2972 2713 87 1680 757
2973 2714 1967 2521 2049
2974 2786 459 1449 851
2975 1828 1259 222 446
2976 2716 1542 2523 2381
2977 3572 1901 2265 1857
2978 4244 1809 3246 2503
2979 4547 2825 3523 3166
2980 4369 968 2879 1036
2981 4150 1810 2722 2284
2982 2664 459 263 596
2983 2718 1750 2446 2434
2984 3188 1426 1517 651
2985 3862 3322 3598 2378
2986 3738 3118 3557 3179
2987 2247 1221 1249 761
2988 2991 1817 2713 1680
2989 905 600 209 667
2990 2154 804 803 461
2991 3680 1132 1015 887
2992 4566 2055 3766 3331
2993 1930 1485 1480 1468
2994 4453 581 1982 948
2995 4017 3843 3855 2238
2996 4227 943 4073 3803
2997 3557 3486 3493 1509
2998 1945 764 1320 344
2999 2724 886 885 469
3000 2988 2436 2814 2580
3001 2637 1341 2396 1819
3002 1143 427 1077 1245
3003 1068 539 1395 1077
3004 1701 434 72 537
3005 1688 1072 1600 266
3006 1 667 1385 1245
3007 4506 4107 4413 2198
3008 3817 1875 2102 1689
3009 1688 884 1117 382
3010 3099 2457 2881 1591
3011 2170 1952 2133 1080
3012 2725 2400 2507 1973
3013 1323 14 492 1411
3014 3823 3089 3462 2922
3015 4425 2743 3640 2588
3016 2297 246 2134 411
3017 4261 3563 4254 1512
3018 2600 1610 2524 2418
3019 346 1307 13 765
3020 1005 427 1143 121
3021 1024 1412 650 132
3022 4693 2898 3646 2218
3023 4368 1492 213 854
3024 2655 1147 646 234
3025 3881 1776 2476 1846
3026 4672 3362 4068 3968
3027 2532 1967 2258 2049
3028 4200 1359 589 343
3029 2729 1361 1682 340
3030 1887 1181 1135 465
3031 2695 924 2177 1881
3032 4730 2978 3316 1683
3033 2706 270 681 71
3034 2654 1606 2356 2235
3035 3829 3143 3584 3087
3036 2313 1568 2068 1836
3037 2725 2437 2536 1798
3038 1688 382 1073 910
3039 4362 1979 4030 2839
3040 3454 2471 3202 2881
3041 4797 2771 4730 3421
3042 4040 2071 3177 2970
3043 650 1068 132 1395
3044 1994 287 1808 1134
3045 2117 593 42 1014
3046 4146 3348 4027 1534
3047 2840 1691 1960 1596
3048 1666 300 716 1170
3049 4211 3751 4205 4032
3050 2734 453 1806 1131
3051 3949 220 2809 1162
3052 3480 1967 3418 3405
3053 4532 2814 2988 2634
3054 2356 814 907 638
3055 4639 1407 1423 742
3056 1994 1445 666 1381
3057 2372 1049 1130 608
3058 894 1412 538 1150
3059 2737 1346 2518 2288
3060 4491 3370 3533 1631
3061 4438 2026 4034 1726
3062 3328 928 1620 1557
3063 3101 122 1455 689
3064 3049 2588 3037 1545
3065 2353 1187 682 114
3066 3864 2827 3820 3360
3067 4807 2152 3930 2526
3068 4478 2564 3013 1847
3069 2027 1266 1914 612
3070 4720 2705 4098 2266
3071 3973 1254 2723 1907
3072 4655 250 3973 365
3073 3648 1188 2853 110
3074 2953 797 2014 258
3075 4718 1306 4265 1312
3076 4214 2177 3834 3142
3077 3439 3017 3367 1631
3078 168 868 1462 1427
3079 3359 1714 2341 1944
3080 2833 1639 1995 1833
3081 4427 2206 3196 2939
3082 168 476 868 1172
3083 3973 1254 1907 58
3084 2957 1543 2405 2344
3085 3834 918 3171 274
3086 740 1427 168 1462
3087 538 1412 1024 132
3088 4565 2581 3602 2720
3089 3359 1944 2341 1716
3090 4579 2606 3450 2627
3091 3615 1523 2515 77
3092 4638 1776 4377 2181
3093 2927 620 1882 1150
3094 2358 967 53 702
3095 2742 1661 2505 2140
3096 4515 3225 3449 1322
3097 4574 3624 3945 3112
3098 4344 1795 3210 2019
3099 3505 2364 3005 1978
3100 2745 1564 2637 1577
3101 4510 2775 3460 1964
3102 3136 2770 3004 2562
3103 4364 3675 3979 2567
3104 2875 2477 2492 1569
3105 3644 2823 3387 2172
3106 3163 506 333 986
3107 3582 2496 3342 2108
3108 3499 974 3000 2212
3109 4380 3139 4078 1969
3110 1720 921 875 225
3111 3719 2470 3592 1504
3112 4413 2474 2512 1629
3113 4282 2303 3041 1878
3114 3578 2701 2730 2067
3115 4058 2557 3420 2902
3116 2734 921 225 453
3117 4422 1215 3092 1945
3118 2749 1168 1704 1680
3119 3578 2087 2549 2461
3120 916 5 708 1198
3121 3950 3488 3553 1830
3122 4462 823 1366 457
3123 4139 587 2534 540
3124 4103 379 2576 1777
3125 4117 3760 4066 2193
3126 3115 800 2388 1570
3127 294 1198 916 708
3128 4793 84 1306 725
3129 1846 434 1701 537
3130 1396 418 1294 36
3131 3798 1547 3295 3039
3132 4576 1509 4217 2567
3133 4523 3204 3563 1515
3134 3092 1772 2032 1945
3135 2237 1265 861 634
3136 4732 2234 4342 811
3137 4589 2440 3165 1924
3138 3855 1673 2800 2545
3139 4654 2621 4000 3044
3140 3995 1996 2726 2346
3141 3208 574 2926 2347
3142 2996 1432 2037 217
3143 3096 2694 2701 2067
3144 2678 2163 2423 1748
3145 2760 1812 1815 1586
3146 4113 953 3076 954
3147 2934 1738 2631 684
3148 3184 2044 3133 2669
3149 1731 1655 1696 307
3150 1626 768 1359 343
3151 4005 1736 2882 2346
3152 2720 416 1276 241
3153 4539 3029 4507 3582
3154 4769 2265 3806 1658
3155 4565 2720 3602 1834
3156 4087 592 2320 836
3157 2996 217 2806 2219
3158 3397 199 2144 1664
3159 1933 375 1399 193
3160 4643 1794 2806 2219
3161 4419 2436 2644 2449
3162 3265 2377 2496 1884
3163 1695 561 1037 911
3164 4218 2067 3193 2829
3165 3914 2588 3098 1761
3166 3424 2367 2759 1648
3167 2840 1543 2185 2132
3168 2246 638 907 1482
3169 4610 1482 4391 123
3170 4015 2254 3854 2512
3171 2773 1691 2269 2185
3172 3396 1928 2333 2294
3173 3575 1651 1777 1548
3174 3833 2415 2427 449
3175 1746 1209 425 1415
3176 2803 2109 2166 1527
3177 3129 2597 2625 1602
3178 2264 1544 2148 1931
3179 4518 1023 4423 136
3180 3894 1512 1840 1715
3181 2096 1317 617 819
3182 3972 439 230 1024
3183 4371 2014 2987 745
3184 1894 690 1833 848
3185 4130 1874 3862 2981
3186 3658 2755 3525 3134
3187 3242 2073 2967 1531
3188 4465 3245 3370 1809
3189 2642 1633 2178 1829
3190 3966 2866 3809 3441
3191 3644 2548 3169 2738
3192 3953 3048 3518 1591
3193 4310 2951 3885 236
3194 4042 797 223 798
3195 4669 3595 4141 4025
3196 4135 285 2608 1998
3197 3613 1576 2589 971
3198 2426 137 1325 701
3199 9 1231 1501 386
3200 4750 3673 4505 4461
3201 1740 1126 1128 482
3202 4246 3466 3776 1040
3203 4384 2232 2948 1897
3204 2903 403 1916 1374
3205 2993 1696 1731 1655
3206 3572 922 2688 641
3207 4129 3104 3942 1804
3208 4313 1767 3858 1624
3209 3705 1587 3233 3159
3210 1692 247 1039 434
3211 3008 1155 2393 1559
3212 4726 2520 4300 3791
3213 2149 1658 1963 1958
3214 3008 1155 2259 119
3215 2927 1882 2368 456
3216 3867 2307 2381 1556
3217 3528 1838 2815 2514
3218 3863 2610 3251 1935
3219 1945 1215 1772 352
3220 1930 1221 1495 1493
3221 4325 2592 3955 2253
3222 4565 1963 3602 1723
3223 3953 2497 3518 3048
3224 2330 825 1391 511
3225 4525 4141 4223 3671
3226 4751 1770 4178 2131
3227 4017 2906 3742 2971
3228 4774 3848 4338 3701
3229 4369 2932 3033 1787
3230 4239 3395 3794 2667
3231 4285 3176 3316 1946
3232 3708 2420 3635 3527
3233 3771 2762 3097 3039
3234 2016 370 1489 1255
3235 3960 2787 2887 2186
3236 3928 2260 3400 2850
3237 3031 260 578 598
3238 3916 1539 1931 1739
3239 4445 2437 3192 1838
3240 2782 1911 2237 1265
3241 3706 1506 3551 1802
3242 4008 3169 3644 2548
3243 3451 1594 3268 2200
3244 3214 1682 2431 2369
3245 4608 2193 3741 2984
3246 3956 2448 2537 1639
3247 4182 1847 3944 3079
3248 1848 583 1321 1129
3249 1982 303 1783 100
3250 2278 1085 1303 23
3251 3482 2362 3290 2234
3252 2784 2091 2580 1929
3253 4067 1475 1463 1148
3254 1876 395 1670 897
3255 4236 300 3825 2263
3256 2893 2500 2531 1550
3257 2887 1790 2735 2463
3258 14 740 1287 1416
3259 3093 1272 1517 549
3260 2158 235 95 793
3261 1876 397 1459 1229
3262 3783 766 1494 317
3263 3427 1476 2399 1384
3264 3254 2052 2778 2751
3265 4124 255 3684 847
3266 2058 503 1979 546
3267 4267 2182 2216 1614
3268 4121 2490 3428 1604
3269 4638 912 3902 438
3270 2765 366 815 891
3271 4566 3180 3766 2055
3272 2801 225 1720 875
3273 3251 2078 2983 2610
3274 4089 3455 3713 2274
3275 4291 2525 3170 2855
3276 4502 189 1751 500
3277 3935 1880 3385 2402
3278 2388 781 2353 1166
3279 1019 477 1064 45
3280 4507 3489 3682 1518
3281 2385 1703 2330 825
3282 3868 1659 2270 1609
3283 1691 727 654 297
3284 1883 854 693 1492
3285 4159 1663 1962 1840
3286 3812 2792 3294 2511
3287 1670 395 212 897
3288 4731 4093 4609 2677
3289 4384 3272 3720 1961
3290 3471 1778 2161 1708
3291 3976 2494 3642 3424
3292 4504 2829 3429 2067
3293 2798 1413 1724 747
3294 4603 3992 4131 3293
3295 1655 1389 610 1136
3296 3491 1673 2800 2703
3297 1686 1153 1597 1595
3298 2005 1696 1739 1540
3299 2289 623 184 620
3300 1740 1364 174 1128
3301 3411 400 276 932
3302 2953 797 258 63
3303 3856 2583 3503 1896
3304 3978 2176 3697 1406
3305 3481 714 3244 1138
3306 4583 1940 4396 2966
3307 2181 1189 654 1152
3308 3574 3211 3475 3172
3309 3188 1021 653 201
3310 45 1267 1377 668
3311 2801 1511 2107 1737
3312 1694 1282 1094 569
3313 2205 584 1240 158
3314 4663 3748 4012 1813
3315 355 13 346 1307
3316 2482 1597 1883 1492
3317 4119 131 2384 656
3318 3168 2669 3103 2446
3319 3512 2963 3509 1672
3320 2803 101 953 306
3321 2804 2105 2137 860
3322 2350 1496 9 1501
3323 4336 3078 4054 2302
3324 4644 2544 3727 3459
3325 3466 1849 2702 2294
3326 4646 665 1058 134
3327 2403 1947 2173 2029
3328 3366 1714 2885 1944
3329 1570 891 804 1308
3330 4566 1685 3974 3180
3331 3667 1688 3588 2832
3332 3144 1984 2916 2314
3333 4166 2821 3480 1967
3334 4496 1705 3386 1787
3335 2350 421 1559 1231
3336 2322 696 324 1174
3337 3973 365 250 1254
3338 2698 1444 2613 526
3339 4021 1789 2710 2586
3340 4751 906 4467 3263
3341 4648 3477 3826 3764
3342 2626 1675 2038 1908
3343 4034 2527 3037 1726
3344 3208 165 574 1095
3345 1670 1456 1208 699
3346 4288 2421 2786 1449
3347 1019 45 1064 598
3348 4703 2755 3464 3134
3349 2668 1202 808 683
3350 2277 743 1893 1324
3351 4241 2372 3213 2423
3352 4314 2651 3750 3079
3353 3970 2209 3615 1737
3354 3027 963 573 149
3355 3406 888 2636 1114
3356 3813 734 1693 162
3357 1551 579 230 439
3358 2161 86 2104 738
3359 3952 2697 3596 2783
3360 4437 1768 2642 1865
3361 4565 1963 2139 1834
3362 3103 2669 2674 1904
3363 2432 339 1892 552
3364 4445 1838 3192 2240
3365 3679 3058 3075 2537
3366 2109 640 314 1373
3367 159 853 466 1110
3368 2596 833 1376 60
3369 3006 1521 2322 1887
3370 554 853 159 1110
3371 3761 1657 3309 3197
3372 4373 2402 2599 2251
3373 2529 670 334 1280
3374 2377 1625 2211 1693
3375 2086 629 1662 908
3376 1778 1194 1257 738
3377 4129 2349 3104 1804
3378 2122 951 201 581
3379 4006 1869 3321 1062
3380 3790 3044 3398 2394
3381 4591 3005 3758 3458
3382 4022 2233 2372 1716
3383 4563 563 2226 252
3384 2760 1586 2752 2348
3385 2817 2587 2639 1528
3386 3267 2255 2459 1758
3387 3820 1569 2875 2630
3388 1558 510 957 210
3389 475 578 167 1020
3390 3937 3475 3641 3313
3391 3442 3262 3346 2559
3392 4478 2558 3042 2564
3393 4314 2517 3237 3079
3394 2820 1882 2289 620
3395 4178 2327 2680 729
3396 4243 234 2522 811
3397 3898 1667 3412 2810
3398 3886 2446 3860 2718
3399 4349 1964 3633 2775
3400 3443 2288 2737 1919
3401 2824 288 1740 1655
3402 1756 898 719 152
3403 4759 2656 4525 3589
3404 3502 2433 2719 521
3405 2857 1918 2134 246
3406 4697 3297 4150 3059
3407 3789 1652 3249 1437
3408 4788 3761 4573 3577
3409 3960 2470 2924 2523
3410 4414 3062 3277 2217
3411 3497 3160 3168 2674
3412 4469 2105 2666 2663
3413 2032 1357 1945 344
3414 3290 1298 727 93
3415 1218 418 1192 118
3416 3633 1964 3632 3181
3417 3823 2805 2949 2018
3418 3136 1722 3120 1871
3419 387 892 221 386
3420 4688 1365 4108 994
3421 2832 1887 2322 324
3422 2679 1870 1922 1753
3423 3536 1645 1858 1806
3424 2350 1501 1559 627
3425 2630 6 2325 977
3426 2832 1506 2322 1887
3427 3921 2028 3869 3859
3428 2029 903 1745 813
3429 4016 2101 2708 2228
3430 1740 287 1128 1126
3431 4729 607 243 1163
3432 2724 1006 2661 885
3433 3651 2345 3361 2648
3434 3762 2697 3608 1842
3435 4807 2849 3930 2152
3436 2847 1622 2075 1921
3437 2875 2195 2630 2492
3438 4340 1622 2847 2455
3439 4430 2077 3139 1943
3440 4690 1608 3380 1758
3441 2839 1862 2039 1520
3442 4547 3257 4221 3166
3443 1701 537 72 1180
3444 4643 1232 3919 778
3445 4070 1533 3148 2729
3446 2529 721 1792 80
3447 4267 1614 2499 2182
3448 2839 1783 2039 1862
3449 2181 297 1960 1691
3450 3795 3112 3636 2454
3451 1763 1224 772 1421
3452 2840 1691 2181 1960
3453 2692 89 803 804
3454 4336 3078 3642 1566
3455 4534 1714 3503 2241
3456 3602 1963 3278 3186
3457 3542 1849 3071 2294
3458 3870 1888 3584 3508
3459 2844 2377 2496 2211
3460 4028 3198 3780 353
3461 3720 627 2350 1559
3462 2806 217 2037 1205
3463 3920 2762 3771 3425
3464 4175 2367 3642 3424
3465 4530 2668 3585 3126
3466 4660 1443 1297 516
3467 4040 720 3177 1438
3468 4252 2130 3607 2248
3469 2079 1815 1900 1588
3470 2351 1855 2253 1746
3471 3028 363 1557 928
3472 4182 4109 4167 2451
3473 4736 2906 4359 4192
3474 2910 1107 2048 78
3475 4487 1718 3478 1587
3476 4771 3561 4591 1978
3477 1779 949 528 958
3478 4629 1990 3742 2745
3479 3504 2221 2901 2262
3480 2039 508 994 100
3481 2058 866 545 308
3482 4119 2020 2840 1596
3483 4493 2994 4257 1632
3484 3545 1565 2154 1507
3485 2528 1299 712 1142
3486 4136 2003 3842 2841
3487 2492 977 1228 1289
3488 4244 3370 3413 3245
3489 2495 1911 1928 1914
3490 4504 1830 3531 2774
3491 4706 2729 3600 1881
3492 4243 810 2227 381
3493 4587 2061 4162 3365
3494 4479 623 2244 1204
3495 2178 1514 1965 1633
3496 4037 3768 3971 2473
3497 2483 1125 1815 7
3498 4250 1722 3690 3060
3499 4157 2098 2465 1761
3500 2324 768 1382 1398
3501 4660 516 1923 215
3502 4479 2244 2933 2317
3503 2384 2050 2132 1642
3504 2871 1641 2283 1807
3505 2027 1505 1768 1686
3506 1783 947 100 743
3507 4126 2731 4111 1328
3508 3818 2485 3169 2379
3509 2934 1523 2631 1806
3510 1923 299 773 516
3511 2368 151 680 917
3512 3365 254 2164 517
3513 2791 1853 2550 2140
3514 3846 1873 2778 2523
3515 3415 2966 3047 2090
3516 3454 2881 3202 1591
3517 4802 2143 4754 2189
3518 4799 2980 4398 3764
3519 1715 926 432 873
3520 2858 2024 2848 1839
3521 1982 303 1893 1783
3522 4160 1679 3529 3285
3523 2701 2067 2694 2662
3524 4490 2657 2952 2780
3525 3984 1829 2452 1583
3526 2811 1824 2264 1544
3527 3618 3278 3602 1834
3528 2047 1200 1649 814
3529 1846 434 537 247
3530 4153 3438 3711 2925
3531 3411 932 1768 1595
3532 2709 1781 2498 2080
3533 4215 1556 3867 2381
3534 4215 2381 4060 1556
3535 3689 1349 2163 669
3536 1819 1341 248 830
3537 3883 3323 3568 3250
3538 2864 230 1551 579
3539 3476 3190 3232 2944
3540 1235 796 448 939
3541 2190 1355 2116 341
3542 3772 1743 3092 2032
3543 4584 2404 2943 1519
3544 2281 1586 1815 1812
3545 3536 1738 3100 2631
3546 1930 1468 1861 1493
3547 1602 1397 454 839
3548 1496 939 1235 448
3549 1806 1131 453 77
3550 9 448 1496 1235
3551 2165 424 1149 1209
3552 1680 87 1168 757
3553 3442 3333 3346 2213
3554 3657 120 1712 1241
3555 2508 724 806 892
3556 2072 1267 477 1247
3557 4275 1131 2631 1101
3558 3831 1957 2833 2290
3559 2351 1534 2236 1746
3560 2868 2504 2684 2202
3561 3397 1299 1142 852
3562 3960 2081 3846 2523
3563 3629 3370 3524 2755
3564 3884 2651 3480 3405
3565 1595 1153 1246 758
3566 3934 2775 3759 3460
3567 4285 2213 3519 2959
3568 2491 1461 398 27
3569 3712 1938 3416 2797
3570 4144 1667 2810 2383
3571 3408 581 201 651
3572 4548 3346 4439 2559
3573 4728 2294 3396 2333
3574 4263 3717 4191 2092
3575 3789 1437 348 1427
3576 4717 3456 4475 2197
3577 4403 1752 3905 2975
3578 3583 2799 3382 1640
3579 4061 2454 3945 3240
3580 3332 228 444 822
3581 4726 1668 2883 1957
3582 2660 2430 2539 2250
3583 4418 3283 4096 2260
3584 2879 1036 968 495
3585 1670 1175 1271 395
3586 3421 1518 2502 2360
3587 3785 1632 3287 2750
3588 3792 1947 3757 2173
3589 3704 3355 3575 2569
3590 2728 259 1269 1011
3591 4043 838 900 443
3592 4526 3154 3638 2755
3593 648 1303 1902 2144
3594 4375 3021 4046 1964
3595 3122 2640 2881 1532
3596 2883 1957 2577 1549
3597 3794 2667 3395 3144
3598 4355 197 1141 1140
3599 3234 2740 3204 1515
3600 2332 2013 2162 1758
3601 3482 2020 2185 1513
3602 2886 612 1914 112
3603 3868 2602 2643 2466
3604 4614 52 2106 2010
3605 2277 1324 1893 973
3606 1576 971 680 151
3607 3948 2427 3833 2096
3608 2029 162 1693 712
3609 2851 1967 2532 2049
3610 2175 1233 1654 1259
3611 2205 1309 1815 1125
3612 4703 3134 4465 3051
3613 4358 2820 3972 1551
3614 4243 2234 2522 2075
3615 4194 1598 3498 2635
3616 4336 2302 3642 3078
3617 3932 1058 2768 2456
3618 4057 1535 2082 2051
3619 2891 1910 2706 71
3620 3715 1410 1894 63
3621 2341 173 1047 1049
3622 4168 3663 3748 3701
3623 2893 2382 2500 1550
3624 4425 2224 3640 2743
3625 3202 1591 3157 1602
3626 2731 1548 2115 2100
3627 4234 1532 3363 2557
3628 4044 1572 3958 3393
3629 2965 665 134 1004
3630 4629 2095 3132 2011
3631 3744 2490 2691 2319
3632 4069 2248 2698 1619
3633 3610 1525 2509 2033
3634 4489 2820 4358 2905
3635 3201 2186 2523 2081
3636 1949 1565 1939 1775
3637 2098 566 1379 146
3638 4465 3139 3924 1969
3639 2913 2224 2743 2605
3640 4603 1548 3992 3130
3641 3828 2545 3324 3041
3642 2993 1129 2824 288
3643 3699 1613 3424 2494
3644 4655 365 3973 1730
3645 4288 26 3713 1449
3646 3809 1798 2441 2043
3647 4737 3544 3595 2607
3648 3308 2645 3078 1516
3649 1626 343 1382 768
3650 1992 523 124 1113
3651 2209 998 350 934
3652 2677 1282 1694 569
3653 4455 2208 4342 3686
3654 3427 526 253 1384
3655 2903 1469 1153 1226
3656 1876 224 799 395
3657 3188 653 2676 470
3658 2903 31 1226 403
3659 4428 2198 3264 3164
3660 3877 2792 2845 2028
3661 4511 2542 4470 3461
3662 3248 2129 2874 2130
3663 4262 1133 1994 1803
3664 1916 1391 1703 770
3665 2724 885 2661 1048
3666 4353 1414 2915 179
3667 3432 1099 2417 170
3668 1652 1172 1563 788
3669 2947 101 991 953
3670 3268 1594 2638 2532
3671 3868 2466 2643 1634
3672 3611 1727 3304 3009
3673 3562 3500 3509 1672
3674 3882 83 585 1196
3675 4142 1317 2096 819
3676 4363 2607 4361 4074
3677 1715 1401 1055 763
3678 2909 2436 2644 2110
3679 4115 67 2480 323
3680 2205 584 1309 1125
3681 3375 1314 2843 198
3682 4298 1476 1649 1200
3683 2101 1312 722 588
3684 2280 1172 1652 868
3685 4413 1629 4151 3019
3686 2848 2456 2768 2358
3687 1828 898 1756 794
3688 2862 1110 1107 279
3689 2282 632 941 295
3690 4416 1685 3930 2907
3691 3780 513 1185 1277
3692 4146 1811 2370 2154
3693 3805 2715 3036 2866
3694 4788 1871 4573 3120
3695 4454 3359 4022 1716
3696 4055 2686 3364 354
3697 1808 287 1681 564
3698 1850 1680 1690 1605
3699 4493 1816 4257 2570
3700 3909 1933 2878 1913
3701 2756 2308 2395 2116
3702 4664 3404 4550 1574
3703 4647 1978 3119 2633
3704 2053 1296 802 801
3705 4298 1649 3996 2948
3706 3548 1999 3192 1973
3707 4102 1674 2405 2344
3708 3600 2002 2695 372
3709 4019 2300 3943 2127
3710 3278 1834 2300 1963
3711 2954 2194 2419 1929
3712 3077 1597 1883 1505
3713 2240 1060 2228 328
3714 4356 3270 3325 1545
3715 4120 270 2706 2443
3716 3467 2575 3347 3189
3717 3918 1208 1670 1456
3718 3937 1744 3859 3313
3719 1600 68 451 1072
3720 1617 1168 356 1223
3721 3915 2229 3436 1242
3722 3558 3127 3280 2349
3723 4316 2936 3321 1892
3724 4237 629 3194 1662
3725 3613 680 2368 1576
3726 3704 2220 3544 3159
3727 3962 3529 3773 3663
3728 1491 172 744 473
3729 2915 2387 2500 2093
3730 172 478 798 901
3731 901 478 1149 1486
3732 1491 172 473 745
3733 2332 85 1925 1130
3734 3953 1591 3202 3048
3735 466 20 1108 890
3736 4175 3424 3642 2494
3737 4596 2943 3020 2997
3738 4155 2479 3376 1966
3739 4605 55 4063 1435
3740 1939 1565 1782 1595
3741 3247 1747 3034 2730
3742 4343 1551 2673 1530
3743 2917 38 568 1421
3744 3822 198 3375 2843
3745 2030 1557 2025 1519
3746 4005 1954 2726 2346
3747 4216 3399 3721 1741
3748 2794 695 1078 1087
3749 3741 2699 2984 2193
3750 4202 3083 3604 3128
3751 4645 1920 1937 1637
3752 3303 358 2089 1292
3753 2515 1523 2107 1806
3754 3614 2609 3372 3301
3755 4370 2535 3444 1904
3756 3658 2755 3638 2900
3757 2612 1715 1840 1612
3758 2923 1850 2749 1643
3759 2927 5 894 456
3760 4329 1220 1244 696
3761 4015 2348 2986 2182
3762 3116 2816 2956 2818
3763 1930 1221 356 1495
3764 4368 770 213 1492
3765 4478 3404 3541 3013
3766 3440 950 1455 739
3767 4572 2705 4218 2662
3768 4353 3896 3910 1356
3769 2684 2202 2504 1616
3770 756 1146 1457 32
3771 1974 587 284 1046
3772 1672 835 362 177
3773 2530 685 118 1288
3774 3439 2213 3346 3333
3775 3930 2526 2907 1685
3776 4738 3460 4510 3934
3777 919 473 1491 744
3778 3975 3603 3749 2917
3779 4042 1668 2236 1746
3780 3449 1322 560 1392
3781 2927 5 916 1198
3782 3967 2281 2890 1815
3783 3491 2703 2800 2331
3784 4532 4082 4226 2814
3785 4344 1942 3210 1795
3786 4452 2380 2608 1852
3787 2650 1708 2161 2119
3788 2027 612 1686 275
3789 2930 1816 2385 1525
3790 2830 2440 2709 2361
3791 4369 1353 1787 968
3792 4642 1536 3792 1899
3793 4475 3059 3434 1880
3794 4119 2384 3881 2132
3795 4772 3703 4597 3754
3796 4356 3998 4209 2451
3797 4421 2750 3287 1632
3798 4716 1845 4071 2770
3799 4428 3604 3717 1581
3800 3818 1729 2485 2379
3801 3537 3128 3206 2658
3802 3706 2123 3695 1802
3803 2539 2075 2522 2234
3804 1720 762 244 1035
3805 4595 1731 2993 1848
3806 3983 3801 3884 2821
3807 4309 3728 3845 3396
3808 4596 2442 2943 2572
3809 2297 115 514 411
3810 2278 524 1303 1085
3811 2431 1560 2369 2365
3812 3283 2312 2709 1755
3813 1700 1461 27 662
3814 4049 2127 3652 2717
3815 4051 2348 3015 2760
3816 4453 1982 2299 948
3817 2002 261 923 372
3818 4585 3677 4109 1847
3819 4644 2544 3295 3039
3820 3959 796 3948 1584
3821 3513 2092 3158 2922
3822 2881 1989 2640 2457
3823 4217 1509 3979 2567
3824 4250 3060 3392 2342
3825 2939 2200 2935 2852
3826 3627 3143 3584 3061
3827 4529 3074 3323 3199
3828 2620 1047 2608 2341
3829 3105 1786 2728 2387
3830 4127 1186 1304 987
3831 2782 1050 2333 1911
3832 3819 2029 2641 237
3833 3990 1992 2267 1552
3834 4076 1863 3650 3105
3835 2072 1356 486 1377
3836 2817 2033 2639 2574
3837 4429 2462 4143 2860
3838 4022 1716 2380 2233
3839 1720 1035 1441 875
3840 4096 2440 2920 2830
3841 4156 1140 505 1139
3842 2649 1587 2102 1718
3843 1735 1127 1128 287
3844 1600 1072 451 266
3845 3190 2450 2944 2898
3846 4615 2813 3368 1759
3847 2578 156 1442 726
3848 4265 722 2101 1312
3849 3216 1892 2425 2138
3850 3898 1552 3406 1996
3851 2034 685 65 261
3852 1735 1364 1128 1127
3853 4425 3037 3640 2700
3854 1984 505 298 714
3855 4394 2696 3564 3325
3856 4788 2355 3230 3120
3857 4241 2372 2423 1926
3858 3791 2351 2833 1719
3859 3528 1207 1974 1838
3860 4656 3697 3978 2176
3861 4343 2000 3026 1891
3862 4291 2525 2855 2296
3863 3391 2289 2361 1765
3864 4274 2408 3233 2057
3865 2637 1497 1577 56
3866 2085 67 500 1261
3867 4255 2697 3762 3596
3868 4581 3674 4347 2187
3869 4686 1844 4262 3276
3870 4484 2371 3080 2572
3871 2244 623 1317 1204
3872 2370 1507 2154 1949
3873 3721 3468 3646 2699
3874 2299 948 994 705
3875 4145 1929 4082 3409
3876 2154 1565 1949 1507
3877 3277 2184 2560 1545
3878 3812 2511 3653 2792
3879 4180 3525 4153 3524
3880 1794 1236 1422 1419
3881 3597 3287 3428 2643
3882 2047 819 394 88
3883 4536 1699 4303 3766
3884 3072 727 1691 297
3885 4679 2535 3444 1260
3886 4311 484 3419 2268
3887 2336 1082 1955 72
3888 2361 1765 2289 856
3889 1704 757 1168 1223
3890 4313 1624 3772 1767
3891 2566 1534 2165 1615
3892 4360 2201 3574 1845
3893 744 919 1170 1491
3894 3820 3360 3731 1796
3895 3643 1688 2724 884
3896 2058 545 1717 308
3897 1965 69 1829 498
3898 4349 2775 3633 3377
3899 1740 1681 1735 1126
3900 3929 3398 3790 2486
3901 3373 1310 3155 564
3902 3300 2026 3255 1726
3903 4187 1404 3111 702
3904 4799 3764 4743 4272
3905 4587 1372 753 511
3906 4697 2683 4475 4150
3907 3423 1544 2764 2163
3908 1867 1563 1652 1524
3909 2005 1540 1848 1696
3910 3237 2517 3191 3079
3911 3844 2103 3457 3362
3912 3103 2446 2669 2202
3913 4156 1984 3688 3068
3914 1654 794 222 1233
3915 4310 236 3885 2919
3916 4206 1476 814 1200
3917 1909 1433 51 368
3918 4506 1629 4413 2870
3919 2528 712 1745 1693
3920 4163 2041 3892 2681
3921 3762 1684 2547 1896
3922 1704 761 1185 1234
3923 4082 2580 3409 1929
3924 3954 2328 3216 1137
3925 1627 1067 1281 1256
3926 4646 2768 3256 1997
3927 3828 2331 2800 2789
3928 3249 1652 2160 1867
3929 1846 247 537 878
3930 4163 2111 3861 2681
3931 437 1372 489 180
3932 4588 3448 3681 2424
3933 2959 1744 2586 1903
3934 3482 1921 2362 2234
3935 3714 1842 3546 2721
3936 4512 1013 1915 567
3937 3479 3221 3263 1540
3938 1695 1096 251 1044
3939 2837 2092 2444 2281
3940 2499 1614 2216 2182
3941 1861 777 1479 1499
3942 1945 1357 1323 344
3943 4175 1721 3020 2210
3944 4814 3778 4813 4635
3945 3115 1570 2765 815
3946 625 400 1311 186
3947 4419 3131 4114 3445
3948 2748 1236 108 784
3949 2623 1178 175 880
3950 3002 1160 1079 601
3951 2351 1746 2253 1534
3952 3667 1554 1688 1600
3953 1704 1234 1221 761
3954 1704 1168 1617 1223
3955 2869 1549 2496 2290
3956 2782 634 2237 2177
3957 4156 3068 3395 1725
3958 4795 267 4722 834
3959 2164 517 1056 112
3960 1945 492 1215 352
3961 2663 2074 2145 1972
3962 3310 940 1206 621
3963 1876 224 397 1229
3964 2336 1082 72 434
3965 3925 2420 3635 3053
3966 4364 2822 3857 2286
3967 2647 154 722 1417
3968 4704 1539 2678 2264
3969 3458 2526 2689 2141
3970 4196 2945 3362 1762
3971 1881 191 372 924
3972 4633 1953 3876 2751
3973 4283 1651 2649 2458
3974 2005 158 1650 585
3975 4518 1023 1295 551
3976 3876 54 2616 1238
3977 3483 1749 3047 2147
3978 3989 1988 3951 376
3979 4103 1988 2576 1164
3980 2968 2070 2105 1630
3981 4525 4223 4393 4299
3982 2967 2078 2716 1697
3983 2814 2293 2746 1993
3984 4285 2213 3262 3237
3985 1955 1527 1841 1082
3986 4628 3714 3841 1842
3987 4135 1852 2926 2347
3988 1855 848 257 1415
3989 1153 1469 626 1226
3990 4426 2788 3252 2660
3991 4718 2552 4265 1780
3992 2968 1555 2105 2070
3993 3930 2689 3901 2097
3994 1616 242 799 442
3995 2969 1082 1841 1527
3996 4033 1279 409 1268
3997 3111 2024 2358 967
3998 3845 2114 3728 3338
3999 186 933 1153 626
4000 1960 1470 1189 717
4001 1756 719 1730 1191
4002 4561 3911 4184 3127
4003 1146 408 1316 32
4004 4075 1742 3767 1951
4005 1994 335 666 1133
4006 626 1226 1469 31
4007 1311 758 186 400
4008 1932 1280 927 670
4009 3841 1547 3802 3608
4010 2175 1478 1654 1233
4011 4531 3497 4392 2945
4012 4360 1975 3962 3285
4013 4687 3493 3849 3288
4014 2353 276 1987 1319
4015 186 400 1153 933
4016 1982 100 1567 948
4017 1891 1068 650 1395
4018 4792 2851 4278 1889
4019 4016 2228 2346 1736
4020 4749 2738 2857 2297
4021 2046 1096 417 144
4022 2832 68 1600 1072
4023 1146 408 1253 1319
4024 3229 1766 3185 3141
4025 2408 2057 2102 1587
4026 1840 926 1066 127
4027 1457 625 1316 1311
4028 2354 1565 2306 1883
4029 2844 1536 2763 2403
4030 4197 2453 3779 3473
4031 3820 2630 3530 2325
4032 4394 3156 3664 1579
4033 4111 1548 2731 1980
4034 1146 1319 1316 408
4035 3969 2763 3666 2961
4036 4596 3020 3699 2494
4037 1577 637 56 1497
4038 2977 1236 515 1446
4039 2552 1251 2432 723
4040 4545 75 1865 682
4041 3520 1330 3496 1358
4042 4561 3127 4184 3892
4043 1774 379 840 1157
4044 2630 1569 2492 715
4045 3556 2723 3111 319
4046 3863 631 2307 1935
4047 3125 1479 518 357
4048 2126 385 133 541
4049 1457 32 1316 625
4050 1457 32 1146 1316
4051 3983 3091 3541 3013
4052 3944 3079 3590 2651
4053 4589 2440 4118 1781
4054 4385 2523 2778 1542
4055 4048 1639 2776 2537
4056 3955 1855 1995 1833
4057 4499 2271 4277 1665
4058 4328 2919 4310 2652
4059 4324 2618 3996 1827
4060 2084 997 1078 982
4061 4461 2574 4220 2033
4062 4266 3016 4222 1927
4063 3781 2391 3335 1796
4064 4247 3961 4140 1601
4065 4364 3738 3979 3675
4066 114 1319 1253 408
4067 2988 2802 2858 1839
4068 2857 2297 2738 2133
4069 3752 10 1420 1424
4070 1502 756 183 1167
4071 3012 2309 2659 483
4072 4074 2076 3233 2742
4073 2992 2739 2751 2594
4074 1593 892 387 724
4075 409 1154 1187 114
4076 2675 2372 2423 608
4077 409 325 1187 1154
4078 2330 825 1703 1391
4079 4596 2442 3342 2496
4080 2388 1166 800 69
4081 2992 1709 2739 2594
4082 1700 1461 662 1252
4083 1932 281 927 1280
4084 2954 2020 2398 1513
4085 2993 1129 1017 583
4086 4496 1705 4484 3386
4087 2181 297 1691 654
4088 3114 1523 2946 2538
4089 4539 1518 3694 2502
4090 3970 2995 3217 2209
4091 3800 1569 2673 2477
4092 2354 1883 2306 1525
4093 2144 199 648 935
4094 1764 1044 1161 501
4095 3263 1290 673 906
4096 4086 636 2271 1360
4097 3922 944 1803 666
4098 4414 1827 3996 2618
4099 4666 1789 4021 3442
4100 2354 803 1883 693
4101 4044 1739 3916 3073
4102 682 114 1187 1154
4103 4585 1847 2835 2374
4104 4203 1355 2116 1471
4105 4386 1408 33 882
4106 4373 3433 4212 4168
4107 3773 2501 3587 2475
4108 3002 2066 2531 169
4109 3780 1605 1733 1690
4110 3822 198 2843 1211
4111 4030 2985 3547 3271
4112 2737 2004 2518 431
4113 2029 837 162 903
4114 3987 554 2862 1110
4115 1826 380 1183 337
4116 3715 1894 2577 1668
4117 4694 3209 4269 2199
4118 2297 1101 1738 115
4119 2062 828 1330 509
4120 4034 3195 3730 3161
4121 4034 2527 3914 2700
4122 409 1268 1279 36
4123 4777 2919 4622 1687
4124 2277 1256 1335 171
4125 4513 3004 3469 3363
4126 4296 3566 3706 2676
4127 3006 1521 465 1284
4128 4774 3671 4338 3848
4129 2027 902 932 75
4130 4760 3517 4530 3585
4131 4003 158 1321 706
4132 1779 958 332 949
4133 3589 2607 3478 3240
4134 4547 2904 3257 1590
4135 3256 2358 2768 318
4136 2936 999 2659 1892
4137 4416 2907 3930 3259
4138 4767 2056 2146 2142
4139 4578 3631 4473 3468
4140 3092 755 1446 1215
4141 4737 2076 2321 2316
4142 4001 1520 3611 2941
4143 4528 3046 3467 3422
4144 118 1288 419 1344
4145 3570 1754 3502 3130
4146 4592 2869 4095 2108
4147 4063 1843 2809 1162
4148 4658 3258 3987 3011
4149 4520 3330 3594 2059
4150 3744 2279 3737 2831
4151 2483 528 1125 958
4152 4049 3042 3662 2374
4153 4336 2425 4054 3078
4154 4267 1543 2600 2476
4155 4637 3830 3902 1431
4156 4366 3073 3393 1539
4157 4487 3478 4161 2220
4158 2256 51 1909 1433
4159 3374 1618 2415 294
4160 4386 33 432 882
4161 3462 2922 3089 2391
4162 4696 3138 4429 4341
4163 4176 7 2483 1900
4164 3913 3523 3660 3253
4165 4697 3963 4475 2683
4166 3502 2740 3113 1970
4167 3612 2313 3598 3426
4168 3983 3091 3345 1594
4169 4775 1755 3927 3165
4170 4499 1552 4277 3990
4171 3817 1886 2649 1677
4172 1694 1094 283 569
4173 4665 3786 3977 3871
4174 1861 1468 777 1499
4175 1861 1249 678 354
4176 4391 907 4206 430
4177 4679 1904 4090 2614
4178 4566 3672 4442 3552
4179 4166 2532 3480 1594
4180 2772 1588 2464 2208
4181 4542 1729 4075 4068
4182 1576 978 715 151
4183 2886 1056 2164 1916
4184 4001 2349 3558 3304
4185 3579 2045 3486 3372
4186 4331 2520 2883 1549
4187 4644 2544 3877 3294
4188 2025 199 935 896
4189 4427 3091 4019 2939
4190 2428 754 1682 1361
4191 4211 3639 3741 1878
4192 2528 1142 734 23
4193 3750 2880 3679 3405
4194 3328 2910 2916 1084
4195 2988 2194 2858 2802
4196 4754 3331 3736 2189
4197 2923 1850 2855 1605
4198 4049 3013 3700 3042
4199 1823 945 1423 946
4200 3026 579 2864 1551
4201 3743 2870 3019 2293
4202 4049 3042 3090 3013
4203 2271 1360 636 124
4204 3999 1607 2481 1803
4205 4585 2835 3677 2374
4206 3006 1284 748 1171
4207 2154 1308 1570 804
4208 2039 947 1627 992
4209 3825 745 300 1491
4210 4376 2941 2955 1717
4211 3948 2921 3740 1647
4212 3988 2253 2779 1712
4213 4788 2355 3761 3128
4214 3443 2480 3228 1560
4215 24 577 1302 929
4216 554 159 1102 730
4217 1615 1486 812 901
4218 1091 542 1080 1952
4219 3501 3034 3307 2392
4220 4219 1897 2438 1541
4221 2877 391 813 96
4222 3026 1551 2864 2673
4223 3031 578 2292 1020
4224 2804 860 1630 445
4225 1826 1071 1665 337
4226 1748 47 1012 603
4227 2864 978 862 579
4228 3969 2595 2722 1536
4229 4465 3924 4180 2546
4230 4116 446 1828 365
4231 2247 1850 1861 1617
4232 3104 1520 2839 2039
4233 4202 3230 3604 2845
4234 4400 1877 3030 2185
4235 3971 2563 3155 2391
4236 2717 1888 1963 1958
4237 4135 1057 2926 2332
4238 2216 2132 2185 1543
4239 4520 572 3594 3330
4240 4521 1890 2417 170
4241 2629 286 582 82
4242 4357 2655 3252 2003
4243 4687 3191 3620 3079
4244 3125 1003 2579 357
4245 3036 2785 2787 1941
4246 4575 2056 3947 2781
4247 2641 813 2029 1745
4248 3030 2006 2464 2223
4249 4552 2671 4185 2935
4250 2395 1177 1355 534
4251 4120 270 2519 1000
4252 4487 3478 4459 4161
4253 4088 2590 3486 3431
4254 4171 2274 4089 3713
4255 2529 1932 2071 670
4256 1602 839 277 1397
4257 3424 2997 3386 1613
4258 2596 833 265 497
4259 4801 3526 3649 2414
4260 1826 1071 1676 1665
4261 3897 2970 3177 1792
4262 3031 1020 1019 598
4263 3734 2843 3601 1630
4264 2566 661 2165 1811
4265 3612 3426 3490 2313
4266 4097 3219 3323 2489
4267 3217 226 2209 882
4268 4584 3660 4183 2404
4269 4265 2796 4259 1417
4270 4635 2568 3891 2635
4271 4722 1672 4276 835
4272 2370 1570 2154 1811
4273 3974 2849 3930 1685
4274 1900 7 1815 1309
4275 4317 2644 3377 2449
4276 3775 3335 3550 3537
4277 3121 1190 2280 1307
4278 4498 3279 3738 1537
4279 1558 956 957 510
4280 2209 882 226 934
4281 4737 2203 4667 2607
4282 4454 1926 2372 1716
4283 4094 2113 3401 2212
4284 4096 2850 3400 2260
4285 4636 2635 3891 1529
4286 3935 2201 3574 2402
4287 3738 1837 3557 3118
4288 2190 586 341 1082
4289 2639 1507 2478 2257
4290 2190 2116 2188 1955
4291 1724 1413 1180 747
4292 3657 1209 1241 424
4293 2338 936 1935 1225
4294 24 744 919 1170
4295 2104 339 1217 738
4296 3412 1992 3406 1552
4297 4752 1985 4481 3316
4298 4147 2117 3924 2077
4299 2577 1894 1957 1668
4300 3888 2461 3578 2975
4301 2395 1281 2069 130
4302 3076 953 2947 305
4303 4417 2525 3949 1843
4304 3808 1800 3117 1910
4305 4042 425 223 797
4306 4085 2434 3978 2602
4307 466 1110 853 890
4308 3680 1996 3543 3406
4309 4320 1804 3504 2584
4310 3122 2662 2701 2694
4311 4809 2776 4773 3765
4312 1800 782 1208 870
4313 3966 3426 3809 2866
4314 2582 1519 2030 1664
4315 2456 1058 964 545
4316 4805 4723 4763 2754
4317 4431 2229 3915 3050
4318 3740 2427 3613 2921
4319 3247 2748 3055 2972
4320 4306 1094 2715 128
4321 3109 1634 2323 2315
4322 4541 1620 2435 1119
4323 4628 3784 3841 3106
4324 3989 841 376 195
4325 3601 2036 2923 1635
4326 2456 53 2225 545
4327 3805 1282 2677 264
4328 2530 118 1192 1344
4329 3898 1992 3412 1552
4330 4007 1087 410 1106
4331 2899 177 615 1450
4332 4617 2059 2763 2230
4333 3937 3313 3859 3475
4334 1086 577 1428 150
4335 3899 3009 3838 1623
4336 1582 1416 1287 348
4337 4678 2578 4171 2807
4338 4346 2634 4345 2858
4339 4403 2591 2975 2748
4340 3684 1959 2479 1647
4341 1808 564 1134 287
4342 2730 2662 2701 2506
4343 1960 250 914 915
4344 3461 1728 3320 2609
4345 2227 1201 810 233
4346 4560 1503 4477 752
4347 1895 465 1887 1521
4348 1760 603 1010 1365
4349 1615 1149 223 1209
4350 4019 2300 2929 1574
4351 4540 4301 4506 4413
4352 3401 246 1038 455
4353 2998 2625 2931 1351
4354 4603 3355 3992 1548
4355 2528 712 734 1142
4356 3203 808 231 895
4357 3820 2325 3731 3339
4358 4382 2371 2943 2572
4359 3244 150 1428 714
4360 4425 3939 4251 3941
4361 3844 2669 3168 2446
4362 4126 447 4111 2974
4363 4132 3023 4065 190
4364 3812 1759 3807 3094
4365 1731 955 210 1290
4366 4788 3230 4224 1871
4367 4645 2456 2955 2058
4368 2419 1513 2362 2223
4369 1108 890 20 1336
4370 4596 2997 3342 2572
4371 2297 1738 2170 115
4372 3771 2762 3717 3425
4373 3026 2477 2488 2000
4374 3464 3261 3413 3329
4375 4155 2310 3675 1537
4376 2716 1542 2381 1697
4377 2117 42 2077 1251
4378 3820 1796 3530 2563
4379 2227 381 810 1201
4380 4448 4413 4443 2261
4381 576 435 1375 150
4382 20 890 644 1336
4383 3554 2391 3373 2563
4384 1576 715 971 151
4385 19 888 556 1114
4386 2403 1947 2029 1734
4387 4366 4036 4107 3911
4388 3895 2690 2741 1605
4389 2760 2128 2205 1812
4390 3950 1830 3553 2386
4391 3130 1522 2458 1774
4392 3916 1812 2837 1739
4393 4696 2958 4143 2819
4394 4772 3033 3424 2759
4395 1652 1172 788 1427
4396 3866 1807 2871 1611
4397 1666 1491 300 1170
4398 1666 1491 919 473
4399 4772 2060 4029 2759
4400 576 1336 1108 20
4401 3430 1895 1521 1284
4402 2628 1671 1724 1610
4403 4742 1368 146 429
4404 3186 1958 1963 1888
4405 3789 348 1582 1287
4406 3689 1544 2163 1931
4407 3689 1931 2163 1539
4408 2190 1082 1841 586
4409 2136 1294 1396 418
4410 3828 2789 2800 2501
4411 4169 2559 3442 3333
4412 1797 642 1498 39
4413 2660 2250 2457 2430
4414 1805 1367 559 1363
4415 3594 1089 3330 572
4416 3776 1742 3281 2540
4417 2226 1116 2008 470
4418 3887 1350 1517 1272
4419 2796 84 2285 749
4420 2637 1577 2396 56
4421 3815 3161 3195 2037
4422 1987 276 1316 1319
4423 3689 1572 1931 1539
4424 4502 2016 3303 787
4425 4153 3524 3525 3446
4426 4555 2139 2555 1834
4427 4095 2183 3791 1549
4428 4006 1027 3031 2363
4429 4431 1517 3050 2981
4430 2719 1400 521 1212
4431 3258 2328 3141 3011
4432 3689 1572 2163 1349
4433 3966 2866 3036 1941
4434 4319 1612 3117 2125
4435 4557 1623 4420 4045
4436 2190 1213 2188 2116
4437 3427 430 2399 1476
4438 3600 2136 2729 1682
4439 4633 2889 3876 1953
4440 2886 612 2027 1914
4441 2593 1659 1821 1626
4442 3419 987 495 49
4443 3356 2803 2947 1674
4444 4814 3891 4813 4636
4445 3594 1089 983 330
4446 4188 2329 3674 3510
4447 2541 1667 2441 1991
4448 2491 398 2385 1390
4449 1828 365 1756 1730
4450 1650 1240 585 158
4451 1829 268 498 69
4452 3221 1544 2264 1824
4453 3187 1163 3012 2138
4454 3908 1818 3137 2687
4455 2659 999 1098 462
4456 3359 1714 2885 2380
4457 3857 1545 3277 2743
4458 1103 41 1203 730
4459 4322 2790 3883 3340
4460 1886 1403 1677 375
4461 4201 1070 3881 1671
4462 2993 482 1655 1017
4463 2098 566 146 1368
4464 4412 2256 3081 1580
4465 1582 1452 1416 348
4466 4117 1706 3177 2970
4467 2623 1178 2082 789
4468 3234 1718 2458 1522
4469 3856 663 46 1369
4470 2388 390 800 1166
4471 4217 2410 3979 3053
4472 2134 411 568 1100
4473 3716 2892 3137 1818
4474 3504 2349 3280 1526
4475 4576 3206 4217 3053
4476 2030 716 647 1170
4477 2866 2715 2785 2068
4478 3642 2401 3084 2645
4479 3092 1446 1772 1215
4480 3789 1462 1287 311
4481 2306 2022 2275 1505
4482 3938 965 3499 2212
4483 4280 2342 4250 3392
4484 4358 1551 2905 2820
4485 3789 786 1814 1652
4486 3780 353 1817 1185
4487 4331 1625 2263 1745
4488 4441 1999 4125 2534
4489 2915 487 2728 2298
4490 4646 665 2965 57
4491 2038 1908 2024 1614
4492 1022 1098 599 41
4493 4555 2086 2180 2139
4494 3982 2003 3252 2655
4495 4239 2373 3913 3794
4496 1994 287 1134 1127
4497 2306 2022 2272 1775
4498 4170 1229 1145 224
4499 4578 2846 3639 3587
4500 2037 1432 1205 217
4501 1982 303 100 948
4502 4563 1554 3593 2661
4503 2408 559 1805 1651
4504 3466 3071 3365 1849
4505 3724 3235 3460 2001
4506 2581 1275 1088 416
4507 1764 1044 251 1161
4508 3999 2195 3971 3952
4509 3047 1658 2149 1958
4510 3915 1242 3050 2229
4511 3203 683 2668 808
4512 1662 629 923 908
4513 4034 2026 3195 1726
4514 4368 1597 3077 1703
4515 3050 1350 136 549
4516 4417 2525 4165 2296
4517 1820 235 364 1420
4518 4611 3708 3784 2420
4519 4489 496 4064 718
4520 4241 1926 2111 1608
4521 2892 1011 493 259
4522 3169 1785 3025 2485
4523 4534 2885 4037 2473
4524 2356 814 2047 1649
4525 4303 2898 2962 2249
4526 4086 2271 3018 1599
4527 2830 1765 2361 2080
4528 2281 1815 2205 1812
4529 3983 3404 3944 3901
4530 3770 2246 2654 1606
4531 4802 2817 2876 2143
4532 4513 1722 3469 3004
4533 1523 278 684 77
4534 4677 3118 3747 3407
4535 4495 2633 3383 3119
4536 4444 1874 3188 2981
4537 2923 1643 2749 2036
4538 4087 836 3435 1383
4539 2986 2182 2901 2499
4540 3620 2517 3590 3079
4541 2899 177 847 615
4542 4037 3768 3802 2783
4543 3057 106 2065 1034
4544 1584 1496 627 293
4545 3076 954 953 305
4546 4480 1504 3312 2808
4547 3453 1980 2703 2301
4548 3974 3567 3766 3259
4549 3610 2509 3583 2795
4550 4458 3340 4379 3334
4551 1841 1345 211 586
4552 2181 1189 1960 297
4553 2581 1232 1088 39
4554 4602 1036 2879 1009
4555 3060 2179 2818 2816
4556 4630 2447 3255 1541
4557 3644 1785 3299 2172
4558 1939 1595 1686 1505
4559 2500 2093 2363 2298
4560 2593 1981 2061 1054
4561 4547 1590 3523 3085
4562 3121 1197 2508 724
4563 3895 2741 2991 1605
4564 3170 1555 2938 2663
4565 2612 1066 1840 926
4566 2773 1877 2269 1900
4567 4053 670 700 989
4568 4435 3742 4017 2906
4569 2910 279 1107 435
4570 2990 520 1005 121
4571 3187 2138 3032 2425
4572 4201 2132 3881 2384
4573 4654 3044 4066 2621
4574 3678 2854 3558 3218
4575 2709 2080 2361 1781
4576 2369 1361 792 67
4577 4106 601 1801 86
4578 167 1020 578 598
4579 3419 484 495 987
4580 2025 896 1557 647
4581 475 167 1063 599
4582 3734 1467 938 1314
4583 1686 1226 1153 933
4584 4233 3154 3707 3446
4585 3590 1847 3516 2835
4586 475 578 1063 167
4587 3114 1515 2934 2035
4588 4332 2870 4301 3218
4589 2654 2445 2453 1781
4590 2046 1044 1764 1644
4591 4467 694 320 906
4592 2830 1765 2624 2361
4593 3687 3398 3455 2406
4594 2692 1514 2388 1570
4595 3359 1859 3097 2885
4596 1893 580 973 321
4597 2278 1303 1902 23
4598 2175 1467 645 1478
4599 3160 2274 3103 2674
4600 3835 2513 2594 1678
4601 3202 1602 3048 1591
4602 1893 743 1783 303
4603 1893 743 303 1324
4604 3150 1323 1945 1411
4605 3066 1725 2285 84
4606 3981 1696 3291 1546
4607 2778 1542 2716 2052
4608 4556 3116 3890 2151
4609 1592 805 1255 369
4610 3700 2127 2939 2603
4611 3736 1985 3418 2502
4612 2904 2059 2376 2278
4613 2350 1559 2259 1584
4614 4253 499 4104 1498
4615 3444 637 1315 192
4616 2500 2298 2363 2054
4617 4608 3760 4211 3110
4618 3690 2562 2710 1722
4619 3809 2043 3441 3353
4620 1956 1383 1339 592
4621 2687 2312 2387 1791
4622 1825 825 824 239
4623 3209 2694 3096 2366
4624 3343 2103 3174 2718
4625 3927 3360 3802 3784
4626 4472 1371 2620 2341
4627 2428 1261 754 67
4628 4092 3284 3302 1975
4629 2309 41 1103 462
4630 3144 1725 2862 1984
4631 4530 3126 3585 2238
4632 2519 1430 349 361
4633 2680 2188 858 315
4634 1731 955 307 510
4635 2893 1732 2842 2531
4636 4538 1962 4159 1663
4637 4599 2968 4099 2666
4638 3484 2557 3363 1906
4639 4470 2542 3075 2638
4640 4558 2092 2890 2444
4641 4553 3338 4309 2439
4642 4092 1975 3773 2304
4643 2891 1910 2612 1612
4644 4128 1237 1900 942
4645 1720 1399 244 762
4646 3075 2023 2646 2537
4647 4277 1552 3406 1992
4648 3642 2645 3084 1566
4649 2021 785 777 1480
4650 3984 1909 2779 1583
4651 4091 2211 2377 1625
4652 2833 2183 2290 1957
4653 4673 816 3984 1909
4654 4114 2301 2974 57
4655 4055 1490 2579 867
4656 2764 1544 2264 1539
4657 2333 2126 2294 541
4658 3643 884 2724 2226
4659 3012 1022 1033 483
4660 2353 781 1187 1253
4661 3435 73 474 547
4662 3689 1931 3676 1544
4663 3322 2156 3273 3167
4664 4446 3192 4445 2437
4665 4330 3036 3805 2787
4666 4737 4363 4667 2203
4667 3792 1536 3691 3107
4668 4154 1035 1720 875
4669 4146 1507 3545 2154
4670 4526 2812 3629 2755
4671 1637 995 546 1065
4672 3184 1962 2604 1715
4673 2323 823 2315 238
4674 2039 508 100 947
4675 1777 379 1774 141
4676 2385 1390 825 239
4677 4759 3038 4299 2656
4678 3613 2368 2589 1576
4679 4569 2073 2716 2381
4680 4094 1090 2133 1952
4681 3993 2375 3474 1647
4682 3081 1909 2256 51
4683 2146 1219 1797 642
4684 4105 2591 3390 1918
4685 3667 3566 3588 1688
4686 4556 2207 3890 3116
4687 4569 2778 3592 1873
4688 4256 2795 3382 2876
4689 4054 1708 2611 2302
4690 1994 1381 1735 1127
4691 4501 1660 3232 2944
4692 3644 2548 2738 2601
4693 2773 202 1691 727
4694 4487 1718 4459 3478
4695 1740 1128 174 482
4696 2273 1567 2019 1862
4697 3081 2200 2532 1580
4698 3242 2896 2967 1792
4699 4791 1578 4114 3256
4700 3731 1924 3165 2827
4701 2237 1265 1911 404
4702 2509 2478 2491 1700
4703 4478 2564 3042 3013
4704 1733 317 1707 1434
4705 3930 2689 2907 2526
4706 3922 666 1994 1445
4707 4513 3363 3410 2793
4708 1998 609 594 285
4709 2165 1308 661 1481
4710 2717 1888 2300 1963
4711 4608 3741 3963 2197
4712 4008 3514 3644 2823
4713 3084 1566 3032 2268
4714 4266 2647 4016 2101
4715 1828 1259 1654 222
4716 3752 1334 10 1424
4717 2749 1617 2021 1850
4718 2877 391 2641 813
4719 3960 2017 3490 2785
4720 3374 294 1317 623
4721 1686 1273 275 612
4722 3115 1811 2370 1712
4723 2661 1006 1073 266
4724 3470 1315 3444 637
4725 3919 1232 2622 2581
4726 4604 2271 4239 1599
4727 3559 2849 3345 2821
4728 2528 1902 2377 1625
4729 1720 921 1589 452
4730 2824 158 2005 585
4731 4461 2033 3673 3610
4732 4541 1620 4382 2435
4733 3998 2564 3677 2374
4734 3785 1628 2769 2319
4735 2814 1629 2746 2293
4736 1632 457 166 595
4737 3654 2508 3121 1563
4738 4018 1836 3430 1977
4739 4426 1555 4077 2788
4740 3271 1862 2839 1520
4741 4311 2879 3419 495
4742 4284 333 1303 524
4743 1894 425 1855 1668
4744 3614 2609 3431 3372
4745 3574 3172 3302 1975
4746 4239 1725 3395 2285
4747 2300 1834 2139 1963
4748 4390 2202 2669 2231
4749 4628 3106 3841 3714
4750 2859 2133 2170 1952
4751 2980 1779 2426 332
4752 2528 712 1693 734
4753 2637 1819 2396 1564
4754 2528 648 1142 23
4755 4778 2533 4516 3719
4756 3988 2351 3348 1719
4757 3906 3074 3871 3261
4758 4476 2112 3865 388
4759 4721 870 3918 930
4760 3530 2563 3485 1112
4761 556 1002 1114 888
4762 4057 2231 2940 2202
4763 2612 873 874 926
4764 1943 738 165 1194
4765 2914 1611 2856 1771
4766 3453 829 2301 560
4767 2122 1021 201 652
4768 1914 112 612 1266
4769 3815 3150 3730 3161
4770 3843 2460 2867 2800
4771 3661 2615 3311 2855
4772 2412 1429 874 873
4773 3216 2309 3012 1983
4774 1928 112 1914 404
4775 556 1002 888 1015
4776 1577 1477 56 637
4777 556 1015 140 1002
4778 3952 2121 3864 2783
4779 4233 3059 3297 2192
4780 3661 1913 2615 1589
4781 3588 382 129 1073
4782 4548 3372 4439 3301
4783 4746 2099 4444 3695
4784 1666 1491 1170 919
4785 2915 2093 2500 2298
4786 1897 369 187 1216
4787 1704 757 1680 1168
4788 4111 1548 3575 1777
4789 4329 2787 3960 2186
4790 1909 368 816 1433
4791 4247 1924 3880 2589
4792 3405 2135 2880 2537
4793 4266 2826 4174 1736
4794 4563 1274 563 1045
4795 3151 1638 2204 1775
4796 2030 647 2025 1557
4797 2063 321 973 1176
4798 4478 3404 3944 3541
4799 2894 859 2137 1643
4800 2661 1006 1688 1073
4801 2173 468 837 903
4802 4007 2485 3169 2170
4803 4628 3546 3714 1842
4804 4628 1842 3608 2697
4805 140 392 555 1122
4806 4039 1076 1807 329
4807 1901 378 863 241
4808 3913 3660 3794 2373
4809 3927 3784 3802 2783
4810 2943 2572 2582 2157
4811 4519 3204 4289 4195
4812 4727 1804 2756 2308
4813 1828 365 222 794
4814 4414 2031 4083 3062
4815 2191 54 966 925
4816 3151 2015 2204 1529
4817 4147 2432 4054 1766
4818 4506 2198 4334 4107
4819 4402 1822 3461 1728
4820 4808 3207 4552 2737
4821 3626 2822 3493 1509
4822 4518 1942 4344 2976
4823 4547 1902 4284 2144
4824 2285 337 1665 1071
4825 1930 1617 1861 777
4826 2893 1550 2531 2382
4827 4423 1517 3050 549
4828 4447 3193 3307 3112
4829 19 643 1183 1348
4830 1992 1360 124 523
4831 2032 344 99 750
4832 3153 2083 2713 1635
4833 4113 694 1300 1263
4834 2334 389 26 1393
4835 3827 1077 1395 1385
4836 2482 1505 1883 1597
4837 3015 1812 2760 1586
4838 4518 136 4423 3050
4839 4424 1329 4421 2469
4840 3397 1299 2528 1142
4841 4096 2260 3400 2382
4842 4568 2591 4105 1918
4843 4685 1674 2957 2524
4844 3536 1515 2934 1806
4845 2794 1078 1729 34
4846 2158 95 1867 793
4847 1686 933 1595 932
4848 2104 86 339 738
4849 1988 56 1577 1477
4850 4520 2810 3330 2376
4851 4484 1455 972 689
4852 3628 2019 3515 1727
4853 4335 335 990 610
4854 2547 46 1896 1407
4855 2923 2036 2749 1680
4856 2161 1801 2104 86
4857 4085 206 843 821
4858 4387 1851 3605 2998
4859 1939 1514 1782 1565
4860 3666 2059 3594 3330
4861 3408 1874 2122 1942
4862 4425 2224 2743 2588
4863 2593 1052 2061 1659
4864 2681 1727 2273 2222
4865 4164 1191 3072 1730
4866 1937 995 1637 1065
4867 3647 3017 3439 1631
4868 3553 3488 3496 1923
4869 4624 2670 3832 3454
4870 4003 2005 2205 1812
4871 2000 326 1075 520
4872 3140 2624 2830 1765
4873 4069 1619 3286 2248
4874 1935 1225 1465 296
4875 4038 720 1790 22
4876 3657 1712 3115 1241
4877 2273 1520 2039 1567
4878 3943 2939 3700 2127
4879 3537 2873 3335 1796
4880 4288 596 1449 459
4881 3964 3499 3938 965
4882 4059 1843 2663 2074
4883 3101 689 1787 1353
4884 4794 4223 4720 4098
4885 3076 305 2682 954
4886 4236 1664 2030 199
4887 4522 1761 4157 4050
4888 3883 2283 3340 3334
4889 3111 967 702 1404
4890 3719 2533 3326 3250
4891 4354 1796 3820 3731
4892 2264 1931 2148 1539
4893 4377 1543 2840 1776
4894 4376 2955 4001 3678
4895 4463 2091 3796 1989
4896 4356 3087 3584 2696
4897 2688 2085 2265 1751
4898 3962 2846 3773 2304
4899 4392 3586 4196 3124
4900 3684 423 3222 2921
4901 3304 2681 3280 3127
4902 4391 430 522 123
4903 2904 2278 2376 1590
4904 2604 1401 763 195
4905 4029 2401 3946 3086
4906 3104 1979 2839 1520
4907 4055 357 3125 2579
4908 2229 1350 746 1242
4909 3178 341 2190 2116
4910 4582 3298 4407 1685
4911 4228 2738 3540 2857
4912 4571 1906 3811 3182
4913 3375 1630 2968 2843
4914 2409 2233 2332 1852
4915 4745 2554 3567 1905
4916 4179 3147 4136 2672
4917 1883 803 1565 693
4918 2071 721 1792 334
4919 4027 1712 1811 1534
4920 4379 3340 3670 3334
4921 3761 1657 3577 3309
4922 1584 1235 1496 293
4923 4503 1874 3188 2676
4924 2957 2344 2405 1674
4925 3540 2133 2859 2113
4926 3432 1010 3213 1925
4927 2448 1833 2094 1995
4928 4266 3016 3995 2647
4929 2524 1701 2336 1976
4930 4522 3578 4050 2701
4931 4364 2822 3979 1837
4932 4207 3266 3410 3099
4933 2620 1369 46 609
4934 4593 3439 3703 3682
4935 3394 767 2340 2062
4936 3603 2134 2917 38
4937 3482 2185 3290 2362
4938 3494 2681 3304 2854
4939 3863 676 296 1193
4940 3755 3406 3412 1992
4941 1740 1126 1735 287
4942 3494 3189 3467 3167
4943 1584 939 1235 293
4944 4428 1581 4263 4047
4945 4721 930 1800 870
4946 2080 1222 856 621
4947 3593 2046 2661 1600
4948 3827 1245 1143 1077
4949 1632 595 239 457
4950 4351 3238 3399 2945
4951 4059 1689 2525 2057
4952 4147 2077 2432 1251
4953 4176 701 2426 958
4954 2164 254 1056 517
4955 4670 3009 3678 2854
4956 1869 64 607 1062
4957 1937 995 1065 262
4958 3420 2342 2557 1906
4959 4483 3135 4365 2242
4960 2306 1565 1939 1505
4961 2899 1439 1702 1450
4962 4726 1957 2883 1549
4963 3769 1457 1987 345
4964 4570 2542 3461 2835
4965 4338 3595 3991 2220
4966 4598 3200 4097 3323
4967 4709 2144 2825 1664
4968 4741 2118 4384 3996
4969 2970 1873 2463 2073
4970 4219 369 2438 1897
4971 4072 2128 3479 2947
4972 2423 1748 2163 47
4973 4336 1566 3185 2425
4974 3749 2134 3609 2917
4975 1746 1415 120 1209
4976 4600 2026 3249 2160
4977 3753 2900 3669 3638
4978 2810 525 282 1195
4979 4627 1015 3755 1002
4980 3977 3347 3871 3786
4981 4016 1996 2346 2228
4982 3933 3473 3650 1863
4983 3908 3086 3732 2645
4984 3071 517 1059 1074
4985 3866 2856 3435 3095
4986 3268 2671 3207 2935
4987 3556 1907 2723 58
4988 3705 3159 3544 2220
4989 1955 747 72 341
4990 3755 1015 888 1002
4991 2290 1957 2183 1549
4992 4734 3179 3979 2422
4993 1867 1318 95 788
4994 4779 3891 4553 2114
4995 2894 869 316 785
4996 3049 2527 3037 2588
4997 3833 1464 2415 449
4998 3593 2046 3014 1644
4999 3794 1508 3660 2404
5000 3867 251 2307 1695
5001 1724 327 1671 1180
5002 4492 1813 3385 2962
5003 3999 1808 3155 161
5004 4514 2335 4073 3063
5005 4510 2331 3377 3145
5006 4179 2672 4136 2774
5007 4312 1573 2363 1869
5008 4083 2451 3998 3062
5009 4777 904 2919 97
5010 2801 1511 2734 2515
5011 2832 1600 1688 1072
5012 3126 1531 2967 2716
5013 3914 1761 3045 2465
5014 2780 824 2315 1825
5015 3895 2923 3170 2690
5016 2350 1501 9 1231
5017 4360 1845 3172 2342
5018 3758 2172 3005 2958
5019 3157 2625 2733 1602
5020 2661 1073 1688 266
5021 3933 3105 3782 2498
5022 3394 767 2062 205
5023 4489 3140 4348 3910
5024 3528 1285 284 1124
5025 4265 1780 2552 2101
5026 3943 2127 3652 2603
5027 3115 1241 800 815
5028 4451 2162 4433 3245
5029 3430 937 1284 157
5030 2508 724 1197 806
5031 4280 3285 3420 1679
5032 3036 1941 2866 2785
5033 4546 3954 3987 3011
5034 2840 2132 2476 1543
5035 2109 1342 306 1373
5036 3122 2471 2881 2694
5037 1808 287 1735 1681
5038 3768 2473 2885 1859
5039 4233 3059 3810 1810
5040 4469 2137 2666 2105
5041 1633 325 1187 1210
5042 2063 303 1646 581
5043 3769 345 1987 1782
5044 4392 2867 3843 1564
5045 2495 1914 2275 2272
5046 3546 2012 2721 1831
5047 2354 854 803 693
5048 3771 1859 3768 2885
5049 2354 1252 854 1461
5050 2838 2672 2774 2741
5051 1822 1337 831 60
5052 3774 3647 3699 2494
5053 1764 1556 1695 1644
5054 1707 1286 772 1434
5055 4667 3595 4025 3589
5056 1955 341 72 1082
5057 4693 2490 4137 2218
5058 3776 249 3281 1742
5059 3287 2469 2486 2359
5060 1869 1062 607 1033
5061 4674 2148 3916 1812
5062 3629 1744 3519 3094
5063 4784 3899 4670 4375
5064 3386 2371 2997 1648
5065 4494 2565 3383 3119
5066 2488 70 326 733
5067 1895 937 1109 465
5068 3876 1238 2616 2513
5069 1895 18 1109 531
5070 4325 2253 3955 687
5071 3593 1600 2661 1554
5072 3106 1791 2312 2295
5073 2272 1768 1939 1775
5074 4399 920 4186 2953
5075 4522 4050 4157 3492
5076 2030 1519 2025 1664
5077 4598 3200 3724 2001
5078 4412 3268 4101 2258
5079 4207 3358 3469 2670
5080 2297 115 2170 514
5081 4129 2069 2798 2395
5082 2726 2346 2561 1991
5083 2378 1874 2122 1922
5084 4643 2219 3919 2042
5085 4504 2386 3950 2549
5086 1670 212 699 897
5087 4611 3784 4026 2420
5088 4417 1008 518 790
5089 2277 1324 171 743
5090 1986 1835 1875 1511
5091 2408 1403 1886 374
5092 3734 860 2137 316
5093 4659 3023 3327 2282
5094 1817 1690 1704 1680
5095 1817 1680 1704 757
5096 3972 439 1891 1551
5097 2529 334 1792 721
5098 4564 2099 3436 1644
5099 3863 1935 3251 296
5100 2936 999 996 292
5101 1704 1223 1221 185
5102 1704 1223 185 1214
5103 1704 185 1221 1234
5104 4092 3284 3878 3302
5105 2027 75 1768 902
5106 3441 2677 3036 2866
5107 1841 1213 675 858
5108 3990 124 2267 1992
5109 3796 2430 2457 2207
5110 3408 581 2063 1646
5111 4720 4571 4695 2861
5112 3107 1947 2403 2124
5113 2412 1401 1001 782
5114 1704 1214 185 1234
5115 3659 389 2334 1393
5116 3782 2295 3692 3650
5117 2615 1589 1913 1835
5118 2737 2288 2518 1919
5119 3570 3130 3502 2740
5120 3277 2217 3062 1966
5121 4552 2737 3207 1919
5122 4343 1891 3026 1551
5123 2333 1059 2294 1928
5124 3550 3360 3537 1796
5125 4313 99 2032 344
5126 4476 2838 3394 2083
5127 2815 1870 1974 1046
5128 3321 1801 2936 1573
5129 4282 2545 3843 3587
5130 3464 3329 3413 3378
5131 2744 1675 2626 1724
5132 4244 3370 4225 3403
5133 3964 965 3938 117
5134 4784 4375 4670 4062
5135 3063 1687 2850 2343
5136 2150 1266 2027 902
5137 3028 1621 2582 2030
5138 4237 1713 3723 3194
5139 2030 1170 1666 716
5140 2965 1392 57 665
5141 4105 1421 2917 568
5142 3809 2441 3441 2043
5143 4736 2807 4707 4359
5144 1894 1833 1855 848
5145 1894 63 1410 848
5146 4663 1813 4012 3646
5147 4070 1533 2369 2365
5148 3865 2655 3735 2003
5149 2888 464 80 850
5150 4105 1763 2693 2591
5151 4013 1569 3788 3339
5152 3785 2493 2769 1628
5153 3617 3501 3609 1747
5154 2240 1060 328 731
5155 1894 63 848 425
5156 3890 2457 3796 1989
5157 2675 1349 1572 1354
5158 1703 825 213 1391
5159 3355 2703 3131 2789
5160 2855 1605 1850 1690
5161 2967 1697 2610 2078
5162 4351 2945 3457 3362
5163 2729 1682 2136 340
5164 2002 908 923 65
5165 4601 3054 3787 3298
5166 1652 1427 1462 868
5167 2027 612 902 1266
5168 2484 1743 2153 1752
5169 3975 1571 3317 1835
5170 4123 2710 3690 2562
5171 1815 1125 1309 7
5172 3546 1831 2842 2012
5173 4541 178 4186 3028
5174 4333 268 1829 69
5175 4694 2841 3534 2250
5176 4449 1827 4324 3996
5177 2095 895 830 143
5178 4195 2601 3671 3526
5179 4029 3086 3732 3349
5180 4281 3995 4016 1996
5181 4267 1671 4201 2132
5182 1707 317 1698 1286
5183 3780 353 3198 1817
5184 4488 2364 4388 1912
5185 4463 2761 3381 2199
5186 3601 1643 2894 2137
5187 3063 2000 2488 2477
5188 2104 1217 1708 738
5189 3613 1702 2921 1439
5190 1832 1293 922 1288
5191 4562 440 2294 1074
5192 4693 2898 4137 2944
5193 4029 2401 2759 2060
5194 4194 2852 3498 2431
5195 3043 1516 2650 2119
5196 4612 2583 3793 3389
5197 2915 2298 2728 2093
5198 3970 1400 2719 1212
5199 3575 2076 2569 1578
5200 2027 1595 1768 932
5201 4319 1401 2412 1715
5202 1867 788 1652 1563
5203 4220 2574 2639 2033
5204 1891 269 439 1068
5205 3973 1730 3482 1596
5206 4626 2290 4496 2572
5207 1681 564 1126 1313
5208 4378 1791 2687 2387
5209 4112 1991 3797 2561
5210 3484 2329 2770 1906
5211 3796 2430 2660 2457
5212 2116 1471 1355 1213
5213 3252 2522 2539 1936
5214 2102 1689 2057 1886
5215 2530 1192 754 1344
5216 2581 39 1088 1275
5217 3249 95 649 1437
5218 3853 2169 2617 1707
5219 4625 1885 3832 3564
5220 2717 1958 1963 1658
5221 3321 1892 2936 2659
5222 3001 1743 2386 2087
5223 1918 1007 568 246
5224 2265 2139 2149 1658
5225 2014 473 258 797
5226 3842 2841 2931 2625
5227 3842 2549 3531 2774
5228 4428 3264 3746 3164
5229 4324 1585 2356 2235
5230 4231 3045 3888 3799
5231 4107 2747 3513 3425
5232 4123 2586 2710 1789
5233 4201 2132 2384 2050
5234 3798 2544 2813 2707
5235 3575 2569 3355 1980
5236 4103 1777 3130 2115
5237 1982 1783 1862 1567
5238 2117 1014 1969 593
5239 2977 1236 2748 1794
5240 4495 1092 3383 2633
5241 4443 2747 3911 3015
5242 3763 1831 2241 1998
5243 3422 2255 3347 3261
5244 4298 1619 3996 2618
5245 4793 725 1262 1137
5246 2953 63 1668 797
5247 1987 1311 1316 400
5248 3773 1878 3587 2501
5249 119 1451 1283 2259
5250 4395 3125 4055 1861
5251 4568 2392 3609 2917
5252 3823 2949 3366 2018
5253 1939 1514 1775 1768
5254 2551 1556 2381 2307
5255 2298 1269 179 487
5256 4548 3346 4169 3349
5257 3789 2160 3108 1582
5258 3680 2561 2726 1996
5259 2592 1995 2049 1580
5260 1986 1806 1858 1645
5261 4698 1679 4460 2909
5262 4603 2754 3992 3293
5263 3374 617 2096 1317
5264 2178 1775 1949 1514
5265 4492 1813 4168 3962
5266 2396 1577 1988 56
5267 3888 1624 3799 3045
5268 4450 1545 3325 3270
5269 1841 211 675 1213
5270 4381 2989 4052 3011
5271 2612 872 1910 433
5272 2809 1561 2663 1843
5273 4480 2156 2594 2585
5274 2830 2361 2624 2440
5275 3556 1642 2723 2020
5276 4163 3726 3892 3296
5277 4656 1626 3868 1609
5278 4645 1637 1937 995
5279 3803 943 945 664
5280 2077 1251 42 593
5281 4566 3180 3974 3766
5282 2211 1745 2029 1693
5283 2211 1734 2029 1745
5284 2066 1257 742 1160
5285 3908 3349 3732 3086
5286 4756 326 2000 520
5287 3570 3124 3511 1970
5288 3188 470 2008 1426
5289 3814 2792 2863 1784
5290 2271 124 1992 1360
5291 3688 890 1305 227
5292 3804 2016 2147 2090
5293 2294 1074 1059 1025
5294 3420 1845 3285 2342
5295 4660 1752 3994 1923
5296 4112 2043 2437 1838
5297 4082 2151 3409 2632
5298 4749 3100 4464 1738
5299 2539 1917 2075 1921
5300 442 2578 156 1145
5301 2226 886 252 563
5302 4354 1796 3530 2325
5303 2516 690 1894 1410
5304 4687 3493 4167 4109
5305 1720 452 875 921
5306 3452 839 1602 454
5307 2780 1821 2657 1634
5308 3267 2162 2459 2255
5309 2353 1253 114 1319
5310 3805 264 532 1282
5311 3994 1434 1707 772
5312 2388 1166 1965 781
5313 3549 2189 3437 2143
5314 4236 716 3825 300
5315 3657 424 2165 1209
5316 3534 2357 2457 2250
5317 3985 124 3018 524
5318 3980 1252 3545 2257
5319 2004 831 431 60
5320 2046 451 1037 1051
5321 1797 1219 1498 642
5322 2317 2215 2244 2235
5323 3813 2528 3532 2230
5324 4674 1931 3221 1540
5325 3111 1404 319 967
5326 3853 1707 2617 1653
5327 4007 2035 2485 1087
5328 3808 1612 2612 1910
5329 3736 3418 3549 2502
5330 3607 1553 2374 2248
5331 4081 1576 2325 970
5332 2180 908 2086 1662
5333 3882 585 1650 1196
5334 4567 705 2299 1890
5335 4724 3598 3862 1709
5336 3520 1330 1358 509
5337 3967 528 2890 1030
5338 4736 4359 4707 4192
5339 3636 2732 3311 2615
5340 4240 3255 3300 2447
5341 2528 1693 1745 1625
5342 3081 1580 2256 1909
5343 2225 979 2050 1908
5344 4007 1106 3114 1087
5345 3810 2812 3638 2489
5346 1960 717 1189 914
5347 2561 731 536 82
5348 3637 1109 286 392
5349 2991 1680 2713 1605
5350 2438 1592 1897 369
5351 4347 3010 3358 1885
5352 4744 3324 3517 1953
5353 2619 1545 2560 2184
5354 1772 1215 1446 352
5355 3067 2011 2745 1990
5356 3679 2542 3075 3058
5357 1825 457 824 823
5358 3812 2544 3294 2792
5359 4465 1636 4078 1969
5360 3025 410 34 542
5361 3812 3094 3413 1759
5362 2980 1331 741 332
5363 3299 1785 2999 2364
5364 2324 1398 1382 30
5365 3151 2178 3149 1583
5366 4328 3896 4310 2951
5367 2409 1716 2341 1049
5368 1805 1367 1363 228
5369 2299 948 1567 994
5370 3715 739 1410 63
5371 4253 1151 499 1250
5372 3688 227 2862 853
5373 3822 1201 3375 198
5374 4624 3696 4573 2670
5375 3505 2859 3005 2364
5376 4454 1926 2423 2372
5377 1988 376 56 1477
5378 4771 3054 4582 2526
5379 1988 841 1164 376
5380 3486 2422 3179 2045
5381 1910 872 877 71
5382 3697 2443 2519 1750
5383 4680 1798 3441 2790
5384 4677 2590 4088 3431
5385 4267 2182 2600 2216
5386 4633 2751 4152 2585
5387 4033 325 409 1154
5388 4716 2562 4123 3211
5389 4401 2268 3012 2138
5390 4462 457 1825 823
5391 2680 729 2327 2308
5392 3676 669 3423 312
5393 2285 337 1071 749
5394 4444 2229 2981 1517
5395 2654 2215 2445 1781
5396 4103 379 1777 558
5397 1891 1075 439 269
5398 3016 1780 2796 2647
5399 4542 1663 2794 2379
5400 3873 2507 2725 1798
5401 3057 1774 2649 1522
5402 3797 2629 3680 3543
5403 3408 581 2122 201
5404 3981 2018 3823 3291
5405 4091 2442 3070 2582
5406 1988 376 1164 56
5407 2868 2434 2446 1750
5408 3817 1886 1933 1689
5409 4308 785 2021 1480
5410 2618 2031 2510 1553
5411 2353 682 1865 276
5412 2353 1865 1987 276
5413 3454 1591 3099 2881
5414 2505 1561 2140 2074
5415 2225 545 979 535
5416 2853 1652 2280 1563
5417 4266 2647 4265 1780
5418 3818 2485 3025 1785
5419 2637 1341 1819 450
5420 4390 1616 3465 3103
5421 1790 989 720 1438
5422 3878 1878 3773 2501
5423 4500 330 1956 1383
5424 3006 1521 1836 1506
5425 4175 1566 4133 2210
5426 4207 2670 3469 3120
5427 3876 1953 2889 2282
5428 4528 3046 3422 1973
5429 3920 2762 3877 3039
5430 1797 39 1498 778
5431 4783 2884 4473 4351
5432 4444 2981 3188 1517
5433 4454 2678 3393 1539
5434 2149 1901 2139 1857
5435 3865 2112 2931 388
5436 3781 1796 2563 2391
5437 3972 1412 310 650
5438 4180 2712 3525 3040
5439 3821 1279 1294 633
5440 3149 2178 2370 1583
5441 2441 1798 2437 2043
5442 3822 1201 198 1147
5443 2734 225 2515 453
5444 2688 760 1270 322
5445 4268 1628 2769 2493
5446 4405 2705 3811 2662
5447 3114 1087 1106 278
5448 3800 2827 2875 2121
5449 3076 305 2947 706
5450 3823 1546 3291 2922
5451 4741 1592 3804 2232
5452 3824 2373 3141 2174
5453 1757 1231 1559 1155
5454 1922 652 1870 1447
5455 2524 1976 2418 1610
5456 1757 892 1501 386
5457 4279 2037 2806 1772
5458 4372 3197 3761 3309
5459 4508 3398 3455 2334
5460 1740 1389 174 1364
5461 4644 3877 3920 3294
5462 3889 3049 3098 2527
5463 2596 60 2004 833
5464 1740 1128 1735 1364
5465 3826 1779 3477 3319
5466 2566 207 1811 461
5467 4066 3044 3721 3274
5468 1897 1216 187 627
5469 4092 2304 3962 1975
5470 4552 2935 3207 2671
5471 2356 907 2246 638
5472 4709 1664 2025 1519
5473 3912 1820 3255 2411
5474 1757 1216 1501 892
5475 4466 2685 3774 3017
5476 2333 1059 1928 1050
5477 4778 3219 3883 3162
5478 2991 1817 2653 2083
5479 4183 2174 3020 2210
5480 4622 3827 3837 905
5481 3472 1955 2628 1701
5482 4082 1993 3409 2580
5483 1756 152 1239 794
5484 2804 1630 2105 2070
5485 2630 1228 2492 977
5486 4514 326 2488 2000
5487 2337 1447 1922 1870
5488 4791 822 1327 512
5489 3177 851 721 153
5490 3941 2605 3640 2224
5491 4019 1574 3943 2300
5492 4092 2304 3963 1880
5493 3831 1833 1957 1894
5494 3831 1894 2516 1833
5495 3933 2498 2872 2453
5496 4381 2048 3011 1301
5497 4564 2099 3593 1554
5498 3314 836 2320 1370
5499 3644 2601 3540 2172
5500 4181 2089 4067 1292
5501 4377 654 2181 1691
5502 3561 3102 3119 1713
5503 4283 1403 2408 559
5504 4112 2561 2629 82
5505 3833 2415 3374 2427
5506 3960 2887 3846 2081
5507 3805 2785 3036 2715
5508 2936 292 996 475
5509 4638 1152 2181 654
5510 3660 3253 3523 3020
5511 2243 1347 522 1337
5512 2987 798 1615 901
5513 4422 181 750 1358
5514 4492 1813 3962 2304
5515 3863 2307 2338 1935
5516 4557 3591 4420 3205
5517 3628 1727 2222 2019
5518 2519 349 2443 1440
5519 3081 2452 2852 2200
5520 2339 1210 1965 1829
5521 2109 502 1300 640
5522 3623 2565 3119 2439
5523 3012 2268 2727 1163
5524 4075 2897 3886 2718
5525 3895 2083 2991 2741
5526 2308 315 729 657
5527 3987 853 3068 467
5528 3736 1856 3538 2821
5529 4285 1946 3316 2978
5530 4065 1644 2551 1764
5531 2933 2289 2361 2291
5532 1933 193 1886 375
5533 3364 109 354 766
5534 1933 1034 1399 375
5535 4677 3179 4088 3557
5536 4435 2984 4205 3639
5537 3467 3046 3306 3189
5538 4104 1723 2142 1797
5539 3835 2513 3436 2739
5540 2654 2246 2356 1606
5541 300 3825 2263 96
5542 4317 3131 3377 2331
5543 3679 3269 3480 3405
5544 4694 2366 4269 3209
5545 4711 3616 4230 614
5546 4256 2055 2876 2769
5547 2428 67 2085 1261
5548 4294 3154 4233 3810
5549 2428 1682 2369 1361
5550 4602 182 3745 1036
5551 3839 1853 2954 2802
5552 1756 152 794 898
5553 1756 1191 1470 719
5554 4217 3206 3708 3053
5555 4706 2431 2729 1533
5556 3691 1536 2722 2311
5557 3797 1991 2726 2561
5558 2765 1481 2165 424
5559 2429 1313 1126 83
5560 4201 698 2384 131
5561 1965 1187 1633 781
5562 3906 3094 3413 2511
5563 2428 1361 2369 67
5564 3663 2846 3631 2475
5565 2389 183 390 1167
5566 4437 931 3171 420
5567 4307 2996 3344 2219
5568 4700 2441 4093 1667
5569 1855 425 848 1415
5570 2336 434 1846 1692
5571 3840 2390 2912 1795
5572 1895 465 1109 18
5573 4287 1976 2418 1824
5574 4068 3351 3818 1729
5575 2173 837 2029 903
5576 3432 1099 170 604
5577 1930 774 1485 1468
5578 3241 1194 1943 165
5579 3096 2471 2701 2694
5580 1930 1495 356 1485
5581 3178 1724 2628 747
5582 3112 2672 2690 2169
5583 3532 2230 2904 2059
5584 1753 43 652 1332
5585 4398 3477 3775 3764
5586 1753 1332 652 951
5587 1765 496 855 856
5588 2799 2319 2769 1628
5589 4739 4151 4532 2634
5590 3130 1754 2576 2115
5591 4385 1542 2739 2123
5592 3546 2012 2893 1791
5593 3178 1177 747 341
5594 3256 1327 318 512
5595 3736 2189 3549 3418
5596 1733 1434 1277 317
5597 3842 2366 3157 3096
5598 1733 1698 1707 317
5599 2004 60 1822 831
5600 4440 3623 3655 3260
5601 3900 508 2039 992
5602 4691 723 2552 2432
5603 2901 2626 2744 1675
5604 3809 2043 3353 1568
5605 4136 2672 3710 2774
5606 1994 1127 590 1381
5607 4203 48 1343 988
5608 2784 1538 2505 2140
5609 4327 849 1833 690
5610 1876 1175 1670 395
5611 4018 1870 3528 1046
5612 4263 2092 2444 2391
5613 3844 2669 3133 1762
5614 3658 2900 3525 2755
5615 4079 2080 2445 1222
5616 4679 422 2535 1260
5617 3931 351 1214 1488
5618 1876 897 1670 699
5619 3657 1811 3115 1712
5620 4263 2391 3554 3335
5621 4541 2157 4186 950
5622 2409 1925 2372 1130
5623 2936 1801 2292 1018
5624 3016 2373 2796 1780
5625 2297 514 2170 2133
5626 4156 1139 505 94
5627 3534 1602 3157 1591
5628 3932 1058 2456 866
5629 3937 3641 3906 3313
5630 4457 3348 4149 2196
5631 3195 2318 3108 2159
5632 3816 1921 2539 1656
5633 2482 693 1246 1492
5634 3411 1595 1782 758
5635 3953 2928 3761 3197
5636 3033 1787 2932 2646
5637 2292 578 475 1020
5638 611 349 361 1081
5639 2518 431 2004 831
5640 3642 2645 3078 2302
5641 4218 2829 3034 2730
5642 4148 3405 3489 2771
5643 4536 3766 4303 3180
5644 3847 1524 2424 2007
5645 3382 1640 1825 1816
5646 4132 2551 4065 3023
5647 2165 1486 1615 1149
5648 3606 1968 2426 1588
5649 1876 395 897 397
5650 2065 1034 751 244
5651 3445 2988 3388 1839
5652 3556 58 319 703
5653 1774 379 1157 141
5654 4095 1549 2520 2211
5655 2105 396 860 139
5656 2726 1991 2541 1954
5657 1774 219 840 379
5658 4482 2088 3322 2378
5659 2455 1259 1828 446
5660 3483 2118 2184 1749
5661 4197 2510 3407 2129
5662 2432 339 1251 1217
5663 3470 1315 1497 231
5664 2107 1511 2065 1737
5665 2050 1614 2024 1908
5666 2993 288 2824 1655
5667 2901 2182 2626 2499
5668 3803 2335 3733 2343
5669 3136 2187 2770 2562
5670 2580 2194 2436 1538
5671 4155 2217 2310 1827
5672 4155 3376 3961 1966
5673 4008 2823 3644 1785
5674 4511 3075 4470 2542
5675 3894 2538 3217 883
5676 4213 1864 3628 2222
5677 3632 2293 2556 2179
5678 3604 2355 3230 3128
5679 2692 1570 2154 1949
5680 2695 372 923 924
5681 3805 1069 532 264
5682 4215 441 3867 871
5683 4616 3390 4568 1747
5684 3225 966 2889 709
5685 3994 1434 772 215
5686 2516 690 1455 122
5687 3850 3194 3383 415
5688 4022 3393 3726 3097
5689 3812 3329 3413 2511
5690 2814 1993 2580 2436
5691 4697 1880 4475 3963
5692 4682 3206 4224 1784
5693 4136 2774 3710 2366
5694 3852 1835 2734 1589
5695 2046 1644 1764 1695
5696 4650 3264 3953 3709
5697 3126 1531 2971 2766
5698 4275 1645 3100 2631
5699 4510 1964 4349 2775
5700 3001 509 99 827
5701 3737 2279 2952 2702
5702 4246 2540 3343 1742
5703 3808 874 2612 2412
5704 3853 1653 2991 1605
5705 3854 2474 2512 2254
5706 3479 1848 2005 1540
5707 3780 1185 1817 1690
5708 3756 1000 401 111
5709 2354 1461 2257 1252
5710 4121 2319 3428 2490
5711 4562 440 1025 1016
5712 2853 1524 1814 1652
5713 3729 925 1937 262
5714 4778 3162 3883 2533
5715 4457 3348 4300 1719
5716 4787 1121 4681 575
5717 2954 2419 2704 1513
5718 3857 2286 3270 2913
5719 4682 3814 4224 3230
5720 3039 2707 2863 2544
5721 2275 2022 2272 1505
5722 2389 815 1570 390
5723 3961 2921 3740 3613
5724 3201 1802 3014 2123
5725 2354 1507 2306 1565
5726 4028 1277 3780 1733
5727 4219 1593 2508 806
5728 3824 1766 3229 3141
5729 4126 2301 2974 1980
5730 3012 1033 1163 176
5731 3408 2122 3210 1942
5732 3691 1950 2722 2284
5733 4531 2945 4196 3168
5734 4313 764 3161 1320
5735 3856 2620 3276 1369
5736 2237 404 1928 1914
5737 4521 2679 4125 1864
5738 3755 1114 3406 1992
5739 4002 1618 2368 917
5740 3994 772 1763 1224
5741 2460 2100 2115 1564
5742 4130 1710 3322 2378
5743 3759 1964 3460 2775
5744 3798 3039 3295 2544
5745 3859 3211 3475 3313
5746 1965 69 498 1210
5747 2546 1736 2228 2101
5748 3315 134 1937 544
5749 3860 1868 3398 3174
5750 4134 2552 3824 3229
5751 3861 2681 3021 2041
5752 2427 62 795 256
5753 3804 2106 2966 2248
5754 3303 1292 2828 189
5755 1756 1191 1730 1470
5756 1756 719 1470 152
5757 4258 963 3027 149
5758 4564 1274 4563 1045
5759 4733 961 1356 962
5760 3998 1940 3508 2564
5761 1756 1470 1239 152
5762 4554 3481 4238 506
5763 4382 2943 2997 1721
5764 4402 1822 3248 2518
5765 3779 3473 3739 2243
5766 4396 1958 3508 1888
5767 3893 1932 2381 1697
5768 2967 2529 2896 2610
5769 2389 1570 2388 390
5770 2760 1815 2752 1586
5771 2508 806 1593 892
5772 3865 2003 3735 2931
5773 2068 1506 1836 1521
5774 2680 1770 2188 2116
5775 3657 1712 1746 1534
5776 2492 1289 1228 733
5777 3736 1985 3567 3259
5778 3713 389 1402 26
5779 2682 305 1387 954
5780 4140 2235 2317 2244
5781 2104 86 1801 996
5782 2389 815 183 891
5783 3866 1660 3282 2937
5784 4265 722 4016 2101
5785 3613 62 256 680
5786 3878 2197 3773 3384
5787 4789 4172 4700 2245
5788 3263 673 2131 906
5789 4199 1112 591 1310
5790 4201 327 2050 698
5791 4121 2799 3428 2319
5792 2853 868 786 1199
5793 4388 2126 3505 385
5794 3528 582 1285 1124
5795 4607 1042 1951 111
5796 4442 2319 2769 2055
5797 3511 2754 3293 3124
5798 1994 1127 1735 287
5799 3621 1905 2722 2311
5800 1992 1113 1156 525
5801 2272 1638 2204 2022
5802 3484 2770 3420 1906
5803 2002 65 923 261
5804 2395 1281 130 534
5805 3708 2873 3537 3360
5806 2794 2035 2485 2379
5807 3870 2619 3186 1958
5808 3077 1597 2886 1916
5809 2277 1627 1783 947
5810 1808 564 161 1134
5811 2050 327 1908 979
5812 4421 1329 166 1366
5813 4664 4019 4550 3404
5814 1799 1435 844 845
5815 1994 1381 590 2
5816 4146 1507 2639 2257
5817 3894 883 3217 432
5818 4015 2261 2512 2167
5819 4523 1879 3563 2740
5820 3820 1569 3339 2875
5821 4639 1684 3903 1823
5822 3000 567 1915 1013
5823 3873 1973 2725 2507
5824 2530 1344 754 1261
5825 4296 1836 3069 2313
5826 4529 3318 3580 3200
5827 2432 552 1251 339
5828 4119 2132 2840 2020
5829 4154 452 2579 1490
5830 2679 1710 1864 1753
5831 4264 1787 3033 2646
5832 3863 1697 2338 2307
5833 2734 921 1720 225
5834 3875 2034 3214 1857
5835 3916 2148 3015 1812
5836 3876 2191 2616 54
5837 2065 106 1737 751
5838 4304 1717 2908 2058
5839 2955 2058 2456 1717
5840 2046 1037 1695 1096
5841 1957 1668 1894 1855
5842 3921 2792 3877 2028
5843 3987 2862 3068 853
5844 3882 530 83 1196
5845 2642 1829 2339 1633
5846 4508 3044 4192 1741
5847 4206 1476 907 814
5848 3509 2567 2913 1657
5849 4273 1910 2940 1800
5850 2804 860 2137 1630
5851 3937 2511 3921 3859
5852 4058 2413 2909 2632
5853 3388 2757 2848 1839
5854 3888 2461 2975 1752
5855 4488 3351 3581 2540
5856 3896 2214 2951 1550
5857 1764 1044 1695 251
5858 4407 2691 3725 3599
5859 3863 1193 3327 676
5860 4696 4341 4429 2819
5861 3096 2549 2774 2067
5862 3756 1026 2593 504
5863 4416 2251 3997 2907
5864 4390 2504 3103 2202
5865 3561 1713 3260 3102
5866 4731 3036 4322 2790
5867 3834 1860 3142 1881
5868 3724 2808 3312 1504
5869 4285 3237 3262 2978
5870 3101 1455 1705 689
5871 3858 1767 3045 1624
5872 4365 2507 3873 3568
5873 2985 1065 1937 1637
5874 4010 2224 3270 2743
5875 2622 567 1088 1232
5876 4537 1278 3980 1230
5877 3481 1519 2314 2025
5878 4068 1729 3818 2379
5879 1819 450 1341 830
5880 2979 1637 2912 2390
5881 2530 1682 2428 754
5882 2180 65 378 908
5883 3628 3306 3467 3167
5884 4452 1831 3241 1998
5885 3707 3367 3439 3017
5886 2820 310 855 960
5887 2307 631 251 1225
5888 3658 2973 3638 3074
5889 3375 1201 2227 645
5890 3986 3086 3946 3223
5891 4616 2730 4218 1747
5892 4420 2585 3840 3289
5893 4509 2380 3295 1714
5894 2806 1205 515 217
5895 4032 1531 3634 2971
5896 4620 2611 4147 2168
5897 2618 1649 2399 1606
5898 3882 585 2824 1650
5899 4359 1990 3742 2906
5900 3896 962 1356 1377
5901 4675 2040 3935 2201
5902 3559 3331 3338 2849
5903 4538 1962 1970 1762
5904 3478 1718 2102 1587
5905 4087 1660 3792 3282
5906 2714 2049 2258 1967
5907 4412 3081 3622 2671
5908 4459 3649 4161 3038
5909 2636 1826 2271 1360
5910 4795 3718 4471 454
5911 4635 2177 3850 2782
5912 3981 1558 3291 1696
5913 4807 3655 4764 4440
5914 3513 2092 2922 2837
5915 3929 2394 3790 3398
5916 3885 1823 3803 945
5917 2177 191 1881 924
5918 4197 2453 3770 2129
5919 3121 1307 2280 346
5920 3887 1517 3188 1426
5921 4307 2276 2553 2397
5922 4515 1673 3491 2703
5923 4664 2558 3143 2929
5924 1833 690 257 848
5925 1895 1181 1887 465
5926 4306 128 2322 1174
5927 1833 849 257 690
5928 4333 1949 2388 2178
5929 2733 1379 454 1397
5930 4614 1592 3804 2016
5931 3888 2087 3578 2461
5932 2361 856 2080 1765
5933 1782 758 1595 1246
5934 1782 619 758 89
5935 2315 823 1825 824
5936 4145 1929 3212 2419
5937 3423 1264 2327 312
5938 3432 170 1010 604
5939 4785 2203 4669 4058
5940 2363 260 2054 1028
5941 4275 1131 1101 1100
5942 4664 3143 4478 3404
5943 2389 1166 2388 1167
5944 2363 1027 260 1028
5945 4493 1632 3382 1628
5946 4504 1830 3950 2386
5947 4780 1590 3257 2904
5948 4031 2449 3236 1997
5949 3718 3048 3452 2120
5950 3018 124 2271 636
5951 1865 276 682 75
5952 1891 269 1687 1075
5953 2643 2323 2466 1868
5954 4708 4405 4577 3052
5955 4312 2363 3226 1818
5956 2519 401 2176 1000
5957 3246 1809 3245 3139
5958 4666 1903 3851 3442
5959 3950 2484 3488 1752
5960 3317 2615 3311 1875
5961 3876 54 2889 2191
5962 4083 2031 3747 1837
5963 3897 2888 3239 1792
5964 2612 926 1715 873
5965 3814 2028 3690 3035
5966 4207 3120 3469 2956
5967 4243 1622 2234 2075
5968 3234 3146 3204 2740
5969 4147 2552 3229 2168
5970 4061 1875 3945 3311
5971 4449 2948 4324 1649
5972 2071 989 334 670
5973 4137 2944 3785 2359
5974 4067 1148 3648 2089
5975 4179 2112 3865 2083
5976 4223 2266 3617 2414
5977 4497 3056 3418 2521
5978 4246 2540 2702 2279
5979 4438 1820 4034 1420
5980 3122 2694 2701 2471
5981 2306 1775 2272 1505
5982 4656 1609 3868 2602
5983 3538 1967 2851 2049
5984 4780 1562 4177 2865
5985 4656 1359 3868 1626
5986 4656 1609 4120 3756
5987 4656 2176 3978 768
5988 3667 3566 3643 2676
5989 3927 3802 3864 2783
5990 4052 1258 3011 2309
5991 3015 2148 2760 1812
5992 2353 1253 1187 114
5993 3895 2083 2713 1605
5994 2916 1519 2404 2314
5995 4369 968 3907 2879
5996 4421 2994 3314 2750
5997 3780 1817 2991 1690
5998 4185 1425 1560 1227
5999 3859 1744 3653 2586
6000 3622 1454 2256 2094
6001 3852 1131 2064 711
6002 3233 1651 2408 1805
6003 4085 2434 2602 1868
6004 4154 762 1035 1466
6005 3363 2557 3004 1906
6006 4348 2214 3910 3140
6007 4396 3047 3483 1749
6008 2931 1487 388 11
6009 2480 323 792 367
6010 2215 638 1206 1204
6011 3687 1868 3455 3398
6012 4369 2155 3745 2879
6013 4369 1787 3033 1648
6014 4522 2506 3578 2701
6015 3720 394 2948 2047
6016 3898 2346 2726 2598
6017 3678 3009 3304 2854
6018 3676 673 669 312
6019 4474 1822 2004 60
6020 4258 573 3027 963
6021 3851 1903 3807 3442
6022 4106 1801 2161 86
6023 3114 695 1087 426
6024 3443 1425 2480 1560
6025 1981 1054 1626 1053
6026 2222 1760 2111 1608
6027 3323 3199 3250 3162
6028 4756 4073 4227 943
6029 4616 2705 3617 1747
6030 3814 2710 3690 2586
6031 3071 1059 2294 1074
6032 4338 1872 4141 3671
6033 2954 1513 2704 2020
6034 4063 1162 2809 704
6035 4481 2097 3510 2599
6036 2409 479 2332 1130
6037 4799 4272 4743 2120
6038 3600 261 2034 2002
6039 4246 2540 3776 2702
6040 4501 3215 3232 3095
6041 4159 2044 2897 2891
6042 3889 2276 3344 3156
6043 2188 315 2116 1213
6044 4689 1846 3881 878
6045 4146 461 2566 1811
6046 3315 3205 3225 2191
6047 4070 2252 3148 1533
6048 3383 1092 2333 1050
6049 1825 457 1632 239
6050 2502 1905 2360 1518
6051 4390 2669 3022 2231
6052 2419 1921 2362 1513
6053 3929 1604 3369 2643
6054 3929 3369 3398 2643
6055 3929 2490 3369 1604
6056 2500 1550 2072 2054
6057 4087 2856 3282 1771
6058 4693 2450 3790 3721
6059 4120 401 3756 1000
6060 4072 3076 3479 3224
6061 3758 2141 2958 2819
6062 4725 2696 3584 3061
6063 3687 2406 3103 2446
6064 2824 1129 585 288
6065 4647 273 2633 1093
6066 2351 1957 1995 1833
6067 3043 1791 2893 2012
6068 4182 3645 4167 3288
6069 2133 1080 1952 1090
6070 2729 1361 2369 1682
6071 4696 2958 4429 4143
6072 4437 902 75 420
6073 2720 416 2086 1276
6074 2171 1677 1718 1522
6075 3002 169 1079 1160
6076 1826 1140 1348 643
6077 3409 1993 2753 2580
6078 2768 2358 2456 964
6079 4607 1042 504 1040
6080 2891 71 982 433
6081 3209 2881 3096 2694
6082 4042 1746 2236 1615
6083 4642 1771 4087 3792
6084 4454 2423 2678 1572
6085 4113 2109 3076 306
6086 4430 2503 3308 2650
6087 4642 1536 2763 1771
6088 3124 1564 2396 2115
6089 2014 745 1491 473
6090 4258 2914 3414 1948
6091 1826 1360 1348 1140
6092 4379 2900 3669 3123
6093 4308 785 2894 2021
6094 4085 3455 3687 1868
6095 4508 2421 4288 3713
6096 2330 1391 2287 511
6097 4430 2611 3139 2077
6098 3089 1844 2481 2473
6099 3291 1558 1739 1696
6100 4511 2646 3075 2023
6101 1928 1059 404 1050
6102 2165 28 1149 424
6103 4447 3193 3429 2829
6104 4479 1618 2244 623
6105 4362 66 503 1067
6106 3758 2141 3458 2958
6107 2723 656 2384 319
6108 4430 1603 3471 1943
6109 2608 1047 609 285
6110 3651 2861 3361 3182
6111 3744 2279 2831 1604
6112 4390 2202 3103 2669
6113 3031 260 2363 1027
6114 3940 2125 2535 809
6115 4135 2347 2926 1057
6116 4283 1403 2649 1886
6117 3905 1297 3092 2484
6118 3290 1877 2362 2185
6119 4049 2717 3662 3042
6120 4279 3150 3161 1945
6121 1965 69 781 1166
6122 3647 2494 3424 1613
6123 3364 1249 354 109
6124 3084 2645 3078 1566
6125 4744 1953 4292 3324
6126 3213 1010 1760 603
6127 2039 947 1783 1627
6128 2339 1210 1418 325
6129 3908 3086 3692 3349
6130 4155 1537 2777 2310
6131 2491 27 398 1390
6132 4275 2297 3100 2134
6133 2039 100 1783 947
6134 3746 2772 3606 1588
6135 3735 2841 3129 2625
6136 1945 1411 1323 492
6137 4734 3279 3738 3179
6138 2039 1567 1862 1783
6139 4539 3029 3582 2108
6140 4033 1418 1860 1268
6141 4539 3029 3694 1518
6142 4061 1689 2102 1875
6143 4074 2505 2742 1661
6144 4083 3677 3747 3407
6145 4251 10 3752 1334
6146 4741 3272 4384 2118
6147 2423 1349 1012 47
6148 4603 3355 4543 4131
6149 3945 2454 3624 3240
6150 4687 3079 4182 3288
6151 2365 1227 1560 792
6152 3563 2538 3114 2946
6153 3427 526 2698 2288
6154 3082 1159 1257 1194
6155 4694 4136 4269 2366
6156 3708 3206 3537 3527
6157 2842 2066 2531 1732
6158 3310 2215 2317 1781
6159 4762 3703 4593 2517
6160 1913 1511 1835 1589
6161 4048 2537 3065 1639
6162 1913 1589 1720 1511
6163 2720 241 2180 1901
6164 3872 3739 3745 1863
6165 3879 3267 3548 1636
6166 4236 1621 2030 1664
6167 1943 738 1708 1217
6168 4394 2972 3664 3156
6169 3897 851 3352 850
6170 4703 1636 4465 3134
6171 3342 2290 3070 2572
6172 2457 2207 2430 2357
6173 4489 2905 4358 4348
6174 4072 1976 3224 2418
6175 3189 1727 2681 2222
6176 4541 2157 4382 1620
6177 2063 1324 303 1326
6178 4605 1661 4274 3233
6179 3961 1702 3376 2921
6180 4055 867 2686 354
6181 2423 47 2163 1349
6182 4359 1741 4192 2906
6183 4537 2196 2566 1534
6184 4245 1588 3319 2079
6185 4190 1990 3634 2766
6186 3862 2594 3835 1709
6187 2237 861 2177 634
6188 4343 1687 2905 2850
6189 3757 2570 2994 2320
6190 4754 2876 4750 3331
6191 3186 1723 1963 1958
6192 4090 2535 3022 1904
6193 3411 1514 1987 1782
6194 2358 702 53 964
6195 4397 2492 3026 2477
6196 2050 979 53 967
6197 4799 2980 3764 3452
6198 4169 3442 3851 3807
6199 2840 1543 2476 1776
6200 2610 1932 1935 1697
6201 2933 2368 2589 1601
6202 2886 2164 2275 1916
6203 3597 2359 3428 3287
6204 4323 949 126 528
6205 3914 1761 3098 3045
6206 4021 1903 3442 2586
6207 1925 604 1130 85
6208 4537 1615 2566 661
6209 4808 2737 4552 1378
6210 3360 2410 3165 2827
6211 2326 736 1944 173
6212 4375 2854 4046 3021
6213 3699 1613 3647 3582
6214 4473 3399 4351 3238
6215 3232 3190 3215 2944
6216 3612 2964 2992 1504
6217 3683 1755 3579 2422
6218 3983 2651 3541 3480
6219 4209 3508 3998 2184
6220 3519 1744 2959 1903
6221 2768 318 2358 964
6222 3915 2513 2616 1238
6223 2326 736 1354 956
6224 3475 3172 3392 3302
6225 4250 3172 3475 3211
6226 4491 1631 3533 3333
6227 4675 1946 3316 3176
6228 3778 1713 3723 3623
6229 4519 3204 4464 1858
6230 4648 3335 3537 1581
6231 3918 2051 2082 1670
6232 3149 2204 2543 1775
6233 3209 2457 2640 2199
6234 4797 3682 4730 2771
6235 2871 1807 2283 1611
6236 4244 3245 3246 1809
6237 4188 2097 3674 3651
6238 4644 3097 3920 3039
6239 3919 1797 2736 2219
6240 3919 778 1232 39
6241 3919 2042 2622 1232
6242 3919 1232 2581 39
6243 4038 1641 3923 1807
6244 3809 3353 3441 2866
6245 2665 2587 2639 2124
6246 2633 273 385 1092
6247 3506 1281 534 988
6248 4356 3270 4339 3693
6249 4126 1328 4111 447
6250 2894 1643 2021 785
6251 4037 2473 3971 2783
6252 3476 2937 3232 3190
6253 4644 3459 3727 3295
6254 4645 2058 2955 1637
6255 4644 3097 3295 2380
6256 2828 1292 760 189
6257 2867 2100 2800 2460
6258 4645 866 2058 546
6259 4055 678 1490 354
6260 2338 281 1935 936
6261 4802 2817 4750 2876
6262 1213 315 858 2188
6263 2030 199 2025 896
6264 2280 1307 355 346
6265 4451 3245 3378 2162
6266 4609 4093 4172 2677
6267 3922 1808 1994 1803
6268 4462 1632 3287 3109
6269 2095 683 895 143
6270 2979 2390 2912 1623
6271 4118 2589 2933 2291
6272 3336 802 2610 2053
6273 2801 1737 2065 1511
6274 3658 2755 3261 3074
6275 4652 4046 4332 3685
6276 2749 1680 1704 1617
6277 4396 1940 3483 2966
6278 2336 1701 1846 434
6279 3057 2171 2719 1522
6280 3922 1803 1994 666
6281 4096 2624 2920 2440
6282 4561 3127 4301 3911
6283 3923 1333 1706 153
6284 4701 525 3412 2810
6285 4514 2335 4227 4073
6286 2704 2020 2185 1642
6287 4659 1542 2716 1697
6288 3569 2966 3286 1619
6289 3923 153 3177 720
6290 2107 1806 1986 1511
6291 3855 2238 3324 2303
6292 4104 2996 3681 2159
6293 4658 1725 3258 3066
6294 2852 1560 2431 2365
6295 3127 2041 2854 2681
6296 4222 1780 3824 2373
6297 2566 661 207 1278
6298 4415 2554 4303 2251
6299 4204 2575 3318 3021
6300 1949 1775 1939 1514
6301 3936 2320 3757 2173
6302 4457 2665 4290 1734
6303 4456 2199 4426 3147
6304 4148 3418 3884 1985
6305 4528 4365 4483 3135
6306 4799 2120 4743 4276
6307 4734 2422 3279 3179
6308 3364 109 1733 1690
6309 4148 2651 3884 3405
6310 4466 3621 4233 3379
6311 4175 2367 4133 1566
6312 3852 1097 2734 1835
6313 1971 898 233 719
6314 4565 1901 2720 2139
6315 4433 1603 3368 3246
6316 3366 1844 3276 2949
6317 3926 1770 3472 2188
6318 4592 2869 4539 3619
6319 2247 1493 1861 1249
6320 3547 1169 1023 551
6321 3791 1957 2833 2351
6322 3637 1694 1895 531
6323 1811 1308 461 207
6324 4752 2097 4481 3259
6325 2993 2005 2824 1129
6326 2166 857 2109 1300
6327 2804 1654 2175 1630
6328 3927 2827 3165 2920
6329 4114 2703 3131 2569
6330 4114 1997 3131 2703
6331 4297 1848 3479 2682
6332 3381 2199 2640 2457
6333 4040 1438 2071 1790
6334 2731 248 1819 1341
6335 4075 2897 4068 2103
6336 4272 3197 3562 2120
6337 1945 492 1323 1357
6338 2142 1219 783 1250
6339 2188 1841 1955 1527
6340 4208 1837 3557 2822
6341 3528 1046 284 1285
6342 3835 2739 3695 1709
6343 3553 3496 3520 1330
6344 1935 1225 296 631
6345 4534 2473 3503 2885
6346 4008 1785 3644 3169
6347 2923 1605 2713 1680
6348 3931 1474 622 353
6349 2693 1224 1763 1421
6350 4392 3124 3293 2867
6351 3769 1502 2389 1167
6352 2354 1565 1883 803
6353 4039 2871 3923 1706
6354 1943 1194 1778 738
6355 4250 1845 2770 2342
6356 1945 344 1323 764
6357 4390 1535 4057 3022
6358 4647 2633 4494 1093
6359 1817 757 1704 1214
6360 2714 1995 2258 2049
6361 2777 2235 2654 1537
6362 3932 134 3315 2965
6363 3932 2965 3315 1920
6364 4647 3102 3119 1978
6365 3932 2768 2848 2456
6366 3954 2328 3011 2309
6367 4791 3256 4705 1578
6368 3809 2790 3441 1798
6369 3101 1353 2596 497
6370 3637 937 286 1109
6371 4483 3273 3322 2964
6372 1817 1234 1185 353
6373 1817 1234 1704 1185
6374 4540 4413 4506 4107
6375 4018 157 1171 728
6376 3936 595 3314 272
6377 1870 728 1447 1046
6378 3530 977 2630 1112
6379 4812 3559 4553 3338
6380 3912 1959 3474 2375
6381 4715 3516 4470 1919
6382 1870 1447 652 43
6383 2061 1054 437 1052
6384 2288 367 125 526
6385 2773 1877 1900 942
6386 2094 849 428 1454
6387 4574 3193 3307 2656
6388 4007 2035 3169 2485
6389 4258 2856 3414 2914
6390 3699 3342 3582 2685
6391 1870 1046 1447 43
6392 4312 1818 3223 1032
6393 4472 1714 3503 3366
6394 4217 3550 3708 2658
6395 3291 1739 2837 1696
6396 3937 3535 3641 3507
6397 4235 1289 2492 733
6398 4489 1765 4064 496
6399 3697 1440 2519 2443
6400 4004 2575 3580 3467
6401 3883 3162 3250 2533
6402 2680 729 2308 315
6403 2798 535 2225 1908
6404 2952 1634 2780 2657
6405 3317 1835 1986 1645
6406 2336 72 1955 1701
6407 2525 1843 2057 1689
6408 2993 1848 2005 1129
6409 2336 1692 1846 1701
6410 3473 3372 3431 2045
6411 4058 2793 2902 2632
6412 3195 2159 3108 2996
6413 3311 1875 1913 1689
6414 4130 1874 2981 1942
6415 2186 1220 700 976
6416 4664 1574 4550 4019
6417 4812 1685 4566 3552
6418 3556 1853 3111 2954
6419 4203 534 3942 2395
6420 3774 2494 3699 3020
6421 3659 3287 3597 2323
6422 1977 937 157 582
6423 4649 1901 3572 378
6424 2010 52 1384 1476
6425 3735 2841 2931 2003
6426 3909 1720 1933 1913
6427 3681 1524 3300 2318
6428 4400 2223 2362 1513
6429 3396 1911 2333 1928
6430 3735 1380 2931 2625
6431 2403 1693 2029 1899
6432 3631 2834 3238 2867
6433 3594 330 3414 1089
6434 4245 1586 3183 2254
6435 3427 2288 3248 253
6436 1962 1612 1840 1715
6437 2030 1664 2025 199
6438 2967 2073 2529 1932
6439 3439 3333 3367 2213
6440 3982 2968 3822 1936
6441 3940 377 809 1001
6442 3941 2224 3939 3500
6443 4702 2712 3040 1736
6444 1861 1499 1493 1468
6445 3506 1256 2277 1627
6446 3222 2427 2921 423
6447 2713 817 2036 87
6448 1861 1493 678 1249
6449 4681 1948 3330 2383
6450 2301 447 57 829
6451 2784 2091 2761 2505
6452 4020 2262 3504 2901
6453 4769 1751 4683 4115
6454 2780 1825 2315 1634
6455 3689 2163 3423 669
6456 4457 2639 3348 1719
6457 1861 1499 678 1493
6458 4801 2857 4228 2414
6459 4717 2197 4475 4097
6460 2267 525 1992 1156
6461 3600 261 2002 372
6462 3503 2583 3276 2473
6463 2350 1496 1584 1235
6464 4533 2292 4006 3321
6465 4485 3433 3450 2606
6466 4156 2667 3395 1139
6467 3391 2673 2864 1551
6468 4564 1045 4563 3593
6469 4479 940 184 623
6470 4124 1959 3684 255
6471 4396 1958 3047 1749
6472 3566 1802 2832 1506
6473 2063 1326 303 581
6474 4792 2015 4657 3988
6475 2483 958 1779 528
6476 4128 659 2208 701
6477 4479 940 3310 184
6478 3584 1888 3061 2929
6479 4568 2591 4403 1763
6480 3283 2312 3106 1791
6481 3971 2195 3155 2563
6482 3656 1105 2013 540
6483 2063 303 1893 1646
6484 3548 2255 3422 3261
6485 4182 3079 3944 1683
6486 3838 3273 3289 1623
6487 4282 2303 3855 3324
6488 1965 1210 1633 1187
6489 3715 739 1455 1410
6490 2163 1539 1931 1544
6491 3674 1906 3484 2861
6492 3007 1923 2573 1653
6493 2277 580 1256 973
6494 1887 465 1135 280
6495 3612 2964 3598 1709
6496 4142 1204 2244 1317
6497 2879 1009 1036 495
6498 2409 1852 2380 2233
6499 4814 3498 4636 3196
6500 4405 2662 4218 3052
6501 2604 377 1401 195
6502 4697 1880 3963 3385
6503 2804 139 860 445
6504 3882 83 2824 585
6505 3030 1900 2752 2269
6506 2330 511 824 825
6507 2330 824 1825 825
6508 4576 3626 3849 1509
6509 2117 593 2077 42
6510 2272 1768 2027 1505
6511 2272 1768 2150 2027
6512 2368 917 862 151
6513 3819 237 2641 2196
6514 4143 2958 3341 2819
6515 2272 1914 2150 1638
6516 4062 2757 3743 3678
6517 2637 56 2396 1497
6518 2426 701 1325 958
6519 2272 1775 2204 1638
6520 3894 1715 2612 926
6521 2481 1803 1844 1808
6522 4437 420 2150 902
6523 1930 1223 1617 356
6524 1930 774 1495 1485
6525 1930 1468 1493 774
6526 2669 2044 2231 2202
6527 3411 933 1595 400
6528 2025 935 506 896
6529 4199 161 3999 3155
6530 2350 1235 1584 421
6531 3797 2726 3680 2561
6532 2025 1138 1557 896
6533 4529 3906 4084 3074
6534 1855 425 1746 1668
6535 4560 3571 3648 2007
6536 3868 1634 2643 2270
6537 3951 2604 3184 3173
6538 3990 2267 3985 2598
6539 4635 2565 3891 3845
6540 4003 1812 2205 2128
6541 3951 809 2125 377
6542 4067 779 1463 1475
6543 3952 3781 3864 3820
6544 4103 2115 2731 1777
6545 3774 3020 3711 2494
6546 4566 3331 3552 2055
6547 4751 2166 3926 1976
6548 4727 1804 3504 2221
6549 3814 2028 3653 2586
6550 4084 3284 3641 3200
6551 4341 3278 3668 3061
6552 3804 1592 2147 2016
6553 1887 1174 324 1181
6554 4215 135 927 871
6555 3699 2496 3342 2685
6556 3267 2013 2162 1636
6557 2649 1522 1718 1677
6558 1844 1681 1808 1735
6559 1844 1735 1808 1803
6560 4562 541 2126 133
6561 3177 1792 2970 2071
6562 2806 217 515 1419
6563 3985 524 1085 1156
6564 2806 1624 1794 1772
6565 4128 1298 659 1237
6566 4336 3576 3642 2302
6567 4440 3260 3758 3561
6568 4621 2345 3627 3182
6569 4280 2342 3420 3172
6570 3266 3099 3116 1989
6571 3644 1785 2859 2738
6572 4804 2533 4778 4634
6573 4153 2352 3904 2712
6574 3015 1586 2747 1812
6575 3945 1571 3307 3112
6576 1965 69 1210 781
6577 2163 1349 47 669
6578 3692 3614 3650 3372
6579 1965 1210 1187 781
6580 2890 1650 2444 2281
6581 3389 2009 2335 1803
6582 3249 1867 2158 95
6583 4298 2618 3996 1649
6584 4438 2026 2158 235
6585 3531 828 240 1351
6586 3758 2958 3458 2172
6587 3434 2201 3284 1880
6588 4239 2285 3395 1665
6589 4269 3350 3795 2199
6590 3316 1683 2978 1946
6591 3173 1754 2982 1988
6592 4748 2761 4426 2199
6593 4217 2658 3708 3206
6594 4010 2913 3696 1657
6595 3684 423 2921 846
6596 4735 1064 2072 486
6597 4147 2168 3924 2117
6598 3664 2416 3627 3341
6599 2365 1227 371 368
6600 3676 1540 3221 1931
6601 2365 1227 792 371
6602 4417 1689 3949 2525
6603 2062 1330 205 767
6604 2824 83 2429 288
6605 2062 828 205 1330
6606 4198 2664 3095 1934
6607 4280 2413 3420 2342
6608 3943 2139 3652 2300
6609 4084 3284 3434 3313
6610 4498 1537 2777 2654
6611 3215 2359 2486 2469
6612 4460 2413 2909 1679
6613 2675 173 608 1354
6614 2456 1717 2058 545
6615 4693 3790 3929 2490
6616 2338 441 936 1225
6617 3482 1596 2020 1907
6618 3988 2351 2592 2253
6619 2988 2194 2802 1839
6620 1971 898 1828 1654
6621 3411 1768 1939 1595
6622 3955 2351 2592 1995
6623 3030 2269 2773 1877
6624 4018 1171 2337 728
6625 4677 3179 3557 3118
6626 3990 1590 3085 2598
6627 4540 4107 4443 4413
6628 1996 981 1132 536
6629 4105 1184 2693 1421
6630 3336 1193 3251 707
6631 3187 2268 3032 2138
6632 4734 2410 3731 3165
6633 3545 1565 2354 803
6634 2353 1316 1146 1319
6635 3557 2422 3486 1509
6636 4357 2660 3252 2539
6637 2459 2233 2332 1758
6638 2034 1682 2002 1598
6639 3536 2631 2934 1738
6640 3797 2437 2441 1991
6641 2301 1392 560 829
6642 4052 2309 3012 483
6643 2593 1026 1054 1052
6644 1867 793 95 1318
6645 2027 275 1686 932
6646 2240 160 1788 1060
6647 2027 612 932 902
6648 2027 932 1768 75
6649 3957 2490 3581 1604
6650 2459 2162 2332 1852
6651 3391 1882 2820 1551
6652 2519 2176 2324 1398
6653 3929 2394 3369 2490
6654 2259 119 1155 421
6655 3727 2380 3459 1852
6656 3549 1699 3437 2189
6657 2086 1276 629 908
6658 2072 486 1064 45
6659 1987 758 1782 345
6660 3323 3200 3292 3162
6661 2388 1514 1949 1570
6662 3335 3083 3158 2873
6663 2815 2400 2514 1838
6664 2212 519 965 974
6665 3942 2308 3900 992
6666 4012 3433 3997 2962
6667 2299 948 705 1332
6668 2299 948 1982 1567
6669 3958 3366 3823 1859
6670 3865 913 388 1487
6671 3573 3350 3381 1898
6672 1945 492 352 1411
6673 3959 796 1584 939
6674 4386 1715 3894 432
6675 2340 1173 1474 773
6676 3251 1935 2610 472
6677 3625 2321 2436 1538
6678 3822 1936 3375 2227
6679 2415 916 294 1198
6680 2415 708 916 449
6681 4209 2564 3508 3042
6682 3822 1147 198 1211
6683 2340 767 1362 1330
6684 3771 3425 3513 3073
6685 4386 763 1055 1408
6686 2340 1330 2062 767
6687 3852 1835 2631 1097
6688 3233 1661 2742 1805
6689 3101 1705 2646 1787
6690 2483 1779 2426 1588
6691 3967 1650 2281 2205
6692 3952 2783 3864 3781
6693 3963 2304 3741 2193
6694 3386 2572 2997 2371
6695 3545 854 2354 1252
6696 2483 1588 1900 1815
6697 3964 2581 2720 1834
6698 4588 2056 3806 2781
6699 4116 1622 2847 1907
6700 2325 970 1576 715
6701 4204 1964 4046 3021
6702 2650 2119 2302 1708
6703 2886 1914 2027 1686
6704 4763 3848 4723 3417
6705 4759 3478 4525 4161
6706 3926 1527 2166 857
6707 4574 2656 3307 3038
6708 2768 964 2456 1058
6709 4733 4310 4328 3896
6710 3327 295 2282 941
6711 4432 2004 2596 1669
6712 3894 1512 2538 1840
6713 2054 477 229 1079
6714 2308 729 204 657
6715 3568 2973 3340 1798
6716 3964 416 2720 2581
6717 3256 1327 2358 318
6718 4211 3110 3760 3751
6719 3116 2474 2816 2151
6720 4615 1938 3416 3368
6721 3198 353 1436 1474
6722 3470 637 1577 1497
6723 4662 3748 4374 3514
6724 4654 3044 4000 1934
6725 3824 2373 3066 1508
6726 2460 1564 2115 1819
6727 3495 2357 2772 2207
6728 4178 858 3926 105
6729 2868 843 2434 660
6730 3452 839 2597 1602
6731 2698 526 2613 2288
6732 4381 1301 3011 1258
6733 4358 1118 650 960
6734 2339 1210 498 1418
6735 1886 1403 375 374
6736 2909 1993 2753 2632
6737 4401 1983 4133 2210
6738 2409 1716 2380 2341
6739 4667 2468 4058 2203
6740 2480 367 792 1425
6741 4276 2120 4272 3562
6742 4783 3968 4662 4374
6743 2798 1413 747 130
6744 3601 1643 2923 2036
6745 3153 1211 817 913
6746 4481 3316 4295 2040
6747 2010 1489 52 628
6748 4409 2303 3592 3110
6749 4449 2948 3720 1961
6750 4710 1507 4220 2639
6751 2985 1937 2390 1637
6752 4331 1745 2211 1625
6753 1916 1031 1374 403
6754 2165 1481 1486 28
6755 3658 3074 3261 3134
6756 1916 403 1056 1031
6757 4747 3720 4449 2948
6758 3863 631 1935 296
6759 3808 2412 3117 782
6760 1933 1511 1913 1720
6761 1933 375 1677 1034
6762 1943 738 1778 1708
6763 1971 898 1654 233
6764 2612 1715 2412 873
6765 4173 2885 3768 1547
6766 4458 3334 4379 3123
6767 3024 1562 2541 1954
6768 3743 2293 3632 2870
6769 3923 1706 3177 153
6770 4040 720 3923 3177
6771 4316 1892 3321 2138
6772 3505 385 2633 273
6773 3153 913 2713 2083
6774 2405 1543 2216 2006
6775 3343 2718 3174 1609
6776 3951 377 1477 809
6777 4364 1966 3675 3509
6778 4789 1123 4701 81
6779 4101 2448 3075 1669
6780 4390 2669 3103 1904
6781 4234 4098 4141 3484
6782 4046 3181 3869 3685
6783 1922 652 1753 1870
6784 2247 1690 1704 761
6785 4189 2852 2935 1560
6786 3552 2960 3338 3298
6787 3970 1212 2995 2209
6788 2212 974 74 519
6789 4049 2717 3652 2603
6790 4781 1762 3511 3362
6791 4062 2449 3388 3236
6792 2995 1715 2604 1512
6793 2036 1314 818 383
6794 3453 2100 2460 1673
6795 2104 996 339 86
6796 4549 1086 3328 929
6797 2396 56 1341 1497
6798 2476 1671 1701 1610
6799 4433 1603 3139 2347
6800 4701 2810 3412 1667
6801 3728 1911 3396 2495
6802 3971 1607 3952 2783
6803 2084 997 402 1078
6804 4361 1972 2938 1898
6805 3233 1805 2742 2076
6806 4684 2613 4551 2305
6807 3785 1632 2994 1628
6808 3163 2025 2825 2144
6809 2693 1184 784 1443
6810 2178 1633 1965 1829
6811 2150 1266 902 420
6812 2667 1139 94 986
6813 4490 2780 2952 1640
6814 2388 1965 2178 1514
6815 4340 2075 4011 2070
6816 4402 2874 3248 2129
6817 2660 1917 2539 2430
6818 4419 3131 4317 2110
6819 3972 650 1024 1412
6820 3401 1918 2857 246
6821 4488 2999 3299 1785
6822 2953 473 2014 1666
6823 4120 1000 2519 2176
6824 4656 1626 2176 768
6825 4517 3376 4124 2479
6826 2412 782 1429 1401
6827 2353 1319 1987 1316
6828 4794 2601 4223 3671
6829 1928 404 1911 1050
6830 4794 4141 4223 4098
6831 3747 2510 3407 3118
6832 3811 3122 3363 1532
6833 4567 1864 4521 1890
6834 2636 523 19 1348
6835 3202 2471 3096 2881
6836 2909 2203 2321 2316
6837 2833 1995 2714 1719
6838 3641 3475 3574 3313
6839 4204 3460 3759 1964
6840 3554 2563 3373 1111
6841 2058 546 1979 1637
6842 4296 1836 2313 1506
6843 4138 229 3031 1018
6844 4610 691 3779 3003
6845 4164 381 93 810
6846 3007 1653 2617 1923
6847 4804 4516 4757 3760
6848 3792 3691 3757 3107
6849 3865 2003 2931 2112
6850 3762 1831 3546 1842
6851 4392 1564 3124 2867
6852 4352 2567 3509 3309
6853 3925 2422 3053 1509
6854 3867 245 871 441
6855 3778 1598 2695 2635
6856 4403 2975 3905 2693
6857 4243 1971 2227 810
6858 4060 3560 3867 1556
6859 2801 413 2515 225
6860 4475 2489 4097 3434
6861 3107 1866 2311 2143
6862 4419 3131 3445 2449
6863 3953 3709 3761 2355
6864 2247 1221 1930 1493
6865 3932 2757 3388 3236
6866 4240 1749 2560 2118
6867 3395 1984 3144 2667
6868 3828 2545 3587 2800
6869 1891 1068 1024 132
6870 1891 132 650 1068
6871 1891 132 1024 650
6872 3973 365 1828 1730
6873 3014 2467 2832 1802
6874 3973 1907 3482 1730
6875 4376 2941 4304 4020
6876 3828 2545 2800 2331
6877 3828 2545 3491 3324
6878 3828 2501 3587 1878
6879 3643 2226 2724 1554
6880 1892 552 339 996
6881 4579 2172 3458 2627
6882 4014 1870 2679 43
6883 2632 2091 2468 1989
6884 4377 1543 2957 2269
6885 3213 1748 2423 1012
6886 4674 2128 2760 1812
6887 4350 103 2868 1440
6888 4172 569 1120 81
6889 2332 85 479 1057
6890 4590 279 3688 2862
6891 3271 1520 2839 1979
6892 3786 2575 3371 3021
6893 4631 1589 3852 145
6894 3571 2424 3152 2781
6895 4543 3487 3701 2475
6896 4287 2418 4051 1824
6897 4129 2744 3504 2221
6898 2246 1206 2215 638
6899 3638 2755 3154 2900
6900 4652 3181 3869 2028
6901 4240 3300 3681 3448
6902 4397 70 3026 1228
6903 4353 179 486 1356
6904 4501 2750 3215 2469
6905 3938 1713 3102 2555
6906 3101 122 1353 497
6907 4515 2301 4031 2965
6908 2584 1264 658 980
6909 4260 3528 4112 2629
6910 2584 658 2407 980
6911 4397 70 1228 579
6912 2584 1526 2407 1748
6913 3643 884 2226 470
6914 2723 1907 2020 1596
6915 4127 2727 3419 484
6916 3496 1923 2484 299
6917 4803 2795 4505 3610
6918 3980 207 3545 1252
6919 2923 1680 2749 1850
6920 4106 1732 3002 2066
6921 3981 1655 1696 1546
6922 4279 1772 3161 1624
6923 4279 1624 2037 1772
6924 3981 1546 2805 1655
6925 4555 1662 2180 2086
6926 4711 2899 4230 3512
6927 4220 1889 3673 2543
6928 4771 2526 4582 3458
6929 4473 3399 3497 3274
6930 2615 1835 1913 1875
6931 3573 2640 2793 2468
6932 4217 2410 3708 3550
6933 4510 3460 4367 3145
6934 4120 111 1951 681
6935 4251 2700 3752 10
6936 4354 3555 3616 3530
6937 2759 2367 2401 1648
6938 2915 487 2298 179
6939 4370 2982 3951 3133
6940 4641 1562 3669 3024
6941 3902 1776 1846 1692
6942 4262 1133 944 208
6943 2150 902 2027 1768
6944 4438 1420 4034 842
6945 3933 3650 3782 3105
6946 3982 1936 3822 2655
6947 3785 3109 3287 1632
6948 3950 2087 2549 2386
6949 3759 3302 3633 2775
6950 3948 796 795 1283
6951 3874 3017 3438 1631
6952 3935 2402 3385 2251
6953 4551 125 3443 2288
6954 3596 3283 3546 1684
6955 4709 2825 4584 1519
6956 4026 2813 3851 2707
6957 4439 3191 3620 3431
6958 4191 1586 3319 2281
6959 4391 1482 907 123
6960 3654 1318 1867 1563
6961 3031 598 578 1020
6962 3476 2249 3190 2898
6963 3904 3379 3446 2900
6964 4350 2202 2940 2868
6965 4312 1818 3226 2942
6966 4220 2033 2639 2478
6967 2932 2023 2646 2596
6968 3461 1822 2518 2004
6969 3823 1681 3089 2805
6970 3674 2329 3484 1906
6971 3603 38 772 1286
6972 4479 184 2289 623
6973 4273 2443 2706 270
6974 4779 1529 3891 2114
6975 4241 1926 3213 2372
6976 3556 319 3111 1404
6977 2713 913 817 732
6978 4481 2040 4295 3259
6979 4318 2736 3156 2042
6980 3705 2076 3544 3159
6981 3651 3182 3361 2345
6982 3763 2241 2620 1714
6983 2438 805 369 806
6984 4247 2933 4118 2589
6985 3264 2816 3116 2474
6986 4611 3579 4026 3106
6987 2395 534 130 1177
6988 4683 2603 3214 1857
6989 3676 2131 3263 673
6990 2637 1819 2095 450
6991 4621 1885 3645 3182
6992 4535 2715 3353 2866
6993 2728 1269 2298 487
6994 4703 3525 4180 3524
6995 3696 2286 3577 2913
6996 2852 2365 2431 1533
6997 4130 2378 3862 1874
6998 3750 2517 3058 2880
6999 2758 1069 1043 573
7000 3985 1156 2376 2267
7001 2780 1825 2330 824
7002 3562 2767 3309 3197
7003 4728 3396 4309 2333
7004 3959 293 394 819
7005 4052 176 2727 613
7006 3986 2687 3908 3692
7007 2479 2217 2375 1959
7008 3057 106 840 219
7009 4710 2370 3149 1507
7010 3057 1522 2649 1677
7011 3425 3097 3393 3073
7012 4552 1378 125 527
7013 4485 3387 3725 3243
7014 2936 999 1892 996
7015 3627 3061 3584 2696
7016 3964 2086 2555 1834
7017 3816 1656 2539 2430
7018 4576 2567 4217 3577
7019 4588 3047 3806 2149
7020 4109 2590 3747 3677
7021 2665 1734 2029 1947
7022 3499 2622 3138 3000
7023 2675 1354 2326 173
7024 4314 2651 4148 2771
7025 3956 1639 2776 2290
7026 3795 2690 3636 3112
7027 2786 153 459 851
7028 3956 2290 3831 1639
7029 3800 2624 3788 2920
7030 3989 219 841 521
7031 3990 1590 3985 3085
7032 2800 2501 2789 2475
7033 2340 1362 1488 15
7034 2593 1040 1659 504
7035 3557 2590 3493 3486
7036 4100 3123 3219 2683
7037 3065 1995 2448 2258
7038 4399 1621 3028 2030
7039 4792 2370 4710 3988
7040 4500 73 692 1383
7041 3165 2440 2827 1924
7042 3990 2267 3898 1552
7043 4576 3577 4217 2658
7044 3716 488 1269 259
7045 2154 1308 1811 1570
7046 2623 789 2443 1430
7047 4228 2266 4223 2414
7048 4207 3410 3469 3358
7049 2901 1610 2626 2600
7050 4736 2906 4192 3239
7051 2808 1953 2751 2052
7052 2495 1914 2272 1638
7053 4032 2971 3126 1531
7054 2887 2186 2787 975
7055 4317 2789 3131 2331
7056 2004 60 431 833
7057 1930 1221 1617 1223
7058 43 1870 1753 652
7059 2396 1819 2115 1564
7060 4716 2562 4250 2770
7061 4584 3523 3913 2825
7062 4241 1760 2407 1748
7063 2403 2029 2211 1734
7064 4288 1449 2786 459
7065 1979 1065 546 66
7066 3168 3103 3160 2406
7067 2797 2312 2687 1791
7068 4094 2113 3917 3005
7069 4132 631 3863 676
7070 3334 2283 2914 1611
7071 2809 396 2105 139
7072 4321 2334 4288 3659
7073 2243 123 522 1347
7074 2773 942 202 727
7075 4801 4223 4228 3526
7076 3814 1903 3653 2792
7077 2931 11 388 1351
7078 4661 3604 4334 2198
7079 2393 1541 2239 2158
7080 4719 3757 4248 2836
7081 4325 1454 2256 1433
7082 4363 1898 2505 1972
7083 3920 3698 3877 2762
7084 4513 3004 3363 2557
7085 4541 3028 4186 2157
7086 4096 2624 3800 2920
7087 3956 1787 2646 1705
7088 3850 1248 3194 415
7089 4588 1749 3047 1958
7090 2065 1511 1933 1720
7091 2519 1081 361 349
7092 3366 2949 3089 1844
7093 4360 3285 4160 1975
7094 4334 3604 4202 3717
7095 2065 106 751 1034
7096 3465 2274 2807 2674
7097 2065 1399 1933 1034
7098 2516 1833 1894 690
7099 1981 1053 1626 1338
7100 1981 1338 753 180
7101 4664 3700 4019 3013
7102 3339 2827 2875 1569
7103 4085 1868 2602 2466
7104 2285 749 84 337
7105 2969 1345 1841 1082
7106 2491 27 1700 1461
7107 1965 498 1829 1210
7108 4705 2791 4187 138
7109 4473 2884 3631 3238
7110 4599 2843 2968 1630
7111 4528 2400 3046 1973
7112 4282 3855 4017 3843
7113 3995 2647 3016 1676
7114 1923 773 1436 215
7115 3251 296 1935 1465
7116 4500 2856 3414 692
7117 4437 3171 4214 420
7118 3263 1731 2682 1540
7119 2423 608 1012 1349
7120 4617 2059 3666 2763
7121 2652 961 600 1118
7122 4267 2132 2476 1671
7123 4500 2856 4087 1771
7124 3995 1552 3898 1996
7125 3315 1004 544 966
7126 3995 2346 3898 2598
7127 4189 2603 3275 3214
7128 3998 2374 3677 1553
7129 4210 3255 3912 1726
7130 3716 2298 2728 1269
7131 4542 1663 4538 2897
7132 4814 2206 3498 3196
7133 3319 2483 2890 1815
7134 4044 2018 3291 3073
7135 2175 645 1654 233
7136 4366 3911 4107 2747
7137 4257 2994 3314 1632
7138 4203 1343 1471 657
7139 4604 1927 3913 3016
7140 2175 233 1654 1478
7141 2175 1467 1314 645
7142 2175 645 233 1478
7143 2175 445 1233 1259
7144 2165 1486 1149 28
7145 2481 1808 1844 1681
7146 2412 873 1715 1055
7147 2353 1166 781 1253
7148 4411 3426 4365 3809
7149 2175 1467 1478 12
7150 3998 1940 3286 2184
7151 4798 4015 4739 4345
7152 4182 3829 4167 3645
7153 4796 1334 4251 3941
7154 2280 476 868 355
7155 4715 2374 3607 2835
7156 4309 3338 3845 3728
7157 3999 161 2009 1808
7158 4486 2046 3593 1600
7159 4530 3585 3855 2238
7160 4200 589 2466 2315
7161 3108 1151 1432 499
7162 2927 1618 2368 1882
7163 4746 1874 4444 2981
7164 2072 45 477 1267
7165 2072 45 1064 477
7166 2624 2291 2440 2361
7167 2072 1377 486 45
7168 2071 1438 721 334
7169 4547 1884 4221 3257
7170 3940 2051 3117 92
7171 3426 2068 3353 2866
7172 4218 2067 2829 2730
7173 3443 1560 3228 2935
7174 4240 2159 3300 2553
7175 3890 3099 3116 2207
7176 2934 1523 1806 1515
7177 2146 1219 642 863
7178 2146 1723 2142 2056
7179 2409 1049 1047 479
7180 4556 2474 3495 2151
7181 3359 3097 3295 2885
7182 2399 1476 2010 1384
7183 4234 3484 4025 2557
7184 4486 1802 2099 1644
7185 2324 1382 1053 30
7186 4167 2918 3645 3010
7187 4004 2895 3318 3021
7188 3769 2388 2389 1514
7189 3603 772 1707 1286
7190 4277 1826 2636 1676
7191 4291 2855 2923 1850
7192 4150 1905 3621 3059
7193 2655 1211 1487 646
7194 2679 43 1870 1753
7195 4530 3517 3855 3585
7196 4105 568 1184 1421
7197 2324 768 2176 1626
7198 2325 970 715 977
7199 3942 1804 3900 2308
7200 2324 768 1626 1382
7201 4002 917 2368 680
7202 3622 51 2256 1454
7203 4003 1848 3479 1321
7204 3793 663 946 1407
7205 3003 691 1206 1482
7206 4075 1769 2897 2718
7207 2997 2367 2371 1721
7208 4004 2895 3838 3273
7209 3107 2143 2587 1866
7210 4760 709 3225 2889
7211 3851 2707 3635 2420
7212 4283 559 1157 1403
7213 3482 1921 2847 2398
7214 4613 3888 4231 3578
7215 2046 1695 1764 1044
7216 3594 1089 572 983
7217 3133 1904 3022 2535
7218 4483 3167 4482 3322
7219 4590 2862 3688 1984
7220 3178 2116 2190 1955
7221 3178 1724 2756 2744
7222 2337 1922 2088 1870
7223 4154 1490 2579 1466
7224 2232 628 1200 187
7225 4005 2346 2882 1954
7226 4006 1063 2292 578
7227 4607 1951 3767 1742
7228 2309 462 1098 41
7229 4778 3456 4634 3219
7230 2909 2316 2321 2110
7231 4520 3532 3594 983
7232 2681 2111 2222 1526
7233 3352 851 2786 1449
7234 3603 1698 2064 1286
7235 4376 2349 4020 3558
7236 2806 1772 2037 1624
7237 3560 1556 3014 1695
7238 3982 1211 3865 2655
7239 4171 2274 2807 2578
7240 4287 1610 2901 2600
7241 4436 373 231 808
7242 3394 2062 2573 1830
7243 4104 2219 2736 1797
7244 4471 1379 2733 2098
7245 4472 736 309 1371
7246 4477 679 1199 1188
7247 2306 1505 1883 1565
7248 4456 2145 2938 1555
7249 4814 3891 4636 2635
7250 3187 1163 2138 1033
7251 4121 1604 2643 2270
7252 3889 3344 3799 3156
7253 4651 3869 3921 3685
7254 4171 726 4089 2578
7255 3424 1613 3386 3033
7256 4644 3296 3920 3097
7257 4558 3477 4323 2890
7258 4568 2917 3034 2392
7259 3211 2201 3176 1946
7260 3570 3130 3146 2754
7261 4007 1738 2934 1106
7262 4312 1291 3716 1032
7263 4124 3376 3684 2479
7264 3562 1672 3509 2963
7265 4197 3473 3779 2129
7266 2039 1567 1783 100
7267 2350 1584 2259 421
7268 2892 1032 493 182
7269 2731 1548 2100 1980
7270 4546 3011 3987 554
7271 2926 1852 2332 2162
7272 3463 3000 3401 2113
7273 2030 199 647 716
7274 4285 1946 2978 2959
7275 4070 759 371 1361
7276 2144 935 2025 199
7277 3805 2715 2866 2677
7278 3082 1194 594 1159
7279 2405 2006 2216 2182
7280 2353 1319 1146 1253
7281 2495 1638 2272 2022
7282 3780 1817 3198 2991
7283 3361 2345 3341 2648
7284 2915 1550 2387 2382
7285 3339 1569 2630 1576
7286 4383 553 3686 2597
7287 4489 496 104 960
7288 3975 1645 3749 2064
7289 2165 661 1486 1481
7290 3129 1380 2625 277
7291 4267 1610 2626 1671
7292 2746 2413 2632 1993
7293 3620 3079 3590 1847
7294 4473 3238 4351 2884
7295 3072 727 2773 1691
7296 2306 1775 1939 1565
7297 2886 1273 1686 612
7298 4712 161 4235 4199
7299 2177 191 924 861
7300 2864 862 2368 1882
7301 4643 217 2806 1419
7302 4357 2522 4043 3064
7303 4062 2449 3236 3145
7304 3416 1516 3349 3308
7305 3026 2000 2488 70
7306 3064 1656 2539 2522
7307 1979 66 546 503
7308 3441 2677 3353 1510
7309 1979 1065 1637 546
7310 4436 2766 3132 3067
7311 4029 2155 3614 3301
7312 4616 2730 4572 4218
7313 2393 1593 2239 1541
7314 2794 1078 2084 1729
7315 4618 1917 2784 2761
7316 2684 799 103 1175
7317 2175 12 1233 445
7318 4290 2124 3791 2520
7319 4351 2945 3511 3238
7320 2280 1307 1172 476
7321 3951 376 1988 1477
7322 4198 1934 4000 2786
7323 2929 2300 2717 1888
7324 3198 1653 2573 1923
7325 2794 2379 2485 1729
7326 4540 3698 4301 4036
7327 4010 2743 3270 2913
7328 2353 1319 682 276
7329 4368 854 2930 1883
7330 4525 3589 4025 3595
7331 2117 42 2101 588
7332 3126 2078 2967 2766
7333 4703 3245 3464 3413
7334 2231 1910 2044 1612
7335 2237 1914 1928 1911
7336 2237 1638 2150 1914
7337 3782 2312 3105 2687
7338 2237 1265 404 1266
7339 4033 1279 3821 1860
7340 3089 1681 2481 1844
7341 3888 2461 3772 2087
7342 4664 3013 4019 3404
7343 3888 2153 3772 1743
7344 4522 2506 3702 3098
7345 1959 686 255 1424
7346 3579 2422 3486 2045
7347 4308 677 356 1168
7348 4513 3266 4207 2956
7349 2225 535 1717 308
7350 2225 1908 2050 2024
7351 3850 35 1248 415
7352 4652 3305 4506 2870
7353 4256 2960 3744 2799
7354 3753 2973 3123 2489
7355 3753 2900 3379 3123
7356 3060 2816 3035 2179
7357 3401 1918 2860 2857
7358 4320 1526 3504 3280
7359 4320 2039 3104 1804
7360 3215 2469 2750 2359
7361 3056 2521 2714 1967
7362 3942 1627 3506 302
7363 4641 3669 4379 2900
7364 3870 2619 3049 2276
7365 3473 1728 3320 1822
7366 3396 1928 2495 1911
7367 3537 1581 3335 3083
7368 4013 3339 3788 1924
7369 2480 67 2369 792
7370 2480 792 1560 1425
7371 2480 67 792 323
7372 2864 862 1882 230
7373 2679 1753 2378 1710
7374 4364 2286 3857 2913
7375 4451 3245 4433 3246
7376 2048 1301 78 1107
7377 3271 2390 2912 1637
7378 3099 2207 2457 1591
7379 4014 1046 1974 1870
7380 2029 1693 1745 712
7381 2991 1605 1690 1680
7382 3323 2489 3123 2973
7383 1974 1046 993 587
7384 4401 2210 4133 3032
7385 4486 1802 3014 2832
7386 4015 2167 3854 2216
7387 4751 857 2166 694
7388 4053 2463 2887 2081
7389 3740 1601 3613 2427
7390 2294 1025 1059 541
7391 1994 1803 1808 1735
7392 4102 2128 4072 2947
7393 3258 1725 3144 3066
7394 3115 359 800 1241
7395 4035 2928 3761 1657
7396 4600 1437 3789 3249
7397 3855 3491 3517 1673
7398 4016 588 2708 2101
7399 3683 1755 3165 2920
7400 3434 2201 3297 2192
7401 2631 1131 1806 77
7402 4048 2776 2869 2135
7403 4561 4301 4540 3911
7404 4600 1452 348 1437
7405 4598 3200 3878 3284
7406 2777 1827 2310 2031
7407 4363 1538 2505 2091
7408 2519 361 2443 1430
7409 4419 2644 4317 2449
7410 3826 2497 3764 2980
7411 4145 2474 3854 1854
7412 4253 1151 1250 110
7413 3885 97 3803 2343
7414 3861 2575 3494 3189
7415 4237 2086 3964 1276
7416 2427 423 795 62
7417 3693 3325 3564 2696
7418 2427 256 795 449
7419 2163 47 1748 1484
7420 3690 2028 3392 3035
7421 4731 4322 4681 4093
7422 4324 1827 2777 2031
7423 4591 3005 3054 2364
7424 4215 135 3893 927
7425 4148 2651 3405 2771
7426 3928 2343 3733 2850
7427 3538 2049 2851 2521
7428 4594 3752 3912 3037
7429 3328 928 1086 1084
7430 3983 2821 3884 3480
7431 4266 1927 4222 2826
7432 3411 1782 1987 758
7433 2204 1529 2015 1889
7434 3854 2254 2348 2006
7435 4414 3062 3998 2184
7436 4413 1629 3305 2474
7437 2715 1694 2677 1282
7438 4801 3100 4749 2297
7439 3936 272 2320 592
7440 3769 345 1502 1457
7441 3588 382 1135 129
7442 4437 420 75 931
7443 4085 2434 2504 843
7444 2438 805 1592 369
7445 2438 1541 1897 1592
7446 4283 1157 1774 840
7447 3952 1607 3447 2783
7448 4399 2953 4186 1621
7449 3251 1193 2983 2078
7450 3018 124 636 524
7451 4620 4336 4527 3185
7452 3934 2775 3878 3759
7453 4614 2106 3804 1619
7454 2704 1513 2185 2020
7455 2322 324 1887 1174
7456 2385 1390 398 825
7457 3882 1650 2824 1546
7458 3420 1906 2770 2342
7459 2804 1259 2455 1448
7460 2661 1600 1688 1554
7461 3800 1530 2673 2624
7462 3258 2989 3011 1508
7463 4120 1609 2718 1951
7464 4018 728 1046 1285
7465 4665 3294 3921 2511
7466 4019 3700 3943 2939
7467 4395 2296 4291 2855
7468 4428 2198 4191 3717
7469 3006 465 1887 280
7470 3945 3112 3636 1571
7471 4053 1790 2887 2463
7472 4467 954 4113 3076
7473 2116 1213 315 1471
7474 3453 560 248 829
7475 2116 1177 341 1355
7476 4257 1390 239 595
7477 3692 3301 3349 3086
7478 2737 1919 2518 2004
7479 4479 1204 2215 940
7480 4313 1624 3858 3161
7481 3813 1339 1956 330
7482 4021 2586 3442 2959
7483 4004 3467 3494 2575
7484 2737 1346 2288 125
7485 2840 2132 2185 2020
7486 3827 667 1385 600
7487 4528 1973 2507 2400
7488 4479 1204 940 623
7489 3712 2797 3043 2012
7490 4404 3036 3966 2790
7491 1982 1783 1893 1646
7492 1982 1646 1893 303
7493 2830 2080 2709 1786
7494 3430 1836 2068 1977
7495 4378 2093 2893 2387
7496 4430 2650 3308 2302
7497 4601 3054 3299 1912
7498 3717 1581 3604 3083
7499 3856 2583 3793 208
7500 3519 3333 3442 2213
7501 3369 1604 3343 3174
7502 2721 1831 2241 1842
7503 2140 1799 2074 1561
7504 2150 1914 2027 1266
7505 3449 830 560 143
7506 4245 3164 3319 1588
7507 4059 2454 3170 2525
7508 4641 2712 4153 3904
7509 4024 1561 2809 2074
7510 4565 1963 2149 1901
7511 3611 2912 3271 1795
7512 4344 1783 1893 1862
7513 4076 1011 969 493
7514 3101 122 689 1353
7515 3428 2799 3109 1628
7516 4076 493 2892 1011
7517 2456 866 1058 545
7518 4670 3009 4229 3678
7519 2798 535 1908 1413
7520 4807 4440 4764 2152
7521 4635 3845 3891 2568
7522 3136 1722 2710 2562
7523 3689 210 957 669
7524 3595 2316 3544 2203
7525 4026 1547 3841 3798
7526 2874 2399 2510 2130
7527 4014 1974 2815 1870
7528 4398 3826 4323 3477
7529 3628 2019 2222 1864
7530 4059 2057 2525 1843
7531 4547 1902 4221 1884
7532 3738 1537 3675 2310
7533 3144 2910 2916 1984
7534 2568 2177 2237 1638
7535 3441 2043 2441 1510
7536 4120 1000 2176 401
7537 4502 791 2106 370
7538 3069 1870 2337 2088
7539 4299 3038 4161 3649
7540 3878 2001 3302 3284
7541 4022 3296 3920 3726
7542 3420 2342 3285 3172
7543 2863 2707 2792 2544
7544 4618 3212 3796 1929
7545 3609 1918 2917 2134
7546 4539 3582 4507 2869
7547 3126 2078 2766 2668
7548 4719 2994 3785 2750
7549 3519 1903 3442 3094
7550 2593 1054 2061 1052
7551 4029 2155 2759 2401
7552 4306 1521 1895 1181
7553 2504 242 843 660
7554 2626 1724 1908 1671
7555 4030 321 3547 1169
7556 3691 1771 2284 1536
7557 2412 1401 1429 1055
7558 2265 1857 2149 2139
7559 4508 3713 4288 2334
7560 4031 2449 3377 3145
7561 4516 3592 3719 1873
7562 4033 1279 1860 633
7563 4164 719 1971 810
7564 3660 2174 3253 3020
7565 3281 34 1729 402
7566 2080 1222 313 856
7567 2508 1593 2438 2239
7568 4315 2205 2760 2128
7569 4042 1615 2987 798
7570 4091 2577 3070 1549
7571 3725 3054 3299 2691
7572 3601 1635 2843 2036
7573 4388 133 2126 385
7574 3557 3179 3486 2422
7575 4747 2948 4449 2047
7576 2535 809 1260 422
7577 3003 2445 2654 2215
7578 4395 2579 3661 2686
7579 3217 883 226 882
7580 1994 1735 1844 1803
7581 4649 196 863 899
7582 2237 1911 1928 404
7583 4193 2888 2896 2807
7584 3056 2521 2587 1719
7585 2954 2704 2802 1642
7586 3913 3085 3523 1927
7587 4002 2368 2933 1601
7588 4439 3372 3486 3431
7589 4282 3324 3855 2545
7590 4282 2545 3587 1878
7591 3818 1729 3351 2999
7592 2459 1925 2233 1758
7593 3466 1040 61 440
7594 3652 1963 2300 2139
7595 4337 3500 4010 1657
7596 2515 1523 1806 77
7597 4510 3145 4367 2331
7598 3966 3568 3883 2790
7599 4425 3037 3914 2588
7600 3503 2583 2697 1896
7601 2848 2024 2456 2358
7602 4489 2820 3140 1765
7603 2727 1163 2268 484
7604 2990 1075 2000 1687
7605 4128 1877 2773 942
7606 3657 1241 2765 424
7607 3821 1268 1418 759
7608 4607 1659 3756 1609
7609 4002 916 2415 1618
7610 3678 3218 3558 1773
7611 4321 596 2664 2469
7612 4538 1663 4254 1962
7613 3763 1714 2620 1998
7614 4237 2555 3964 2086
7615 4461 2509 2817 2033
7616 3724 2001 3289 3041
7617 3941 2224 3500 2605
7618 2107 1858 1986 1806
7619 2983 1202 2078 1193
7620 4041 540 2013 1105
7621 2478 2306 2354 1507
7622 2695 924 1881 372
7623 3767 997 1951 111
7624 4259 749 2796 2285
7625 4399 258 1666 919
7626 2000 439 1891 1075
7627 2991 2741 2838 2573
7628 2991 2573 2838 2083
7629 2992 2739 2778 2751
7630 2478 1507 2354 2257
7631 4409 3384 3724 2808
7632 4540 4443 4448 4413
7633 4561 4036 4366 3911
7634 3949 1843 2525 1689
7635 4456 1555 3170 3147
7636 2909 1993 2632 2413
7637 4327 1639 3831 1833
7638 3241 285 1998 594
7639 2555 2139 2300 1834
7640 2684 242 103 799
7641 2791 845 138 444
7642 4293 2875 3800 2477
7643 3815 1582 3730 3150
7644 3575 1805 2076 1578
7645 4126 1328 447 829
7646 3351 2540 3281 1742
7647 4172 569 2677 1694
7648 4735 179 4353 2298
7649 3484 2329 3420 2770
7650 4507 3017 3682 3439
7651 3427 2130 2399 2129
7652 3902 1431 1039 571
7653 3310 2215 2445 1206
7654 3683 2312 2709 2498
7655 4144 2267 2810 1667
7656 3356 101 306 713
7657 4467 3076 4113 2166
7658 4556 3495 4242 2207
7659 4275 1101 2631 1738
7660 3174 1868 2643 2602
7661 2455 446 844 1448
7662 3788 2440 2920 2624
7663 3359 2380 3295 3097
7664 4194 2431 3498 1598
7665 4265 1417 4259 2647
7666 4248 3691 3792 1660
7667 2240 160 1060 1207
7668 4720 2627 4695 2266
7669 3570 2754 3511 3124
7670 3144 2048 2862 1725
7671 4723 4289 4519 3204
7672 2457 2357 2430 2250
7673 2058 546 308 503
7674 3990 1599 3018 2271
7675 4004 3273 3838 3167
7676 4646 3591 3932 3236
7677 3935 2251 2599 2402
7678 4646 318 3256 2768
7679 3881 537 1671 1070
7680 4175 2494 3020 2997
7681 4041 1105 1104 540
7682 4041 1104 1788 160
7683 4526 3154 4294 3810
7684 4624 2911 3696 2928
7685 2804 1828 2455 1259
7686 4025 3573 3722 1532
7687 4041 1014 1104 289
7688 4758 2477 3800 1530
7689 3758 3102 3561 3260
7690 3949 374 1162 55
7691 2428 67 754 1361
7692 2480 67 2428 2369
7693 4436 2766 2983 2668
7694 4084 2812 3906 3313
7695 2247 761 1704 1221
7696 4114 1997 2301 57
7697 4462 1366 4421 166
7698 4358 1891 2905 1551
7699 3630 2471 3202 2911
7700 4751 2131 4178 105
7701 3815 2037 3108 1582
7702 4042 1668 1746 425
7703 4042 425 797 63
7704 2927 894 1882 456
7705 2927 1150 5 1198
7706 4089 3713 4085 1402
7707 2014 745 473 172
7708 2014 172 473 798
7709 4263 3477 3775 3335
7710 4515 3225 3517 3449
7711 4515 3205 4031 3491
7712 4043 443 3129 838
7713 4358 2652 2905 1891
7714 4358 1118 2652 1891
7715 4043 443 3735 3129
7716 2014 901 172 798
7717 2014 901 745 172
7718 4391 2399 4206 1606
7719 4044 3073 3916 1539
7720 3479 706 2947 2128
7721 2409 1049 479 1130
7722 3580 3235 3292 3200
7723 2692 1514 2389 2388
7724 3750 3405 3679 2651
7725 3375 645 198 1201
7726 2016 1255 1592 805
7727 2016 787 1255 805
7728 3496 1405 1173 299
7729 3474 2411 3272 3008
7730 3966 2790 3809 1798
7731 2600 2476 2524 1610
7732 3919 39 1797 778
7733 3948 1585 3740 2096
7734 4060 548 2467 976
7735 3810 2192 3434 3059
7736 4808 265 4765 4432
7737 2277 1335 947 743
7738 4421 166 3314 1632
7739 3549 2143 3437 2311
7740 3821 759 1396 1268
7741 4281 1676 4259 2647
7742 2082 1175 789 1178
7743 4299 3307 3749 3501
7744 3982 2655 3822 1211
7745 4466 2352 3774 2685
7746 3982 3153 3865 1211
7747 4124 2899 3684 3376
7748 4037 2783 3608 2473
7749 4421 1370 3314 166
7750 4437 2642 4214 3171
7751 4326 2041 4163 3786
7752 2021 785 1643 859
7753 2021 859 107 785
7754 2021 859 1643 107
7755 4309 3396 3737 2960
7756 2021 1617 1930 777
7757 2021 777 1930 1480
7758 4664 2929 3143 1574
7759 4404 1941 3036 2735
7760 4355 197 1305 1141
7761 4081 3731 3880 2963
7762 4387 565 146 1397
7763 4031 2703 3491 2331
7764 2837 1739 2005 1696
7765 4364 2310 3675 1966
7766 4648 3537 3775 2767
7767 3979 3179 3738 3557
7768 2137 859 860 396
7769 2307 1161 1764 251
7770 2137 859 316 860
7771 3823 2922 3462 1546
7772 2034 261 1218 685
7773 2034 685 1832 922
7774 2165 1481 1811 1308
7775 2165 661 1615 1486
7776 4517 1966 3512 3376
7777 4192 1741 3044 2621
7778 2181 297 654 1189
7779 3003 2246 2654 2453
7780 3249 788 1867 95
7781 2259 119 421 1283
7782 3114 426 1087 278
7783 2726 1996 2561 2346
7784 3601 2036 2894 2749
7785 2714 1995 2049 1719
7786 2136 261 1294 1218
7787 4616 3247 3390 1915
7788 4303 2251 3385 2962
7789 3929 3398 3597 2643
7790 3813 983 1339 330
7791 2961 2059 2904 2230
7792 2977 1772 1794 1624
7793 4024 2105 2804 139
7794 4741 3272 3847 1592
7795 4649 899 3947 196
7796 4048 2135 3269 2537
7797 3291 1739 3073 2837
7798 2180 908 2002 65
7799 2180 378 1901 241
7800 4705 2358 4187 3839
7801 3876 2282 2889 632
7802 4200 2466 3868 2315
7803 4383 1325 3686 553
7804 2180 378 241 908
7805 2180 1901 2139 2086
7806 4049 2603 3700 2939
7807 3286 1619 2966 2248
7808 3652 2139 2149 1963
7809 4060 976 2467 2186
7810 4492 3433 3997 2251
7811 2582 1664 2030 1621
7812 3575 1651 2974 1367
7813 3138 1915 3000 2622
7814 4467 1263 2682 320
7815 4092 1880 2402 2304
7816 4389 1247 2072 477
7817 4759 3945 4459 3038
7818 4015 2182 2216 2006
7819 2661 266 1688 1600
7820 2030 896 647 199
7821 2030 896 2025 647
7822 4314 3237 3750 2771
7823 2693 1184 1224 1421
7824 4083 1553 3607 2510
7825 4423 549 3050 136
7826 4724 2378 3598 2088
7827 3093 1115 44 1326
7828 3521 2204 2568 1529
7829 3522 1647 3474 1959
7830 4290 2124 2520 2211
7831 3303 787 2016 805
7832 3314 1370 2320 272
7833 4431 3050 3915 1678
7834 2338 927 1932 281
7835 3093 1176 2063 1326
7836 4502 2090 3804 3415
7837 3093 44 549 1176
7838 4139 1838 2400 1974
7839 3002 1732 2531 2066
7840 3763 1896 2547 46
7841 4705 3256 3839 1578
7842 2137 860 2105 396
7843 3003 1482 1206 638
7844 3003 2445 1206 691
7845 2894 1643 2749 2021
7846 2539 2075 2234 1921
7847 2539 1921 2234 1656
7848 4334 3717 4107 2198
7849 3115 1811 2765 1570
7850 3619 1866 3418 2502
7851 3579 2045 3372 2295
7852 4598 3162 3292 3200
7853 4430 1708 2650 2611
7854 2539 2234 2522 1656
7855 4758 3777 4293 2477
7856 4800 1905 3549 2311
7857 3852 1698 3783 1494
7858 4058 2632 2902 2413
7859 4274 2057 4063 2408
7860 2886 1505 2275 1914
7861 4138 1018 2292 1801
7862 3753 3123 3669 2900
7863 4756 4073 4514 4227
7864 4435 2834 3742 3274
7865 3151 1829 2178 1583
7866 2889 295 709 632
7867 4652 2870 3632 3305
7868 4280 3392 4250 3172
7869 2037 1432 1582 776
7870 4232 292 2936 475
7871 4247 3740 4140 3961
7872 3814 2710 3230 3035
7873 4579 3387 4485 2606
7874 4435 4205 4211 3639
7875 3749 3501 3609 2414
7876 3151 1775 3149 2178
7877 4435 3274 3742 2906
7878 3151 2204 3142 1529
7879 3151 1529 2452 2015
7880 4435 2834 4017 3742
7881 3151 2642 3142 1638
7882 3934 2001 3384 3041
7883 4370 1477 1988 1577
7884 3684 255 846 615
7885 3797 2561 3680 2629
7886 2593 1052 1659 1040
7887 3720 187 2948 394
7888 4572 2662 2730 2506
7889 4023 2865 3665 2352
7890 3622 1454 428 1394
7891 2698 1384 2399 2010
7892 3769 756 1167 1146
7893 2711 929 1557 363
7894 2979 1937 2191 1920
7895 4548 3301 4439 3346
7896 4445 1991 4005 2437
7897 2708 328 2228 1060
7898 2858 1839 2802 2024
7899 4310 2343 3928 2850
7900 3606 3164 3319 1779
7901 4237 1276 3964 117
7902 3139 1943 2347 1603
7903 2577 1957 2290 1549
7904 4732 659 4342 4128
7905 3591 2965 3315 3225
7906 4395 3364 4055 2686
7907 3808 874 2412 1429
7908 4016 328 981 536
7909 3591 2191 3315 1920
7910 3177 721 2071 1438
7911 4051 2148 3015 2986
7912 4313 1945 2032 1772
7913 3423 2221 2764 1544
7914 4565 1797 3602 2581
7915 4581 2187 4347 2918
7916 3730 764 3161 3150
7917 4081 3339 3731 2325
7918 4696 2416 3664 3341
7919 3897 721 2888 80
7920 4403 2591 2748 2693
7921 4769 1751 4115 3415
7922 2061 1052 437 254
7923 4588 1749 3681 3448
7924 2061 1054 1981 437
7925 2423 608 2372 1012
7926 3654 2239 2508 1563
7927 3604 1581 3128 3083
7928 3035 2816 2956 1722
7929 4648 3775 4263 3477
7930 4112 2561 3797 2629
7931 4053 2081 2186 700
7932 3707 3017 3446 3154
7933 2753 2468 2632 2091
7934 4053 975 1790 989
7935 2990 520 121 1453
7936 4522 3492 4157 1761
7937 3012 483 2659 1022
7938 4053 670 3893 700
7939 3542 2164 3071 1849
7940 3188 201 653 1426
7941 2411 1820 2158 364
7942 3986 3086 3223 1863
7943 4625 3564 3702 2662
7944 2051 92 1208 782
7945 2051 1208 1800 782
7946 4287 2264 2901 2221
7947 4287 2221 2811 2264
7948 2051 699 1208 92
7949 2051 699 1670 1208
7950 4287 2221 2901 2744
7951 4287 1610 2600 2418
7952 4287 2744 2901 1610
7953 3741 2304 2699 2193
7954 4545 75 682 931
7955 4653 1879 4254 2379
7956 4692 2363 2500 2093
7957 4360 3172 3574 1975
7958 4460 1993 2909 2413
7959 2530 1832 2428 2034
7960 4095 2211 3107 2108
7961 3553 2062 2386 1830
7962 4713 2223 2464 1854
7963 4759 3038 4574 3945
7964 2488 733 1228 70
7965 4033 2339 3171 1860
7966 4055 775 357 1490
7967 3925 3053 3635 1509
7968 4318 2972 3156 1579
7969 3445 2449 2988 2436
7970 4058 2632 2753 2468
7971 4056 3227 3336 807
7972 3853 1605 2169 1653
7973 4148 2502 3489 3418
7974 2612 872 433 926
7975 4670 3965 4229 3009
7976 4058 2468 2753 2203
7977 3312 2964 3235 1504
7978 3548 3134 3464 3261
7979 4349 2449 2644 2293
7980 2519 270 1081 1000
7981 4056 1483 635 807
7982 2579 452 867 1490
7983 3224 1976 3076 2166
7984 4387 146 2733 1397
7985 4065 342 3436 501
7986 4159 2044 3844 2897
7987 4532 1629 4151 2512
7988 4332 3021 4046 2041
7989 2500 2382 2387 1550
7990 2530 1288 1832 685
7991 2530 685 2034 1218
7992 2530 2034 2428 1682
7993 2530 1261 1832 1344
7994 3505 1952 2859 2364
7995 2967 1697 2716 1932
7996 2933 2291 2589 2368
7997 3488 2573 3007 1923
7998 3153 1211 2843 383
7999 3654 1593 2508 2239
8000 3098 2527 3049 2588
8001 3483 2118 3286 2184
8002 2403 1693 2377 2211
8003 2675 1349 2423 1572
8004 2910 435 1107 1084
8005 3556 1853 2954 2398
8006 2967 1932 2716 2073
8007 3251 296 1465 1193
8008 3981 2805 3823 2018
8009 3570 3124 3130 2754
8010 4528 3467 4483 3580
8011 4205 2621 4066 2984
8012 2285 337 84 889
8013 3963 2197 3741 2304
8014 3729 1295 550 925
8015 3633 2556 3632 2293
8016 4548 2559 4169 3346
8017 3721 2699 3646 2450
8018 4502 2828 3303 2090
8019 2726 1667 2541 1991
8020 2713 1680 1817 757
8021 4058 2557 2793 2468
8022 3658 3134 3261 2755
8023 3541 1594 3516 3451
8024 3830 434 2336 1692
8025 2165 1149 1615 1209
8026 4024 2105 2809 2663
8027 4117 3402 4000 1706
8028 3548 2255 3378 1636
8029 2063 973 1893 1324
8030 2063 1176 605 1326
8031 2063 1326 605 1324
8032 3443 1425 125 367
8033 3907 49 3419 495
8034 3155 1808 2481 1681
8035 4424 547 3095 474
8036 4146 2370 4027 1507
8037 3409 2091 2632 1989
8038 2063 1176 973 605
8039 2063 605 973 1324
8040 3669 2536 3658 3525
8041 4616 2462 4572 2972
8042 4062 3678 3743 2854
8043 3470 637 3444 1577
8044 4470 1919 3451 2638
8045 4005 2437 2541 2536
8046 3976 3438 3576 2494
8047 2393 1155 1757 1559
8048 2393 221 1155 793
8049 3249 2026 2158 1867
8050 2393 221 793 387
8051 4586 2574 2851 1889
8052 2952 1849 2702 2657
8053 4792 4220 4710 1889
8054 3853 1605 2741 2169
8055 3591 1920 3315 2965
8056 3759 3507 3633 3302
8057 2516 1410 1455 690
8058 3822 2968 3375 1936
8059 2684 799 1616 242
8060 3365 2164 3071 517
8061 3003 1206 2445 2215
8062 4107 2198 3717 3183
8063 3242 2073 2970 2071
8064 3242 2970 3239 1792
8065 2684 1616 2504 242
8066 2853 868 2280 1652
8067 4185 1227 2365 368
8068 2333 1050 1928 1911
8069 3483 2147 3047 2966
8070 2947 953 2803 101
8071 4060 2467 3201 2186
8072 4156 1984 3395 2667
8073 4392 3238 3497 2834
8074 2171 1511 2107 1986
8075 3813 1899 1956 162
8076 2171 1986 2107 1718
8077 3896 1550 3400 2214
8078 2393 387 1593 221
8079 2298 1028 179 1269
8080 2170 410 115 1106
8081 3818 1729 2999 2485
8082 3130 1548 2115 1777
8083 3132 2238 3126 2668
8084 3951 377 2604 195
8085 4185 1560 3443 2935
8086 4147 2611 4054 1708
8087 2780 2287 2330 1640
8088 4060 548 3867 3560
8089 4470 3451 3516 2638
8090 2071 1438 334 989
8091 3942 657 2308 992
8092 4305 2327 2811 2221
8093 4714 3228 4551 2305
8094 3894 432 1715 926
8095 3804 2147 3569 2966
8096 4424 2469 3215 1934
8097 2082 1670 2051 1535
8098 4005 2228 2346 1991
8099 3111 1642 2802 2050
8100 3178 1724 2744 2628
8101 4606 3433 4485 3748
8102 2299 1753 1864 1710
8103 2072 1064 1019 477
8104 2072 1064 2054 1019
8105 2072 1019 2054 477
8106 3317 1645 1986 1858
8107 4756 1158 520 688
8108 2952 2657 2702 2279
8109 4693 2944 4137 2359
8110 2236 1615 1746 1534
8111 2215 1204 1206 940
8112 4630 3300 3448 1524
8113 4064 496 1765 856
8114 4672 3362 4351 3457
8115 4064 1765 2080 856
8116 4145 2580 4082 1929
8117 2810 1156 2376 282
8118 4324 2047 2356 1585
8119 2247 1617 1930 1221
8120 3221 1824 2811 1544
8121 4598 3724 4409 3384
8122 2409 1130 2372 1049
8123 4303 2554 3766 1699
8124 3008 1559 2259 1155
8125 4307 3156 3344 2276
8126 4136 2774 3842 2112
8127 3234 1515 3204 1858
8128 2322 696 1174 128
8129 3241 1943 3208 165
8130 2409 1049 2372 1716
8131 4592 2108 4095 3107
8132 4257 1632 3314 595
8133 2839 1627 2039 1783
8134 2993 1696 1848 1731
8135 3712 1516 3308 2650
8136 4108 994 2299 1567
8137 2077 1217 1943 1708
8138 3209 2457 2881 2640
8139 2720 1276 2086 241
8140 4409 1504 3592 2808
8141 4147 2432 2552 1251
8142 3392 2179 3181 2556
8143 3140 2850 2905 2214
8144 4065 1764 2551 2307
8145 4731 2790 4322 4093
8146 2669 2202 2446 2044
8147 3401 455 1007 246
8148 3186 2276 2736 1723
8149 4095 2211 2520 2124
8150 3809 2043 2514 1798
8151 2530 1832 2034 685
8152 2530 1192 1682 754
8153 3774 3438 3699 3647
8154 3800 2477 2875 1569
8155 3380 1608 2233 1925
8156 3352 1449 850 851
8157 4457 2124 2639 1719
8158 3774 2494 3711 3438
8159 3375 1314 198 645
8160 3142 2177 2568 1638
8161 4356 3087 4339 4209
8162 2509 1525 2478 2033
8163 3476 2898 3190 2944
8164 4363 2742 4074 2505
8165 2239 1524 2007 1563
8166 4363 2505 4074 1972
8167 4215 1932 2338 927
8168 2910 1107 78 1084
8169 2675 1572 2326 1354
8170 4066 3044 3274 2621
8171 4795 834 4276 331
8172 4714 1919 3443 3228
8173 4693 2359 3790 3215
8174 4177 1562 3175 2865
8175 3933 2045 2872 2498
8176 2921 62 846 423
8177 4764 3901 3983 2152
8178 3895 2713 2923 1605
8179 4387 2998 3605 429
8180 4458 2973 3323 3123
8181 3952 2875 3864 2121
8182 4812 2849 4807 3559
8183 4159 1612 2891 2612
8184 4159 2612 2891 1840
8185 3883 3162 3323 3250
8186 4644 3039 3877 2544
8187 4644 3294 3920 3296
8188 4644 3039 3295 3097
8189 3171 931 918 420
8190 4329 696 2322 128
8191 2654 2235 2356 2246
8192 3107 1536 2403 1947
8193 2676 79 470 653
8194 4100 3175 3334 3123
8195 2085 500 760 1261
8196 2085 500 1751 760
8197 3931 351 1817 757
8198 2085 322 1832 1261
8199 2085 1261 760 322
8200 4602 3745 4369 1036
8201 3725 2831 3581 2691
8202 3939 3354 3500 2224
8203 4281 981 4016 2647
8204 3821 1881 2729 1860
8205 4158 127 1840 1066
8206 3173 1962 1970 1512
8207 4469 2525 4417 1843
8208 3628 1727 3494 3189
8209 4243 1971 4164 2234
8210 3002 1550 2531 2500
8211 4249 1529 2851 2015
8212 4468 2527 3889 3858
8213 2388 1965 2353 781
8214 4112 82 2629 1124
8215 2388 1633 1965 1514
8216 2680 315 858 729
8217 2466 2315 2323 1634
8218 2688 322 1270 1293
8219 4399 363 3028 920
8220 3620 2517 3431 2609
8221 4478 2558 3829 3143
8222 4094 2859 3505 1952
8223 4157 3157 3202 3096
8224 3391 2291 2361 2289
8225 3960 2186 2523 2017
8226 4586 1889 3673 2574
8227 4242 2357 2430 2207
8228 4605 1363 3332 1805
8229 3960 2785 3490 1941
8230 4673 2452 3984 2252
8231 4604 1927 3016 2598
8232 4441 2013 4139 540
8233 2930 1525 2491 1816
8234 4028 215 1436 1434
8235 4543 2475 4131 3487
8236 4654 2450 3790 3215
8237 4560 1563 2508 2007
8238 3572 2085 2688 1832
8239 2782 2333 2565 1911
8240 3948 795 3833 2427
8241 3960 2081 2523 2186
8242 2908 959 2798 2069
8243 4638 3902 4637 1776
8244 4646 1997 3236 2768
8245 3902 247 1846 1776
8246 3033 2023 2932 2155
8247 4299 3501 3749 2414
8248 4009 2028 3869 3685
8249 4069 2618 3286 1619
8250 4338 1872 4212 3088
8251 4406 1679 3529 3487
8252 4648 3709 4047 1581
8253 4713 2772 4455 4242
8254 3820 2630 2875 2195
8255 2641 1230 2196 237
8256 2893 1791 2387 2382
8257 3137 2687 3105 2387
8258 2733 454 1602 1397
8259 3364 2686 2855 1733
8260 4793 1306 4718 1262
8261 3820 2630 3339 1569
8262 4674 3221 4072 3479
8263 3976 3576 3642 2494
8264 3976 3642 3732 2060
8265 4680 2441 2541 1667
8266 4676 493 4076 969
8267 4568 3247 4403 2591
8268 4568 2392 3034 1747
8269 2259 421 1584 1283
8270 2749 1617 1850 1680
8271 4393 3501 3617 3052
8272 4661 4009 4334 2845
8273 3517 3205 3491 3324
8274 3451 2935 3268 2638
8275 4742 2733 4387 146
8276 3724 3041 3384 2001
8277 2509 1816 2491 1525
8278 4631 867 2579 1589
8279 3751 2970 3242 2073
8280 3502 1970 3173 1754
8281 3144 2048 2916 2910
8282 4755 1849 2952 2487
8283 4319 2412 3117 1612
8284 4245 2079 3319 1586
8285 4285 2959 3262 2213
8286 3185 2174 3141 2210
8287 4072 2405 2760 1674
8288 2482 1469 1597 1492
8289 4778 3402 4608 3760
8290 3834 1860 1881 633
8291 4418 2709 4096 2920
8292 3960 2186 2887 2081
8293 4576 2567 2822 1509
8294 4092 1975 3962 2402
8295 3834 633 918 274
8296 4215 2338 3867 441
8297 3834 274 1860 633
8298 2412 1055 1715 1401
8299 3684 847 255 615
8300 4564 1045 1044 59
8301 2225 979 1908 535
8302 2225 2024 2050 53
8303 4676 3779 4076 3739
8304 3394 1830 2838 2062
8305 3276 1369 309 597
8306 3652 1963 2717 2300
8307 2940 2044 2231 1910
8308 2734 921 453 1097
8309 2734 1806 2515 1511
8310 3853 2617 3429 3007
8311 3511 3124 3293 3238
8312 4605 1363 1805 559
8313 2927 917 916 456
8314 3460 3235 3318 2001
8315 4270 2950 3227 2614
8316 3351 1729 3281 2999
8317 3242 1792 2967 2073
8318 3888 2087 3772 3045
8319 3979 3179 3557 2422
8320 4075 1663 2084 1729
8321 2280 1307 476 355
8322 3940 92 3117 1001
8323 3043 2012 2893 1732
8324 2619 2397 2553 2276
8325 3504 1526 3127 2349
8326 4075 2718 3886 2103
8327 4045 1623 2979 2912
8328 4270 1229 25 463
8329 3952 3820 3864 2875
8330 2791 2140 2571 1853
8331 4266 1780 4222 3016
8332 3392 3035 3181 2179
8333 3556 2550 2791 1853
8334 3782 3105 3650 2687
8335 4076 691 969 50
8336 3955 2094 2592 2256
8337 4324 3740 4155 1585
8338 4022 2380 3359 3097
8339 2637 231 1497 450
8340 3503 2885 3366 1714
8341 3336 802 893 707
8342 3829 2345 3404 3143
8343 2277 580 1067 1256
8344 4076 2892 3105 2728
8345 3886 3168 3457 2406
8346 2269 864 202 942
8347 3605 429 2998 240
8348 2820 620 2289 855
8349 4381 1301 613 78
8350 2664 1329 2469 596
8351 4330 2787 3805 532
8352 4466 3446 4233 3707
8353 4078 1636 3378 2162
8354 4039 2871 3866 1807
8355 4235 2009 2488 2477
8356 2810 1156 282 525
8357 2915 487 179 1414
8358 4331 2263 2877 1745
8359 4708 3710 4577 4405
8360 4071 2770 3510 2187
8361 4801 3526 4749 3100
8362 3825 300 1666 1491
8363 2222 1608 1890 1760
8364 4051 2901 2986 2182
8365 3563 1515 3204 2740
8366 2985 1637 1979 1065
8367 4244 2503 3403 1809
8368 4170 1535 4090 1876
8369 4134 1766 3824 2328
8370 4559 1901 3572 1857
8371 4615 3416 3533 2503
8372 2106 370 1444 52
8373 4615 2813 3851 1938
8374 4330 1069 573 22
8375 2106 370 52 1489
8376 4428 1581 4047 3709
8377 2547 1407 742 1159
8378 2337 1171 1409 1447
8379 2337 1447 1870 728
8380 3317 1571 3311 2615
8381 2844 2211 2403 2377
8382 3657 1209 2165 1615
8383 2927 916 1618 1198
8384 4079 2445 4076 50
8385 2170 115 1738 1106
8386 2170 1080 514 115
8387 3064 2250 2539 1656
8388 4396 1658 3047 1958
8389 3866 1706 3232 2937
8390 4561 4036 4540 4301
8391 2839 1783 2277 1627
8392 4241 1760 1925 1608
8393 3380 2255 2459 1575
8394 4553 2114 3845 3338
8395 3754 3349 3732 3533
8396 3395 1665 2285 1826
8397 3395 1826 2271 1665
8398 3153 383 817 1211
8399 4463 1989 2640 2468
8400 4534 1714 4509 2885
8401 2134 246 568 411
8402 364 1155 793 2158
8403 4665 3685 4651 3786
8404 4174 2826 3229 2168
8405 4354 2325 3820 1796
8406 3893 670 1932 927
8407 4531 3133 4196 2982
8408 3936 2320 3314 2570
8409 4674 2760 4051 2148
8410 3660 2174 3141 2373
8411 4081 2589 3339 1576
8412 4295 1905 3567 2040
8413 3986 3105 3650 1863
8414 3606 1588 3319 3164
8415 3527 1784 2863 2707
8416 4407 2691 3552 3298
8417 4637 2957 4377 1776
8418 4146 2196 3348 1534
8419 2869 1549 2290 2183
8420 4240 1749 2619 2560
8421 3249 1524 2026 1867
8422 4087 1899 2320 592
8423 3633 2556 3392 3181
8424 2620 1047 2341 1371
8425 3092 2153 2484 1743
8426 4491 3519 3629 3367
8427 2388 69 1965 1166
8428 2711 1302 24 1170
8429 3687 2504 2868 2202
8430 3330 1121 282 572
8431 3682 1518 3489 3421
8432 3684 255 3522 1451
8433 2903 1469 1374 770
8434 3287 2359 2750 2469
8435 3578 2829 2975 2461
8436 4377 2181 2840 1691
8437 3278 3061 3186 1888
8438 4451 2813 3459 2544
8439 4032 2052 3585 2303
8440 3538 2521 2851 2574
8441 4368 854 1883 1492
8442 4224 1784 4021 3814
8443 4514 2009 2488 1179
8444 4057 1800 2231 2051
8445 2225 2024 2038 1908
8446 2890 528 2483 1779
8447 3993 1647 3474 3222
8448 2734 1589 1835 1511
8449 3355 2789 2800 2703
8450 4277 2636 3406 1676
8451 3355 2569 3131 2703
8452 3266 2632 2793 1989
8453 3556 703 2550 58
8454 4231 3578 3888 2087
8455 3563 1515 3114 2035
8456 2734 453 2515 1806
8457 2225 545 53 979
8458 4083 3407 3747 2510
8459 4083 3607 3677 2510
8460 3344 2042 2736 2219
8461 3501 2656 3307 3193
8462 4536 4137 4442 2898
8463 2949 102 309 736
8464 4084 2812 3434 2489
8465 4345 1614 2499 2038
8466 3244 435 2910 1084
8467 3942 302 657 992
8468 4085 843 1402 389
8469 2605 1966 2479 2217
8470 4501 3215 4424 2469
8471 3540 2113 2860 2133
8472 3736 2849 3331 1856
8473 3068 1984 2862 1725
8474 3983 2651 3944 3541
8475 4204 3021 3371 2575
8476 4087 592 1956 1899
8477 4197 1728 3473 2129
8478 4737 2607 3595 2203
8479 2505 1898 2145 1972
8480 3876 2616 2751 2513
8481 3252 2539 2788 2075
8482 4085 2434 3687 2504
8483 3636 2454 3170 2690
8484 2434 660 843 206
8485 2505 2074 2145 1561
8486 4487 3159 3705 2220
8487 2853 1652 1814 786
8488 2579 357 1003 1466
8489 3056 1866 2587 2521
8490 4706 1881 3521 3148
8491 3310 1206 2445 621
8492 3249 1524 2160 2026
8493 4535 1694 3353 2715
8494 3573 2468 3381 2640
8495 4540 3911 4443 4107
8496 2649 1587 2408 2102
8497 3410 3122 3363 3358
8498 4492 4168 4373 3962
8499 4520 1085 2376 2278
8500 3480 2532 2638 1594
8501 2417 1758 1925 1608
8502 4490 2061 2657 1821
8503 2990 121 1143 1453
8504 4566 3766 3974 3331
8505 4537 1278 1615 661
8506 4515 1322 3449 1392
8507 3480 1967 3269 2532
8508 3542 2164 2487 2275
8509 3481 1138 506 94
8510 2280 1563 1652 1172
8511 3057 2065 2171 1677
8512 4522 2506 4231 3578
8513 3941 3500 3939 3354
8514 4674 2760 4072 4051
8515 2131 906 673 312
8516 2868 843 2504 2434
8517 3860 3369 3457 2103
8518 4665 2511 3977 3294
8519 3141 2989 3011 1983
8520 4121 2279 2540 2270
8521 2289 856 1765 855
8522 3534 1591 2457 2357
8523 2289 620 1618 623
8524 4767 196 3947 1148
8525 3562 3309 3550 2963
8526 2393 1593 1757 221
8527 3263 906 320 1290
8528 4089 2504 4085 3455
8529 4079 3105 4076 2498
8530 3721 2394 3646 3399
8531 2186 1220 976 1244
8532 2864 1882 2368 2291
8533 4191 2281 3319 2092
8534 4166 1967 3538 2821
8535 3925 3486 3579 2422
8536 4470 3075 3207 2638
8537 2353 781 1965 1633
8538 2186 975 700 1220
8539 2385 398 213 825
8540 4729 2401 4312 2942
8541 2385 239 1816 1390
8542 3540 2133 2860 2857
8543 2134 246 1918 568
8544 2173 592 1899 837
8545 4354 3731 3820 2325
8546 2729 1361 340 759
8547 4247 1924 4118 2317
8548 2173 162 2029 837
8549 3839 1538 2436 2194
8550 3539 1522 3234 2740
8551 3745 2155 3614 1863
8552 4658 3011 3987 3954
8553 3563 1512 3113 1970
8554 3994 215 772 1224
8555 3653 1903 2586 1744
8556 2967 2610 2896 2766
8557 2894 818 2749 2036
8558 3870 3186 3584 1888
8559 2136 418 1396 1192
8560 2136 1192 1218 418
8561 4091 2211 2496 2377
8562 2176 1398 1406 768
8563 3766 2554 3567 1699
8564 3509 2605 2913 1966
8565 3042 2374 3013 2564
8566 3830 713 3356 2803
8567 3619 2714 3056 2183
8568 4490 2487 3365 2287
8569 3602 1723 2736 1797
8570 4128 942 1900 1877
8571 3466 2657 2702 1849
8572 4366 3920 4036 3726
8573 3775 2767 3550 1796
8574 4534 2885 3503 1714
8575 2801 413 225 876
8576 4200 1821 2315 1634
8577 4534 1842 4509 2241
8578 4092 3302 3878 1975
8579 3863 2078 3251 2610
8580 4455 2357 4242 1968
8581 3647 1631 3438 3017
8582 4119 1642 2384 2132
8583 4469 2525 3170 2666
8584 3177 1438 720 153
8585 3356 2524 2803 1674
8586 3132 2766 3126 2971
8587 4203 1355 2395 2116
8588 3597 2359 3287 2486
8589 3187 1573 2942 1869
8590 4789 3543 4700 3412
8591 3107 1866 2587 2124
8592 4096 2920 3800 2121
8593 3081 2365 2852 1533
8594 3423 312 2327 1544
8595 3081 1909 2015 1580
8596 3943 2603 3275 2939
8597 4095 2108 2869 2496
8598 4419 2449 3445 2436
8599 4677 3557 3747 3118
8600 4814 4810 4813 4427
8601 4262 2583 3276 597
8602 2551 1556 2307 1764
8603 2142 1250 1498 1219
8604 2142 1498 1797 1219
8605 2160 1652 1814 1524
8606 4463 2457 2640 1989
8607 4105 568 2917 1918
8608 2965 1392 2301 57
8609 4136 2841 3842 2366
8610 4097 3434 4084 3284
8611 4483 3322 4482 3598
8612 2144 852 648 199
8613 3861 3380 3786 3347
8614 2529 334 2071 1792
8615 2529 1280 1932 670
8616 3739 618 1029 1337
8617 3809 2507 3568 1798
8618 2529 2071 2073 1792
8619 3962 2402 3385 2304
8620 2934 1106 1738 684
8621 4645 1920 3932 134
8622 2146 1219 2142 1797
8623 4476 2083 3394 913
8624 2989 2404 2435 1721
8625 4083 1553 3677 3607
8626 2146 1219 863 196
8627 3071 112 2164 1928
8628 4681 1948 4322 3027
8629 4581 1683 2472 2187
8630 4581 2472 3645 2345
8631 3203 450 2637 2095
8632 2967 1792 2896 2529
8633 2967 2073 2716 1531
8634 4702 2712 2882 2826
8635 4717 4409 4598 3162
8636 4359 2674 3337 2807
8637 4096 2440 2830 2624
8638 4224 3814 4021 2710
8639 3887 1350 2229 1517
8640 4592 2502 4539 3694
8641 4051 2348 2760 2405
8642 3224 2131 3221 1824
8643 2369 792 2365 1560
8644 4050 2549 3605 1851
8645 4180 3874 4153 2925
8646 4717 4097 4475 3219
8647 4589 3165 3279 1924
8648 2369 371 2365 792
8649 3057 219 2719 106
8650 3566 1887 3006 1506
8651 2408 374 55 1403
8652 4095 2124 3791 3056
8653 3917 2958 3005 2113
8654 4257 1390 2491 1816
8655 4686 1607 3389 1803
8656 4133 2268 3419 2727
8657 4460 3231 3377 2775
8658 4520 983 3594 572
8659 4246 1742 3776 2540
8660 4793 2796 4718 1306
8661 2877 813 1299 96
8662 4043 443 900 234
8663 2820 855 2289 1765
8664 3571 90 3152 2007
8665 3773 2304 3741 2197
8666 3773 2197 3741 3384
8667 4220 2574 3673 1889
8668 3034 1763 2617 2392
8669 4806 2671 4101 3622
8670 4577 3112 4574 3193
8671 4101 2537 3075 2448
8672 3810 2900 3638 3154
8673 4720 2266 4143 2705
8674 4424 263 3095 547
8675 4502 189 3303 2828
8676 4424 474 3314 1370
8677 4502 791 370 189
8678 3973 365 1254 58
8679 4316 2425 3321 1573
8680 2933 1618 2289 1882
8681 3746 1968 3606 2772
8682 3954 2309 3216 2328
8683 4480 2594 2992 2751
8684 3115 1241 1712 359
8685 3386 2572 3342 2997
8686 4357 2655 3735 2522
8687 4480 1504 2992 2964
8688 4119 1596 2840 1960
8689 3705 2607 3478 2220
8690 4103 1341 2396 1164
8691 4483 3235 3273 2964
8692 4364 1966 2913 2743
8693 4694 2841 4136 2366
8694 4104 499 2996 2219
8695 3321 2138 3187 1573
8696 4308 356 1930 1617
8697 3503 2473 3366 2885
8698 4520 282 3330 2810
8699 4506 3685 4332 3698
8700 4513 2793 2902 2557
8701 3915 342 2513 1238
8702 4187 2358 3111 2802
8703 4799 331 4743 741
8704 4186 739 2953 258
8705 3081 2852 2935 2200
8706 4106 1160 3002 601
8707 3490 2068 2785 2313
8708 3953 3197 3709 2497
8709 4102 584 2128 991
8710 4111 1777 3575 1651
8711 2277 171 1335 743
8712 2277 973 1893 580
8713 3882 2429 2444 1546
8714 4022 3296 3726 1926
8715 3967 1240 1125 1196
8716 2460 1819 2095 2011
8717 4302 566 2098 1368
8718 4414 2031 2618 1553
8719 4335 990 2949 102
8720 4335 102 2949 2805
8721 4107 3183 3513 2747
8722 4426 3147 4077 1555
8723 4016 2101 2228 1736
8724 4267 1671 2626 1614
8725 2761 2145 2505 1898
8726 4513 3410 4207 3266
8727 3153 1635 2713 2036
8728 3593 417 2661 2046
8729 2333 541 1050 1092
8730 4108 705 2299 994
8731 3392 2179 3060 3035
8732 3926 1976 2166 1527
8733 4168 3529 3962 3663
8734 4111 1328 2731 558
8735 4518 1942 2976 1678
8736 3815 2037 3195 2996
8737 4713 1877 2464 2223
8738 3860 2602 3687 1868
8739 4518 1295 3729 2985
8740 3690 3035 3392 3060
8741 3933 2045 3782 3650
8742 2887 700 2186 975
8743 4337 2911 3202 2928
8744 4321 1934 2486 2469
8745 3366 2473 3276 1844
8746 4163 3892 4036 3296
8747 4444 2229 4431 2981
8748 4127 1304 484 987
8749 4112 2437 3797 1991
8750 4702 4153 4180 2712
8751 2877 813 1745 1299
8752 3912 1726 3037 2560
8753 2708 2228 2546 1788
8754 3807 3094 3442 1903
8755 4315 336 655 1309
8756 4113 306 3076 953
8757 3872 3320 3473 2609
8758 2804 1654 1828 1259
8759 4776 2972 3055 2748
8760 3927 2827 2920 2121
8761 3927 2783 3864 2121
8762 3964 1834 2720 2086
8763 3788 2827 2920 2440
8764 4114 1980 2703 2569
8765 4114 1578 3445 3256
8766 2684 395 799 1175
8767 4094 1090 3505 273
8768 3605 2386 2549 2087
8769 4325 359 2779 2253
8770 4684 1444 2106 791
8771 4479 2361 2933 2289
8772 4468 3195 4034 3858
8773 4468 2996 3195 2037
8774 3230 1722 3035 2710
8775 2684 395 1876 799
8776 4774 3701 4763 3848
8777 3163 506 2025 935
8778 4101 3075 3207 1669
8779 3057 1677 2171 1522
8780 4175 1721 4133 2367
8781 3776 1912 2702 2540
8782 4565 1723 2149 1963
8783 4039 1333 3923 1076
8784 4281 1676 3995 1552
8785 4295 2040 3567 3259
8786 4584 3794 3913 3660
8787 4288 1393 2334 26
8788 4277 1992 3406 2636
8789 4478 3944 4182 1847
8790 4117 4000 4066 2621
8791 4392 3124 4196 3238
8792 4364 2743 3857 3062
8793 2377 1902 2230 1884
8794 3391 1765 2361 2291
8795 4243 1622 2227 1971
8796 3782 2295 3650 3372
8797 4690 1758 3380 2459
8798 3502 1754 3173 2433
8799 4601 2831 3744 3737
8800 3560 1695 3014 2046
8801 4119 1960 3973 1596
8802 3651 3357 3361 2861
8803 2724 886 2226 884
8804 4013 978 1576 151
8805 2370 1949 2154 1570
8806 4797 3682 3707 2213
8807 3900 992 204 980
8808 2320 1899 2173 592
8809 3969 1810 3175 2284
8810 3383 2333 2782 1050
8811 4121 1634 2657 2270
8812 2695 372 2002 923
8813 3364 1690 2855 1850
8814 3255 2158 3008 2411
8815 4546 290 3954 1103
8816 4357 3129 4043 3735
8817 3770 2399 2510 2129
8818 4671 1786 4064 2915
8819 2389 619 804 891
8820 2175 445 1458 12
8821 2175 12 1458 1467
8822 3735 11 443 646
8823 2175 1630 2137 860
8824 2175 445 1630 860
8825 4044 3393 3958 3073
8826 3735 11 2931 1380
8827 4249 2532 4166 2200
8828 4448 2499 2986 2262
8829 4521 1099 2534 993
8830 3979 2822 3557 1837
8831 4666 3851 4021 3635
8832 3972 1882 2864 1551
8833 4333 2779 3984 268
8834 3610 2275 3583 1525
8835 4382 2572 3080 2371
8836 4639 1823 3903 1423
8837 2435 1119 1186 616
8838 4720 3357 3450 2861
8839 4686 1803 4262 1844
8840 4803 3673 4505 3728
8841 4494 117 1093 415
8842 3496 773 2340 1923
8843 4536 2218 4442 3180
8844 3617 2266 2860 2414
8845 3661 2878 3311 1689
8846 3960 3326 3846 1941
8847 3767 402 3281 2084
8848 4579 2606 3458 3387
8849 3989 2433 3951 3173
8850 4139 160 4041 1788
8851 4638 438 2181 8
8852 3668 1574 3341 3061
8853 2728 1011 1269 487
8854 3867 1556 3560 1695
8855 3621 2311 2502 1905
8856 3163 986 2667 506
8857 4471 3630 3939 2098
8858 2180 1662 2002 923
8859 2180 923 2002 908
8860 2180 908 1662 923
8861 4378 2387 3137 2093
8862 4378 1791 3043 2797
8863 4698 3231 4460 1679
8864 3065 2714 2833 1995
8865 4690 2255 3267 1758
8866 4690 2459 3380 2255
8867 2181 8 438 914
8868 2181 914 1189 8
8869 4639 2547 3903 1684
8870 2181 8 1189 1152
8871 4639 742 2547 1407
8872 3903 169 1423 710
8873 3903 1823 3885 1423
8874 4575 2688 4181 3947
8875 3545 1252 2354 2257
8876 4000 2421 2786 1934
8877 3522 1451 255 686
8878 4587 3365 4490 2061
8879 4759 4161 4525 4299
8880 3105 2312 2498 1786
8881 2968 1936 2788 2070
8882 2649 2102 2408 1886
8883 4376 2038 4346 1773
8884 3950 1752 3488 2461
8885 4606 3748 4485 3514
8886 3150 764 1323 1416
8887 3063 1530 2673 2477
8888 4814 4636 4810 3196
8889 3429 2741 2774 2672
8890 4642 1956 4617 3813
8891 2561 1991 2346 2228
8892 2641 391 237 813
8893 3518 2497 3452 3048
8894 4714 1919 3228 3090
8895 4308 2021 2894 2749
8896 4317 2110 3131 2789
8897 4308 1480 677 214
8898 2788 2070 2145 1555
8899 3832 2471 3702 3492
8900 4015 2182 2986 2499
8901 2716 1932 2381 2073
8902 3989 841 2433 521
8903 3537 3083 3128 1581
8904 2738 2133 2297 2170
8905 3741 2846 2984 2699
8906 3927 3360 3784 3708
8907 3927 2827 3864 3360
8908 3927 1755 3283 2920
8909 4776 2972 4613 3799
8910 2888 80 721 850
8911 2765 1308 1481 891
8912 2514 1838 2437 2043
8913 2252 498 816 188
8914 3991 2316 3595 2203
8915 4021 2586 3814 3653
8916 3826 1779 3319 3164
8917 4386 763 2995 1715
8918 2190 341 1955 1082
8919 2190 1082 1955 1841
8920 2190 1213 2116 1355
8921 2190 1355 586 1213
8922 3336 2983 3251 1193
8923 3336 807 373 91
8924 3833 939 1464 142
8925 3960 1941 2787 2785
8926 3336 802 3251 2610
8927 2504 242 1616 442
8928 2332 1758 1925 85
8929 4725 3061 3627 2696
8930 2191 966 544 925
8931 2191 544 1937 925
8932 3662 1940 2966 2248
8933 2673 1569 2492 2477
8934 3202 3096 3157 2881
8935 3755 1113 1123 1002
8936 4123 1946 3211 1744
8937 4123 1789 2978 2959
8938 3342 2496 3070 2290
8939 4124 847 2899 177
8940 2482 1246 1595 1153
8941 4593 3439 3682 2213
8942 3505 2126 2633 385
8943 4351 3362 3511 2945
8944 3684 3222 3522 1647
8945 4125 1711 2534 2400
8946 4802 1866 4497 2587
8947 3521 2568 3142 2177
8948 2622 1088 2581 1232
8949 4383 3452 3518 2980
8950 4105 2591 2693 1184
8951 4664 3013 4478 2558
8952 4342 137 2208 659
8953 2219 778 499 217
8954 3920 3425 3698 2762
8955 2458 1548 1777 1651
8956 3208 2347 3139 1943
8957 3665 2108 3029 2595
8958 2482 1595 1597 1153
8959 3319 1779 2890 2483
8960 3509 1657 3309 2567
8961 4545 3171 4437 931
8962 4391 2399 3770 2129
8963 4226 2167 4145 2512
8964 4020 2626 2901 1675
8965 3917 2958 3758 3005
8966 3187 1033 607 1163
8967 4236 852 3397 199
8968 4200 343 589 98
8969 3084 2942 3078 2645
8970 2478 1525 2306 2033
8971 4097 2489 4084 3434
8972 2642 1775 2178 1514
8973 4318 1915 2972 2462
8974 2878 1689 2525 2296
8975 3448 1749 2447 2147
8976 4229 2941 4001 3611
8977 4099 1555 3170 2666
8978 4383 1331 1325 553
8979 4679 2614 3337 1904
8980 2538 426 881 883
8981 3634 2766 2971 1531
8982 2258 1580 2049 1995
8983 4419 2436 3625 2110
8984 2492 1228 2488 733
8985 4452 2347 3241 1603
8986 2719 1400 2209 1737
8987 4104 778 1797 1498
8988 3131 2331 2789 2703
8989 4794 2861 3450 1872
8990 4757 3923 4040 1641
8991 3926 1527 3472 1976
8992 4247 2317 4118 2933
8993 2801 1720 2734 1511
8994 2208 137 701 659
8995 3388 2768 3236 1997
8996 4077 1936 3982 3252
8997 3255 1541 3008 2158
8998 4662 3514 4485 3748
8999 4153 3438 3874 3017
9000 4308 1480 2021 1930
9001 3268 2532 3081 2200
9002 3268 2935 3081 2671
9003 3135 2400 2815 1711
9004 3107 2124 2587 1947
9005 3237 3079 3191 2978
9006 4127 616 1186 987
9007 2479 1959 2375 1647
9008 4156 505 3688 298
9009 2257 1252 1700 662
9010 3277 2217 2743 2560
9011 3923 1333 720 1076
9012 3955 1995 2592 2094
9013 4128 942 2773 1298
9014 3975 2064 3603 1698
9015 2505 2074 2140 1661
9016 3481 2910 3328 3244
9017 4512 3390 4105 2591
9018 4156 298 3688 1984
9019 2949 736 2326 956
9020 2407 2111 2222 1760
9021 2893 2012 2842 1732
9022 2990 121 1005 1143
9023 2275 1505 2272 1914
9024 3961 2921 3376 1647
9025 3445 1839 3388 2768
9026 3422 3074 3199 1973
9027 2407 1526 2222 2111
9028 4242 2207 2772 2357
9029 3840 2156 3838 3273
9030 3297 2040 2554 1905
9031 3838 3515 3611 3009
9032 3494 1727 3304 2681
9033 2432 1217 2077 1708
9034 2561 328 536 731
9035 2983 1202 91 808
9036 4321 2469 3659 596
9037 4130 2156 3862 3322
9038 3711 3438 3576 2925
9039 4692 3002 4138 1732
9040 3964 1088 3499 965
9041 4416 2907 3259 2097
9042 3959 2096 3948 3833
9043 4129 1675 3504 2744
9044 4129 2941 3104 2349
9045 4129 2221 3504 1804
9046 4177 2383 4144 2376
9047 4129 2349 3504 1675
9048 2661 1600 2046 1051
9049 2661 1048 417 252
9050 4652 4332 4506 3685
9051 3725 3581 3599 2691
9052 2209 998 751 1400
9053 2209 751 1737 1400
9054 2209 934 414 882
9055 2209 882 414 350
9056 2209 350 414 934
9057 4105 1421 2693 1763
9058 3708 3537 3550 3360
9059 4231 3098 3889 2506
9060 4328 2652 3837 2919
9061 4514 2009 3922 2335
9062 4181 1270 2688 760
9063 4760 2095 4530 3449
9064 3308 1516 3078 2119
9065 4421 1632 2994 2750
9066 2802 1839 2358 2024
9067 4469 2137 4165 2666
9068 2623 1178 1430 175
9069 3071 517 2164 112
9070 2212 455 74 974
9071 3402 1611 2937 2871
9072 4013 1576 2368 151
9073 4308 677 2894 214
9074 3919 2736 3602 2042
9075 2463 2073 2081 2071
9076 2582 1557 2030 1519
9077 3919 2581 2622 2042
9078 3001 826 99 543
9079 3475 3181 3392 2028
9080 3606 2980 3518 2497
9081 3606 2426 2980 1779
9082 4130 2976 3515 1795
9083 4425 3941 4251 3640
9084 3216 1892 2659 999
9085 3115 815 2765 1241
9086 3311 1875 2615 1913
9087 4601 2960 3787 3737
9088 2519 1398 2324 1081
9089 4222 2373 3016 1780
9090 4711 3616 4354 4230
9091 4081 3339 3880 3731
9092 4370 1260 2535 809
9093 4081 1702 2589 1576
9094 3521 3142 3148 1881
9095 3929 2490 3428 2359
9096 4026 2420 3784 3527
9097 4131 2789 3355 2316
9098 3141 1983 3011 2328
9099 3910 2214 3896 3400
9100 2653 767 1500 351
9101 4132 1697 2551 1542
9102 4523 2548 4289 3204
9103 4726 1957 2351 1668
9104 3329 1575 2459 2255
9105 3082 742 2547 2066
9106 3406 1132 1676 460
9107 3319 1588 2483 1815
9108 4458 3123 4379 2973
9109 4719 2944 3437 2836
9110 3824 1766 3141 2328
9111 3761 3309 3577 2658
9112 4550 3091 4019 3655
9113 4117 2193 4066 4000
9114 2550 845 844 703
9115 3481 2916 3328 2910
9116 4356 2184 3277 1545
9117 3464 2755 3413 3261
9118 4152 2585 2979 2191
9119 2395 1177 2116 1355
9120 3846 2081 2887 2463
9121 4028 1277 1733 1434
9122 3442 2213 3262 2959
9123 4421 2469 3287 2750
9124 3920 3097 3771 2762
9125 3734 860 316 1458
9126 3856 3276 3503 2583
9127 2608 1047 2409 2341
9128 4466 2685 3582 3029
9129 4253 1498 4104 2142
9130 4270 2950 4056 3227
9131 4136 2366 3842 2774
9132 2460 1819 2011 1564
9133 4464 2548 4195 3526
9134 4520 2376 3330 2059
9135 3152 2090 2147 2016
9136 4179 2112 2838 2774
9137 2629 82 582 1124
9138 3733 2343 3063 2850
9139 2309 41 1022 483
9140 4131 2100 3355 2800
9141 4135 1852 2409 2332
9142 3152 2090 2781 2424
9143 4113 954 194 502
9144 4537 2566 3980 1278
9145 2600 2182 2405 1543
9146 2309 483 1258 1203
9147 4323 528 1779 949
9148 4450 3098 3492 3325
9149 3892 2041 3127 2681
9150 4787 1195 1121 575
9151 3852 2615 3783 1698
9152 2734 145 921 1097
9153 2734 1511 1720 1589
9154 2734 1511 1835 1806
9155 2734 1589 1720 921
9156 2528 1625 2377 1693
9157 3643 2676 3566 79
9158 149 3330 3414 1089
9159 4564 2008 4563 1274
9160 4564 59 1274 1045
9161 2226 1165 2008 1116
9162 2226 886 563 163
9163 2226 163 1116 886
9164 2226 163 563 1165
9165 2226 1165 1116 163
9166 2227 1201 233 645
9167 3775 1796 3550 3335
9168 4732 2208 2362 1877
9169 4655 1596 3973 1960
9170 4012 1813 3748 3433
9171 4012 3599 3957 2218
9172 4789 4172 4701 4700
9173 4310 2951 3896 2214
9174 4677 2590 3747 3557
9175 3108 311 1582 1432
9176 4518 1678 3915 3050
9177 4472 1714 3366 1944
9178 4773 3703 4597 3765
9179 4270 1243 25 1483
9180 4017 2834 3843 3742
9181 3773 1878 3741 2846
9182 2927 1150 1198 620
9183 4234 2861 3484 1906
9184 3117 782 2412 1001
9185 3806 1751 3415 2090
9186 3424 2759 3033 1648
9187 2229 1350 1274 746
9188 2229 1350 2008 1274
9189 4565 1723 3602 1797
9190 4565 1797 2720 2146
9191 3638 2755 3074 2812
9192 4448 2261 2499 1773
9193 4492 2251 3385 2402
9194 2764 1526 2584 1748
9195 3668 2819 3102 2555
9196 3808 407 874 1429
9197 4759 4299 4525 2656
9198 4598 3292 3724 3200
9199 2764 2221 2264 1544
9200 2232 187 1897 369
9201 2232 369 1255 187
9202 2232 369 1592 1255
9203 2232 369 1897 1592
9204 3805 2866 3036 2677
9205 4615 1759 3807 2813
9206 4615 3368 3416 2503
9207 4615 1938 3368 2813
9208 4330 1069 22 975
9209 3861 3189 3347 2575
9210 4434 2339 2642 1829
9211 2363 488 64 1027
9212 2842 1684 2547 1831
9213 4154 762 3909 1720
9214 2847 2398 2550 1907
9215 3863 1697 2610 1935
9216 4244 1809 4225 3370
9217 4418 2920 3283 2709
9218 4292 2303 3324 1953
9219 4165 1643 2666 2137
9220 4129 2744 2756 1675
9221 3291 2837 3073 2922
9222 3989 3173 3951 1988
9223 4308 1617 2749 1168
9224 4105 1007 1184 568
9225 4472 1371 309 1369
9226 3920 3425 3771 3097
9227 4616 2972 4572 3247
9228 3353 1521 1977 1694
9229 3008 364 2411 2158
9230 3532 23 734 983
9231 4443 2348 3015 2986
9232 3666 2914 3414 1771
9233 4363 4074 4361 1972
9234 4693 2359 4137 2490
9235 3516 2374 2835 1847
9236 4186 3440 3715 739
9237 4689 2181 4638 438
9238 4007 2934 3169 2035
9239 4567 1332 2299 705
9240 4472 309 3276 1369
9241 3023 190 941 909
9242 3742 2906 3634 2971
9243 2534 1974 2400 1711
9244 2890 2281 2444 2092
9245 4162 511 2287 1391
9246 2765 1308 1811 1481
9247 4291 2296 4165 2525
9248 4150 2683 4100 1950
9249 3402 2937 2683 2193
9250 3825 96 300 745
9251 2535 809 422 232
9252 4140 2427 3374 1601
9253 4502 1751 2828 2090
9254 4140 2096 3948 3740
9255 3258 3066 3141 2328
9256 4516 2970 3760 3751
9257 4316 2138 3321 2425
9258 2824 1546 1696 1655
9259 3712 1603 2650 2503
9260 3283 2260 2382 1684
9261 4690 4125 4213 2417
9262 3353 1694 1977 1510
9263 4389 169 3002 2531
9264 3122 2694 2881 2640
9265 2760 2344 2752 2128
9266 4104 1723 3681 2142
9267 2576 1774 1777 379
9268 2576 219 1164 841
9269 2576 219 1774 379
9270 4459 1858 4161 3649
9271 2576 219 379 1164
9272 4379 2973 3669 3340
9273 3474 1584 3222 2259
9274 3474 1647 2375 1959
9275 3949 374 193 1008
9276 2243 522 831 1337
9277 3249 1867 2160 1524
9278 2243 831 1822 1337
9279 4683 2428 4115 2085
9280 4142 2235 2356 1585
9281 4295 3259 3567 1985
9282 3632 2556 3181 2179
9283 3792 1536 3107 1947
9284 4103 1164 2396 1988
9285 4697 2554 3297 1880
9286 4143 2958 3361 3341
9287 4143 2462 3617 2860
9288 4143 3341 3361 2416
9289 4643 1419 2806 1794
9290 4492 2402 4373 2251
9291 2727 176 484 1304
9292 2990 1075 1005 520
9293 4379 3334 3670 3175
9294 3465 2578 2950 2807
9295 4501 2944 4248 1660
9296 4732 659 4128 1298
9297 4173 2885 3771 3768
9298 4173 3768 3802 1547
9299 4173 1547 3802 3527
9300 4289 2548 4195 3204
9301 3659 2334 3597 2486
9302 3754 2060 3732 3349
9303 4791 2974 4114 1578
9304 4527 3403 3576 2302
9305 3754 1631 3439 3333
9306 4089 2274 2578 2504
9307 3374 623 2244 1618
9308 4758 2260 2850 1530
9309 3953 3264 3746 3709
9310 4007 410 3025 2170
9311 3868 1634 2657 1821
9312 3385 2304 2402 1880
9313 4443 3183 3911 2747
9314 4480 2808 2992 1504
9315 4480 2964 2992 2594
9316 4579 2627 3450 2601
9317 4007 410 2170 1106
9318 3606 1588 2426 1779
9319 2289 184 855 620
9320 4250 3392 3690 3475
9321 2431 2365 2369 1533
9322 4144 2383 2541 1667
9323 3732 3308 3349 1516
9324 2764 2163 2678 1748
9325 4319 377 2125 1001
9326 2743 1966 2605 2217
9327 4266 2101 4174 1780
9328 3545 461 803 1252
9329 4075 1663 2897 1769
9330 2524 1692 2336 1701
9331 4092 2197 3963 2304
9332 2523 1873 2381 2081
9333 3603 1421 2917 1763
9334 3774 2685 3582 3017
9335 2930 398 2491 1461
9336 4021 2586 3653 1903
9337 2957 1692 2524 1846
9338 2626 2038 2499 1614
9339 3648 1814 2853 1524
9340 4148 1985 3421 2502
9341 4071 2562 2770 2187
9342 4124 615 3684 2899
9343 4240 3300 3448 2447
9344 4774 3417 4195 3671
9345 4581 2918 4271 2187
9346 4508 4288 4321 2334
9347 2593 1053 1626 1054
9348 2257 1461 1700 1252
9349 3981 956 510 1136
9350 3683 2422 3279 3165
9351 2941 2058 2908 1979
9352 4795 2120 4035 3718
9353 3427 253 3248 430
9354 2253 359 1712 120
9355 2253 120 687 359
9356 2253 1746 1855 1415
9357 2253 120 1746 1415
9358 2253 1415 687 120
9359 4771 3758 4591 3561
9360 4491 3533 3807 3333
9361 2596 497 1376 833
9362 4494 1713 3194 2565
9363 4146 1811 2154 461
9364 4415 2040 3567 2554
9365 4550 3404 4019 3091
9366 4521 2534 4014 993
9367 4016 722 328 588
9368 4283 2458 2649 1774
9369 4537 2196 3980 2566
9370 4621 3143 3829 3087
9371 4597 2155 4029 3301
9372 4148 3421 3489 2502
9373 4281 1552 3995 1996
9374 4785 3088 4669 2203
9375 2765 424 815 366
9376 3546 1831 2721 1842
9377 2711 647 1557 1302
9378 4811 1315 4786 3067
9379 3816 2430 2539 1917
9380 2659 1098 2309 462
9381 3584 2558 3508 2929
9382 2794 1729 2084 1663
9383 4028 1653 3780 3198
9384 2307 1695 1764 1556
9385 4803 2495 3542 2275
9386 4313 1320 543 344
9387 4798 1614 2704 2216
9388 3746 3518 3606 1968
9389 4331 1734 2520 2211
9390 4216 3399 3497 2945
9391 4342 811 4043 900
9392 4593 3346 3703 3439
9393 3789 1814 2160 1652
9394 4192 2906 3274 2621
9395 3624 1898 3240 2938
9396 3157 1602 3129 2625
9397 4293 2121 3800 2875
9398 2263 1299 1745 1625
9399 4227 1445 3922 301
9400 4237 117 3194 629
9401 2988 1839 2858 2634
9402 2578 156 726 442
9403 2351 1668 1957 1855
9404 2350 1235 9 1496
9405 2748 784 1422 1236
9406 3906 3371 3871 3535
9407 4346 1773 3743 2757
9408 2679 1922 2378 1753
9409 2679 1870 2378 1922
9410 2748 1422 1794 1236
9411 3111 1642 2954 2802
9412 3826 2980 3606 2497
9413 4324 1606 2356 1649
9414 4509 1842 2721 2241
9415 3964 965 117 1276
9416 4406 3487 3991 3088
9417 4753 3757 4719 2143
9418 4406 3088 4338 4212
9419 2908 308 2058 1717
9420 4442 2319 3672 2218
9421 4003 706 584 158
9422 2415 294 1618 1198
9423 4012 2962 3243 2218
9424 2415 1464 294 708
9425 4429 2958 3917 2113
9426 4522 3045 3098 1761
9427 4084 3641 3906 3535
9428 3484 1906 3420 2557
9429 4006 578 3031 260
9430 4003 1129 1848 158
9431 2415 449 1464 708
9432 3500 2224 2913 2605
9433 4003 158 1848 1321
9434 4737 2607 3705 3544
9435 4354 1796 3731 3550
9436 3465 2807 2950 2614
9437 2267 1156 1992 124
9438 3986 1863 3223 2892
9439 3020 1721 2997 2943
9440 3643 2008 2226 1554
9441 4631 3783 3852 2615
9442 4166 1594 3196 2200
9443 2272 2022 2204 1775
9444 3108 2318 2996 2159
9445 4249 2015 2452 1529
9446 2764 1539 2163 1544
9447 4422 2032 3520 750
9448 3049 2553 2619 2560
9449 2934 684 1523 278
9450 2919 236 904 393
9451 3434 2812 3313 2192
9452 3973 1254 250 915
9453 4286 232 4090 1876
9454 4125 1711 4014 2534
9455 3449 1819 2095 1673
9456 4015 2182 2499 2216
9457 4284 3018 3163 333
9458 4026 3106 3841 3784
9459 4488 2540 2831 1912
9460 3006 1171 1836 1284
9461 4144 2383 2810 2376
9462 4410 3627 3664 2416
9463 3571 358 752 1472
9464 4346 2634 2848 2757
9465 4152 1678 2976 2594
9466 4152 2156 3840 2585
9467 3560 245 451 548
9468 3482 1907 2847 1622
9469 4454 2678 3726 3393
9470 3605 2549 2998 1851
9471 3538 2521 2574 1856
9472 2272 2027 2150 1914
9473 2272 1505 2027 1686
9474 2272 1686 1914 1505
9475 2272 1686 2027 1914
9476 2350 1231 1757 1501
9477 2350 421 9 1235
9478 3612 2242 3490 3426
9479 2273 1862 2019 1795
9480 4153 3017 3446 2352
9481 4183 2404 2989 1721
9482 4695 2141 2958 2627
9483 4586 1889 2851 2204
9484 3946 2060 3086 2645
9485 4749 3526 3649 3100
9486 4040 1438 3177 2071
9487 2698 2130 2613 2248
9488 3505 1090 385 273
9489 4228 2601 4223 2266
9490 3523 3253 3257 3166
9491 4537 1278 1230 391
9492 4075 1951 3343 1742
9493 4177 2904 2961 2059
9494 2568 2114 2204 2022
9495 4618 3212 3816 3796
9496 4742 3605 4387 1851
9497 4346 2024 2858 2038
9498 4455 1968 3686 3064
9499 3804 2966 3415 2090
9500 4187 1404 3556 3111
9501 3420 2329 3285 2770
9502 3402 2683 3963 2193
9503 4154 37 875 452
9504 4522 3098 4231 2506
9505 3730 200 764 1452
9506 4336 1566 3642 3576
9507 3954 462 2309 1103
9508 4155 2217 2479 1966
9509 4296 1409 2337 1171
9510 3136 1871 2918 2710
9511 4356 3277 3857 1545
9512 3961 3512 3675 3376
9513 2663 1561 2074 1843
9514 3913 2825 3085 1599
9515 4473 2834 3274 3238
9516 3254 1542 3023 2513
9517 3214 2369 2480 2428
9518 3789 2160 3249 1652
9519 4484 2572 3386 2371
9520 3986 2687 3650 3105
9521 3986 2687 3137 1818
9522 4367 3289 3460 3041
9523 3909 193 2878 1933
9524 4236 716 2030 1666
9525 4503 1021 1409 653
9526 3921 2028 3859 3653
9527 3300 1726 3195 2026
9528 2899 1450 615 1439
9529 2488 70 2000 326
9530 4408 1512 3894 2995
9531 4233 1518 3707 2360
9532 2791 1799 2550 844
9533 4478 1847 4182 2564
9534 3684 1959 3522 255
9535 4585 2874 3677 3607
9536 3684 2921 3222 1647
9537 3700 3090 3228 2939
9538 3320 2155 2932 2023
9539 4718 1417 4265 1306
9540 3963 2249 2699 2193
9541 4159 1840 2891 1663
9542 2484 299 1923 516
9543 4160 3285 3529 1975
9544 3520 2032 3001 99
9545 4513 3363 3469 3410
9546 3400 1550 2915 2382
9547 3810 3059 3753 1810
9548 2891 1840 2612 1066
9549 4159 1762 3184 1962
9550 2891 433 1910 71
9551 4160 1975 3302 3172
9552 4727 2221 4305 2756
9553 3640 2217 2605 2479
9554 4460 2413 2556 2293
9555 2514 2043 2437 1798
9556 3998 1940 2374 1553
9557 2552 723 1312 1251
9558 3258 2048 2989 1508
9559 4315 2128 2760 2752
9560 3258 2048 3144 1725
9561 3336 91 2983 1193
9562 3427 2130 2698 2399
9563 4614 2010 2106 1619
9564 2675 1716 2372 1049
9565 3336 2610 3251 2983
9566 3024 2536 2541 1562
9567 4588 1958 2149 1723
9568 3788 1569 2875 2827
9569 3144 2048 2910 1984
9570 3772 2153 3092 1743
9571 3314 595 166 1370
9572 4237 1276 117 629
9573 4621 3143 3341 2345
9574 3070 2290 2496 1549
9575 3441 2866 3353 2677
9576 2991 2083 2653 2573
9577 3303 2089 2828 1292
9578 4143 2705 3617 2462
9579 2356 638 88 814
9580 4430 1809 3246 3139
9581 3950 2461 2549 2087
9582 2287 1703 1916 1391
9583 4683 2265 2603 1857
9584 4163 2233 3380 1608
9585 3989 2576 3502 1754
9586 3918 347 1208 1456
9587 4763 3293 4543 2884
9588 4163 2233 3296 1575
9589 4163 1608 2111 1926
9590 4588 2781 3806 2090
9591 4588 2142 3681 1723
9592 4163 1926 3892 3726
9593 4588 1723 3681 2397
9594 4163 1608 3861 2111
9595 4163 2681 3892 2111
9596 4163 2681 3861 2041
9597 4135 479 285 1057
9598 2552 1312 2101 42
9599 2307 1225 251 441
9600 3684 1451 3522 3222
9601 3541 3013 3516 1847
9602 4750 3673 4461 2574
9603 2519 1398 1081 349
9604 2519 361 1081 270
9605 2519 349 1406 1398
9606 2519 270 2443 361
9607 3808 782 3117 1800
9608 3169 2170 3025 1785
9609 2730 2067 2701 2662
9610 4399 919 363 920
9611 4401 3032 4133 2268
9612 3844 1762 3362 2945
9613 2808 2052 2303 1953
9614 4594 3640 3912 3752
9615 4055 1490 867 354
9616 4612 664 945 946
9617 3817 1718 2102 1875
9618 4055 354 3364 1861
9619 3780 2991 3198 1653
9620 2999 542 34 1041
9621 3824 1780 3229 2552
9622 4725 3627 3664 2696
9623 4164 3072 3482 1730
9624 4760 143 1322 709
9625 2318 1524 2160 1814
9626 3530 2325 2630 6
9627 4683 2305 4115 2480
9628 3925 1509 3635 3565
9629 3000 567 1013 974
9630 4165 396 2809 220
9631 4643 1419 1794 1422
9632 4150 2284 2722 1950
9633 2541 1991 2441 2437
9634 2974 1651 1805 1367
9635 2541 1798 2536 2437
9636 3427 1476 1384 430
9637 4072 3224 3479 3221
9638 2949 990 309 102
9639 2785 1506 2313 2068
9640 2580 2321 2436 1993
9641 2692 803 2154 804
9642 4726 1549 3791 1957
9643 3797 2441 2726 1991
9644 4583 2966 4396 3047
9645 4329 2322 2785 2715
9646 4126 2301 3453 829
9647 4166 1856 3538 2851
9648 4025 2557 2793 1532
9649 3688 1110 1108 890
9650 4037 2783 3802 3608
9651 4486 1554 3667 1600
9652 3877 2792 3294 2544
9653 4526 2812 3810 2192
9654 4116 365 3973 58
9655 2649 1522 2458 1718
9656 4209 3508 3584 2558
9657 2692 1514 1949 1565
9658 2953 258 2014 473
9659 3989 2433 3173 1754
9660 2805 1136 1655 610
9661 4600 3249 3789 2160
9662 3982 1211 3822 2843
9663 4391 907 430 123
9664 3055 147 567 1422
9665 4367 2331 4031 3491
9666 2580 1538 2436 2321
9667 2815 1974 2400 1838
9668 2455 1259 446 1448
9669 3520 1743 3092 2484
9670 2968 2105 2666 1630
9671 4401 1983 3012 2727
9672 3774 3438 3711 2352
9673 4746 2981 4431 1678
9674 3976 2925 3438 1631
9675 3842 2774 3096 2549
9676 3976 3647 3754 3439
9677 3842 2003 2931 2841
9678 2732 1698 2615 1571
9679 3976 2060 3754 3647
9680 4752 2472 4481 2097
9681 4127 1721 2371 2367
9682 4177 2865 3175 2961
9683 2426 958 1325 332
9684 3954 1137 3216 2309
9685 2484 1297 755 299
9686 3602 1834 3278 1963
9687 4028 513 3780 1277
9688 2967 2529 2610 1932
9689 2967 1792 2529 2073
9690 4415 3259 3567 2040
9691 3809 3353 3426 1568
9692 3952 2783 3447 2697
9693 4075 1729 3767 1742
9694 2604 1401 1715 763
9695 2675 1049 2372 608
9696 2809 139 704 396
9697 3887 1165 1274 1350
9698 4028 353 3780 513
9699 4280 3172 4250 2342
9700 4271 2918 3136 2187
9701 4116 2550 2847 2455
9702 3952 2195 3820 2875
9703 2780 1634 2315 1821
9704 4808 431 4432 2737
9705 3774 3017 3438 2352
9706 4116 1622 1907 1828
9707 3808 1910 3117 1612
9708 4171 2421 3713 1449
9709 4117 2193 4000 3402
9710 4117 1706 4000 2786
9711 4117 2786 3177 1706
9712 4315 336 584 991
9713 2339 1210 1829 498
9714 2339 1418 2252 1860
9715 3864 2121 2875 2827
9716 2339 325 1633 1210
9717 3895 1605 2923 2690
9718 2396 56 1164 1341
9719 3646 2249 2898 2450
9720 3984 498 1829 268
9721 4049 3090 3700 3013
9722 2732 1698 2169 1707
9723 2732 1733 2169 1605
9724 3726 1926 2678 2423
9725 4056 1243 471 802
9726 3132 2766 2971 1990
9727 4172 283 2245 1120
9728 2309 483 1203 41
9729 2309 1203 1103 41
9730 3955 2253 2592 1855
9731 4598 3162 4409 3292
9732 3012 1163 2727 176
9733 3605 827 826 429
9734 3766 3549 3567 2189
9735 4525 3478 3595 2220
9736 4126 829 248 1328
9737 3008 1559 2393 1541
9738 3703 2517 3058 2609
9739 2403 1693 2211 2029
9740 2330 1703 2287 1391
9741 4679 1260 3444 192
9742 4047 3164 3746 3606
9743 4713 2464 2772 1854
9744 3668 2300 3260 1574
9745 4173 3295 3771 2885
9746 2338 1225 2307 441
9747 2338 281 936 927
9748 4703 2755 3525 3524
9749 3864 3360 3820 3781
9750 2338 927 936 441
9751 3669 3638 3658 2973
9752 4725 3186 3278 3061
9753 4649 2146 2720 863
9754 3117 2051 2231 1800
9755 4457 3791 4300 4290
9756 2930 1816 2491 2385
9757 4672 3351 4068 3343
9758 3432 1365 1760 1010
9759 3709 2355 3604 3128
9760 3845 2495 3728 2114
9761 4086 986 636 1139
9762 4174 2168 4147 2117
9763 3028 2157 2582 1621
9764 4726 1668 2236 1793
9765 4353 179 1356 1414
9766 3049 1545 3037 2560
9767 2938 1972 2663 2145
9768 4581 2918 3645 3288
9769 4772 3754 4597 3301
9770 3355 2316 2789 2569
9771 3873 3323 3568 2973
9772 4764 3091 4550 3655
9773 4620 2425 4336 3185
9774 4494 415 3383 3194
9775 3679 3541 3590 2651
9776 3049 2560 3037 2553
9777 4137 2490 3428 2319
9778 4175 2174 3711 3576
9779 2798 1717 2225 535
9780 4176 1237 4128 701
9781 3359 2341 2380 1716
9782 4514 1179 2488 326
9783 4176 958 2483 7
9784 3915 550 342 1238
9785 4584 1519 2825 2314
9786 4177 2376 4144 1590
9787 4055 354 1861 678
9788 3323 3199 3292 3200
9789 2997 2572 2943 2371
9790 4076 2445 3933 3779
9791 4432 3075 3207 2004
9792 4291 1850 2923 1643
9793 2324 30 401 1081
9794 4015 2348 3854 2254
9795 4561 3726 3892 2678
9796 2534 587 1974 993
9797 3657 1615 1746 1209
9798 2320 1370 836 272
9799 4646 665 318 1058
9800 2995 350 2209 1212
9801 3769 2353 2388 1987
9802 3931 757 1214 351
9803 4181 1473 1270 760
9804 2619 1749 2397 1958
9805 4066 2699 3721 2450
9806 3836 1510 3797 2629
9807 2320 836 592 272
9808 2837 1812 2005 1739
9809 2837 1812 2747 2281
9810 3657 424 2765 2165
9811 3315 2191 3225 966
9812 4066 2699 3190 2193
9813 3750 2542 3679 3058
9814 3815 3161 3730 3195
9815 4088 3372 3486 2045
9816 4088 2045 3486 3179
9817 2837 1546 2005 1650
9818 2837 2281 2747 2092
9819 2837 1650 2444 1546
9820 2923 1680 1850 1605
9821 4481 3259 4415 2040
9822 2837 1650 2005 1812
9823 4242 2357 2772 1968
9824 4751 2131 4467 3224
9825 4751 3224 4467 2166
9826 4487 3146 3234 2458
9827 3552 3331 3338 2055
9828 2641 237 903 813
9829 4381 2727 4052 2989
9830 2716 1697 2381 1932
9831 4557 1920 4420 3591
9832 4348 961 2652 1118
9833 3781 2873 3335 2391
9834 4041 3051 3879 1788
9835 3997 2097 2907 2251
9836 3936 592 2320 2173
9837 4422 1405 1215 181
9838 3593 417 1044 1045
9839 3881 1846 2476 1701
9840 3936 272 3314 2320
9841 4463 2457 3796 2761
9842 3923 153 720 1333
9843 3025 1952 2999 1785
9844 4041 289 1104 1105
9845 3617 2860 3609 2414
9846 3617 1747 3609 3390
9847 4798 1614 2802 2704
9848 4112 2629 3528 1124
9849 3389 1607 2009 1803
9850 4179 2774 4136 2112
9851 4179 3895 4099 3147
9852 4381 3011 4052 1258
9853 4671 313 2080 1222
9854 3815 2026 3730 2160
9855 3950 1743 2461 2087
9856 3936 592 2173 837
9857 4179 3147 4077 2003
9858 3442 2559 3346 3333
9859 3030 1900 2269 1877
9860 3591 1920 3205 2191
9861 2328 1262 155 1137
9862 4135 1095 3241 2347
9863 4488 2999 4388 2364
9864 2940 1750 2706 2443
9865 3668 1574 2929 2300
9866 3092 108 2153 1446
9867 3012 1022 2659 1033
9868 3849 1789 3635 3565
9869 4355 1140 1826 380
9870 3217 2209 2995 882
9871 3043 2012 2797 1791
9872 4322 2790 3340 1948
9873 3217 883 2538 881
9874 3616 2325 3530 6
9875 3895 1635 2713 2083
9876 3750 2771 3405 2651
9877 4230 1672 3562 2963
9878 2704 2185 2216 2132
9879 2995 1212 1408 350
9880 2818 2413 2746 2179
9881 2903 770 1916 1597
9882 3937 1744 3906 3859
9883 4488 3281 3351 2540
9884 3310 2080 2445 1781
9885 4401 2268 4133 2727
9886 4219 806 2508 2438
9887 2704 1642 2132 1614
9888 4021 2710 3814 2586
9889 2616 1238 54 925
9890 3922 1803 2009 1808
9891 3882 1546 2444 1650
9892 4021 2586 2959 1789
9893 4182 2345 3829 3645
9894 2524 1701 2476 1846
9895 4326 4036 4163 2041
9896 4213 2222 3628 1727
9897 4125 2679 4014 1711
9898 4814 4636 4813 4810
9899 2505 1972 2145 2074
9900 4748 1898 2938 2145
9901 4631 766 2686 867
9902 2524 1610 2476 1701
9903 3657 2165 2765 1811
9904 2344 864 655 336
9905 4364 2913 3509 2567
9906 2344 336 507 864
9907 4103 1988 2396 2115
9908 4228 2857 3540 2860
9909 3390 1915 3247 2591
9910 4041 1104 2708 1788
9911 3794 1508 3066 2373
9912 2584 204 1264 980
9913 3643 79 3566 1117
9914 2804 1654 2455 1828
9915 3187 2138 3012 2268
9916 4094 1038 3401 2133
9917 2338 1935 2307 631
9918 2338 631 2307 1225
9919 2338 1225 1935 631
9920 3868 2270 3174 1609
9921 3868 2270 2657 1634
9922 4246 2270 2540 2279
9923 4462 1366 166 457
9924 2339 1829 2252 498
9925 2339 498 2252 1418
9926 4034 3161 3858 3195
9927 4669 2468 4667 2557
9928 4439 3431 3486 3191
9929 3714 2721 3546 2012
9930 3894 127 432 926
9931 4469 2525 4291 4165
9932 4261 2379 3563 2035
9933 4786 2614 4679 3227
9934 4034 3858 3914 2527
9935 3777 2477 2488 2009
9936 3423 669 1484 312
9937 3201 1542 2551 2381
9938 3251 1465 707 1193
9939 4456 3147 3795 2199
9940 3743 2870 3218 3019
9941 2340 15 1474 1173
9942 2340 1173 1362 15
9943 4789 4700 4701 3412
9944 4460 2110 2909 2644
9945 2641 903 2029 813
9946 4210 3474 3912 2411
9947 4595 1848 2682 1731
9948 4266 1736 4174 2101
9949 4339 3270 3857 2286
9950 4360 2402 3962 1975
9951 4554 506 2667 94
9952 4385 2992 3612 1709
9953 4496 3342 3386 2572
9954 4329 2017 3551 2186
9955 4476 1500 3394 205
9956 2882 1954 2598 1927
9957 3971 3781 3952 3820
9958 3804 2966 3569 1619
9959 4725 3664 4394 2696
9960 2991 1605 2713 2083
9961 4364 1837 3979 3738
9962 2991 2083 2713 1817
9963 3201 1802 2123 2017
9964 4279 1205 2806 2037
9965 2641 237 2029 903
9966 2344 864 507 865
9967 4313 543 99 344
9968 4139 3192 3879 1999
9969 4144 2376 2810 2267
9970 4460 2644 4317 2110
9971 3430 937 1895 1284
9972 3006 748 1836 1171
9973 4562 2702 3776 1912
9974 3885 236 710 97
9975 3918 879 930 347
9976 4601 1912 3787 3054
9977 4231 3045 3889 3098
9978 3951 2125 3184 2604
9979 3553 2386 3520 1743
9980 4498 1606 3770 2654
9981 4490 1640 2952 2487
9982 4185 368 3081 51
9983 4349 2556 3633 2293
9984 2927 917 1618 916
9985 2927 456 916 5
9986 3545 461 2154 803
9987 3977 3261 3906 3871
9988 3336 707 91 1193
9989 4689 2840 3881 1776
9990 4333 2178 2388 1829
9991 4182 1683 3944 2345
9992 4162 1391 1916 1374
9993 4138 2054 3031 229
9994 3281 1041 402 249
9995 4555 1834 2555 2086
9996 4298 2010 4069 1649
9997 4809 3765 4773 4597
9998 3549 2311 3437 1699
9999 2765 424 366 1481
10000 2765 1241 815 424
10001 2765 1811 2165 1481
10002 3637 1109 1895 937
10003 2791 845 1799 844
10004 3959 1585 3948 2096
10005 3792 2173 2320 1899
10006 3988 1995 2592 2351
10007 4132 941 3023 190
10008 2351 1855 1957 1833
10009 4607 504 3756 2593
10010 3635 3206 3527 1784
10011 2914 1807 2856 1611
10012 2593 1053 1054 1026
10013 4479 2317 3310 2215
10014 4269 3710 4136 2672
10015 3643 470 2226 2008
10016 4376 2038 4304 1717
10017 2351 1746 2236 1668
10018 2351 1668 1855 1746
10019 3769 1167 2389 2388
10020 4542 4254 4538 1663
10021 2543 1775 2204 2022
10022 4379 1562 3670 3340
10023 2371 49 972 987
10024 4251 3640 3941 3752
10025 2371 987 972 616
10026 3313 1744 3211 2201
10027 2713 2083 2653 1817
10028 3792 1771 3691 1536
10029 4370 2535 3133 2125
10030 3842 1851 2998 2549
10031 4813 3623 4553 3891
10032 3679 2537 3405 2880
10033 3785 2750 3215 2944
10034 2543 2022 2306 1775
10035 2777 1606 2654 2235
10036 3741 1878 3639 2846
10037 4187 138 2791 703
10038 3546 1684 2842 1831
10039 3665 2108 2844 2685
10040 2711 647 2030 1557
10041 4632 4090 4170 3465
10042 4071 1845 3510 2770
10043 4349 3145 3377 2449
10044 4070 2729 3148 2252
10045 3840 3273 3838 1623
10046 3895 1605 2991 2083
10047 4494 3938 4237 1713
10048 4355 1826 4156 3395
10049 4498 1537 3738 2777
10050 4572 2730 2972 2506
10051 4430 2503 3246 1809
10052 4143 2266 3617 2705
10053 2358 964 318 1327
10054 3025 410 2485 34
10055 3818 1785 3169 2485
10056 3879 1999 3548 3267
10057 4633 2751 3876 2616
10058 4188 1872 2861 2329
10059 3402 2871 2937 1706
10060 4188 2599 3510 2097
10061 3700 3090 3516 3013
10062 3471 2012 3043 2842
10063 4599 1635 3982 2843
10064 3891 1529 2635 2568
10065 4328 2919 3837 393
10066 3451 1594 3196 2939
10067 4188 1872 3357 2861
10068 4624 2911 3832 3270
10069 2803 1674 2524 1976
10070 4190 2766 3634 2896
10071 3915 1242 550 136
10072 3999 1803 2481 1808
10073 3391 2291 2673 2624
10074 4074 3233 3705 1587
10075 3126 2716 2967 2078
10076 3538 1967 3418 2821
10077 4452 1603 3241 1831
10078 4060 871 3867 548
10079 3311 2296 2855 2525
10080 3311 2732 2855 2615
10081 3311 2296 2525 1689
10082 3311 2525 2855 2454
10083 3946 2060 2645 2401
10084 4311 2401 2879 1009
10085 4212 1872 3484 3088
10086 3946 3086 3908 2645
10087 4196 3362 3511 1762
10088 4592 3694 4539 2108
10089 4477 1563 2853 2280
10090 4812 3298 3338 2439
10091 4191 3183 3717 2198
10092 2363 1028 2298 488
10093 2363 488 1027 1028
10094 4511 2609 3461 3320
10095 4497 1866 3418 3056
10096 3717 2762 3158 3083
10097 4192 2786 3239 2621
10098 4497 3418 3736 3538
10099 4193 464 2950 1296
10100 4608 3741 4211 3760
10101 4006 1062 1063 578
10102 4221 1664 3397 2144
10103 4470 2835 3590 3516
10104 3082 2066 2842 1778
10105 3082 1778 1943 1194
10106 4698 2909 4460 2110
10107 4707 2674 4359 2807
10108 4195 2548 3644 2601
10109 2953 2263 2883 1621
10110 4268 2493 2769 2055
10111 2902 2632 2818 2413
10112 2903 1469 1597 1153
10113 4197 3179 4088 3118
10114 3556 703 2791 2550
10115 4284 524 3985 3018
10116 4281 154 4259 1676
10117 4023 2352 3774 3253
10118 3420 2770 3285 1845
10119 4213 1890 2222 1608
10120 3879 2013 3267 1636
10121 2764 2264 2678 1539
10122 2403 2029 2173 1899
10123 3524 2900 3154 2755
10124 2368 456 1882 862
10125 2987 901 2014 798
10126 3025 2485 2999 34
10127 3111 319 2723 2384
10128 4794 1872 4098 2861
10129 4366 3393 3425 3097
10130 2746 2293 2413 1993
10131 4030 1169 66 580
10132 3254 1542 2778 2052
10133 3248 831 2518 1822
10134 4741 1592 4384 3272
10135 2429 1681 1740 1126
10136 2612 926 433 1066
10137 2794 34 2485 1087
10138 2593 1659 2061 1821
10139 3533 3308 3416 3349
10140 2593 1821 1981 1626
10141 4280 2556 3392 3172
10142 3694 1518 3621 2502
10143 3210 1710 2299 2019
10144 3498 2431 3275 1598
10145 2593 1821 2061 1981
10146 2593 1052 504 1026
10147 2593 1626 1981 1054
10148 3420 2342 2770 1845
10149 3908 1516 3732 3349
10150 4459 1718 1986 1875
10151 4259 1417 2796 749
10152 3261 1973 3134 3074
10153 3649 1858 3536 1645
10154 4793 1306 1262 725
10155 3931 1214 1704 1234
10156 4575 2828 3806 2090
10157 4271 3288 3849 2918
10158 4456 2938 3170 1555
10159 4311 243 495 484
10160 4222 3253 3711 2826
10161 3148 2252 2729 1860
10162 4543 3487 4131 2316
10163 3356 713 952 101
10164 2801 2515 2734 225
10165 4399 1557 3028 2711
10166 4473 3238 3631 2834
10167 2858 2024 2050 1614
10168 3809 1798 3441 2441
10169 2412 1055 1429 873
10170 4454 3393 3958 1572
10171 4198 153 832 459
10172 3986 2892 3223 1818
10173 3986 1818 3137 2892
10174 4199 1310 161 564
10175 3986 2892 3105 1863
10176 4189 1560 3228 2480
10177 4202 2863 3083 1784
10178 3938 3102 3499 2555
10179 4225 3403 3874 2925
10180 4200 98 753 343
10181 2384 698 656 131
10182 3644 2823 3514 3387
10183 4726 1957 3791 2351
10184 2378 1874 1942 1710
10185 4530 2238 3132 2668
10186 2378 1922 2122 1753
10187 2378 1753 2122 1710
10188 4120 1000 3756 111
10189 3424 1648 2997 2367
10190 2977 1794 2748 2153
10191 2977 2153 2748 108
10192 3716 1818 3137 2093
10193 3065 1995 2833 1639
10194 4686 1803 4612 4262
10195 4467 3224 3263 2682
10196 3665 2844 2961 1884
10197 4467 694 1263 320
10198 2692 1949 2154 1565
10199 4681 1121 3330 149
10200 4227 1803 3389 2335
10201 2692 619 2389 1782
10202 2692 804 2389 619
10203 2791 2140 2550 1799
10204 4539 2502 3489 1518
10205 2547 1407 1159 46
10206 3741 2846 3639 2984
10207 2831 2279 2702 2540
10208 3970 2719 3113 2433
10209 3783 1733 3364 766
10210 3871 3371 3786 2575
10211 3462 1546 2444 2429
10212 3325 2588 3098 3049
10213 2524 1701 1846 1692
10214 2524 1674 2418 1976
10215 4409 3592 3719 3110
10216 3894 883 432 127
10217 3894 127 2538 883
10218 3894 926 1840 127
10219 3894 1840 2612 1715
10220 4100 1611 2937 2683
10221 3868 2315 2466 1634
10222 4201 2384 3881 131
10223 2831 2279 2540 1604
10224 2713 87 757 732
10225 2388 390 1570 800
10226 3602 1963 3186 1723
10227 2853 1199 2280 868
10228 3563 2946 3114 1515
10229 3734 1314 2175 1467
10230 4148 3405 3619 3489
10231 4315 655 2752 1900
10232 4148 3489 3619 3418
10233 4146 3545 3980 207
10234 4315 991 4102 336
10235 4146 207 3980 2566
10236 4052 483 3012 176
10237 4179 2003 4077 3982
10238 2724 884 910 886
10239 3637 531 1895 1109
10240 3241 2347 3208 1943
10241 3882 83 3373 2429
10242 4202 2845 3814 3230
10243 4703 3370 3413 2755
10244 2724 1554 2661 1688
10245 4120 1769 2706 681
10246 4049 2717 3042 2127
10247 4721 407 1800 930
10248 4579 2606 4485 3450
10249 4541 950 3080 2157
10250 3130 1777 2458 1548
10251 2931 1351 1380 11
10252 2385 1640 2330 1703
10253 2385 825 2330 1825
10254 2385 239 1825 1816
10255 2385 825 1825 239
10256 2385 1816 1825 1640
10257 2385 1825 2330 1640
10258 4195 2601 3644 3514
10259 3002 1079 229 601
10260 4335 610 1735 1364
10261 3902 1039 3830 1692
10262 4384 1897 3720 3272
10263 4389 1079 3002 169
10264 2550 1799 2140 1561
10265 2550 1799 2455 844
10266 2550 1853 2398 2140
10267 3814 2845 2863 2792
10268 3814 3035 3230 2845
10269 2386 828 509 827
10270 2386 828 2062 509
10271 3912 2743 3640 2217
10272 2388 1829 2178 1965
10273 4222 2373 3824 2174
10274 4222 1927 3253 2826
10275 4429 2819 4341 3138
10276 4334 3698 4107 3425
10277 3770 2453 2654 2246
10278 4605 1661 3332 1799
10279 2913 2567 2822 2286
10280 2977 108 2748 1236
10281 3741 1878 3384 3110
10282 4519 3204 3234 3146
10283 3995 1552 3016 2598
10284 3093 44 1272 549
10285 2987 812 1793 391
10286 2514 2437 2507 1798
10287 4203 988 534 48
10288 4626 2516 3831 1894
10289 4052 1258 2309 483
10290 4260 3528 4018 2815
10291 4052 2309 3011 1983
10292 3198 2573 2653 2340
10293 4229 3965 4045 1623
10294 2617 1707 2392 1763
10295 3572 2149 2265 1901
10296 2986 2262 2901 2264
10297 4444 2676 3695 2099
10298 2828 760 1751 189
10299 3408 1517 3093 651
10300 3597 2643 3398 1868
10301 3342 2290 2869 2496
10302 4710 3988 4027 3348
10303 4111 2974 3575 1980
10304 4649 2056 3947 2149
10305 2784 1538 2580 2091
10306 2784 2091 2505 1538
10307 4029 3349 3732 2060
10308 3789 1582 3108 311
10309 2616 54 2191 925
10310 3750 3058 3679 2880
10311 4571 2861 3811 1906
10312 2415 708 294 916
10313 3375 645 2175 1314
10314 2393 793 2158 1867
10315 2692 804 2154 1570
10316 4344 1567 3210 1982
10317 3898 1552 2267 1992
10318 4173 2873 3158 3083
10319 4726 2236 4300 1793
10320 2926 2162 2347 1852
10321 2824 1650 2005 1546
10322 4674 1824 3221 2148
10323 4538 3362 3844 1762
10324 3281 34 402 1041
10325 3068 889 2285 84
10326 4666 3442 3851 2559
10327 4204 1964 3633 3507
10328 4205 2984 3274 2621
10329 3634 1990 2971 2766
10330 4582 1685 2907 2526
10331 3279 2654 2872 1781
10332 4743 985 4398 741
10333 3463 1918 3390 2860
10334 4204 3021 3685 3371
10335 3943 1574 3723 2300
10336 4206 814 1649 1200
10337 4205 2621 4117 3760
10338 4205 3239 4117 2621
10339 4465 3139 3245 1809
10340 4407 2691 3672 3552
10341 3887 1115 3093 1517
10342 4207 2928 3953 3454
10343 2612 1612 2412 1715
10344 3033 2646 2932 2023
10345 2782 2237 2568 2177
10346 3892 2111 2681 1526
10347 3451 2200 3268 2935
10348 4711 970 3616 614
10349 4248 3757 3792 2836
10350 3619 3056 3418 1866
10351 3928 2951 3903 3885
10352 3612 2470 3326 1504
10353 4347 1885 3358 3182
10354 3640 2217 2743 2605
10355 4501 3095 3232 1660
10356 2456 1717 2225 2024
10357 4175 2210 3185 1566
10358 4630 1867 2239 2158
10359 3771 3097 3295 3039
10360 3771 3097 3425 3073
10361 4207 2670 3454 3358
10362 4207 3410 3454 2881
10363 4207 2881 3454 3099
10364 4207 2355 3120 2956
10365 4207 2928 3454 2670
10366 4207 3099 3410 2881
10367 4207 2956 3266 3099
10368 3847 1541 2438 1592
10369 3569 2147 2447 1749
10370 4312 1869 2942 1573
10371 3990 2598 3985 1590
10372 3934 2775 3377 3231
10373 4003 1321 3479 706
10374 4680 2541 3340 2383
10375 4208 3557 3747 2590
10376 4570 3590 3620 2517
10377 3270 1545 2743 2588
10378 3496 1173 2340 773
10379 3885 1423 1823 945
10380 3699 2685 3265 2496
10381 4383 2597 3518 3452
10382 4492 2251 3997 2962
10383 4379 3175 3670 1562
10384 4757 2970 4516 2463
10385 4205 2984 3760 3741
10386 4446 1973 3658 3134
10387 2990 1075 1687 269
10388 3782 2687 3692 2295
10389 4639 1896 3793 1407
10390 4072 1824 3224 3221
10391 3190 2249 2699 2450
10392 4695 2861 4571 3361
10393 3596 2260 3283 1684
10394 4730 2978 4314 3237
10395 4649 2149 3572 1901
10396 2789 2110 2569 2316
10397 2761 2457 2660 2199
10398 4637 865 952 304
10399 4267 1614 4201 1671
10400 4590 1984 3688 298
10401 4364 1966 3062 2310
10402 4364 2913 3857 2743
10403 2753 1538 2580 2321
10404 4208 3857 4167 2451
10405 4364 2567 3979 2822
10406 4464 3526 4161 1858
10407 2910 2048 2862 1984
10408 4364 3509 3675 2567
10409 4209 2558 4182 2564
10410 2977 1446 108 1236
10411 4800 1950 4697 4150
10412 2407 980 658 338
10413 2980 332 741 949
10414 2407 603 1760 1365
10415 2407 338 603 1365
10416 2407 338 658 603
10417 2407 658 1748 603
10418 4688 2407 4320 4108
10419 4109 1847 3677 2564
10420 4374 3514 3748 3417
10421 4357 2003 3735 2655
10422 4606 2601 4195 3514
10423 4064 2830 3400 2915
10424 3432 1925 3213 1760
10425 4249 2200 4166 3196
10426 3304 2273 2681 1727
10427 4684 791 4115 323
10428 4684 323 1444 791
10429 3676 312 2131 673
10430 4233 2192 3810 3059
10431 2568 1911 2495 2237
10432 3628 1864 2679 1710
10433 4185 2852 3081 2365
10434 4630 1524 3847 2007
10435 2568 2237 2495 1638
10436 2568 2022 2495 2114
10437 3729 1937 2985 262
10438 3361 2141 3357 2689
10439 4632 156 2950 2578
10440 4210 2447 3272 3255
10441 3746 2497 3606 3518
10442 4710 4220 4278 2639
10443 3750 2771 3237 2517
10444 4005 2346 2726 1991
10445 4211 1878 3741 3110
10446 4339 2451 4209 3087
10447 4531 3168 4196 2669
10448 3575 2569 2974 1578
10449 3026 579 1551 439
10450 4219 806 369 1216
10451 3641 3475 3507 3302
10452 2608 2341 2409 2380
10453 2657 1821 2061 1659
10454 4355 1140 4156 1826
10455 3951 2125 2604 377
10456 2961 1884 2844 2763
10457 3684 2921 3376 2899
10458 3356 2524 2957 1692
10459 2608 609 1998 285
10460 2938 2145 2663 1555
10461 4003 158 2005 1129
10462 4050 2549 3578 2087
10463 2482 1505 1686 1595
10464 2482 1492 1883 693
10465 4701 1123 1195 81
10466 3566 280 3006 1887
10467 2993 1655 2824 1696
10468 3808 782 1800 870
10469 2628 1701 1955 72
10470 4610 1347 3779 691
10471 3750 3079 3590 2517
10472 4089 726 3713 1402
10473 2628 1610 1701 1671
10474 3976 1631 3754 3732
10475 4213 3380 3861 3189
10476 4210 2118 3277 2217
10477 3817 1511 1933 1677
10478 4078 1636 4041 1969
10479 3299 2172 2859 2364
10480 3213 1012 1130 1010
10481 2853 786 1814 110
10482 2636 1183 1826 1348
10483 2423 1349 2163 1572
10484 2848 1717 2456 2024
10485 4111 1651 3575 1367
10486 2848 2024 2358 1839
10487 4111 1367 3575 2974
10488 3614 2155 3320 2609
10489 4241 1748 2678 2423
10490 4754 1856 4497 3538
10491 3789 1462 311 786
10492 3216 1983 2328 2309
10493 2659 1022 2309 1098
10494 2675 173 1049 608
10495 2665 1528 2587 1947
10496 2665 1947 2587 2124
10497 4629 2834 4392 3742
10498 4142 2096 3374 2244
10499 3964 1834 3499 2581
10500 4629 3132 3855 2238
10501 4232 1098 2659 292
10502 2896 2053 2766 2610
10503 3126 2766 2967 1531
10504 2579 1490 357 1466
10505 4140 1601 3374 2244
10506 4657 1580 2015 1909
10507 4214 861 2237 1266
10508 3519 2213 3442 2959
10509 4295 2502 3421 1985
10510 3987 467 1102 853
10511 4027 3348 3988 2351
10512 2782 1911 2568 2237
10513 4487 4161 4459 3234
10514 3375 1630 2175 1654
10515 3449 830 2095 1819
10516 4286 1535 4090 3022
10517 3111 967 2358 702
10518 3501 2656 3193 3052
10519 4707 2274 3160 2674
10520 4313 344 2032 1945
10521 4194 1533 2852 2431
10522 4210 2560 3912 2217
10523 4465 1969 4078 3139
10524 3649 1645 3317 1858
10525 3958 1944 3366 1859
10526 3230 2816 3035 1722
10527 3741 2304 2846 2699
10528 2922 1546 2837 2444
10529 4286 2535 4090 422
10530 3951 195 2604 2433
10531 3644 2823 3299 1785
10532 3223 1818 2892 1032
10533 4345 2499 4020 2038
10534 4603 4131 4543 3293
10535 4603 3130 3146 1548
10536 3834 1881 3521 2177
10537 4215 927 2338 441
10538 4504 2067 3429 2774
10539 4215 1556 4060 3867
10540 3834 2177 3521 3142
10541 2922 2444 2837 2092
10542 4213 3189 3861 2222
10543 4021 3653 3814 1903
10544 4353 2500 2915 1550
10545 2661 1051 2046 417
10546 4242 2430 3212 2207
10547 3213 603 1748 1012
10548 3213 1130 2372 1925
10549 4714 3443 4551 3228
10550 3998 1940 2564 2374
10551 3213 1012 2423 2372
10552 3213 1012 2372 1130
10553 4456 3170 3795 3147
10554 3213 1130 1925 1010
10555 3213 603 1012 1010
10556 3560 68 2467 548
10557 4047 3606 3826 3164
10558 3341 1574 3143 3061
10559 4085 2504 3687 3455
10560 4000 3095 3232 1934
10561 4777 630 97 943
10562 4320 1526 3280 2407
10563 4320 1804 3900 2039
10564 2432 339 2104 1892
10565 4039 1807 3923 2871
10566 2432 1708 2104 1217
10567 2432 1217 2104 339
10568 2561 731 2228 328
10569 3705 2220 3544 2607
10570 2561 1124 731 82
10571 4130 3322 3862 2378
10572 4594 1820 4034 3037
10573 4105 1763 2917 1421
10574 4748 2761 3381 1898
10575 3117 782 2051 1800
10576 2692 891 2389 804
10577 4218 2730 3034 1747
10578 2824 158 585 1129
10579 3750 2651 3590 3079
10580 4813 3623 3778 2206
10581 4594 686 3522 1959
10582 3997 2606 3243 2907
10583 2996 2219 2806 2037
10584 2720 241 863 1275
10585 2720 1275 2581 416
10586 4010 3354 3630 2224
10587 3561 1978 3119 3102
10588 3640 2743 3037 2588
10589 2833 1719 2351 1995
10590 4383 332 1325 1331
10591 2435 1119 1620 485
10592 2435 485 1186 1119
10593 4781 3362 4542 4538
10594 4733 3896 4328 962
10595 4040 1438 1790 720
10596 4283 559 2408 1651
10597 3828 3041 3384 1878
10598 4219 1216 1897 1559
10599 4448 4015 4443 2986
10600 3153 1211 913 1487
10601 3866 1611 2856 1807
10602 3866 3095 3435 1660
10603 3896 1356 2072 1377
10604 4220 2478 2639 1507
10605 4220 2543 3673 2033
10606 4220 2033 2478 1507
10607 4711 1450 2899 1702
10608 3055 1794 2748 1422
10609 4781 3511 4653 3362
10610 4175 2997 3020 1721
10611 4471 3939 4251 2098
10612 3578 2067 2829 2461
10613 3092 2153 2977 1446
10614 3092 1297 108 755
10615 4751 1770 3224 1976
10616 3144 2314 2667 1984
10617 4092 1975 3574 3284
10618 4145 3212 3409 2151
10619 3667 2099 3643 1554
10620 3797 3543 3680 2726
10621 4145 2419 3854 2167
10622 3836 887 3680 3543
10623 3282 1771 2856 1611
10624 2625 1380 565 277
10625 2625 1351 565 1380
10626 3769 619 1502 345
10627 4007 2485 3025 410
10628 4643 2042 3919 1232
10629 3893 670 927 135
10630 3321 1892 2659 2138
10631 4085 821 3978 206
10632 3512 2899 3376 1702
10633 3944 2651 3590 1847
10634 3658 3074 3638 2755
10635 2798 130 2069 959
10636 3887 1517 2229 2008
10637 2495 2272 2275 2022
10638 3524 3154 3446 3017
10639 4269 2199 3381 3350
10640 4286 2535 3940 3022
10641 2796 749 1306 84
10642 4092 1975 3878 3773
10643 3549 1905 2502 2311
10644 4726 2351 3348 2236
10645 3266 2956 3116 3099
10646 4222 2373 3913 1927
10647 4727 2327 4305 2221
10648 4056 2053 3336 3227
10649 3254 2052 3126 2716
10650 4623 271 2336 434
10651 3850 924 2695 1248
10652 4633 1953 2751 2585
10653 4226 2194 2580 1929
10654 2891 1066 2612 433
10655 2891 71 2706 982
10656 4159 1962 3844 1762
10657 3014 1644 2046 1695
10658 3999 2481 3155 1808
10659 4057 1910 2231 1800
10660 4528 3467 3580 3422
10661 4561 2678 4366 3726
10662 3311 1689 2878 2296
10663 2445 621 1206 50
10664 2445 1222 2080 621
10665 2445 621 50 1222
10666 3840 1623 2912 2390
10667 3542 2294 3396 1849
10668 4005 1991 2726 1954
10669 4397 978 2864 579
10670 4129 2221 2756 2744
10671 4236 199 2030 716
10672 4287 2264 2811 1824
10673 4758 1530 3063 2477
10674 3153 2036 2843 1635
10675 2788 2075 2539 1917
10676 4187 1327 138 702
10677 3765 2135 2869 2776
10678 2661 266 1600 1051
10679 4113 502 953 954
10680 4354 1796 3555 3530
10681 4079 1781 2498 2445
10682 4614 1489 2010 628
10683 4765 1378 527 1394
10684 4785 2557 4669 3420
10685 2837 1812 2281 1650
10686 4786 635 192 1144
10687 3839 2194 2988 1839
10688 4042 2236 2987 1615
10689 4798 2634 4226 2988
10690 2952 1634 2799 2780
10691 3838 3009 3611 2912
10692 3339 1576 2589 1924
10693 2744 1610 2628 1724
10694 4382 2404 2943 1721
10695 2749 1617 1704 1168
10696 2731 1777 2115 1548
10697 2798 1413 130 535
10698 3954 1137 1103 290
10699 4042 63 1668 425
10700 3374 623 1618 294
10701 2798 1908 2225 1717
10702 3812 1903 3653 3094
10703 4189 2852 2939 2935
10704 3650 3372 3473 2045
10705 4449 1649 4324 2047
10706 3474 1961 3272 2411
10707 4616 3247 4572 2730
10708 3619 3405 3418 1967
10709 3342 2442 3070 2496
10710 3962 3663 3773 2846
10711 3523 3020 3253 3166
10712 2844 2211 2496 2108
10713 2655 1211 646 1147
10714 4226 2814 4082 2580
10715 4013 2291 2864 2368
10716 3241 1159 3082 594
10717 4434 1860 3148 3142
10718 3241 1603 2347 1943
10719 4477 2280 2853 1199
10720 4449 2047 4324 1585
10721 4513 1722 3060 2956
10722 2868 1750 2446 2202
10723 3055 2042 2622 1915
10724 3688 1336 298 1141
10725 4504 2774 3531 2549
10726 2551 1556 1764 1644
10727 3704 1548 3159 1651
10728 4227 943 3803 664
10729 4655 365 1239 250
10730 4260 1568 4018 1977
10731 2456 964 53 545
10732 2456 964 2358 53
10733 2456 53 2358 2024
10734 4695 2141 3361 2958
10735 2800 2100 2703 1673
10736 3469 3358 3410 3363
10737 3779 2243 3739 1347
10738 3850 634 2782 2177
10739 4579 2627 3540 2172
10740 3749 2392 3501 3307
10741 4626 2516 4484 1705
10742 3244 150 1086 1428
10743 3708 3360 3550 2410
10744 3140 1530 2905 2850
10745 3472 1701 2336 1955
10746 4488 2364 3299 2999
10747 4526 1744 4294 3629
10748 2859 1952 2170 1785
10749 3026 579 439 70
10750 3683 2920 3165 2440
10751 4148 2771 3489 3421
10752 2726 1991 2441 1667
10753 4406 3663 3701 2475
10754 3540 2738 2859 2133
10755 2463 1873 2081 2073
10756 3753 2489 3638 2973
10757 3616 970 2325 6
10758 4159 1612 3184 2044
10759 2464 1588 2079 1900
10760 3031 1020 2292 1018
10761 4493 2570 4257 2994
10762 3159 1587 2649 2458
10763 3855 2800 3843 2545
10764 3855 2460 2800 1673
10765 3031 1020 229 1019
10766 3031 2054 2363 260
10767 4584 3660 3913 3523
10768 3813 1693 1899 162
10769 3869 3181 3507 3475
10770 4750 3331 3559 1856
10771 4228 2266 3540 2627
10772 2466 238 589 821
10773 2466 238 2315 589
10774 3922 1158 1445 590
10775 4010 3270 3696 2913
10776 4047 3764 3826 2497
10777 3869 3181 3475 2028
10778 4606 4212 4338 1872
10779 3979 1509 2822 2567
10780 4274 2074 4063 2057
10781 3215 2469 2486 1934
10782 4086 1599 3395 2271
10783 2466 238 2323 2315
10784 4086 333 636 986
10785 4086 986 3163 333
10786 4086 333 3018 636
10787 4444 2676 3188 1874
10788 3184 1512 2604 1962
10789 3912 2217 3037 2743
10790 3912 3474 3522 2411
10791 4061 2057 2102 1689
10792 4362 1281 503 959
10793 2467 1244 976 548
10794 2467 1244 2186 976
10795 3184 2125 2231 1612
10796 4052 176 3012 2727
10797 4241 603 1760 1748
10798 4380 593 1969 1014
10799 3483 1940 3286 2966
10800 3315 966 3225 1004
10801 2751 2594 2739 2513
10802 4222 2174 3711 3253
10803 2508 90 2438 806
10804 4441 1999 4139 3879
10805 3210 1710 2122 1753
10806 3876 632 54 1238
10807 2641 391 1230 237
10808 4347 3182 3358 1906
10809 4189 2431 2852 1560
10810 3025 542 2999 1952
10811 4703 3134 3525 2755
10812 3966 2790 3036 2866
10813 2734 1835 2631 1806
10814 4681 3027 3330 1948
10815 2853 1524 1652 1563
10816 4014 43 602 993
10817 2934 684 2631 1523
10818 4032 2971 4017 2238
10819 4447 2392 3034 2617
10820 3541 1594 3451 3013
10821 3618 1834 3499 3278
10822 2878 193 518 1008
10823 4538 1663 4159 3844
10824 3082 1159 742 1257
10825 4573 2918 3136 1871
10826 3798 3295 3459 2544
10827 4808 1378 4765 265
10828 3082 2547 2842 2066
10829 2734 145 1589 921
10830 2802 1642 2704 1614
10831 4460 3231 4160 1679
10832 2584 1748 2407 658
10833 2765 1481 366 891
10834 3568 1798 3340 2790
10835 4128 659 701 1237
10836 4712 2492 4235 1289
10837 4620 2611 4527 4336
10838 4125 2400 3046 1711
10839 3406 1132 888 1015
10840 4362 1281 2069 1627
10841 2847 2140 2550 2398
10842 3874 3367 3524 3017
10843 4117 3239 4000 2621
10844 3813 983 3532 734
10845 2901 2221 2264 2262
10846 3050 1350 1242 136
10847 4199 161 3155 564
10848 2752 2344 2405 1543
10849 3125 1479 357 1499
10850 3968 3351 3581 2823
10851 3734 818 3601 1314
10852 3778 1662 3194 2695
10853 3150 1452 764 1416
10854 4014 1046 1870 43
10855 2543 2306 2478 1507
10856 4232 1033 1063 1062
10857 3679 3516 3590 3541
10858 4327 1833 2448 1639
10859 2908 503 2058 308
10860 4685 991 2947 101
10861 4212 3420 3484 2329
10862 4099 2690 3895 3170
10863 3075 2537 3058 2023
10864 2974 512 57 447
10865 4106 1778 2161 1732
10866 4446 1973 3192 2725
10867 2936 996 1801 1018
10868 4233 1810 3621 3059
10869 2936 292 2659 999
10870 3233 1587 2408 1651
10871 4320 2349 3504 1804
10872 4116 844 2550 2455
10873 2482 693 1883 1565
10874 2482 1246 1782 1595
10875 2482 1595 1782 1565
10876 2482 1565 1939 1595
10877 2482 1153 1597 1469
10878 2482 1469 1246 1153
10879 2482 1505 1939 1565
10880 2482 1565 1883 1505
10881 2482 693 1565 89
10882 2482 89 1246 693
10883 2482 1565 1782 89
10884 2482 89 1782 1246
10885 3587 2800 2867 2475
10886 3906 2511 3413 3261
10887 4085 843 389 821
10888 3965 2757 3678 2955
10889 3978 768 1406 206
10890 4756 2000 4514 4073
10891 4110 2140 2784 2398
10892 4235 2195 4199 3999
10893 4377 304 654 865
10894 4149 2665 3819 1528
10895 3499 2555 3278 1834
10896 3093 1326 651 1115
10897 3942 2039 3104 1627
10898 4110 1853 2571 2140
10899 3683 2872 3279 3179
10900 3900 980 508 992
10901 3489 2502 3421 1518
10902 3497 2674 3168 2945
10903 4210 2411 3272 1961
10904 3611 1795 2273 2019
10905 4761 3585 4530 2668
10906 4514 2488 3063 2000
10907 4056 2053 3227 2950
10908 4235 733 2488 1179
10909 2487 2164 2287 1916
10910 2487 1916 2287 1703
10911 2487 1703 2164 1916
10912 3571 2089 3303 358
10913 3734 1467 399 938
10914 4096 1530 2850 2260
10915 4056 807 3336 893
10916 4390 1616 3103 2504
10917 3117 1612 2231 2125
10918 4675 2201 2599 1845
10919 4575 1751 2688 2265
10920 3286 1553 2248 1940
10921 2798 1724 2756 2395
10922 4079 1786 3105 2498
10923 4041 2013 3879 1636
10924 4040 3177 3923 1706
10925 4306 1694 1895 1521
10926 3076 1976 2947 2166
10927 3855 2545 3491 1673
10928 2713 87 2036 1680
10929 2543 2033 2478 2306
10930 3201 2017 2924 2523
10931 3201 2123 2551 1542
10932 2684 1670 1876 1175
10933 4512 2748 3055 2591
10934 4096 2624 3140 1530
10935 2684 1535 1876 1670
10936 2684 1670 2082 1535
10937 3411 276 1865 932
10938 3057 1677 2649 1774
10939 4522 2701 4050 3492
10940 2977 1772 2806 1794
10941 2974 228 447 1367
10942 4599 3982 4099 4077
10943 4187 3111 3556 1853
10944 2977 515 1772 1446
10945 4654 2621 4066 4000
10946 2534 291 540 587
10947 2534 587 993 291
10948 4236 1621 3825 1666
10949 4236 1299 716 300
10950 3352 1449 2786 2421
10951 4188 2907 3997 2097
10952 4744 4367 4420 3205
10953 4398 3485 4323 126
10954 2631 1131 684 1101
10955 2735 1641 2463 1790
10956 2779 1712 2253 359
10957 2809 220 704 1162
10958 2837 2281 2444 1650
10959 3201 1556 2551 1644
10960 2926 2162 2332 2013
10961 4065 1764 2307 1161
10962 4133 2989 4127 1721
10963 4578 2984 4435 3639
10964 3783 766 3364 2686
10965 4474 1337 2243 1822
10966 4176 701 4128 2208
10967 2760 2405 2752 2344
10968 2760 2128 2405 2344
10969 3843 1564 2867 2460
10970 3646 2898 2962 2218
10971 3856 1369 3276 597
10972 3216 2138 2659 1892
10973 3872 1822 3473 3320
10974 3230 1871 3120 2710
10975 4283 2408 2649 1587
10976 3532 2059 2904 2278
10977 4237 3194 3778 1662
10978 2953 1621 2883 2577
10979 4742 1851 4387 2733
10980 2495 1638 2237 1914
10981 2495 1914 2237 1911
10982 3498 2206 3275 2939
10983 4100 1810 3123 3059
10984 4158 127 1066 695
10985 3700 2939 3451 3090
10986 3505 1091 385 1090
10987 2773 942 727 1298
10988 2773 1900 2269 942
10989 4525 3595 4141 3671
10990 3654 724 3121 2508
10991 4796 4251 4471 3939
10992 4529 3199 3323 3200
10993 4129 2069 3942 3104
10994 4272 3555 3562 2767
10995 4718 1780 4265 2796
10996 3967 1650 2890 2281
10997 4022 1716 3359 2380
10998 2859 2133 2738 2170
10999 4016 981 1996 536
11000 3783 1698 1733 317
11001 4681 2383 4093 1948
11002 3028 1519 2157 1620
11003 3359 1714 2380 2341
11004 2910 279 2862 1107
11005 4024 704 2809 139
11006 3385 1813 2699 2249
11007 4393 3052 4098 3722
11008 4101 2638 3207 3075
11009 2794 1729 2485 34
11010 4183 1721 3020 2404
11011 4286 232 2535 422
11012 3555 984 3530 529
11013 3465 2578 3103 1616
11014 3961 1702 3512 3376
11015 4296 2313 3706 1506
11016 3108 1814 2318 2160
11017 4510 2331 3934 3377
11018 4120 1750 2718 2176
11019 3732 2302 3308 2645
11020 3550 1796 3537 3335
11021 2820 620 855 310
11022 4600 2160 3815 3730
11023 4072 1674 2760 2128
11024 2933 2289 2291 1882
11025 3241 594 165 1095
11026 3633 3181 3507 1964
11027 2798 1413 1908 1724
11028 2560 1749 2184 2118
11029 4789 1123 3755 3412
11030 4238 1599 3085 2825
11031 3964 2581 3499 1088
11032 4622 630 1143 904
11033 3266 1989 2818 2632
11034 3964 2555 3938 3499
11035 3720 1584 2350 627
11036 3612 2924 3490 2470
11037 4217 3309 3577 2567
11038 3958 3073 3393 3097
11039 4238 506 3163 2667
11040 2961 2230 2904 1884
11041 3682 3421 3489 2771
11042 4605 2408 4063 55
11043 3335 2873 3158 2391
11044 3168 2446 3103 2406
11045 3588 533 324 1072
11046 4291 2855 3170 2690
11047 4302 566 4251 2098
11048 3956 2646 3101 1705
11049 2592 2253 2351 1855
11050 3686 137 2426 2208
11051 2731 2100 2115 1819
11052 4239 2373 2796 1665
11053 3239 2888 2896 1792
11054 3076 2803 2947 953
11055 4433 3139 4078 2347
11056 3833 2096 3374 617
11057 4513 3469 4207 3410
11058 3785 2944 3215 2359
11059 4417 518 2296 790
11060 4496 1613 3386 3342
11061 2731 558 248 1341
11062 3470 1577 3444 2745
11063 4666 1789 3442 3262
11064 2961 2230 2763 2059
11065 2731 1328 248 558
11066 4154 452 1720 1589
11067 3780 1733 2991 1653
11068 2953 2577 2883 1668
11069 4536 2898 4303 2249
11070 4130 1710 3515 3322
11071 4499 1552 3995 1676
11072 4186 950 3440 739
11073 3503 2583 3447 2697
11074 4104 1797 2736 1723
11075 4114 2569 3625 1578
11076 2921 1439 846 62
11077 4338 3088 4141 1872
11078 3356 1692 2803 2524
11079 4663 3631 4473 2884
11080 3611 1520 3271 1979
11081 3577 2286 2822 2567
11082 2552 42 2117 1251
11083 2552 1312 42 1251
11084 3627 2416 3182 2345
11085 4406 4168 4212 3701
11086 4691 1766 4147 2552
11087 4622 904 1143 905
11088 4240 2397 2619 1749
11089 3905 1443 108 1297
11090 3565 3191 3262 2559
11091 2711 363 24 929
11092 3036 1941 2787 2735
11093 2711 647 1302 1170
11094 4683 1751 2265 2085
11095 4230 2963 3512 1672
11096 3503 3276 3366 2473
11097 4546 730 1203 554
11098 4372 3197 3309 2767
11099 2552 2101 2117 42
11100 4311 2401 3084 2367
11101 2742 2140 2505 1538
11102 4448 3911 4301 3127
11103 3585 2889 3517 1953
11104 2791 703 138 845
11105 3984 498 2252 1829
11106 4247 1601 4140 2317
11107 3832 3010 3693 1885
11108 4626 3440 3715 2577
11109 3832 1885 3693 3564
11110 3554 1111 3485 2563
11111 3721 3399 3468 3274
11112 4093 2383 3330 2810
11113 3935 1880 3297 2554
11114 4358 104 4348 1118
11115 2881 2640 2793 1532
11116 2620 2341 2608 1714
11117 4211 3639 4205 3741
11118 4338 3671 4141 3595
11119 4241 2111 2407 1760
11120 2630 715 2492 1228
11121 4053 2081 3893 2071
11122 2996 499 1432 217
11123 2720 2086 2139 1901
11124 2538 883 127 426
11125 2818 2632 2746 2413
11126 3912 3037 3752 3640
11127 4159 1910 2891 1612
11128 4608 3110 4211 3741
11129 4557 1920 3591 3236
11130 4243 2227 3822 1147
11131 3935 2040 3176 2201
11132 4795 3452 3718 454
11133 3636 2454 3311 2855
11134 2519 401 2324 2176
11135 2519 1081 2324 401
11136 3397 648 2144 852
11137 3929 2486 3790 2359
11138 4170 799 1876 224
11139 3803 945 1823 946
11140 2946 2107 2515 1523
11141 3683 2422 3579 2045
11142 3823 1859 3089 2922
11143 4187 2802 3839 2358
11144 3977 1575 3786 3294
11145 2692 1565 1782 1514
11146 3344 1794 3156 2042
11147 4670 3899 3965 3009
11148 4102 2128 2947 706
11149 4574 3307 3945 3038
11150 4192 2786 3352 3239
11151 4245 2772 3746 3164
11152 4244 3403 4225 1809
11153 4244 1759 3413 3370
11154 3823 2805 3089 2949
11155 4245 3164 3746 3495
11156 4245 3164 4191 3319
11157 4245 3495 3746 2772
11158 4343 2850 3063 1687
11159 4545 1154 3171 931
11160 4044 3073 3291 1739
11161 3019 2293 2870 1629
11162 4092 2402 3574 1975
11163 4245 2474 3495 1854
11164 3470 1577 2745 2011
11165 4183 1508 2989 2404
11166 3950 1743 2484 1752
11167 4790 2925 3711 3576
11168 4690 2255 3380 3347
11169 4499 2598 3016 1552
11170 4153 3017 3874 3524
11171 3482 1921 2398 1513
11172 3378 2162 3267 2255
11173 4790 4225 4527 1809
11174 3378 2255 3329 2459
11175 3630 2911 3492 2471
11176 3789 348 740 1427
11177 4306 1887 2322 1521
11178 4183 2404 3660 1508
11179 4247 2235 4140 3740
11180 3221 2148 2264 1544
11181 3184 2125 3133 2231
11182 3575 2076 3233 1651
11183 3343 2270 3174 1604
11184 4030 1169 580 321
11185 4513 2557 3363 2793
11186 4113 1263 1300 194
11187 2561 731 2240 2228
11188 4525 2656 3722 3589
11189 3732 2645 3086 2060
11190 4247 1537 3279 2654
11191 4247 3740 3961 1537
11192 4607 1742 2270 1609
11193 4247 2235 3740 1537
11194 4425 2588 3640 3037
11195 2589 1576 1702 971
11196 3340 2383 2541 1562
11197 4248 2750 3314 2994
11198 3398 2643 3174 1868
11199 4048 1639 3065 2714
11200 3580 1973 3422 3199
11201 2919 97 904 236
11202 3967 1196 528 1030
11203 4249 2200 2852 2452
11204 2530 1682 2136 2034
11205 2530 1192 2136 1682
11206 2530 118 1218 1192
11207 2530 685 1218 118
11208 2530 2034 2136 1218
11209 2530 1218 2136 1192
11210 3771 3158 3717 2762
11211 3771 2885 3295 3097
11212 4174 1780 3229 2826
11213 3003 1206 2246 638
11214 3979 2422 3557 1509
11215 4317 2449 3377 3131
11216 4613 3799 4231 3888
11217 2953 473 1666 258
11218 2741 2169 2690 2672
11219 3688 644 1305 890
11220 2894 677 818 938
11221 2894 214 938 869
11222 4145 1629 2474 2151
11223 4154 1720 3909 1589
11224 4717 3323 4097 3219
11225 4811 807 3336 3227
11226 2952 2780 2799 1640
11227 2961 1884 2763 2230
11228 4490 2287 2780 1640
11229 4554 2314 4238 3481
11230 4309 2333 3396 1911
11231 3603 1421 772 38
11232 3187 1033 1869 607
11233 4140 3740 3948 2427
11234 4248 3792 4087 1660
11235 4162 1391 1374 1372
11236 4162 1374 1916 1031
11237 3880 3165 3731 1924
11238 4735 1028 486 179
11239 4248 2320 3792 3757
11240 4162 489 437 1372
11241 4140 2244 3374 2096
11242 4251 3752 3941 1334
11243 2983 1193 91 1202
11244 4636 3498 4194 2200
11245 3853 1653 2169 1707
11246 3275 2431 3214 1598
11247 3491 2331 2800 2545
11248 3023 1542 2551 2513
11249 4402 2518 3248 2130
11250 4716 2770 4250 1845
11251 3941 1424 362 1334
11252 3894 1715 2995 1512
11253 4769 3415 4115 2305
11254 4469 4165 4417 2525
11255 4283 141 1157 559
11256 3111 698 2050 967
11257 4150 1810 4100 3059
11258 3758 3102 3260 2819
11259 4194 1529 3521 2635
11260 4723 1879 4289 3204
11261 3484 2329 2861 1872
11262 2543 2022 2204 1889
11263 4262 597 3276 990
11264 3114 278 2934 1523
11265 3628 3189 3467 3306
11266 3812 3094 3807 1903
11267 2875 2492 2630 1569
11268 3694 2595 3029 2108
11269 3611 1520 2273 1862
11270 4237 629 2086 1276
11271 4159 1612 2044 1910
11272 3109 1634 2643 2323
11273 4422 755 1215 1405
11274 3746 1591 3518 2357
11275 4457 1719 4290 2124
11276 4395 3125 3661 2579
11277 3975 1571 3749 3038
11278 4443 2261 4413 2254
11279 3921 2511 3294 2792
11280 3001 2087 2465 1767
11281 2824 1655 2429 1546
11282 3391 2291 2624 1765
11283 3001 543 1767 826
11284 4635 3194 3778 1713
11285 3315 1937 2191 544
11286 4496 3386 4484 2572
11287 3918 1271 1670 1175
11288 3684 1647 3522 1959
11289 4422 755 3092 1215
11290 4790 2168 3229 2826
11291 2968 1555 2666 2105
11292 3860 2406 3687 2446
11293 3001 1767 2465 826
11294 3464 3261 3329 2255
11295 3037 2527 2553 1726
11296 4431 2229 3835 3436
11297 3533 3308 3403 2503
11298 3246 2503 2650 1603
11299 4507 3439 3765 3017
11300 3637 1109 1122 531
11301 2723 58 1907 1254
11302 4454 2372 2423 1716
11303 3505 2126 2364 1978
11304 3521 2568 2635 1529
11305 2765 891 2389 1570
11306 2723 58 1254 319
11307 4359 2906 3497 1741
11308 3121 724 1190 765
11309 4542 2897 3844 3362
11310 3974 3259 3736 3567
11311 4120 2176 3697 1750
11312 4253 1498 2142 1250
11313 3966 2866 3441 2790
11314 3906 2812 3074 2755
11315 4447 3429 3853 2617
11316 4475 2683 3963 3456
11317 4198 2664 2786 459
11318 4287 2264 4051 2901
11319 3667 1554 3643 1688
11320 4235 2488 2492 2477
11321 3796 3212 3409 1929
11322 4701 3412 4700 1667
11323 4269 3147 4136 2199
11324 4326 3698 4036 3685
11325 2739 1542 2551 2123
11326 3170 2454 2855 2525
11327 4368 1525 2385 1703
11328 4434 1829 3151 2452
11329 4395 2686 4055 2579
11330 2719 521 2433 1212
11331 3557 1509 3493 2822
11332 3676 1931 3221 1544
11333 2724 910 1688 1006
11334 2724 1048 2661 252
11335 4564 3593 4486 1644
11336 2724 1688 2661 1006
11337 4758 3800 4096 1530
11338 4117 3177 3239 2970
11339 4117 2871 3402 1706
11340 3905 108 2748 2153
11341 3254 2282 3126 2052
11342 3258 1725 2862 2048
11343 2551 2307 2381 1697
11344 2551 1697 2381 1542
11345 3825 716 1666 300
11346 3825 1666 2953 2014
11347 4237 2555 3723 1713
11348 3825 2014 2953 2883
11349 4383 1331 3452 2980
11350 3959 819 617 293
11351 3303 787 805 90
11352 3959 1585 2096 819
11353 3988 1995 2351 1719
11354 4760 143 3449 1322
11355 4524 3733 4255 1823
11356 4728 4309 4495 2333
11357 3103 2504 2578 2274
11358 3432 1365 1890 1760
11359 4252 2248 3662 2613
11360 4120 1750 3697 2519
11361 4779 1529 4636 3891
11362 2649 1774 2458 1522
11363 3312 3273 3289 3235
11364 4573 2928 3696 3577
11365 4697 2554 3385 2249
11366 4206 1200 1649 1476
11367 3056 2183 2714 1719
11368 4641 3024 3904 1562
11369 4128 1877 2464 2208
11370 3444 192 1260 637
11371 3591 3225 3315 3205
11372 2943 2157 2582 1519
11373 4106 601 86 1257
11374 3763 2241 3503 2620
11375 4585 2374 3677 1847
11376 4070 368 371 188
11377 4286 3022 4090 2535
11378 4256 3552 3744 2960
11379 3763 46 1159 609
11380 4340 1561 2145 2070
11381 3797 2043 2441 2437
11382 3734 1314 3601 2843
11383 2798 1724 1908 1675
11384 4632 2614 3465 2950
11385 4529 2575 3580 3318
11386 4199 564 3155 1310
11387 4126 447 2301 829
11388 4036 3698 3920 3425
11389 2610 1932 2529 1280
11390 4728 2333 4495 2126
11391 4807 2152 4764 3345
11392 3341 2648 3143 1574
11393 4487 1587 3159 2458
11394 3667 1802 3566 2676
11395 4236 300 2263 1299
11396 3843 2800 3587 2545
11397 4113 1300 2109 502
11398 3529 2789 3487 3231
11399 2630 977 591 1112
11400 4771 3458 4591 3758
11401 4257 2570 3936 3314
11402 4462 166 1632 457
11403 4380 593 2077 1969
11404 2630 715 2325 1576
11405 4511 2518 4470 2004
11406 3798 2544 3459 2813
11407 3798 2813 3459 3368
11408 2630 715 1576 1569
11409 3531 828 827 240
11410 3531 1351 388 828
11411 2630 977 715 1228
11412 2630 977 2492 1289
11413 3665 2595 2961 2844
11414 3187 2268 3012 1163
11415 3834 1881 2177 191
11416 4034 2700 3037 2527
11417 3374 1464 1317 294
11418 3374 1618 2244 1601
11419 4319 2125 3940 1001
11420 4294 2213 3707 3367
11421 4699 4169 4548 2559
11422 3336 807 91 707
11423 4172 283 1120 569
11424 4529 3422 3580 2575
11425 4488 2823 3299 2831
11426 2891 433 2612 1910
11427 2569 2110 2321 2316
11428 3028 178 363 928
11429 2569 2316 2321 2076
11430 2636 1183 19 460
11431 3933 2453 2872 2045
11432 2636 1360 523 1348
11433 3969 3175 3666 2284
11434 3981 2018 3291 1558
11435 4782 3169 4008 2548
11436 4782 2548 4523 3169
11437 4604 1665 4499 3016
11438 4538 1663 3844 2897
11439 4782 3818 4653 3968
11440 4538 1962 4254 1970
11441 3513 2837 3073 2747
11442 4098 3052 3811 3722
11443 2993 288 1017 1129
11444 2636 1114 19 523
11445 2636 1348 19 1183
11446 2636 1348 1826 1360
11447 4401 2138 3032 2268
11448 2704 2132 2216 1614
11449 2704 1642 2185 2132
11450 3055 784 147 1422
11451 2955 1717 2941 2058
11452 4480 1953 4292 2585
11453 3906 3074 3261 2755
11454 4139 1788 4041 3879
11455 4085 206 2434 843
11456 4377 2185 2840 1543
11457 3820 2563 3781 1796
11458 4258 2856 2914 1807
11459 4258 149 1089 963
11460 2995 1512 2604 2433
11461 4258 692 3414 2856
11462 3315 1004 3225 2965
11463 3847 2147 3448 2447
11464 4620 2168 4147 3229
11465 4258 2914 3027 1807
11466 3820 2325 3530 1796
11467 4620 4054 4336 2425
11468 4258 963 3414 692
11469 4258 149 3414 1089
11470 4178 1770 2811 2131
11471 4781 1970 3511 1762
11472 4481 2599 4415 3259
11473 3840 2390 2979 1623
11474 3411 758 1987 400
11475 3840 1623 3838 2912
11476 3840 2976 3515 2156
11477 3081 1533 2452 1909
11478 4408 3217 3970 2995
11479 4436 3203 3470 2011
11480 4232 3321 4006 2292
11481 3893 2071 2073 1932
11482 4185 527 1425 1227
11483 4186 739 920 950
11484 4250 3060 3690 3392
11485 4260 2043 4112 1838
11486 4186 1621 2953 2577
11487 2796 1417 1306 749
11488 4260 1977 4018 3528
11489 2957 1674 2600 2524
11490 4529 3200 3580 3199
11491 2903 31 1469 1226
11492 3611 3280 3304 2273
11493 4260 2514 2815 1568
11494 3674 2861 3484 2329
11495 3674 2187 3651 3510
11496 3690 3035 3060 1722
11497 4130 2156 3515 2976
11498 4294 3367 3707 3154
11499 4606 3514 4485 3450
11500 3558 1773 3218 3127
11501 4435 3639 4211 4017
11502 3148 1881 3142 1860
11503 3461 2004 3320 1822
11504 3934 3384 3878 1878
11505 4647 74 273 519
11506 4217 2658 3577 3309
11507 4589 3279 4118 1924
11508 4049 2374 3090 3042
11509 3970 2433 2995 2719
11510 4436 2011 3470 3067
11511 3462 2444 2922 2391
11512 4618 1929 3796 3409
11513 3508 1958 2619 1888
11514 4261 2794 4158 1663
11515 3619 3418 3489 2502
11516 3643 1554 2099 2008
11517 4659 1542 4132 3023
11518 2954 2398 2419 1513
11519 4658 290 4546 3987
11520 3676 3221 3263 2131
11521 4629 2238 3855 3843
11522 4391 1606 4206 2246
11523 4629 3742 3843 2834
11524 4171 726 850 1449
11525 3933 2445 2498 2453
11526 4025 2468 3573 2793
11527 4647 519 3938 2212
11528 4672 2103 3369 3343
11529 4064 1765 3140 2830
11530 4005 1736 2346 2228
11531 2616 925 550 1238
11532 2879 2155 2759 1648
11533 3910 2214 3400 3140
11534 4065 909 2513 1238
11535 4155 1966 3961 3675
11536 4035 3202 3718 3048
11537 3730 200 3161 764
11538 2581 642 39 1275
11539 2581 642 1797 39
11540 3107 2211 2844 2108
11541 2814 2436 2644 1993
11542 4474 3745 3872 3739
11543 4320 3280 3504 2349
11544 4187 1853 3556 2791
11545 4745 1699 4536 3476
11546 4415 2097 3259 2599
11547 3277 1966 3062 2743
11548 4263 3158 3717 2092
11549 4559 1857 2180 1901
11550 4559 685 2034 922
11551 4263 2444 3554 2391
11552 3618 2581 3499 1834
11553 2698 2248 2613 2106
11554 2698 1619 2248 2106
11555 2698 1619 2106 2010
11556 4534 3608 4509 1842
11557 4415 3567 3766 2554
11558 3684 615 2921 2899
11559 4470 2518 3461 2835
11560 4057 2051 2231 1535
11561 4194 1533 3148 2452
11562 4617 3594 3666 2059
11563 4617 2230 3813 3532
11564 3464 1636 3378 3245
11565 3016 1665 2796 2373
11566 4406 3088 4212 3420
11567 2950 1442 1296 464
11568 3898 1996 3412 2726
11569 2711 1170 2030 647
11570 4094 74 2212 455
11571 3057 840 1774 219
11572 4006 1027 2363 64
11573 4592 2108 4539 2869
11574 4435 3274 4205 2984
11575 3907 972 2371 49
11576 3499 2622 3000 974
11577 3108 2037 2996 1432
11578 3108 311 1432 1151
11579 3916 2747 3073 1739
11580 3050 1517 2229 1350
11581 4519 3146 4487 2220
11582 4673 816 1909 368
11583 4247 1537 3961 3880
11584 3326 1504 3250 2242
11585 3303 787 1292 189
11586 4728 2126 3787 1912
11587 4198 832 4039 547
11588 3678 3304 3558 2854
11589 3272 3008 3255 1541
11590 4445 2240 3192 1788
11591 3467 3189 3347 3046
11592 3953 3518 3746 1591
11593 4051 2600 2901 2182
11594 4112 2629 3797 2043
11595 4131 2475 2867 2800
11596 2995 1212 2719 2433
11597 4046 2854 3743 3218
11598 4756 520 2990 1453
11599 4462 1632 1825 457
11600 2979 1637 2390 1937
11601 3865 388 2931 1487
11602 4304 2908 3104 2941
11603 3244 435 1086 150
11604 3985 1156 2267 124
11605 4424 3095 3435 474
11606 4685 2957 4637 3356
11607 4511 2004 3461 2518
11608 4100 1611 3282 2937
11609 4687 3288 3849 3191
11610 4719 1628 3785 2994
11611 3137 2728 3105 2892
11612 4309 2439 3119 2565
11613 2965 1004 1392 665
11614 4261 2379 4254 3563
11615 4782 3169 4523 2379
11616 2749 1168 818 677
11617 4309 2439 3787 3119
11618 4206 1649 2399 2010
11619 3042 2717 2929 2127
11620 4605 559 2408 55
11621 4667 3589 4025 3573
11622 4771 3458 3758 2141
11623 3556 58 2723 319
11624 3975 1698 2732 1571
11625 3131 2569 2789 2110
11626 2752 2079 2348 1586
11627 3797 2043 2629 1510
11628 2723 319 1254 656
11629 2933 1601 2317 2244
11630 4266 2101 4265 2647
11631 4266 2101 4016 1736
11632 4267 1543 2476 2132
11633 2596 1353 1376 497
11634 4651 3877 3921 3294
11635 4098 2705 3617 2266
11636 4207 1591 3953 3099
11637 4299 3307 3501 2656
11638 2597 277 553 838
11639 4794 1872 4141 4098
11640 3065 2258 2714 1995
11641 3065 1639 2537 2448
11642 3833 617 3374 1464
11643 3697 660 1406 1440
11644 4133 2367 3419 2268
11645 3863 1193 3251 2078
11646 4127 987 2371 616
11647 4083 2510 3677 3407
11648 2597 277 1602 839
11649 2597 839 553 277
11650 2599 2201 2402 1845
11651 4352 3979 4217 2410
11652 3946 2645 3226 2942
11653 3588 1117 1135 382
11654 3479 706 1321 305
11655 4072 1824 4051 2418
11656 3317 1875 1986 1835
11657 3317 1835 2615 1875
11658 3479 1540 2682 1848
11659 3946 2401 3223 3086
11660 4268 1628 2876 2769
11661 4804 4634 4778 3402
11662 4795 2120 4276 3354
11663 4268 2143 3437 2189
11664 4019 3013 3700 3091
11665 4124 1959 2605 2479
11666 3221 1824 2264 2148
11667 4734 1924 3279 3165
11668 4608 2984 3760 2193
11669 4268 2769 2876 2055
11670 4268 2189 3437 2055
11671 3084 2401 2942 2645
11672 4429 2860 2958 2113
11673 4720 4098 4571 2861
11674 4386 2995 3894 1715
11675 4696 2819 4429 2958
11676 2692 89 1782 1565
11677 3233 2057 2408 1587
11678 3125 1499 1861 1479
11679 3534 1591 3202 2881
11680 4365 2507 3809 3426
11681 3922 1445 1994 590
11682 3979 3557 3738 1837
11683 4055 357 2579 1490
11684 2992 1504 2808 2778
11685 4735 2298 4353 2500
11686 4484 689 1705 1455
11687 4735 2072 4353 486
11688 4275 2631 3100 1738
11689 3827 1687 2919 2652
11690 4164 727 3290 3072
11691 3104 2349 2941 1520
11692 4249 2049 2532 2015
11693 4116 1907 2550 58
11694 3876 3023 3254 2282
11695 2936 475 996 1018
11696 3485 1112 1111 529
11697 4233 3379 3810 3446
11698 2936 1018 2292 475
11699 2936 1892 2104 996
11700 2983 808 2668 1202
11701 4793 2328 3824 3066
11702 4577 3193 4405 3710
11703 2983 2078 2967 2610
11704 4181 1148 641 1475
11705 4157 1851 4050 2098
11706 4102 991 507 336
11707 3344 2042 3156 2736
11708 3922 590 1179 1158
11709 4219 892 806 1216
11710 3688 890 1108 1336
11711 4537 1615 2236 1534
11712 4320 2273 4108 3280
11713 2908 503 308 959
11714 4198 547 263 832
11715 2692 619 1782 89
11716 2692 1782 2389 1514
11717 2692 1570 1949 1514
11718 2692 89 804 619
11719 2692 89 1565 803
11720 3764 2497 3452 2980
11721 3668 2300 3278 2555
11722 4704 4184 4366 3911
11723 4403 2748 2975 2693
11724 2768 1058 318 964
11725 4075 2103 3886 2897
11726 4075 2103 3343 2718
11727 4075 1769 2084 1663
11728 4075 1769 2718 1951
11729 2798 1675 2756 1724
11730 3971 1681 3462 3155
11731 3509 1672 3500 2605
11732 3192 1999 2400 1973
11733 3192 2437 2725 1838
11734 4321 596 4288 2664
11735 3795 2454 3170 2938
11736 4158 1066 2891 982
11737 4790 3711 4702 2826
11738 2610 281 1932 1280
11739 2610 281 1935 1932
11740 2610 1280 801 472
11741 2610 801 802 472
11742 2610 801 2053 802
11743 2889 966 2191 54
11744 3921 3653 3859 2511
11745 3099 1989 2881 2457
11746 3640 2217 2479 1959
11747 3252 1917 2788 2539
11748 3252 2660 2788 1917
11749 3842 2998 3531 2549
11750 3252 1936 2539 2075
11751 3252 2075 2788 1936
11752 2897 1663 2891 1769
11753 3775 3477 3554 3335
11754 2968 2070 2788 1555
11755 2610 1280 472 281
11756 2610 472 1935 281
11757 4766 501 4065 3436
11758 4148 2502 3418 1985
11759 4621 3182 3627 1885
11760 3712 2650 3043 1516
11761 4073 2343 3733 2335
11762 3796 2207 3212 2430
11763 3014 1600 2832 2467
11764 4271 2710 3136 2918
11765 4193 464 801 80
11766 3886 2406 3860 2446
11767 4057 2231 3022 1535
11768 4495 2565 3383 2333
11769 4066 2621 3274 2984
11770 4133 1983 2989 2210
11771 3466 1849 3365 2657
11772 3689 957 1572 1349
11773 3729 2390 2985 1937
11774 4274 2505 4074 1661
11775 3887 1116 2008 1165
11776 4193 2529 2888 80
11777 4271 2710 2918 1789
11778 4091 2496 3070 2442
11779 4680 1667 2541 2383
11780 4091 1621 3070 2577
11781 4066 2193 3760 2984
11782 3877 2544 3039 2792
11783 4091 2582 3070 1621
11784 4091 1549 2496 2211
11785 4237 3938 3964 2555
11786 4222 3253 3913 3660
11787 4507 1518 3707 3017
11788 4091 1664 2582 1621
11789 3106 2295 2797 1791
11790 3106 1938 2797 2295
11791 2618 2399 2510 1606
11792 2618 1606 2510 2031
11793 2620 1714 2608 1998
11794 2620 1998 2608 609
11795 3277 2118 2560 2184
11796 3976 2494 3647 3438
11797 4194 3148 3521 3142
11798 2950 156 1296 1442
11799 4190 3227 3336 2053
11800 3603 1286 2064 38
11801 4415 2554 3935 2040
11802 4780 3257 4640 4023
11803 4273 877 3808 407
11804 4722 362 3941 1672
11805 4273 407 3808 1800
11806 3776 440 1016 249
11807 3860 2718 3174 2103
11808 2787 975 1220 532
11809 2787 975 2186 1220
11810 4403 2591 3247 2975
11811 3502 521 2719 219
11812 4315 584 4102 991
11813 2622 1232 2042 567
11814 4327 2094 2448 1833
11815 3001 827 2386 509
11816 4607 2593 3756 1659
11817 4275 1100 2064 711
11818 4275 1101 2297 411
11819 4275 411 2297 2134
11820 2623 175 1430 361
11821 2623 880 175 361
11822 3919 2581 3602 1797
11823 3919 2042 3602 2581
11824 4645 866 3932 2456
11825 3745 1863 3223 2155
11826 3625 1578 2742 2571
11827 4275 1100 1101 411
11828 3121 1190 1307 765
11829 3121 1503 1197 346
11830 2842 2531 2547 1684
11831 4584 3166 3523 2825
11832 3735 1380 3129 443
11833 2625 1602 2597 277
11834 3571 2007 3152 2424
11835 2625 1397 1602 277
11836 2625 277 565 1397
11837 2842 1831 2721 2012
11838 3472 1976 2336 1701
11839 4516 2463 2970 1873
11840 4261 127 2538 1840
11841 2842 2066 2547 2531
11842 2628 1180 1724 1671
11843 2628 1671 1701 1180
11844 2628 747 1724 1180
11845 2628 1180 72 747
11846 2983 2610 2967 2766
11847 4429 2462 3390 1915
11848 4198 547 3095 263
11849 4198 3095 4000 1934
11850 3949 374 2408 1886
11851 4522 2087 4231 3045
11852 3684 1451 846 255
11853 3432 170 2417 1890
11854 3529 2475 3487 2789
11855 3529 3231 3487 1679
11856 3842 2931 3531 2998
11857 3638 2973 3323 3074
11858 3638 3074 3323 2489
11859 4134 2552 3229 1766
11860 2990 1453 1143 630
11861 2727 613 176 1304
11862 4731 3027 4322 2758
11863 4200 343 1626 1359
11864 3531 828 2386 827
11865 3101 1787 2932 1353
11866 2631 77 1523 684
11867 2631 77 1806 1523
11868 4541 1620 3028 2157
11869 3853 2573 2991 1653
11870 4276 1340 835 177
11871 4276 177 4230 1340
11872 3101 1353 2932 2646
11873 3101 2646 2932 1787
11874 3101 1705 1787 689
11875 4723 1879 3204 2740
11876 4744 2585 4633 4420
11877 4723 3848 4519 3417
11878 4189 2603 3228 2939
11879 3231 2501 2789 2331
11880 3506 988 606 1256
11881 3506 1256 606 1335
11882 3943 3655 3723 1574
11883 2633 385 2126 541
11884 2633 1092 385 541
11885 4488 1912 3776 2540
11886 4051 2148 2264 1824
11887 4496 2290 3342 2572
11888 4496 1613 3342 2776
11889 3006 280 748 1284
11890 2859 2170 2738 1785
11891 3077 2275 2886 1505
11892 3553 1743 3520 2484
11893 2791 844 2550 845
11894 4188 2606 2907 2689
11895 4562 1074 1025 440
11896 4541 1119 3028 1620
11897 2864 151 2368 862
11898 3070 1549 2577 2290
11899 3136 1871 2710 1722
11900 4488 2823 3581 3351
11901 3221 1931 2148 1544
11902 4675 2040 4481 2599
11903 3152 2016 2147 1592
11904 3342 2776 2869 2290
11905 4221 1902 3397 1625
11906 2636 460 19 888
11907 2636 888 19 1114
11908 4278 1889 2851 2574
11909 4711 614 4230 177
11910 4278 1719 3988 2639
11911 4278 2049 3988 1719
11912 4278 1719 2639 2521
11913 4278 2574 2851 2521
11914 2636 1360 1992 523
11915 4278 2521 2851 2049
11916 2637 1497 2396 1341
11917 3263 3221 3224 2131
11918 3406 1132 460 888
11919 3828 1878 3587 2545
11920 3435 2320 3314 836
11921 4416 3180 3974 1685
11922 3789 1287 1582 311
11923 4666 1903 4021 3851
11924 3897 80 1792 721
11925 4221 2582 4091 1664
11926 3303 2089 3152 2090
11927 4221 2496 4091 2442
11928 4706 1881 3600 1598
11929 2639 2124 2587 1719
11930 4166 1967 3480 2532
11931 4338 2220 3991 3848
11932 3696 2913 3270 2286
11933 4624 3270 4339 2286
11934 2639 1719 2587 2521
11935 2639 2521 2587 2574
11936 3672 2319 2691 2218
11937 4279 2037 3150 1582
11938 4279 776 2037 1582
11939 4541 3080 4382 2157
11940 3643 470 2676 79
11941 4280 2342 3392 3060
11942 4280 1679 4160 3285
11943 3846 2081 2463 1873
11944 2642 1768 1775 1514
11945 2642 1514 2178 1633
11946 4560 752 4477 3571
11947 4435 4017 4205 2906
11948 3419 484 2727 2268
11949 4214 918 3834 861
11950 4647 1093 3938 519
11951 3143 2929 3061 1574
11952 3999 1803 2009 1607
11953 3688 890 227 853
11954 4113 502 2109 306
11955 3575 1980 3355 1548
11956 2642 1638 2272 2150
11957 2642 2150 2272 1768
11958 2642 1768 2272 1775
11959 2642 1775 2272 1638
11960 2642 1514 1865 1768
11961 2642 1633 1865 1514
11962 4281 2647 154 981
11963 3817 1689 2102 1886
11964 4146 1811 2566 1534
11965 4688 338 3900 2407
11966 2688 760 2085 1751
11967 4655 1730 3973 1596
11968 4349 2293 3743 2449
11969 2688 1293 641 922
11970 2933 2291 2368 1882
11971 4694 2457 3209 2199
11972 4013 2368 2864 151
11973 3925 1509 3565 3486
11974 3918 1456 1670 1271
11975 4716 2770 4071 2562
11976 4452 1852 3459 2380
11977 4204 3318 3759 3460
11978 3782 2312 2687 2295
11979 4649 2146 2149 1901
11980 3374 1601 2415 1618
11981 3705 3159 3233 2076
11982 2797 2295 2312 1791
11983 4260 2815 4018 1568
11984 4282 4032 4211 4017
11985 4282 3843 4017 3639
11986 4282 2238 3855 2303
11987 4260 1977 3353 1568
11988 4260 2514 3528 2815
11989 4283 1774 2649 840
11990 4283 1886 2649 2408
11991 4283 840 2649 1403
11992 4702 2925 4153 3711
11993 4284 2144 3163 2825
11994 4284 3018 3985 3085
11995 4284 524 3018 333
11996 2649 840 1677 1403
11997 2649 840 1774 1677
11998 3472 1955 2336 1527
11999 3499 974 2212 965
12000 3216 2309 2659 2138
12001 4623 2803 3830 2336
12002 4613 2506 4231 3799
12003 3886 3457 3860 2406
12004 3080 950 972 1455
12005 4205 2984 4066 3760
12006 4101 2638 3268 3207
12007 4103 379 558 1164
12008 3620 3079 3191 2517
12009 3405 2537 3269 2135
12010 4411 3883 4404 3568
12011 3788 2827 3339 1569
12012 4521 4014 4125 2679
12013 3667 1688 2832 1600
12014 4660 1443 3905 1297
12015 3886 2446 2718 1750
12016 3870 1888 3508 2619
12017 4385 2778 2992 2739
12018 4431 2229 3050 1517
12019 4676 3739 4076 3933
12020 3829 3087 3584 2558
12021 4537 1534 2566 1615
12022 4576 3577 4573 3626
12023 2654 1781 2317 2215
12024 2654 2215 2317 2235
12025 4321 1934 4288 2421
12026 3912 1820 3037 1726
12027 4688 338 2407 1365
12028 3336 707 893 807
12029 2844 1884 2496 2377
12030 3108 1582 2037 1432
12031 4687 3079 3620 1847
12032 2706 1750 2044 1769
12033 2663 2070 2145 1561
12034 3330 149 1121 572
12035 4535 1521 4306 2322
12036 4365 2507 3426 2242
12037 4677 2590 3557 3486
12038 3084 2401 2759 2367
12039 3039 2544 2863 2792
12040 4384 1619 4298 2232
12041 3769 1457 1502 756
12042 3277 2560 2743 1545
12043 3443 125 2737 2288
12044 3575 1805 3233 2076
12045 4102 507 2344 336
12046 4798 2634 4739 4226
12047 3527 1784 3206 3083
12048 4019 2127 2929 2300
12049 3720 187 394 627
12050 4229 1637 3271 2912
12051 3027 1807 2914 2283
12052 3745 618 2932 1036
12053 3636 2855 3311 2732
12054 3785 1628 3109 1632
12055 4285 1744 3176 2959
12056 4286 3022 3940 2231
12057 2962 2249 2699 1813
12058 4094 1090 74 1038
12059 4359 3497 3742 1990
12060 4103 1164 2576 379
12061 3743 3019 3218 1773
12062 2801 1511 2515 2107
12063 3280 1526 2681 2222
12064 2661 1048 885 1006
12065 2661 1051 417 562
12066 2661 562 417 1048
12067 2661 1006 1051 562
12068 2661 1048 1006 562
12069 3694 2722 3621 2595
12070 3111 967 319 698
12071 3643 470 3188 2676
12072 2974 1367 1805 228
12073 4287 2901 4051 2600
12074 3325 2588 3049 1545
12075 4219 1541 2239 1593
12076 4288 1393 3659 2334
12077 2901 2600 2626 2182
12078 4322 1948 3340 3334
12079 4322 3334 3340 2283
12080 4375 3460 4204 1964
12081 4520 282 1085 572
12082 4524 2697 3952 1607
12083 4724 2378 3862 3598
12084 4524 1607 4293 3777
12085 4290 1734 2403 2211
12086 3755 888 3406 1114
12087 4291 2666 4165 1643
12088 3542 1928 3071 2164
12089 3820 2875 3339 2827
12090 3820 2195 3530 2630
12091 3820 2325 3339 2630
12092 3865 1487 2655 1211
12093 3865 1211 3153 1487
12094 2666 2105 2137 1630
12095 4481 2040 4415 2599
12096 4066 3468 3721 2699
12097 4304 1717 2038 1908
12098 4470 2542 3679 3590
12099 4428 3604 3709 3264
12100 4470 2638 3679 2542
12101 2969 314 2109 857
12102 2969 1083 672 1345
12103 2969 1345 271 1083
12104 4293 2195 2875 2477
12105 4371 96 3825 745
12106 4249 1580 2532 2200
12107 4087 3282 3792 1771
12108 3482 1730 1907 1622
12109 3482 2398 2847 2020
12110 4598 3878 4097 3284
12111 4175 3576 3642 1566
12112 4372 2767 3309 2658
12113 2926 1057 574 1105
12114 3994 1707 1763 772
12115 3749 2917 3609 2392
12116 4147 1708 2432 2077
12117 3858 1624 3344 2037
12118 3976 1631 3732 3403
12119 4184 1526 3892 3127
12120 2929 2127 2717 2300
12121 4072 1976 2418 1674
12122 2794 1078 34 1087
12123 4311 1648 2401 2367
12124 4639 1423 3903 742
12125 4730 2978 4285 3316
12126 4100 2284 3334 3175
12127 4788 3120 4573 2928
12128 3322 2964 3273 2156
12129 4529 3200 3323 3074
12130 3729 1937 2979 2390
12131 3082 1159 2547 742
12132 2853 1199 110 1188
12133 3783 2615 2732 1698
12134 3987 2048 3258 2862
12135 4759 3478 4459 3240
12136 3656 291 604 85
12137 4452 1714 2241 1998
12138 3656 2013 2332 1758
12139 4672 3343 4068 2103
12140 4102 2128 2405 1674
12141 3623 1713 3119 2565
12142 2824 288 2429 1740
12143 3729 262 2985 1295
12144 3082 1831 2842 2547
12145 4186 2577 3440 1621
12146 3764 2120 3452 2497
12147 3082 1257 1778 1194
12148 4075 2084 3767 1729
12149 2742 1538 2571 2140
12150 2675 173 2326 1944
12151 2675 173 2341 1049
12152 2675 1049 2341 1716
12153 3945 3112 3624 2454
12154 3174 2270 2643 1604
12155 3850 2177 2695 924
12156 4294 1744 2812 2192
12157 4011 2455 2804 1654
12158 4574 3112 3945 3307
12159 3644 2172 3299 2823
12160 3644 2738 2859 2172
12161 3767 111 1951 1042
12162 4296 1506 3006 1836
12163 4504 2461 3950 3488
12164 4504 3488 3950 1830
12165 3767 1742 3281 249
12166 4296 79 3566 2676
12167 4149 2257 2478 1700
12168 3967 1196 1650 1240
12169 4076 1011 2892 2728
12170 4602 2155 3745 3223
12171 4791 228 3332 822
12172 4621 3645 3829 2345
12173 4299 2414 3649 3526
12174 4297 1321 1387 305
12175 4298 1200 2010 1476
12176 3567 2502 3549 1905
12177 3007 2573 2838 2741
12178 4296 79 2676 1409
12179 4149 2478 2639 1528
12180 3007 1830 2838 2573
12181 4756 630 4073 943
12182 3737 1912 2831 2702
12183 4596 3070 3342 2442
12184 4299 2414 3749 3649
12185 4596 2943 2997 2572
12186 3860 1868 3174 2602
12187 3611 1795 3515 2912
12188 3222 1283 795 423
12189 3496 299 2484 755
12190 3605 2386 3001 827
12191 2682 954 1387 1263
12192 3554 1796 3335 2391
12193 4369 2155 3033 2932
12194 4369 1353 2932 1787
12195 4167 2822 3626 2286
12196 3481 1519 2025 1557
12197 4615 3807 3851 2813
12198 4298 1649 2047 1200
12199 4298 1200 2232 628
12200 2682 1460 671 320
12201 4298 628 2010 1200
12202 2682 1263 1460 320
12203 4377 1776 2957 1543
12204 4526 3629 4294 3154
12205 4526 3154 3810 3638
12206 4013 2291 2589 1924
12207 4299 4161 4223 3526
12208 4189 1560 2480 2369
12209 4578 3468 4473 3274
12210 3222 1283 2259 1584
12211 2682 1731 1848 1540
12212 2682 1263 1387 639
12213 2682 639 1460 1263
12214 2682 639 1387 1460
12215 3954 1137 2309 462
12216 4298 1649 4069 2618
12217 2954 1929 2419 2398
12218 4629 2011 3132 1990
12219 3803 97 945 943
12220 3886 2103 3860 3457
12221 3928 1684 3903 2531
12222 3784 2873 3708 3360
12223 3365 1849 3071 2164
12224 4327 122 849 690
12225 4491 3367 3629 3524
12226 3581 2540 3343 1604
12227 4163 3786 3861 3380
12228 4321 2486 3659 2469
12229 4026 3798 3841 2813
12230 3680 536 2561 1996
12231 4076 2498 3933 2445
12232 4182 3079 4109 1847
12233 2688 1832 2085 322
12234 2688 322 2085 760
12235 4206 1606 2356 2246
12236 4182 1683 3645 3288
12237 3573 1898 3381 2468
12238 4238 2667 3794 2314
12239 2733 146 1379 1397
12240 2733 146 2098 1379
12241 2733 1602 2625 1397
12242 4465 1809 4180 3924
12243 2832 68 2467 1600
12244 2824 1546 2005 1696
12245 3055 1422 2748 784
12246 3055 567 2622 2042
12247 4380 289 574 593
12248 2824 1740 2429 1655
12249 3314 595 1632 166
12250 2824 288 585 83
12251 4269 2366 3710 3209
12252 3216 3032 3185 1983
12253 3524 3017 3367 3154
12254 4746 1874 4724 4444
12255 4533 1869 2363 1573
12256 4585 3620 4109 2590
12257 3862 2594 2976 1678
12258 4318 2042 3156 2972
12259 2824 585 2005 1650
12260 2824 1129 2005 158
12261 4459 1858 3317 1986
12262 3918 1800 2082 2051
12263 4038 1807 2758 2283
12264 3560 2467 3014 1556
12265 4035 3630 3718 3202
12266 4462 3659 4421 1366
12267 4669 3088 4141 3595
12268 4428 3709 4047 3264
12269 4590 1375 298 1336
12270 3485 1111 126 529
12271 3841 3784 3802 1547
12272 4415 2599 3935 2251
12273 4717 3162 3323 3219
12274 3636 2690 3170 2855
12275 3636 2615 3311 1571
12276 3946 2942 3223 2401
12277 4711 1450 614 177
12278 2980 949 1779 332
12279 2977 1624 2153 1772
12280 2930 854 398 1461
12281 3062 1837 2310 2031
12282 4490 1640 2487 2287
12283 2930 854 2354 1883
12284 4070 368 2365 371
12285 4070 2365 2369 371
12286 4070 1361 2729 759
12287 2698 52 1444 1384
12288 2698 52 2106 1444
12289 4484 3080 3440 2572
12290 3428 2643 3287 3109
12291 4206 1649 2010 1476
12292 3624 3573 3589 3350
12293 4775 2422 3683 3165
12294 4537 812 1278 391
12295 4416 2251 4415 4303
12296 4385 1542 2778 2739
12297 4518 1678 2981 1942
12298 3872 3473 3739 1863
12299 4378 1791 2797 2687
12300 4198 1706 4039 1333
12301 3940 2231 3117 2051
12302 4303 2249 3385 2554
12303 3915 1242 342 550
12304 3873 2973 3568 1798
12305 2744 1724 2626 1610
12306 3669 2725 3658 2536
12307 3641 3284 3302 3200
12308 4067 358 3571 1472
12309 3887 2008 3188 1517
12310 3355 1980 2703 2100
12311 4252 2248 2613 2130
12312 4252 2130 2613 2288
12313 4715 1919 2518 2288
12314 4303 2554 3385 2251
12315 4001 3304 3678 3009
12316 3641 3302 3574 3475
12317 4287 1976 3472 2418
12318 3942 1627 3104 2069
12319 3000 567 2622 1915
12320 3000 455 2212 974
12321 4515 2965 3225 1322
12322 3777 2335 3733 3389
12323 3467 3347 3422 3046
12324 3581 1604 2831 2540
12325 4304 1675 2798 1908
12326 4460 2644 2909 1993
12327 4324 2031 2618 1827
12328 2803 2336 2524 1692
12329 2803 1976 2524 2336
12330 4013 715 1576 978
12331 2803 1976 2336 1527
12332 4624 2911 2928 2670
12333 2803 1527 2166 1976
12334 2948 187 2232 1200
12335 3652 1963 2149 1658
12336 4121 1634 3109 2799
12337 2706 681 1769 982
12338 2706 71 681 982
12339 4305 1770 4287 2811
12340 4305 2221 4287 2744
12341 4275 711 2064 1131
12342 4274 2057 3233 1587
12343 4121 2643 3109 1634
12344 4121 2270 2643 1634
12345 4121 1604 3428 2643
12346 4121 1604 2540 2279
12347 4121 3109 3428 2799
12348 4121 2279 2952 2799
12349 4121 2279 2319 1604
12350 2708 1788 2240 2228
12351 2708 2228 2240 1060
12352 2708 1060 2240 1788
12353 4042 425 1746 223
12354 4042 798 2014 797
12355 4042 797 2014 1668
12356 2708 1969 2546 2117
12357 2708 1060 1788 160
12358 2708 160 1788 1104
12359 2708 1104 1060 160
12360 3614 3086 3223 2155
12361 3867 251 1695 911
12362 4610 2243 4391 2129
12363 2921 423 2427 62
12364 4461 3673 4220 2574
12365 2831 2540 2702 1912
12366 3745 618 182 1029
12367 2711 1666 2030 1170
12368 2711 1170 24 919
12369 2711 919 24 363
12370 4026 2813 3841 1938
12371 2711 919 1666 1170
12372 4400 2216 2704 2185
12373 4400 2223 3030 1877
12374 3670 2383 3666 1948
12375 4079 2498 2709 1786
12376 4593 3262 3346 2213
12377 3835 2099 3436 2229
12378 3970 2946 3615 3217
12379 3258 1508 3144 2048
12380 4397 2488 3026 2492
12381 4306 531 1895 1694
12382 2756 1675 2744 1724
12383 4306 1174 531 1094
12384 3670 3334 3340 1948
12385 3970 3113 3539 2946
12386 3332 1363 444 228
12387 2713 757 1817 351
12388 2713 732 757 351
12389 2713 732 2653 1500
12390 2713 1500 2083 732
12391 2713 1500 2653 2083
12392 2713 1817 2653 351
12393 2713 351 2653 732
12394 3057 1677 1774 840
12395 3057 1034 2065 1677
12396 3057 106 1034 840
12397 3588 382 1688 1117
12398 3588 1688 3566 1117
12399 2886 1916 2275 1703
12400 4536 2493 4137 2898
12401 4307 2736 3156 2276
12402 2715 128 1094 1282
12403 2715 1094 1694 1282
12404 4307 2397 2553 2159
12405 4307 2736 3344 3156
12406 4307 2996 4104 2159
12407 4012 2218 3957 3646
12408 4520 1085 3532 983
12409 4307 2219 4104 2996
12410 4307 2736 4104 2219
12411 3860 1868 3687 3398
12412 3860 2446 3687 2434
12413 3860 3398 3687 2406
12414 3653 1744 3519 1903
12415 4657 2592 4325 2253
12416 4121 2270 2540 1604
12417 4121 2279 2799 2319
12418 3380 2233 2459 1925
12419 4308 1480 1930 1485
12420 4308 1485 1930 356
12421 3668 3102 3260 2555
12422 3668 3061 3341 2819
12423 3668 1574 3061 2929
12424 3538 2049 2521 1967
12425 4691 723 2432 1251
12426 4689 878 3881 131
12427 4302 1368 2465 826
12428 2719 106 219 521
12429 4569 2052 4032 3751
12430 2996 2037 2806 217
12431 2719 1400 751 106
12432 2719 1400 1737 751
12433 2719 751 1737 106
12434 4103 2396 2731 2115
12435 2947 305 953 706
12436 4584 2314 2404 1519
12437 4337 3630 4035 3202
12438 4798 2704 4226 2167
12439 3058 2542 2609 2517
12440 3766 1699 3549 2189
12441 2720 863 642 1275
12442 2720 863 2146 642
12443 3603 1763 2917 2392
12444 2720 642 2581 1275
12445 3750 2651 3679 3590
12446 2720 1797 2581 642
12447 2720 642 2146 1797
12448 3242 1531 2967 2896
12449 4408 3113 3563 1512
12450 4205 2906 3239 2621
12451 4013 1569 1576 715
12452 4475 1880 4092 3963
12453 3974 3259 3930 3801
12454 4567 1753 2299 1332
12455 4120 681 2706 270
12456 4120 2519 3697 2176
12457 2724 469 252 886
12458 2724 469 885 252
12459 2724 884 1688 382
12460 2724 382 910 884
12461 2724 382 1688 910
12462 3430 1836 3006 1521
12463 4069 2130 2510 2399
12464 2725 2507 2514 2437
12465 2725 2437 2514 1838
12466 2725 2400 2514 2507
12467 2725 1838 2514 2400
12468 4501 2750 4248 2944
12469 3595 2220 3478 2607
12470 3595 3478 3589 2607
12471 3465 2578 2807 2274
12472 4738 3934 4510 2331
12473 4259 749 1071 154
12474 4198 459 2786 153
12475 4602 2879 4369 3745
12476 4692 1801 4122 1732
12477 3981 1655 2805 1136
12478 4075 1951 3767 2084
12479 3407 2510 2874 2129
12480 4147 1766 3229 2552
12481 3785 2319 2769 2493
12482 4556 1854 4145 3212
12483 3432 1760 1890 1608
12484 3407 2129 2874 1728
12485 4217 3309 3550 2658
12486 4569 1531 2716 2073
12487 4079 2728 3105 1786
12488 4382 1721 2435 2404
12489 2916 1620 2404 1519
12490 4672 2103 4068 3362
12491 2893 2387 2500 2382
12492 4424 1329 474 1370
12493 2893 2093 2500 2387
12494 3106 2295 2312 1755
12495 4514 3063 4073 2000
12496 4187 2802 3111 1853
12497 4427 1594 4166 3091
12498 4180 2712 4153 3525
12499 4077 1555 2968 2788
12500 4678 3352 4171 850
12501 4622 905 3837 904
12502 4573 2670 3696 2928
12503 4219 806 2438 369
12504 4219 369 1897 1216
12505 3802 1547 3784 3527
12506 4729 1869 4312 64
12507 4496 1787 3956 1705
12508 2749 1850 2021 1643
12509 4127 987 3419 2371
12510 2731 2115 2396 1819
12511 2731 1819 2396 1341
12512 4104 1797 2142 1498
12513 4308 2749 2894 677
12514 4131 2800 2867 2100
12515 4197 2045 3473 3431
12516 4626 1705 4496 2290
12517 4208 2590 4109 3493
12518 2856 329 692 73
12519 3897 850 721 851
12520 4767 196 4649 3947
12521 3993 1584 3474 1961
12522 3355 2703 2800 2100
12523 3356 306 2803 713
12524 3978 821 2466 1359
12525 4313 1772 4279 1945
12526 3117 1800 2231 1910
12527 3497 2906 3274 1741
12528 4450 1761 3098 2588
12529 3418 2521 3056 1967
12530 4329 532 2787 1220
12531 3458 2172 3387 3054
12532 2734 1097 453 1131
12533 2734 1806 2631 1131
12534 2734 1131 2631 1097
12535 4316 2119 4054 3078
12536 2760 2348 2752 2405
12537 3699 1613 3582 3342
12538 4722 3500 3941 3354
12539 4536 3180 4303 2898
12540 3351 1742 3281 1729
12541 3847 3152 3448 2147
12542 4658 1725 3987 3258
12543 4506 3305 4413 1629
12544 2760 1812 2205 1815
12545 3847 1524 3448 2424
12546 3847 2239 2438 1541
12547 4679 635 422 192
12548 4311 1163 243 484
12549 3542 1849 2487 2164
12550 2737 431 2518 831
12551 2737 831 2518 1346
12552 2737 1346 431 831
12553 2858 2024 2802 2050
12554 4799 741 2980 1331
12555 2858 2050 2802 1614
12556 3391 2289 2820 1882
12557 4217 3053 3979 1509
12558 4575 2828 4181 2688
12559 2993 1696 2824 2005
12560 3437 2143 2836 2311
12561 3767 402 2084 997
12562 3989 195 2433 841
12563 4316 2119 3078 1573
12564 2752 1900 2079 1815
12565 4536 2218 3180 2898
12566 4316 3078 4054 2425
12567 4627 1122 140 557
12568 4721 2082 3918 1800
12569 4523 2740 3204 1879
12570 4028 1436 3198 353
12571 4435 2906 4205 3274
12572 3445 2768 3388 1997
12573 3815 2996 3108 2037
12574 3571 2781 3152 2089
12575 3423 1484 2584 1264
12576 2947 953 991 706
12577 4103 2576 3130 1777
12578 4159 1840 1962 1612
12579 3114 881 2538 426
12580 4262 1133 208 597
12581 3278 1888 3186 1963
12582 4400 2185 3030 1543
12583 2914 1611 2283 1807
12584 4344 1795 2019 1862
12585 3063 2477 3026 2000
12586 4519 2220 3848 3146
12587 4004 3318 3580 2575
12588 4622 1143 3827 905
12589 4453 1982 3408 3210
12590 4756 1158 4514 326
12591 4344 1862 1982 1783
12592 4344 1862 2019 1567
12593 4312 1032 3223 494
12594 4313 3161 4279 1772
12595 4676 2892 4076 493
12596 3068 227 467 853
12597 3729 925 2616 2191
12598 3068 853 2862 227
12599 3070 2572 2582 2442
12600 3530 977 1112 6
12601 2746 2293 2556 2413
12602 2746 2413 2556 2179
12603 2746 2179 2556 2293
12604 2838 1830 2774 2112
12605 4032 2238 3126 2971
12606 2987 745 2014 901
12607 4604 2598 3913 1927
12608 4538 1762 3844 1962
12609 2987 901 1615 812
12610 3207 1919 2737 2004
12611 4240 2560 2619 2553
12612 2987 901 812 745
12613 3917 3102 3758 2819
12614 3184 3133 3173 1762
12615 2747 1586 2281 1812
12616 3970 2209 2719 1400
12617 4314 1985 4148 3884
12618 4122 1732 2161 2119
12619 4786 192 4679 3444
12620 3970 3217 3615 2209
12621 2987 812 96 745
12622 4048 2183 3619 2869
12623 3426 1568 3353 2068
12624 3231 2475 2789 2501
12625 4245 1854 2772 2464
12626 2763 1536 2284 1771
12627 3395 1725 3144 1984
12628 3795 3350 3624 2938
12629 3795 2454 3624 3112
12630 3795 2690 3112 2672
12631 2749 1680 2036 87
12632 2749 1168 1680 87
12633 2749 87 818 1168
12634 2749 87 2036 818
12635 2837 1696 2005 1546
12636 4135 1057 285 1095
12637 3216 2138 3012 2309
12638 3852 711 1494 145
12639 3315 544 2191 966
12640 4181 760 2828 1292
12641 3315 1920 2191 1937
12642 3592 2052 2808 2778
12643 4315 1900 2752 1815
12644 2752 655 2269 1900
12645 2752 655 2344 2269
12646 2752 2006 2348 2079
12647 2752 2006 2405 2348
12648 4316 1573 3078 2425
12649 4316 1892 4054 2104
12650 4316 2425 4054 1892
12651 4316 2104 4054 1708
12652 4316 1801 2936 2104
12653 4316 1573 3321 2936
12654 4316 1573 2936 1801
12655 3031 1020 1018 229
12656 4007 1087 3114 2035
12657 4029 2060 3732 3086
12658 3432 604 2417 1099
12659 4159 2891 2897 1663
12660 4745 2249 4303 2554
12661 4482 1711 3135 1870
12662 3504 2584 2764 1526
12663 3867 441 2307 251
12664 4552 2935 4185 3443
12665 4694 2003 4136 2841
12666 3769 619 2389 1502
12667 3394 767 205 1500
12668 4175 2367 2997 1721
12669 4569 1873 2970 2073
12670 3662 2374 3042 1940
12671 3971 2391 3462 3089
12672 3135 1711 2815 1870
12673 3928 2382 2531 1550
12674 4425 2224 3941 3640
12675 4573 2918 3010 2670
12676 4068 3343 3351 1729
12677 3571 2424 2781 2089
12678 3266 2793 2881 1989
12679 3750 3590 3679 2542
12680 4427 2939 3196 1594
12681 2987 1793 2236 1668
12682 3706 1709 3695 2123
12683 3808 2412 2612 1612
12684 3208 1943 3139 2077
12685 4102 2947 4072 1674
12686 4074 2076 3705 3233
12687 3744 2319 3552 2055
12688 3726 1539 3393 2678
12689 4765 3207 4432 2671
12690 3578 2461 2549 2067
12691 2855 1690 1733 1605
12692 2855 1733 2732 1605
12693 3961 2921 3613 1702
12694 3028 1557 2582 1519
12695 4187 702 138 1404
12696 4039 3095 3866 1706
12697 4039 1076 3923 1807
12698 4039 1807 3866 2856
12699 4182 2345 3645 1683
12700 3654 1318 1190 387
12701 4052 2727 3012 1983
12702 2760 1674 2405 2128
12703 4052 1983 3012 2309
12704 4052 613 1258 176
12705 4052 1983 3011 2989
12706 3584 2929 3143 2558
12707 3584 2929 3508 1888
12708 4113 306 953 502
12709 3797 1510 2441 2043
12710 3272 2411 3255 3008
12711 2793 2468 2640 1989
12712 2903 770 1597 1469
12713 4276 331 835 1340
12714 2874 2129 2510 2399
12715 4535 2068 2785 2715
12716 3575 1578 2974 1805
12717 3659 2323 3597 2334
12718 4081 2325 3616 970
12719 4576 2567 3577 2822
12720 3427 2129 3248 2130
12721 4153 2712 3711 2352
12722 3157 1851 2733 2625
12723 4183 2989 3141 2210
12724 4448 4301 4413 3019
12725 3411 1865 2353 1514
12726 4337 1657 4035 3500
12727 2882 2346 2598 1954
12728 4562 1025 2294 541
12729 3915 3436 3835 2513
12730 4752 2097 3930 3901
12731 3271 1637 2985 2390
12732 3975 2064 3749 3603
12733 2765 1570 2389 815
12734 2765 815 2389 891
12735 2765 1570 1811 1308
12736 2765 891 1570 1308
12737 4190 2950 3227 2053
12738 3068 889 84 467
12739 4537 1230 3980 2196
12740 3068 84 1725 467
12741 3056 1719 2587 2124
12742 4319 1401 2604 377
12743 3336 707 3251 802
12744 4361 3240 3478 2607
12745 3479 1540 3263 2682
12746 2891 433 982 1066
12747 2891 982 2706 1769
12748 722 981 154 2647
12749 3556 1642 3111 2723
12750 3556 703 319 1404
12751 3556 58 2550 1907
12752 3566 748 1117 79
12753 4530 2095 3203 3132
12754 3556 2398 2550 1853
12755 3863 1935 2338 1697
12756 3989 841 1988 376
12757 4676 1863 3745 3739
12758 4098 2705 3811 3052
12759 3800 1569 3788 2673
12760 3986 3223 3946 1818
12761 4197 3118 4088 3407
12762 3875 1598 3214 2034
12763 2993 482 1017 288
12764 3470 2011 2637 1577
12765 3025 1952 1080 542
12766 3531 240 2998 1351
12767 3713 1402 726 1449
12768 4046 2870 3743 3632
12769 4234 3722 4141 4098
12770 3833 1464 3374 2415
12771 4629 2971 3132 2238
12772 4619 2509 2570 2491
12773 4153 2925 3874 3438
12774 4243 2655 3822 1936
12775 4320 3280 4108 2407
12776 4320 2039 2273 1520
12777 3732 2060 3642 2645
12778 2817 1528 2639 2033
12779 4320 2273 3280 1520
12780 4214 3142 3834 3171
12781 4222 3229 3824 1780
12782 4099 2666 2968 1555
12783 3265 2496 2685 1884
12784 3165 2440 2920 2827
12785 3426 2068 2866 2785
12786 4247 3279 3880 1924
12787 4243 2234 4164 381
12788 4243 2227 4011 1936
12789 4243 2075 2522 1936
12790 4243 811 2522 2234
12791 4714 2288 3443 1919
12792 4509 2721 3841 3798
12793 4696 3664 4318 3138
12794 4087 2856 3435 1660
12795 4276 3562 4230 1672
12796 4051 2348 2405 2182
12797 4526 3638 3810 2812
12798 4484 689 1787 1705
12799 4237 1713 3938 2555
12800 2830 2361 2709 2080
12801 3633 3392 3507 3181
12802 3290 2185 3072 1691
12803 3503 1714 2620 2241
12804 3574 3313 3475 3211
12805 4399 2030 3028 1557
12806 3887 1115 1517 1426
12807 3125 2296 2878 518
12808 3465 2614 3337 2807
12809 4324 2031 2777 1606
12810 3925 3579 3851 2420
12811 4069 1553 3607 2248
12812 3652 2300 2717 2127
12813 4026 2707 3527 1547
12814 4325 359 687 1433
12815 4326 1575 3296 3294
12816 4326 3920 4036 3698
12817 4652 3685 4009 3869
12818 4325 1433 2779 359
12819 4496 2290 3956 2776
12820 4648 1581 4263 3335
12821 4475 3059 3219 2489
12822 4048 2290 2833 2183
12823 2809 396 704 220
12824 3985 1590 2376 2278
12825 4786 3227 4679 635
12826 3116 2816 2818 2151
12827 4662 3725 4485 3514
12828 4326 3296 4036 3920
12829 4652 2870 4506 4301
12830 4326 3296 3920 3294
12831 3989 219 2576 841
12832 3989 2433 3502 521
12833 3989 1164 2576 1988
12834 4658 3954 4546 290
12835 4250 3211 3690 2562
12836 4126 248 3453 2731
12837 4666 2559 3565 3262
12838 3343 1604 2540 2270
12839 4326 3296 4163 4036
12840 4326 3294 3786 1575
12841 3948 2427 3222 795
12842 3948 2921 3222 2427
12843 3948 2427 3740 2921
12844 4721 1800 3918 870
12845 3195 2160 3108 2318
12846 3779 1347 969 691
12847 4327 1669 3956 2448
12848 4442 2319 4137 2493
12849 4340 2075 2788 1917
12850 3994 1653 2617 1707
12851 4599 1635 4099 3982
12852 4408 2946 3563 3113
12853 2782 1050 1911 1265
12854 2782 1265 35 1050
12855 2782 1265 2237 634
12856 2782 634 35 1265
12857 4340 1561 2505 2145
12858 3107 1536 2844 2403
12859 2874 2129 2399 2130
12860 2828 2090 2781 2089
12861 4619 1528 2509 1700
12862 4341 3664 4318 1579
12863 4341 3138 4318 3664
12864 2784 2505 2761 2145
12865 2784 2145 2761 1917
12866 3319 1779 2483 1588
12867 4333 1583 3984 2779
12868 4427 2939 4019 2206
12869 3148 1860 2729 1881
12870 4328 1267 1247 236
12871 2801 1511 2065 1720
12872 3353 2677 2715 1694
12873 4762 2771 4593 3682
12874 4535 1506 2068 1521
12875 3178 1724 2798 2395
12876 3518 1591 3048 1602
12877 3178 747 1955 341
12878 4331 1734 4300 2520
12879 4329 2322 2715 128
12880 4329 2186 3551 2467
12881 4330 573 4038 22
12882 3738 2310 2777 1537
12883 4330 532 3805 1069
12884 4330 2758 4038 573
12885 2867 2100 2460 1564
12886 3588 533 1887 324
12887 3037 1545 2743 2560
12888 3037 2560 2743 2217
12889 4331 2263 2883 2877
12890 4331 2211 2520 1549
12891 4331 2263 4091 2883
12892 4331 2877 4300 1734
12893 4331 2883 4091 1549
12894 4531 2674 3168 2669
12895 4002 680 256 917
12896 4216 2394 3721 3399
12897 4001 3280 3611 1520
12898 4115 2085 2428 67
12899 3037 2588 2743 1545
12900 3915 342 3436 2513
12901 4187 702 3111 2358
12902 3028 1519 1620 1557
12903 4094 2113 3005 2133
12904 3424 1648 3386 2997
12905 4094 1090 273 74
12906 3442 2213 3346 3262
12907 4264 2537 2646 2023
12908 3782 2312 3683 2498
12909 3222 795 2427 423
12910 4288 459 2664 596
12911 3551 696 2832 2322
12912 2793 1989 2632 2468
12913 4690 1758 2459 2255
12914 4534 2885 4509 3608
12915 3509 2605 3500 2913
12916 3773 3384 3741 1878
12917 2903 1916 2886 1597
12918 2903 403 1226 1273
12919 4332 3685 4326 4036
12920 4193 1296 2950 2053
12921 4333 1583 2370 2178
12922 4628 3546 3596 3283
12923 4721 930 877 407
12924 2883 1793 2877 2263
12925 4333 69 800 268
12926 3987 853 554 1110
12927 4159 3184 3844 2044
12928 2892 259 2728 1011
12929 4414 2184 3277 3062
12930 3658 3074 3134 1973
12931 4447 2169 2392 1707
12932 3628 1710 3306 3167
12933 4594 2411 3912 3522
12934 4334 2762 3717 3083
12935 4414 3286 3998 1553
12936 4719 2493 3785 1628
12937 3611 1520 3280 2273
12938 3611 2019 2273 1727
12939 4083 3062 3998 1553
12940 2957 1776 2476 1543
12941 4591 3561 3758 3102
12942 4599 2666 3601 1630
12943 2903 1597 1686 1153
12944 3254 2052 2751 1953
12945 2877 1745 2641 1734
12946 2903 403 2886 1916
12947 2877 813 2641 1745
12948 4540 4301 4448 3911
12949 3488 2617 3007 1752
12950 3687 2446 3103 2202
12951 3176 2192 2201 1744
12952 4048 2537 3269 3065
12953 3742 2834 3497 3274
12954 4756 1453 2990 630
12955 4448 3019 4413 2261
12956 3936 2570 3757 2320
12957 4385 2739 2992 1709
12958 2868 660 2504 843
12959 3688 1336 644 890
12960 4335 1136 2805 610
12961 2801 2107 2515 1737
12962 3732 2645 3642 2302
12963 2801 1441 2065 751
12964 2801 751 2065 1737
12965 2801 875 1441 876
12966 2801 875 1720 1441
12967 2801 1720 2065 244
12968 2801 244 2065 1441
12969 2801 1441 1720 244
12970 2801 934 413 876
12971 4614 2010 4298 628
12972 2801 1737 2209 751
12973 2801 876 1441 998
12974 2801 998 934 876
12975 2801 998 2209 934
12976 2801 751 2209 998
12977 2801 998 1441 751
12978 4304 2069 2908 2798
12979 4627 1122 2245 392
12980 3831 1833 2833 1957
12981 4394 3564 3664 2506
12982 4394 3325 3564 2506
12983 3831 2290 2833 1639
12984 3957 2490 3369 2394
12985 3831 1639 2833 1833
12986 2950 1296 463 1243
12987 2805 1740 2429 1681
12988 3824 2328 3141 3066
12989 2805 1655 2429 1740
12990 2805 1546 2429 1655
12991 2805 1681 1844 1735
12992 2805 1735 1740 1681
12993 4528 3422 3580 1973
12994 4528 3167 4483 3467
12995 4621 3143 3627 3341
12996 3434 1880 3297 2201
12997 4583 2613 3415 2305
12998 4247 2317 3279 1924
12999 3226 1516 3043 2119
13000 4652 3869 4009 2028
13001 3922 1803 2335 2009
13002 4123 1789 2959 2586
13003 3353 1510 2677 1694
13004 4122 1801 2161 1732
13005 2889 632 709 54
13006 2889 709 966 54
13007 2897 1769 2891 2044
13008 3898 1954 2726 1667
13009 3780 1690 2991 1605
13010 3886 2718 3860 2103
13011 3003 2453 2654 2445
13012 3886 2446 3844 3168
13013 3401 1007 1918 246
13014 4098 1872 3484 2861
13015 4193 2053 2896 2610
13016 4610 123 1347 691
13017 4166 1856 3559 3538
13018 4166 3538 3559 2821
13019 4428 3164 4263 4191
13020 4780 1590 4640 3257
13021 4672 2103 3457 3369
13022 4064 856 2080 313
13023 4064 2830 2915 1786
13024 4682 1784 4224 3814
13025 4094 1038 74 455
13026 4648 3477 4263 4047
13027 4801 2134 2857 2414
13028 4158 982 2084 1078
13029 3821 340 2136 1396
13030 4593 3703 4439 2517
13031 4419 2110 2644 2436
13032 4593 3346 3439 2213
13033 4096 2121 3283 2920
13034 4096 2121 3596 3283
13035 3442 2959 3262 1789
13036 3853 2741 2991 2573
13037 3060 2818 2956 2816
13038 4030 580 2277 1893
13039 4525 4141 4393 4223
13040 4197 3407 4088 3431
13041 3697 660 2868 2434
13042 4061 3311 3945 2454
13043 3173 1762 1970 1962
13044 4337 2928 3696 2911
13045 3173 1762 3133 2982
13046 4359 2674 3497 1990
13047 3990 3018 3985 124
13048 4061 2454 3240 2938
13049 3201 1644 2551 2123
13050 3201 1556 3014 2467
13051 3744 2799 2960 2279
13052 2989 2048 2404 1508
13053 4382 2572 2943 2157
13054 4083 3677 3998 2451
13055 4086 2667 3163 986
13056 4227 3803 4073 2335
13057 4146 1534 4027 1811
13058 4209 2451 3998 2564
13059 4152 2979 3729 2191
13060 4152 2390 3840 2976
13061 4083 1837 3062 2031
13062 4083 1553 2510 2031
13063 3530 6 529 984
13064 4411 2242 3326 3250
13065 4641 3379 4379 1562
13066 4019 3655 3943 1574
13067 3774 3017 3582 3438
13068 3915 1242 3436 342
13069 3006 280 1284 465
13070 4044 3073 3958 2018
13071 3570 1879 2740 1970
13072 4385 1709 3612 2924
13073 2846 1813 2699 2304
13074 2886 1273 612 112
13075 4569 2052 3751 3592
13076 3036 2785 2866 2715
13077 2886 1505 1686 1597
13078 4018 157 3430 1836
13079 3935 2040 3297 3176
13080 3103 1616 2578 2504
13081 4431 1678 3915 3835
13082 4498 2654 2777 1606
13083 4498 1606 2777 2031
13084 4755 1849 3737 2952
13085 2957 1692 1846 1776
13086 3819 468 2173 2029
13087 2957 1543 2344 2269
13088 2957 1846 2524 2476
13089 4314 1683 3944 3079
13090 4380 574 3208 593
13091 3062 1827 2310 2217
13092 3062 2217 2310 1966
13093 3062 2031 2310 1827
13094 4008 3169 3818 1785
13095 3466 2294 3071 1849
13096 1100 38 2134 2064
13097 2930 1883 2354 1525
13098 2930 1461 2354 854
13099 3603 38 2917 1421
13100 4789 3412 4701 1123
13101 3242 1792 2073 2071
13102 3940 2125 3117 2231
13103 2852 1529 2452 1533
13104 4128 1877 3290 2773
13105 4730 3237 3682 2213
13106 4401 2727 3012 2268
13107 4159 2044 2891 1910
13108 3391 1882 2864 2291
13109 3898 2267 3412 1992
13110 3567 1905 2554 2040
13111 3745 618 1036 182
13112 4697 1905 4150 3297
13113 3055 1915 2622 567
13114 3055 1232 2042 1422
13115 3055 567 2042 1232
13116 3055 567 1232 1422
13117 4513 3004 3060 1722
13118 3556 1907 2550 2398
13119 4193 2610 2896 2529
13120 3344 2042 2219 1794
13121 3859 2586 3211 1744
13122 3898 1552 3412 3406
13123 3391 1882 2291 2289
13124 4072 1674 3224 1976
13125 3769 1316 1987 1457
13126 3769 1987 2388 1514
13127 4776 3799 4613 3888
13128 4508 1934 4321 2421
13129 3404 2648 3143 2345
13130 3898 3406 3412 1996
13131 4245 2254 2474 1854
13132 3959 819 2096 617
13133 4324 2777 3740 2235
13134 3021 2681 2854 2041
13135 4224 1789 4021 3635
13136 4393 2705 4098 3052
13137 4265 2647 4016 722
13138 4719 2994 4248 3757
13139 4162 1372 1374 489
13140 4047 3709 3746 3264
13141 4694 2366 3534 2841
13142 4666 3565 4021 1789
13143 4807 2439 4440 2526
13144 3912 2217 3640 1959
13145 3744 2960 3737 2279
13146 3852 711 2064 1698
13147 4618 2660 3796 2430
13148 3852 145 2734 1097
13149 3976 3438 3647 1631
13150 4170 224 1145 799
13151 3416 2295 3349 2797
13152 4801 2414 4228 4223
13153 4238 2025 3481 2314
13154 3430 1977 2068 1521
13155 3977 2511 3329 3294
13156 3430 1521 2068 1836
13157 3540 2958 3005 2172
13158 4281 1996 4016 981
13159 4698 4317 4460 3231
13160 3482 1513 2398 2020
13161 4340 2455 2847 1561
13162 2851 1889 2015 1529
13163 2832 324 2322 696
13164 2832 696 68 324
13165 3975 2392 3307 1571
13166 4499 1676 3995 3016
13167 4364 2822 2913 2567
13168 4668 1767 3914 3858
13169 3589 3350 3573 1898
13170 4162 1391 2287 1916
13171 4341 1579 4318 3138
13172 2847 1561 2550 2140
13173 4397 978 4013 2864
13174 3260 2555 3102 1713
13175 2847 2455 2550 1561
13176 2886 112 2164 1056
13177 4801 3100 3649 3526
13178 4173 2863 3083 2762
13179 2946 1515 2107 1523
13180 4654 2450 4066 3044
13181 3830 148 1342 1061
13182 3665 2595 2844 2108
13183 3133 2669 3022 1904
13184 3656 604 2417 1758
13185 3931 622 1234 353
13186 4583 2106 3662 2966
13187 4190 2053 3336 2766
13188 4429 1915 3138 2462
13189 3844 2669 3184 3133
13190 4449 1961 3996 2948
13191 4082 2151 2818 2746
13192 4516 3592 3751 3110
13193 3634 2896 3242 1792
13194 2993 288 1655 482
13195 3090 3013 3042 2374
13196 3108 1432 2996 499
13197 3692 3372 3650 2295
13198 3987 290 1102 467
13199 4363 2321 2742 1538
13200 4738 3041 3934 3828
13201 2839 1893 2277 1783
13202 4282 2238 4017 3855
13203 4542 1729 2794 1663
13204 4368 1883 3077 1597
13205 4031 1997 3131 2449
13206 3548 1973 3046 1999
13207 4516 3751 3760 3110
13208 4368 1492 1883 1597
13209 4031 2331 3377 3131
13210 4031 3145 3377 2331
13211 3882 2429 2824 83
13212 4559 2180 3875 2002
13213 4120 2443 2519 270
13214 4120 111 3756 1951
13215 4120 2176 3756 401
13216 4120 1951 3756 1609
13217 4120 1000 681 270
13218 4120 1750 2706 1769
13219 4559 922 65 685
13220 4120 681 1951 1769
13221 4120 1769 2718 1750
13222 3857 2913 3270 2743
13223 3763 1998 2620 609
13224 4482 1710 3322 3167
13225 3130 2115 3124 1754
13226 3065 1639 2833 2714
13227 3503 2473 3447 2583
13228 4154 1466 2579 1003
13229 3875 2002 2695 1598
13230 2843 1211 198 383
13231 2843 383 198 1314
13232 2969 1373 2109 314
13233 2969 675 1841 1345
13234 2969 857 2109 1527
13235 3833 449 796 142
13236 3823 2805 3291 1546
13237 3823 1681 3462 3089
13238 3890 1989 3099 2457
13239 4607 1609 3756 1951
13240 4630 1541 3847 2447
13241 4691 1766 4054 2432
13242 3602 1834 2720 2581
13243 3602 1723 3186 2736
13244 4339 3010 4167 3645
13245 3622 527 51 1394
13246 2969 1373 314 1083
13247 2969 1083 314 672
13248 2844 2403 2763 1693
13249 2844 2377 2403 1693
13250 2844 2230 2763 1884
13251 2844 1884 2377 2230
13252 2844 1693 2763 2230
13253 2844 2230 2377 1693
13254 4340 2140 2505 1561
13255 3971 2481 3462 1681
13256 4666 3565 3925 3635
13257 4281 2647 4016 3995
13258 3802 3768 3781 2783
13259 3272 1541 1897 1559
13260 3588 1117 3566 1887
13261 4261 1512 1962 1840
13262 3530 1796 3485 2563
13263 3664 2696 3627 3564
13264 4783 4012 4662 3957
13265 3530 1112 3485 529
13266 2847 2020 2398 1907
13267 4341 2819 3668 3138
13268 4341 3138 3668 3499
13269 4341 3138 3618 1579
13270 4341 1579 3618 3278
13271 4341 3618 3668 3278
13272 4341 3499 3618 3138
13273 4341 3061 3668 2819
13274 4746 3695 3835 2099
13275 3562 1657 3509 3500
13276 4606 3514 4195 3417
13277 3092 755 108 1446
13278 3092 755 2484 1297
13279 3656 540 2534 291
13280 3737 2294 2702 1849
13281 4504 3007 3488 1830
13282 4342 900 4043 3686
13283 2908 1979 2058 503
13284 4545 1633 4437 3171
13285 4343 2673 3026 2477
13286 4079 2728 4076 3105
13287 3217 882 432 883
13288 4313 3001 3772 2032
13289 4491 3524 3629 3370
13290 4491 3413 3629 3094
13291 284 1207 587 1974
13292 2851 1529 2204 1889
13293 4189 2852 3498 2939
13294 3674 2861 3651 3182
13295 3539 2107 2946 1515
13296 3539 1515 3113 2740
13297 4659 2078 3863 1697
13298 3710 2672 3429 2774
13299 4327 428 2094 849
13300 4279 1624 3161 2037
13301 3539 1522 2719 2171
13302 3539 1522 3113 2719
13303 3539 2740 3113 1522
13304 4748 2145 2761 1898
13305 3092 1772 1945 1215
13306 3521 1529 3142 2204
13307 2853 868 1652 786
13308 3572 1832 2265 2085
13309 4661 2845 3230 3035
13310 3572 899 378 922
13311 4170 799 2684 1876
13312 3572 922 641 899
13313 3572 1832 2688 922
13314 4029 3086 3349 3301
13315 4480 2585 2751 1953
13316 3572 1857 2265 1832
13317 4312 1032 494 1291
13318 3241 1194 165 594
13319 3753 3638 3669 2973
13320 3522 2411 3474 2259
13321 4799 3452 3764 2120
13322 3984 1433 816 268
13323 4288 1449 3713 2421
13324 4344 1646 1893 1783
13325 4753 2570 4493 2994
13326 3312 2964 3273 3235
13327 3401 2212 3000 455
13328 2915 1550 2500 2387
13329 2915 2093 2728 2387
13330 4737 2203 3595 3544
13331 3897 2786 3352 851
13332 3436 2551 2739 2513
13333 3436 342 746 59
13334 3096 2694 2881 2471
13335 4002 2368 3613 680
13336 3096 2067 2774 2366
13337 4345 2261 4151 3019
13338 4346 2848 2955 2757
13339 4227 2335 3922 1803
13340 4227 664 944 301
13341 4346 2757 3743 2634
13342 4016 722 2647 981
13343 4266 2826 4222 1780
13344 4016 588 2101 722
13345 4346 2757 3678 1773
13346 4346 2634 3743 1773
13347 4346 1773 4345 2634
13348 4347 1885 3645 2918
13349 4347 2670 3010 2918
13350 4582 2689 3458 2526
13351 3884 3405 3480 3418
13352 4405 3722 3811 3052
13353 4032 2238 3585 3126
13354 4206 2010 2399 1476
13355 3042 2374 2564 1940
13356 3625 2321 2569 2110
13357 4498 3118 3179 2872
13358 3984 1583 2452 1909
13359 3541 2638 3516 1594
13360 4393 4098 4141 3722
13361 4081 3512 3880 1702
13362 3485 1112 2563 1111
13363 3364 766 1733 109
13364 3364 1733 2855 1690
13365 3364 1690 2247 109
13366 4490 2061 3365 2657
13367 4436 2668 2983 808
13368 3297 2192 3176 2360
13369 3183 2747 3015 1586
13370 4608 2193 3760 3402
13371 4747 2047 3720 2948
13372 3912 1726 3255 1820
13373 4643 778 2219 217
13374 3912 3037 3640 2743
13375 3468 2699 2984 2846
13376 4019 2127 3943 3700
13377 3689 1539 2163 1572
13378 4472 1944 2341 1714
13379 4303 2962 3385 2249
13380 3690 2710 3035 1722
13381 4299 3038 3749 3307
13382 3136 2562 3004 1722
13383 3070 2157 2582 2572
13384 2864 579 862 230
13385 4398 985 126 949
13386 3027 573 1043 149
13387 4243 2522 2655 1936
13388 4772 3703 3754 3647
13389 3025 34 2999 542
13390 2901 1610 2744 2626
13391 3025 1785 2170 1952
13392 4511 2023 3075 3058
13393 2905 1891 2652 1687
13394 4359 3634 4190 1990
13395 3808 1612 3117 2412
13396 3429 2838 3007 2774
13397 4541 178 3028 1119
13398 3501 3193 3307 3034
13399 3501 1747 3034 2392
13400 4350 2443 3697 1750
13401 3942 992 1627 302
13402 4204 3371 3535 2575
13403 3427 1384 253 430
13404 3427 1384 2698 526
13405 3428 2490 2643 1604
13406 4534 2241 3762 1842
13407 3588 1887 3566 2832
13408 3588 1887 2832 324
13409 2868 103 660 1440
13410 4375 1964 4204 3021
13411 2941 1637 2058 1979
13412 2868 242 2504 660
13413 2868 242 2684 2504
13414 2868 103 2684 242
13415 2868 242 660 103
13416 4375 1964 4046 3743
13417 4375 3743 4046 2854
13418 4806 1394 3622 428
13419 4352 2963 3731 3550
13420 4561 4184 4366 2678
13421 3255 1726 2026 1820
13422 3323 2489 3219 3123
13423 4413 2512 4151 1629
13424 3502 2433 3113 2719
13425 3502 2576 3130 1754
13426 4474 1337 60 618
13427 3875 2139 2180 1857
13428 3020 1721 2943 2404
13429 3746 2357 3518 1968
13430 3266 2818 2902 2632
13431 2872 2453 2498 2445
13432 2872 2445 2498 1781
13433 2872 1781 2453 2445
13434 3939 2224 3630 3354
13435 4806 4101 4432 1669
13436 4442 2493 2769 2319
13437 3258 3011 3141 1508
13438 3254 2739 2778 1542
13439 3699 2997 3424 1613
13440 3528 582 1977 1285
13441 3528 284 1207 1124
13442 3159 1651 2649 1587
13443 2923 2036 2713 1635
13444 3920 3039 3097 2762
13445 3084 2425 3032 1566
13446 3643 1117 3566 1688
13447 4178 105 2131 906
13448 4696 4143 4429 2462
13449 2904 1884 2230 1902
13450 2886 1686 2027 612
13451 3821 1268 1396 36
13452 3789 786 1652 1462
13453 3789 1462 1652 1427
13454 3652 1857 2603 2265
13455 3361 2648 3341 2141
13456 3944 2345 3901 3404
13457 3361 2141 2689 2648
13458 3332 1661 2742 2571
13459 3383 1050 2782 35
13460 4495 2333 3383 1092
13461 4495 541 2633 2126
13462 4582 3243 3725 3387
13463 4189 2939 3228 2935
13464 486 2072 4353 1356
13465 3339 1576 2630 2325
13466 4736 3352 4192 2421
13467 2877 1745 2263 1299
13468 2877 1299 2263 96
13469 3950 2087 2386 1743
13470 3950 2484 3553 3488
13471 2878 1913 1933 1689
13472 4354 2963 3562 3550
13473 3910 2915 3400 1550
13474 3910 313 1414 718
13475 4734 3165 3279 2422
13476 3951 3173 3184 2982
13477 4756 301 1453 943
13478 2878 1689 1933 1886
13479 2878 1886 1933 193
13480 4354 2767 3562 3555
13481 3910 3400 3896 1550
13482 3910 1414 1356 718
13483 4751 105 3926 857
13484 3950 2386 3553 1743
13485 4035 3048 3197 2928
13486 3216 462 2659 2309
13487 4555 2139 3943 2300
13488 3481 1620 3328 2916
13489 4468 2276 4307 3344
13490 3302 3200 3284 2001
13491 3462 1546 2922 2444
13492 3435 73 836 474
13493 3782 2295 3372 2045
13494 3704 2569 3575 2076
13495 3704 3159 3575 1651
13496 4526 2192 4294 2812
13497 4042 1668 2987 2236
13498 3585 2282 2889 1953
13499 4004 3235 3580 3318
13500 3642 1566 3078 2645
13501 4051 2264 2986 2901
13502 3210 1753 2299 1710
13503 3394 913 2083 1500
13504 3936 1388 272 837
13505 3538 2521 3418 1967
13506 4332 3127 4301 2041
13507 4727 2756 4129 2221
13508 4727 1804 4129 2756
13509 4030 1893 3547 321
13510 4332 3218 4046 2870
13511 4332 2854 4046 3218
13512 3792 2173 3757 2320
13513 4249 2015 2851 2049
13514 4721 930 3918 879
13515 3114 1515 2946 1523
13516 4355 3688 4156 505
13517 4554 1984 4156 2667
13518 3515 3167 3322 1710
13519 3463 2113 3401 2860
13520 4798 2858 2988 2194
13521 4312 2942 3226 1573
13522 3244 150 1375 435
13523 4641 3379 3904 2900
13524 3490 2313 2785 1506
13525 3244 1084 1086 435
13526 3089 1844 2805 1681
13527 4137 2493 3785 2944
13528 3089 1844 2949 2805
13529 2886 1056 1273 112
13530 2886 1056 1916 403
13531 2886 403 1273 1056
13532 2886 1914 1928 112
13533 2886 1928 2164 112
13534 3961 3613 3740 1601
13535 452 867 145 1589
13536 4631 867 1494 766
13537 3847 1592 3152 2147
13538 4631 1589 145 867
13539 2897 1769 2044 1750
13540 3178 747 2798 1724
13541 3178 1177 2395 130
13542 4261 3114 3563 2538
13543 4076 1863 3933 3650
13544 3364 354 2686 766
13545 3935 2402 3574 1880
13546 3351 1729 3343 1742
13547 3353 1977 2068 1568
13548 3353 2677 2866 2715
13549 2888 80 2529 1792
13550 3845 1911 2782 2565
13551 2897 1750 2718 1769
13552 4194 1529 2852 1533
13553 4160 1975 3529 2501
13554 3845 2114 2568 2495
13555 4076 2445 3779 691
13556 3158 2391 2922 2092
13557 4638 1152 654 304
13558 3856 663 3793 1407
13559 4684 4115 4551 323
13560 4189 2935 3228 1560
13561 3518 2980 3452 2497
13562 3518 1602 2597 2357
13563 3586 1577 2982 1988
13564 3518 1602 3452 2597
13565 3954 462 1103 1137
13566 4197 2045 4088 3179
13567 4197 3118 3770 2453
13568 4264 2023 3058 2537
13569 3336 2610 2983 2766
13570 3336 2610 2766 2053
13571 4013 2368 2589 2291
13572 4663 1813 3468 2846
13573 3715 739 3440 1455
13574 4345 1773 2499 2261
13575 4516 3110 3719 3592
13576 3547 551 2985 1169
13577 4345 1614 4015 2499
13578 2894 859 1643 785
13579 2894 785 316 859
13580 4566 1685 3672 3552
13581 3619 1967 3418 3056
13582 3619 1967 3056 2714
13583 3619 2135 3489 3405
13584 4309 3338 3787 2439
13585 4309 2960 3787 3338
13586 4309 1911 2565 2333
13587 4358 1118 1891 1395
13588 3735 646 1487 11
13589 4358 1891 3972 650
13590 3679 3405 3480 2651
13591 3759 2001 3460 3318
13592 4010 2913 3500 2224
13593 4283 1587 2649 1651
13594 4188 1872 3450 3357
13595 3931 1488 2653 351
13596 4076 1863 3105 2892
13597 4636 1529 4249 2200
13598 3887 1426 1116 1115
13599 3887 1426 3188 2008
13600 4750 2817 4461 2876
13601 4452 2241 2721 1831
13602 4750 4461 4505 2876
13603 3600 633 2136 1294
13604 4097 2197 4092 3878
13605 3241 1194 3082 1943
13606 4427 2206 4019 3655
13607 4438 1726 4034 1820
13608 2938 1972 2145 1898
13609 4180 3524 4153 3874
13610 3872 3473 3614 2609
13611 4657 1580 3988 2015
13612 4693 2450 3721 3646
13613 4693 2218 3957 2490
13614 4078 2347 3208 2926
13615 4488 2999 3351 3281
13616 3998 2451 3677 2564
13617 3749 1571 3307 3038
13618 4570 2835 4470 2542
13619 4032 2303 3751 2052
13620 4537 2196 4300 1793
13621 4350 1440 2443 1430
13622 3713 2334 3455 389
13623 3934 3231 3377 2331
13624 3047 2090 2966 2147
13625 4796 1334 267 1379
13626 3545 1507 2354 1565
13627 4597 3301 3703 2609
13628 4318 2972 3055 2042
13629 4318 1579 3156 2736
13630 4541 1119 2435 616
13631 4155 2310 2777 1827
13632 4087 2320 3435 836
13633 4501 2469 4424 4421
13634 3018 524 636 333
13635 4052 176 1258 483
13636 4052 1983 2989 2727
13637 2903 1153 1686 1226
13638 2903 1273 2886 403
13639 2903 31 1374 1469
13640 2903 403 1374 31
13641 2903 1226 275 1273
13642 2903 1226 1686 275
13643 2903 275 1686 1273
13644 2903 1597 2886 1686
13645 2903 1686 2886 1273
13646 3201 2123 2924 2017
13647 4145 1929 3409 3212
13648 4146 207 2566 461
13649 4349 2449 4062 3145
13650 4349 3743 4062 2449
13651 4449 2375 3996 1961
13652 3825 2263 2953 1621
13653 3141 2210 2989 1983
13654 3130 1777 2576 1774
13655 4323 3477 3826 1779
13656 4593 3237 3262 2213
13657 3141 1508 3011 2989
13658 4730 3421 4314 3316
13659 4661 3230 3604 2816
13660 3863 296 3251 1193
13661 4360 1975 4160 3172
13662 4193 2529 2896 1792
13663 4193 1280 2529 80
13664 4193 1280 2610 2529
13665 4361 3240 4061 3478
13666 4030 2839 3271 1862
13667 3479 706 3076 2947
13668 4060 976 700 135
13669 4362 2839 3104 1979
13670 4736 2421 4707 4171
13671 3656 1099 2534 2417
13672 4305 1770 4178 2680
13673 4305 2327 4178 1770
13674 2908 1717 2798 535
13675 2908 535 2798 959
13676 2908 308 1717 535
13677 2908 959 308 535
13678 4738 3828 3934 2331
13679 4363 1898 4361 2607
13680 4738 3491 3828 2331
13681 4738 2331 4510 4367
13682 3401 2133 2860 2113
13683 3914 2527 3098 2588
13684 4812 1685 4807 2849
13685 4738 3324 3828 3491
13686 4738 3324 4367 3041
13687 2909 2203 2753 2321
13688 2909 2321 2753 1993
13689 2909 1993 2436 2321
13690 2909 2321 2436 2110
13691 3604 2816 3264 2198
13692 3667 2676 3643 1802
13693 4079 1781 2445 2080
13694 4591 1978 3917 3005
13695 3689 669 3676 210
13696 3247 2748 2975 2591
13697 3686 2208 2426 1968
13698 2917 568 2134 1918
13699 3990 2598 3898 2267
13700 3262 2978 3237 3191
13701 3247 2591 3055 2748
13702 3117 92 2051 782
13703 4286 1535 3022 2231
13704 4670 3965 4062 3678
13705 3714 2797 3106 1938
13706 3891 2568 3845 2114
13707 3426 1568 3135 2507
13708 3769 756 1502 1167
13709 4391 1606 3770 2399
13710 3712 2503 3368 1603
13711 4174 2552 4147 2168
13712 3747 3118 3557 1837
13713 4364 2310 3062 1837
13714 4412 1580 2532 2258
13715 4627 1002 140 1015
13716 3767 2084 3281 1729
13717 3737 2702 2831 2279
13718 4116 58 3973 1907
13719 3028 1557 1620 928
13720 4685 991 4102 2947
13721 4116 2455 2847 1622
13722 4685 1674 3356 2947
13723 3028 920 363 178
13724 3028 363 2711 1557
13725 3028 2030 2582 1557
13726 4542 1663 4075 1729
13727 4769 2305 4683 2603
13728 4767 3947 4649 2056
13729 4065 501 909 342
13730 4704 2264 2986 2148
13731 3897 851 3177 2786
13732 3897 3239 3352 2786
13733 4065 1644 3436 2551
13734 3186 2276 3156 2736
13735 4366 3073 3425 3393
13736 4770 824 2330 511
13737 4435 3639 4017 2834
13738 3978 821 1359 206
13739 3186 2736 3156 1579
13740 3230 2710 3120 1722
13741 4367 3324 3491 3205
13742 4327 2094 3955 849
13743 4065 2551 3436 2513
13744 4741 2118 3996 3569
13745 4741 2147 3804 1592
13746 4106 601 1257 1160
13747 4106 2066 3002 1160
13748 4106 1778 2066 1257
13749 4376 4020 4304 2038
13750 3541 3013 3091 1594
13751 4777 2343 2919 1687
13752 4509 1547 3608 2885
13753 4510 3377 3934 2775
13754 3387 2172 3299 3054
13755 4383 332 2426 1325
13756 4368 2385 2930 213
13757 3730 200 1452 649
13758 4383 553 2597 839
13759 4455 1968 4242 2772
13760 4182 1847 4109 2564
13761 3080 616 2371 972
13762 4463 1898 3381 2761
13763 4630 2026 3300 1524
13764 2921 1702 2899 1439
13765 2921 1439 2899 615
13766 4318 1915 3138 2622
13767 4318 1915 3055 2972
13768 4047 2497 3826 3606
13769 4461 2033 4220 3673
13770 4350 1440 3697 2443
13771 3614 2155 3223 1863
13772 3614 3431 3473 3372
13773 3651 2689 3361 3357
13774 3881 1671 2476 2132
13775 4421 1370 166 1329
13776 3171 1633 2642 2339
13777 3427 2130 3248 2288
13778 4702 2826 3711 2712
13779 3881 878 537 1070
13780 4234 2861 4098 3484
13781 3673 2022 3610 2543
13782 4660 2484 3905 1752
13783 4392 2867 3238 2834
13784 4664 3404 4478 3013
13785 4728 1912 3787 3737
13786 4528 3167 3467 3306
13787 3978 660 2434 206
13788 3439 1631 3367 3333
13789 3186 1723 2397 2276
13790 4762 2517 4593 3237
13791 4270 1483 25 1459
13792 2926 1057 2347 1095
13793 2926 1095 574 1057
13794 2926 1095 2347 574
13795 85 1105 1057 2332
13796 2926 2332 1057 1105
13797 2927 456 2368 917
13798 2927 917 2368 1618
13799 2927 620 2289 1882
13800 2927 1882 2289 1618
13801 2927 1618 2289 620
13802 3198 2573 2991 2653
13803 3198 2653 2991 1817
13804 4561 3726 4036 3892
13805 4478 2564 4182 2558
13806 4599 2666 4099 1635
13807 3203 2011 3132 2095
13808 3203 683 808 895
13809 3117 1001 92 782
13810 3049 2560 2619 1545
13811 4232 475 2292 1063
13812 3985 524 1156 124
13813 2930 2354 2478 1525
13814 2930 1461 2491 1700
13815 2930 1700 2354 1461
13816 4369 1353 968 1036
13817 4603 3355 4131 3992
13818 4369 1036 3745 2932
13819 2930 1700 2478 2354
13820 2930 1700 2491 2478
13821 2930 1525 2509 2491
13822 2930 2491 2509 2478
13823 2930 2478 2509 1525
13824 4018 728 2337 1870
13825 4172 1510 2245 1694
13826 4384 3272 4210 2118
13827 3777 2335 3389 2009
13828 4631 867 2686 2579
13829 2999 1952 2364 1785
13830 4241 1608 2111 1760
13831 4193 2053 2950 2807
13832 4294 3519 4285 2213
13833 3282 1611 2284 1771
13834 3819 27 468 662
13835 4216 1741 3721 3044
13836 3867 911 1695 245
13837 4102 1674 4072 2128
13838 3779 1347 3739 1029
13839 4404 1941 3966 3036
13840 4370 3133 3951 2125
13841 4370 1904 3133 2535
13842 4370 809 1477 1260
13843 2932 2596 2646 1353
13844 2932 1376 2596 1353
13845 2934 1106 684 278
13846 4313 1767 3001 543
13847 4196 3238 3511 2945
13848 4008 2823 3818 3351
13849 3706 1709 3490 2313
13850 4282 1878 4211 2303
13851 2940 2202 2231 2044
13852 4058 2902 3420 2413
13853 4058 2557 2902 2793
13854 4274 1972 2074 2057
13855 2940 1910 2706 2044
13856 4375 3009 3494 2895
13857 2940 1750 2202 2044
13858 4274 1972 2505 2074
13859 3774 3438 3647 2494
13860 4680 2790 4093 1948
13861 3229 3141 3185 2174
13862 3471 1778 1943 1603
13863 4371 1668 2883 1793
13864 4372 3309 3761 2658
13865 4680 2383 4093 1667
13866 4680 2441 3441 1798
13867 3444 2745 3337 3067
13868 4175 2210 3020 2174
13869 3825 2883 2953 2263
13870 4373 2329 3510 1845
13871 3710 2067 3429 3193
13872 4486 1554 3593 2099
13873 3229 2168 2552 1780
13874 4237 117 3964 3938
13875 3411 400 1987 276
13876 3498 2200 3196 2939
13877 3262 2959 2978 1789
13878 4661 2198 4506 3305
13879 4654 2486 3790 3044
13880 3862 2964 3322 2156
13881 4075 2718 3343 1951
13882 4662 2823 3968 3581
13883 3556 2398 2954 2020
13884 3605 827 3001 826
13885 4169 2559 3851 3442
13886 4157 2471 3492 2701
13887 3014 1644 2123 1802
13888 4379 1562 3379 3175
13889 4379 3175 3379 3123
13890 4166 1594 3480 2821
13891 3100 2297 2857 2134
13892 4742 1851 2733 2098
13893 4744 4420 4633 2191
13894 4126 1980 3453 2301
13895 4167 2286 3626 3010
13896 3105 2387 2687 2312
13897 4305 2744 3472 2756
13898 3987 1110 2862 853
13899 4305 1770 2680 2116
13900 4021 2792 3814 1784
13901 4547 3085 3523 2825
13902 4547 2825 4284 3085
13903 3133 2125 3022 2231
13904 3105 1786 2387 2312
13905 4078 3139 3208 2347
13906 4430 1708 3471 2650
13907 3964 416 965 1276
13908 4383 2980 3606 2426
13909 4383 3518 3606 2980
13910 4383 1331 2980 332
13911 4383 839 1331 553
13912 4692 1732 4138 1801
13913 3216 3012 3032 1983
13914 4385 2123 3201 1542
13915 4193 1296 801 464
13916 4172 2677 3441 1510
13917 4737 2316 3544 2076
13918 4008 3818 3968 3351
13919 3169 1785 2738 2170
13920 4624 3454 3832 2911
13921 3364 109 2247 1249
13922 2983 2766 2967 2078
13923 3892 2681 3127 1526
13924 3068 84 2285 1725
13925 4261 2538 3563 1512
13926 3905 784 2748 108
13927 4081 1576 3339 2325
13928 3482 1596 3072 2185
13929 2983 2668 2766 2078
13930 3252 1936 2655 2522
13931 3077 1505 2886 1597
13932 3077 1525 2306 1883
13933 2947 1674 2803 1976
13934 2947 1976 2803 2166
13935 4069 2510 3607 1553
13936 3451 1919 2935 2638
13937 3721 3274 3468 2984
13938 2948 1200 394 187
13939 2948 1200 2047 394
13940 4716 1845 4250 3172
13941 4486 1600 3667 2832
13942 4353 1550 3910 3896
13943 3721 1741 3399 3274
13944 4067 1475 1473 779
13945 4067 2089 3648 3571
13946 4415 3259 3766 3567
13947 3277 1966 2743 2217
13948 3278 2300 3061 2929
13949 3278 1963 2300 1888
13950 3278 2929 3061 1888
13951 3278 2300 2929 1888
13952 3278 1834 2555 2300
13953 4679 2535 4090 1904
13954 4787 575 4681 4609
13955 4329 1220 2787 2186
13956 2951 1267 2072 1247
13957 4598 2001 3878 3200
13958 4390 1616 4090 3465
13959 3838 1623 3009 2912
13960 3886 2103 3844 2897
13961 3887 735 1272 1115
13962 3886 2718 2897 1750
13963 3886 2044 3844 2446
13964 4181 1473 4067 1475
13965 3929 2643 3428 2490
13966 3886 3168 3844 3457
13967 3886 1750 2897 2044
13968 4329 1220 2186 1244
13969 3897 1792 3239 2970
13970 3897 80 2888 1792
13971 3898 2810 3412 2267
13972 4227 944 3922 1445
13973 4376 2757 4346 2955
13974 3900 980 2584 2407
13975 3838 3494 3515 1727
13976 3838 1727 3515 3009
13977 3929 1604 2643 2490
13978 4076 50 969 1011
13979 4211 4032 4205 4017
13980 3898 2598 2726 1954
13981 4313 99 3001 2032
13982 4706 3148 4194 1533
13983 3716 2298 2363 2093
13984 4587 2287 4162 1372
13985 4377 2269 2773 1691
13986 4347 3136 3469 2670
13987 4347 3004 3136 1906
13988 4347 2187 3136 2918
13989 3933 3739 3779 3473
13990 2955 2456 2848 1717
13991 3933 2498 3782 2045
13992 3933 1863 3739 3473
13993 4077 1936 3252 2788
13994 4315 2128 2752 2344
13995 4460 1679 2556 2413
13996 3976 2925 3576 3438
13997 3527 1784 3083 2863
13998 4703 3524 4180 3370
13999 3005 2364 2859 2172
14000 4319 1715 2604 1401
14001 4802 2876 4754 2143
14002 4646 3236 3932 2768
14003 3636 2169 2690 1605
14004 4686 2583 4612 3389
14005 4378 2687 3908 3137
14006 3903 169 2531 2066
14007 3929 3428 3597 2359
14008 4378 1516 3908 2687
14009 4638 304 4637 3902
14010 4378 3137 3226 2093
14011 4378 3226 3908 1516
14012 4378 3043 3226 1516
14013 2957 1543 2600 2405
14014 2957 2405 2600 1674
14015 4479 2289 3310 2361
14016 4452 1998 2241 1831
14017 4684 791 4502 3415
14018 4693 3215 3790 2450
14019 4693 2218 4137 2898
14020 4378 2687 2797 1516
14021 3543 1996 3412 3406
14022 3361 2345 3182 2416
14023 3332 2571 2742 1578
14024 4489 855 1765 496
14025 3299 2364 3054 2172
14026 4064 1765 2830 2080
14027 3332 1578 2742 1805
14028 4257 239 1632 595
14029 4257 1390 1816 239
14030 3553 1330 3520 509
14031 4809 2023 4773 4264
14032 3553 2340 3496 1330
14033 3525 3446 3524 2900
14034 4499 1665 4277 1676
14035 4635 2782 3850 3194
14036 4495 2333 4309 2565
14037 4237 3723 3778 3194
14038 3397 852 1142 648
14039 3884 3418 3480 2821
14040 3397 1625 2528 1745
14041 3397 1142 2528 648
14042 3397 1902 2528 1625
14043 3789 1427 740 1462
14044 4237 1662 2086 629
14045 4291 2666 3170 2525
14046 3397 1625 1745 1299
14047 3397 1745 2528 1299
14048 3397 648 2528 1902
14049 3397 1902 2144 648
14050 4023 3699 3774 2685
14051 3531 2062 2386 828
14052 3513 2922 3073 2837
14053 4509 2380 4452 3459
14054 3570 1754 3124 1970
14055 4380 1105 2926 574
14056 3670 3334 3666 3175
14057 4482 1710 2679 2378
14058 4785 1679 4698 2909
14059 4733 3896 3910 2214
14060 3310 621 2445 2080
14061 3310 1781 2445 2215
14062 3310 1781 2361 2080
14063 3518 1602 2357 1591
14064 3359 1944 2885 1714
14065 4774 4338 4606 3701
14066 3909 1003 2878 193
14067 4642 1771 4617 1956
14068 3933 2045 3650 3473
14069 4078 2013 4041 1636
14070 4434 2252 2339 1829
14071 3707 2213 3439 3367
14072 4256 2799 3382 2795
14073 3636 1571 2732 2615
14074 4453 1332 951 948
14075 4629 1990 2745 2011
14076 2969 1082 1527 271
14077 2969 314 675 672
14078 2969 672 675 1345
14079 2969 857 675 314
14080 2969 857 1527 675
14081 4624 3010 3832 2670
14082 4624 2286 4573 3696
14083 4624 2670 3454 2911
14084 4624 3270 3696 2911
14085 4624 2286 3696 3270
14086 4624 3010 4573 2286
14087 3570 2740 3502 1970
14088 3111 2050 2384 1642
14089 3111 967 2050 2024
14090 3970 2946 3539 1737
14091 3178 747 2628 1955
14092 2970 2073 2463 2071
14093 3400 2850 3140 2214
14094 3980 1252 1230 207
14095 4449 2375 3993 1827
14096 3111 2050 2802 2024
14097 3980 662 3819 1230
14098 3178 2395 2798 130
14099 3178 2744 2756 2628
14100 3178 341 2116 1177
14101 3178 2116 2756 2395
14102 3178 2395 2756 1724
14103 4041 1969 3051 1788
14104 4140 2096 3740 1585
14105 3216 1766 3032 2425
14106 3482 1513 2362 1921
14107 3163 2025 2144 935
14108 4026 2707 3851 2420
14109 4380 1105 574 289
14110 3665 1884 3265 2685
14111 3665 2685 2844 1884
14112 4471 2733 3718 3630
14113 4085 1868 3687 2434
14114 4381 1301 1258 613
14115 3208 574 2347 1095
14116 4084 3074 3906 2812
14117 3837 600 2652 961
14118 3847 1541 3272 2447
14119 4512 2591 4105 1184
14120 4102 991 2128 706
14121 4471 454 2733 1379
14122 3075 2448 2537 1669
14123 2977 515 2806 1772
14124 2977 1794 2806 1419
14125 2977 1236 1794 1419
14126 2977 1419 515 1236
14127 2977 1419 2806 515
14128 4542 1729 4068 2379
14129 4383 332 2980 2426
14130 3080 616 972 950
14131 4072 1674 4051 2405
14132 4124 2479 3684 1959
14133 3871 2575 3786 3347
14134 3177 153 721 1438
14135 4153 3446 3904 2352
14136 3177 153 2786 851
14137 4199 2563 3155 2195
14138 4072 3076 3224 2947
14139 4273 2706 2940 1910
14140 4806 3622 4765 2671
14141 3827 1077 1385 1245
14142 4716 3574 4250 3211
14143 3607 2130 2874 2510
14144 4308 1168 2749 677
14145 3049 2276 2619 2553
14146 4384 1897 3272 1592
14147 4384 2948 3720 1897
14148 4742 2465 4302 1368
14149 3453 830 3449 1819
14150 4384 2948 4298 3996
14151 4384 2948 3996 1961
14152 3574 1975 3302 3284
14153 4162 254 3365 2061
14154 4208 3677 4109 3747
14155 3453 2301 3449 560
14156 3453 1673 2703 2100
14157 3453 2100 2703 1980
14158 3453 1673 2460 1819
14159 4720 2627 3450 3357
14160 4537 1534 2236 2196
14161 3697 1406 2519 349
14162 3697 349 2519 1440
14163 3125 357 518 1003
14164 4056 802 2053 1296
14165 4056 635 3227 807
14166 3445 1997 3388 2449
14167 4642 1956 3813 1899
14168 3445 2449 3131 1997
14169 3972 1412 1024 894
14170 3952 2697 3447 1607
14171 4081 2963 3880 3512
14172 3125 790 518 1479
14173 4231 2087 3888 3045
14174 3125 790 2296 518
14175 4355 505 4156 1140
14176 4193 801 2610 1280
14177 4193 1792 2896 2888
14178 4188 3510 3674 2097
14179 4188 3433 3997 2606
14180 4188 2861 3674 2329
14181 3051 1969 2546 1788
14182 3548 3134 3261 1973
14183 465 1284 1521 1895
14184 4035 2120 3562 3197
14185 4031 2703 3131 1997
14186 4031 3236 3591 1997
14187 3860 3369 3398 2406
14188 2985 551 1295 262
14189 3730 764 3150 1452
14190 3272 1559 3008 1541
14191 3272 1541 3255 2447
14192 4519 1858 4161 3234
14193 3548 3046 3422 2255
14194 4529 3074 4084 3200
14195 3925 3053 3579 2420
14196 4700 1667 2726 2441
14197 4446 3040 3192 3051
14198 2987 391 96 812
14199 2987 391 1793 96
14200 4372 3537 3550 2658
14201 4372 3128 3709 1581
14202 4372 2767 3550 3537
14203 2988 2449 2644 2436
14204 4443 2254 4413 3183
14205 2988 2644 2814 2436
14206 4732 811 659 1298
14207 3012 1033 2138 1163
14208 4128 2773 3290 1298
14209 4134 155 2328 1262
14210 4692 3226 4122 2363
14211 4382 2371 4127 1721
14212 3012 483 1033 176
14213 4382 2371 2997 2943
14214 4382 2435 4127 616
14215 4382 1620 2157 1519
14216 3012 1033 2659 2138
14217 3012 2138 2659 2309
14218 3856 597 208 663
14219 4368 1525 3077 1883
14220 3828 2331 3491 2545
14221 3828 2800 3587 2501
14222 4362 2839 4030 1067
14223 4275 2134 3100 1645
14224 3935 3176 3297 2201
14225 4623 1061 271 434
14226 4623 2109 2803 1527
14227 3130 1774 2458 1777
14228 4738 3460 3934 3041
14229 4275 1100 711 1131
14230 4074 2742 3233 1661
14231 4362 959 2908 2069
14232 3064 1968 2597 2357
14233 4386 873 1715 432
14234 4386 1408 1055 33
14235 4386 350 1408 882
14236 4386 350 2995 1408
14237 4386 1055 1715 873
14238 4596 2496 3699 3265
14239 4615 3416 4169 3533
14240 4596 2442 3166 2943
14241 2993 1017 1655 307
14242 2993 1352 1017 307
14243 2993 1655 1731 307
14244 4596 2572 3342 3070
14245 3802 2873 3781 3768
14246 4315 1815 2760 2205
14247 4798 2802 2858 2194
14248 3712 3368 3416 1938
14249 4648 4047 4263 1581
14250 4578 2834 3843 3639
14251 4696 3341 4143 2416
14252 4269 2366 4136 3710
14253 4495 541 2333 1092
14254 3218 1773 3019 2261
14255 4047 3164 3826 3319
14256 2995 882 2209 350
14257 4387 565 2998 240
14258 4800 3476 4697 1950
14259 4800 1699 4745 3476
14260 3971 3089 3462 2481
14261 4590 2862 2910 279
14262 3971 2783 3952 3781
14263 2995 1212 2433 195
14264 2995 195 763 1212
14265 2995 763 2604 1715
14266 4370 637 3444 1260
14267 4602 2155 3223 2401
14268 2995 2433 2604 195
14269 2995 195 2604 763
14270 3429 2829 3193 2067
14271 3542 2495 3396 1928
14272 4463 2640 3381 2468
14273 4489 2905 3140 2820
14274 4388 1952 2999 1091
14275 2998 565 2625 1351
14276 2998 240 565 1351
14277 4388 1912 2364 2126
14278 3856 1407 1896 46
14279 4283 1886 2408 1403
14280 3843 2867 3587 2800
14281 3532 23 2278 1902
14282 4388 2364 2999 1952
14283 4388 1091 2999 542
14284 4388 542 2999 1016
14285 3814 3035 3690 2710
14286 3532 23 2528 734
14287 4668 3914 4034 3858
14288 3814 2586 3690 2028
14289 4389 2531 3002 1550
14290 4389 169 3903 710
14291 4389 2054 2072 1550
14292 2999 1091 1952 542
14293 4389 710 1247 169
14294 4101 3207 3268 2671
14295 4473 3274 3497 3238
14296 4042 798 2987 2014
14297 3773 2475 3529 2501
14298 4537 1793 4300 2236
14299 3002 1160 2066 169
14300 4390 3465 4090 3022
14301 4107 3698 4036 3425
14302 4390 3103 3465 1904
14303 4390 2202 2684 1616
14304 4390 3022 4090 1535
14305 4390 1904 3465 3022
14306 4390 1535 4090 1616
14307 3085 1927 2598 1590
14308 4719 2493 3437 2944
14309 3409 2091 2753 2632
14310 4598 3200 3323 3162
14311 4029 3301 3754 2060
14312 3972 1150 310 1412
14313 3137 2387 3105 2728
14314 3137 2387 2728 2093
14315 3506 302 1627 947
14316 4391 2129 3427 2399
14317 4482 1711 3306 3135
14318 4020 2262 2901 2499
14319 3506 988 1343 606
14320 3005 2113 2859 2133
14321 4556 1854 4242 2772
14322 3506 947 2277 1335
14323 3506 1335 1343 302
14324 3506 1627 2277 947
14325 4556 2207 4242 3212
14326 3506 1335 302 947
14327 3506 1281 988 1256
14328 3506 1256 1627 1281
14329 4020 2262 3127 2349
14330 4688 338 994 508
14331 3194 1248 923 629
14332 4575 1751 2828 2688
14333 4551 3228 3443 2480
14334 3430 1284 1836 1171
14335 4505 2876 4461 2795
14336 4620 2168 4527 2611
14337 3489 2771 3405 2135
14338 4607 1040 4246 3776
14339 3256 1839 2768 2358
14340 4549 1138 3481 1428
14341 3008 364 1155 119
14342 3281 34 2999 2485
14343 3953 3048 3197 2497
14344 3305 1629 2746 2474
14345 3676 210 673 1290
14346 4673 1909 3984 2452
14347 4132 2551 3023 1542
14348 3146 1548 3130 2458
14349 3281 34 2485 1729
14350 4759 3240 4459 3945
14351 3281 2485 2999 1729
14352 4053 1790 2071 989
14353 3931 622 1214 1234
14354 3454 2911 3202 2471
14355 4132 676 3863 3327
14356 4076 50 2445 691
14357 4279 2037 3161 3150
14358 4416 2251 2907 2097
14359 3955 1855 2592 2351
14360 3955 849 2094 1454
14361 4382 1721 2997 2371
14362 4053 2071 2463 2081
14363 4793 4134 4718 3824
14364 3988 1719 3348 2639
14365 4658 725 1137 290
14366 4053 2071 3893 670
14367 4053 1790 2463 2071
14368 3013 1847 2564 2374
14369 4053 989 2071 670
14370 3332 228 1805 1363
14371 4028 1434 1436 513
14372 3955 1454 687 257
14373 3955 257 1833 849
14374 4393 3617 4098 2705
14375 3092 1446 2977 1772
14376 4637 1692 3830 3356
14377 4020 1675 3504 2349
14378 4691 1766 4134 3216
14379 4441 3267 3656 1758
14380 4240 2447 3448 1749
14381 4278 2521 2639 2574
14382 4267 2132 4201 1614
14383 4544 1354 1572 957
14384 4142 2235 4140 2244
14385 3016 1927 2882 2598
14386 4415 2097 2599 2251
14387 4267 2216 2600 1543
14388 4267 2600 2626 1610
14389 4482 3167 3306 1710
14390 4325 359 2253 687
14391 3030 2006 2216 1543
14392 3030 1877 2773 2185
14393 4200 1626 1981 1821
14394 4200 1821 3868 1626
14395 4526 2755 3629 3154
14396 4565 1901 2149 2146
14397 4395 1850 4080 3364
14398 4625 2662 3702 3122
14399 4790 1809 4527 3924
14400 3374 1464 617 1317
14401 3934 3384 3828 3041
14402 4200 1626 3868 1359
14403 4401 3012 3032 2138
14404 3030 2185 2269 1543
14405 3862 1678 3835 2594
14406 4329 1244 3551 696
14407 3991 2220 3544 2316
14408 4132 631 190 1161
14409 4339 2286 4167 3010
14410 3254 2513 2751 2739
14411 4396 2619 3508 1958
14412 3524 2900 3446 3154
14413 4176 2426 2483 958
14414 4176 1900 4128 1237
14415 3680 536 887 82
14416 3947 899 641 196
14417 3625 2110 2436 2321
14418 4293 2195 3999 3952
14419 3661 2296 3311 2878
14420 4396 2966 3483 3047
14421 3190 2450 2898 2249
14422 4048 2183 2869 2290
14423 4305 2308 2680 2327
14424 4091 2577 2883 1621
14425 4091 1621 2883 2263
14426 4391 430 4206 2399
14427 3943 2139 3275 2603
14428 3023 941 2282 632
14429 3023 909 941 632
14430 3328 1084 3244 2910
14431 3928 1550 3400 2382
14432 4550 3404 3983 3901
14433 3864 2783 3802 3781
14434 3255 2158 2411 1820
14435 4133 2210 2989 1721
14436 4176 7 1900 1237
14437 3877 2792 2863 2845
14438 4335 1735 2805 1844
14439 3922 944 666 1445
14440 4721 880 2623 877
14441 4600 649 4438 3730
14442 4397 1228 978 579
14443 4567 1890 4521 170
14444 3812 2707 2813 2544
14445 3026 1551 1891 439
14446 3026 1891 2000 439
14447 3026 439 2000 1075
14448 3026 1075 2000 70
14449 3026 70 439 1075
14450 4344 1567 1982 1862
14451 4358 1118 4348 2652
14452 3026 2477 2492 2488
14453 4398 126 4323 949
14454 4398 529 126 985
14455 3026 70 2488 1228
14456 4398 529 3485 126
14457 4344 1862 3271 1795
14458 4344 1783 1982 1646
14459 4398 529 3555 3485
14460 4398 3555 3775 3485
14461 4064 3140 3910 3400
14462 4419 3445 4114 1578
14463 4094 2212 3401 455
14464 4399 1621 4186 3028
14465 4094 1038 2133 1090
14466 4094 3005 3505 2859
14467 3028 1519 2582 2157
14468 3028 928 1119 178
14469 3028 928 1620 1119
14470 4400 1543 2216 2185
14471 4400 1543 3030 2216
14472 3707 3154 3367 3017
14473 4541 2435 4382 616
14474 3583 1703 2487 1640
14475 3030 2223 2464 1877
14476 3030 1543 2405 2006
14477 3030 1543 2752 2405
14478 3030 2405 2752 2006
14479 3030 2006 2752 2079
14480 3030 2079 2752 1900
14481 3030 1900 2464 2079
14482 3030 2079 2464 2006
14483 4402 2243 3473 2129
14484 4402 2518 3461 1822
14485 4402 2243 3248 1822
14486 3031 1019 2054 1064
14487 3031 1064 2054 260
14488 4139 160 1207 587
14489 4139 1207 2240 1838
14490 4139 1838 3192 2400
14491 4139 1974 587 1207
14492 4139 587 540 160
14493 3031 1064 260 598
14494 3031 598 1019 1064
14495 3616 614 6 984
14496 3217 883 881 226
14497 4402 2129 3248 2243
14498 4402 2130 3248 2874
14499 4402 2130 2874 2518
14500 4398 3477 4323 3485
14501 3885 3733 3803 1823
14502 4370 1260 3444 2535
14503 4370 809 2535 2125
14504 4370 2125 3951 809
14505 4370 1260 1477 637
14506 3969 3175 3379 2865
14507 3938 965 2212 519
14508 4403 1752 2829 2617
14509 3428 2319 2799 1628
14510 4404 3883 3966 3568
14511 4404 2533 3326 1941
14512 4404 2533 2735 1641
14513 4404 3326 3966 1941
14514 3121 1307 346 765
14515 3121 765 346 724
14516 3121 346 1197 724
14517 3815 3195 3730 2026
14518 4243 1936 3822 2227
14519 4801 2297 4749 2857
14520 4801 4228 4749 3526
14521 4584 2943 3166 1519
14522 3806 1658 2265 2149
14523 4589 1781 2709 2440
14524 4400 2419 3854 2223
14525 4323 528 126 1030
14526 3569 2118 3483 1749
14527 4559 378 3572 1901
14528 3806 2090 3415 3047
14529 3806 2149 3047 1658
14530 3884 2821 3736 3418
14531 4580 1148 3648 1188
14532 3037 2553 2560 1726
14533 3913 2598 3085 1927
14534 3913 2825 3523 3085
14535 3050 549 1517 1350
14536 3050 1350 2229 1242
14537 4181 1473 760 1292
14538 4174 1780 2552 2168
14539 4174 2117 3924 2168
14540 3241 1943 3082 1778
14541 3241 285 594 1095
14542 4453 3210 3408 2122
14543 3241 1603 1943 1778
14544 3764 2497 3197 2120
14545 4800 1950 4150 2722
14546 3241 594 3082 1194
14547 4556 2151 3495 3116
14548 3860 3174 3398 3369
14549 3168 2674 3103 2669
14550 4667 3573 4025 2468
14551 3925 2422 3579 3053
14552 3926 1976 3472 1770
14553 4006 2292 3031 578
14554 4006 260 3031 1027
14555 4006 64 1062 1027
14556 4006 1027 578 260
14557 4006 64 1869 1062
14558 3427 2288 2698 2130
14559 4219 1216 1757 892
14560 4406 3529 3663 2475
14561 4555 3275 3943 2139
14562 3618 3138 3499 2622
14563 3430 1171 1836 157
14564 3925 3486 3565 2559
14565 3925 2420 3851 3635
14566 4219 1541 2438 2239
14567 3430 1284 1171 157
14568 3502 1522 3130 2576
14569 3308 2302 3078 2645
14570 4709 1519 4584 3166
14571 3819 662 1700 27
14572 4634 2283 2871 1641
14573 4583 3047 4396 1658
14574 4391 2246 4206 907
14575 3472 1527 2336 1976
14576 3472 1527 2188 1955
14577 4654 3215 3790 2486
14578 3337 1990 3067 2745
14579 3472 2628 2744 1610
14580 3472 1701 2524 1976
14581 3043 1732 2842 2012
14582 4732 1298 3290 93
14583 3472 1701 2628 1610
14584 4029 2060 3754 3349
14585 3859 3211 3690 3475
14586 3915 2513 3835 1678
14587 3045 1767 2465 2087
14588 4523 3204 4289 1879
14589 4153 2352 3711 3438
14590 3579 2420 3053 2422
14591 4612 3389 4227 1803
14592 3886 2044 2446 1750
14593 4393 2656 3501 3052
14594 4408 3113 3970 2946
14595 4067 1473 1472 779
14596 3190 2193 2699 2249
14597 3216 2425 3032 2138
14598 4529 3422 3871 3074
14599 4529 3200 4084 3535
14600 3394 2340 2573 2062
14601 3046 1973 2400 1999
14602 4126 829 3453 248
14603 4399 2711 3028 363
14604 4126 447 2974 2301
14605 4127 2371 3419 2367
14606 4126 2974 4111 1980
14607 3268 2935 3207 2638
14608 3268 2200 3081 2935
14609 4270 1459 4170 4090
14610 4477 1472 752 1503
14611 4272 3555 4230 3562
14612 3168 2674 3160 3103
14613 4524 1607 3777 3389
14614 3515 1710 3210 2019
14615 4131 2100 3992 3355
14616 4761 1202 3327 2668
14617 3449 143 560 1322
14618 4761 2668 4530 683
14619 3449 143 2095 830
14620 4811 1144 1315 373
14621 4208 4109 4167 3493
14622 4516 1873 3719 2533
14623 4437 2150 4214 2642
14624 4669 2203 3991 3595
14625 3453 1819 3449 1673
14626 4382 2157 2943 1519
14627 4516 1873 3751 3592
14628 3548 3261 3422 1973
14629 4519 3417 3848 3671
14630 4458 3340 3883 2973
14631 3730 1452 3150 1582
14632 4367 3145 3460 3289
14633 4502 2016 3804 2090
14634 3782 3372 3650 2045
14635 4199 2630 3530 2195
14636 3548 3378 3464 1636
14637 3548 1636 3464 3134
14638 4341 2819 3341 3061
14639 4447 1707 2617 2169
14640 3548 1636 3267 2255
14641 4447 2617 3853 2169
14642 4735 2298 2500 2054
14643 4599 2843 3982 2968
14644 4219 892 1593 806
14645 3194 629 117 415
14646 3971 3768 3781 2391
14647 4744 2889 4633 1953
14648 3776 1041 3281 249
14649 4410 2506 3664 3564
14650 3851 2707 2813 1903
14651 3540 2113 3005 2958
14652 3774 2352 3711 3253
14653 4599 1635 3601 2666
14654 3540 2133 2857 2738
14655 3779 1029 969 1347
14656 4573 2670 3136 2918
14657 3971 3781 3820 2563
14658 4602 2401 2879 2155
14659 3329 1575 3294 2544
14660 3742 1990 3634 2906
14661 4063 1162 3949 1843
14662 4154 1003 3909 762
14663 4436 2668 3132 2766
14664 4592 2502 3694 1866
14665 3054 2364 3005 2172
14666 3788 2624 2673 2291
14667 3801 1985 3736 3259
14668 4602 3223 3745 1863
14669 3788 2440 2624 2291
14670 3890 3212 3796 2207
14671 3889 3049 3325 3098
14672 3056 1719 2714 2049
14673 3056 2049 2521 1719
14674 3056 2049 2714 2521
14675 4657 2256 2592 1580
14676 4733 2214 4348 2652
14677 3620 2590 3431 3191
14678 3961 1647 3740 2921
14679 3490 2785 3426 1941
14680 4240 1749 3448 2397
14681 4412 2671 4101 3268
14682 3057 1522 2576 1774
14683 3057 1774 2576 219
14684 3057 106 2719 1737
14685 3057 1737 2719 2171
14686 3057 1737 2065 106
14687 3057 1737 2171 2065
14688 4067 1472 1463 779
14689 3155 564 1808 1681
14690 4302 384 2700 10
14691 4763 3701 4543 3848
14692 4807 3220 3559 3345
14693 4507 3582 3765 2869
14694 4302 1761 2465 2098
14695 4414 1553 3998 3062
14696 4413 2254 2474 2198
14697 4197 2129 3779 2453
14698 3173 2433 2604 1512
14699 3827 1385 1395 600
14700 3060 2342 3004 2902
14701 4251 566 10 1334
14702 4757 2463 4040 2970
14703 4805 3511 4653 1879
14704 3060 2413 2818 2179
14705 3060 2413 2902 2818
14706 4023 3166 3257 3253
14707 3060 2342 2902 2413
14708 3574 3172 3475 3302
14709 3945 1571 3317 3038
14710 4415 2251 3259 2097
14711 3144 1984 2862 2048
14712 3144 2314 2916 2404
14713 4119 2132 3881 2840
14714 3676 1544 3221 2131
14715 3684 2479 3376 1647
14716 4764 3983 4550 3091
14717 3271 1795 2912 2390
14718 3612 1504 2992 2470
14719 3271 1979 2985 1637
14720 3862 2976 2981 1678
14721 4470 2638 3207 1919
14722 3858 2037 3161 1624
14723 3870 2276 3186 2397
14724 3890 2207 3796 2457
14725 4415 2251 3385 2554
14726 4415 3766 4303 2554
14727 3429 2741 2838 2774
14728 4415 3385 3935 2554
14729 4243 381 234 811
14730 3130 1774 2576 1522
14731 3470 2745 3067 2011
14732 4777 2990 4622 630
14733 3861 3189 3380 3347
14734 3687 2406 3455 3160
14735 3955 2094 2256 1454
14736 4734 3731 3880 3165
14737 4606 1872 3450 3433
14738 4719 3437 3757 2836
14739 3825 1666 2014 1491
14740 4719 2750 4248 2994
14741 3152 1592 2438 805
14742 3149 1889 2543 2204
14743 3149 1949 2370 2178
14744 3152 2089 2781 2090
14745 4416 3180 4303 3766
14746 4418 2382 2387 1791
14747 4418 2312 2387 1786
14748 4787 4093 4681 3330
14749 4190 2807 3337 2614
14750 3846 2470 3719 2533
14751 4197 2872 3118 2453
14752 3133 2231 2669 2044
14753 4437 1865 2642 1633
14754 3471 1732 2161 1778
14755 3445 2768 3256 1839
14756 4552 2737 3443 125
14757 3228 2935 3090 1919
14758 3663 2475 3631 2884
14759 4181 641 3947 2688
14760 3445 2449 3388 2988
14761 4556 3212 3890 2207
14762 3490 3326 3426 2242
14763 4333 268 3984 1829
14764 3343 1742 1951 1609
14765 3343 1609 3174 2270
14766 3343 1609 2270 1742
14767 3366 2018 2949 1944
14768 3366 1844 3089 2473
14769 3071 112 1059 517
14770 3071 112 1928 1059
14771 4484 1787 3386 1705
14772 4484 972 3080 2371
14773 3504 1526 2764 2678
14774 3366 2473 3089 1859
14775 4165 2296 4080 790
14776 4418 1786 3400 2830
14777 4419 1578 3625 3445
14778 3385 2249 2699 2304
14779 4466 1518 3029 3017
14780 4493 1628 3382 2876
14781 3072 1191 297 1470
14782 3072 297 1960 1470
14783 4686 1844 2481 1803
14784 3356 101 2947 2803
14785 4146 2257 3980 3545
14786 3982 2843 3153 1211
14787 3824 1508 3141 2373
14788 4484 689 3907 1787
14789 3813 162 1339 734
14790 4135 285 3241 1095
14791 3824 1780 2796 2373
14792 3291 1696 2837 1546
14793 4497 1866 3549 3418
14794 3659 2486 3597 2469
14795 4618 3796 4463 2091
14796 3323 3162 3292 3199
14797 4512 1007 3463 1013
14798 4512 3463 4105 3390
14799 4512 567 3055 147
14800 4512 1007 4105 3463
14801 3481 1984 2916 2910
14802 3225 709 1322 966
14803 4482 1870 3135 2088
14804 4805 3417 4723 4289
14805 3076 2166 2803 2109
14806 3076 2109 2803 306
14807 4114 1997 2703 2301
14808 4114 57 3256 1997
14809 4792 2015 3149 1583
14810 4114 2569 3575 1980
14811 4114 2974 3575 2569
14812 4114 1980 2974 2301
14813 4114 1578 2974 2569
14814 4114 1980 3575 2974
14815 4055 775 1490 678
14816 4055 2579 2686 867
14817 3405 2771 2880 2135
14818 4641 2536 3669 3525
14819 4293 2195 3952 2875
14820 4463 1989 3796 2457
14821 3488 1923 3007 2617
14822 4446 3051 3134 3040
14823 4140 2244 2317 1601
14824 4062 3236 3388 2757
14825 3951 195 2433 376
14826 3192 1838 2725 2400
14827 3192 2400 2725 1973
14828 4082 1993 2746 2632
14829 4542 2379 4254 1663
14830 4383 2426 3686 1325
14831 4383 2597 3452 839
14832 4383 1968 3518 2597
14833 4580 1250 4253 2142
14834 4423 1646 3093 2063
14835 3441 1510 3353 2043
14836 4593 2213 3682 3237
14837 4635 3623 3891 2565
14838 4383 839 3452 1331
14839 4383 2426 3606 1968
14840 4383 1968 3686 2426
14841 4383 2597 3686 1968
14842 3081 1533 2852 2452
14843 3081 368 1909 51
14844 4674 1812 2760 2148
14845 4400 2006 3030 2223
14846 4186 920 178 950
14847 4186 2157 3028 1621
14848 4186 2577 3715 3440
14849 4186 258 2953 920
14850 4250 3392 3475 3172
14851 3081 1909 2452 2015
14852 3242 2071 2970 1792
14853 4113 2166 3076 2109
14854 4019 3091 3700 2939
14855 4488 2831 3299 1912
14856 3169 2379 2485 2035
14857 3907 968 689 49
14858 4049 2127 3700 2603
14859 4433 2162 4078 3245
14860 4471 3630 3718 3354
14861 4011 1622 2455 1828
14862 3084 1566 3078 2425
14863 3188 653 470 1426
14864 4504 2067 2549 2461
14865 3888 3045 3772 1624
14866 4504 2461 2829 2067
14867 4544 3958 4044 1572
14868 3991 2220 3595 3544
14869 3986 3105 3137 2687
14870 3986 1818 3908 2687
14871 3986 2892 3137 3105
14872 4731 4093 4681 4609
14873 4285 2959 3176 1946
14874 3184 2982 3173 3133
14875 3319 2281 2890 2092
14876 3373 1111 2563 1310
14877 3559 1856 2849 2821
14878 4565 2581 2720 1797
14879 4258 3330 3414 149
14880 4422 299 3496 755
14881 4030 1169 3547 2985
14882 4363 1538 2742 2505
14883 4030 2277 2839 1893
14884 3314 2320 2994 2570
14885 3916 1739 2837 2747
14886 3548 1636 3134 3051
14887 4013 2291 3391 2864
14888 4368 1703 2385 213
14889 4765 1394 265 1378
14890 4463 2468 3381 1898
14891 3319 1815 2890 2281
14892 4302 826 2465 1767
14893 4360 2342 3285 1845
14894 4376 2941 4001 2955
14895 4293 2477 3777 2009
14896 4368 1597 1703 770
14897 4403 2693 3905 1752
14898 4610 1482 123 691
14899 4361 3240 3589 1898
14900 3909 1399 1933 1720
14901 3776 1016 2999 1041
14902 3971 2783 3781 3768
14903 3872 2932 3320 2155
14904 4422 181 1358 1405
14905 4422 750 3520 1358
14906 3786 3371 3685 3021
14907 3452 839 76 1331
14908 3452 839 454 76
14909 4372 3709 3761 3197
14910 3825 1491 2014 745
14911 4726 3348 4300 2236
14912 3963 2193 3190 2249
14913 3452 2120 3048 2497
14914 4030 1979 3271 2839
14915 4253 110 1814 1151
14916 4253 3681 4104 2996
14917 4197 2045 2872 2453
14918 4745 2554 4697 2249
14919 4761 683 709 295
14920 4253 2996 3108 2318
14921 4253 2142 4104 3681
14922 4664 2929 3042 2558
14923 3833 939 617 1464
14924 3419 2367 2371 1648
14925 4576 2658 4217 3206
14926 3743 3218 3678 1773
14927 4423 1023 3547 321
14928 4423 2981 3050 1517
14929 4663 2846 3663 1813
14930 3521 2635 2695 1598
14931 4502 2090 3303 2016
14932 3669 2900 3658 3638
14933 3654 1318 1563 1190
14934 3654 1867 2239 1563
14935 3654 1563 3121 1190
14936 4425 4251 4302 2700
14937 4425 1761 4302 3939
14938 4236 1625 3397 1299
14939 4199 3155 3999 2195
14940 4040 2071 2970 2463
14941 4040 2071 2463 1790
14942 3216 1983 3141 2328
14943 3216 2328 3141 1766
14944 3233 1651 3159 1587
14945 3706 2924 3490 1709
14946 4425 2700 4302 3914
14947 4565 1834 3602 1963
14948 4655 1960 3072 1596
14949 4352 3309 3509 2963
14950 4517 2479 4124 2605
14951 3867 441 2338 2307
14952 3216 462 2309 155
14953 3867 441 251 911
14954 4352 3675 3880 3512
14955 3315 1004 2965 134
14956 3315 134 544 1004
14957 3867 1695 3560 245
14958 3867 1695 2307 1556
14959 4414 2118 3277 2184
14960 3397 852 2144 199
14961 3785 3109 3428 3287
14962 4377 1776 2840 2181
14963 4186 258 920 739
14964 4506 2198 4413 3305
14965 3297 2201 3176 2192
14966 4689 438 247 878
14967 3772 2087 3001 1767
14968 4657 2779 3988 2253
14969 4699 3372 3579 3486
14970 4276 835 1672 177
14971 3101 2596 2646 1669
14972 3957 2218 3599 2490
14973 3832 1885 3358 3010
14974 3101 1455 2516 1705
14975 3101 122 2516 1455
14976 4734 3675 3979 3738
14977 4328 236 393 1267
14978 4626 2572 3070 2290
14979 3832 2911 3454 2471
14980 4328 1267 393 668
14981 4328 1247 2951 236
14982 3832 3010 3358 2670
14983 3832 2471 3492 2911
14984 4328 1377 3896 1267
14985 4328 962 3896 1377
14986 4328 1267 2951 1247
14987 4584 3166 3660 3523
14988 4472 2949 3366 3276
14989 3610 1525 3583 2509
14990 3455 2334 3398 1868
14991 4086 1360 1826 1139
14992 3348 2196 2236 1534
14993 4150 1950 4100 2284
14994 4648 1581 4372 3709
14995 4457 3791 4290 1719
14996 3942 2395 2756 2308
14997 4252 2374 3662 2248
14998 3945 3038 3307 1571
14999 4363 1972 4361 1898
15000 3104 1520 2941 1979
15001 3104 1979 2941 2908
15002 4130 1942 2981 2976
15003 4130 1942 2378 1874
15004 4130 2981 3862 2976
15005 4130 2976 3862 2156
15006 3780 1185 1690 1277
15007 3651 2097 3510 2472
15008 3373 564 1313 1310
15009 4399 1666 2711 919
15010 4077 3252 3982 2003
15011 4427 3196 4166 1594
15012 4100 1611 3334 2284
15013 4613 2730 3247 2975
15014 4434 2642 3151 1829
15015 4811 1144 373 807
15016 4814 2206 4813 3778
15017 4434 1829 2452 2252
15018 4459 1858 1986 1718
15019 3361 2416 3341 2345
15020 3724 3235 3292 1504
15021 4569 1531 4032 2052
15022 3528 1046 2815 1974
15023 3692 3086 3614 3301
15024 4234 3363 3484 2557
15025 3836 286 887 392
15026 3836 286 3637 2629
15027 3836 82 887 286
15028 4445 2437 4112 1991
15029 4660 2693 3905 1443
15030 4445 1838 4112 2437
15031 4445 1788 3192 3051
15032 4688 994 4108 1567
15033 3429 2741 3007 2838
15034 4154 2579 3909 1003
15035 4703 3051 4465 4180
15036 4505 2795 4461 3610
15037 3109 1640 2799 2780
15038 3109 2780 2799 1634
15039 3109 1640 2780 1825
15040 3109 1825 2780 1634
15041 4432 3207 4101 2671
15042 3288 2978 3079 1683
15043 3762 1831 2547 1684
15044 3942 1627 2069 1281
15045 4533 3031 4138 2363
15046 4747 394 2047 819
15047 4245 2464 2772 1588
15048 3593 417 2046 1044
15049 3593 1044 2046 1644
15050 4426 3252 4077 2003
15051 4457 4290 4300 1734
15052 3388 1839 2988 2634
15053 3897 1792 3177 721
15054 4695 3361 4571 2416
15055 4605 2408 4274 4063
15056 4798 2167 4739 4015
15057 4428 3264 4047 3746
15058 3732 2302 3403 3308
15059 3640 2605 2743 2224
15060 4063 2074 2809 1843
15061 4212 3433 4188 1872
15062 3942 3104 3900 1804
15063 4495 2126 2333 541
15064 3194 415 1248 629
15065 3960 2735 2787 1941
15066 3194 923 1662 629
15067 3384 2303 3041 2808
15068 3194 923 2695 1662
15069 4210 2375 3996 2118
15070 4214 420 918 861
15071 4452 2347 4433 1852
15072 3975 3307 3749 1571
15073 3114 1523 2934 1515
15074 4008 3351 3968 2823
15075 3114 1106 2934 278
15076 4334 2762 3698 3425
15077 4662 3748 4485 4012
15078 4334 3425 3717 2762
15079 4334 2762 3877 3698
15080 4334 2845 4009 3698
15081 3115 800 1570 390
15082 3115 390 1570 815
15083 3115 815 800 390
15084 4334 3717 4202 3083
15085 4507 3017 3765 3582
15086 4334 2762 4202 2845
15087 4334 2845 3877 2762
15088 4334 3083 4202 2762
15089 4256 2769 3744 2055
15090 3117 1910 2231 1612
15091 4534 1842 3762 3608
15092 4198 2786 4000 1706
15093 3771 3425 3717 3513
15094 3408 1942 2981 1874
15095 3408 651 3188 1517
15096 3244 714 1428 1138
15097 3767 1729 3281 1742
15098 4499 1676 4277 1552
15099 4304 2058 2941 1717
15100 3771 3513 3717 3158
15101 3771 2885 3097 1859
15102 4499 3990 4277 2271
15103 3739 2243 3473 1822
15104 3280 2222 2681 2273
15105 3280 1526 3127 2681
15106 4499 1552 3990 2598
15107 4499 3016 4259 1676
15108 4498 2777 3738 2310
15109 3378 2255 3267 1636
15110 3530 1112 529 6
15111 3736 2821 3538 3418
15112 3129 2250 3064 2357
15113 4038 1807 3923 1076
15114 4174 2117 4147 2552
15115 4545 1865 4437 1633
15116 4428 4191 4263 3717
15117 4441 2534 3656 540
15118 3121 1190 1563 2280
15119 1172 2280 1563 1190
15120 4441 540 3656 2013
15121 4626 1957 3831 2290
15122 3944 1847 3541 2651
15123 4691 723 552 155
15124 4293 2875 3952 2121
15125 4467 2131 3263 3224
15126 4088 3431 3486 3372
15127 3359 2885 3295 2380
15128 3411 1987 2353 1865
15129 3267 1758 2162 2013
15130 3394 1500 2653 767
15131 3394 2340 2653 2573
15132 3657 1534 1811 1712
15133 3267 1758 2459 2162
15134 4498 1837 3738 3118
15135 3536 1515 2107 1858
15136 4408 2946 3217 2538
15137 3520 1358 750 509
15138 3176 1946 2959 1744
15139 4676 969 3779 1029
15140 4113 1300 2166 2109
15141 4508 2421 4192 3044
15142 4286 422 4090 232
15143 3993 3222 3474 1584
15144 4661 3305 4506 4009
15145 4398 741 985 949
15146 3993 1584 3948 3222
15147 3587 2501 2800 2475
15148 3124 2115 2396 1988
15149 3124 1754 2115 1988
15150 4056 893 3336 802
15151 4056 1483 471 1243
15152 3125 518 2878 1003
15153 3125 1003 2878 2579
15154 4660 215 3994 1224
15155 4570 2835 3461 1728
15156 4197 2045 3933 3473
15157 4393 2414 4223 3617
15158 3569 1749 2447 2118
15159 3569 1749 3483 2147
15160 4449 1585 4324 3993
15161 3184 1762 3173 1962
15162 3184 1512 3173 2604
15163 4461 2033 3610 2509
15164 3184 1962 3173 1512
15165 3184 1715 2604 1612
15166 3184 1612 2231 2044
15167 4121 2799 2952 1634
15168 3185 2425 3032 1766
15169 3184 1612 1962 1715
15170 3762 1842 2241 1831
15171 3129 2597 3064 838
15172 4545 75 4437 1865
15173 3736 2189 3567 3549
15174 4498 2654 3279 1537
15175 4609 264 575 1043
15176 3958 2018 3366 1944
15177 3129 277 2597 838
15178 3129 1380 277 838
15179 4115 323 500 67
15180 4115 791 1751 500
15181 4767 2146 4649 196
15182 3132 2011 3067 1990
15183 3132 1990 3067 2766
15184 4437 902 2150 1768
15185 4437 2642 3171 1633
15186 4290 1719 3791 2124
15187 3887 1272 1165 1350
15188 3743 2854 3678 3218
15189 4192 1741 3274 2906
15190 4350 2082 2623 2443
15191 4360 3172 4160 3285
15192 4371 1668 2987 2014
15193 4622 2919 3827 1687
15194 4528 3199 4483 4365
15195 3174 1609 2718 2602
15196 4772 2060 3754 3301
15197 3508 1888 2929 2717
15198 3423 2327 2811 1544
15199 3872 3320 3614 2155
15200 3369 3174 3343 2103
15201 4079 2498 4076 2445
15202 3659 596 1366 1393
15203 3659 2469 3597 3287
15204 3537 3083 3335 2873
15205 3672 2218 3243 2962
15206 4408 3217 3894 2538
15207 3135 1568 3069 2815
15208 3427 2399 2698 1384
15209 3135 1568 2514 2507
15210 3135 1568 2815 2514
15211 3135 2507 2514 2400
15212 3135 2514 2815 2400
15213 3135 2815 3069 1870
15214 3135 1870 3069 2088
15215 4211 3741 4205 3760
15216 4348 2214 2905 2652
15217 3136 1906 3004 2770
15218 4429 2860 4143 2958
15219 4314 3421 4148 1985
15220 4429 2819 3758 2958
15221 4335 1364 335 610
15222 4108 1567 2273 2039
15223 4335 610 2805 1655
15224 4781 3362 4538 1762
15225 4024 1448 704 139
15226 4781 1879 4653 3511
15227 3391 1551 2864 1882
15228 3918 2082 2623 1178
15229 3918 879 347 1182
15230 4797 1518 3707 3682
15231 3697 2434 2868 1750
15232 4430 2611 3403 1809
15233 4430 2503 3403 3308
15234 4430 1809 3403 2503
15235 4072 2947 3224 1674
15236 3750 2880 3405 2771
15237 4489 3910 4348 718
15238 3411 1514 1939 1768
15239 4431 1517 2981 2229
15240 4404 2790 4322 3036
15241 4431 3835 3915 3436
15242 4431 3436 3915 2229
15243 3582 2685 3342 2496
15244 4592 3056 4095 2183
15245 4436 2766 3336 2983
15246 4205 3242 3751 2970
15247 4432 833 2596 2004
15248 4809 2776 3765 1613
15249 4404 1941 2735 2533
15250 4404 2283 4322 3883
15251 4349 2293 3633 3632
15252 3392 2028 3181 3035
15253 3978 768 2176 1406
15254 4065 342 909 1238
15255 4065 2513 3436 342
15256 4185 368 51 1227
15257 4435 4017 4211 4205
15258 4215 3867 4060 871
15259 4215 871 927 441
15260 4417 220 3949 1008
15261 3835 2739 3436 2123
15262 3835 2513 2739 2594
15263 3522 686 364 119
15264 4585 3431 3620 2590
15265 3142 1638 2568 2204
15266 4394 2506 3664 2972
15267 4359 2807 4190 3634
15268 4432 2004 2737 431
15269 3835 2123 3695 2739
15270 4432 1669 4101 3207
15271 3916 2747 2837 1812
15272 4365 3250 3568 3199
15273 4499 1665 4259 3016
15274 4433 2347 4078 2162
15275 3528 1046 1974 284
15276 3528 1974 2815 1838
15277 3679 2638 3541 3480
15278 3679 3480 3541 2651
15279 4321 2334 3659 2486
15280 4556 2151 4145 2474
15281 4471 3354 3939 3630
15282 4418 2382 4096 3400
15283 3821 1860 2729 2252
15284 3578 2506 2730 2701
15285 4203 3506 3942 534
15286 4261 1512 4254 1962
15287 3578 2730 2829 2067
15288 4571 1906 3674 2861
15289 4354 3550 3562 2767
15290 3983 3480 3541 1594
15291 3983 3801 3944 2651
15292 3896 1377 2072 1267
15293 4311 484 2268 1163
15294 4037 3608 3802 1547
15295 4185 2935 3081 2852
15296 4734 1924 3880 3279
15297 4553 3845 3891 2565
15298 3753 2489 3123 3059
15299 4221 1625 3397 1664
15300 3989 1164 1988 841
15301 3989 1754 3502 2433
15302 3989 521 3502 219
15303 3989 1988 2576 1754
15304 3989 841 2576 1164
15305 3149 1775 2306 1507
15306 3149 1775 2543 2306
15307 3149 2306 2543 1507
15308 3149 1507 1949 1775
15309 3149 1507 2370 1949
15310 4474 1337 3739 2243
15311 4436 231 3470 3203
15312 3560 1600 3014 2467
15313 3752 686 1959 1424
15314 3385 2304 2699 1813
15315 3150 1416 1323 14
15316 3150 14 1323 1411
15317 3150 776 1582 1287
15318 3150 1287 1582 1416
15319 3150 1287 1411 776
15320 3150 1416 14 1287
15321 3150 1287 14 1411
15322 3151 1583 3149 2015
15323 3151 2015 2452 1583
15324 3151 2015 3149 1889
15325 3151 1889 2204 2015
15326 3151 1889 3149 2204
15327 3152 90 2438 2007
15328 3613 62 2427 256
15329 3304 2681 3127 2854
15330 3304 2273 3280 2681
15331 4650 3264 3709 2355
15332 3152 805 2438 90
15333 4808 265 4432 431
15334 3983 2821 3480 1594
15335 3983 3901 3944 3801
15336 3153 383 2036 817
15337 3153 383 2843 2036
15338 3520 750 2032 99
15339 3520 750 99 509
15340 3368 2503 3246 1603
15341 3936 1388 595 272
15342 4149 1528 2509 2478
15343 3742 2971 3634 1990
15344 3639 1878 3587 2846
15345 4436 3067 3132 2011
15346 3787 2126 2364 1912
15347 3787 3298 3338 2960
15348 4510 3145 4349 1964
15349 4519 3526 4195 3671
15350 4200 343 1981 1626
15351 3481 1557 3328 1620
15352 4765 1378 4552 527
15353 3642 2401 2645 2060
15354 4740 78 4381 613
15355 3886 2446 3168 2406
15356 4205 3751 3760 2970
15357 4436 91 373 808
15358 3537 3083 3527 3206
15359 3203 231 2637 450
15360 4546 730 1103 1203
15361 3203 2095 2637 2011
15362 4546 1102 1103 730
15363 3203 231 450 895
15364 3203 895 2095 683
15365 4546 730 554 1102
15366 3713 1402 1449 26
15367 3772 1767 3045 2087
15368 4338 2220 3671 3595
15369 4035 2120 3197 3048
15370 4664 2558 4478 3143
15371 3859 3211 3313 1744
15372 4407 2691 3298 3054
15373 4669 2557 4667 4025
15374 4731 2677 4609 264
15375 3963 2683 3190 2193
15376 3221 1544 2811 2131
15377 3918 1271 1178 1182
15378 3499 3000 3138 2212
15379 4715 3090 4252 3516
15380 4340 2070 2788 2075
15381 4250 3211 3574 3172
15382 4355 889 3068 1305
15383 4586 2114 3673 2204
15384 3221 2131 2811 1824
15385 4029 3086 3614 2155
15386 4167 3645 3829 3087
15387 4020 2262 2499 1773
15388 3161 200 1320 764
15389 3773 2501 3529 1975
15390 4753 1528 3757 2587
15391 4314 2517 3750 3237
15392 4314 3079 3750 2517
15393 4314 1683 3079 2978
15394 3881 1776 2840 2476
15395 4146 2196 3980 2257
15396 4280 2342 3060 2413
15397 4280 3172 3420 3285
15398 4280 3285 4160 3172
15399 4314 2771 4148 3421
15400 3161 1945 3150 764
15401 4314 2771 3750 2651
15402 3775 3485 3554 3477
15403 3496 1923 3488 2484
15404 3955 1995 2094 1833
15405 4222 2826 3711 2174
15406 4222 1927 3913 3253
15407 4218 3052 3501 3193
15408 3254 2513 2739 1542
15409 4631 766 3783 2686
15410 4660 516 215 1224
15411 3877 2845 2863 2762
15412 3988 1580 2592 2049
15413 3258 3066 3144 1508
15414 3255 2026 2158 1820
15415 3373 1313 2429 83
15416 4222 1927 3016 2373
15417 4222 3253 3660 2174
15418 4728 2294 3737 3396
15419 4283 1651 2408 1587
15420 4259 154 2647 1417
15421 4786 192 1315 1144
15422 4060 976 871 548
15423 4216 2406 3457 3168
15424 4470 1919 3516 3451
15425 3170 2663 2666 1555
15426 4292 1953 2808 2303
15427 4292 2808 3041 2303
15428 4034 1726 3037 1820
15429 3835 2099 3695 3436
15430 4215 135 4060 3893
15431 4432 265 2596 833
15432 4438 235 1820 1420
15433 4438 649 842 200
15434 4438 235 2158 1820
15435 4669 3484 4141 3088
15436 4438 235 1420 842
15437 4601 3737 3787 1912
15438 4438 200 3730 649
15439 4439 2517 3620 3191
15440 4594 2411 3522 1820
15441 4470 3516 3679 2638
15442 4415 2251 3935 3385
15443 4205 3760 4066 2621
15444 4714 3662 4252 3090
15445 3817 1677 2171 1511
15446 4243 381 1147 234
15447 4463 1989 2468 2091
15448 4455 3064 4242 2357
15449 3958 3073 3771 1859
15450 4157 3630 3939 1761
15451 3201 2381 2523 1542
15452 4364 2743 3062 1966
15453 3496 1330 1362 1358
15454 4243 1971 2234 1622
15455 3411 400 1595 758
15456 4748 2145 4426 2761
15457 3812 2707 2792 1903
15458 3652 1658 2717 1963
15459 3812 3294 3329 2511
15460 4440 3561 3758 2141
15461 4010 1657 3500 2913
15462 4261 2035 3563 3114
15463 4536 2898 4442 2218
15464 4466 1518 4233 3621
15465 4181 2089 3947 1148
15466 4175 1566 3642 2367
15467 4181 40 1270 1473
15468 4466 3017 3774 2352
15469 4381 2989 4127 2727
15470 3924 2117 2546 1969
15471 4175 2494 3642 3576
15472 4175 3185 3576 1566
15473 4175 2174 3020 2494
15474 3178 1955 2190 341
15475 3633 3181 3632 2556
15476 3280 2222 2407 1526
15477 4662 3514 4374 3968
15478 4342 900 3686 137
15479 4699 3416 4169 1938
15480 3553 509 2062 1330
15481 3767 997 111 1042
15482 4304 2069 3104 2908
15483 4304 2038 4020 1675
15484 4442 2898 4137 2218
15485 3656 291 2534 1099
15486 4442 2218 4137 2319
15487 3669 3525 3658 2900
15488 4706 3521 4194 3148
15489 3332 1661 2571 2140
15490 3951 376 1477 377
15491 3553 2484 3496 3488
15492 4534 2473 4037 3608
15493 4449 3993 4324 1827
15494 3656 85 1105 291
15495 3754 3333 3439 3346
15496 4212 2329 3484 1872
15497 4642 1899 2403 1536
15498 4783 4374 4663 2884
15499 3201 2017 2523 2186
15500 3201 2186 2467 2017
15501 3772 1772 2153 1624
15502 4731 2758 4322 3036
15503 3314 272 595 1370
15504 3963 2304 2699 2249
15505 3470 2745 3444 3067
15506 4255 3596 3762 1684
15507 4329 2186 2467 1244
15508 4725 1579 4394 3664
15509 3569 1619 3286 2118
15510 4527 3576 4336 2302
15511 3902 571 1039 912
15512 4448 2261 4443 4015
15513 3297 2360 3176 2040
15514 4192 3044 4000 2621
15515 4192 2621 3274 1741
15516 4158 1840 2891 1066
15517 3722 3573 3589 2656
15518 4492 3433 4168 1813
15519 4356 3325 3870 1545
15520 4512 1915 3390 2591
15521 3185 1566 3032 2425
15522 3185 2210 3032 1566
15523 4055 1499 3125 357
15524 4055 1861 3125 1499
15525 3185 2210 3141 1983
15526 3185 1983 3032 2210
15527 3971 2563 3820 2195
15528 4078 2347 2926 2162
15529 3186 1958 2397 1723
15530 3871 3074 3422 3261
15531 3186 1958 2619 2397
15532 3187 3032 3084 2425
15533 4312 2942 3223 1818
15534 4312 1869 2363 64
15535 4312 1291 494 64
15536 4312 1818 3716 2363
15537 3187 1573 3078 2942
15538 3187 2425 3078 1573
15539 3187 2425 3084 3078
15540 3187 3078 3084 2942
15541 3409 2632 2753 1993
15542 4127 1304 2727 484
15543 4411 3568 3966 3809
15544 4492 2962 3385 2251
15545 4258 3027 3330 149
15546 3495 2474 3264 3116
15547 3989 376 3951 2433
15548 4028 513 1277 1434
15549 3827 600 905 667
15550 3765 3439 3703 3647
15551 3432 1890 2417 1608
15552 3615 1523 2946 2515
15553 3860 3174 3369 2103
15554 3373 1681 2429 1313
15555 4459 1986 3317 1875
15556 3373 564 3155 1681
15557 4445 2240 4112 1838
15558 3549 2502 3418 1866
15559 4446 2725 3658 1973
15560 4446 2536 2725 2437
15561 4446 3134 3658 3525
15562 4446 3040 3525 2536
15563 4123 3211 3690 2586
15564 4006 1027 1062 578
15565 4447 1571 3307 2392
15566 4447 2169 3307 1571
15567 4006 64 2363 1869
15568 4446 2725 3192 2437
15569 4448 1773 2499 2262
15570 3308 2119 3078 2302
15571 4494 1093 2633 1092
15572 3351 1742 3343 2540
15573 3937 3859 3906 2511
15574 4150 2284 4100 1810
15575 4304 1675 4129 2069
15576 4333 1829 3984 1583
15577 3965 3009 3899 1623
15578 4472 2341 2620 1714
15579 4716 1845 3574 2201
15580 4338 3701 3991 3088
15581 4355 889 1305 380
15582 3731 3360 3550 1796
15583 3731 2410 3360 2827
15584 4807 3345 4764 3220
15585 3907 689 972 49
15586 3731 2827 3339 1924
15587 3731 2410 3550 3360
15588 4146 2154 3545 461
15589 3881 537 1846 1701
15590 3198 1923 2340 773
15591 3198 1436 1923 773
15592 3198 773 2340 1474
15593 3198 1474 1436 773
15594 3934 1878 3878 2501
15595 3679 3516 3541 2638
15596 3423 312 1484 1264
15597 3423 1264 2584 2327
15598 3874 1631 3438 2925
15599 3874 2925 3403 1631
15600 4385 2470 3612 2992
15601 3571 90 3303 3152
15602 4366 2747 4107 3425
15603 3600 261 372 633
15604 3468 2699 2846 1813
15605 3990 1992 2271 124
15606 3307 2169 3112 1571
15607 4315 2344 2752 655
15608 4286 1876 4090 1535
15609 4364 2286 2913 2822
15610 4610 123 4391 2243
15611 4549 3328 3481 1557
15612 4724 1709 3862 3695
15613 3201 2123 3014 1644
15614 3201 1644 3014 1556
15615 3992 2115 3130 1548
15616 4450 3492 3832 3702
15617 3488 1923 2617 1752
15618 4722 835 4276 834
15619 3493 3191 3486 2590
15620 4168 3285 3962 3529
15621 4570 1728 3461 2609
15622 3411 276 1987 1865
15623 3688 1305 3068 227
15624 4772 3765 4597 3703
15625 3411 1768 1865 1514
15626 4509 2721 3798 3459
15627 3411 1782 1939 1514
15628 4465 2546 3051 1969
15629 4524 3596 4255 2260
15630 4310 2919 3885 2343
15631 3683 2872 3179 2045
15632 4571 2416 4410 2705
15633 4451 3245 3246 1759
15634 4123 2586 3690 2710
15635 3566 1506 2832 1887
15636 4277 1360 2636 2271
15637 4421 1366 2469 1329
15638 4463 1898 2761 2091
15639 4397 1228 715 978
15640 4748 2938 4456 2145
15641 4046 3632 3743 1964
15642 4451 2162 3727 1852
15643 4158 1663 2794 2084
15644 3317 1571 2615 1835
15645 4717 3323 4598 4097
15646 3226 2093 3137 1818
15647 3909 1003 1399 762
15648 3290 1691 3072 2773
15649 4129 1804 3504 2349
15650 4728 3787 4495 4309
15651 3208 1217 2077 593
15652 3208 2077 3139 1969
15653 4381 3011 3258 2989
15654 4381 613 2727 1304
15655 4381 78 2048 1301
15656 3208 165 1943 1217
15657 3208 593 165 1217
15658 4721 880 877 930
15659 4695 2958 4143 2266
15660 4270 1459 25 1229
15661 4270 1229 4170 1459
15662 4582 2526 3298 1685
15663 4347 2670 3469 3358
15664 3210 2019 2299 1567
15665 3210 1567 2299 1982
15666 4454 1926 3726 2423
15667 4454 2423 3726 2678
15668 4454 1926 4022 3726
15669 4124 615 2899 847
15670 4456 2938 3795 3170
15671 3303 2090 2828 2089
15672 3426 2507 3135 2242
15673 3959 939 3833 796
15674 3691 1660 2836 1950
15675 3810 1810 3753 3379
15676 4045 2912 2979 1637
15677 4032 3126 3585 2052
15678 3805 2787 3036 2785
15679 3426 2313 3069 1568
15680 3410 2881 3122 2471
15681 3470 1577 2637 1497
15682 3817 1677 1933 1886
15683 4243 811 2234 381
15684 4714 2305 4049 3228
15685 3817 1718 2649 2102
15686 3817 2102 2649 1886
15687 4229 3271 3611 2912
15688 3876 2751 3254 2513
15689 3214 1682 2034 1598
15690 3214 1682 2428 2034
15691 4685 865 2344 507
15692 4116 58 844 446
15693 4116 1907 3973 1828
15694 4684 323 4551 367
15695 4116 446 2455 1828
15696 4685 865 2957 2344
15697 3214 1857 2034 1832
15698 3214 2034 2428 1832
15699 3215 2898 2944 2450
15700 3791 2183 3056 1719
15701 4655 1596 3072 1730
15702 4355 1141 505 1140
15703 3955 1454 257 849
15704 3216 1137 2328 155
15705 3216 155 2309 1137
15706 3216 1983 3185 3141
15707 3216 3141 3185 1766
15708 3216 999 2659 462
15709 3216 155 999 462
15710 3875 1598 2695 1662
15711 3875 2002 2180 1662
15712 3534 1591 2357 1602
15713 4747 1585 3959 819
15714 4759 3624 4574 2656
15715 3829 2558 3584 3143
15716 4525 3722 4141 4025
15717 3577 2567 2913 2286
15718 4758 2260 4096 3596
15719 3534 2366 3157 2841
15720 4528 1973 3580 3199
15721 3534 2881 3209 2457
15722 3624 2656 3589 3573
15723 4432 2004 3207 2737
15724 4244 2503 3533 3403
15725 4459 3234 4161 1858
15726 4715 1919 4470 2518
15727 4250 2562 3690 1722
15728 3915 136 3050 1242
15729 4760 2095 3449 143
15730 4250 2342 3172 1845
15731 3817 1677 2649 1718
15732 4651 3877 4326 3698
15733 3264 2198 2816 2474
15734 4131 2800 3355 2789
15735 4002 2427 3613 1601
15736 4423 549 3093 1517
15737 3699 2494 3424 2997
15738 3885 2343 3803 3733
15739 3480 2821 3418 1967
15740 3480 1967 3405 3269
15741 4073 1687 3063 2343
15742 4073 2335 3733 3063
15743 4677 3557 4088 3486
15744 4164 381 2234 93
15745 3949 1886 2057 1689
15746 3949 1689 2057 1843
15747 3834 1860 3171 3142
15748 3774 2685 3699 3582
15749 3761 2355 3709 3128
15750 3834 861 918 191
15751 4313 1624 3161 1772
15752 4812 1685 3552 3298
15753 4578 3274 4473 2834
15754 3224 1770 2131 1824
15755 3224 1824 1976 1770
15756 4752 1683 4481 2472
15757 4752 2097 3901 2472
15758 3224 2947 3076 1976
15759 3224 1674 2947 1976
15760 3224 1824 2418 1976
15761 4805 1879 4653 4374
15762 4757 3760 4516 2970
15763 3451 2638 3268 1594
15764 4188 2689 3651 3357
15765 4801 3100 3749 3649
15766 4600 1437 3249 649
15767 4721 1178 2623 880
15768 4769 2603 4583 2305
15769 4721 2623 4273 877
15770 3450 2606 3357 2627
15771 3909 1399 1720 762
15772 3226 2942 3078 1573
15773 3226 1573 3078 2119
15774 3226 1516 3078 2645
15775 3226 2119 3078 1516
15776 3226 2645 3078 2942
15777 4191 2092 2747 2281
15778 3466 61 3071 1074
15779 4057 1800 2940 1910
15780 4057 2051 2082 1800
15781 4668 3161 4313 1767
15782 4371 1793 2883 2263
15783 4371 96 2263 3825
15784 4680 2441 4093 3441
15785 4680 3340 3670 2383
15786 4787 1195 282 1121
15787 3471 2012 2842 2721
15788 4601 3054 3298 2691
15789 3815 2160 3195 2026
15790 3815 3108 3195 2160
15791 3230 2816 2956 2355
15792 3230 2956 3120 2355
15793 3230 1722 2956 2816
15794 3230 1722 3120 2956
15795 4461 2509 3610 2795
15796 4494 1092 3383 415
15797 4318 1579 2736 2042
15798 4460 3377 3633 2775
15799 4300 3348 3791 1719
15800 4751 3263 4467 2131
15801 4751 3926 4178 1770
15802 4434 2452 3148 2252
15803 4434 2252 3148 1860
15804 3378 1636 3267 2162
15805 4452 1852 4433 3459
15806 3378 2255 2459 2162
15807 4001 1520 2941 2349
15808 4638 304 3902 1152
15809 4655 717 1960 914
15810 4075 1951 2084 1769
15811 4725 3061 3278 1579
15812 3706 2123 2924 1709
15813 3863 2078 2610 1697
15814 3234 1718 1986 1858
15815 3234 1718 2107 1986
15816 3234 1986 2107 1858
15817 3234 1718 2171 2107
15818 3540 2113 2958 2860
15819 3234 1522 2171 1718
15820 3540 2859 3005 2113
15821 3540 2172 3005 2859
15822 3234 1522 3130 2740
15823 3234 2458 3130 1522
15824 3234 2458 3146 3130
15825 3234 3130 3146 2740
15826 3290 2773 3072 727
15827 3498 2939 3196 2206
15828 3469 2956 3120 1722
15829 4142 2244 4140 2096
15830 3401 514 1038 246
15831 4465 3051 3134 1636
15832 4520 572 3330 282
15833 4208 2451 4083 3062
15834 4206 1476 430 907
15835 4032 1531 3126 2052
15836 4596 3265 3699 3166
15837 4228 2601 2738 2548
15838 3892 2111 2678 1926
15839 4393 3052 3617 2705
15840 4393 3052 3722 2656
15841 3907 2371 3419 49
15842 4812 2849 3338 3331
15843 3275 1857 2603 2139
15844 3588 1073 1688 382
15845 4204 3507 3535 3371
15846 3275 1857 3214 2603
15847 3944 3404 3829 2345
15848 4190 2766 2896 2053
15849 3520 99 3001 509
15850 4261 2035 2794 2379
15851 4038 1807 2283 1641
15852 3635 1784 3527 2707
15853 3388 1997 3236 2449
15854 4248 2836 3792 3691
15855 4118 1924 3279 2317
15856 4001 3558 3678 3304
15857 4793 3824 4718 2796
15858 4362 1627 2277 1067
15859 4362 66 1979 503
15860 3479 305 3076 706
15861 3479 1321 2682 305
15862 4675 3176 3316 2040
15863 4062 3388 3743 2757
15864 4060 1556 3201 2467
15865 4060 700 3893 135
15866 4062 2449 3743 3388
15867 3241 1095 3208 2347
15868 3241 165 3208 1095
15869 4612 208 4262 1803
15870 3472 1610 2418 1976
15871 3752 10 2700 384
15872 4204 1964 3759 3633
15873 4204 3535 3759 3318
15874 4585 3407 3677 2874
15875 3435 547 3095 2856
15876 4550 1574 3143 2648
15877 3435 547 2856 73
15878 3539 2740 3234 1515
15879 4462 2315 2323 823
15880 4721 877 4273 407
15881 4084 3200 3641 3535
15882 4210 2560 3255 1726
15883 3482 2020 2847 1907
15884 4418 2709 3283 2312
15885 4463 2199 3381 2457
15886 4687 3288 4182 4167
15887 3677 2374 3607 1553
15888 3992 2867 3124 1564
15889 4079 1222 2445 50
15890 4079 2080 2498 1781
15891 3871 2575 3535 3371
15892 4464 3100 3536 1738
15893 4465 3370 4180 1809
15894 3330 149 572 1089
15895 3330 2376 2810 2383
15896 4094 2133 2859 1952
15897 3391 1765 2820 2289
15898 3247 2972 3055 1915
15899 4513 2956 4207 3469
15900 3248 2130 2518 2288
15901 3248 253 1346 831
15902 3248 1346 2518 831
15903 3248 253 831 522
15904 3248 522 2243 2129
15905 4403 2591 2693 1763
15906 4392 2745 3586 1564
15907 3248 253 522 430
15908 4493 1632 4257 1816
15909 4122 2119 2161 1801
15910 3248 2288 2518 1346
15911 3248 253 2288 1346
15912 3248 1822 2243 831
15913 3248 831 2243 522
15914 3821 2729 3600 2136
15915 4355 1305 3688 1141
15916 3821 36 1396 1294
15917 3249 95 2026 235
15918 3249 235 649 95
15919 3249 235 2026 649
15920 3411 1514 2353 1987
15921 4493 2509 3382 1816
15922 4393 3501 4299 2414
15923 3327 941 1202 295
15924 4802 2587 4497 2521
15925 4385 2523 3201 2924
15926 4385 2924 3612 2470
15927 3571 358 3303 90
15928 3327 2282 3023 941
15929 4256 2799 3744 2319
15930 3953 2355 3761 2928
15931 164 472 1465 707
15932 3251 707 1465 472
15933 3251 472 802 707
15934 3251 472 2610 802
15935 4532 3019 4151 1629
15936 4680 3441 4093 2790
15937 3983 3345 3801 2821
15938 3983 3541 3944 3404
15939 4811 3067 4786 3227
15940 4466 3029 3621 2595
15941 4427 3091 4166 3345
15942 4811 3227 4786 1144
15943 4358 960 104 1118
15944 4779 2851 4249 1529
15945 3802 2783 3784 3608
15946 4076 3650 3933 3105
15947 4154 1589 2579 452
15948 3988 2370 2779 1583
15949 4382 1721 4127 2435
15950 4658 3987 4546 3954
15951 3988 1719 2049 1995
15952 3874 1631 3403 3370
15953 3712 2650 3471 2012
15954 3253 1927 2882 2826
15955 3258 1508 3141 3066
15956 3955 257 1855 1833
15957 4556 3212 4145 2151
15958 3875 1662 2695 2002
15959 4224 2710 4021 1789
15960 3479 2682 3224 3076
15961 3712 1516 3416 3308
15962 3712 3308 3416 2503
15963 3712 2503 3416 3368
15964 4641 3525 3669 2900
15965 3762 1831 2241 1896
15966 4792 2015 2851 1889
15967 3256 318 57 512
15968 4647 2212 3938 3102
15969 3840 1623 3289 3273
15970 4467 954 2682 1263
15971 4706 1598 2695 1881
15972 4115 500 2085 67
15973 4188 3357 3450 2606
15974 4188 2606 3997 2907
15975 4188 2689 2907 2097
15976 4685 2947 3356 101
15977 4552 1919 3443 2737
15978 4115 1751 2085 500
15979 3266 1989 3116 2818
15980 3266 2881 3099 1989
15981 4396 1888 2717 1958
15982 3905 784 108 1443
15983 3905 1752 3888 2975
15984 4549 577 1086 929
15985 4549 1428 1086 577
15986 3905 2748 2975 2153
15987 3905 2975 3888 2153
15988 4145 3409 4082 2151
15989 3905 1752 2484 2153
15990 4661 2816 3604 2198
15991 4412 3081 3268 1580
15992 3905 2693 2975 2748
15993 3568 3250 3323 3199
15994 3745 1029 3739 618
15995 4563 1274 2226 563
15996 3737 1849 3396 2294
15997 3802 3360 3781 2873
15998 3983 3480 3884 2651
15999 3976 1631 3647 3439
16000 3976 3439 3754 1631
16001 4512 1915 3463 3390
16002 3931 1704 1817 1234
16003 3931 1214 1817 1704
16004 3931 1488 622 1474
16005 3624 2938 3350 1898
16006 3624 2938 3240 2454
16007 3624 2656 3573 3350
16008 3656 1758 2332 85
16009 3656 291 1105 540
16010 3754 3533 3732 1631
16011 4521 1864 2417 1890
16012 4468 2159 3195 2996
16013 4468 2037 3195 3161
16014 4468 2553 3049 2527
16015 4110 1929 2784 2580
16016 3999 3952 3971 1607
16017 3263 320 671 1290
16018 3263 320 2682 671
16019 4127 616 2435 1186
16020 4110 2140 2571 1538
16021 4780 1562 4640 4144
16022 3677 2874 3407 2510
16023 4468 3344 4307 2996
16024 4468 3161 3858 2037
16025 4468 2276 3889 3049
16026 4468 2996 4307 2159
16027 3496 1362 2340 1173
16028 3496 773 1923 299
16029 3496 1173 773 299
16030 3554 3373 3462 2444
16031 3898 1667 2810 2267
16032 4300 2236 3348 2196
16033 4222 2174 3660 2373
16034 4092 2304 3773 2197
16035 3359 1859 2885 1944
16036 3719 3250 3292 3162
16037 4800 4697 4745 1905
16038 4763 2754 4603 3293
16039 4413 2254 2512 2474
16040 4507 3682 3707 1518
16041 3268 1580 3081 2532
16042 4102 706 2947 991
16043 3269 2638 3075 2537
16044 4686 1803 2481 1607
16045 3269 2258 2532 1967
16046 3269 2258 3065 2537
16047 4278 2639 4220 2574
16048 3756 401 1026 111
16049 3481 1557 2025 1138
16050 3481 2314 2916 1984
16051 4550 3655 4019 1574
16052 4049 3042 3700 2127
16053 3269 2532 3268 2638
16054 3269 2638 3268 2258
16055 3269 2258 3268 2532
16056 3269 1967 2714 2258
16057 3269 2714 3065 2258
16058 4632 2614 4090 3465
16059 4470 2835 3461 2542
16060 3870 1545 3049 2619
16061 4011 1654 3375 2227
16062 4244 1809 3370 3245
16063 4244 3246 3368 2503
16064 4451 1759 3329 3245
16065 3612 1709 2992 2964
16066 3612 1504 3326 2242
16067 3612 1709 3490 2924
16068 3612 1709 3598 2313
16069 4082 2746 2818 2632
16070 3548 1973 3422 3046
16071 4368 1525 2930 2385
16072 4797 3421 3682 2771
16073 3516 2638 3451 1594
16074 3290 1691 2773 2185
16075 3290 1298 2773 727
16076 4571 3182 3674 1906
16077 4471 454 3718 2733
16078 3516 3013 3090 2374
16079 4169 3333 3346 2559
16080 4797 3421 4730 3316
16081 4465 1969 3924 2546
16082 3290 2185 2773 1877
16083 3313 2192 2812 1744
16084 3401 2857 2860 2133
16085 3929 2359 3597 2486
16086 4694 2199 2660 2457
16087 3401 246 2857 2297
16088 4095 2520 3791 2124
16089 3401 514 2133 1038
16090 3464 3329 3378 2255
16091 4419 2449 4317 3131
16092 4472 1371 2341 173
16093 4776 2748 3247 2972
16094 4100 2284 3175 1810
16095 3876 632 2889 54
16096 3724 3200 3235 2001
16097 4579 3450 4485 3514
16098 4664 2558 3042 3013
16099 4209 2558 3584 3087
16100 4213 1608 3861 3380
16101 4263 2092 4191 3319
16102 3276 597 309 990
16103 3276 309 2949 990
16104 3276 990 2949 1844
16105 4342 137 3686 2208
16106 4380 3208 4078 3139
16107 3669 1798 2973 2725
16108 3510 2329 2770 1845
16109 4474 2243 3739 1822
16110 4119 131 3881 2384
16111 3279 2317 2654 1781
16112 4472 2949 3276 309
16113 3513 2092 2837 2747
16114 4718 2552 4134 723
16115 3676 1540 1931 1731
16116 4377 202 2773 2269
16117 4667 2203 3595 2607
16118 3746 2772 3495 2357
16119 3873 3199 3568 3323
16120 3739 1347 2243 1337
16121 3972 1150 1882 310
16122 3676 1544 3423 669
16123 3676 1540 3263 3221
16124 3746 1588 3164 2772
16125 3746 3264 3495 3164
16126 4321 2664 4288 1934
16127 4509 1842 3841 2721
16128 3782 2498 3683 2045
16129 4174 2168 3229 1780
16130 4331 1745 2877 1734
16131 3692 2687 2797 2295
16132 3692 3086 3650 3614
16133 3833 449 2427 795
16134 3692 2797 3349 2295
16135 4549 1428 3481 3244
16136 4170 1616 4090 1535
16137 3692 3301 3614 3372
16138 3283 2709 2920 1755
16139 3597 1868 2334 2323
16140 4509 2885 3295 1547
16141 4345 2499 4015 2261
16142 4424 1934 3095 2664
16143 3597 1868 3398 2334
16144 3885 710 1423 945
16145 3929 2394 3398 3369
16146 4476 913 205 388
16147 4476 205 2062 828
16148 3401 2113 3000 2212
16149 4097 2489 3323 3200
16150 4419 2569 3131 2110
16151 4419 3445 3625 2436
16152 4419 2110 4317 2644
16153 3597 2323 3287 2643
16154 3791 1719 2833 2183
16155 3597 2486 3287 2469
16156 4503 2337 4296 1409
16157 4503 1922 2337 1447
16158 3303 2090 3152 2016
16159 3303 805 3152 90
16160 3303 90 358 787
16161 4296 2337 3069 1836
16162 3285 1845 2770 2329
16163 4422 2484 3092 755
16164 4273 2443 2940 2706
16165 4399 2030 2711 1666
16166 4399 3028 4186 920
16167 4213 3306 3628 1864
16168 3812 1903 3807 2813
16169 4376 1773 3678 3558
16170 3755 1113 3412 1123
16171 3542 2294 3071 1928
16172 3516 1847 3013 2374
16173 4518 1678 3050 2981
16174 3977 2511 3906 3261
16175 4110 2580 2784 1538
16176 4727 2221 3423 2327
16177 4664 2127 3042 2929
16178 3481 1519 2916 2314
16179 3680 3406 3543 1015
16180 3629 3154 3524 3367
16181 4005 1954 2541 1991
16182 3862 2156 2976 2594
16183 3958 2018 3823 3366
16184 4652 4009 4506 3305
16185 4013 2864 3391 2673
16186 4786 3444 4679 3337
16187 3313 1744 2201 2192
16188 4129 1675 2798 2069
16189 4129 2395 2798 2756
16190 4129 1804 3942 2756
16191 4397 579 3026 70
16192 3570 2740 3146 3130
16193 4129 2395 3942 2069
16194 4305 2680 4178 2327
16195 4129 2756 3942 2395
16196 4716 3172 3574 1845
16197 3483 2184 3286 1940
16198 3570 1754 3130 3124
16199 4748 3795 4456 2938
16200 3563 1970 3113 2740
16201 3483 2184 2619 1749
16202 3977 3261 3329 2511
16203 3348 2236 2351 1534
16204 3870 2397 2619 2276
16205 3332 1805 2742 1661
16206 3553 509 2386 2062
16207 3980 1230 3819 2196
16208 3687 2406 3160 3103
16209 3687 3160 3455 2274
16210 3687 2274 3455 2504
16211 3921 2028 3653 2792
16212 4323 1030 2890 528
16213 4622 2990 3827 1143
16214 4549 1557 3481 1138
16215 4365 3199 3292 3250
16216 3687 2202 3103 2504
16217 4350 2868 3697 1440
16218 3369 1604 3174 2643
16219 3935 2201 3297 1880
16220 3460 3041 3289 2001
16221 3460 3273 3289 2895
16222 3460 3235 3312 3289
16223 4798 2216 2704 2167
16224 3810 2812 3434 2192
16225 3426 3069 3135 1568
16226 3569 2147 3483 2966
16227 3394 2083 2653 1500
16228 4023 2685 3665 3265
16229 4561 3892 4184 2678
16230 4561 3892 4036 2041
16231 3569 2966 3483 3286
16232 4257 2570 3314 2994
16233 3846 2533 3326 2470
16234 4641 1562 4379 3669
16235 4023 3265 3699 2685
16236 4746 3862 4724 1874
16237 3426 2088 3135 3069
16238 3727 2544 3294 1575
16239 4585 1847 4109 3620
16240 3728 2022 3673 2114
16241 3728 2114 2495 2022
16242 4662 2823 4008 3968
16243 3332 2571 2791 2140
16244 3788 1924 3339 2827
16245 4014 1711 2679 1870
16246 3931 351 2653 1817
16247 3299 2364 2859 1785
16248 3299 1785 2859 2172
16249 3898 2726 3412 1667
16250 4489 960 4358 2820
16251 3300 2159 3195 2553
16252 3300 2553 3195 1726
16253 4674 2128 4072 2760
16254 4758 3733 4524 3777
16255 3744 1604 2831 2490
16256 4724 3706 4296 2313
16257 4544 1572 4044 1558
16258 4631 2686 3783 2615
16259 3300 2318 3195 2159
16260 3300 2026 2160 1524
16261 3300 2160 2318 1524
16262 4241 1925 3213 1926
16263 3454 2928 3202 2911
16264 4286 92 3940 232
16265 3755 3406 3543 3412
16266 3300 2026 3195 2160
16267 3300 2160 3195 2318
16268 4729 2942 4312 1869
16269 4407 3552 3672 1685
16270 3651 2648 2689 2345
16271 4310 2850 3928 2214
16272 4272 3197 3764 2767
16273 4170 1876 2684 1535
16274 3704 2316 2569 2076
16275 4480 3289 3312 2585
16276 3704 2076 3575 3159
16277 4030 580 1893 321
16278 4030 2985 3271 1979
16279 4363 2321 4074 2742
16280 4373 1845 4360 3285
16281 4508 2421 3044 1934
16282 3721 3399 3646 3468
16283 4464 1858 3649 3526
16284 3628 3167 3467 3189
16285 4604 3085 3990 1599
16286 3704 3159 3544 2076
16287 3704 2316 3355 2569
16288 4587 3365 4162 2287
16289 4751 857 694 105
16290 3559 1856 3331 2849
16291 3612 3326 3490 2242
16292 4386 882 2995 350
16293 3612 2242 3598 2964
16294 3305 2179 3035 2816
16295 4384 2118 4210 3996
16296 4465 2546 4180 3051
16297 4010 2911 3696 3270
16298 4010 2224 3500 3354
16299 4451 1759 3368 2813
16300 3426 2785 2866 1941
16301 3426 2088 3069 2313
16302 4595 671 4297 1460
16303 3912 2560 3037 2217
16304 4689 915 438 878
16305 4108 2019 2273 1567
16306 3810 3379 3753 2900
16307 4742 2465 3605 1851
16308 3426 2242 3135 2088
16309 3305 2816 2818 2179
16310 3305 2179 2818 2746
16311 3305 2151 2816 2474
16312 3305 2474 2746 2151
16313 3305 2746 2818 2151
16314 3305 2151 2818 2816
16315 3308 2302 2650 2119
16316 3308 2119 2650 1516
16317 4475 3434 4097 3284
16318 3817 1913 1933 1511
16319 3839 1839 3256 2358
16320 4479 2361 3310 2317
16321 4445 2228 4005 1991
16322 4445 2228 2240 1788
16323 3884 2821 3801 3736
16324 4196 3124 3586 2982
16325 3625 2321 2742 2076
16326 3711 2712 3253 2352
16327 3334 1948 2914 2283
16328 4101 2258 3268 2638
16329 3310 940 2215 1206
16330 3310 940 621 184
16331 4480 2751 2992 2778
16332 3310 2080 2361 856
16333 3310 621 856 184
16334 3310 621 2080 856
16335 4480 2156 2964 2594
16336 4480 2964 3312 1504
16337 4480 2778 2992 2808
16338 4480 2808 4292 1953
16339 4480 2778 2808 2751
16340 3310 856 2289 184
16341 3310 856 2361 2289
16342 3637 283 2245 1694
16343 3637 1694 2245 1510
16344 3637 392 2245 1122
16345 3637 1510 1977 1694
16346 4576 3053 4217 1509
16347 3946 3226 3908 1818
16348 4571 3182 3361 2861
16349 4481 2472 3510 2097
16350 4676 182 493 1029
16351 4409 3110 3384 2303
16352 3725 3054 3387 3299
16353 4699 3349 4169 3416
16354 4753 2994 4719 3757
16355 4753 4493 4719 2994
16356 4753 2587 3757 2143
16357 4753 1528 4619 3757
16358 4481 1985 4295 3316
16359 3432 1608 1925 1760
16360 4170 1535 2684 1616
16361 4407 3599 3672 2691
16362 3432 1608 2417 1925
16363 3432 1925 2417 604
16364 3432 1010 1925 604
16365 3408 2122 3188 201
16366 3432 1365 1010 170
16367 3971 1681 3155 2481
16368 4422 181 1215 1357
16369 4422 755 3496 2484
16370 4422 299 755 1405
16371 4422 1405 3496 299
16372 4422 181 1357 750
16373 3937 3313 3906 1744
16374 4666 3442 4021 1903
16375 3937 3371 3906 3535
16376 4103 2115 3130 2576
16377 4316 1708 4054 2119
16378 4315 1309 1900 1815
16379 4286 2231 3940 2051
16380 4286 1535 2051 1670
16381 4483 2242 4365 3250
16382 4072 2418 4051 1674
16383 4539 1518 4507 3029
16384 4197 3407 3431 1728
16385 4525 2220 4161 3478
16386 4483 2242 3598 3135
16387 4483 3250 4365 3292
16388 4483 3292 4365 3199
16389 3907 495 3419 2879
16390 4447 3112 3307 2169
16391 3461 1822 3320 1728
16392 4403 1752 2975 2829
16393 4246 1659 3466 1040
16394 3319 1815 2079 1588
16395 3319 1815 2281 1586
16396 3319 1586 2079 1815
16397 4512 1915 3247 3055
16398 4475 3219 4097 2489
16399 4475 1880 3434 3284
16400 3949 1162 2809 1843
16401 3962 1975 3773 3529
16402 3474 2259 3008 1559
16403 3949 1689 2878 1886
16404 4475 3059 4150 2683
16405 4475 2683 3219 3059
16406 4698 3231 3487 2789
16407 3321 1869 2138 1033
16408 3321 1062 1869 1033
16409 4233 3446 3810 3154
16410 4123 2959 2978 1946
16411 4123 2562 3690 3211
16412 3863 631 296 676
16413 4133 2268 3032 1566
16414 4133 2727 2989 1983
16415 4529 3200 3535 3318
16416 4483 3598 4482 3135
16417 4604 3016 3913 2373
16418 3600 1294 2136 261
16419 4486 1644 3593 3014
16420 4293 3952 3999 1607
16421 3856 1407 46 663
16422 4371 1793 2877 96
16423 3518 2357 2597 1968
16424 4084 3313 3641 3284
16425 3450 2861 3357 1872
16426 4287 2418 3472 1610
16427 3747 3407 3677 2590
16428 3812 2813 3807 1759
16429 3890 2457 3099 2207
16430 3890 1989 3796 3409
16431 4557 4045 4420 1920
16432 4607 1042 3767 1951
16433 3679 2638 3075 2542
16434 3644 2172 2859 1785
16435 4467 3076 3224 2682
16436 4486 1600 3014 2046
16437 4774 3701 4606 3748
16438 4660 1224 1443 516
16439 3327 1202 2983 2668
16440 3327 2668 2983 2078
16441 3327 2078 2983 1202
16442 3928 2214 3400 1550
16443 3327 1193 2078 1202
16444 3327 1202 676 1193
16445 4133 3419 4127 2727
16446 4133 2727 4127 2989
16447 3864 2875 3820 2827
16448 3930 2152 3901 2689
16449 3928 2343 3885 3733
16450 4311 1009 2879 243
16451 3482 1730 3072 1596
16452 3482 3072 3290 2185
16453 3482 1596 2185 2020
16454 4550 3143 3404 2648
16455 4550 2648 4440 1574
16456 4550 1574 3404 3143
16457 3328 929 1086 928
16458 3328 1084 485 928
16459 3328 485 1620 928
16460 4741 2118 3569 2447
16461 4741 2232 4384 1592
16462 3813 162 1956 1339
16463 4657 1583 3988 2779
16464 3905 1443 2693 784
16465 4518 2390 2976 1795
16466 3460 3273 3318 3235
16467 4329 2785 3551 2017
16468 4462 1632 3109 1825
16469 3708 2658 3550 3537
16470 4804 3402 4117 2871
16471 3805 2715 2787 2785
16472 4116 1907 2847 2550
16473 3767 997 2084 1951
16474 3767 1042 402 997
16475 3553 2484 3520 3496
16476 3553 2062 2340 1330
16477 4755 1849 3542 3396
16478 4755 3728 4505 2960
16479 4706 2431 4194 1598
16480 4706 1881 3148 2729
16481 4792 3988 4278 2049
16482 3332 2140 2791 1799
16483 3332 1661 2140 1799
16484 4064 3140 3400 2830
16485 3332 1435 1799 444
16486 3332 1799 2791 845
16487 3332 845 2791 444
16488 3332 444 1799 845
16489 4792 3988 4710 4278
16490 4792 1889 3149 2015
16491 4792 1889 4710 3149
16492 4088 3486 3557 3179
16493 4458 2973 4379 3340
16494 3636 2855 3170 2454
16495 3575 1651 3233 1805
16496 3625 2571 2742 1538
16497 3796 2091 3409 1989
16498 3341 2648 2819 2141
16499 3669 1798 2725 2536
16500 4623 434 3830 1061
16501 4460 2556 4160 3231
16502 4162 511 1391 1372
16503 3479 3224 3263 3221
16504 4488 2540 3581 2831
16505 3479 2682 3263 3224
16506 4515 2301 3453 2703
16507 4671 2080 2830 1786
16508 4488 2831 3581 2823
16509 3622 1394 51 1454
16510 3622 51 3081 2256
16511 3970 1212 2209 1400
16512 3868 1626 1821 1659
16513 3951 376 377 195
16514 3553 509 3520 2386
16515 4751 1976 3926 1770
16516 4751 906 3263 2131
16517 4506 3698 4334 4009
16518 3674 3357 3651 2861
16519 4737 2321 2753 2203
16520 4617 3532 3813 983
16521 3674 2770 3510 2329
16522 3674 1906 2770 2329
16523 4189 2480 3214 2369
16524 3944 1847 3590 3079
16525 3652 1658 2149 2139
16526 3652 2139 2603 1857
16527 4144 1562 2541 2383
16528 3670 1948 3666 3334
16529 4162 1031 1916 1056
16530 4196 2982 3133 1762
16531 3628 3167 3515 1710
16532 3628 1710 3515 2019
16533 4255 1684 3928 2260
16534 3341 2345 3143 2648
16535 4144 1562 3024 1954
16536 3341 2819 2958 2141
16537 3845 2568 2782 1911
16538 3700 1594 3091 3013
16539 3600 1598 2002 1682
16540 3387 2823 3299 2172
16541 4803 3396 3542 2495
16542 4169 3333 3533 3349
16543 3583 1525 3077 1703
16544 3583 1703 3077 2275
16545 3342 2496 2869 2108
16546 3583 2275 2487 1703
16547 3583 1640 2385 1703
16548 4183 2210 3141 2174
16549 4700 2245 4172 1510
16550 4020 2038 2626 1675
16551 3583 1703 2385 1525
16552 3583 2275 3077 1525
16553 4665 3921 4651 3869
16554 3700 1594 3451 2939
16555 4050 1851 3842 2549
16556 3890 2632 3409 2151
16557 3890 2151 3116 2818
16558 3890 1989 3116 3099
16559 3800 2121 2920 2827
16560 3890 3409 3796 3212
16561 4294 3810 4233 2192
16562 4718 3824 4134 2552
16563 3344 1624 2806 2037
16564 3344 1794 2806 1624
16565 3344 2037 2806 2219
16566 3344 2219 2806 1794
16567 4469 3170 4059 2663
16568 4308 771 677 1480
16569 3344 2219 2996 2037
16570 4469 2809 4417 4165
16571 3859 2586 3690 3211
16572 3859 3475 3690 2028
16573 3859 2028 3690 2586
16574 3859 2586 3653 2028
16575 3683 2498 2872 2045
16576 4089 442 726 1402
16577 4497 3418 3549 2189
16578 3440 2577 3070 1621
16579 4580 2424 3648 2089
16580 3716 2093 3137 2728
16581 4440 2648 3260 1574
16582 4551 367 3443 125
16583 4440 2526 2689 2152
16584 3440 2157 3070 2572
16585 4627 2245 3836 392
16586 3373 2563 3155 1310
16587 3373 2391 3155 2563
16588 3373 564 1681 1313
16589 4607 1951 3756 111
16590 3440 2572 3080 2157
16591 4627 392 3836 887
16592 4663 3468 4473 3631
16593 4291 1643 4165 4080
16594 4291 1643 4080 1850
16595 4333 268 800 359
16596 3792 2836 3757 3691
16597 4249 2851 4166 2532
16598 4291 4080 4165 2296
16599 4291 2690 3170 2923
16600 3792 1947 2173 1899
16601 4340 1921 2847 2075
16602 4256 2055 3744 3552
16603 3804 2147 2966 2090
16604 4594 1959 3912 3640
16605 4357 2250 2660 2539
16606 3711 2494 3020 2174
16607 4048 2714 2833 1639
16608 4361 2607 3589 3240
16609 4361 1898 3589 2607
16610 3711 2494 3576 3438
16611 3775 3335 3485 1796
16612 3379 3123 3175 1810
16613 4685 2947 4102 1674
16614 3364 1249 1861 354
16615 4489 718 4064 3910
16616 4489 855 2820 1765
16617 4489 718 104 496
16618 4489 960 855 496
16619 4489 960 2820 855
16620 3363 1532 2793 2557
16621 3732 3308 3533 3349
16622 3812 2544 3329 3294
16623 4514 1179 3922 2009
16624 3714 2012 3546 1791
16625 4701 1123 3412 525
16626 4172 569 1694 283
16627 4172 2677 4093 3441
16628 4172 1694 2245 283
16629 3453 2100 2731 1819
16630 3631 3238 3293 2867
16631 4579 3514 3644 2601
16632 4410 2662 3811 2705
16633 4779 4249 4636 1529
16634 4517 2605 4124 1672
16635 3453 1980 2731 2100
16636 4500 1089 3414 330
16637 4277 1665 1826 1676
16638 3942 1281 3506 1627
16639 4277 2271 3990 1992
16640 3940 1001 809 92
16641 3940 809 232 92
16642 3860 2602 3174 2718
16643 3641 3313 3574 3284
16644 3641 3284 3574 3302
16645 3501 1747 3193 3034
16646 4327 849 3955 1833
16647 4579 2601 3540 2627
16648 3632 2179 2746 2293
16649 3566 280 1887 1117
16650 4110 1929 2580 2194
16651 3558 2854 3304 3127
16652 3631 2475 3293 2884
16653 3631 2846 3587 2475
16654 3929 2486 3597 3398
16655 4131 2867 3992 2100
16656 3411 932 1595 933
16657 3411 932 1865 1768
16658 4056 1243 802 1296
16659 3812 1759 3413 3329
16660 3812 1903 2813 2707
16661 3565 3486 3493 3191
16662 3850 634 1248 35
16663 3580 3422 3467 2575
16664 4622 2919 3837 3827
16665 3812 2511 3413 3094
16666 4588 2056 2142 1723
16667 4490 1849 2952 2657
16668 4359 2906 3742 3497
16669 4734 3979 4352 2410
16670 3960 2470 3846 3326
16671 4231 2506 3889 3799
16672 4396 1888 3508 2717
16673 3821 1396 2136 1294
16674 3821 340 1396 759
16675 3782 3650 3692 2687
16676 3782 2498 3105 2312
16677 3551 1802 2832 2467
16678 3551 2322 2832 1506
16679 4469 1843 4059 2525
16680 3821 759 2729 340
16681 3928 3733 3885 1823
16682 4720 4098 4223 2266
16683 3821 2136 3600 633
16684 3821 1881 3600 2729
16685 3724 1504 3312 3235
16686 4144 1954 2541 1562
16687 4178 312 2327 729
16688 4599 1630 3601 2843
16689 3447 2583 3389 2697
16690 4695 2861 3361 3357
16691 4069 2248 3607 2130
16692 4069 2130 2698 2248
16693 4518 3915 3729 1295
16694 4640 1954 2882 1927
16695 4255 1823 3928 3903
16696 4069 2010 2698 2399
16697 4069 2130 3607 2510
16698 4259 1665 1676 1071
16699 4476 2112 2838 2083
16700 4518 1678 4152 3915
16701 3732 3403 3533 3308
16702 3676 1290 1731 210
16703 3676 1544 2131 312
16704 3365 61 2061 254
16705 4163 1926 3296 2233
16706 4491 3333 3807 3519
16707 4491 3333 3367 1631
16708 4491 3094 3807 1759
16709 4489 3140 4064 1765
16710 3600 2002 2034 1682
16711 3365 517 3071 61
16712 3365 61 254 517
16713 4163 1926 3726 3296
16714 4163 2041 4036 3892
16715 4163 2111 3892 1926
16716 3554 2391 2563 1796
16717 4423 1176 3093 549
16718 4423 2063 3547 1646
16719 3520 2032 3092 1743
16720 3536 1806 2934 2631
16721 3907 2879 3419 1648
16722 3585 2052 3126 2282
16723 3648 2007 3571 2424
16724 3846 1873 2523 2081
16725 4511 2004 3075 1669
16726 4512 1013 3000 1915
16727 3460 3235 3289 3273
16728 4747 819 2047 1585
16729 4171 3713 4089 726
16730 3472 1976 2524 1610
16731 3434 2192 3313 2201
16732 4459 3038 3945 3317
16733 3729 925 2191 1937
16734 4512 147 1013 567
16735 4512 1013 3463 3000
16736 4355 380 197 1140
16737 3400 1786 2915 2830
16738 4065 3023 3876 909
16739 3583 1816 2509 1525
16740 4508 2421 3713 2274
16741 3583 1816 2795 2509
16742 3583 1525 2385 1816
16743 3611 3009 3515 1727
16744 4171 2578 4089 2274
16745 3465 2274 3103 2578
16746 3808 1910 2612 872
16747 4803 3396 4755 3542
16748 4579 3514 4485 3387
16749 4210 1961 3474 2411
16750 4210 2447 2560 2118
16751 4181 40 1473 1475
16752 4687 2978 3288 3191
16753 3972 1551 2820 1882
16754 3379 2865 3175 1562
16755 4599 3982 4077 2968
16756 3754 3439 3703 3346
16757 3465 1904 3103 2674
16758 3465 2674 3103 2274
16759 4343 1551 2905 1891
16760 3536 1858 3204 1515
16761 3536 1806 2107 1515
16762 4310 2951 3928 3885
16763 4356 2184 3857 3277
16764 4329 2785 3960 2787
16765 3961 1702 3880 3512
16766 3686 553 1325 137
16767 3432 170 1890 1365
16768 3651 2472 3510 2187
16769 3651 2648 3361 2689
16770 3823 1859 3366 3089
16771 3823 3089 3366 2949
16772 4466 3029 3665 2685
16773 4012 2218 3646 2962
16774 4012 2962 3997 3243
16775 4012 3243 3599 2218
16776 4012 1813 3433 2962
16777 3375 645 2227 233
16778 3375 233 1654 645
16779 3375 233 2227 1654
16780 4774 3671 4606 4338
16781 3676 673 3263 1290
16782 4791 1805 2974 1578
16783 3962 1813 3663 2846
16784 4493 1628 2994 1632
16785 4691 1251 2432 552
16786 4417 220 4165 2809
16787 3998 2184 3508 1940
16788 4050 2549 3096 2067
16789 3744 1604 2319 2279
16790 4602 2879 3745 2155
16791 3667 2832 3566 1802
16792 3465 2807 3337 2674
16793 3465 1904 3337 2614
16794 3414 1089 692 963
16795 4501 2944 3215 2750
16796 4259 2285 2796 1665
16797 4501 2944 3232 3215
16798 4102 2344 2405 2128
16799 4409 2808 3724 1504
16800 3706 1802 3551 2017
16801 4241 1926 2678 2111
16802 4687 4109 4182 3079
16803 3754 3349 3533 3346
16804 4358 310 2820 960
16805 4687 3079 3288 2978
16806 3380 1925 2459 1758
16807 4691 552 1892 999
16808 4596 2572 3070 2442
16809 4164 93 3290 727
16810 3787 2439 3338 3298
16811 4131 2316 3487 2789
16812 4131 2475 2800 2789
16813 3862 2594 2964 2156
16814 4164 810 93 1191
16815 4164 3290 3482 3072
16816 4126 1980 4111 2731
16817 4126 2731 3453 1980
16818 3862 1709 3835 3695
16819 3862 1709 2964 2594
16820 4257 1388 1390 595
16821 3382 1628 3109 2799
16822 3382 2799 3109 1640
16823 3382 1816 1825 1632
16824 3382 1640 3109 1825
16825 3382 1825 3109 1632
16826 3382 1632 3109 1628
16827 4648 2767 4372 3537
16828 4495 1092 2633 541
16829 4494 2633 3383 1092
16830 4495 2565 4309 3119
16831 4495 3119 3787 1978
16832 4495 1978 3787 2126
16833 4495 3119 4309 3787
16834 4790 2925 4702 3711
16835 4790 4225 4702 2925
16836 4496 2776 4264 1613
16837 4785 3420 4406 1679
16838 4408 2538 3563 2946
16839 4620 1766 4147 4054
16840 4755 3396 3737 1849
16841 4803 2495 3728 3396
16842 4803 2022 3728 2495
16843 4755 2487 2952 1640
16844 4755 3396 3728 2960
16845 3970 1737 3539 2719
16846 3957 2490 3599 3581
16847 4663 2884 3748 3663
16848 4485 3514 3725 3387
16849 3908 2645 3732 1516
16850 4408 2946 3970 3217
16851 4408 1512 3970 2433
16852 3422 1973 3261 3074
16853 4498 2031 2310 1837
16854 4498 2031 2510 1606
16855 4453 1753 3210 2122
16856 3889 3156 3799 2506
16857 3914 3045 3098 2527
16858 4408 2433 3970 3113
16859 3938 2212 3499 3102
16860 3744 3552 3672 2691
16861 3744 2319 2799 2279
16862 3734 2137 2894 316
16863 3734 938 2894 818
16864 3734 1630 3601 2137
16865 4240 2553 3300 1726
16866 4239 2271 3395 1599
16867 3794 2373 3660 1508
16868 3794 2667 3144 2314
16869 3794 1508 3144 3066
16870 4228 2414 2860 2266
16871 4228 3526 4223 2601
16872 4228 2601 3540 2738
16873 4802 4497 4754 2521
16874 4430 1943 3471 1708
16875 4430 2650 3471 1603
16876 4430 2611 2650 2302
16877 4430 1603 3246 2650
16878 4310 1687 2919 2343
16879 3402 2683 2937 1611
16880 3391 2624 2673 1530
16881 3391 1530 2673 1551
16882 3391 1530 3140 2624
16883 3391 2624 3140 1765
16884 3391 2820 3140 2905
16885 3391 1765 3140 2820
16886 3391 1551 2905 1530
16887 3391 2905 3140 1530
16888 4281 2647 4259 154
16889 4281 2647 3995 1676
16890 3691 2284 2722 1536
16891 3691 1950 3282 1660
16892 4592 1866 3619 2502
16893 4801 2414 4223 3526
16894 3691 2311 3107 1536
16895 3959 2096 3833 617
16896 4748 3350 3795 2938
16897 3959 293 617 939
16898 3959 3833 3948 796
16899 3727 1575 3329 2544
16900 4749 3526 4228 2548
16901 3727 3295 3459 2380
16902 3727 2233 2380 1852
16903 3727 2233 2459 1575
16904 4452 1998 3241 2347
16905 4157 3096 4050 1851
16906 4157 3492 3630 1761
16907 4157 1851 3157 3096
16908 4356 3693 4339 3087
16909 4157 2471 3630 3492
16910 4356 4209 4339 2451
16911 3689 210 3676 1558
16912 3689 210 1558 957
16913 4157 3492 4050 2701
16914 4157 2098 4050 2465
16915 3689 1558 3676 1931
16916 3689 1544 3676 669
16917 3689 1544 3423 2163
16918 3980 1252 662 1230
16919 4499 3016 3995 1552
16920 4623 1061 3830 1342
16921 4589 1781 2872 2498
16922 3681 1524 3448 3300
16923 4173 3039 3295 1547
16924 3980 2257 3819 662
16925 3980 1278 2566 207
16926 4605 1805 2408 559
16927 3980 1252 2257 662
16928 3791 2183 2833 1957
16929 3930 2097 2907 2689
16930 3930 2097 3259 2907
16931 4417 220 1008 790
16932 3884 3418 3736 1985
16933 4721 879 3918 1182
16934 4684 1444 4551 2613
16935 3612 3426 3598 2242
16936 4580 1250 2142 783
16937 4592 3056 3619 1866
16938 4208 3493 3557 2590
16939 4208 1837 4083 3747
16940 3515 3167 3273 2156
16941 3839 1839 2802 2194
16942 3582 2869 3342 2776
16943 4752 1985 3801 3259
16944 3458 2627 2958 2141
16945 3629 2755 3524 3154
16946 4768 2142 4767 4580
16947 4131 3293 3992 2867
16948 3839 2358 2802 1839
16949 3401 246 2297 514
16950 3401 514 2297 2133
16951 4001 3009 3611 3304
16952 4230 1672 2899 177
16953 4001 3304 3611 3280
16954 4500 330 692 1089
16955 3762 1684 3546 1831
16956 4789 2245 4700 3543
16957 3720 1559 1897 627
16958 4517 2899 4124 3376
16959 3802 3527 3784 2873
16960 4038 1641 2735 1790
16961 4551 2480 4115 2305
16962 4551 367 2288 526
16963 3902 1692 1846 247
16964 4477 1472 3571 752
16965 3646 1813 2962 2699
16966 4062 3678 3965 2757
16967 3646 2450 2699 2249
16968 4665 3294 4651 3921
16969 4665 3786 4651 3294
16970 4020 2499 2626 2038
16971 4690 2417 4213 1608
16972 3976 2302 3642 3576
16973 3977 3380 3786 1575
16974 3646 2699 2962 2249
16975 3749 1645 3649 3100
16976 4051 2405 2600 2182
16977 3413 3245 3378 3329
16978 4259 749 2285 1071
16979 3413 3245 3329 1759
16980 4501 1660 4248 3435
16981 3406 1114 2636 523
16982 3406 523 1992 1114
16983 3406 523 2636 1992
16984 3406 1676 2636 460
16985 3406 460 2636 888
16986 3465 2674 3337 1904
16987 3413 2511 3329 3261
16988 4412 3622 4101 2671
16989 3744 2055 2769 2319
16990 3608 2697 3447 2783
16991 3769 1457 756 1146
16992 3900 992 2039 1627
16993 3900 204 2584 980
16994 3408 581 651 1326
16995 3408 1874 3188 2122
16996 3408 651 3093 1326
16997 3408 1326 3093 2063
16998 3408 1517 3188 2981
16999 3408 2981 3188 1874
17000 4208 2822 3557 3493
17001 3410 3099 3266 2881
17002 4157 2098 2733 1851
17003 3688 227 3068 2862
17004 4138 229 3002 2054
17005 3410 1532 2881 2793
17006 3410 1532 3122 2881
17007 3410 2793 3363 1532
17008 3410 1532 3363 3122
17009 3785 2750 2994 1632
17010 3714 2012 3712 2721
17011 3411 400 932 933
17012 3412 525 1123 1113
17013 4173 1547 3295 2885
17014 4094 2133 3005 2859
17015 4173 3527 3802 2873
17016 4173 2762 3771 3039
17017 4173 3768 3771 3158
17018 4094 2133 3401 2113
17019 3899 2895 3838 3009
17020 3412 2267 2810 525
17021 3545 207 461 1252
17022 3545 803 2354 854
17023 4738 3041 3828 3324
17024 3981 1546 3291 2805
17025 3706 1802 3695 2676
17026 4362 1627 2839 2277
17027 4297 1460 1387 3
17028 4702 3040 4180 2546
17029 4173 2873 3768 3158
17030 4791 1805 3332 228
17031 4702 2546 4180 3924
17032 4362 1979 3104 2908
17033 3763 1998 2241 1714
17034 4162 1372 2287 511
17035 3992 2100 2867 1564
17036 4503 79 2676 653
17037 4503 1447 1409 1021
17038 4725 1579 4341 3061
17039 4503 1447 2337 1409
17040 4503 2676 3188 653
17041 4503 653 3188 1021
17042 4503 1409 2676 79
17043 4503 2122 3188 1874
17044 4503 1021 1922 1447
17045 3839 2436 2988 2194
17046 3676 1731 3263 1540
17047 3841 1938 3714 3106
17048 4197 3431 4088 2045
17049 4197 3431 3473 1728
17050 3951 1988 3173 2982
17051 4474 618 3739 1337
17052 4756 2990 4073 630
17053 3434 2201 3313 3284
17054 4745 2554 4303 1699
17055 3845 2495 2568 1911
17056 3434 2192 3297 3059
17057 3434 3059 3297 1880
17058 4375 3460 3899 2895
17059 3844 2945 3168 1762
17060 3488 1752 2484 1923
17061 4312 488 3716 1291
17062 4312 2401 3223 2942
17063 3420 2342 2902 2557
17064 4059 2074 2663 1972
17065 3420 2413 2902 2342
17066 4362 959 2069 1281
17067 4376 1773 4020 2038
17068 4248 1660 4087 2320
17069 4234 3811 4098 2861
17070 4785 3420 4058 2557
17071 3490 1941 3426 3326
17072 3490 2313 3426 2068
17073 3977 3347 3786 3380
17074 3549 2143 2311 1866
17075 3422 3046 3347 2255
17076 3581 2691 2831 2490
17077 3958 1859 3359 1944
17078 4026 1547 3798 2707
17079 4300 1734 4290 2520
17080 3783 1698 2732 1733
17081 4578 2834 4435 3274
17082 3423 1484 2163 1748
17083 3423 2163 2764 1748
17084 3423 1748 2764 2584
17085 3690 2028 3475 3392
17086 3423 669 2163 1484
17087 3423 1748 2584 658
17088 3423 658 2584 1484
17089 3423 1484 1748 658
17090 3643 1117 1688 884
17091 3668 2555 3499 2819
17092 4518 1295 2985 551
17093 4196 3124 3511 3238
17094 3772 1624 3045 1767
17095 3800 2477 2673 1530
17096 4367 3145 4031 2331
17097 4739 2261 4345 4015
17098 3686 838 3064 2597
17099 3699 3582 3647 3438
17100 3686 838 2597 553
17101 4023 2685 3774 2352
17102 4044 1539 3393 3073
17103 3686 2597 3064 1968
17104 4434 2339 3171 2642
17105 4434 1529 3151 3142
17106 4388 1016 133 1091
17107 4277 1992 3990 1552
17108 3605 2087 3001 2386
17109 4343 2850 2905 1530
17110 3686 1325 2426 137
17111 3686 838 137 900
17112 4343 2477 3063 2673
17113 3686 553 137 838
17114 3727 1575 3296 2233
17115 4641 3446 4153 3525
17116 4384 2232 4298 2948
17117 4343 1530 3063 2850
17118 4705 1327 4187 2358
17119 4246 2657 3466 1659
17120 4751 105 694 906
17121 4756 943 1453 630
17122 4756 326 4514 2000
17123 4751 105 4178 3926
17124 4756 4227 4514 3922
17125 4751 694 4467 906
17126 4756 301 1158 688
17127 3914 3045 3858 1767
17128 3966 1941 3426 2866
17129 4032 2303 3585 2238
17130 4333 1583 2779 2370
17131 4440 2439 3561 2526
17132 4551 2288 2613 526
17133 4440 3260 3655 1574
17134 4440 2141 2689 2526
17135 4089 2504 3455 2274
17136 3949 1886 2408 2057
17137 3833 449 795 796
17138 4132 676 3327 941
17139 4440 3561 3623 3260
17140 4440 2648 2689 2141
17141 4786 3337 4190 3067
17142 4200 2315 3868 1634
17143 3451 3090 3228 2935
17144 4791 512 4114 2974
17145 3451 2939 3196 2200
17146 3451 1919 3090 2935
17147 4806 4432 4765 265
17148 3976 2302 3732 3642
17149 3998 3062 3857 2184
17150 4724 1874 3862 2378
17151 4702 2826 4174 2168
17152 3963 2193 2699 2304
17153 4395 4080 4291 2296
17154 3702 3098 3564 3325
17155 4783 3646 4012 3957
17156 4783 4012 4663 3748
17157 4626 1957 2577 1894
17158 4342 3686 4043 3064
17159 4733 718 4348 3910
17160 4505 3610 4461 3673
17161 3488 1830 3007 2573
17162 3435 836 3314 1370
17163 3435 1370 3314 474
17164 3435 474 836 1370
17165 4425 3914 4302 1761
17166 4426 1917 2761 2145
17167 4249 2015 2532 1580
17168 4678 850 4171 726
17169 4198 547 4039 3095
17170 4451 1759 3812 3329
17171 4425 2588 3914 1761
17172 4425 3939 4302 4251
17173 4426 2145 2788 1917
17174 4425 2700 3914 3037
17175 4648 2767 3775 3764
17176 4095 1549 3791 2520
17177 3836 3543 3680 2629
17178 3836 2629 3637 1510
17179 3696 2913 3577 1657
17180 3436 2123 2551 1644
17181 3436 2123 2739 2551
17182 4066 2450 3190 2699
17183 4066 2984 3468 2699
17184 4066 2450 3721 3044
17185 4011 2070 2804 2455
17186 4760 3449 3517 3225
17187 3697 1750 2718 2434
17188 4625 3358 3811 3122
17189 4011 1630 3375 1654
17190 3697 1440 2868 660
17191 3960 2735 2887 2787
17192 4506 2870 4413 4301
17193 4525 3671 4161 2220
17194 3648 110 2853 1814
17195 4628 1842 3841 3608
17196 3583 2795 3382 2799
17197 3783 2686 3364 1733
17198 3611 1862 2273 1795
17199 3613 971 2589 1702
17200 4590 1984 3244 2910
17201 4590 279 2910 435
17202 3706 2676 3566 1802
17203 3648 1188 4477 2853
17204 4665 3921 3937 2511
17205 3716 488 2298 1269
17206 3440 1621 2582 2157
17207 3440 1621 3070 2582
17208 3440 2582 3070 2157
17209 4187 2571 3839 1853
17210 4706 2729 3148 1533
17211 3716 1291 488 259
17212 3716 488 2363 2298
17213 3520 1743 3001 2032
17214 4718 2796 4265 1417
17215 4455 3686 4342 3064
17216 3442 1903 2959 2586
17217 4455 2208 2772 2464
17218 3625 1538 2742 2321
17219 4629 3843 4017 2238
17220 4364 1966 3509 2913
17221 4253 2996 4104 499
17222 4253 2318 3108 1814
17223 4553 2439 3623 3220
17224 4553 2439 4309 2565
17225 4552 1425 4185 527
17226 4766 1044 4564 1644
17227 4553 2565 3891 3623
17228 4553 3338 3559 2114
17229 4780 2865 4640 3904
17230 4554 3244 3481 714
17231 4552 3443 4185 1425
17232 4552 1378 2737 125
17233 4186 1621 3440 2157
17234 4400 2223 3854 2006
17235 4553 2565 4309 3845
17236 4554 1984 3481 3244
17237 4680 1667 4093 2441
17238 4371 2883 3825 2263
17239 4798 2194 4226 2704
17240 3471 1603 3241 1778
17241 3471 2161 2650 1708
17242 3471 1708 1943 1778
17243 3471 2650 3043 2012
17244 4509 1547 3841 3608
17245 3471 1732 3043 2161
17246 3666 2383 3330 1948
17247 4507 2869 3765 2135
17248 3666 2914 3334 1948
17249 3849 2918 3626 1871
17250 3525 2712 3024 2536
17251 3742 3274 3497 2906
17252 3525 2536 3040 2712
17253 4154 1466 1035 37
17254 4178 105 906 312
17255 3905 2693 2748 784
17256 3448 2147 3152 2090
17257 4589 3279 3683 2872
17258 4589 2440 3683 3165
17259 4132 2307 2551 1697
17260 4339 3645 4167 3087
17261 4604 1665 3016 2373
17262 4132 190 4065 1161
17263 4806 1669 2596 497
17264 3708 2658 3537 3206
17265 4508 2486 3790 3398
17266 4594 1959 3752 686
17267 4589 2498 3683 2709
17268 4589 3165 3683 3279
17269 3518 3048 3452 1602
17270 3454 2670 2928 2911
17271 4051 2418 2600 2405
17272 4451 2544 3812 2813
17273 3565 1509 3493 3486
17274 4474 1822 3872 3320
17275 4451 1852 4433 2162
17276 4474 618 3745 3739
17277 3519 2959 3442 1903
17278 4742 2098 4302 2465
17279 3725 2823 3581 2831
17280 3725 3299 3387 2823
17281 4517 1672 4124 2899
17282 3719 1504 3292 3250
17283 4518 136 1295 1023
17284 4742 2098 2465 1851
17285 4384 1961 4210 3272
17286 4384 3996 4210 1961
17287 3453 1819 2731 248
17288 3453 830 248 560
17289 3453 830 1819 248
17290 4748 1898 3381 3350
17291 4208 2451 4167 4109
17292 4208 1837 3747 3557
17293 4208 3493 4167 2822
17294 4208 3677 4083 2451
17295 4208 3747 4109 2590
17296 4547 3166 3523 3257
17297 4659 3863 4132 1697
17298 4193 2807 2896 2053
17299 4511 2023 2932 2596
17300 4509 2380 3459 3295
17301 4509 2241 4452 1714
17302 4509 3295 3798 1547
17303 4193 1296 2053 801
17304 4509 3608 3841 1842
17305 3515 2156 3322 3167
17306 4579 2627 3458 2606
17307 3893 2081 2381 2073
17308 4329 2467 3551 1244
17309 4164 1622 2234 1971
17310 4554 2667 4238 2314
17311 4554 1984 3244 714
17312 3562 3197 3309 1657
17313 3458 2141 3357 2627
17314 3458 2627 3357 2606
17315 3562 3309 3509 1657
17316 3562 2767 3550 3309
17317 3458 2606 3357 2689
17318 3458 2689 3357 2141
17319 4434 1860 3171 2339
17320 4462 2323 3659 1366
17321 4452 1603 4433 2347
17322 3799 1794 3344 1624
17323 4434 1529 4194 2452
17324 4453 2122 3408 581
17325 4453 581 3408 1982
17326 4453 948 2299 1332
17327 4453 948 951 581
17328 4454 3359 3958 3393
17329 4511 2542 3461 2609
17330 4511 2004 4470 3207
17331 4453 2299 3210 1753
17332 4434 3148 4194 3142
17333 4506 2870 3305 1629
17334 4434 1860 2339 2252
17335 4434 3142 4194 1529
17336 4434 3142 3171 1860
17337 4511 2004 3207 3075
17338 4510 3377 4349 3145
17339 4510 2775 4349 3377
17340 3824 3141 3229 2174
17341 3972 439 1551 230
17342 3462 2481 3089 1681
17343 3462 2444 3373 2429
17344 3462 2429 3373 1681
17345 3462 1681 3373 3155
17346 3462 3155 3373 2391
17347 4359 2906 3634 1990
17348 3972 1412 894 1150
17349 3463 455 1013 1007
17350 4513 2902 3004 2557
17351 3463 455 3000 1013
17352 3463 455 3401 3000
17353 4106 1732 2066 1778
17354 4513 2902 3060 3004
17355 4513 2793 3410 3266
17356 4513 2956 3469 1722
17357 4513 2818 3266 2956
17358 4513 2902 3266 2818
17359 4513 2818 3060 2902
17360 4576 3206 3635 1871
17361 4181 1475 4067 2089
17362 4181 1292 4067 1473
17363 4181 1475 1270 40
17364 4391 2246 3770 1606
17365 4783 3646 3957 2394
17366 4332 2041 4046 2854
17367 3466 1052 61 1040
17368 3777 3063 3733 2335
17369 4604 3990 4499 2271
17370 3466 2061 3365 61
17371 3466 2657 3365 2061
17372 3466 1659 2657 2061
17373 3466 440 61 1074
17374 3466 1074 3071 2294
17375 3777 2477 3063 2488
17376 4525 4025 4141 3595
17377 3466 1659 2061 1052
17378 3466 1052 2061 61
17379 3953 3048 3202 2928
17380 3777 2009 3389 1607
17381 3466 1074 2294 440
17382 4563 2008 2099 1554
17383 4474 1337 1822 60
17384 3744 1604 2490 2319
17385 3634 2807 2896 2888
17386 4782 3968 4008 3818
17387 4384 3996 4298 1619
17388 4598 3292 4409 3724
17389 3683 1755 2709 2312
17390 4604 1599 4239 3913
17391 3469 1906 3363 3004
17392 4348 2214 3140 2905
17393 4757 1706 4117 2970
17394 4805 1879 4723 3511
17395 4757 1641 4040 2463
17396 3469 2670 3136 3120
17397 3469 3120 3136 1722
17398 4437 2150 2642 1768
17399 4437 1768 1865 75
17400 4546 554 3987 1102
17401 3470 2011 3203 2637
17402 3470 2637 3203 231
17403 3471 2161 3043 2119
17404 3471 2119 2650 2161
17405 3471 2119 3043 2650
17406 3471 2842 3043 1732
17407 3471 1778 2842 1732
17408 3471 2721 2842 1831
17409 3471 1603 2721 1831
17410 3471 1778 3082 2842
17411 3471 1778 3241 3082
17412 3471 3082 3241 2842
17413 3471 2842 3241 1831
17414 3471 1831 3241 1603
17415 4322 1948 4093 2790
17416 4288 1934 2664 2421
17417 3472 2116 2188 1770
17418 3472 2116 2628 1955
17419 3472 1955 2188 2116
17420 4288 459 2786 2664
17421 4322 1948 3334 2283
17422 4509 3459 4452 2721
17423 4288 26 1449 596
17424 4306 1174 2322 1887
17425 4306 1694 2715 1094
17426 3472 2628 2756 2744
17427 3472 2116 2756 2628
17428 4235 1289 733 161
17429 4493 1816 2570 2509
17430 3615 2515 2946 1737
17431 3473 1728 3431 2609
17432 3473 2609 3320 1728
17433 4166 2851 3559 1856
17434 4683 2085 2265 1832
17435 3615 881 2538 1523
17436 3615 881 3217 2538
17437 3615 881 1523 77
17438 3615 2538 2946 1523
17439 3615 2538 3217 2946
17440 3615 2209 3217 226
17441 3474 1559 3272 1961
17442 3661 2878 3125 2296
17443 4396 1749 3483 2619
17444 3476 2836 3437 2944
17445 3476 2944 3437 1699
17446 3476 1699 3437 2836
17447 3476 2836 2944 1660
17448 3476 1950 2836 1660
17449 3476 2944 3232 1660
17450 3476 1660 3232 2937
17451 4698 2110 4460 4317
17452 4746 1678 3862 2981
17453 4746 3695 4724 3862
17454 4302 10 4251 566
17455 3964 2086 2720 416
17456 4346 2038 4345 1773
17457 4227 664 301 943
17458 4346 2858 4345 2038
17459 4617 2763 3666 1771
17460 4264 2537 3956 2646
17461 3827 1245 1385 667
17462 4324 2948 3996 1649
17463 4048 2135 3619 3269
17464 3827 905 1245 667
17465 3477 2890 3319 1779
17466 4484 2516 3440 1455
17467 4366 3425 4107 4036
17468 3618 2581 3602 2042
17469 3558 3127 3218 2854
17470 4089 442 2578 726
17471 3486 3191 3431 2590
17472 4192 2421 3352 2786
17473 4264 2776 3956 2537
17474 4757 2871 3923 1641
17475 4228 2266 2627 2601
17476 4073 1687 2990 2000
17477 4515 1673 3517 3491
17478 4778 3456 4608 3402
17479 4515 1392 2965 1322
17480 4073 3063 3733 2343
17481 4555 2300 3723 2555
17482 3481 1557 1620 1519
17483 3481 1620 2916 1519
17484 4239 3794 3913 1599
17485 4239 1599 3395 2667
17486 4555 2300 2555 2139
17487 896 1138 506 2025
17488 3481 2025 506 1138
17489 3481 2025 3163 506
17490 4239 1665 3395 2271
17491 4026 1938 3851 2813
17492 3574 2201 3313 3211
17493 3574 3284 3313 2201
17494 4556 3116 3495 2207
17495 4556 2772 3495 1854
17496 4183 1508 3141 2989
17497 4256 2055 3552 2960
17498 4097 3284 4084 3200
17499 3765 3582 3647 1613
17500 3617 3052 3501 1747
17501 3618 2042 2622 2581
17502 4355 1141 3688 505
17503 3555 3485 3530 1796
17504 4324 1649 2618 1606
17505 4399 919 2711 363
17506 3556 2954 3111 1642
17507 4188 2606 3450 3433
17508 3531 388 2931 2112
17509 4110 2571 3839 1538
17510 4505 2960 3728 3338
17511 3531 1830 2386 2062
17512 3617 2414 3609 3501
17513 4524 3389 3793 2697
17514 3618 2042 2736 1579
17515 4200 589 2315 98
17516 3556 1907 2398 2020
17517 4411 2533 4404 3883
17518 3702 2471 3122 2701
17519 4272 2120 3764 3197
17520 3992 2754 3130 3124
17521 3702 2662 3564 2506
17522 3702 2701 3492 2471
17523 4523 3204 4464 2548
17524 4699 1938 3579 2295
17525 4699 2295 3579 3372
17526 4699 1938 3851 3579
17527 4523 2379 3169 2035
17528 3702 3325 3492 3098
17529 3992 2100 2115 1548
17530 3702 2506 3564 3098
17531 3497 1741 3160 2674
17532 3497 3238 3274 2834
17533 4217 3053 3708 2410
17534 4149 2257 3348 2639
17535 3885 236 2951 710
17536 4642 1771 3792 1536
17537 4110 2140 2398 1853
17538 4571 2861 3674 3182
17539 3613 680 1576 971
17540 3491 2545 2800 1673
17541 4408 2995 3894 3217
17542 4802 2587 2817 2143
17543 4758 3063 3777 2477
17544 4758 1530 4096 2260
17545 4758 2121 4096 3800
17546 4758 3777 4524 4293
17547 4758 3800 4293 2121
17548 4410 3564 3664 3627
17549 3592 2470 2778 1504
17550 3850 2695 3194 1248
17551 4073 2000 3063 1687
17552 4051 2986 3015 2348
17553 3632 1629 2870 2293
17554 3632 2293 2746 1629
17555 4636 2635 4194 3498
17556 3694 2502 3621 2311
17557 3634 1792 3242 3239
17558 3632 2179 3305 2746
17559 4411 3568 4365 3250
17560 3631 2475 3587 2867
17561 3631 2867 3293 2475
17562 4622 904 3837 2919
17563 4096 2830 2920 2709
17564 3695 1644 3436 2099
17565 4110 2398 2784 1929
17566 4805 3293 3511 2754
17567 3627 2345 3341 2416
17568 3494 2854 3021 2681
17569 3494 2854 3304 3009
17570 3494 3009 3304 1727
17571 4246 2270 3343 2540
17572 3495 2198 3264 2474
17573 4557 3289 4420 1623
17574 3495 2474 3116 2151
17575 4557 1623 3899 3289
17576 4554 2667 4156 94
17577 4557 1623 4045 3965
17578 4247 1537 3880 3279
17579 4246 2270 2657 1659
17580 4779 2114 4553 3559
17581 4246 2702 3466 2657
17582 4423 1176 549 1023
17583 4737 2203 3544 2316
17584 3496 491 1173 1405
17585 3496 1405 1358 491
17586 3496 1358 1362 491
17587 3496 491 1362 1173
17588 3521 2177 2635 2568
17589 3521 2177 2695 2635
17590 3883 2973 3568 3323
17591 3554 1796 3485 3335
17592 3776 1016 1041 249
17593 3521 2204 3142 2568
17594 3522 1820 2411 364
17595 3522 255 1959 686
17596 4607 111 504 1042
17597 3521 1881 2695 2177
17598 4701 525 2810 1195
17599 4296 1506 3706 3566
17600 3499 3102 3138 2819
17601 3499 2555 3102 2819
17602 4671 2080 4064 2830
17603 3499 2581 2622 1088
17604 4472 1944 2949 736
17605 4472 736 2949 309
17606 4775 3165 3683 1755
17607 3499 965 1088 974
17608 3499 1088 2622 974
17609 4154 875 1720 452
17610 4642 1899 4087 1956
17611 4376 1717 4304 2941
17612 4046 2041 3021 2854
17613 4646 2768 3932 1058
17614 4230 1672 3512 2899
17615 4646 318 2768 1058
17616 3990 2271 3018 124
17617 3990 1552 3898 2598
17618 3502 2719 3057 219
17619 3502 219 3057 2576
17620 3502 1522 3057 2719
17621 3502 2576 3057 1522
17622 3571 90 752 358
17623 3502 2740 3130 1522
17624 3502 1522 3113 2740
17625 3502 2433 3173 1512
17626 3502 1512 3113 2433
17627 3502 1512 3173 1970
17628 3502 1970 3113 1512
17629 3990 3085 3985 3018
17630 3990 1599 3085 3018
17631 3609 2134 2857 1918
17632 3763 609 2620 46
17633 3609 2414 2857 2134
17634 4185 1560 2935 2852
17635 4185 1560 2365 1227
17636 4225 3370 3874 3403
17637 4130 1710 2378 1942
17638 4130 3322 3515 2156
17639 4321 3659 4288 596
17640 4509 3798 3841 1547
17641 4245 2772 3164 1588
17642 4225 3874 4180 2925
17643 4389 2072 2951 1550
17644 4389 169 1247 1079
17645 4389 710 2951 1247
17646 4648 3335 3775 3537
17647 4274 1661 4063 2074
17648 4095 2124 3107 2211
17649 4806 2094 4327 428
17650 4763 2884 4543 3701
17651 4095 2211 2496 1549
17652 4095 1549 2869 2183
17653 4020 2499 2901 2626
17654 4020 2349 3504 2262
17655 3634 1792 3239 2896
17656 3634 2896 3239 2888
17657 3536 1806 2631 1645
17658 4465 3139 4078 3245
17659 4033 325 2339 1418
17660 3508 2558 3042 2929
17661 3508 2929 3042 2717
17662 4035 1657 3761 3197
17663 4210 1961 3996 2375
17664 4397 2488 2492 1228
17665 4397 2673 3026 2864
17666 3508 2717 3042 1940
17667 4397 1228 3026 2488
17668 4397 2477 2673 2492
17669 3508 2184 3483 1940
17670 4397 2477 3026 2673
17671 3508 1940 3042 2564
17672 4241 2423 3213 1748
17673 4294 3154 3629 3367
17674 3999 2481 3971 3155
17675 3915 2616 3729 550
17676 3858 3045 3344 1624
17677 4469 2525 4059 3170
17678 4735 1028 1064 486
17679 3588 129 1135 533
17680 3588 324 2832 1072
17681 4197 3118 3407 2510
17682 4197 3473 3933 2453
17683 4375 2895 3899 3009
17684 4785 3420 4669 3088
17685 4724 3695 3706 1709
17686 3976 2060 3647 3424
17687 3969 2865 3665 2961
17688 3676 210 669 673
17689 550 1295 3729 3915
17690 4518 3050 3915 136
17691 3582 2108 3342 2869
17692 3749 2134 3603 2064
17693 4018 2815 3528 1870
17694 4558 2444 2890 1650
17695 4486 2832 3014 1600
17696 3645 2345 2472 1683
17697 4734 1537 3738 3279
17698 3819 662 468 237
17699 3969 2865 3379 2595
17700 3700 2939 3091 1594
17701 3683 2045 3179 2422
17702 3648 1524 2424 1814
17703 3749 2392 3609 3501
17704 3749 2414 3609 2134
17705 4458 3334 3883 3340
17706 3749 1645 2134 2064
17707 3749 2917 3603 2134
17708 3819 468 2029 903
17709 4624 2928 3696 2670
17710 3819 2029 2665 1734
17711 3819 903 2029 237
17712 4150 3059 4100 2683
17713 3582 2776 3342 1613
17714 3582 2108 3029 2685
17715 4508 2421 4321 4288
17716 3819 468 903 237
17717 3819 1734 2641 2029
17718 3648 1524 2853 2007
17719 4508 2274 3713 3455
17720 3582 2108 2685 2496
17721 4508 3455 3713 2334
17722 4604 1599 3990 2271
17723 3648 2007 2424 1524
17724 3586 1754 3124 1988
17725 4531 2945 3168 2674
17726 4531 2669 3133 1904
17727 4531 2674 3497 2945
17728 4531 2982 4196 3586
17729 3586 2982 3124 1754
17730 4393 2656 4299 3501
17731 4286 809 2535 232
17732 4286 809 3940 2535
17733 4295 1985 3567 2502
17734 4559 378 2180 65
17735 4774 3748 4606 3417
17736 3520 509 3001 2386
17737 3520 2386 3001 1743
17738 3554 2563 3485 1796
17739 4774 3417 4606 4195
17740 3554 2391 3462 3373
17741 3522 119 2259 1451
17742 3522 2259 3008 2411
17743 3522 119 3008 2259
17744 3522 2411 3008 364
17745 3522 364 3008 119
17746 3699 2494 3647 1613
17747 3522 3222 3474 1647
17748 3522 2259 3222 1451
17749 3522 2259 3474 3222
17750 4396 1749 2619 1958
17751 4700 1667 3412 2726
17752 4641 2900 4379 3379
17753 3523 1927 3085 1590
17754 3661 1689 3311 1913
17755 4050 3096 3842 1851
17756 3661 2855 3311 2296
17757 3661 2579 3125 2878
17758 3875 1598 2034 2002
17759 4154 1589 3909 2579
17760 4443 3183 4107 3911
17761 4229 3678 4001 2955
17762 3785 2319 3428 1628
17763 4705 3839 4187 2571
17764 3953 2497 3746 3518
17765 4522 2465 4050 2087
17766 3672 2691 3599 2218
17767 3723 2555 3260 1713
17768 4465 1969 3051 1636
17769 4465 3245 4078 1636
17770 3537 2873 3527 3083
17771 3672 2962 3180 2218
17772 4443 3015 3183 2747
17773 3551 2017 2467 2186
17774 4373 2329 4188 3510
17775 4229 2955 4001 2941
17776 4229 3009 4001 3678
17777 4229 2912 4045 1637
17778 4498 2310 3738 1837
17779 4428 3164 4191 2198
17780 4665 3294 3977 3786
17781 3528 1838 2240 1207
17782 4113 1263 194 954
17783 4113 194 1300 502
17784 4261 1840 2538 1512
17785 3528 1124 2629 582
17786 4665 3685 3786 3371
17787 4551 125 2288 367
17788 3528 1870 2815 1046
17789 4468 2037 3858 3344
17790 4113 694 2166 1300
17791 3798 3368 3459 2721
17792 4511 3207 4470 3075
17793 4468 3858 3889 3344
17794 3556 2020 2954 1642
17795 3558 3127 3304 3280
17796 3531 2112 2774 1830
17797 3531 1351 2931 388
17798 3531 1351 2998 2931
17799 3532 1085 2278 23
17800 3532 2230 2528 1902
17801 3532 1902 2528 23
17802 3532 2278 2904 1902
17803 3532 1902 2904 2230
17804 4521 170 2417 1099
17805 4521 2417 4125 2534
17806 4776 3156 3799 1794
17807 4521 993 4014 602
17808 4568 3034 4403 3247
17809 4660 1224 2693 1443
17810 4612 946 3803 1823
17811 4738 3491 4367 3324
17812 3643 884 470 79
17813 3668 3061 3278 2300
17814 3808 877 1910 872
17815 3808 407 877 872
17816 3808 872 2612 874
17817 3534 2366 3209 3096
17818 3534 3096 3157 2366
17819 3534 3129 3157 1602
17820 3534 2250 3129 2357
17821 3534 2841 3129 2250
17822 3534 2357 2597 1602
17823 3534 2357 3129 2597
17824 3534 2597 3129 1602
17825 3534 2841 3157 2625
17826 3534 2625 3129 2841
17827 3534 2625 3157 3129
17828 4176 1900 2483 1588
17829 4455 1656 4242 3064
17830 3872 1863 3614 3473
17831 4698 2789 4317 3231
17832 4475 2683 3456 3219
17833 3872 2609 3614 3320
17834 3536 2631 3100 1645
17835 3650 3372 3614 3473
17836 3551 1802 2467 2017
17837 3709 3264 3604 2355
17838 4659 3327 4132 3863
17839 4429 3138 3917 2819
17840 4028 1733 3780 1653
17841 3551 1506 2785 2322
17842 3707 2213 3682 3439
17843 3551 1506 2832 1802
17844 3539 1515 3234 2107
17845 3539 2107 3234 2171
17846 3539 2171 3234 1522
17847 3971 3155 3462 2391
17848 3539 2171 2719 1737
17849 3539 1737 2946 2107
17850 3539 2107 2171 1737
17851 4229 2955 3965 3678
17852 4229 3611 4001 3009
17853 4224 1871 2710 1789
17854 4683 1857 3214 1832
17855 3540 2266 2958 2627
17856 3540 2627 2958 2172
17857 4340 1921 2075 1917
17858 4769 2603 4683 2265
17859 4671 2728 2915 487
17860 4033 1860 3821 1268
17861 4038 720 3923 1790
17862 4267 2132 2216 1543
17863 4541 1119 616 178
17864 4783 3399 4663 3646
17865 4506 3698 4332 4301
17866 4675 2201 3211 1946
17867 3729 262 1295 925
17868 3542 2275 2495 1914
17869 3542 1914 2495 1928
17870 3542 2275 2886 2164
17871 3542 2164 2886 1928
17872 3542 1914 2886 2275
17873 3542 1928 2886 1914
17874 4241 1748 3213 603
17875 4608 3456 3963 3402
17876 3756 1026 504 111
17877 3837 209 905 600
17878 3837 600 3827 2652
17879 3837 393 209 962
17880 3837 904 905 393
17881 4628 3608 3784 2783
17882 4173 3039 3771 3295
17883 3798 2707 3039 2544
17884 3842 2366 3096 2774
17885 3842 2774 3531 2112
17886 3842 2625 2998 1851
17887 4121 2270 2657 2279
17888 3756 1626 2593 1026
17889 4173 3083 3158 2762
17890 4628 1842 3762 3546
17891 4628 2697 3608 3596
17892 3546 1791 2893 2382
17893 3546 1684 3283 2382
17894 3546 2382 3283 1791
17895 3546 2531 2842 1684
17896 3546 2531 2893 2842
17897 3546 2382 2531 1684
17898 3546 2382 2893 2531
17899 4345 1773 3019 2634
17900 4031 2331 3131 2703
17901 4519 3234 4487 3146
17902 4519 4195 4464 3204
17903 3816 2430 3796 3212
17904 3816 2419 3212 1929
17905 4568 3390 3609 1747
17906 4568 1763 4403 3034
17907 4424 1329 263 474
17908 3547 1646 2063 1893
17909 3547 1893 2063 321
17910 4345 2261 3019 1773
17911 4345 2038 4020 1773
17912 4033 274 1279 633
17913 4033 633 1860 274
17914 4031 3145 3236 2449
17915 4031 3131 3377 2449
17916 4031 1997 2965 2301
17917 4031 2301 2703 1997
17918 4031 1997 3591 2965
17919 4424 474 263 547
17920 4724 1709 3706 2313
17921 4568 2917 3609 1918
17922 4519 1858 4464 4161
17923 4521 2417 2534 1099
17924 4519 4195 4289 3417
17925 4373 1845 3285 2329
17926 3550 2658 3309 2767
17927 3765 2776 3582 1613
17928 4218 3193 3501 1747
17929 3977 3294 3329 1575
17930 3909 193 1399 1003
17931 3551 2467 2832 68
17932 3551 68 2832 696
17933 4330 1069 2758 573
17934 4330 2758 3036 2735
17935 3551 1244 68 696
17936 3551 1244 2467 68
17937 4330 2787 2887 2735
17938 4330 2735 2887 1790
17939 4330 975 2787 532
17940 4330 2735 3036 2787
17941 4330 22 4038 1790
17942 4330 975 532 1069
17943 4813 3220 4553 3623
17944 3975 1571 1835 1698
17945 4813 3623 4635 3778
17946 4181 1293 2688 1270
17947 4710 1507 3149 2543
17948 3673 2543 3610 2033
17949 3553 1923 3496 2340
17950 3553 1830 3488 2573
17951 3553 2062 2573 2340
17952 3553 1830 2573 2062
17953 3553 2340 2573 1923
17954 3553 2573 3488 1923
17955 4560 1563 4477 3121
17956 4559 922 2034 1832
17957 4559 922 378 65
17958 3883 3219 3323 3162
17959 4559 2034 3875 1857
17960 4324 2356 2777 2235
17961 4324 2235 3740 1585
17962 4324 1606 2777 2356
17963 4336 2302 4054 2611
17964 4524 2121 3952 3596
17965 4744 2585 4420 4292
17966 4409 3292 3719 1504
17967 3563 1515 3113 2946
17968 4524 3389 3733 1823
17969 4806 2596 4432 265
17970 4265 2101 4016 2647
17971 4600 1452 1582 348
17972 4600 3730 4438 2026
17973 3765 2869 3582 2776
17974 3679 2638 3269 2537
17975 4167 3288 3626 3493
17976 4167 2918 3626 3288
17977 3559 2821 3538 1856
17978 3560 245 1695 1037
17979 3560 245 1037 451
17980 3560 1037 2046 451
17981 3560 2046 3014 1600
17982 3560 451 2046 1600
17983 3560 451 1600 68
17984 3560 1600 2467 68
17985 4657 2015 2452 1909
17986 4201 1070 327 698
17987 4201 131 1070 698
17988 4567 705 602 1332
17989 4772 1613 3765 3647
17990 4522 3492 3702 2701
17991 4772 3647 3754 2060
17992 3759 2775 3633 1964
17993 3759 3507 3641 3535
17994 4367 3324 4292 3041
17995 4185 2365 3081 368
17996 4277 1676 3406 1552
17997 4277 1992 2636 1360
17998 4523 2548 4464 3169
17999 4783 4473 4663 3399
18000 4614 2232 3804 1592
18001 4614 1255 2016 1489
18002 4614 1619 4298 2010
18003 4523 2035 2934 1515
18004 4614 628 4298 2232
18005 4614 52 2010 1489
18006 4336 2425 3078 1566
18007 4262 944 1803 208
18008 4255 2260 3928 3733
18009 4255 1823 3903 1684
18010 4255 3733 3928 1823
18011 4760 143 709 683
18012 4255 1684 3762 1896
18013 4594 3640 3752 1959
18014 3694 3029 3621 1518
18015 3694 2311 3107 1866
18016 3694 2311 3621 2722
18017 4810 3891 4779 4636
18018 4440 2152 2689 2648
18019 3636 2169 2732 1571
18020 3636 1605 2732 2169
18021 3636 2690 2855 1605
18022 3637 283 1694 531
18023 4299 3649 4161 3526
18024 4295 1985 3421 3316
18025 4297 1387 2682 305
18026 3566 748 3006 280
18027 3566 280 1117 748
18028 4298 2047 2948 1200
18029 4297 305 2682 1321
18030 4298 1649 2948 2047
18031 4299 3649 3749 3038
18032 4726 1668 2351 2236
18033 4527 3403 4225 2925
18034 3967 1125 2205 1815
18035 3810 2489 3753 3059
18036 4621 3627 3693 1885
18037 4311 495 3419 484
18038 4396 1958 2717 1658
18039 4311 1648 3419 2879
18040 4641 1562 3904 3379
18041 4149 1700 3819 2257
18042 3984 816 2252 498
18043 4149 2257 3819 2196
18044 3929 2490 3790 2394
18045 4315 584 2205 2128
18046 3884 3736 3801 1985
18047 4295 2502 3567 1905
18048 3810 3059 3434 2489
18049 3810 2900 3753 3638
18050 3810 3638 3753 2489
18051 4479 2289 2933 1618
18052 4561 3127 3892 2041
18053 4478 3541 3944 1847
18054 4479 623 2289 1618
18055 3649 3038 3317 1645
18056 3780 353 1185 513
18057 3783 1494 1698 317
18058 4459 1875 2102 1718
18059 3934 2331 3828 2501
18060 3948 795 3222 1283
18061 3948 1283 3222 1584
18062 3948 1283 1584 796
18063 4560 2007 2508 2438
18064 4560 90 3571 2007
18065 4560 90 1197 752
18066 4560 2438 2508 90
18067 3876 632 3023 2282
18068 3734 2894 3601 818
18069 3785 3287 3428 2359
18070 3734 2137 3601 2894
18071 3590 1847 3541 3516
18072 3590 2651 3541 1847
18073 3680 2726 3543 1996
18074 3680 536 1996 1132
18075 3621 2595 2722 1810
18076 3791 1549 2183 1957
18077 3785 2750 3287 2359
18078 4018 2815 3069 1568
18079 4446 3051 3548 3134
18080 4112 1124 2561 82
18081 4337 3354 4035 3630
18082 4337 2928 4035 1657
18083 4528 2507 3135 2400
18084 4528 3199 4365 3873
18085 3712 1516 3043 2797
18086 4176 2208 2426 701
18087 4176 1588 2483 2426
18088 4176 7 701 958
18089 4176 2208 2464 1588
18090 3712 2797 3416 1516
18091 3712 2012 3043 2650
18092 3712 2650 3308 2503
18093 4406 3285 3529 1679
18094 4573 3010 3626 2286
18095 4218 2067 3710 3193
18096 4218 2067 2730 2662
18097 4406 1679 3420 3285
18098 4097 3200 4084 2489
18099 4612 208 944 664
18100 3926 857 105 858
18101 3636 1605 2855 2732
18102 4027 1712 2370 1811
18103 3579 1938 3106 2295
18104 4484 2371 3907 972
18105 4562 1016 3776 440
18106 4529 3871 3906 3074
18107 4484 1787 3907 3386
18108 4530 683 3203 2095
18109 3580 3200 3318 3235
18110 4005 1954 3024 2541
18111 4705 2571 4187 2791
18112 4562 1912 4388 2126
18113 4562 1074 2294 1025
18114 4530 2238 3855 3132
18115 4530 3132 3855 2095
18116 4530 3132 3203 2668
18117 4530 2668 3203 683
18118 4792 1583 3149 2370
18119 4366 3393 3726 1539
18120 3600 633 1294 261
18121 3600 372 1881 633
18122 3600 261 2136 2034
18123 3969 1536 2844 2595
18124 3969 2763 2961 2844
18125 3969 2844 2961 2595
18126 3971 3820 3952 2195
18127 4409 3162 3719 3292
18128 3958 3097 3359 1859
18129 3600 2034 2136 1682
18130 3822 1211 2655 1147
18131 3749 1645 3317 3038
18132 3749 3038 3649 1645
18133 3583 1640 3382 1816
18134 3583 1816 2385 1640
18135 3585 2052 3254 1953
18136 3585 1953 3324 2303
18137 3585 2303 3324 2238
18138 4531 1904 2674 2669
18139 4531 1990 3337 2745
18140 4761 2282 3327 295
18141 4531 1904 3337 2674
18142 4531 1990 3497 2674
18143 4531 2674 3337 1990
18144 4531 2745 4392 3497
18145 4531 3133 4370 1904
18146 4531 4196 4392 3586
18147 4531 2982 4370 3133
18148 4531 3586 4370 2982
18149 3586 1988 2396 1577
18150 3586 1988 3124 2396
18151 3586 1577 2396 1564
18152 3586 2396 3124 1564
18153 4371 96 2877 2263
18154 4371 96 2987 1793
18155 4371 2263 2877 1793
18156 4197 2129 3407 1728
18157 4197 2453 3933 2045
18158 4532 2293 3019 1629
18159 4533 1573 4122 1801
18160 3588 1072 1688 1073
18161 3588 1073 533 1072
18162 3588 1117 1887 280
18163 3588 280 1135 1117
18164 3588 280 1887 1135
18165 4808 1378 265 431
18166 3975 3038 3749 3317
18167 4562 2126 4388 133
18168 3680 82 2629 2561
18169 3680 1015 3543 887
18170 3681 2397 3448 1749
18171 4589 2872 3683 2498
18172 3621 1905 2502 1518
18173 4533 2292 4138 3031
18174 3621 1518 2360 1905
18175 3680 82 2561 536
18176 3837 393 905 209
18177 4589 1924 4118 2440
18178 3680 1132 887 536
18179 4752 1683 4314 3316
18180 4467 2166 3224 3076
18181 3621 1810 3379 2595
18182 4227 944 1445 301
18183 4447 2617 3034 2829
18184 4234 3722 4098 3811
18185 3592 2303 2808 2052
18186 4661 3035 4009 2845
18187 3720 1897 2948 187
18188 3752 384 1420 10
18189 4595 671 1352 955
18190 4564 1644 4486 2099
18191 4565 2146 2149 2056
18192 4564 1044 3593 1644
18193 4564 1554 4563 2099
18194 4564 2229 3436 2099
18195 4564 1045 3593 1044
18196 3593 252 417 1045
18197 3593 252 2661 417
18198 4767 2056 4649 2146
18199 4564 3593 4563 1554
18200 4767 1219 2146 196
18201 4564 2099 4563 2008
18202 4767 196 783 1219
18203 4521 1099 602 170
18204 4521 2534 4125 4014
18205 3667 1688 3643 3566
18206 4618 3409 3796 2091
18207 3814 2028 2845 2792
18208 3814 1784 2863 2845
18209 4618 1917 2761 2660
18210 4645 134 866 995
18211 4203 48 1471 1343
18212 3672 2218 3599 3243
18213 4443 3183 4413 4107
18214 4462 3287 3659 2323
18215 3672 2962 3243 3180
18216 4162 1916 2287 2164
18217 4026 2707 3798 2813
18218 4026 3784 3841 1547
18219 3779 2453 3003 2445
18220 3723 3260 3623 1713
18221 3723 1574 3260 2300
18222 3998 1553 3286 1940
18223 4408 1512 3563 2538
18224 4567 1890 2299 1864
18225 4408 2538 3894 1512
18226 3724 2001 3460 3289
18227 4367 3041 4292 3289
18228 3613 971 1702 1439
18229 3598 2088 3426 2313
18230 3598 2242 3426 2088
18231 3613 971 1439 680
18232 3613 1601 2589 2368
18233 3893 2073 2381 1932
18234 4432 1669 3075 2004
18235 3599 2218 2691 2319
18236 3599 2319 2490 2218
18237 3599 2319 2691 2490
18238 3700 3013 3451 1594
18239 3704 2076 3544 2316
18240 3700 3013 3516 3451
18241 3766 1699 3567 3549
18242 3755 888 1114 1002
18243 3755 1002 1114 1113
18244 3976 3424 3647 2494
18245 3749 1645 3100 2134
18246 3704 1651 3575 1548
18247 3647 3438 3582 3017
18248 3600 372 2695 1881
18249 4244 1759 3368 3246
18250 3822 2843 3375 2968
18251 4707 4192 4359 1741
18252 4707 2674 3160 1741
18253 3600 1598 2695 2002
18254 3600 1881 2695 1598
18255 3736 3549 3567 2502
18256 4358 1395 1891 650
18257 3735 2625 3129 1380
18258 3866 2856 3282 1660
18259 3601 818 2036 1314
18260 3601 818 2894 2036
18261 3601 1635 2923 2666
18262 3601 2666 2923 1643
18263 3601 2036 2843 383
18264 3601 383 2843 1314
18265 3601 1314 2036 383
18266 4044 1572 3393 1539
18267 3866 3095 3232 1706
18268 4566 3180 3672 1685
18269 4566 3180 4442 3672
18270 4219 2239 2438 1593
18271 3604 2355 3264 2816
18272 4796 362 4722 267
18273 3718 3048 3202 1602
18274 4472 1944 3366 2949
18275 3719 3250 3326 1504
18276 4796 3941 4251 3939
18277 3718 1602 2733 454
18278 3718 454 3452 1602
18279 4689 2840 4119 3881
18280 4472 1369 2620 1371
18281 3605 2549 3531 2998
18282 3605 2386 3531 2549
18283 3605 2998 3531 240
18284 4565 1797 2146 1723
18285 4388 2364 3505 2126
18286 4563 2661 3593 252
18287 4388 2999 3776 1016
18288 4743 4230 4276 4272
18289 3605 827 3531 2386
18290 3605 240 3531 827
18291 4743 984 985 331
18292 4743 4272 4398 3555
18293 4501 3314 4248 2750
18294 4086 1360 2271 1826
18295 4086 1139 636 1360
18296 4257 3314 3936 595
18297 4070 1533 2729 2369
18298 4070 759 2252 188
18299 4070 759 2729 2252
18300 4535 2322 4306 2715
18301 3608 2783 3596 2697
18302 4629 3742 4017 3843
18303 3872 3614 3745 2155
18304 3872 2155 3745 2932
18305 4534 2241 4509 1714
18306 3870 2397 3186 2619
18307 4535 1521 3353 1694
18308 4535 2866 3353 2068
18309 4535 2715 2866 2068
18310 3609 2414 2860 2857
18311 3609 2857 2860 1918
18312 3618 1834 3602 2581
18313 3609 2860 3390 1918
18314 4569 2052 3592 2778
18315 4569 2073 3751 3242
18316 4569 3242 3751 1531
18317 3610 2275 2306 2022
18318 4189 2431 3498 2852
18319 3610 2033 2306 1525
18320 3610 2033 2543 2306
18321 3610 2306 2543 2022
18322 3610 2275 3077 2306
18323 3610 2306 3077 1525
18324 3610 1525 3077 2275
18325 3674 2187 3510 2770
18326 4246 2702 3776 3466
18327 3674 3510 3651 2097
18328 4002 256 3613 2427
18329 4002 916 1618 917
18330 3679 3269 3405 2537
18331 4570 2609 3461 2542
18332 4002 256 2427 2415
18333 4002 256 2415 916
18334 4002 1618 2415 1601
18335 4002 917 256 916
18336 3611 1795 3271 1862
18337 3611 1862 3271 1520
18338 3611 1727 3515 2019
18339 3611 2019 3515 1795
18340 4277 2271 2636 1826
18341 4230 2963 3562 3555
18342 4003 706 2128 584
18343 4675 1946 3176 2201
18344 4003 706 3479 2128
18345 4189 2369 2431 1560
18346 3615 226 3217 881
18347 3615 77 413 881
18348 3615 77 2515 413
18349 3615 881 413 226
18350 3615 1737 2801 2515
18351 3615 2515 2801 413
18352 3615 2209 2801 1737
18353 3615 934 2209 226
18354 3615 226 413 934
18355 3615 413 2801 934
18356 3615 934 2801 2209
18357 4355 380 1305 197
18358 3616 3530 3555 984
18359 3616 6 3530 984
18360 4712 1289 4235 161
18361 4231 3799 3889 3045
18362 4082 2632 3409 1993
18363 4082 2151 2746 1629
18364 4082 2632 2818 2151
18365 4146 2639 3348 2257
18366 4146 1507 3348 2639
18367 3618 2042 3602 2736
18368 3618 3186 3278 1579
18369 3618 3186 3602 3278
18370 3618 2736 3186 1579
18371 3618 2736 3602 3186
18372 4540 4413 4448 4301
18373 4715 2288 2518 2130
18374 3619 2135 3405 3269
18375 3619 2714 3269 1967
18376 3619 3269 3405 1967
18377 4759 4161 4299 3038
18378 4096 2830 3140 2624
18379 4571 2416 3361 3182
18380 4571 3627 4410 2416
18381 4571 2705 4410 3811
18382 4571 3182 3627 2416
18383 4696 2462 4318 3664
18384 3708 3527 3537 2873
18385 4411 3250 4365 2242
18386 4617 330 3594 983
18387 3811 1906 3358 3182
18388 3811 3358 3363 3122
18389 4234 3722 3811 1532
18390 4234 3484 4141 4025
18391 3623 3260 3561 1713
18392 3623 1713 3561 3119
18393 3623 3119 3561 2439
18394 3846 2523 2778 2470
18395 3846 2533 3719 1873
18396 4356 3857 4339 3270
18397 4061 3240 4059 2938
18398 3624 1898 3589 3240
18399 4576 1871 3849 3626
18400 3946 1818 3223 2942
18401 4575 2781 3806 2056
18402 3946 2645 2942 2401
18403 3987 3011 3258 2048
18404 3946 2645 3908 3226
18405 3625 2076 2742 1578
18406 3625 1578 2569 2076
18407 4684 367 4551 1444
18408 4115 791 500 323
18409 4420 2979 4045 1623
18410 4420 2979 3840 2585
18411 4760 3517 3585 2889
18412 4600 649 1452 1437
18413 4764 4440 4550 2152
18414 4786 192 3444 1315
18415 4709 2025 2825 1519
18416 4577 3052 3193 2656
18417 3850 2782 3383 3194
18418 3850 35 3383 2782
18419 4578 2867 3631 3587
18420 4575 2090 3806 2781
18421 3666 1771 2763 2284
18422 3666 1771 2284 1611
18423 3628 1864 3306 2679
18424 3628 2679 3306 1710
18425 3628 1727 3515 3494
18426 3628 3494 3515 3167
18427 4492 2304 3962 3385
18428 4492 2251 4373 3433
18429 4492 2962 3997 3433
18430 3907 968 1787 689
18431 3907 1648 3419 2371
18432 3907 1648 3386 1787
18433 3907 2371 3386 1648
18434 4697 1880 3297 3059
18435 4011 1654 1971 1828
18436 4158 982 2891 1769
18437 4158 1066 982 695
18438 4036 3296 3892 3726
18439 4036 3726 3920 3296
18440 4164 727 3072 93
18441 4011 1654 2227 1971
18442 4158 982 1078 695
18443 4051 1674 2418 2405
18444 4158 1663 2084 1769
18445 4158 1078 2794 695
18446 4255 2260 3596 1684
18447 4158 1663 2891 1840
18448 3725 3387 3514 2823
18449 3719 2533 3250 3162
18450 4011 1971 2227 1622
18451 4011 2227 3375 1936
18452 3632 2746 3305 1629
18453 3632 1629 3305 2870
18454 4350 1430 2443 789
18455 3633 3302 3392 3172
18456 3633 3172 3392 2556
18457 4521 602 4014 43
18458 3633 3302 3475 3392
18459 3633 3302 3507 3475
18460 3633 3475 3507 3392
18461 4191 2092 3717 3513
18462 4246 1742 3343 2270
18463 3634 2766 2967 2896
18464 3634 2896 2967 1531
18465 3634 1531 2967 2766
18466 3635 2707 3527 2420
18467 4636 1529 4194 2635
18468 4022 1716 2372 1926
18469 4632 2578 3465 1616
18470 3852 1589 2615 1835
18471 4179 2003 3982 3865
18472 4752 3801 3944 3901
18473 3852 711 1097 1131
18474 3852 711 1698 1494
18475 4022 1926 2372 2233
18476 4022 3359 3393 3097
18477 4022 2380 3727 2233
18478 3815 1582 3108 2160
18479 3637 1521 1895 1694
18480 3837 962 600 961
18481 3637 1510 2629 1977
18482 3837 962 209 600
18483 3637 937 582 286
18484 3637 937 1977 582
18485 3637 531 1122 283
18486 3637 937 3430 1977
18487 3637 1977 3430 1521
18488 3637 1521 3430 1895
18489 3637 1895 3430 937
18490 3637 1977 2629 582
18491 3637 582 2629 286
18492 3754 3346 3703 3301
18493 3811 1906 3363 3358
18494 4579 2601 3644 2172
18495 4579 3387 3458 2172
18496 3844 2945 3457 3168
18497 4539 2135 4507 3489
18498 4063 1162 704 1435
18499 3753 2973 3669 3123
18500 4500 1383 692 330
18501 3844 3362 3457 2945
18502 4160 2501 3231 2775
18503 3752 1420 686 1424
18504 4035 1657 3562 3500
18505 4762 3703 3765 3682
18506 4018 2337 3069 1870
18507 3913 1927 3523 3253
18508 4796 1334 3941 362
18509 4600 2160 3789 1582
18510 4595 1848 4297 2682
18511 4723 2740 3204 3146
18512 3940 1001 2125 377
18513 4252 2374 4049 3662
18514 3940 377 2125 809
18515 4026 1938 3841 3106
18516 4572 2730 3247 2972
18517 3942 1281 2395 534
18518 3942 534 3506 1281
18519 3942 2308 2756 1804
18520 4256 2319 3744 2769
18521 4176 1588 2464 1900
18522 4176 1237 701 7
18523 3642 2060 2759 2401
18524 3642 2759 3084 2401
18525 3642 2060 3424 2759
18526 3642 1566 3084 2367
18527 3733 1823 3389 2335
18528 3778 3623 3723 2206
18529 4811 807 3227 1144
18530 4752 3316 4481 1683
18531 4556 2151 3890 3212
18532 3892 2678 3726 1926
18533 3642 2759 3424 2367
18534 3642 2367 3084 2759
18535 3643 2008 3188 470
18536 3644 2738 3169 1785
18537 4769 1658 4583 2603
18538 4769 2265 4683 1751
18539 4768 2142 4580 4253
18540 4580 2089 2781 2424
18541 4580 2089 3648 1148
18542 4580 1814 3648 2424
18543 4624 2670 4573 3010
18544 3830 713 1342 148
18545 3830 434 1692 1039
18546 3830 1431 148 1039
18547 3903 1684 2547 2531
18548 3830 713 148 1431
18549 3830 1039 148 1061
18550 4407 3298 3552 1685
18551 4168 3663 3962 1813
18552 4684 2613 3415 2106
18553 4744 3289 4367 4292
18554 4582 2606 3458 2689
18555 4737 2316 2321 2203
18556 4582 1685 3243 2907
18557 4582 1685 4407 3243
18558 4638 1152 3902 912
18559 4624 3010 4339 3693
18560 3830 434 1039 1061
18561 4638 1152 912 438
18562 4110 2194 2580 1538
18563 4407 1685 3672 3243
18564 4407 3599 3725 3243
18565 4213 1727 3189 2222
18566 4478 3143 3829 3404
18567 4479 1618 2933 2244
18568 4479 2317 2933 2361
18569 4480 2585 4292 3289
18570 4480 3312 3840 2585
18571 4604 2598 3990 3085
18572 4076 3105 3933 2498
18573 4581 3182 3651 2345
18574 4581 1683 4271 3288
18575 4581 1885 4347 3182
18576 4581 3288 3645 1683
18577 4582 3387 3725 3054
18578 4478 3013 3042 2558
18579 4478 3013 3541 1847
18580 4582 3054 3298 2526
18581 4582 3054 4407 3298
18582 4524 3596 3952 2697
18583 4687 3288 4167 3493
18584 4539 2869 4507 2135
18585 4254 1970 3563 1879
18586 4543 3701 3991 3848
18587 3675 1966 3512 3509
18588 3675 3376 3512 1966
18589 3652 1857 2265 2139
18590 3652 2139 2265 1658
18591 3860 2406 3457 3369
18592 3860 2434 3687 2602
18593 3654 387 793 1318
18594 3654 724 1593 387
18595 3654 724 2508 1593
18596 3654 793 1867 1318
18597 3654 1593 2393 387
18598 3654 387 2393 793
18599 3654 2239 2393 1593
18600 3654 1867 2393 2239
18601 3654 793 2393 1867
18602 4442 2055 3552 2319
18603 4691 1766 3216 1892
18604 4110 1853 2954 2194
18605 3984 2252 2452 1829
18606 4441 540 4139 2534
18607 4442 2218 3672 3180
18608 4441 1999 3879 3267
18609 4441 3879 4139 2013
18610 4691 155 4134 723
18611 4691 723 1251 552
18612 3656 85 2332 1105
18613 3656 2013 2926 2332
18614 3656 2332 2926 1105
18615 3656 1105 2926 2013
18616 3657 1746 2253 120
18617 3657 120 2253 1712
18618 3657 1615 2165 1534
18619 3657 1534 1746 1615
18620 3657 1241 3115 2765
18621 3657 2765 3115 1811
18622 3670 2383 3340 1562
18623 4492 3962 4373 2402
18624 4154 762 1720 1035
18625 3659 1366 2323 238
18626 3659 1393 1366 238
18627 4422 3092 3520 2032
18628 4422 1357 2032 750
18629 3659 2323 2334 1868
18630 4239 2667 3794 1599
18631 3659 238 389 1393
18632 3659 596 2469 1329
18633 3659 1329 1366 596
18634 3659 1329 2469 1366
18635 4086 2667 3395 1599
18636 4086 636 3018 2271
18637 3914 2588 3037 2527
18638 4585 1728 2874 2835
18639 4585 3407 3431 2590
18640 3795 2938 3624 2454
18641 3795 2690 3170 2454
18642 4457 1719 4300 3791
18643 3795 3147 3170 2690
18644 4562 1016 4388 3776
18645 4562 3776 4388 1912
18646 4585 1728 3407 2874
18647 4585 3607 3677 2835
18648 4585 3407 4570 3431
18649 4616 1915 3390 2462
18650 4050 2087 3605 2549
18651 4158 1769 2084 982
18652 4715 1919 4714 3090
18653 4715 3090 4714 4252
18654 4769 2305 4583 3415
18655 4253 2318 3681 2996
18656 3662 2248 2966 2106
18657 3662 2106 2613 2248
18658 4584 3020 4183 3660
18659 4584 1599 3913 3794
18660 4584 2825 3913 1599
18661 4584 2314 3794 2404
18662 4584 3020 3166 2943
18663 4573 3577 3696 2286
18664 3664 1579 3156 2972
18665 4395 1850 3364 2855
18666 4411 3426 3966 1941
18667 4411 3809 4365 3568
18668 4342 1656 3064 2522
18669 4342 3064 4043 2522
18670 4573 2928 3120 2670
18671 4789 81 4172 1120
18672 4573 3120 3136 2670
18673 4319 1001 2412 1401
18674 4319 3117 3940 2125
18675 4319 1001 3940 3117
18676 4319 377 2604 2125
18677 4618 2761 2784 2091
18678 3666 2284 3334 1611
18679 3666 1611 3334 2914
18680 4178 2131 2811 2327
18681 4306 128 2715 2322
18682 4178 2327 2811 1770
18683 3666 3330 3414 1948
18684 3666 3330 3594 3414
18685 4618 2430 3816 1917
18686 4618 1929 3409 2091
18687 3668 2819 3499 3138
18688 4342 900 659 811
18689 3668 2819 3341 2648
18690 3668 2648 3260 2819
18691 3668 2648 3341 1574
18692 3668 1574 3260 2648
18693 3668 3278 3618 3499
18694 4733 2652 4328 4310
18695 4342 2208 4128 659
18696 4661 2816 3305 3035
18697 3669 2536 3024 1562
18698 3669 1798 3340 2973
18699 3669 1562 2541 2536
18700 3669 1562 3340 2541
18701 3669 2536 2541 1798
18702 3669 2541 3340 1798
18703 4752 3901 3930 3801
18704 4178 105 312 729
18705 4178 2680 3926 858
18706 3702 2701 3122 2662
18707 4526 2755 3638 2812
18708 4196 1762 3511 1970
18709 4162 2164 3365 254
18710 3849 1789 3565 3262
18711 3849 3493 3565 1509
18712 4162 254 437 1031
18713 4162 1031 1056 254
18714 4588 1723 2149 2056
18715 4162 1056 2164 254
18716 4479 184 3310 2289
18717 4238 3018 4086 3163
18718 4315 1815 2205 1309
18719 4162 1031 437 489
18720 4162 254 2061 437
18721 3723 2300 3668 2555
18722 3723 3260 3655 3623
18723 3724 3289 3460 3312
18724 4588 2149 3806 2056
18725 4162 1916 2164 1056
18726 4588 2090 3806 3047
18727 4162 2287 3365 2164
18728 3779 2129 3473 2243
18729 3779 2445 3003 691
18730 3723 3260 3668 2300
18731 3723 1574 3655 3260
18732 3723 2555 3668 3260
18733 3673 2022 2543 1889
18734 4221 2442 4091 2582
18735 3673 2022 2204 2114
18736 4587 511 2287 1372
18737 3673 1889 2204 2022
18738 4587 2287 4490 3365
18739 4771 2526 3458 2141
18740 4462 3109 3287 2323
18741 4462 166 4421 1632
18742 4587 1372 4162 437
18743 4587 2061 4490 1821
18744 4587 437 4162 2061
18745 4335 2805 2949 1844
18746 4547 3257 3523 1590
18747 3755 1992 3412 1113
18748 3732 2645 3308 1516
18749 3873 2725 2973 1798
18750 3732 1631 3533 3403
18751 4202 3083 3206 1784
18752 4202 3128 3604 3230
18753 3739 1337 1029 1347
18754 3780 1605 2991 1733
18755 3827 905 1143 1245
18756 4427 3655 4019 3091
18757 3676 1290 3263 1731
18758 3676 1731 1931 1558
18759 3676 210 1731 1558
18760 4780 4023 4640 2865
18761 3677 2835 3607 2374
18762 3970 1512 2995 2433
18763 4780 3904 4640 1562
18764 4780 2865 4177 2961
18765 4586 2114 3559 3338
18766 3677 2374 2564 1847
18767 4169 3333 3349 3346
18768 4013 2673 3391 2291
18769 4366 3425 4036 3920
18770 4405 2694 4218 2662
18771 4412 2532 3268 2258
18772 4002 2415 2427 1601
18773 4002 1618 2933 2368
18774 3679 2537 3075 2638
18775 4589 1781 3279 2872
18776 4590 1336 3688 1108
18777 3681 2159 2996 2318
18778 4105 1918 3463 1007
18779 4336 1566 3576 3185
18780 4593 3262 4439 3346
18781 4254 1512 1970 1962
18782 3681 2424 3448 1524
18783 3681 2318 2424 1524
18784 4589 2317 4118 3279
18785 4589 1781 4118 2317
18786 4589 2498 2709 1781
18787 4590 1108 3688 279
18788 4590 2910 3244 435
18789 3708 3053 3635 2420
18790 3706 2313 3490 1506
18791 4604 2598 4499 3990
18792 3766 2189 3331 2055
18793 3704 1548 3575 3355
18794 3704 2316 3544 2220
18795 4297 1321 3479 1848
18796 4590 1336 576 1375
18797 4125 1999 3046 2400
18798 3684 1451 3222 423
18799 3684 423 846 1451
18800 3775 1796 3555 2767
18801 4597 2023 3033 2155
18802 4048 2714 3619 2183
18803 3775 3335 3554 3485
18804 4047 3606 3746 2497
18805 4047 3319 3826 3477
18806 4047 3319 3477 3164
18807 4746 3695 3862 3835
18808 4563 252 3593 1045
18809 3775 3537 3550 2767
18810 4399 1557 2711 2030
18811 4373 3433 4188 2329
18812 3861 3021 3786 2041
18813 3861 3347 3786 2575
18814 3687 3103 3160 2274
18815 3687 2504 3103 2274
18816 4591 1978 3561 3102
18817 4591 3005 3917 3758
18818 4591 1978 3005 2364
18819 3688 1141 644 1336
18820 3688 1141 1305 644
18821 3688 1110 279 1108
18822 3688 1110 2862 279
18823 3688 890 853 1110
18824 3688 853 2862 1110
18825 4157 2701 3096 2471
18826 4157 2098 3630 2733
18827 4591 2364 3054 1978
18828 4591 3005 3458 2172
18829 4157 2733 3157 1851
18830 4157 2098 3939 3630
18831 4157 2465 4050 1761
18832 4157 2701 4050 3096
18833 3691 1771 3282 2284
18834 4592 2183 3619 3056
18835 4722 1672 3941 3500
18836 3793 1896 2697 2583
18837 4783 4351 4473 3399
18838 3793 2697 3389 2583
18839 3793 663 208 946
18840 3857 2743 3270 1545
18841 3975 2392 3749 3307
18842 3703 2880 3058 2517
18843 4594 3037 4034 3752
18844 3693 1885 3627 3564
18845 3693 3564 3627 2696
18846 4210 2411 3912 3255
18847 3871 3347 3422 2575
18848 4530 2668 3126 2238
18849 3694 2108 2844 2595
18850 3694 2108 3107 2844
18851 3694 2311 3549 2502
18852 3694 2502 3549 1866
18853 3694 1866 3549 2311
18854 4593 3237 4439 3262
18855 4562 541 2294 2126
18856 4540 3698 4506 4301
18857 3694 2844 3107 1536
18858 3694 2595 2844 1536
18859 3694 1536 2722 2595
18860 3694 1536 3107 2311
18861 3694 2311 2722 1536
18862 3695 1802 2123 1644
18863 3695 1644 2099 1802
18864 4286 232 3940 809
18865 4235 1179 2488 2009
18866 3707 3439 3682 3017
18867 3863 2078 3327 1193
18868 4133 2367 4127 3419
18869 3836 286 2629 82
18870 3836 2629 3797 3543
18871 3836 1510 3637 2245
18872 3695 1709 2739 2123
18873 3697 1440 1406 349
18874 4736 4192 4707 2421
18875 4735 2054 2500 2072
18876 3979 1509 3557 2822
18877 4735 1028 2054 260
18878 4353 1550 3896 2072
18879 4218 1747 3501 3052
18880 3979 1509 3053 2422
18881 4302 566 1368 1386
18882 4789 1120 2245 557
18883 4038 720 22 1076
18884 4519 3671 4195 3417
18885 4645 134 3932 866
18886 3915 1238 2616 550
18887 4010 2743 2913 2224
18888 3878 3384 3773 1878
18889 3878 2501 3773 1975
18890 3921 3294 3877 2792
18891 3912 1959 3522 3474
18892 4211 3110 3592 2303
18893 4595 1352 307 955
18894 4211 3592 3751 2303
18895 4595 307 2993 1731
18896 4595 1460 1352 671
18897 3727 1852 2459 2233
18898 3727 2459 3329 1575
18899 3921 3685 3869 2028
18900 3775 3485 3555 1796
18901 4774 4195 4606 3671
18902 4810 3196 4636 4249
18903 4597 2023 3320 2609
18904 4774 3748 4763 3701
18905 4810 4249 4779 4166
18906 4597 3301 3754 3703
18907 4597 2609 3320 2155
18908 4544 2018 3958 2326
18909 3849 3493 3626 3288
18910 3849 3288 3626 2918
18911 4544 957 1572 1558
18912 4339 3087 4167 2451
18913 3849 1871 3635 1789
18914 3849 1789 2918 2710
18915 3849 2710 2918 1871
18916 4688 1365 994 338
18917 3849 3191 3288 2978
18918 3849 1509 3626 3493
18919 3849 1789 3262 2978
18920 3833 142 796 939
18921 4349 1964 3743 3632
18922 3833 2427 3374 2096
18923 3833 142 1464 449
18924 4166 2821 3983 1594
18925 4304 1908 2038 1675
18926 4304 2798 2908 1717
18927 3766 2055 3437 2189
18928 4416 3259 4415 2251
18929 4601 2960 3552 3298
18930 3766 2189 3437 1699
18931 3766 3567 3736 2189
18932 4304 2069 2798 1675
18933 4600 2026 4438 649
18934 4600 1582 3815 2160
18935 3706 1802 3566 1506
18936 4298 1476 2010 1649
18937 4297 2682 3479 1321
18938 3706 1506 3490 2785
18939 3706 2785 3551 1506
18940 4297 3 1387 583
18941 4596 2496 3265 2442
18942 4596 2997 3699 3342
18943 3706 2017 3551 2785
18944 3706 2785 3490 2017
18945 3706 2017 3490 2924
18946 3708 3206 3635 3053
18947 3785 2359 3215 2750
18948 3785 1628 3428 3109
18949 4138 1018 3031 2292
18950 4795 3354 4471 3718
18951 3928 2850 3733 2260
18952 3928 3885 3903 1823
18953 4493 1816 3382 1632
18954 4535 1506 2785 2068
18955 4629 3843 4392 2834
18956 4219 2438 2508 1593
18957 3710 2366 2774 2067
18958 4406 3088 3991 3701
18959 4406 2475 3701 3487
18960 4406 3701 3991 3487
18961 3710 2694 3209 2366
18962 4694 2457 2660 2250
18963 4137 2218 2490 2319
18964 3710 2366 3096 2694
18965 3710 2694 3096 2067
18966 3710 2067 3096 2366
18967 4270 1459 4090 635
18968 4270 1483 1459 635
18969 4633 2616 3876 2191
18970 4270 1483 4056 1243
18971 4137 2493 2944 2898
18972 4528 3306 4483 3167
18973 4528 3580 4483 3199
18974 3711 3185 3576 2174
18975 4791 1578 4705 3332
18976 3711 2826 2882 2712
18977 3711 2826 3253 2882
18978 3711 2882 3253 2712
18979 3715 2577 2953 1668
18980 4627 887 3836 3543
18981 3712 1603 3471 2650
18982 3712 1603 3368 2721
18983 3712 2012 3471 2721
18984 3712 2721 3471 1603
18985 4172 1694 2677 1510
18986 3714 1791 3106 2797
18987 4232 1062 3321 1033
18988 4232 1022 2659 1098
18989 3799 1624 3344 3045
18990 3714 1938 3712 2797
18991 3714 2797 3712 2012
18992 3842 2112 3531 2931
18993 3714 2721 3712 3368
18994 3714 3368 3712 1938
18995 3715 1668 2953 63
18996 3715 63 1894 1668
18997 3715 63 2953 258
18998 3715 258 739 63
18999 3715 258 2953 739
19000 3715 1455 2516 1410
19001 3715 1455 3440 2516
19002 3716 2728 2892 259
19003 3716 2728 3137 2892
19004 4313 820 543 1320
19005 4313 543 3001 99
19006 3716 259 2892 1032
19007 3716 1032 1291 259
19008 3716 1818 3226 2363
19009 3716 2363 3226 2093
19010 3716 2093 3226 1818
19011 4313 344 1945 1320
19012 4313 1945 3161 764
19013 4669 3088 3991 2203
19014 4313 1772 2032 1624
19015 4203 48 1355 1471
19016 4203 534 2395 1355
19017 4335 610 102 1136
19018 4335 1844 2949 990
19019 4517 2479 2605 1966
19020 3761 2928 3577 1657
19021 3719 1504 3326 2470
19022 3719 2470 3326 2533
19023 3847 1592 3272 1541
19024 3847 2007 2438 2239
19025 4518 551 3547 1023
19026 4518 2985 3547 551
19027 3720 1584 2259 1559
19028 4385 2123 2739 1709
19029 3720 1961 3272 1559
19030 3720 1559 3272 1897
19031 4450 3270 3832 2911
19032 3960 2735 3846 2887
19033 3960 1941 3846 2735
19034 3720 2259 3474 1559
19035 3720 1559 3474 1961
19036 3720 1584 3474 2259
19037 3720 1961 3474 1584
19038 4067 1292 358 1473
19039 4026 3579 3851 1938
19040 4026 3106 3579 1938
19041 4026 2420 3527 2707
19042 3812 3094 3653 2511
19043 4406 3285 4168 3529
19044 4224 3635 4021 1784
19045 4142 2096 4140 2235
19046 4099 2690 3170 3147
19047 4099 2666 2923 1635
19048 4099 2923 3895 1635
19049 4099 2968 4077 1555
19050 3812 2792 3653 1903
19051 3812 2544 2792 2707
19052 4406 4212 4338 3701
19053 4406 3701 4338 3088
19054 4406 3487 3529 2475
19055 4099 3170 3895 2923
19056 4099 3147 3170 1555
19057 4099 2666 3170 2923
19058 4100 2683 2937 1950
19059 4600 348 3789 1437
19060 4703 3040 3525 3134
19061 4600 649 3730 1452
19062 4600 649 3249 2026
19063 4599 4077 4099 2968
19064 4600 3730 3815 1582
19065 4410 2506 3564 2662
19066 4697 2249 3963 3190
19067 4486 1644 3014 1802
19068 4486 2099 3667 1554
19069 4486 1600 3593 1554
19070 3725 2691 3299 2831
19071 3725 2831 3299 2823
19072 4061 2525 4059 1689
19073 3893 2071 2081 2073
19074 3893 135 700 670
19075 4716 3211 4250 2562
19076 4749 2548 4228 2738
19077 4455 1656 4342 2208
19078 4023 3253 3774 3166
19079 4023 3166 3265 3257
19080 4352 2567 3675 3509
19081 3893 670 2071 1932
19082 4216 3044 3721 2394
19083 4434 2452 4194 3148
19084 3727 2162 2459 1852
19085 4452 3459 4433 3368
19086 4452 3368 4433 1603
19087 4434 3142 3151 2642
19088 4452 2721 3459 3368
19089 4683 2480 4115 2428
19090 3846 1873 3719 3592
19091 3846 2463 2735 1641
19092 3846 3592 3719 2470
19093 4653 3511 4351 3362
19094 4756 2000 2990 520
19095 4756 301 3922 1158
19096 4506 4107 4334 3698
19097 4156 94 2667 1139
19098 3846 2778 3592 2470
19099 3846 2463 2887 2735
19100 4522 2701 3702 2506
19101 4522 1761 4050 2465
19102 4568 1763 4105 2591
19103 4535 2068 3353 1521
19104 4601 3552 3744 2691
19105 3790 2486 3215 2359
19106 3816 1917 2539 1921
19107 4035 3048 3718 2120
19108 4035 3197 3562 1657
19109 4601 3298 3787 2960
19110 4601 3298 3552 2691
19111 3881 537 1701 1671
19112 3881 131 878 1070
19113 4120 2443 2706 1750
19114 4657 2779 4325 1909
19115 3881 878 1846 537
19116 3881 2476 2840 2132
19117 3881 1701 2476 1671
19118 4355 3068 3688 1305
19119 4355 3068 4156 3688
19120 4256 2769 2799 2319
19121 4492 2962 3433 1813
19122 4636 3196 3498 2200
19123 3778 1662 2695 1598
19124 3734 1467 2175 1458
19125 3734 2137 2175 1630
19126 3734 316 2894 869
19127 3734 869 2894 938
19128 3734 1458 316 869
19129 3734 860 2175 2137
19130 3734 1314 3375 2175
19131 3734 2175 3375 1630
19132 3734 1630 3375 2843
19133 3734 2843 3375 1314
19134 3734 938 399 869
19135 3734 869 399 1458
19136 3734 1458 2175 445
19137 3734 445 860 1458
19138 3734 445 2175 860
19139 3736 2502 3567 1985
19140 4603 3130 3992 2754
19141 4677 3407 4088 3118
19142 4602 1036 4369 2879
19143 4602 182 1036 1009
19144 4014 993 2534 1974
19145 4310 2214 3928 2951
19146 3931 1234 1817 353
19147 4522 3578 4231 2087
19148 3788 1924 2827 2440
19149 4482 1870 2679 1711
19150 4605 559 55 1363
19151 3980 2196 3819 2257
19152 4605 444 3332 1363
19153 4543 3293 4131 2475
19154 4147 2077 2552 2117
19155 3980 207 1230 1278
19156 4598 2001 3724 3384
19157 4651 3877 4009 3921
19158 3953 3197 3761 3709
19159 3953 2928 3197 3048
19160 4166 2532 2851 1967
19161 4166 3345 3983 2821
19162 3962 1975 3529 3285
19163 4169 3442 3807 3333
19164 3962 1813 2846 2304
19165 3994 1707 2617 1763
19166 4555 2086 4237 1662
19167 3994 1752 2617 1923
19168 3844 2044 2669 2446
19169 3844 2044 3184 2669
19170 4160 3231 3529 1679
19171 3844 2103 3362 2897
19172 3844 1762 3168 2669
19173 4533 2363 4138 4122
19174 3743 2634 3019 1773
19175 4347 2918 3010 1885
19176 4063 1162 1435 55
19177 4063 55 3949 1162
19178 3743 2757 3388 2634
19179 4063 1799 2074 1661
19180 4606 1872 4338 3671
19181 3743 2634 2988 2814
19182 3743 2293 2644 2449
19183 3743 2293 2814 2644
19184 3743 2634 3388 2988
19185 3743 2988 3388 2449
19186 3743 2814 2988 2644
19187 3743 2644 2988 2449
19188 3746 1968 2772 2357
19189 3746 2357 3495 2207
19190 4651 3786 4326 3294
19191 4651 3685 4326 3786
19192 4209 3042 3508 2558
19193 4200 1634 3868 1821
19194 3999 3155 3971 2195
19195 4357 2250 3129 2841
19196 4110 1853 3839 2571
19197 3969 2595 3379 1810
19198 3969 2284 3666 2763
19199 3748 2884 3701 3663
19200 4616 1747 3617 3390
19201 4607 1659 4246 1040
19202 4339 3857 4167 2286
19203 4607 1040 249 1042
19204 4607 3776 4246 1742
19205 4486 1802 3667 2099
19206 3958 3097 3771 3073
19207 4013 1576 2589 2368
19208 4744 1953 3517 2889
19209 3958 3073 3823 2018
19210 3958 3097 3393 3359
19211 4013 1569 3339 1576
19212 3969 2961 3665 2595
19213 3958 1944 2326 2018
19214 3958 1859 3823 3073
19215 3958 1859 3771 3097
19216 4033 325 1418 1268
19217 4018 1285 1977 157
19218 4261 1840 4158 127
19219 4607 504 2593 1659
19220 4630 1541 3255 2158
19221 3762 1896 2547 1831
19222 4578 3639 4435 2834
19223 3751 2303 3592 2052
19224 4033 1154 409 1279
19225 4574 3112 3307 3193
19226 4018 1285 157 728
19227 4018 1285 3528 1977
19228 4018 1568 3069 1836
19229 4018 1836 3069 2337
19230 4018 728 1870 1046
19231 4789 2245 4627 557
19232 4373 2329 4212 3433
19233 3761 2355 3120 2928
19234 4669 2557 3484 3420
19235 4411 2242 3426 3326
19236 4786 3227 4190 3337
19237 4598 3384 3878 2001
19238 3754 3647 3703 3439
19239 3755 1015 3406 888
19240 3755 1114 523 1113
19241 3755 1114 1992 523
19242 3755 523 1992 1113
19243 4608 2193 3963 3741
19244 3756 1609 1659 1626
19245 3756 1659 2593 1626
19246 3756 1626 2324 2176
19247 3756 2176 2324 401
19248 4608 2197 3963 3456
19249 4608 3110 3741 3384
19250 4811 373 4436 3336
19251 4608 3384 3741 2197
19252 4608 3110 3384 2197
19253 3756 1053 1626 1026
19254 3756 1053 2324 1626
19255 3756 401 2324 1053
19256 3756 1053 1026 401
19257 4365 3568 3809 2507
19258 3857 2743 3277 3062
19259 3857 3062 3277 2184
19260 3757 2143 3107 2311
19261 3757 3107 3691 2311
19262 3757 1947 3107 2587
19263 3757 2587 3107 2143
19264 3758 2172 3458 3005
19265 4441 2013 3656 3267
19266 4441 2417 3656 2534
19267 4441 3267 3879 2013
19268 3759 3318 3535 3200
19269 3759 2001 3318 3200
19270 3759 3535 3641 3200
19271 3759 3200 3302 2001
19272 3759 3200 3641 3302
19273 4118 2361 2933 2317
19274 4532 2814 3743 2293
19275 4609 2677 4172 569
19276 4609 264 569 81
19277 4518 2390 4152 2976
19278 4518 2976 4152 1678
19279 4518 3547 4423 1023
19280 4518 136 3915 1295
19281 4518 3729 4152 2390
19282 4392 1990 3497 2745
19283 4118 2291 2933 2361
19284 4118 1924 2589 2291
19285 4018 1977 3430 157
19286 4018 1836 1977 1568
19287 4206 2246 2356 907
19288 4207 2928 3120 2355
19289 4212 1872 4188 2329
19290 4212 2329 4188 3433
19291 4206 1476 2399 430
19292 3763 1896 3503 2241
19293 3763 46 2547 1159
19294 3763 1998 3241 1831
19295 3763 1159 594 609
19296 3763 594 1998 609
19297 3763 1831 3082 2547
19298 3763 2547 3082 1159
19299 3763 1159 3241 594
19300 3763 594 3241 1998
19301 3763 1831 3241 3082
19302 3763 3082 3241 1159
19303 4797 3316 4730 4285
19304 4273 1800 3808 1910
19305 4324 1827 4155 2777
19306 4744 3205 3517 3324
19307 4048 2290 2776 1639
19308 4048 2183 2833 2714
19309 4048 2290 2869 2776
19310 4324 3993 4155 1827
19311 4399 920 2953 258
19312 4744 1953 4633 2585
19313 4399 1666 2953 1621
19314 4265 2101 2552 1312
19315 4508 2334 4321 2486
19316 4708 2640 2694 1532
19317 3765 3439 3647 3017
19318 3765 3017 3647 3582
19319 4265 2647 2796 1780
19320 4598 3284 4097 3200
19321 4774 3417 4763 3748
19322 4267 2476 2600 1610
19323 4265 1417 722 1312
19324 3975 3038 3317 1571
19325 3931 757 1817 1214
19326 3975 3317 3749 1645
19327 3975 1698 3603 1707
19328 3767 249 3281 402
19329 3772 1743 3001 2087
19330 3772 2032 3001 1743
19331 4314 3316 3421 1985
19332 3768 1859 3158 2922
19333 3768 2922 3158 2391
19334 3768 1859 3089 2473
19335 3972 230 2864 1882
19336 3972 230 1882 894
19337 3972 1551 2864 230
19338 4359 1990 3337 2674
19339 3768 2391 3089 2922
19340 3768 2922 3089 1859
19341 3769 1146 2353 1316
19342 3769 1316 2353 1987
19343 3769 1253 2353 1146
19344 3769 1146 1167 1253
19345 3769 1514 2389 1782
19346 3769 1782 1987 1514
19347 3769 1782 2389 619
19348 3769 345 1782 619
19349 3769 1167 2388 1166
19350 3769 1166 2388 2353
19351 3769 1167 1166 1253
19352 3769 1166 2353 1253
19353 4392 3497 3742 2834
19354 4392 2834 3843 2867
19355 3771 2922 3158 1859
19356 3771 2922 3513 3158
19357 3771 3073 3513 2922
19358 3771 1859 3073 2922
19359 4174 2117 2552 2101
19360 4174 2546 3924 2117
19361 4174 2101 2546 2117
19362 4174 2101 2552 1780
19363 4703 3051 4180 3134
19364 3772 2032 3092 1772
19365 3772 1772 3092 2153
19366 3773 2475 3587 2846
19367 4609 81 575 264
19368 3963 3402 3456 2683
19369 4610 123 2243 1347
19370 4142 2244 3374 1317
19371 4140 1585 3740 2235
19372 4042 2014 2987 1668
19373 3773 2846 3663 2475
19374 3773 2475 3663 3529
19375 3774 3166 3253 3020
19376 4024 139 2804 1448
19377 4024 2105 2663 1561
19378 4024 1448 2804 2455
19379 4024 139 2809 2105
19380 4563 1554 2226 2008
19381 4565 1901 2139 1963
19382 4389 1247 477 1079
19383 4389 2054 3002 1079
19384 4389 2951 3928 1550
19385 3776 1040 3466 440
19386 3776 440 249 1040
19387 4563 2226 2724 252
19388 4565 2139 2720 1834
19389 4247 2589 4118 1924
19390 4247 2317 4140 2235
19391 4608 3741 3760 2984
19392 4389 1550 3928 2531
19393 4389 1550 2500 2054
19394 4389 710 3903 2951
19395 4389 2531 3903 169
19396 4563 252 2724 2661
19397 4563 1554 2724 2226
19398 4247 1601 2933 2589
19399 4247 2589 3961 1601
19400 4170 1616 2684 799
19401 4468 2553 3195 2159
19402 4147 2077 3924 2611
19403 3778 2635 3498 1598
19404 3778 1598 3498 3275
19405 3934 2001 3878 3384
19406 4100 2284 3282 1611
19407 4077 2968 3982 1936
19408 4077 2788 2968 1936
19409 3934 2501 3828 1878
19410 4611 2295 3106 1755
19411 4776 2748 3055 1794
19412 4368 213 2930 854
19413 4799 1331 3452 76
19414 3934 2501 3231 2331
19415 3934 1878 3828 3384
19416 3934 3759 3878 2001
19417 3934 2775 3231 2501
19418 3934 3041 3460 2001
19419 3934 3460 3759 2001
19420 3934 2501 3878 2775
19421 4611 2422 3579 1755
19422 4611 1755 3579 2295
19423 3782 2295 3683 1755
19424 3782 1755 2312 2295
19425 3782 1755 3683 2312
19426 3782 2045 3579 2295
19427 3782 2045 3683 3579
19428 3782 3579 3683 2295
19429 3783 317 1277 766
19430 3783 317 1733 1277
19431 3783 1277 1733 766
19432 3853 2573 3007 2741
19433 3783 2732 2855 1733
19434 3783 1733 2855 2686
19435 3783 2615 2855 2732
19436 3783 2686 2855 2615
19437 4632 2950 3465 2578
19438 3853 3007 3429 2741
19439 4632 1616 4170 1145
19440 3853 1653 3007 2573
19441 3853 2617 3007 1653
19442 4612 1823 3793 946
19443 3784 2420 3708 3527
19444 3784 3527 3708 2873
19445 4027 2351 3988 2253
19446 4137 2359 3428 2490
19447 4137 3428 3785 2319
19448 3842 3096 3157 1851
19449 3842 1851 3157 2625
19450 3928 1684 2531 2382
19451 3928 2382 3400 2260
19452 3928 2850 3400 2214
19453 3896 1550 2951 2072
19454 3865 1487 3153 913
19455 3928 1550 2951 2214
19456 4311 1648 2879 2401
19457 4705 2358 3256 1327
19458 4051 2148 2986 2264
19459 4327 122 428 849
19460 4037 1547 3768 2885
19461 4037 2885 3768 2473
19462 4329 2787 3805 2715
19463 4772 2759 3424 2060
19464 4772 1613 3647 3424
19465 4772 3424 3647 2060
19466 3787 1978 2364 2126
19467 3787 1978 3054 2364
19468 3787 2439 3561 3119
19469 3787 3119 3561 1978
19470 3787 1912 3299 3054
19471 3787 3054 3299 2364
19472 3787 2364 3299 1912
19473 3789 348 1287 740
19474 3789 740 1287 1462
19475 3789 1427 1652 788
19476 3789 788 1437 1427
19477 3789 788 1652 1437
19478 3789 1814 3108 2160
19479 4601 2831 3299 2691
19480 4601 2691 3299 3054
19481 4601 2691 3744 2831
19482 4601 1912 3299 2831
19483 3789 311 1151 786
19484 3789 1151 1814 786
19485 3789 311 3108 1151
19486 3789 1151 3108 1814
19487 4333 800 3115 359
19488 3792 1899 2403 1947
19489 3792 1947 2403 1536
19490 3792 1536 2403 1899
19491 4198 263 2664 459
19492 3792 1660 3691 3282
19493 3792 3282 3691 1771
19494 4503 1409 4296 2676
19495 4640 3253 4023 3257
19496 4640 3257 3523 3253
19497 4640 1590 3523 3257
19498 4640 2882 3253 1927
19499 4613 2730 3578 2506
19500 4777 630 4622 904
19501 3804 2106 3415 2966
19502 3804 2248 2966 1619
19503 3804 2106 2248 1619
19504 4641 3904 4153 3446
19505 3904 2865 3446 3379
19506 3794 2404 3144 1508
19507 4035 3197 3761 2928
19508 4418 1791 3283 2382
19509 3914 2527 3037 2700
19510 4240 2118 2560 2447
19511 4240 2553 2619 2397
19512 4240 2159 2553 2397
19513 4240 1726 3300 3255
19514 3795 2454 3636 2690
19515 4270 635 4056 1483
19516 4680 1798 2541 2441
19517 3796 2660 2761 2457
19518 4803 2795 4755 4505
19519 4520 2059 3594 3532
19520 4524 3389 3777 3733
19521 3817 1718 2171 1677
19522 3817 1689 1913 1875
19523 4619 1700 2491 27
19524 4619 1947 3819 2173
19525 4619 1528 4149 3819
19526 4464 3204 4195 2548
19527 4520 282 2376 1085
19528 4464 3536 3649 1858
19529 4464 1738 3536 2934
19530 4524 3952 4293 1607
19531 4464 2934 3536 1515
19532 4694 2841 4357 2003
19533 4232 475 2936 2292
19534 3889 2527 3098 3045
19535 3799 1624 2153 1794
19536 4614 1619 3804 2232
19537 4614 2232 4298 1619
19538 4232 2936 3321 2292
19539 4614 1489 2106 52
19540 4232 292 475 599
19541 4557 3205 4420 4367
19542 3890 2818 3116 1989
19543 3799 3156 3344 1794
19544 4777 1687 4073 2343
19545 4777 630 4073 2990
19546 3889 3045 3799 3344
19547 4638 438 3902 247
19548 3902 1152 304 1431
19549 3801 2849 3345 2152
19550 3801 2849 3736 2821
19551 3801 2821 3345 2849
19552 4613 2975 3578 2730
19553 4777 904 4622 2919
19554 4613 2972 3247 2730
19555 4613 2975 3247 2748
19556 4613 2506 3799 2972
19557 4777 630 904 97
19558 4615 3807 4169 3851
19559 4615 3533 4244 2503
19560 4615 3851 4169 1938
19561 4742 146 4387 429
19562 4615 1938 4169 3416
19563 4615 3533 4169 3333
19564 4615 3333 3807 3533
19565 4742 429 4387 3605
19566 4742 826 1368 429
19567 3805 128 2715 1282
19568 3805 1282 532 128
19569 4331 1549 4091 2211
19570 4331 2211 4091 1625
19571 4732 1298 4128 3290
19572 4029 3301 3614 3086
19573 4576 3626 4573 1871
19574 4789 1120 4172 2245
19575 3806 2090 2828 1751
19576 3948 796 3833 795
19577 3994 1923 2617 1653
19578 3852 2064 2631 1835
19579 3852 1835 2615 1698
19580 3852 145 1097 711
19581 4616 2705 4572 2462
19582 4616 1747 4568 3247
19583 4616 3247 4568 2591
19584 4245 1854 3495 2772
19585 3813 1693 2528 2230
19586 3813 734 2528 1693
19587 3813 734 3532 2528
19588 3807 3094 3519 3442
19589 3807 3442 3519 3333
19590 4492 3433 4373 4168
19591 3808 870 1800 407
19592 3808 870 1429 782
19593 3808 870 113 1429
19594 3808 1429 113 407
19595 3808 407 113 870
19596 4705 822 138 1327
19597 4366 3097 3726 3393
19598 4366 1539 3726 2678
19599 3809 1568 2514 2043
19600 3809 1568 3426 2507
19601 3809 2507 2514 1568
19602 3810 2489 3434 2812
19603 4234 4025 4141 3722
19604 3810 2900 3446 3379
19605 3810 3154 3446 2900
19606 4234 1906 3484 3363
19607 4234 1906 3811 2861
19608 4411 3250 3326 2533
19609 4406 3420 4212 3285
19610 4406 3663 4168 3701
19611 4411 3568 4404 3966
19612 4697 1880 3385 2554
19613 4411 3326 3426 1941
19614 4411 2242 4365 3426
19615 4411 3326 4404 2533
19616 4411 3966 4404 3326
19617 4618 1929 3816 3212
19618 4618 1917 2660 2430
19619 4618 2091 4463 2761
19620 4618 2761 4463 3796
19621 4618 2761 3796 2660
19622 4726 1793 2883 1668
19623 4714 3228 4049 3090
19624 4714 3662 4049 2305
19625 3816 2398 2419 1929
19626 3816 2362 2419 1921
19627 4714 2613 4252 3662
19628 4619 2173 3936 2570
19629 4619 468 3819 27
19630 4619 1700 2509 2491
19631 3816 1921 2419 1513
19632 3816 1513 2398 1921
19633 3816 1513 2419 2398
19634 3817 1689 1933 1913
19635 3817 1511 1986 1875
19636 3817 1875 1986 1718
19637 3817 1718 1986 1511
19638 3969 2961 3666 3175
19639 4009 2028 3921 3877
19640 3969 1536 2722 2284
19641 4335 1655 2805 1740
19642 3969 2284 2722 1810
19643 3969 2763 2844 1536
19644 3969 2595 3665 2865
19645 4009 3685 3921 2028
19646 3969 1810 2722 2595
19647 3969 2961 3175 2865
19648 3819 662 2257 1700
19649 3819 237 2196 1230
19650 3819 1230 662 237
19651 4621 3341 3627 2345
19652 4621 3584 3627 3143
19653 4620 3229 4147 1766
19654 3819 1947 2665 2029
19655 3819 2029 2173 1947
19656 4621 3087 3693 2696
19657 4621 2696 3693 3627
19658 4620 4054 4147 2611
19659 4620 2611 4336 4054
19660 3983 3013 3404 3091
19661 3821 1860 2252 1418
19662 3821 1418 2252 759
19663 3821 36 1279 1268
19664 3821 36 1294 1279
19665 3821 633 1881 1860
19666 3821 633 3600 1881
19667 4244 3403 3533 3370
19668 3822 2227 3375 1201
19669 3822 1147 2227 1201
19670 3823 2922 3073 1859
19671 3823 2922 3291 3073
19672 3959 617 3833 939
19673 3823 3073 3291 2018
19674 3823 1546 3462 2429
19675 3823 2429 3462 1681
19676 3823 1681 2805 2429
19677 3823 2429 2805 1546
19678 4135 1852 2608 2409
19679 4135 479 1047 285
19680 4135 1998 3241 285
19681 4135 1998 2608 1852
19682 4135 2332 2926 1852
19683 4135 2332 2409 479
19684 4135 2347 3241 1998
19685 4135 1057 2332 479
19686 4649 1901 2720 2146
19687 4649 863 2720 1901
19688 4048 2869 3619 2135
19689 4324 1649 2356 2047
19690 4048 3269 3619 2714
19691 4048 1639 2833 2290
19692 4048 3065 3269 2714
19693 4324 1585 4155 3993
19694 4324 1649 3996 2618
19695 4324 2777 4155 3740
19696 4623 1082 2336 271
19697 3838 2895 3494 3009
19698 4623 1527 2803 2336
19699 3827 269 2990 1687
19700 3827 1143 1005 1077
19701 3827 1143 2990 1005
19702 3827 1891 2652 1118
19703 3827 1395 1891 1118
19704 3827 1118 2652 600
19705 3827 600 1395 1118
19706 4623 271 1527 1082
19707 4623 1527 2336 1082
19708 3827 1005 269 1077
19709 3827 1005 2990 269
19710 3827 1077 1068 1395
19711 3827 269 1068 1077
19712 3827 269 1891 1068
19713 3827 1068 1891 1395
19714 3945 1875 3317 3311
19715 4575 2265 3806 1751
19716 3945 3311 3636 2454
19717 4110 1929 2954 2398
19718 4110 1538 2784 2140
19719 4110 2194 2954 1929
19720 4625 1885 4571 3358
19721 4624 3270 3832 3693
19722 4328 236 2919 393
19723 4328 2072 3896 2951
19724 4328 236 4310 2919
19725 4627 1015 140 392
19726 4790 3924 4527 2168
19727 4627 3543 3836 2245
19728 4627 557 140 1002
19729 4627 557 2245 1122
19730 4627 392 140 1122
19731 3832 3325 3702 3564
19732 3832 3564 3693 3325
19733 4626 1894 3831 1957
19734 4626 2572 4496 4484
19735 4626 3070 3440 2577
19736 4625 3122 3702 2471
19737 4340 2070 2455 1561
19738 4451 3246 4433 3368
19739 4451 2813 3812 1759
19740 4625 3564 3627 1885
19741 4625 3564 4410 3627
19742 4625 2471 3832 3454
19743 3949 374 1008 1162
19744 3949 193 2878 1008
19745 4133 1566 3032 2210
19746 3835 3436 3695 1644
19747 3835 1644 3695 2123
19748 3835 2123 3436 1644
19749 3836 392 3637 286
19750 4628 3596 3762 2697
19751 4628 3596 3927 3283
19752 3836 2629 3680 82
19753 3836 82 3680 887
19754 4628 2697 3762 1842
19755 4628 3106 3714 1791
19756 4628 3596 3608 2783
19757 4628 1791 3283 3106
19758 3897 850 2888 721
19759 3897 850 3352 2888
19760 3897 3177 3239 2786
19761 4152 1678 2594 2513
19762 3897 721 3177 851
19763 3838 2156 3515 3273
19764 3838 3273 3515 3167
19765 4005 2541 3024 2536
19766 4005 1991 2541 2437
19767 3838 3167 3515 3494
19768 3839 2802 2954 2194
19769 3839 2194 2954 1853
19770 3839 2571 3625 1538
19771 3839 1538 3625 2436
19772 3839 2436 3445 2988
19773 3839 2988 3445 1839
19774 3839 1839 3445 3256
19775 3839 2436 3625 3445
19776 4188 3357 3674 2861
19777 4188 2689 3357 2606
19778 4188 3651 3674 3357
19779 4188 2097 3651 2689
19780 3839 3256 3445 1578
19781 4706 1533 4194 2431
19782 3839 3445 3625 1578
19783 3839 1578 3625 2571
19784 3840 2585 3312 3289
19785 3840 3289 3312 3273
19786 3840 2912 3838 3515
19787 3840 3515 3838 2156
19788 3840 2912 3515 1795
19789 3840 1795 3515 2976
19790 3841 1842 3714 2721
19791 4629 2095 3855 3132
19792 4147 2077 2611 1708
19793 4711 177 2899 1450
19794 3841 3368 3798 2721
19795 3841 2721 3714 3368
19796 3841 3368 3714 1938
19797 4629 2971 3742 1990
19798 4629 2011 2460 2095
19799 4629 1990 3132 2971
19800 3841 2813 3368 1938
19801 3841 2813 3798 3368
19802 3856 1369 597 663
19803 4018 157 1836 1171
19804 4630 2007 3847 2239
19805 3856 208 3793 663
19806 3856 597 2583 208
19807 4630 1867 2026 1524
19808 4630 1524 2239 1867
19809 4630 1867 2158 2026
19810 4393 2414 4299 4223
19811 3844 3133 3184 1762
19812 4164 1622 3482 2234
19813 4164 810 1191 719
19814 4554 506 4238 2667
19815 4554 2314 3481 1984
19816 4310 2652 2919 1687
19817 4310 2343 2850 1687
19818 4517 3509 3512 1966
19819 3846 1641 2735 2533
19820 3846 1941 3326 2533
19821 3846 2533 2735 1941
19822 3847 2424 3152 2007
19823 3847 2424 3448 3152
19824 4631 1494 3783 766
19825 4631 2686 3661 2579
19826 4631 2579 3661 1589
19827 4132 1161 2307 631
19828 3992 1548 3355 2100
19829 4660 1923 3994 215
19830 3992 2867 3293 3124
19831 4544 956 2326 957
19832 3992 3124 3130 2115
19833 3992 3124 3293 2754
19834 3992 1564 3124 2115
19835 3992 1564 2115 2100
19836 3849 3565 3635 1509
19837 4709 1519 2943 2582
19838 3849 3262 3565 3191
19839 3849 2978 3262 3191
19840 3850 415 3383 35
19841 3892 1526 2678 2111
19842 4814 2635 4636 3498
19843 3850 2635 2695 2177
19844 4814 2206 3778 3498
19845 3850 634 924 1248
19846 3850 634 2177 924
19847 4022 2233 3296 1926
19848 4022 3726 3920 3097
19849 4022 3097 3920 3296
19850 4170 1145 1616 799
19851 4170 1229 1876 1459
19852 4170 1876 4090 1459
19853 4616 2591 4568 3390
19854 3851 2813 3807 1903
19855 4745 1905 4697 2554
19856 4779 3559 4586 2114
19857 4170 463 1145 1229
19858 3852 1097 2631 1131
19859 3852 1131 2631 2064
19860 4632 1145 2578 1616
19861 4632 1145 156 2578
19862 4632 463 4270 2950
19863 4632 1145 4170 463
19864 4632 156 1145 463
19865 3854 2223 2419 1854
19866 4401 2210 3032 1983
19867 3854 1854 2464 2223
19868 3854 2223 2464 2006
19869 4401 1983 3032 3012
19870 4401 2727 4133 1983
19871 4531 3586 4392 2745
19872 4630 2239 3847 1541
19873 4630 3448 3847 1524
19874 4630 2158 3255 2026
19875 3855 3324 3585 3517
19876 4531 2945 4392 4196
19877 3855 2238 3585 3324
19878 3855 3324 3491 2545
19879 3855 3324 3517 3491
19880 4531 2669 4196 3133
19881 4630 2447 3847 3448
19882 3856 2620 3503 3276
19883 3856 46 2620 1369
19884 3856 46 3763 2620
19885 3856 2620 3763 1896
19886 3856 1896 3763 46
19887 4357 2841 3735 2003
19888 4210 1726 3912 2560
19889 4210 2217 3277 2560
19890 4210 2560 3277 2118
19891 3999 1607 3971 2481
19892 4790 1809 4702 4225
19893 4412 2256 3622 3081
19894 4529 3199 3422 3074
19895 4365 3568 3873 3199
19896 4238 506 3481 3163
19897 4395 1861 4080 3125
19898 4395 1861 4055 3364
19899 4726 1793 4300 2883
19900 3907 495 968 49
19901 4485 2606 3997 3433
19902 4370 809 3951 1477
19903 4485 2606 3387 3243
19904 3907 495 2879 968
19905 3860 2602 2718 2434
19906 3860 2434 2718 2446
19907 3887 1517 3093 1272
19908 3887 1272 3093 1115
19909 3887 2008 2229 1350
19910 3861 2681 3494 3021
19911 4164 2234 3482 3290
19912 3861 1608 2681 2111
19913 3861 3189 3494 1727
19914 3861 1727 3494 2681
19915 3861 2681 3189 1727
19916 4214 2150 2237 1638
19917 3861 2222 2681 1608
19918 3861 2222 3189 2681
19919 3862 2964 3598 3322
19920 3862 1709 3598 2964
19921 4725 3341 3664 3627
19922 4725 3584 3870 3186
19923 4544 1558 4044 1739
19924 4604 2373 4239 1665
19925 4544 3291 4044 2018
19926 4131 2475 3293 2867
19927 4297 1321 1848 583
19928 4297 671 2682 1460
19929 4297 1460 2682 1387
19930 3865 1487 3735 646
19931 3865 646 2655 1487
19932 3865 646 3735 2655
19933 3865 2931 3735 11
19934 3865 11 3735 1487
19935 3865 1487 2931 11
19936 3866 2937 3232 1660
19937 4181 1475 2089 1148
19938 3924 1969 3139 2077
19939 3866 2937 3282 1611
19940 3866 2871 2937 1611
19941 3866 1611 3282 2856
19942 4040 1641 3923 1790
19943 4040 1790 2463 1641
19944 4040 2970 3177 1706
19945 4758 2477 4293 3800
19946 4466 3379 4233 3446
19947 3894 926 2612 1840
19948 4061 2454 4059 2525
19949 4061 1689 4059 2057
19950 3867 245 3560 548
19951 3867 548 871 245
19952 4201 1614 2132 2050
19953 3868 1821 2657 1659
19954 3868 1659 2657 2270
19955 3868 2602 3174 2643
19956 3868 2643 3174 2270
19957 4201 1671 3881 2132
19958 4201 2050 2384 698
19959 3870 1958 3186 1888
19960 3870 1888 2619 1958
19961 3870 2619 3508 2184
19962 4357 2539 3252 2522
19963 3870 1545 2619 2184
19964 4210 2217 3912 2375
19965 3890 2151 3409 3212
19966 3870 1545 3325 3049
19967 4210 2217 2375 2118
19968 4210 2375 3474 1961
19969 4210 2375 3912 3474
19970 4357 2539 3064 2250
19971 4357 3129 3735 2841
19972 4657 1909 2452 1583
19973 4086 333 3163 3018
19974 3978 206 1359 768
19975 4657 2253 4325 2779
19976 3978 660 3697 2434
19977 3873 3199 3323 3074
19978 3873 3074 3323 2973
19979 3873 1973 3658 2725
19980 3873 1973 3199 3074
19981 3873 2973 3669 3658
19982 3873 3658 3669 2725
19983 3873 2725 3669 2973
19984 3873 2973 3658 3074
19985 3873 3074 3658 1973
19986 4154 1490 37 452
19987 4154 1466 1003 762
19988 4154 1466 37 1490
19989 4533 2363 4006 3031
19990 4181 641 2688 1293
19991 4742 1368 2098 146
19992 3875 1598 3275 3214
19993 3875 3214 3275 1857
19994 3875 1857 3275 2139
19995 4556 1854 3495 2474
19996 3875 1598 3778 3275
19997 3875 3275 3778 1662
19998 3875 1662 3778 1598
19999 4560 2007 2438 90
20000 4560 752 1197 1503
20001 4560 2007 4477 1563
20002 4560 752 3571 90
20003 4560 3648 4477 2007
20004 4560 3571 4477 3648
20005 3876 2282 3254 1953
20006 3876 1953 3254 2751
20007 4779 4166 4249 2851
20008 4066 2193 2984 2699
20009 3876 1238 2513 909
20010 3876 1238 909 632
20011 3876 909 3023 632
20012 4811 3336 4190 3227
20013 4634 1611 3402 2871
20014 4779 3559 4166 2851
20015 4811 1144 4786 1315
20016 4520 2278 2376 2059
20017 4416 2097 3259 2251
20018 4142 2215 2244 1204
20019 3878 2001 3284 3200
20020 4224 3230 3814 2710
20021 3878 2001 3759 3302
20022 3878 3302 3759 2775
20023 3935 2554 3385 1880
20024 3879 3051 3192 1788
20025 4502 500 1751 791
20026 3879 1636 3548 3051
20027 4140 2096 3374 2427
20028 4696 3341 4341 2819
20029 4042 223 1615 798
20030 3879 3051 3548 3192
20031 3879 3192 3548 1999
20032 4082 2746 2814 1629
20033 3880 1924 3731 3339
20034 4082 2580 2814 1993
20035 4146 2566 3980 1534
20036 4782 2379 4653 3818
20037 3980 1534 2566 2196
20038 4735 1028 2298 2054
20039 4735 179 2298 1028
20040 4120 1951 2718 1769
20041 3882 1546 2824 2429
20042 806 90 1197 2508
20043 4559 65 2180 2002
20044 4559 1857 3875 2180
20045 4559 2002 2034 65
20046 3882 530 1313 83
20047 3882 530 3373 1313
20048 3882 1313 3373 83
20049 4517 2899 3512 1672
20050 3967 1196 3882 1650
20051 4559 922 3572 378
20052 4323 528 2890 1779
20053 3883 2790 3568 3340
20054 4635 1713 3778 3623
20055 4517 2605 3509 1966
20056 4635 2635 3850 2177
20057 4635 2565 3194 1713
20058 4635 3194 3383 2782
20059 4517 1672 3509 2605
20060 3967 1240 2205 1125
20061 3967 1196 1125 528
20062 3967 2483 2890 528
20063 3967 1650 2205 1240
20064 4517 3376 3512 2899
20065 4635 1713 3623 2565
20066 4517 1672 3512 3509
20067 3885 2343 2919 97
20068 3885 97 2919 236
20069 3885 945 3803 97
20070 3885 97 710 945
20071 4024 1799 2455 1561
20072 4145 2167 3854 2512
20073 3904 2865 3379 1562
20074 4024 2663 2809 1561
20075 4145 2419 3212 1854
20076 3887 1274 2008 1350
20077 3887 1426 2008 470
20078 3887 470 1116 1426
20079 3887 470 2008 1116
20080 3887 735 1165 1272
20081 3887 735 1116 1165
20082 4777 943 4073 630
20083 3888 2153 2975 2748
20084 3888 1743 2461 1752
20085 3888 1752 2153 1743
20086 4232 1033 2659 1022
20087 4232 2292 4006 1063
20088 4395 2296 3661 3125
20089 4395 3125 4080 2296
20090 4395 2855 3364 2686
20091 4395 2579 4055 3125
20092 4395 3364 4080 1861
20093 4395 2855 3661 2296
20094 4512 784 3055 2748
20095 3889 3344 3858 3045
20096 3889 3045 3858 2527
20097 4557 1623 3965 3899
20098 3890 2151 2818 2632
20099 3890 2632 2818 1989
20100 4637 952 3356 713
20101 4554 94 3481 506
20102 4636 2200 4249 3196
20103 3891 1529 2204 2114
20104 3891 1529 2568 2204
20105 3891 2204 2568 2114
20106 4639 1407 2547 1896
20107 4637 304 4377 865
20108 4780 1884 2961 2904
20109 4780 2904 3257 1884
20110 4636 2200 4194 1529
20111 4780 2961 4177 2904
20112 4811 373 3336 807
20113 4780 2865 3904 1562
20114 4061 1587 2102 2057
20115 4061 1689 3311 2525
20116 4362 1067 503 1281
20117 4216 2406 3398 3369
20118 4535 2715 4306 1694
20119 4460 3231 4317 3377
20120 4061 1875 3311 1689
20121 4460 3377 4317 2644
20122 4621 3087 3584 3143
20123 4337 3630 4010 3354
20124 4337 2911 4010 3630
20125 4148 3405 3884 3418
20126 4137 2359 3785 3428
20127 4226 4082 4145 2580
20128 4466 3446 3707 3017
20129 4740 2435 2989 2404
20130 4704 1539 4366 2678
20131 3895 2083 3153 1635
20132 3983 1594 3541 3091
20133 4180 3524 3874 3370
20134 4466 1518 3621 3029
20135 4533 1573 3321 1869
20136 3983 3013 3541 3404
20137 4354 1796 3550 2767
20138 4354 3616 4081 2325
20139 3896 1356 4353 2072
20140 4329 532 1220 128
20141 4329 128 1220 696
20142 4311 243 2879 495
20143 4311 2367 3084 2268
20144 4743 3764 4398 4272
20145 4558 3477 4263 3554
20146 4689 131 4119 915
20147 4037 1547 3802 3768
20148 4354 3555 4230 3616
20149 4354 3555 3562 2963
20150 3899 2895 3460 3289
20151 3899 3289 3460 3145
20152 3899 1623 3838 3289
20153 3899 3289 3838 2895
20154 4606 3701 4338 4212
20155 4063 704 1799 1435
20156 4606 3433 3748 3701
20157 4376 3678 4001 3558
20158 4376 3678 4346 2757
20159 3900 992 2308 204
20160 3943 2603 2939 2127
20161 4728 2294 2333 2126
20162 4728 3787 4309 3737
20163 3900 980 338 508
20164 3900 980 2407 338
20165 4689 1776 4638 2181
20166 3943 2603 3652 2139
20167 3943 2939 3275 2206
20168 3943 2206 3723 3655
20169 4216 3369 3398 2394
20170 3945 3311 3317 1571
20171 3945 1571 3636 3311
20172 3901 2345 2689 2648
20173 3901 2648 2689 2152
20174 3901 2345 3651 2689
20175 3901 2689 3651 2472
20176 3901 2472 3651 2345
20177 3902 1039 1692 247
20178 3902 912 1039 247
20179 4638 8 2181 1152
20180 4639 1407 3793 946
20181 3902 912 247 438
20182 4639 946 1823 1423
20183 4639 1896 2547 1684
20184 3902 1431 571 1152
20185 3902 571 912 1152
20186 4638 1776 4637 4377
20187 4638 4377 4637 304
20188 4638 1152 438 8
20189 4639 742 3903 2547
20190 4639 946 1423 1407
20191 3929 2643 3597 3428
20192 4640 1954 4144 3024
20193 4640 2598 4144 1954
20194 4640 1927 2598 1954
20195 3903 2066 2547 742
20196 3903 169 2066 742
20197 4519 2220 4487 4161
20198 4557 3289 3899 3145
20199 4642 3813 4617 2763
20200 4642 2403 2763 1536
20201 4642 1956 4087 1771
20202 4642 2230 3813 2763
20203 4642 1693 3813 2230
20204 4145 1629 2512 2474
20205 4145 2151 4082 1629
20206 3905 2484 3092 2153
20207 4661 2845 4334 3604
20208 4661 3305 4009 3035
20209 3905 2153 3092 108
20210 3905 108 3092 1297
20211 3906 3653 3859 1744
20212 3906 1744 3313 2812
20213 3938 519 117 965
20214 3906 1744 3629 3094
20215 3906 2812 3629 1744
20216 3906 2511 3653 3094
20217 3906 3094 3653 1744
20218 3906 3094 3629 3413
20219 3906 2755 3629 2812
20220 3906 3413 3629 2755
20221 3906 3261 3413 2755
20222 4485 3243 4012 3997
20223 3908 3349 3692 1516
20224 3908 1516 2797 2687
20225 3908 1516 3692 2797
20226 3908 2797 3692 2687
20227 3909 1720 1913 1589
20228 3909 2579 3661 2878
20229 3909 2878 3661 1913
20230 4155 1647 2479 2375
20231 4155 1647 3376 2479
20232 4155 1647 3961 3376
20233 3909 1589 3661 2579
20234 3909 1913 3661 1589
20235 4461 2033 2817 2574
20236 4065 2513 3023 2551
20237 4349 2449 3377 2644
20238 4354 3550 3731 2963
20239 4354 3530 3616 2325
20240 4065 1238 2513 342
20241 4133 1721 4127 2367
20242 4065 190 3023 909
20243 4655 1239 1756 1470
20244 4065 190 909 1161
20245 4065 909 3876 2513
20246 4065 2513 3876 3023
20247 4402 1728 2874 2129
20248 4535 2715 2785 2322
20249 4185 1560 2852 2365
20250 4725 3870 4394 3186
20251 4747 627 3720 394
20252 4747 394 3959 293
20253 4037 2885 3608 1547
20254 4038 22 573 1076
20255 4037 2783 3971 3768
20256 4792 2370 3988 1583
20257 4648 3335 4263 3775
20258 4430 1943 3139 1603
20259 4185 1227 51 527
20260 4185 2671 3081 2935
20261 4414 1827 2618 2031
20262 4414 2031 3062 1827
20263 4108 2407 3280 2222
20264 4302 1386 1368 826
20265 4302 2098 4251 3939
20266 4108 2222 3280 2273
20267 4108 1567 2299 2019
20268 4108 1890 2299 705
20269 4108 2019 2299 2222
20270 4108 1760 1890 1365
20271 4302 1767 3914 2700
20272 4426 2788 4077 3252
20273 4108 2222 2273 2019
20274 4108 2222 2299 1890
20275 4108 1760 2407 2222
20276 4108 1760 2222 1890
20277 4724 1922 2378 2088
20278 3915 136 550 1295
20279 4430 2650 3246 2503
20280 3917 2819 3138 3102
20281 4648 3477 4047 3826
20282 4648 3764 3775 3477
20283 4430 1708 2077 1943
20284 4430 1708 2611 2077
20285 4430 1809 3139 2611
20286 3917 2212 3499 3138
20287 3917 3138 3499 3102
20288 3917 3102 3499 2212
20289 3918 1175 1178 1271
20290 3918 1175 2082 1178
20291 4722 362 1672 835
20292 4362 1281 1627 1067
20293 4722 834 267 835
20294 3918 347 930 870
20295 3918 1182 347 769
20296 3918 769 347 1456
20297 3918 1271 769 1456
20298 3918 1271 1182 769
20299 3918 870 1208 347
20300 3918 870 1800 1208
20301 3918 1800 2051 1208
20302 3918 1208 2051 1670
20303 4331 2520 4300 2883
20304 4645 866 2456 2058
20305 4645 546 1637 995
20306 4645 2456 3932 2955
20307 4645 546 2058 1637
20308 3922 1134 1179 590
20309 3922 1134 2009 1179
20310 4515 2703 4031 2301
20311 4515 3205 3517 3225
20312 4738 3041 4367 3460
20313 4362 1979 2908 503
20314 4515 3449 3453 2301
20315 4515 3225 3591 3205
20316 4275 2064 2631 1131
20317 4364 3062 3857 1837
20318 4275 2064 2134 1645
20319 3922 1808 2009 1134
20320 3922 590 1994 1134
20321 3922 1134 1994 1808
20322 4175 2997 3424 2494
20323 4175 2367 3424 2997
20324 3924 2077 3139 2611
20325 3924 2611 3139 1809
20326 3926 2188 3472 1527
20327 3926 1841 2188 1527
20328 4179 2003 3865 2112
20329 4179 2112 4136 2003
20330 3926 858 2680 2188
20331 3926 2188 2680 1770
20332 3926 858 2188 1841
20333 3926 675 1527 857
20334 3926 675 1841 1527
20335 3926 858 675 857
20336 3926 858 1841 675
20337 3927 2920 3165 1755
20338 4612 2335 4227 3389
20339 4612 946 3793 208
20340 4776 1794 3799 2153
20341 3927 2121 3596 2783
20342 4629 1564 4392 3843
20343 4612 945 3803 946
20344 4629 2011 2745 1564
20345 4629 1564 2460 2011
20346 3927 3283 3596 2121
20347 4629 1564 3843 2460
20348 4687 4167 4182 4109
20349 4612 944 4227 664
20350 4612 2583 4262 208
20351 4612 3389 3793 1823
20352 4612 208 3793 2583
20353 3975 1707 3603 2392
20354 3975 2392 3603 2917
20355 3975 2917 3749 2392
20356 4753 3757 4619 2570
20357 3930 3801 3901 2152
20358 3931 1817 3198 353
20359 3931 353 3198 1474
20360 3931 2653 3198 1817
20361 3931 1474 2340 1488
20362 3931 2340 2653 1488
20363 3931 1474 3198 2340
20364 3931 2340 3198 2653
20365 3932 1920 3315 134
20366 4647 519 2212 74
20367 4647 273 3505 2633
20368 4646 665 57 318
20369 4646 1058 3932 134
20370 4647 3119 4494 2633
20371 4647 2212 4094 74
20372 3932 2768 3388 2848
20373 3932 2848 3388 2757
20374 3932 2757 2955 2848
20375 3932 2848 2955 2456
20376 4646 134 3932 2965
20377 4646 2965 3932 3591
20378 4647 273 4094 3505
20379 4647 1093 4494 3938
20380 4647 1978 3917 3102
20381 4646 57 2301 1997
20382 4646 2965 3591 1997
20383 4646 134 2965 665
20384 4646 1997 3256 57
20385 4646 2301 2965 1997
20386 4646 57 2965 2301
20387 4646 1997 3591 3236
20388 4620 1766 4054 2425
20389 3936 1388 837 468
20390 3936 837 2173 468
20391 3937 3371 3535 3507
20392 3937 3859 3869 3475
20393 3937 3507 3641 3475
20394 3937 3859 3921 3869
20395 4666 3635 4021 3565
20396 3937 3475 3869 3507
20397 3937 3507 3869 3371
20398 3965 2955 3932 2757
20399 4648 2497 3709 3197
20400 3938 519 1093 117
20401 4238 2667 4086 1599
20402 4238 3163 4086 2667
20403 3965 2757 3932 3236
20404 4606 3450 4485 3433
20405 4648 2497 4047 3709
20406 4648 3197 3764 2497
20407 4648 3764 4047 2497
20408 4648 2767 3764 3197
20409 4729 243 4311 1163
20410 4495 3119 3383 2565
20411 4648 3709 4372 3197
20412 4495 2633 3119 1978
20413 3942 992 3900 1627
20414 4426 2003 4077 3147
20415 4426 1555 2788 2145
20416 4451 3368 4433 3459
20417 4695 3361 4143 2958
20418 4451 3459 3727 2544
20419 4716 4071 4123 2562
20420 4252 3662 4049 3090
20421 4214 420 861 1266
20422 3941 1334 3752 1424
20423 4125 2679 3306 1864
20424 4252 2374 3516 3090
20425 4715 3090 3516 1919
20426 4252 2248 3607 2374
20427 4252 3090 4049 2374
20428 4277 1665 2271 1826
20429 4500 73 2856 692
20430 4808 2671 4552 3207
20431 4806 1394 428 265
20432 4125 3046 3306 1711
20433 4125 1711 3306 2679
20434 3941 1424 3752 1959
20435 3941 1959 3752 3640
20436 4556 3212 4242 1854
20437 4315 2752 2760 1815
20438 4315 336 4102 2344
20439 3944 1683 2472 2345
20440 4753 2994 3757 2570
20441 3944 2472 3901 2345
20442 4183 1508 3660 3141
20443 4183 2174 3660 3020
20444 4315 336 1309 584
20445 4315 2128 4102 584
20446 4315 2344 4102 2128
20447 4062 2757 3965 3236
20448 4509 1714 3295 2885
20449 4060 135 871 976
20450 4576 2822 3626 1509
20451 4768 2056 4767 2142
20452 3947 196 641 1148
20453 4182 3829 3944 3404
20454 4182 1683 3288 3079
20455 4479 2244 2317 2215
20456 4182 2564 4109 2451
20457 4650 3116 3264 2816
20458 4650 3709 3953 2355
20459 4650 3116 3495 3264
20460 4650 2355 2956 2816
20461 4581 2918 4347 3645
20462 4581 2472 3651 2187
20463 4581 2187 4271 1683
20464 4650 2816 3264 2355
20465 4650 3099 3116 2956
20466 4650 3953 4207 2355
20467 4650 2956 3116 2816
20468 4622 1687 3827 2990
20469 4581 3645 4347 1885
20470 3949 1886 2878 193
20471 3949 374 1886 193
20472 4064 1414 3910 313
20473 3949 55 2408 374
20474 4490 2487 2952 1849
20475 4064 856 313 496
20476 4371 745 2987 96
20477 4371 2014 3825 2883
20478 4371 745 3825 2014
20479 4371 2014 2883 1668
20480 4649 899 863 378
20481 4768 2056 4588 2781
20482 4649 2056 2149 2146
20483 4372 2658 3550 2767
20484 4371 1793 2987 1668
20485 3951 2982 3184 3133
20486 3951 3133 3184 2125
20487 3972 230 894 1024
20488 3972 1882 2820 310
20489 3430 1521 3006 1284
20490 538 894 1024 1412
20491 3972 1024 1891 439
20492 4651 3698 4326 3685
20493 4651 3921 4009 3685
20494 4651 3698 4009 3877
20495 4666 3262 3565 1789
20496 4666 2559 3925 3565
20497 3953 1591 3454 3202
20498 3953 3202 3454 2928
20499 4666 3635 3925 3851
20500 4651 3294 4326 3877
20501 4666 3851 3925 2559
20502 4333 359 2779 268
20503 4652 3181 4046 3685
20504 3955 1415 1855 257
20505 3955 1415 2253 1855
20506 3955 687 2253 1415
20507 3955 257 687 1415
20508 4497 2521 3538 1856
20509 4265 1417 1312 1306
20510 4265 1417 2647 722
20511 4803 2275 3610 2022
20512 4719 1628 4268 2493
20513 3956 1669 2537 2448
20514 3956 1669 2646 2537
20515 4328 2951 4310 236
20516 4328 2072 2951 1267
20517 4734 3880 4352 3675
20518 4328 393 3837 962
20519 3957 1604 3369 2490
20520 3957 1604 3581 3369
20521 4013 1924 3788 2291
20522 4013 1924 2589 1576
20523 4013 1576 3339 1924
20524 3969 1810 3379 3175
20525 3970 1737 3615 2946
20526 4455 2208 3686 1968
20527 4715 2874 3607 2130
20528 4455 1968 3064 2357
20529 4455 3064 4342 1656
20530 4455 1968 2772 2208
20531 4748 3350 3381 2199
20532 4748 2199 4456 3795
20533 4450 3098 3325 2588
20534 4802 4750 4754 2876
20535 4802 2189 4754 4497
20536 3960 1941 3490 3326
20537 3960 3326 3490 2470
20538 3960 2470 3490 2924
20539 3960 2924 3490 2017
20540 4330 2758 3805 3036
20541 4330 1069 3805 2758
20542 3961 1702 3613 2589
20543 3961 2589 3613 1601
20544 4248 1660 2944 2836
20545 3961 3512 3880 3675
20546 3961 3675 3880 1537
20547 4156 1984 3068 1725
20548 4356 2696 3693 3087
20549 3961 3376 3675 1966
20550 4156 1725 3395 1984
20551 4248 2320 3757 2994
20552 4248 2320 4087 3792
20553 4502 2090 3415 1751
20554 4740 2048 2916 2404
20555 4533 1869 4006 2363
20556 3963 2249 3385 2304
20557 3963 2304 3385 1880
20558 4698 2110 2789 2316
20559 4698 1679 3487 3231
20560 4786 1144 3227 635
20561 4142 1317 3374 2096
20562 4394 2972 3156 2506
20563 4238 1599 4086 3018
20564 4585 2590 3677 3407
20565 4238 3163 3481 2025
20566 4238 1599 3794 2667
20567 4205 2621 3274 2906
20568 4046 3218 3743 2870
20569 4002 1601 3613 2368
20570 4376 2955 4346 1717
20571 4376 1717 4346 2038
20572 4302 826 1767 1386
20573 4559 2002 3875 2034
20574 4323 1779 2980 949
20575 4405 3122 3811 1532
20576 4405 2662 3811 3122
20577 4578 2846 3468 2984
20578 4709 1664 2825 2025
20579 4405 3052 4218 3193
20580 3967 2205 2281 1815
20581 3967 1815 2483 1125
20582 3967 1815 2890 2483
20583 4013 2291 3788 2673
20584 4352 3509 3512 2963
20585 4352 2567 3979 3675
20586 4352 3550 3731 2410
20587 4352 3309 4217 2567
20588 4069 2510 2618 2399
20589 4069 1553 3286 2618
20590 4069 1553 2618 2510
20591 4654 4000 4066 2193
20592 4009 2845 3035 2028
20593 4782 2379 4523 1879
20594 4013 2673 3788 1569
20595 4375 2854 4062 3743
20596 4654 3190 4066 2450
20597 4352 2567 4217 3979
20598 4735 2054 2072 1064
20599 4652 3685 4506 4009
20600 4009 2845 3877 3698
20601 4302 2098 3939 1761
20602 4352 2410 4217 3550
20603 4352 2963 3550 3309
20604 4009 2028 3877 2845
20605 4653 4254 4542 2379
20606 4652 3685 3869 3181
20607 4000 2621 3239 2786
20608 4655 1730 1756 365
20609 4038 1790 3923 1641
20610 3971 3089 3768 2391
20611 3971 2783 3447 1607
20612 3971 1607 3447 2481
20613 3971 2473 3089 2481
20614 3971 2473 3768 3089
20615 3971 2473 3447 2783
20616 3971 2481 3447 2473
20617 3972 650 1891 1024
20618 3972 1150 2927 1882
20619 3972 1882 2927 894
20620 3972 894 2927 1150
20621 4120 111 681 1000
20622 4657 2253 3988 2592
20623 4656 2176 4120 2718
20624 4656 1609 3756 1626
20625 4656 2602 2718 1609
20626 4656 2718 4120 1609
20627 4656 3756 4120 2176
20628 4656 1359 1626 768
20629 4656 1626 3756 2176
20630 3974 3331 3766 2189
20631 3974 2189 3736 3331
20632 3974 2189 3766 3736
20633 4567 170 4521 602
20634 4567 1864 2299 1753
20635 4567 1753 2679 1864
20636 4567 2679 4521 1864
20637 3975 1645 2064 1835
20638 3975 1571 2732 2169
20639 3975 2169 2392 1571
20640 3975 2169 2732 1698
20641 3975 1698 3852 2064
20642 3975 2064 3852 1835
20643 3975 1835 3852 1698
20644 3975 1707 2169 1698
20645 3975 1707 2392 2169
20646 3976 3424 3642 2060
20647 3976 1631 3403 2925
20648 3976 3403 3576 2925
20649 3976 3403 3732 2302
20650 3976 2302 3576 3403
20651 3977 3261 3347 2255
20652 3977 3261 3871 3347
20653 3977 3347 3380 2255
20654 3977 2255 3380 1575
20655 3978 206 1406 660
20656 3978 1406 3697 660
20657 4657 1583 2779 1909
20658 4657 2592 3988 1580
20659 4657 1583 2452 2015
20660 4793 2328 4134 3824
20661 4657 2256 4325 2592
20662 4658 1725 3066 84
20663 4657 1909 4325 2256
20664 4353 2915 3910 1550
20665 4353 179 2915 2298
20666 4353 1414 3910 2915
20667 3981 956 1558 510
20668 3981 102 2949 956
20669 3981 2018 2949 2805
20670 3981 2805 2949 102
20671 3981 510 307 1136
20672 3981 307 1655 1136
20673 3981 307 1696 1655
20674 3981 1696 1731 1558
20675 3981 1558 1731 510
20676 4545 931 4437 75
20677 4545 1633 2353 1865
20678 3981 956 2949 2326
20679 3981 2326 2949 2018
20680 3981 307 1731 1696
20681 3981 510 1731 307
20682 4078 3245 3378 1636
20683 4078 1636 2162 2013
20684 4078 2162 2926 2013
20685 4551 2305 3228 2480
20686 4809 4597 4772 3765
20687 3983 2152 3901 3801
20688 4765 527 3622 1394
20689 3985 2278 2376 1085
20690 3985 1085 2376 282
20691 3985 282 2376 1156
20692 3985 1156 1085 282
20693 3986 3692 3908 3086
20694 3986 1818 3946 3908
20695 3986 3908 3946 3086
20696 3986 1863 3614 3086
20697 3986 1863 3650 3614
20698 3986 3614 3650 3086
20699 3986 2687 3692 3650
20700 3986 3650 3692 3086
20701 3987 1102 554 159
20702 3987 159 554 853
20703 3987 853 1102 159
20704 3987 554 3011 1301
20705 3987 1301 3011 2048
20706 3987 2048 2862 1301
20707 4659 1697 4132 1542
20708 4659 3023 3254 1542
20709 4659 3327 3863 2078
20710 3987 1725 3068 2862
20711 3987 467 3068 1725
20712 3987 1301 2862 1107
20713 3987 1107 554 1301
20714 3987 1107 2862 554
20715 4659 2282 3327 3126
20716 4659 1697 2716 2078
20717 4659 2282 3254 3023
20718 4659 3126 3327 2078
20719 4659 2716 3126 2078
20720 4028 513 1436 353
20721 4658 1137 3954 290
20722 4658 467 3987 1725
20723 4658 467 725 290
20724 4711 177 4230 2899
20725 4221 1664 4091 1625
20726 4221 1625 2377 1902
20727 4221 2144 3397 1902
20728 4500 1771 3414 2856
20729 4605 1805 3332 1661
20730 4618 2784 3816 1929
20731 4156 298 1984 505
20732 3993 1961 3474 2375
20733 4132 941 3327 3023
20734 4660 1763 2693 1224
20735 4748 2199 3381 2761
20736 3993 1647 3948 3740
20737 4748 1898 3350 2938
20738 3993 1961 3720 1584
20739 3993 3222 3948 1647
20740 3993 3740 3948 1585
20741 4132 2307 3863 631
20742 4660 1224 3994 1763
20743 4132 631 676 190
20744 4132 2307 4065 2551
20745 4132 190 676 941
20746 4132 1161 4065 2307
20747 4661 4334 4506 2198
20748 4661 3035 3230 2816
20749 4661 2198 3305 2474
20750 4661 2474 2816 2198
20751 3995 2598 3898 1552
20752 3995 2598 2882 2346
20753 3995 2598 3016 2882
20754 4415 2040 3935 2599
20755 3996 2118 3286 1619
20756 4386 432 3894 3217
20757 4385 1542 3201 2523
20758 4386 432 3217 882
20759 4325 1909 2779 1433
20760 4325 1454 3955 2256
20761 4325 2256 3955 2592
20762 4325 1433 2256 1909
20763 4385 2924 3201 2123
20764 4385 2470 2778 2523
20765 3996 1619 3569 2118
20766 4189 2939 3275 2603
20767 4417 1008 3949 2878
20768 4417 2296 2878 2525
20769 4417 790 4165 220
20770 4417 2878 3949 1689
20771 4189 2939 3498 3275
20772 4189 3214 3275 2431
20773 4189 3275 3498 2431
20774 4528 2507 4365 3135
20775 4084 3313 3906 3641
20776 4084 3313 3434 2812
20777 3999 1808 2009 1803
20778 4294 3367 3519 2213
20779 4294 3367 3629 3519
20780 4294 3519 3629 1744
20781 4527 2302 4336 2611
20782 4294 2192 4233 2360
20783 4067 1473 358 1472
20784 4067 1292 2089 358
20785 4000 1706 3402 2937
20786 4000 2937 3232 1706
20787 4655 1960 3973 250
20788 4067 1148 2089 1475
20789 4118 2291 3788 1924
20790 4118 1781 2440 2361
20791 4118 1781 2361 2317
20792 4248 2836 3691 1660
20793 4118 1924 3788 2440
20794 4118 2361 2440 2291
20795 4118 2440 3788 2291
20796 4679 422 4090 2535
20797 4193 2053 2610 801
20798 4002 680 3613 256
20799 4003 1129 2005 1848
20800 4003 2128 2205 584
20801 4003 584 2205 158
20802 4003 1650 2005 158
20803 4003 1650 2205 2005
20804 1240 158 1650 2205
20805 4003 2205 1650 158
20806 4004 3021 3318 2575
20807 4004 3167 3838 3494
20808 4004 3494 3838 2895
20809 4004 2575 3494 3021
20810 4004 3021 3494 2895
20811 4446 2536 3658 2725
20812 4446 3134 3548 1973
20813 4446 1973 3548 3192
20814 4446 4005 4445 3040
20815 4005 2712 3040 2536
20816 4005 2536 3024 2712
20817 4005 2882 3024 1954
20818 4005 1736 3040 2712
20819 4005 2712 2882 1736
20820 4005 2712 3024 2882
20821 4007 1106 2170 1738
20822 4007 2035 3114 2934
20823 4007 2934 3114 1106
20824 4007 2170 3169 1738
20825 4007 1738 3169 2934
20826 4196 2945 3511 3362
20827 4783 4374 4662 4012
20828 4654 1934 4000 3232
20829 4449 3996 4324 2948
20830 4507 3682 3765 3439
20831 4654 3215 3232 3190
20832 4540 4036 4107 3698
20833 4458 3323 3883 3219
20834 4783 3748 4374 4012
20835 4653 3968 4068 3362
20836 4653 4068 4542 3362
20837 4783 3968 4374 4351
20838 4662 3514 4008 2823
20839 4662 2823 3725 3514
20840 4662 3599 3725 3581
20841 4009 3035 3305 2179
20842 4662 3957 4012 3599
20843 4335 1740 2805 1735
20844 4335 1655 1740 610
20845 4009 2179 3181 3035
20846 4009 3035 3181 2028
20847 4451 3329 3812 2544
20848 4451 3459 4433 1852
20849 4451 1852 3727 3459
20850 4011 1828 2455 1654
20851 4011 1936 2788 2075
20852 4011 2075 2788 2070
20853 4011 2070 2788 1936
20854 4011 1936 2968 2070
20855 4011 1936 3375 2968
20856 4011 2070 2968 1630
20857 4011 2968 3375 1630
20858 4011 1630 2804 2070
20859 4011 1654 2804 1630
20860 4375 2895 4204 3460
20861 4663 3663 3748 1813
20862 4486 3014 3593 2046
20863 4486 2832 3667 1802
20864 4664 3042 3700 3013
20865 4664 2127 3700 3042
20866 4474 2932 3745 618
20867 4474 3739 3872 1822
20868 4352 2963 3880 3731
20869 4735 2500 4353 1550
20870 4735 486 4353 179
20871 4671 2830 4064 1786
20872 4784 3145 3899 3460
20873 4663 3399 4473 3468
20874 4014 993 1974 1046
20875 4014 43 993 1046
20876 4522 3098 3702 3492
20877 4522 3098 3492 1761
20878 4522 3045 4231 3098
20879 4015 2512 3854 2167
20880 4346 2848 2858 2024
20881 4377 1691 2840 2185
20882 4015 2216 2499 1614
20883 4016 328 2708 588
20884 4016 2228 2561 1996
20885 4016 1996 2561 536
20886 4016 328 2561 2228
20887 4016 536 2561 328
20888 4267 1614 2216 2132
20889 4282 2545 3855 3843
20890 4016 1996 3995 2346
20891 4033 1268 409 325
20892 4033 274 3171 1154
20893 4392 2745 3742 1990
20894 4666 3262 3442 2559
20895 4630 2158 2239 1541
20896 4436 808 3203 2668
20897 4436 3132 3203 2011
20898 4207 3099 3454 1591
20899 4207 2355 3953 2928
20900 4207 3454 3953 1591
20901 4018 1870 3069 2815
20902 4428 4047 4263 3164
20903 4428 3717 4263 1581
20904 4479 2215 3310 940
20905 4665 3371 3869 3685
20906 4665 3869 4651 3685
20907 4020 1773 3127 2262
20908 4020 1773 3558 3127
20909 4020 2744 3504 1675
20910 4020 1675 2901 2744
20911 4020 2901 3504 2221
20912 4020 2221 3504 2744
20913 4020 2744 2901 2221
20914 4021 2959 3442 1789
20915 4667 2607 3595 3589
20916 4667 2203 4363 2468
20917 4021 1903 2792 2707
20918 4021 3635 3851 2707
20919 4021 1784 3635 2707
20920 4021 2707 3851 1903
20921 4021 1784 2863 2792
20922 4021 2792 2863 2707
20923 4021 2707 2863 1784
20924 4022 2233 3727 3296
20925 4642 3792 4087 1899
20926 4023 3265 3665 1884
20927 4023 1884 3665 3257
20928 4023 3257 3265 1884
20929 4023 3166 3699 3265
20930 4023 3166 3774 3699
20931 4064 313 3910 718
20932 4024 844 704 1448
20933 4024 844 1799 704
20934 4024 2455 2804 2070
20935 4024 1561 2455 2070
20936 4024 2070 2105 1561
20937 4024 2070 2804 2105
20938 4024 1448 2455 844
20939 4024 844 2455 1799
20940 4099 3147 3895 2690
20941 4142 1317 88 1204
20942 4668 1320 3161 200
20943 4668 820 1320 200
20944 4235 733 2492 2488
20945 4235 2477 2492 2195
20946 4142 2235 2244 2215
20947 4142 819 88 1317
20948 4711 970 4081 3616
20949 4147 1708 4054 2432
20950 4147 2611 3924 2168
20951 4028 1434 1733 1707
20952 4028 1707 1733 1653
20953 4028 1653 3198 1923
20954 4028 215 1923 1436
20955 4028 1923 3198 1436
20956 4028 1434 3994 215
20957 4028 1653 3994 1707
20958 4028 1707 3994 1434
20959 4028 215 3994 1923
20960 4028 1923 3994 1653
20961 4029 3086 3946 2060
20962 4029 2060 3946 2401
20963 4029 2155 3223 3086
20964 4029 3086 3223 2401
20965 4029 2401 3223 2155
20966 4598 2197 3878 3384
20967 4598 2197 4097 3878
20968 4600 1582 3789 348
20969 4030 580 66 1067
20970 4030 1169 2985 1065
20971 4030 1065 66 1169
20972 4030 1065 1979 66
20973 4030 1065 2985 1979
20974 4345 1773 4020 2499
20975 4347 2918 3136 2670
20976 4030 1646 3547 1893
20977 4030 1893 2839 1783
20978 4030 1783 2839 1862
20979 4030 1862 1893 1783
20980 4030 1067 2277 580
20981 4030 1067 2839 2277
20982 4033 274 3834 3171
20983 4033 3171 3834 1860
20984 4033 1860 3834 274
20985 4033 1633 2339 325
20986 4546 1102 3987 290
20987 4033 1633 3171 2339
20988 4033 1154 1187 325
20989 4033 1154 1633 1187
20990 4033 1187 1633 325
20991 4034 2700 3752 3037
20992 4595 1352 2993 307
20993 4034 384 3752 2700
20994 4034 842 1420 384
20995 4439 3431 3620 2517
20996 4669 3595 3991 3088
20997 4786 3067 4190 3227
20998 4669 4058 4667 2468
20999 4669 2203 4667 4058
21000 4786 3337 4679 2614
21001 4669 3595 4667 2203
21002 4439 3301 3372 2609
21003 4439 3191 3237 2517
21004 4439 2559 3486 3372
21005 4034 1820 3752 1420
21006 4034 1420 3752 384
21007 4038 2283 2758 1641
21008 4259 2647 3016 2796
21009 4500 1956 4087 1383
21010 4259 1676 3016 2647
21011 4038 1807 3027 2758
21012 4038 2758 3027 573
21013 4259 2796 3016 1665
21014 4199 1310 591 161
21015 4236 1664 3397 1625
21016 4199 1310 2563 1112
21017 4039 1333 547 832
21018 4039 2856 3095 547
21019 4039 2856 3866 3095
21020 4039 329 2856 73
21021 4039 73 547 329
21022 4039 73 2856 547
21023 4041 540 1104 160
21024 4041 1788 2546 1969
21025 4041 1788 2708 2546
21026 4041 2546 2708 1969
21027 4041 1014 2708 1104
21028 4381 613 4052 2727
21029 4381 2048 3258 3011
21030 4140 1601 3961 3740
21031 4140 1585 2235 2096
21032 4041 1636 3051 1969
21033 4041 1636 3879 3051
21034 4041 1969 2117 1014
21035 4041 1969 2708 2117
21036 4041 2117 2708 1014
21037 4343 1687 2000 1891
21038 4043 3064 3686 838
21039 4043 838 3686 900
21040 4043 811 2522 234
21041 4043 234 900 811
21042 4043 2522 2655 234
21043 4043 2522 3735 2655
21044 4043 646 443 234
21045 4043 646 3735 443
21046 4043 2655 3735 646
21047 4043 234 2655 646
21048 4044 1539 3916 1739
21049 4044 1558 1931 1739
21050 4044 1739 1931 1539
21051 4044 1539 1931 1572
21052 4044 1558 3689 1931
21053 4044 1931 3689 1572
21054 4044 1572 3689 1558
21055 4558 1650 3882 2444
21056 4558 3477 3554 3485
21057 4368 1492 1597 770
21058 4425 3640 4251 2700
21059 4558 2092 4263 2890
21060 4558 2444 3882 3373
21061 4558 1030 4323 126
21062 4333 2388 3115 800
21063 4333 1583 2178 1829
21064 4436 231 3203 808
21065 4205 2984 3741 3639
21066 4436 808 2983 91
21067 4264 2646 3033 2023
21068 4192 2621 3239 2906
21069 4649 2149 3947 3572
21070 4650 2207 3116 3099
21071 4373 4168 4212 3285
21072 4768 2142 4588 2056
21073 4649 196 2146 863
21074 4650 2207 3495 3116
21075 4649 378 3572 899
21076 4373 1845 3510 2599
21077 4373 2599 4188 2251
21078 4049 2939 3228 2603
21079 4049 2939 3700 3228
21080 4715 2835 2874 2518
21081 4049 2305 3662 2603
21082 4049 2603 3228 2305
21083 4050 2701 3578 2067
21084 4050 2067 3578 2549
21085 4158 2084 2794 1078
21086 4262 1133 1803 944
21087 4523 2934 4464 3204
21088 4523 1515 3563 2035
21089 4050 1851 3605 2465
21090 4050 2465 3605 2087
21091 4232 2659 2936 292
21092 4158 1769 2891 1663
21093 4050 1851 2465 2098
21094 4232 599 475 1063
21095 4232 2659 3321 2936
21096 4623 2336 3830 434
21097 4073 2335 3803 2343
21098 4228 2860 3540 2266
21099 4053 2081 2887 2186
21100 4053 2186 2887 700
21101 4053 700 2887 975
21102 4053 989 700 975
21103 4054 1892 2425 1766
21104 4054 2302 3078 2119
21105 4054 1708 2302 2119
21106 4699 2295 3416 1938
21107 4054 1892 2432 2104
21108 4054 2104 2432 1708
21109 4317 2331 3231 2789
21110 4758 3733 3777 3063
21111 4055 1499 357 775
21112 4055 775 678 1499
21113 4056 2053 2950 1296
21114 4056 1296 2950 1243
21115 4271 2562 4071 2187
21116 4271 1946 2978 1683
21117 4271 2978 4123 1789
21118 4271 4071 4123 1946
21119 4271 1683 4071 1946
21120 4271 2562 4123 4071
21121 4271 1946 4123 2978
21122 4668 3161 4034 3730
21123 4058 2632 2909 2753
21124 4058 2753 2909 2203
21125 4670 3678 4229 3965
21126 4670 3678 4062 2854
21127 4786 3067 3444 3337
21128 4786 3227 3337 2614
21129 4812 2849 3559 3338
21130 4670 3009 4375 3899
21131 4670 2854 4375 3009
21132 4785 3088 4406 3420
21133 4059 2663 3170 2938
21134 4059 2938 3170 2454
21135 4671 2728 4079 1786
21136 4376 1773 4346 3678
21137 4376 2941 4020 2349
21138 4060 2381 3201 1556
21139 4060 2381 3893 2081
21140 4060 2081 3893 700
21141 4060 700 2186 2081
21142 4060 548 3560 2467
21143 4060 2467 3560 1556
21144 4060 2186 3201 2081
21145 4060 2081 3201 2381
21146 4362 2277 2839 1067
21147 4362 503 2908 959
21148 4362 2908 3104 2069
21149 4061 1587 3478 2102
21150 4350 2443 2940 2082
21151 4350 1440 1430 789
21152 4350 789 103 1440
21153 4350 2443 2623 789
21154 4606 3417 3748 3514
21155 4275 1100 2134 2064
21156 4275 1645 2631 2064
21157 4063 1843 3949 2057
21158 4063 2057 2074 1843
21159 4063 2057 3949 2408
21160 4063 2809 4024 704
21161 4063 704 4024 1799
21162 4063 2074 4024 2809
21163 4063 1799 4024 2074
21164 4672 3369 3957 3581
21165 4784 3145 4062 3236
21166 4672 3968 4351 3362
21167 4672 3581 4662 3968
21168 4672 3581 3968 3351
21169 4672 3343 3581 3351
21170 4784 3145 4557 3899
21171 4672 3362 3457 2103
21172 4655 365 1756 1239
21173 4655 1730 3072 1470
21174 4655 1470 3072 1960
21175 4655 250 1239 914
21176 4655 914 1960 250
21177 4655 914 1239 717
21178 4655 1470 1756 1730
21179 4478 2558 4182 3829
21180 4067 1463 3648 1188
21181 4067 1188 3648 1148
21182 4067 1148 1463 1188
21183 4673 188 816 368
21184 4673 368 4070 188
21185 4673 1533 4070 2365
21186 4674 1540 3479 2005
21187 4673 2365 3081 1533
21188 4673 368 3081 2365
21189 4674 3479 4072 2128
21190 4673 1909 3081 368
21191 4069 2399 2698 2130
21192 4069 2399 2618 1649
21193 4299 3526 4223 2414
21194 4069 2010 2399 1649
21195 4674 2148 3221 1931
21196 4674 3221 3479 1540
21197 4070 2369 2729 1361
21198 4070 371 2369 1361
21199 4674 1824 4072 3221
21200 4674 1540 2005 1812
21201 4482 2378 2679 1870
21202 4676 182 2892 493
21203 4676 969 4076 3779
21204 4676 3933 4076 1863
21205 4482 2088 3598 3322
21206 4484 1705 2516 1455
21207 4482 3135 3598 2088
21208 4482 2679 3306 1711
21209 4482 2088 2378 1870
21210 4676 1029 3745 182
21211 4483 3306 4482 3167
21212 4072 2405 4051 2760
21213 4717 4097 4598 2197
21214 4675 2599 3935 2040
21215 4675 4071 4481 1946
21216 4675 3316 4481 2040
21217 4779 3220 4166 3559
21218 4675 2599 4481 3510
21219 4675 3510 4481 4071
21220 4717 3162 4598 3323
21221 4778 2533 3719 3162
21222 4515 3449 3517 1673
21223 4515 2703 3453 1673
21224 4228 2857 2860 2414
21225 4515 1673 3453 3449
21226 4515 3491 3517 3205
21227 4778 3219 4634 3883
21228 4805 1879 4374 4289
21229 4515 1392 3449 2301
21230 4515 2301 2965 1392
21231 4075 1742 3343 1729
21232 4543 2316 3991 3487
21233 4543 3487 3991 3701
21234 4075 2103 4068 3343
21235 4075 3343 4068 1729
21236 4076 691 3779 969
21237 4076 3779 3933 3739
21238 4677 3407 3747 2590
21239 4677 3486 4088 2590
21240 4080 1861 3364 1850
21241 4678 850 1442 464
21242 4677 2590 3431 3407
21243 4396 2717 3508 1940
21244 4080 107 2021 1643
21245 4677 3118 4088 3179
21246 4677 3431 4088 3407
21247 4080 1643 2021 1850
21248 4421 1366 3659 2469
21249 4080 1850 2021 1617
21250 4080 1617 2021 1861
21251 4079 1011 4076 2728
21252 4079 50 1011 1222
21253 4079 50 4076 1011
21254 4396 1940 3508 3483
21255 4166 3345 3559 3220
21256 4250 3475 3690 3211
21257 4080 1861 2021 777
21258 4080 1479 1861 777
21259 4080 790 1479 107
21260 4080 2296 3125 790
21261 4080 790 3125 1479
21262 4080 777 2021 107
21263 4080 107 1479 777
21264 4081 1702 3880 2589
21265 4712 2492 2630 2195
21266 4081 2589 3880 1924
21267 4081 1924 3339 2589
21268 4081 1924 3880 3339
21269 4712 1289 2630 2492
21270 4081 971 1576 970
21271 4712 2630 4199 2195
21272 4081 971 1702 1576
21273 4146 2257 3348 2196
21274 4146 1534 3980 2196
21275 4083 2510 3118 2031
21276 4083 2510 3747 3118
21277 4083 3118 3747 2031
21278 4084 2812 3638 3074
21279 4084 3074 3638 2489
21280 4084 2489 3638 2812
21281 4084 3074 3323 3200
21282 4084 3200 3323 2489
21283 4084 2489 3323 3074
21284 4085 389 3455 2334
21285 4085 2334 3455 1868
21286 4085 2602 3978 2466
21287 4085 2466 3978 821
21288 4085 238 2466 821
21289 4085 821 389 238
21290 4090 3022 3465 1904
21291 4085 389 3713 3455
21292 4085 1402 3713 389
21293 4085 1868 3659 2334
21294 4085 2334 3659 389
21295 4085 1868 2466 2323
21296 4085 2323 2466 238
21297 4085 389 3659 238
21298 4090 1904 3465 2614
21299 4787 282 3330 1121
21300 4085 238 3659 2323
21301 4085 2323 3659 1868
21302 4087 1383 592 836
21303 4087 1383 1956 592
21304 4678 726 1442 850
21305 4089 3455 4085 3713
21306 4089 1402 4085 843
21307 4089 843 4085 2504
21308 4089 2504 2578 1616
21309 4089 1616 2578 442
21310 4089 442 2504 1616
21311 4089 242 2504 442
21312 4089 442 1402 242
21313 4089 843 2504 242
21314 4089 242 1402 843
21315 4680 2383 3670 1948
21316 4680 1948 3670 3340
21317 4287 1610 3472 2744
21318 4788 2928 3761 3120
21319 4681 1043 1121 149
21320 4788 3206 4576 1871
21321 4680 2790 3340 1798
21322 4271 2918 3849 1789
21323 4090 1459 422 635
21324 4090 1459 1876 232
21325 4090 232 422 1459
21326 4271 1789 4123 2710
21327 4787 2810 3330 282
21328 4679 635 4090 422
21329 4679 422 1260 192
21330 4193 1792 2888 2529
21331 4171 850 3352 1449
21332 4679 3337 3444 1904
21333 4193 80 2888 464
21334 4222 3660 3913 2373
21335 4222 2174 3824 3229
21336 4222 2826 3229 1780
21337 4222 2174 3229 2826
21338 4507 3017 3582 3029
21339 4332 3685 4046 3021
21340 4092 3773 3878 2197
21341 4092 3284 3574 1880
21342 4092 1880 3574 2402
21343 4789 557 1123 1120
21344 4093 2383 2810 1667
21345 4681 3330 4093 2383
21346 4173 1547 3527 2707
21347 4173 3083 3527 2873
21348 4173 2707 3527 2863
21349 4610 691 3003 1482
21350 4323 1779 3826 2980
21351 4399 258 2953 1666
21352 4560 2508 1197 90
21353 4682 3230 4202 3814
21354 4789 1120 1123 81
21355 4323 2890 3477 1779
21356 4789 1002 1123 557
21357 4681 149 3330 3027
21358 4173 2762 3039 2863
21359 4173 2873 3802 3768
21360 4173 3158 3771 2762
21361 4173 2707 3039 1547
21362 4173 2863 3527 3083
21363 4559 65 2034 685
21364 4559 1832 3572 922
21365 4681 4093 4322 1948
21366 4681 575 1121 1043
21367 4681 149 3027 1043
21368 4096 3283 3596 2260
21369 4759 3240 3624 3589
21370 4096 3140 3400 2850
21371 4096 1530 3140 2850
21372 4476 205 3394 2062
21373 4476 388 3531 2112
21374 4476 2083 3865 2112
21375 4718 1780 3824 2552
21376 4599 1630 2968 2666
21377 4476 1500 205 913
21378 4476 388 3865 913
21379 4476 2062 3394 2838
21380 4476 388 205 828
21381 4226 2580 4145 1929
21382 4683 2428 3214 2480
21383 4528 3306 3467 3046
21384 4224 1789 3635 1871
21385 4100 2937 3282 1950
21386 4101 3075 3269 2638
21387 4101 2638 3269 2258
21388 4101 2448 3065 2537
21389 4101 2537 3065 2258
21390 4101 2258 3065 2448
21391 4101 2537 3269 3075
21392 4101 2258 3269 2537
21393 4316 2138 2425 1892
21394 4316 2104 2936 1892
21395 4686 3389 3447 2583
21396 4686 1844 3276 2473
21397 4686 2473 2481 1844
21398 4686 3389 4612 1803
21399 4686 2473 3276 2583
21400 4686 2473 3447 2481
21401 4103 1164 558 1341
21402 4103 2115 2576 1754
21403 4103 1754 2576 1988
21404 4103 1988 2115 1754
21405 4103 558 2731 1341
21406 4103 1341 2731 2396
21407 4308 2021 2749 1617
21408 4308 1930 2021 1617
21409 4308 356 1617 1168
21410 4687 3620 4109 1847
21411 4539 2108 3694 3029
21412 4539 3489 4507 1518
21413 4254 1512 3563 1970
21414 4104 499 2219 778
21415 4104 778 1498 499
21416 3919 2219 778 1797
21417 4104 1797 778 2219
21418 4139 1999 2534 2400
21419 4139 2400 2534 1974
21420 4139 1974 2534 587
21421 4106 738 1778 1257
21422 4106 1257 86 738
21423 4106 86 2161 738
21424 4106 738 2161 1778
21425 4107 3183 3717 3513
21426 4107 3513 3717 3425
21427 4414 2184 3998 3286
21428 4414 2118 2375 2217
21429 4811 3227 4190 3067
21430 4152 2390 3729 2979
21431 4519 3526 4464 4195
21432 4152 3729 3915 2616
21433 4414 2618 3996 3286
21434 4152 2585 3840 2979
21435 4152 2585 2751 2594
21436 4634 1611 2871 2283
21437 4152 2979 3840 2390
21438 4689 3881 4119 131
21439 4689 2181 4119 2840
21440 4689 2181 2840 1776
21441 4108 1365 1890 705
21442 4108 705 994 1365
21443 4688 1567 4108 2039
21444 4688 508 3900 338
21445 4705 2358 3839 3256
21446 4183 1721 2989 2210
21447 4688 4108 4320 2039
21448 4688 1567 2039 994
21449 4184 1526 3504 2678
21450 4184 2264 3504 2262
21451 4168 3433 3748 1813
21452 4213 1727 3628 3189
21453 4213 1864 2222 1890
21454 4111 1367 447 1328
21455 4111 1367 2974 447
21456 4111 141 1651 1367
21457 4111 141 1777 1651
21458 4111 558 1777 141
21459 4111 141 1328 558
21460 4111 1777 4103 2731
21461 4111 2731 4103 558
21462 4111 558 4103 1777
21463 4261 1663 4158 1840
21464 4261 1663 4254 2379
21465 4261 2379 2794 1663
21466 4446 2536 4005 3040
21467 4446 3040 4445 3192
21468 4446 3134 3525 3040
21469 4112 1124 3528 1207
21470 4112 1207 2240 1124
21471 4112 1207 3528 2240
21472 4112 2240 2561 731
21473 4112 731 2561 1124
21474 4112 1124 2240 731
21475 4468 3858 4034 2527
21476 4468 3344 3889 2276
21477 4468 2037 3344 2996
21478 4468 2159 4307 2553
21479 4468 3195 3858 3161
21480 4114 2301 2703 1980
21481 4792 3149 4710 2370
21482 4114 512 3256 57
21483 4114 57 2974 512
21484 4420 2191 2979 2585
21485 4420 1920 4045 2979
21486 4115 2428 2480 67
21487 4809 3033 4772 4597
21488 4684 367 1444 323
21489 4684 2106 4502 791
21490 4685 2957 3356 2524
21491 4685 2524 3356 1674
21492 4685 3356 4637 952
21493 4685 101 507 991
21494 4685 865 4637 2957
21495 4117 2786 3239 3177
21496 4117 2786 4000 3239
21497 4119 1960 2840 2181
21498 4119 1642 2723 2384
21499 4119 2384 2723 656
21500 4119 1596 3973 2723
21501 4690 3046 4213 4125
21502 4119 1642 2132 2020
21503 4119 915 3973 250
21504 4119 250 1960 915
21505 4119 250 3973 1960
21506 4690 1608 4213 3380
21507 4119 1596 2723 2020
21508 4119 2020 2723 1642
21509 4690 3189 4213 3046
21510 4690 3046 4125 1999
21511 4690 2255 3347 3046
21512 4690 2255 3548 3267
21513 4690 3267 4441 1758
21514 4690 3046 3548 2255
21515 4119 2723 3973 1254
21516 4119 656 2723 1254
21517 4119 656 1254 915
21518 4119 1254 3973 915
21519 4121 1634 2952 2657
21520 4122 2119 3226 3043
21521 4139 1838 1974 1207
21522 4139 2240 3192 1838
21523 4139 160 2240 1207
21524 4379 3123 3334 3175
21525 4379 3340 3669 1562
21526 4139 1788 3879 3192
21527 4139 1788 3192 2240
21528 4139 2400 3192 1999
21529 4534 3608 3762 2697
21530 4534 3608 4037 2885
21531 4123 1744 2959 1946
21532 4123 1744 3211 2586
21533 4123 2586 2959 1744
21534 4124 177 2899 1672
21535 4124 2605 3941 1672
21536 4124 1424 255 847
21537 4124 1424 1959 255
21538 4124 1959 3640 2605
21539 4124 1959 3941 3640
21540 4124 3640 3941 2605
21541 4124 1424 3941 1959
21542 4124 177 1672 362
21543 4124 362 847 177
21544 4124 1672 3941 362
21545 4124 362 3941 1424
21546 4124 1424 847 362
21547 4125 2400 2534 1999
21548 4214 861 3834 191
21549 4214 191 2177 861
21550 4214 2177 3142 1638
21551 4691 155 552 999
21552 4691 1892 3216 999
21553 4691 2432 4054 1892
21554 4691 2552 4147 2432
21555 4691 999 3216 155
21556 4691 2432 4147 1766
21557 4383 1968 3606 3518
21558 4692 2500 2893 2093
21559 4134 3229 3824 1766
21560 4719 2143 3757 3437
21561 4128 1298 1237 942
21562 4733 3837 4328 2652
21563 4733 2652 4310 2214
21564 4733 3910 4348 2214
21565 4733 962 4328 3837
21566 4343 2673 3063 1530
21567 4343 2000 3063 3026
21568 4343 1687 3063 2000
21569 4343 1891 2905 1687
21570 4343 1551 3026 2673
21571 4305 1770 2811 2327
21572 4130 1942 2976 1795
21573 4130 1795 3515 3210
21574 4130 3210 3515 1710
21575 4130 1795 3210 1942
21576 4130 1942 3210 1710
21577 4544 2018 3981 1558
21578 4544 956 3981 2326
21579 4544 957 1558 956
21580 4544 1558 3981 956
21581 4544 1558 3291 2018
21582 4544 1739 3291 1558
21583 4545 682 2353 1187
21584 4544 1739 4044 3291
21585 4544 2018 4044 3958
21586 4544 957 2326 1354
21587 4544 2326 3958 1572
21588 4544 1354 2326 1572
21589 4133 2367 3084 1566
21590 4133 1566 3084 2268
21591 4692 2363 4138 2054
21592 4266 1780 3016 2647
21593 4266 1736 2882 2826
21594 4719 2836 4248 2944
21595 4134 155 3216 2328
21596 4134 2328 3216 1766
21597 4692 2093 4378 3226
21598 4692 2054 2500 2363
21599 4692 2893 4378 2093
21600 4692 2093 3226 2363
21601 4692 4122 4138 2363
21602 4692 1732 4122 3043
21603 4135 1047 2608 285
21604 4135 2409 2608 1047
21605 4135 479 2409 1047
21606 4633 2191 3876 2889
21607 4136 2112 2931 2003
21608 4136 2112 3842 2931
21609 4136 2931 3842 2003
21610 4680 1948 4093 2383
21611 4721 407 4273 1800
21612 4695 3357 3361 2141
21613 4721 2082 4273 2623
21614 4694 2457 3534 3209
21615 4694 2250 3534 2457
21616 4694 2199 4426 2660
21617 4693 2898 3215 2450
21618 4693 2394 3790 2490
21619 4693 2490 3929 2359
21620 4693 3646 3957 2218
21621 4693 2359 3929 3790
21622 4138 3002 4106 1732
21623 4138 1732 4106 1801
21624 4138 1018 1801 601
21625 4138 229 1018 601
21626 4138 1801 4106 601
21627 4138 601 3002 229
21628 4138 601 4106 3002
21629 4139 540 4041 160
21630 4139 3879 4041 2013
21631 4139 2013 4041 540
21632 4358 650 310 960
21633 4339 2451 4167 3857
21634 4721 1800 4273 2082
21635 4142 2096 2235 1585
21636 4142 88 2356 638
21637 4142 1204 88 638
21638 4142 819 1585 88
21639 4142 819 2096 1585
21640 4142 1585 2047 88
21641 4142 1585 2356 2047
21642 4142 2047 2356 88
21643 4142 2215 2246 2235
21644 4142 2246 2356 2235
21645 4142 638 2215 1204
21646 4142 638 2246 2215
21647 4142 638 2356 2246
21648 4143 2860 3617 2266
21649 4696 3138 4318 2462
21650 4696 2819 4143 3341
21651 4144 1667 2541 1954
21652 4641 2536 3525 3024
21653 4641 2712 3904 3024
21654 4144 1590 3985 2598
21655 4144 2598 3985 2267
21656 4144 2267 3985 2376
21657 4144 2376 3985 1590
21658 4643 1422 3055 2042
21659 4179 2690 3147 2672
21660 4178 729 2680 858
21661 4179 2690 3895 3147
21662 4178 858 105 729
21663 4178 1770 3926 2680
21664 4144 2267 3898 2598
21665 4144 1667 3898 2267
21666 4144 2598 3898 1954
21667 4144 1954 3898 1667
21668 4643 1422 1232 1419
21669 4642 1899 3813 1693
21670 4643 2042 3055 1794
21671 4642 2230 2763 1693
21672 4642 1693 2763 2403
21673 4643 1794 3055 1422
21674 4148 3418 3619 3405
21675 4149 2478 2509 1700
21676 4149 1700 2509 1528
21677 4458 3123 4100 3334
21678 4291 2923 3170 2666
21679 4458 3219 4100 3123
21680 4801 2738 4228 2857
21681 4698 2110 4317 2789
21682 4150 3059 3297 1905
21683 4699 3372 4548 3692
21684 4150 1810 3621 2722
21685 4150 2722 3621 1905
21686 4698 2316 2909 2110
21687 4698 2789 3487 2316
21688 4699 3851 3925 3579
21689 4699 2295 3692 3349
21690 4699 2559 3925 3851
21691 4699 3349 3416 2295
21692 4699 3486 3925 2559
21693 4699 3579 3925 3486
21694 4302 1761 3914 2465
21695 4302 2465 3914 1767
21696 4302 2700 4251 10
21697 4302 384 10 1386
21698 4417 2809 3949 220
21699 4417 2296 4165 790
21700 4414 2217 2375 1827
21701 4152 2594 2751 2513
21702 4152 2513 2751 2616
21703 4152 2616 3915 2513
21704 4152 2513 3915 1678
21705 4152 2976 3840 2156
21706 4152 2594 2976 2156
21707 4153 2352 3438 3017
21708 4153 3017 3524 3446
21709 4154 37 1035 875
21710 4155 1966 2310 2217
21711 4155 1537 3740 2777
21712 4155 1827 3993 2375
21713 4155 1647 3993 3740
21714 4155 2375 3993 1647
21715 4155 1827 2375 2217
21716 4155 2375 2479 2217
21717 4325 687 3955 1454
21718 4652 2028 4009 3181
21719 4155 3740 3993 1585
21720 4325 1433 687 1454
21721 4356 3087 4209 3584
21722 4356 1545 3857 3270
21723 4356 3508 4209 2184
21724 4356 3270 3693 3325
21725 4156 1139 1826 1140
21726 4156 1139 3395 1826
21727 4157 3096 3202 2471
21728 4157 3202 3630 2471
21729 4157 1602 3157 2733
21730 4157 1602 3202 3157
21731 4157 3630 3718 2733
21732 4157 2733 3718 1602
21733 4157 3202 3718 3630
21734 4157 1602 3718 3202
21735 4262 1803 1994 1844
21736 4262 1133 597 990
21737 4262 208 2583 597
21738 3856 597 3276 2583
21739 4159 1762 3844 3184
21740 4160 2775 3878 2501
21741 4160 2501 3878 1975
21742 4160 1975 3878 3302
21743 4160 3302 3878 2775
21744 4160 3302 3633 3172
21745 4160 3172 3633 2556
21746 4160 2775 3633 3302
21747 4160 2556 3633 2775
21748 4568 3034 3247 1747
21749 4520 282 2810 2376
21750 4699 3372 3486 2559
21751 4460 2293 3377 2644
21752 4699 1938 4169 3851
21753 4460 2556 3231 2775
21754 4527 2611 3924 1809
21755 4224 1871 3635 3206
21756 4224 1871 3230 2710
21757 4300 2196 2641 1793
21758 4699 2559 4548 3372
21759 4458 2973 3883 3323
21760 4527 3185 4336 3576
21761 4727 2327 3423 2584
21762 4459 1718 3234 1858
21763 4526 3810 4294 2192
21764 4526 2812 4294 1744
21765 4163 1926 2233 1608
21766 4807 2526 4440 2152
21767 4163 1575 3786 3380
21768 4164 1730 1971 719
21769 4164 1191 1730 719
21770 4164 1730 3482 1622
21771 4164 1622 1971 1730
21772 4165 220 790 396
21773 4470 3590 3679 3516
21774 4165 2105 2809 396
21775 4165 396 2137 2105
21776 4165 859 2137 396
21777 4165 396 790 859
21778 4165 790 4080 107
21779 4165 107 4080 1643
21780 4165 790 107 859
21781 4165 107 1643 859
21782 4418 2920 4096 3283
21783 4418 2830 4096 2709
21784 4418 2260 4096 2382
21785 4183 3141 3660 2174
21786 4183 2210 3020 1721
21787 4407 3243 3672 3599
21788 4700 2441 3797 1510
21789 4790 3924 4702 1809
21790 4702 3711 4153 2712
21791 4549 3244 3481 3328
21792 4549 928 1557 929
21793 4700 3441 4093 2441
21794 4700 1510 4172 3441
21795 4549 928 3328 1557
21796 4700 1510 3441 2441
21797 4700 3412 3543 2726
21798 4745 2249 4697 3476
21799 4633 2585 4152 2191
21800 4745 1699 3567 2554
21801 4633 2191 4420 2585
21802 4271 2978 3849 3288
21803 4271 2187 3136 2562
21804 4633 2889 3225 2191
21805 4633 2616 4152 2751
21806 4171 1449 3352 2421
21807 4788 3206 4682 3128
21808 4702 2168 4174 3924
21809 4701 525 1195 1123
21810 4790 2826 3229 2174
21811 4702 2712 4180 3040
21812 4702 1736 2882 2712
21813 4701 1667 4093 2810
21814 4701 4093 4700 4172
21815 4790 3576 4527 2925
21816 4791 1578 3332 1805
21817 4702 3924 4174 2546
21818 4702 2925 4225 4180
21819 4790 2168 4620 3229
21820 4790 3185 4527 3576
21821 4790 4527 4620 2168
21822 4701 1667 4700 4093
21823 4789 3543 4627 2245
21824 4181 2688 2828 760
21825 4181 1148 3947 641
21826 4175 3576 3711 2494
21827 4175 2494 3711 2174
21828 4175 2174 3185 2210
21829 4175 2174 3576 3185
21830 4176 2464 4128 1877
21831 4176 1877 4128 1900
21832 4176 1900 2464 1877
21833 4177 1590 2904 2376
21834 4641 3024 3669 2536
21835 4177 3666 3670 2383
21836 4177 3175 3666 2961
21837 4177 3175 3670 3666
21838 4641 2900 3904 3446
21839 4641 3446 3525 2900
21840 4641 3525 4153 2712
21841 4177 2376 3330 2383
21842 4177 3330 3666 2383
21843 4177 2059 3330 2376
21844 4177 2059 3666 3330
21845 4179 2774 2838 2672
21846 4179 2083 2838 2112
21847 4179 2672 2838 2741
21848 4179 3865 3982 3153
21849 4179 3153 3895 2083
21850 4179 2083 3865 3153
21851 4179 3147 4099 4077
21852 4179 4077 4099 3982
21853 4179 3982 4099 1635
21854 4179 1635 4099 3895
21855 4179 2672 2741 2690
21856 4179 2741 3895 2690
21857 4179 2083 3895 2741
21858 4179 2741 2838 2083
21859 4179 3153 3982 1635
21860 4179 1635 3895 3153
21861 4703 3245 3413 3370
21862 4703 3370 4465 3245
21863 4703 3245 4465 3464
21864 4703 3464 4465 1636
21865 4704 2262 2986 2264
21866 4704 3015 3916 2148
21867 4704 2678 4184 2264
21868 4704 2986 3015 2148
21869 4466 2352 3446 3017
21870 4466 3017 3582 2685
21871 4466 2595 3665 3029
21872 4466 3029 3582 3017
21873 4703 3134 4180 3040
21874 4704 3015 4443 3911
21875 4703 3040 4180 3525
21876 4184 2262 3504 3127
21877 4184 3127 3504 1526
21878 4705 2791 3332 2571
21879 4792 3988 4657 1583
21880 4184 2678 2764 2264
21881 4184 2678 3504 2764
21882 4184 2764 3504 2264
21883 4705 822 3332 444
21884 4705 2571 3332 1578
21885 4766 3436 4564 59
21886 4185 51 3622 527
21887 4185 2671 3622 3081
21888 4185 3081 3622 51
21889 4185 1425 3443 1560
21890 4553 2114 3891 3845
21891 4400 2006 3854 2216
21892 4400 2185 2704 1513
21893 4186 920 3028 178
21894 4654 2450 3215 3190
21895 4186 2157 3080 950
21896 4186 2157 3440 3080
21897 4186 3080 3440 950
21898 4187 1404 138 703
21899 4706 2695 3521 1881
21900 4187 2791 3556 703
21901 4187 703 3556 1404
21902 4706 1598 3521 2695
21903 4706 2635 3521 1598
21904 4706 1598 4194 2635
21905 4706 1682 2431 1598
21906 4663 2699 3468 1813
21907 4663 2699 3646 3468
21908 4654 3044 3790 2450
21909 4188 2097 3997 2251
21910 4188 2251 2599 2097
21911 4190 2896 3634 2807
21912 4190 2614 2950 2807
21913 4190 2614 3227 2950
21914 4718 1306 2796 1417
21915 4191 2281 2747 1586
21916 4191 2747 3183 1586
21917 4191 2747 3513 3183
21918 4191 2092 3513 2747
21919 4497 3418 3538 2521
21920 4774 3671 3848 3417
21921 4497 1866 3056 2521
21922 4497 2521 2587 1866
21923 4192 2621 4000 2786
21924 4192 2786 4000 2421
21925 4737 2753 4363 2203
21926 4360 1845 3574 3172
21927 4360 2402 3574 2201
21928 4708 3573 3722 2656
21929 4360 3172 3285 2342
21930 4192 2421 4000 1934
21931 4192 1934 3044 2421
21932 4192 1934 4000 3044
21933 4509 2721 4452 2241
21934 4535 1694 4306 1521
21935 4360 1975 3574 2402
21936 4360 1845 2402 2201
21937 4708 1532 4405 3722
21938 4707 2674 2807 2274
21939 4707 1741 4359 2674
21940 4637 304 952 1431
21941 4194 2200 2852 1529
21942 4194 2200 3498 2852
21943 4707 4192 4508 2421
21944 4707 1741 4508 4192
21945 4195 2548 4008 3644
21946 4195 3644 4008 3514
21947 4532 1629 2814 2293
21948 4533 2292 2936 1801
21949 4196 1970 3511 3124
21950 4533 2292 3321 2936
21951 4533 3321 4006 1869
21952 4196 1762 3173 2982
21953 4196 1970 3173 1762
21954 4196 1762 3168 2945
21955 4196 2669 3168 1762
21956 4532 1629 4226 4082
21957 4533 2936 3321 1801
21958 4533 1801 3321 1573
21959 4196 1970 3124 1754
21960 4196 1754 3124 2982
21961 4196 2982 3173 1754
21962 4196 1754 3173 1970
21963 4532 3019 3743 2634
21964 4532 2988 4226 2634
21965 4197 2872 3179 3118
21966 4197 2045 3179 2872
21967 4197 2510 3770 3118
21968 4197 2129 3770 2510
21969 4198 1333 4039 832
21970 4198 153 1706 1333
21971 4198 1333 832 153
21972 4198 1706 3177 2786
21973 4198 2786 3177 153
21974 4198 153 3177 1706
21975 4199 2563 3530 1112
21976 4236 852 716 1299
21977 4236 1299 3397 852
21978 4236 2263 3825 1621
21979 4713 4242 4455 1656
21980 4199 1112 3530 2630
21981 4771 2141 3758 3561
21982 4200 1359 2466 589
21983 4200 1359 3868 2466
21984 4200 1821 1981 753
21985 4200 753 1981 343
21986 4201 131 3881 1070
21987 4201 1671 1908 327
21988 4201 1908 2050 327
21989 4201 1614 1908 1671
21990 4201 1614 2050 1908
21991 4683 3214 4189 2480
21992 4202 1784 3814 2845
21993 4202 2762 2863 2845
21994 4202 2762 3083 2863
21995 4335 990 102 610
21996 4335 610 1740 1735
21997 4203 2116 2395 2308
21998 4203 2395 3942 2308
21999 4203 2308 3942 657
22000 4203 657 3942 302
22001 4203 302 1343 657
22002 4203 1343 3506 988
22003 4203 988 3506 534
22004 4203 302 3506 1343
22005 4203 302 3942 3506
22006 4203 2116 2308 315
22007 4203 1471 2116 315
22008 4203 1471 315 657
22009 4203 315 2308 657
22010 4204 3021 4046 3685
22011 4204 3181 4046 1964
22012 4204 3371 3869 3507
22013 4204 3507 3869 3181
22014 4204 3685 3869 3371
22015 4204 3685 4046 3869
22016 4204 3869 4046 3181
22017 4205 2906 3634 3239
22018 4205 3239 3634 3242
22019 4205 2906 4017 2971
22020 4205 2971 3634 2906
22021 4407 3054 3725 2691
22022 4205 3760 4117 2970
22023 4770 511 753 98
22024 4212 3285 3420 2329
22025 4212 3701 4168 3433
22026 4205 4017 4032 2971
22027 4205 2971 4032 3634
22028 4205 1531 3751 3242
22029 4205 1531 4032 3751
22030 4205 3634 4032 1531
22031 4205 3242 3634 1531
22032 4205 2970 4117 3239
22033 4205 3239 3242 2970
22034 4208 3062 4083 1837
22035 4208 1837 3857 3062
22036 4208 3062 3857 2451
22037 4208 2822 4167 2286
22038 4208 2286 3857 2822
22039 4208 2286 4167 3857
22040 4340 2075 2847 1622
22041 4340 2505 2784 2145
22042 4209 3087 3829 2558
22043 4209 3087 4182 3829
22044 4209 3829 4182 2558
22045 4209 2451 4167 3087
22046 4209 2451 4182 4167
22047 4209 4167 4182 3087
22048 4357 3064 3129 2250
22049 4357 2522 3064 2539
22050 4340 2070 4011 2455
22051 4340 2145 2784 1917
22052 4357 3064 4043 3129
22053 4357 3735 4043 2522
22054 4210 3255 3272 2411
22055 4211 2303 3384 3110
22056 4211 3110 3384 1878
22057 4211 1878 3384 2303
22058 4212 3088 3484 3420
22059 4213 1864 4125 3306
22060 4213 2417 4125 1864
22061 4213 1608 2417 1890
22062 4213 1890 2417 1864
22063 4213 3306 4125 3046
22064 4213 3189 3306 3046
22065 4691 723 4134 2552
22066 4691 1892 4054 1766
22067 4691 3216 4134 155
22068 4691 2552 4134 1766
22069 4214 1266 2237 2150
22070 4214 1638 2642 2150
22071 4214 1638 3142 2642
22072 4214 3142 3171 2642
22073 4438 1820 2026 1726
22074 4214 3171 3834 918
22075 4214 420 3171 918
22076 4215 1697 3893 2381
22077 4215 1932 3893 1697
22078 4215 1697 2338 1932
22079 4215 2381 3867 2307
22080 4215 1697 2381 2307
22081 4215 2307 2338 1697
22082 4215 2307 3867 2338
22083 4216 3168 3457 2945
22084 4216 3160 3168 2945
22085 4216 2406 3168 3160
22086 4216 2945 3497 3160
22087 4216 3160 3497 1741
22088 4353 2298 2915 2500
22089 4577 3193 4574 2656
22090 4709 3166 4221 2442
22091 4709 4221 4547 1902
22092 4577 3710 4269 2672
22093 4218 2829 3193 3034
22094 4218 3034 3193 1747
22095 4218 2694 3710 2067
22096 4218 2662 2694 2067
22097 4573 2286 3626 3577
22098 4573 2918 3626 3010
22099 4573 1871 3626 2918
22100 4219 1757 2393 1593
22101 4219 1593 2393 1541
22102 4219 1559 1897 1541
22103 4219 1541 2393 1559
22104 4219 1559 2393 1757
22105 4711 4081 4354 3616
22106 4711 1450 971 970
22107 4711 970 614 1450
22108 4221 2377 3265 1884
22109 4221 1902 2377 1884
22110 4710 2543 4220 1507
22111 4710 2370 4027 3988
22112 4548 3301 3754 3349
22113 4710 2639 4278 3988
22114 4548 3349 3754 3346
22115 4548 2559 4439 3372
22116 4710 2639 3988 3348
22117 4710 1507 4027 2370
22118 4548 3346 3754 3301
22119 4221 1884 3265 3257
22120 4221 2377 4091 2496
22121 4221 2496 3265 2377
22122 4394 3156 3889 2506
22123 4223 3526 3671 2601
22124 4795 3354 4722 4471
22125 4229 1623 4045 2912
22126 4229 3009 3965 1623
22127 4458 3334 4100 3219
22128 4727 2584 3504 1804
22129 4605 1435 3332 444
22130 4653 2379 4542 4068
22131 4300 2520 4290 3791
22132 4223 3526 4161 3671
22133 4226 2580 2988 2814
22134 4226 2194 2988 2580
22135 4226 2167 2704 2419
22136 4226 1929 2419 2194
22137 4226 1929 4145 2419
22138 4740 1620 2435 2404
22139 4533 3031 4006 2292
22140 4533 4122 4138 1801
22141 4226 1629 4145 4082
22142 4533 1801 4138 2292
22143 4226 2512 4145 1629
22144 4226 2194 2954 2704
22145 4226 2704 2954 2419
22146 4226 2419 2954 2194
22147 4740 1186 4381 2435
22148 4799 3764 4272 2120
22149 4799 1331 76 741
22150 4799 741 4743 4398
22151 4613 3578 4231 2506
22152 4777 97 2919 2343
22153 4228 2627 3540 2601
22154 4802 1866 2587 2143
22155 4750 2055 3338 3331
22156 4465 1809 3924 3139
22157 4228 2601 4195 3526
22158 4228 3526 4195 2548
22159 4228 2548 4195 2601
22160 4750 2574 4461 2817
22161 4750 3728 4505 3673
22162 4804 2871 4757 1641
22163 4229 2912 3009 1623
22164 4229 1637 2955 2058
22165 4229 2058 2941 1637
22166 4229 2058 2955 2941
22167 4229 1979 3271 1637
22168 4229 1979 3611 3271
22169 4229 2941 3611 1979
22170 4229 1637 2941 1979
22171 4793 3066 4658 2328
22172 4230 177 614 1340
22173 4230 1340 614 984
22174 4230 614 3616 984
22175 4712 591 2630 977
22176 4712 4199 4235 2195
22177 4712 161 4199 591
22178 4712 1289 591 977
22179 4712 591 4199 1112
22180 4712 2195 4235 2492
22181 4712 161 591 1289
22182 4523 2035 3563 2379
22183 4232 1033 3321 2138
22184 4232 2138 2659 1033
22185 4232 2138 3321 2659
22186 4232 292 599 1098
22187 4232 599 1022 1098
22188 4232 1063 4006 1062
22189 4232 1062 4006 3321
22190 4233 1810 3810 3379
22191 4233 3379 3621 1810
22192 4752 3259 4481 1985
22193 4467 1263 4113 954
22194 4467 320 3263 906
22195 4467 694 4113 1263
22196 4233 1905 3621 2360
22197 4233 2360 3297 1905
22198 4233 3059 3621 1905
22199 4233 1905 3297 3059
22200 4235 2009 3999 161
22201 4235 3999 4199 161
22202 4713 2208 4455 2464
22203 4713 1656 4455 2208
22204 4733 2214 4310 3896
22205 4235 1179 2009 161
22206 4235 161 733 1179
22207 4236 1666 2030 1621
22208 4236 1621 4091 2263
22209 4236 2263 4091 1625
22210 4236 1625 4091 1664
22211 4236 1664 4091 1621
22212 4238 3085 3163 2825
22213 4238 2825 3163 2025
22214 4238 2314 2825 2025
22215 4238 3018 3085 1599
22216 4238 3018 3163 3085
22217 4239 1665 2796 2285
22218 4239 2373 3066 2796
22219 4239 2796 3066 2285
22220 4239 2285 3066 1725
22221 4239 3144 3395 1725
22222 4239 3144 3794 3395
22223 4500 1771 4087 1956
22224 4500 692 3414 1089
22225 4605 1799 4063 1661
22226 4605 3233 4274 2408
22227 4239 3066 3144 1725
22228 4239 3066 3794 3144
22229 4240 1726 3255 2560
22230 4240 2159 3681 3300
22231 4240 2397 3681 2159
22232 4240 2447 4210 3255
22233 4240 3255 4210 2560
22234 4240 2560 4210 2447
22235 4241 1925 1926 1608
22236 4241 2111 2678 1526
22237 4241 1526 2678 1748
22238 4241 1748 2407 1526
22239 4241 1526 2407 2111
22240 4714 2288 4551 3443
22241 4714 3090 4049 3662
22242 4714 2305 4551 2613
22243 4714 2613 3662 2305
22244 4242 2357 3064 2250
22245 4242 2250 2430 2357
22246 4242 2250 3064 1656
22247 4242 1656 2430 2250
22248 4715 2835 3607 2874
22249 4715 4252 4714 2288
22250 4715 2374 4252 3607
22251 4714 2613 4551 2288
22252 4714 2288 4252 2613
22253 4243 381 4164 810
22254 4243 810 4164 1971
22255 4243 234 2655 2522
22256 4243 1147 2655 234
22257 4243 1622 4011 2227
22258 4243 2075 4011 1622
22259 4243 1147 3822 2655
22260 4243 381 2227 1201
22261 4243 1201 1147 381
22262 4243 1201 2227 1147
22263 4245 3319 4191 1586
22264 4245 2006 2348 2254
22265 4245 2254 2348 1586
22266 4245 1586 2348 2006
22267 4245 2254 3854 2006
22268 4245 2254 3183 2198
22269 4245 1586 4191 3183
22270 4245 2464 3854 1854
22271 4245 3164 3264 2198
22272 4245 3164 3495 3264
22273 4245 3264 3495 2198
22274 4245 2198 2474 2254
22275 4245 2198 3495 2474
22276 4245 2006 2464 2079
22277 4245 2006 3854 2464
22278 4245 3183 4191 2198
22279 4245 2198 4191 3164
22280 4247 2235 2654 2317
22281 4247 1537 2654 2235
22282 4247 3880 3961 1702
22283 4247 1702 3961 2589
22284 4247 2589 3880 1702
22285 4248 2994 3314 2320
22286 4502 189 2828 1751
22287 4248 2320 3435 1660
22288 4249 2452 2852 1529
22289 4249 1529 2852 2200
22290 4249 2015 3081 2452
22291 4249 2452 3081 2200
22292 4249 2200 3081 1580
22293 4249 1580 3081 2015
22294 4637 1431 3902 304
22295 4686 2583 3447 2473
22296 4637 1692 3902 3830
22297 4637 865 4377 2957
22298 4637 1692 2957 1776
22299 4686 3276 4262 2583
22300 4686 4262 4612 2583
22301 4637 1776 3902 1692
22302 4717 2197 4598 3384
22303 4717 3219 4475 3456
22304 4250 1722 3060 3004
22305 4250 3004 3060 2342
22306 4250 1722 3004 2562
22307 4250 2562 3004 2770
22308 4250 2770 3004 2342
22309 4472 3276 3503 2620
22310 4472 1369 3276 2620
22311 4472 3366 3503 3276
22312 4472 2620 3503 1714
22313 4537 391 1793 812
22314 4303 2898 3180 2218
22315 4303 2218 2962 2898
22316 4716 3172 4250 3574
22317 4716 2201 4675 1845
22318 4716 3211 4675 2201
22319 4716 2201 3574 3211
22320 4716 1845 4675 4071
22321 4715 2130 4252 2288
22322 4715 3607 4252 2130
22323 4715 2835 3516 2374
22324 4581 3182 3645 1885
22325 4253 1814 3108 1151
22326 4253 499 3108 2996
22327 4253 1151 3108 499
22328 4582 3725 4407 3054
22329 4581 3182 3674 3651
22330 4581 2345 3651 2472
22331 4581 3651 3674 2187
22332 4581 3182 4347 3674
22333 4581 3288 4271 2918
22334 4262 990 3276 1844
22335 4525 4299 4393 2656
22336 4525 3671 4223 4161
22337 4525 3722 4393 4141
22338 4255 2697 3793 1896
22339 4255 1896 3762 2697
22340 4255 1896 3793 1823
22341 4256 2876 3382 1628
22342 4256 2769 2876 1628
22343 4256 1628 2799 2769
22344 4256 1628 3382 2799
22345 4257 1388 3936 2570
22346 4257 595 3936 1388
22347 4257 1632 1825 1816
22348 4257 1816 1825 239
22349 4257 239 1825 1632
22350 4257 27 1390 1388
22351 4257 27 2491 1390
22352 4257 1388 2570 27
22353 4620 3185 3229 1766
22354 4258 573 4038 3027
22355 4258 3027 4038 1807
22356 4258 1948 3330 3027
22357 4258 1948 3414 3330
22358 4258 963 692 329
22359 4258 692 2856 329
22360 4258 1807 4038 1076
22361 4258 963 1807 1076
22362 4258 1076 573 963
22363 4258 1076 4038 573
22364 4260 1838 2514 2043
22365 4260 1838 3528 2514
22366 4260 1838 4112 3528
22367 4260 1977 3528 582
22368 4260 582 2629 1977
22369 4260 582 3528 2629
22370 4260 2043 3353 1510
22371 4260 1510 2629 2043
22372 4260 1510 3353 1977
22373 4260 1977 2629 1510
22374 4261 426 3114 2538
22375 4261 695 4158 2794
22376 4261 2035 3114 1087
22377 4261 1087 2794 2035
22378 4261 426 2538 127
22379 4261 1962 4254 1663
22380 4261 1840 1962 1663
22381 4261 695 3114 426
22382 4261 1087 3114 695
22383 4261 695 2794 1087
22384 4261 127 4158 695
22385 4261 426 127 695
22386 4559 1857 3572 1832
22387 4263 2391 3158 2092
22388 4263 2391 3335 3158
22389 4263 3319 3477 2890
22390 4263 2092 3319 2890
22391 4263 3319 4191 3164
22392 4263 3164 3477 3319
22393 4263 3164 4047 3477
22394 4263 1581 3717 3083
22395 4263 3083 3717 3158
22396 4263 3158 3335 3083
22397 4263 3083 3335 1581
22398 4746 4431 4444 2229
22399 4697 1905 3297 2554
22400 4429 2860 3390 2462
22401 4719 2944 4248 2750
22402 4719 3437 4268 2143
22403 4719 2944 3785 2493
22404 4719 1628 4493 4268
22405 4719 2750 3785 2944
22406 4266 2882 3995 3016
22407 4266 2882 3016 1927
22408 4266 2826 2882 1927
22409 4266 1736 4016 2346
22410 4266 2346 2882 1736
22411 4266 2346 3995 2882
22412 4266 2346 4016 3995
22413 4266 3995 4016 2647
22414 4267 1614 2626 2499
22415 4267 2499 2626 2182
22416 4494 3194 3383 2565
22417 4754 3736 4497 2189
22418 4795 834 454 267
22419 4795 3354 4035 2120
22420 4720 2705 4571 4098
22421 4648 3537 4372 1581
22422 4494 3119 3383 2633
22423 4494 2565 3119 1713
22424 4494 3194 4237 117
22425 4494 415 3194 117
22426 4494 415 1093 1092
22427 4721 1178 3918 2623
22428 4695 2627 3357 2141
22429 4709 3166 4547 4221
22430 4269 2640 3381 2199
22431 4269 2199 3209 2640
22432 4269 3209 3710 2694
22433 4709 3166 4584 2825
22434 4578 2834 3631 2867
22435 4578 3587 3843 2867
22436 4269 2199 3795 3147
22437 4269 3147 3795 2672
22438 4270 1243 2950 463
22439 4270 1243 4056 2950
22440 4271 2562 3136 2710
22441 4582 2907 3243 2606
22442 4582 3243 4407 3725
22443 4582 3243 3387 2606
22444 4582 3387 3458 2606
22445 4273 71 2706 1910
22446 4273 877 2623 361
22447 4273 270 877 361
22448 4273 361 2443 270
22449 4273 361 2623 2443
22450 4273 2082 2940 2443
22451 4273 2443 2623 2082
22452 4273 2082 4057 2940
22453 4273 2940 4057 1800
22454 4273 1800 4057 2082
22455 4797 4285 4730 2213
22456 4797 2213 4730 3682
22457 4722 267 362 835
22458 4722 1672 3500 3354
22459 4275 1738 2297 1101
22460 4275 1738 3100 2297
22461 4744 2585 4292 1953
22462 4744 3205 4420 2191
22463 4744 2191 3225 3205
22464 4276 3562 4035 2120
22465 4276 2120 4035 3354
22466 4276 3354 3500 1672
22467 4276 3500 3562 1672
22468 4764 3655 4550 4440
22469 4723 3146 3570 2740
22470 4723 1879 3570 3511
22471 4806 1669 4432 2596
22472 4723 3204 4519 3146
22473 4806 2671 4765 4101
22474 4723 3146 4519 3848
22475 4276 3354 4035 3500
22476 4276 3500 4035 3562
22477 4793 3066 3824 2796
22478 4279 776 1411 1205
22479 4279 776 3150 1411
22480 4279 1205 2037 1432
22481 4279 1432 776 1205
22482 4279 1432 2037 776
22483 4279 352 1945 1772
22484 4279 1772 2806 515
22485 4279 515 2806 1205
22486 4279 1411 352 1205
22487 4279 352 515 1205
22488 4279 352 1772 515
22489 4279 1411 1945 352
22490 4279 1411 3150 1945
22491 4280 2179 2556 2413
22492 4280 2179 3392 2556
22493 4280 3060 3392 2179
22494 4280 2413 3060 2179
22495 4281 154 1132 981
22496 4281 1132 1996 981
22497 4281 1132 3406 1996
22498 4281 1676 3406 1132
22499 4281 154 460 1132
22500 4281 154 1676 460
22501 4281 460 1676 1132
22502 4281 1996 3406 1552
22503 4281 1552 3406 1676
22504 4282 4017 4211 3639
22505 4282 3639 4211 1878
22506 4282 2545 3828 3041
22507 4282 3041 3828 1878
22508 4282 1878 3828 2545
22509 4282 2303 3324 3041
22510 4282 3041 3324 2545
22511 4282 2238 4032 4017
22512 4282 2303 4032 2238
22513 4282 3587 3639 1878
22514 4282 3587 3843 3639
22515 4283 141 1774 1157
22516 4283 141 1777 1774
22517 4283 1651 2458 1777
22518 4283 1777 2458 1774
22519 4283 1651 1777 141
22520 4283 559 1651 1367
22521 4283 1367 1651 141
22522 4283 141 559 1367
22523 4284 2825 3163 3085
22524 4284 935 1303 333
22525 4284 935 2144 1303
22526 4284 333 3163 935
22527 4284 935 3163 2144
22528 4548 3301 3692 3372
22529 4284 1590 3985 2278
22530 4295 2040 2360 1905
22531 4295 2360 3421 2502
22532 4296 1171 2337 1836
22533 4295 2360 2502 1905
22534 4798 2988 4226 2194
22535 4725 2696 3870 3584
22536 4286 1670 1876 1535
22537 4286 232 1876 699
22538 4286 699 2051 92
22539 4286 92 232 699
22540 4286 1670 2051 699
22541 4286 699 1876 1670
22542 4287 2600 4051 2418
22543 4306 128 1174 1094
22544 4287 1824 2811 1770
22545 4287 1770 1976 1824
22546 4287 1770 3472 1976
22547 4288 596 3659 1393
22548 4288 1393 26 596
22549 4405 2662 3122 2694
22550 4322 3340 3883 2283
22551 4405 2694 3122 1532
22552 4520 2059 3532 2278
22553 4520 572 1085 983
22554 4289 3417 4195 3514
22555 4783 3646 4663 4012
22556 4724 2313 3069 2088
22557 4724 2676 4296 3706
22558 4724 2676 3706 3695
22559 4724 2313 3598 1709
22560 4375 2854 3494 3009
22561 4783 4351 4374 2884
22562 4759 3589 3624 2656
22563 4524 3793 4255 2697
22564 4524 2260 4255 3733
22565 4290 2211 2403 2124
22566 4290 1734 2665 1947
22567 4290 1947 2403 1734
22568 4290 1947 2665 2124
22569 4290 2124 2403 1947
22570 4291 2690 2923 1605
22571 4291 1605 2855 2690
22572 4291 1605 2923 2855
22573 4292 3289 3724 3312
22574 4292 3041 3724 3289
22575 4292 3312 3724 2808
22576 4292 2808 3384 3041
22577 4292 2808 3724 3384
22578 4292 3384 3724 3041
22579 4525 3595 3671 2220
22580 4525 4223 4299 4161
22581 4293 1607 3999 2009
22582 4293 2009 3777 1607
22583 4293 3999 4235 2009
22584 4293 2009 4235 2477
22585 4293 2195 4235 3999
22586 4293 2477 4235 2195
22587 4791 3332 4705 822
22588 4294 2192 3176 1744
22589 4527 2611 3403 2302
22590 4527 2925 3576 3403
22591 4798 4345 4739 2858
22592 4798 4226 4739 2167
22593 4294 3176 4285 1744
22594 4294 1744 4285 2959
22595 4294 2959 3519 1744
22596 4294 2959 4285 3519
22597 4296 1506 3566 3006
22598 4504 2549 3531 1830
22599 4296 1409 748 79
22600 4296 748 3566 79
22601 4296 1836 3006 748
22602 4296 3006 3566 748
22603 4296 1171 748 1409
22604 4296 1171 1836 748
22605 4504 2549 3950 2461
22606 4725 3186 4394 3156
22607 4725 2696 4394 3870
22608 4725 3341 4341 3664
22609 4725 3341 3627 3061
22610 4725 1888 3584 3186
22611 4726 1549 2883 2520
22612 4725 3061 3584 1888
22613 4725 1888 3186 3061
22614 4725 3061 4341 3341
22615 4621 3087 3829 3645
22616 4526 1744 3629 2812
22617 4621 3087 3645 1885
22618 4527 2168 3924 2611
22619 4791 228 822 512
22620 4621 1885 3693 3087
22621 4458 3123 3323 3219
22622 4300 1734 2877 2641
22623 4300 2641 2877 1793
22624 4727 2756 4305 2308
22625 4727 2221 3504 2764
22626 4727 2221 4129 1804
22627 4727 2308 4305 2327
22628 4414 3286 3996 2118
22629 4417 1843 3949 2809
22630 4414 2184 3286 2118
22631 4414 2618 3286 1553
22632 4414 2217 3277 2118
22633 4414 2118 3996 2375
22634 4414 2375 3996 1827
22635 4414 1553 4083 2031
22636 4414 3062 4083 1553
22637 4414 1827 3062 2217
22638 4669 3420 3484 3088
22639 4669 4025 4141 3484
22640 4669 4025 4667 3595
22641 4303 2218 3180 2962
22642 4304 1908 2798 1717
22643 4304 2069 4129 3104
22644 4304 3104 4129 2941
22645 4304 2941 4129 2349
22646 4304 2349 4129 1675
22647 4304 1675 4020 2349
22648 4304 2349 4020 2941
22649 4305 2811 4287 2221
22650 4728 2294 4562 2702
22651 4728 2702 3737 2294
22652 4728 1912 4562 2126
22653 4305 2308 2756 2116
22654 4305 2116 2680 2308
22655 4305 2756 3472 2116
22656 4305 2116 3472 1770
22657 4305 2744 4287 3472
22658 4305 3472 4287 1770
22659 4306 1174 1895 531
22660 4306 1174 1887 1181
22661 4306 1181 1887 1521
22662 4469 2666 3170 2663
22663 4469 4165 4291 2666
22664 4469 2666 4291 2525
22665 4469 2105 4165 2137
22666 4469 2105 2663 1843
22667 4469 2809 4165 2105
22668 4307 1723 2736 2276
22669 4307 2276 2397 1723
22670 4307 1723 4104 2736
22671 4307 2159 3681 2397
22672 4307 2159 4104 3681
22673 4307 2397 3681 1723
22674 4307 3681 4104 1723
22675 4308 869 785 1480
22676 4308 869 2894 785
22677 4308 214 869 1480
22678 4308 214 2894 869
22679 4308 1485 356 771
22680 4308 771 1480 1485
22681 4496 2776 3342 2290
22682 4496 3956 4264 2776
22683 4309 3338 3728 2960
22684 4309 2960 3728 3396
22685 4729 2942 3187 3084
22686 4729 1163 4311 2268
22687 4729 607 1869 64
22688 4310 2214 2905 2850
22689 4310 2850 2905 1687
22690 4310 1687 2905 2652
22691 4310 2652 2905 2214
22692 4730 2213 4285 3237
22693 4730 2771 3682 3237
22694 4798 2634 2988 2858
22695 4313 3161 3858 1767
22696 4730 1683 4314 2978
22697 4730 2771 4314 3421
22698 4313 1767 3772 3001
22699 4313 2032 3772 1624
22700 4312 1291 64 488
22701 4312 1032 2892 1818
22702 4312 1032 3716 2892
22703 4312 2892 3716 1818
22704 4731 2790 4093 3441
22705 4730 3237 4285 2978
22706 4798 2167 4015 2216
22707 4312 2363 3716 488
22708 4312 64 2363 488
22709 4312 2363 4122 3226
22710 4312 3226 4122 1573
22711 4312 1573 4122 2363
22712 4730 3316 4314 1683
22713 4730 3237 4314 2771
22714 4731 3027 4681 4322
22715 4731 3036 3805 2758
22716 4731 264 3805 2677
22717 4731 2677 3805 3036
22718 4314 2651 3944 3801
22719 4314 3801 3884 2651
22720 4753 2509 4493 2570
22721 4314 1985 3884 3801
22722 4316 1801 2161 2119
22723 4316 2104 2161 1801
22724 4316 1573 4122 2119
22725 4316 2119 4122 1801
22726 4316 1801 4122 1573
22727 4316 2119 2161 1708
22728 4316 1708 2161 2104
22729 4420 3289 3840 1623
22730 4420 1623 3840 2979
22731 4318 1579 3618 3138
22732 4318 2042 3618 1579
22733 4318 2462 3138 1915
22734 4697 3190 3476 2249
22735 4318 3138 3618 2622
22736 4318 2622 3618 2042
22737 4319 377 1001 1401
22738 4319 1612 3184 2604
22739 4319 2604 3184 2125
22740 4319 2125 3184 1612
22741 4319 1612 2604 1715
22742 4319 1715 2412 1612
22743 4689 1776 3881 1846
22744 4320 2039 4108 2273
22745 4320 1520 3104 2039
22746 4320 1804 3104 2349
22747 4320 2407 3900 2584
22748 4320 2584 3900 1804
22749 4320 2407 2584 1526
22750 4320 2584 3504 1526
22751 4320 1520 3280 2349
22752 4320 2349 3104 1520
22753 4322 2283 2914 1948
22754 4322 2283 3027 2914
22755 4322 2914 3027 1948
22756 4732 2208 4342 1656
22757 4405 1532 3811 3722
22758 4405 2662 3052 2705
22759 4610 2243 3779 1347
22760 4610 2453 3779 2129
22761 4610 3003 3779 2453
22762 4610 2129 3779 2243
22763 4610 2453 3770 3003
22764 4610 3003 3770 2246
22765 4610 2129 4391 3770
22766 4610 2129 3770 2453
22767 4610 3770 4391 2246
22768 4399 1621 2030 1666
22769 4399 919 920 258
22770 4400 1513 2704 2419
22771 4324 1606 2618 2031
22772 4450 3325 3693 3270
22773 4450 2911 3832 3492
22774 4450 1545 3270 2588
22775 4450 2588 3325 1545
22776 4450 3702 3832 3325
22777 4450 3693 3832 3270
22778 4450 3325 3832 3693
22779 4450 3492 3702 3325
22780 4450 1761 3492 3098
22781 4326 3786 4163 1575
22782 4326 1575 4163 3296
22783 4326 3294 3920 3877
22784 4326 3877 3920 3698
22785 4327 1833 3831 2516
22786 4327 2516 3101 122
22787 4327 2448 3956 1639
22788 4327 1639 3956 3831
22789 4327 3831 3956 1705
22790 4327 1705 3956 3101
22791 4327 122 3101 497
22792 4327 497 428 122
22793 4327 1833 2516 690
22794 4327 690 2516 122
22795 4813 3655 4427 3220
22796 4327 3101 3956 2646
22797 4327 2646 3956 1669
22798 4327 1669 3101 2646
22799 4327 2516 3831 1705
22800 4327 1705 3101 2516
22801 4327 497 2596 1669
22802 4327 497 3101 2596
22803 4327 2596 3101 1669
22804 4328 962 1377 668
22805 4328 668 1377 1267
22806 4329 2715 3805 128
22807 4329 532 3805 2787
22808 4329 128 3805 532
22809 4329 2017 3960 2785
22810 4329 2186 3960 2017
22811 4330 2735 4038 2758
22812 4330 1790 4038 2735
22813 4330 975 2887 2787
22814 4330 975 4053 2887
22815 4330 2887 4053 1790
22816 4330 1790 4053 975
22817 4331 2883 4300 1793
22818 4331 1793 4300 2877
22819 4331 2877 2883 1793
22820 4332 4036 4326 2041
22821 4332 2041 4326 3685
22822 4332 4036 4301 3698
22823 4507 3017 3029 1518
22824 4332 3685 4036 3698
22825 4332 3021 3786 3685
22826 4332 3685 3786 2041
22827 4332 2041 3786 3021
22828 4783 2884 4663 4473
22829 4653 3362 4351 3968
22830 4806 265 4765 1394
22831 4332 2854 3127 2041
22832 4332 2854 3218 3127
22833 4333 359 3115 1712
22834 4333 1712 2779 359
22835 4333 1712 3115 2370
22836 4333 2370 2779 1712
22837 4333 2178 2370 1949
22838 4333 1570 2388 1949
22839 4333 1570 3115 2388
22840 4333 69 2388 800
22841 4333 2370 3115 1570
22842 4333 1949 2370 1570
22843 4333 1829 1965 69
22844 4333 1829 2388 1965
22845 4333 1965 2388 69
22846 4335 1364 1735 335
22847 4335 1844 1994 1735
22848 4335 1735 1994 335
22849 4335 1133 990 335
22850 4335 1136 3981 2805
22851 4335 2805 3981 102
22852 4335 102 3981 1136
22853 4335 1844 4262 1994
22854 4335 990 4262 1844
22855 4335 1133 4262 990
22856 4335 1994 4262 1133
22857 4335 335 1994 1133
22858 4337 3500 4035 3354
22859 4337 3354 4010 3500
22860 4337 3202 4035 3048
22861 4337 3048 4035 2928
22862 4337 2928 3202 3048
22863 4337 1657 3577 2928
22864 4337 1657 3696 3577
22865 4337 3577 3696 2928
22866 4338 3595 4141 3088
22867 4338 3088 3991 3595
22868 4607 1609 2270 1659
22869 4607 2270 4246 1659
22870 4607 111 3756 504
22871 4607 504 1659 1040
22872 4607 1609 1951 1742
22873 4607 1742 4246 2270
22874 4625 3564 3832 3702
22875 4625 2662 4410 3564
22876 4339 3087 3693 1885
22877 4339 1885 3693 3010
22878 4339 3010 3645 1885
22879 4339 1885 3645 3087
22880 4340 2140 2784 2505
22881 4340 2140 2847 2398
22882 4340 2398 2784 2140
22883 4340 1917 2788 2145
22884 4340 2145 2788 2070
22885 4340 2398 3816 2784
22886 4340 1921 3816 2398
22887 4340 2784 3816 1917
22888 4340 1917 3816 1921
22889 4340 2455 4011 1622
22890 4340 1622 4011 2075
22891 4341 3499 3668 3618
22892 4342 2522 4043 811
22893 4342 1656 2522 2234
22894 4342 2234 2522 811
22895 4733 1356 3896 962
22896 4733 2652 4348 961
22897 4733 961 3837 2652
22898 4733 718 1356 961
22899 4733 1356 3910 3896
22900 4344 1942 3408 3210
22901 4344 3210 3408 1982
22902 4344 1982 3408 1646
22903 4344 1646 3408 1942
22904 4344 1795 2976 1942
22905 4519 4161 4487 3234
22906 4344 3271 4030 3547
22907 4344 1862 4030 3271
22908 4344 3547 4030 1646
22909 4519 3671 4161 3526
22910 4519 2220 4161 3671
22911 4344 1646 4030 1893
22912 4344 1893 4030 1862
22913 4519 3671 3848 2220
22914 4519 1858 3234 3204
22915 4740 613 4381 1186
22916 4740 1186 2435 485
22917 4740 613 1186 78
22918 4377 654 1691 202
22919 4346 1717 2955 2848
22920 4346 2634 2858 1839
22921 4346 1839 2848 2634
22922 4346 1839 2858 2848
22923 4346 1717 2848 2024
22924 4346 2024 2038 1717
22925 4347 2670 3358 3010
22926 4347 3358 3469 1906
22927 4347 1906 3469 3004
22928 4347 1906 3674 3182
22929 4582 3054 3458 3387
22930 4347 2187 3674 1906
22931 4347 1906 2770 2187
22932 4347 1906 3136 2770
22933 4347 2770 3136 2187
22934 4734 3738 3979 3179
22935 4588 1723 2397 1958
22936 4490 2657 2780 1821
22937 4771 3054 4591 3458
22938 4490 2657 3365 1849
22939 4490 1849 3365 2487
22940 4734 3279 3880 1537
22941 4776 1794 3055 2042
22942 4734 3675 4352 3979
22943 4511 3320 3461 2004
22944 4350 1750 2940 2443
22945 4350 1750 3697 2868
22946 4350 2868 2940 1750
22947 4350 2202 4057 2940
22948 4350 2940 4057 2082
22949 4350 2202 2868 2684
22950 4350 2082 2684 1175
22951 4350 1175 2684 103
22952 4350 789 2082 1175
22953 4350 1175 103 789
22954 4350 2082 4057 2684
22955 4350 2684 4057 2202
22956 4375 3145 3460 1964
22957 4351 2945 4216 3457
22958 4351 3399 4216 2945
22959 4784 4349 4375 4062
22960 4673 2365 4070 368
22961 4784 3965 4557 3236
22962 4673 188 4070 2252
22963 4663 1813 3646 2699
22964 4673 1533 3081 1909
22965 4673 1533 2452 2252
22966 4673 2252 3984 816
22967 4673 188 2252 816
22968 4352 3550 4217 3309
22969 4735 1550 4353 2072
22970 4735 1028 260 1064
22971 4735 2072 2500 1550
22972 4735 260 2054 1064
22973 4736 4171 4678 3352
22974 4736 2807 4678 4171
22975 4354 2963 4230 3555
22976 4354 3731 4081 2963
22977 4712 977 2630 1289
22978 4354 4081 4230 2963
22979 4355 1826 3395 2285
22980 4355 3395 4156 3068
22981 4355 1826 2285 337
22982 4355 380 1826 337
22983 4355 337 889 380
22984 4355 337 2285 889
22985 4355 2285 3068 889
22986 4355 2285 3395 3068
22987 4356 2184 3998 3857
22988 4356 2184 4209 3998
22989 4356 2696 3870 3325
22990 4356 3325 3693 2696
22991 4356 1545 3870 2184
22992 4356 2184 3870 3508
22993 4356 3584 4209 3508
22994 4356 3508 3870 3584
22995 4356 3584 3870 2696
22996 4358 1551 3972 1891
22997 4358 650 3972 310
22998 4358 310 3972 2820
22999 4359 1741 3497 2674
23000 4359 1990 4190 3337
23001 4359 3337 4190 2807
23002 4708 3722 4405 3052
23003 4708 3350 3573 2656
23004 4737 2321 4363 2753
23005 4737 3544 3705 2076
23006 4708 1532 3722 3573
23007 4708 3350 4577 4269
23008 4708 2656 4577 3350
23009 4708 2640 3573 3381
23010 4737 2607 4363 4074
23011 4737 4074 4363 2321
23012 4361 3478 4061 1587
23013 4361 1587 3705 3478
23014 4361 3478 3705 2607
23015 4361 4059 4061 3240
23016 4361 1587 4061 2057
23017 4361 3705 4074 2607
23018 4361 1587 4074 3705
23019 4361 2938 4059 3240
23020 4361 1972 4059 2938
23021 4361 2057 4059 1972
23022 4361 2057 4061 4059
23023 4361 1972 4274 2057
23024 4361 2057 4274 1587
23025 4361 1587 4274 4074
23026 4361 4074 4274 1972
23027 4362 1627 3104 2839
23028 4362 2069 3104 1627
23029 4362 1067 4030 66
23030 4362 66 4030 1979
23031 4738 2331 4367 3491
23032 4464 3204 3536 1858
23033 4363 2468 2753 2091
23034 4363 1898 2761 2505
23035 4363 2505 2761 2091
23036 4363 2091 2761 1898
23037 4363 2091 2753 1538
23038 4363 1538 2753 2321
23039 4363 2203 2753 2468
23040 4668 1767 3858 3161
23041 4363 2607 3589 1898
23042 4668 3858 4034 3161
23043 4668 3161 3730 200
23044 4364 2310 3738 3675
23045 4364 1837 3738 2310
23046 4412 1580 2258 1995
23047 4412 2094 3622 2256
23048 4412 2671 3268 3081
23049 4485 3433 4012 3748
23050 4604 3016 4499 2598
23051 4487 1587 3705 3159
23052 4604 1599 3913 3085
23053 4487 1718 2649 2458
23054 4487 3478 3705 1587
23055 4487 2458 2649 1587
23056 4366 3425 3920 3097
23057 4366 3097 3920 3726
23058 4366 1539 3916 3073
23059 4366 3073 3916 2747
23060 4366 3073 3513 3425
23061 4366 3425 3513 2747
23062 4366 2747 3513 3073
23063 4739 3019 4151 2634
23064 4739 2858 4345 2634
23065 4511 3058 3075 2542
23066 4511 2596 3320 2004
23067 4511 1669 2596 2004
23068 4511 2596 2646 2023
23069 4739 2261 4015 2167
23070 4558 2890 4263 3477
23071 4558 2890 4323 1030
23072 4558 1030 3882 1196
23073 4739 2634 4345 3019
23074 4739 3019 4345 4151
23075 4369 1648 3033 2155
23076 4369 2155 2879 1648
23077 4369 2879 3907 1648
23078 4369 1648 3907 1787
23079 4369 1376 2932 1353
23080 4369 1353 1036 1376
23081 618 1036 1376 2932
23082 4369 2932 1376 1036
23083 4370 1477 3951 1988
23084 4370 1988 2982 1577
23085 4370 1988 3951 2982
23086 4370 1577 3444 637
23087 4370 1477 1577 637
23088 4532 2293 3743 3019
23089 4370 2982 3586 1577
23090 4740 2404 2916 1620
23091 4740 2435 4381 2989
23092 4532 2634 4151 3019
23093 4740 2910 2916 2048
23094 4372 1581 3537 3128
23095 4372 3128 3537 2658
23096 4372 2658 3761 3128
23097 4372 3128 3761 3709
23098 4373 3285 4360 3962
23099 4373 3962 4360 2402
23100 4373 2402 4360 1845
23101 4373 1845 2599 2402
23102 4493 2876 4268 1628
23103 4795 4276 4722 3354
23104 4373 3962 4168 3285
23105 4373 2251 3997 3433
23106 4373 2251 4188 3997
23107 4373 3997 4188 3433
23108 4663 2884 3663 3631
23109 4663 2884 4374 3748
23110 4663 3468 3646 3399
23111 4764 3345 3983 3091
23112 4764 2152 4550 3901
23113 4808 4432 4765 3207
23114 4375 2895 3494 3021
23115 4375 3021 3494 2854
23116 4671 1786 4079 2080
23117 4671 487 2915 1414
23118 4671 1786 2915 2728
23119 4785 2909 4058 2413
23120 4375 1964 4349 3145
23121 4375 4062 4349 3743
23122 4375 3743 4349 1964
23123 4376 2955 3678 2757
23124 4376 3558 4001 2349
23125 4376 2349 4001 2941
23126 4377 1691 2773 202
23127 4377 202 2269 864
23128 4377 864 865 202
23129 4377 2269 2957 2344
23130 4377 2344 2957 865
23131 4377 1543 2269 2185
23132 4377 2185 2269 1691
23133 4377 2269 2344 864
23134 4377 864 2344 865
23135 4378 3137 3908 1818
23136 4378 1818 3226 3137
23137 4378 1818 3908 3226
23138 4379 3123 3379 2900
23139 4642 2763 4617 1771
23140 4380 593 3208 2077
23141 4380 2077 3208 1969
23142 4380 289 4041 1105
23143 4380 1969 4041 1014
23144 4380 1014 4041 289
23145 4380 4041 4078 2013
23146 4380 2013 4078 2926
23147 4380 1105 4041 2013
23148 4380 2013 2926 1105
23149 4381 1258 4052 613
23150 4741 1619 4384 2232
23151 4741 2147 3847 2447
23152 4741 3272 4210 2447
23153 4741 1592 3847 2147
23154 4381 2727 4127 1304
23155 4381 1304 4127 2435
23156 4381 1304 2435 1186
23157 4381 613 1304 1186
23158 4741 3569 3804 2147
23159 4741 2118 4210 3272
23160 4741 2447 3569 2147
23161 4741 2447 3847 3272
23162 4542 2379 2794 1729
23163 4382 1519 2404 1620
23164 4382 1519 2943 2404
23165 4382 616 4127 2371
23166 4382 2371 3080 616
23167 4742 2098 2733 146
23168 4386 882 3217 2995
23169 4386 3217 3894 2995
23170 4386 33 1055 873
23171 4386 873 432 33
23172 4387 1397 2625 565
23173 4387 1397 2733 2625
23174 4743 4230 4272 3555
23175 4743 4272 4276 2120
23176 4743 331 4276 1340
23177 4800 2722 4150 1905
23178 4388 1016 1091 542
23179 4388 385 3505 1091
23180 4388 1091 133 385
23181 4388 1952 3505 2364
23182 4388 1091 3505 1952
23183 4389 1550 3002 2500
23184 4389 2500 3002 2054
23185 4389 477 2054 1079
23186 4389 477 2072 2054
23187 4389 2531 3928 3903
23188 4389 3903 3928 2951
23189 4390 1616 2684 1535
23190 4390 3022 4057 2231
23191 4390 2231 4057 2202
23192 4390 2202 4057 2684
23193 4390 2684 4057 1535
23194 4391 2399 3427 430
23195 4629 3742 4392 2745
23196 4611 2295 3579 3106
23197 4611 3106 4026 3784
23198 4611 2420 4026 3579
23199 4391 522 3248 2129
23200 4391 430 3248 522
23201 4629 2745 4392 1564
23202 4391 2129 2243 522
23203 4391 522 2243 123
23204 4391 430 3427 3248
23205 4391 3248 3427 2129
23206 4392 3238 4196 2945
23207 4392 2945 3497 3238
23208 4532 1629 4082 2814
23209 4393 3617 4223 2266
23210 4393 2266 4098 3617
23211 4393 2266 4223 4098
23212 4726 2883 4300 2520
23213 4394 3325 3870 2696
23214 4394 2276 3889 3156
23215 4394 2506 3889 3098
23216 4394 3098 3325 2506
23217 4394 3098 3889 3325
23218 4394 3186 3870 2276
23219 4394 3156 3186 2276
23220 4394 3325 3889 3049
23221 4394 3049 3870 3325
23222 4394 3049 3889 2276
23223 4394 2276 3870 3049
23224 4395 2686 3661 2615
23225 4395 2615 2855 2686
23226 4395 2615 3661 2855
23227 4395 2855 4291 1850
23228 4395 1850 4291 4080
23229 4584 2404 3794 3660
23230 4584 2404 3020 2943
23231 4396 3483 3508 2184
23232 4396 2184 3508 2619
23233 4396 2619 3483 2184
23234 4397 1228 2492 715
23235 4397 2864 4013 2673
23236 4397 2673 4013 1569
23237 4397 715 2492 1569
23238 4397 1569 4013 715
23239 4397 715 4013 978
23240 4398 949 2980 741
23241 4398 949 4323 2980
23242 4744 3225 4633 2889
23243 4398 2980 3826 3764
23244 4398 2980 4323 3826
23245 4744 4292 4420 3289
23246 4744 4292 4367 3324
23247 4744 3324 4367 3205
23248 4744 2191 4633 3225
23249 4744 2889 3517 3225
23250 4398 3555 4272 2767
23251 4398 2767 3775 3555
23252 4398 2767 4272 3764
23253 4398 3764 3775 2767
23254 4400 2185 2362 1877
23255 4400 2185 3482 2362
23256 4400 2362 3482 1513
23257 4400 1513 3482 2185
23258 4400 2216 3854 2167
23259 4400 2167 3854 2419
23260 4400 2419 2704 2167
23261 4400 2167 2704 2216
23262 4402 2129 3473 1728
23263 4402 1822 3473 2243
23264 4402 1728 3473 1822
23265 4402 1728 3461 2835
23266 4402 2835 2874 1728
23267 4402 2835 3461 2518
23268 4402 2518 2874 2835
23269 4403 1752 2617 1763
23270 4403 2617 3034 1763
23271 4403 2730 3034 2829
23272 4403 2730 3247 3034
23273 4403 2975 3247 2730
23274 4403 2829 2975 2730
23275 4404 3883 4322 2790
23276 4404 2790 3966 3883
23277 4404 3036 4322 2758
23278 4404 2735 3036 2758
23279 4404 2758 4322 2283
23280 4412 1580 3268 2532
23281 4412 1995 2258 2094
23282 4404 2735 2758 1641
23283 4404 1641 2758 2283
23284 4405 3193 4218 3710
23285 4578 2984 3468 3274
23286 4578 2984 3639 2846
23287 4578 2867 3843 2834
23288 4578 3639 3843 3587
23289 4578 3274 4435 2984
23290 4579 2172 3540 2601
23291 4580 1188 783 1148
23292 4406 3529 4168 3663
23293 4583 2305 3662 2613
23294 4583 2603 3662 2305
23295 4583 2966 3662 1940
23296 4583 2966 3415 2106
23297 4583 2613 3662 2106
23298 4583 1658 4396 2717
23299 4770 2287 4587 511
23300 4583 2106 3415 2613
23301 4718 1306 723 1262
23302 4409 2808 3592 2303
23303 4409 2303 3384 2808
23304 4626 4484 4496 1705
23305 4625 3811 4410 2662
23306 4573 1871 3136 3120
23307 4572 2662 4218 2730
23308 4572 2972 3664 2506
23309 4626 2572 4484 3440
23310 4626 2290 2577 1957
23311 4626 2572 3440 3070
23312 4572 2662 4410 2705
23313 4572 3664 4410 2506
23314 4572 2506 4410 2662
23315 4626 2290 3070 2577
23316 4411 3250 3883 3568
23317 4411 2533 3883 3250
23318 4412 2258 2448 2094
23319 4412 2258 4101 2448
23320 4412 2448 4101 2094
23321 4412 1580 2592 2256
23322 4412 2256 2592 2094
23323 4412 2094 2592 1995
23324 4412 1995 2592 1580
23325 4775 2410 3053 2422
23326 4413 2261 2512 2254
23327 4413 2261 4151 2512
23328 4413 2198 3183 2254
23329 4413 2198 4107 3183
23330 4763 3293 4603 4543
23331 4449 1827 3996 2375
23332 4449 2047 2948 1649
23333 4413 3019 4151 2261
23334 4413 3019 4301 2870
23335 4413 1629 3019 2870
23336 4747 627 394 293
23337 4747 819 3959 394
23338 4444 2008 3188 2676
23339 4444 1517 3188 2008
23340 4444 2008 2229 1517
23341 4416 3766 4415 3259
23342 4416 2251 4303 2962
23343 4416 2962 3997 2251
23344 4416 1685 3974 3930
23345 4416 3930 3974 3259
23346 4416 3259 3974 3766
23347 4416 3766 3974 3180
23348 4416 1685 3672 3180
23349 4416 2907 3243 1685
23350 4416 2907 3997 3243
23351 4416 3243 3997 2962
23352 4416 2962 4303 3180
23353 4416 3180 3243 2962
23354 4416 3180 3672 3243
23355 4416 3243 3672 1685
23356 4418 2382 2915 2387
23357 4418 2382 3400 2915
23358 4418 2387 2915 1786
23359 4418 2915 3400 1786
23360 4418 2312 3283 1791
23361 4418 1791 2387 2312
23362 4419 1578 4114 3625
23363 4419 3625 4114 2569
23364 4419 2569 4114 3131
23365 4420 1920 2979 2191
23366 4801 3649 3749 2414
23367 4801 2857 3100 2297
23368 4801 2857 4749 2738
23369 4558 3373 3882 530
23370 4558 2444 4263 2092
23371 4558 3554 4263 2444
23372 4420 3205 3591 1920
23373 4558 126 4323 3485
23374 4558 3373 3554 2444
23375 4558 530 3882 1030
23376 4558 3485 4323 3477
23377 4558 1030 126 1111
23378 4558 1030 1111 530
23379 4463 2457 2761 2199
23380 4463 2468 4363 2091
23381 4463 1898 4363 2468
23382 4422 1215 1945 1357
23383 4422 1945 2032 1357
23384 4422 1358 3496 1405
23385 4422 1358 3520 3496
23386 4422 3496 3520 2484
23387 4422 2484 3520 3092
23388 4423 321 3547 2063
23389 4519 4161 4464 3526
23390 4423 1023 321 1176
23391 4423 321 2063 1176
23392 4423 2981 3408 1942
23393 4423 1942 3408 1646
23394 4502 370 2106 2016
23395 4424 2469 2664 1329
23396 4424 1329 2664 263
23397 4424 263 4198 3095
23398 4424 3095 4198 2664
23399 4424 2664 4198 263
23400 4424 2469 4321 2664
23401 4424 2664 4321 1934
23402 4424 1934 4321 2469
23403 4502 1751 3415 791
23404 4502 791 189 500
23405 4424 3314 4421 1370
23406 4424 1370 4421 1329
23407 4695 2416 4571 4143
23408 4695 2416 4143 3361
23409 4426 1917 2788 2660
23410 4426 2199 2761 2660
23411 4426 2660 2761 1917
23412 4427 1594 3091 2939
23413 4428 3746 4047 3164
23414 4428 3604 4334 3717
23415 4428 3717 4334 2198
23416 4428 2198 4334 3604
23417 4428 1581 3709 3128
23418 4428 3128 3604 1581
23419 4428 3128 3709 3604
23420 4429 2819 3917 3758
23421 4429 3758 3917 2958
23422 4429 3000 3138 1915
23423 4429 2860 3463 3390
23424 4429 2113 3463 2860
23425 4429 2113 3917 2212
23426 4429 2212 3000 2113
23427 4429 2212 3138 3000
23428 4429 2212 3917 3138
23429 4429 3390 3463 1915
23430 4429 1915 3463 3000
23431 4429 3000 3463 2113
23432 4430 3308 3403 2302
23433 4430 2302 3403 2611
23434 4809 1613 4772 3033
23435 4432 833 2004 431
23436 4432 431 265 833
23437 4553 2565 3623 2439
23438 4808 4552 4765 1378
23439 4766 342 3436 59
23440 4766 1644 4564 3436
23441 4766 59 1044 501
23442 4807 3345 3559 2849
23443 4807 2439 4553 3220
23444 4553 3845 4309 3338
23445 4766 1764 4065 501
23446 4766 3436 4065 1644
23447 4766 501 3436 342
23448 4433 1852 2347 2162
23449 4433 3245 4078 3139
23450 4433 3139 3246 3245
23451 4453 1982 3210 2299
23452 4453 951 2122 581
23453 4453 1332 1753 951
23454 4510 1964 3460 3145
23455 4739 4151 4345 2261
23456 4452 2721 3368 1603
23457 4452 1852 2608 1998
23458 4452 1998 2347 1852
23459 4812 3552 4566 3331
23460 4812 2439 4807 2526
23461 4812 4553 4807 2439
23462 4436 2983 3336 91
23463 4436 91 3336 373
23464 4812 3298 3552 3338
23465 4812 3338 4553 2439
23466 4436 1315 231 373
23467 4436 1315 3470 231
23468 4438 3730 4034 3195
23469 4438 3195 4034 2026
23470 4438 2026 3730 3195
23471 4439 2559 3262 3191
23472 4439 2559 3346 3262
23473 4439 2609 3431 2517
23474 4439 3301 3703 3346
23475 4594 1820 3912 2411
23476 4439 3191 3262 3237
23477 4594 3522 3912 1959
23478 4439 2609 3703 3301
23479 4439 2517 3703 2609
23480 4715 2518 2874 2130
23481 4807 2526 3930 1685
23482 4440 2819 3260 2648
23483 4440 2819 3758 3260
23484 4440 2141 2819 2648
23485 4440 2141 3758 2819
23486 4440 2439 3623 3561
23487 4440 2439 3655 3623
23488 4715 2835 4470 3516
23489 4813 2206 3655 3623
23490 4809 4597 4773 2023
23491 4809 3033 4264 1613
23492 4809 3765 4772 1613
23493 4537 391 2641 1793
23494 4537 661 2566 1278
23495 4537 2236 4300 2196
23496 4442 2319 3744 3672
23497 4442 3672 3744 3552
23498 4442 3552 3744 2319
23499 4443 2348 4015 2254
23500 4443 2254 4015 2261
23501 4449 1961 3993 2375
23502 4443 2986 4015 2348
23503 4443 2254 3183 1586
23504 4443 1586 2348 2254
23505 4443 1586 3015 2348
23506 4443 1586 3183 3015
23507 4747 2047 4449 1585
23508 4747 394 3720 2047
23509 4444 2008 2676 2099
23510 4444 2099 2229 2008
23511 4445 1788 2546 2228
23512 4445 1788 3051 2546
23513 4445 3051 3192 3040
23514 4445 2228 2561 2240
23515 4445 2561 4112 2240
23516 4445 1991 2561 2228
23517 4445 1991 4112 2561
23518 4447 2392 3193 3034
23519 4447 2829 3429 2617
23520 4447 2392 3307 3193
23521 4445 2546 3040 2228
23522 4445 2546 3051 3040
23523 4446 2437 4005 2536
23524 4446 2437 4445 4005
23525 4447 2672 3112 2169
23526 4578 2846 3631 3468
23527 4447 2672 3429 3193
23528 4447 2169 3853 2741
23529 4447 2741 3853 3429
23530 4447 2169 2741 2672
23531 4447 2741 3429 2672
23532 4448 2499 4015 2986
23533 4448 2261 4015 2499
23534 4448 3127 4184 3911
23535 4705 138 4187 1327
23536 4448 2262 4184 3127
23537 4448 2262 3127 1773
23538 4448 3127 4301 3218
23539 4448 2261 3218 3019
23540 4448 3218 4301 3019
23541 4448 3127 3218 1773
23542 4448 1773 3218 2261
23543 4748 2145 4456 4426
23544 4748 4426 4456 2199
23545 4748 2199 3795 3350
23546 4450 2911 4010 3270
23547 4450 2588 4425 1761
23548 4450 3492 3630 2911
23549 4450 2224 4425 2588
23550 4450 3270 4010 2224
23551 4450 1761 4425 3939
23552 4450 3630 3939 2224
23553 4450 2224 4010 3630
23554 4450 3630 4010 2911
23555 4450 3939 4425 2224
23556 4450 2588 2743 2224
23557 4450 2588 3270 2743
23558 4450 2743 3270 2224
23559 4450 1761 3630 3492
23560 4450 1761 3939 3630
23561 4451 3329 3727 2459
23562 4451 2459 3727 2162
23563 4451 2162 3378 2459
23564 4451 2459 3378 3329
23565 4510 2775 3934 3460
23566 4452 1998 2608 1714
23567 4452 1714 2608 2380
23568 4454 1539 3393 1572
23569 4454 1572 2678 1539
23570 4454 1572 3958 2326
23571 4454 2326 2675 1572
23572 4454 2326 3958 1944
23573 4454 1944 2675 2326
23574 4454 1944 3359 1716
23575 4454 1716 2675 1944
23576 4454 1944 3958 3359
23577 4749 2548 4464 3526
23578 4749 3526 4464 3649
23579 4749 3649 4464 3100
23580 4749 2297 3100 1738
23581 4457 1734 3819 2665
23582 4457 3819 4149 2665
23583 4457 1734 4300 2641
23584 4457 2641 4300 2196
23585 4457 2196 4149 3819
23586 4457 2124 2665 2639
23587 4457 2124 4290 2665
23588 4457 2665 4149 1528
23589 4457 1528 4149 2639
23590 4457 2639 2665 1528
23591 4457 2196 3819 2641
23592 4457 2641 3819 1734
23593 4459 2102 3478 1718
23594 4459 1858 3649 3317
23595 4459 3317 3649 3038
23596 4459 3317 3945 1875
23597 4459 3478 4061 3240
23598 4459 2102 4061 3478
23599 4459 1875 4061 2102
23600 4459 3240 4061 3945
23601 4459 3945 4061 1875
23602 4460 2775 3633 2556
23603 4460 2293 4349 3377
23604 4460 2556 4349 2293
23605 4460 2293 2644 1993
23606 4460 1993 2413 2293
23607 4460 3377 4349 3633
23608 4460 3633 4349 2556
23609 4751 857 3926 2166
23610 4751 1976 3224 2166
23611 4462 2315 3109 2323
23612 4462 3287 4421 2469
23613 4462 2469 3659 3287
23614 4462 2469 4421 3659
23615 4462 823 2323 238
23616 4462 238 1366 823
23617 4462 238 2323 1366
23618 4462 1825 2315 823
23619 4462 1825 3109 2315
23620 4463 2091 4363 1898
23621 4464 1515 3204 2934
23622 4464 1515 3536 3204
23623 4750 3338 3559 3331
23624 4464 3100 3649 3536
23625 4464 2934 3169 1738
23626 4804 1641 4516 2533
23627 4750 2055 3331 2876
23628 4750 2876 4256 2055
23629 4750 3338 4505 3728
23630 4524 2697 4255 3596
23631 4759 3240 3945 3624
23632 4750 2876 4505 4256
23633 4750 2960 4505 3338
23634 4750 1856 4586 2574
23635 4704 2148 3916 1539
23636 4704 3916 4366 1539
23637 4704 2264 4184 2262
23638 4704 2678 4366 4184
23639 4466 3707 4233 1518
23640 4466 3017 3707 1518
23641 4466 2352 4023 3665
23642 4466 3665 4023 2685
23643 4466 2685 4023 2352
23644 4466 2352 3665 2865
23645 4466 2595 3621 3379
23646 4466 2352 3904 3446
23647 4466 3446 3904 2865
23648 4466 2865 3904 2352
23649 4466 3379 3446 2865
23650 4466 2865 3665 2595
23651 4466 2595 3379 2865
23652 4752 1985 4314 3801
23653 4752 3316 4314 1985
23654 4468 3049 3889 2527
23655 4468 1726 3195 2553
23656 4468 1726 4034 3195
23657 4468 2527 4034 1726
23658 4468 1726 2553 2527
23659 4468 2553 4307 2276
23660 4468 2276 3049 2553
23661 4470 2004 2518 1919
23662 4470 1919 3207 2004
23663 4512 3055 3247 2591
23664 4512 1007 1013 147
23665 4512 2591 3247 1915
23666 4723 2740 3570 1879
23667 4723 3417 4519 4289
23668 4471 267 454 1379
23669 4471 2098 4251 566
23670 4797 1518 3682 3421
23671 4471 1379 2098 566
23672 4797 2360 4294 3707
23673 4797 2360 3707 1518
23674 4723 3511 3570 2754
23675 4723 2754 3570 3146
23676 4472 736 1371 173
23677 4472 173 1944 736
23678 4472 173 2341 1944
23679 4664 1574 4019 2929
23680 4474 1822 3320 2004
23681 4474 3320 3872 2932
23682 4474 2932 3872 3745
23683 4474 2004 2596 60
23684 4474 2004 3320 2596
23685 4474 60 1376 618
23686 4474 1376 2932 618
23687 4474 2596 3320 2932
23688 4474 60 2596 1376
23689 4474 2596 2932 1376
23690 4475 3284 4092 1880
23691 4475 3284 4097 4092
23692 4475 4092 4097 2197
23693 4475 3963 4092 2197
23694 4718 2796 3824 1780
23695 4475 3456 3963 2197
23696 4476 913 3153 2083
23697 4476 913 3865 3153
23698 4476 3153 3865 2083
23699 4476 2062 3531 828
23700 4476 828 3531 388
23701 4476 2112 3531 1830
23702 4476 1830 3531 2062
23703 4476 2062 2838 1830
23704 4476 1830 2838 2112
23705 4477 1188 3648 1463
23706 4477 355 1199 679
23707 4477 355 2280 1199
23708 4477 1503 679 218
23709 4477 218 1472 1503
23710 4561 3726 4366 4036
23711 4477 1197 3121 1503
23712 4477 3571 4067 3648
23713 4477 1472 4067 3571
23714 4477 346 3121 2280
23715 4477 2280 3121 1563
23716 4477 346 355 1503
23717 4477 346 2280 355
23718 4477 1503 3121 346
23719 4477 1503 780 679
23720 4477 1503 355 780
23721 4477 780 355 679
23722 4477 679 1463 218
23723 4477 218 1463 1472
23724 4477 3648 4067 1463
23725 4477 1463 4067 1472
23726 4480 2585 3840 2156
23727 4480 2156 3273 2964
23728 4480 3273 3312 2964
23729 4480 2156 3840 3273
23730 4480 3273 3840 3312
23731 4753 2143 2817 2587
23732 4753 2587 2817 1528
23733 4676 1029 3779 3739
23734 4676 3739 3933 1863
23735 4676 3739 3745 1029
23736 4481 1946 4071 1683
23737 4481 1683 3316 1946
23738 4481 2187 3510 2472
23739 4481 2187 4071 3510
23740 4481 1683 4071 2187
23741 4481 2187 2472 1683
23742 4483 3322 3598 2964
23743 4483 2964 3598 2242
23744 4483 3167 4004 3467
23745 4483 3467 4004 3580
23746 4483 3235 4004 3273
23747 4483 3273 4004 3167
23748 4483 3199 3580 3292
23749 4483 3292 3580 3235
23750 4529 3199 3580 3422
23751 4483 1504 2964 2242
23752 4483 1504 3235 2964
23753 4483 1504 3292 3235
23754 4483 3250 3292 1504
23755 4483 2242 3250 1504
23756 4529 3535 3906 3871
23757 4529 3318 3535 2575
23758 4761 3126 3585 2668
23759 4761 3585 4760 4530
23760 4529 3535 3871 2575
23761 4487 1587 2649 1718
23762 4488 3351 3818 2823
23763 4488 2823 3818 1785
23764 4488 2999 3818 3351
23765 4488 1785 3818 2999
23766 4488 2540 3776 3281
23767 4488 3281 3776 2999
23768 4488 1912 4388 3776
23769 4488 3776 4388 2999
23770 4489 718 4348 104
23771 4489 4348 4358 104
23772 4489 104 4358 960
23773 4491 3519 3807 3094
23774 4491 3370 3874 3524
23775 4491 3524 3874 3367
23776 4491 3370 3413 1759
23777 4491 1759 3413 3094
23778 4491 3370 3629 2755
23779 4491 2755 3413 3370
23780 4491 2755 3629 3413
23781 4616 2591 3390 3247
23782 4491 3370 4244 3533
23783 4491 1631 3874 3370
23784 4491 3367 3874 1631
23785 4616 1747 3247 2730
23786 4491 1759 4244 3370
23787 4493 2876 3382 2795
23788 4493 2795 3382 2509
23789 4754 3331 4750 1856
23790 4803 2022 2495 2275
23791 4754 3538 4497 3736
23792 4754 2521 4497 1856
23793 4493 2795 4461 2876
23794 4493 2509 4461 2795
23795 4493 2876 4461 2817
23796 4493 2817 4461 2509
23797 4754 3538 3736 1856
23798 4795 834 4722 4276
23799 4795 3718 4035 3354
23800 4803 3610 4505 3673
23801 4627 887 1015 392
23802 4496 1787 4264 3956
23803 4496 1705 3831 2290
23804 4496 1705 3956 3831
23805 4496 3831 3956 2290
23806 4496 1613 4264 3033
23807 4496 3033 3386 1613
23808 4496 3033 4264 1787
23809 4496 1787 3386 3033
23810 4804 2533 4634 1641
23811 4755 2279 2960 2799
23812 4804 1641 4634 2871
23813 4755 2960 4505 4256
23814 4755 2799 2952 2279
23815 4755 2960 4256 2799
23816 4498 2031 3118 2510
23817 4498 2031 3747 3118
23818 4498 3118 3747 1837
23819 4498 1837 3747 2031
23820 4498 2453 2872 2654
23821 4498 2453 3118 2872
23822 4498 3179 3279 2872
23823 4498 3179 3738 3279
23824 4498 2872 3279 2654
23825 4498 2654 3770 2453
23826 4498 2453 3770 3118
23827 4498 3118 3770 2510
23828 4498 2510 3770 1606
23829 4605 1661 3233 1805
23830 4605 1805 3233 2408
23831 4618 1917 3816 2784
23832 4618 2091 2784 1929
23833 4500 1383 3435 73
23834 4500 1383 4087 3435
23835 4500 73 3435 2856
23836 4500 3435 4087 2856
23837 4501 1660 3435 3095
23838 4501 3435 4424 3095
23839 4501 4421 4424 3314
23840 4501 2750 4421 3314
23841 4501 3314 4424 3435
23842 4501 3435 4248 2320
23843 4501 2320 4248 3314
23844 4501 3314 3435 2320
23845 4502 370 2016 787
23846 4502 370 787 189
23847 4502 787 3303 189
23848 4502 3415 3804 2106
23849 4502 2106 3804 2016
23850 4725 3664 4341 1579
23851 4725 3156 4394 1579
23852 4725 1579 3186 3156
23853 4503 1021 3188 201
23854 4503 201 2122 1021
23855 4503 201 3188 2122
23856 4504 2774 2838 1830
23857 4504 2774 3007 2838
23858 4504 2838 3007 1830
23859 4504 3007 3429 2617
23860 4504 2617 3429 2829
23861 4504 2461 3488 1752
23862 4504 1752 2829 2461
23863 4504 1752 3488 3007
23864 4504 1752 3007 2617
23865 4504 2617 2829 1752
23866 4751 2131 3224 1770
23867 4756 301 4227 3922
23868 4756 688 1453 301
23869 4758 3596 4096 2121
23870 4756 943 4227 301
23871 4758 2850 3733 3063
23872 4756 3922 4514 1158
23873 4758 4293 4524 3952
23874 4756 520 1453 688
23875 4757 1706 4040 3923
23876 4758 2260 3733 2850
23877 4541 616 4382 3080
23878 4508 3398 3790 3044
23879 4508 3044 3790 2486
23880 4508 2334 3597 3398
23881 4508 3398 3597 2486
23882 4508 2486 3597 2334
23883 4508 3044 4216 3398
23884 4508 1741 4216 3044
23885 4508 2486 4321 1934
23886 4508 1934 3044 2486
23887 4708 3710 4405 2694
23888 4708 2694 4405 1532
23889 4708 1532 3573 2640
23890 4508 3160 3455 2406
23891 4508 2406 3455 3398
23892 4508 3398 4216 2406
23893 4508 2406 4216 3160
23894 4511 2023 3320 2932
23895 4511 2932 3320 2596
23896 4511 1669 2646 2596
23897 4511 1669 3075 2646
23898 4511 2609 3058 2542
23899 4511 2609 3320 2023
23900 4511 2023 3058 2609
23901 4512 3000 3463 1915
23902 4512 1184 4105 1007
23903 4512 1007 147 1184
23904 4512 1184 147 784
23905 4512 784 2748 2693
23906 4512 2693 2748 2591
23907 4512 1184 2693 2591
23908 4512 784 2693 1184
23909 4513 2956 3060 2818
23910 4757 2970 4117 3760
23911 4805 2754 4763 3293
23912 4514 2488 3777 3063
23913 4514 3063 3777 2335
23914 4514 2009 3777 2488
23915 4514 2335 3777 2009
23916 4805 3511 4723 2754
23917 4757 1706 3923 2871
23918 4805 4374 4763 3417
23919 4757 2970 4040 1706
23920 4515 2965 4031 3591
23921 4515 3591 4031 3205
23922 4758 2260 4524 3733
23923 4516 2533 3846 1873
23924 4516 1873 3846 2463
23925 4516 1641 3846 2533
23926 4516 2463 3846 1641
23927 4635 2782 3383 2565
23928 4635 2565 3845 2782
23929 4635 3778 3850 2695
23930 4635 2635 3778 2695
23931 4780 1590 4177 4144
23932 4635 2177 2782 2568
23933 4635 2695 3850 2635
23934 4635 2568 2635 2177
23935 4635 2565 3383 3194
23936 4780 4144 4640 1590
23937 4518 1942 4423 1646
23938 4518 1646 4423 3547
23939 4518 3050 4423 2981
23940 4518 2981 4423 1942
23941 4518 3547 4344 1646
23942 4518 1646 4344 1942
23943 4518 2976 4344 1795
23944 4518 2390 3271 2985
23945 4518 1795 3271 2390
23946 4518 3271 3547 2985
23947 4518 3271 4344 3547
23948 4518 1795 4344 3271
23949 4522 2087 3045 2465
23950 4522 2465 3045 1761
23951 4523 2934 3204 1515
23952 4523 1879 4254 3563
23953 4523 3563 4254 2379
23954 4523 2379 4254 1879
23955 4523 3169 4464 2934
23956 4523 2035 3169 2934
23957 4524 1823 4255 3793
23958 4524 2697 3447 3389
23959 4524 3389 3447 1607
23960 4524 1607 3447 2697
23961 4759 3589 4525 3478
23962 4759 4161 4459 3478
23963 4759 3240 3589 3478
23964 4525 2656 4393 3722
23965 4760 3225 3517 2889
23966 4760 1322 3449 3225
23967 4760 1322 3225 709
23968 4760 683 2095 143
23969 4525 3722 4025 3573
23970 4525 3573 4025 3589
23971 4525 3589 3722 3573
23972 4703 3413 3464 2755
23973 4703 2755 3524 3370
23974 4703 4180 4465 3370
23975 4527 1809 3403 2611
23976 4527 1809 4225 3403
23977 4528 2400 3135 1711
23978 4528 1711 3046 2400
23979 4528 3135 3306 1711
23980 4528 1711 3306 3046
23981 4528 3135 4482 3306
23982 4528 3135 4483 4482
23983 4528 4482 4483 3306
23984 4528 3199 3873 1973
23985 4528 1973 3873 2507
23986 4761 2282 3585 3126
23987 4762 3682 4507 3489
23988 4762 2771 3750 2517
23989 4530 2095 3855 1673
23990 4530 1673 3855 3517
23991 4761 295 3327 1202
23992 4761 2668 3327 3126
23993 4761 2889 4760 3585
23994 4761 295 1202 683
23995 4761 2889 3585 2282
23996 4761 4530 4760 683
23997 4530 1673 3449 2095
23998 4530 1673 3517 3449
23999 4761 1202 2668 683
24000 4761 683 4760 709
24001 4531 1904 3444 3337
24002 4531 3337 3444 2745
24003 4531 1577 3586 2745
24004 4531 1577 4370 3586
24005 4531 1904 4370 3444
24006 4531 2745 3444 1577
24007 4531 3444 4370 1577
24008 4534 2697 3762 3503
24009 4534 3503 3762 1896
24010 4534 1896 3762 2241
24011 4534 2241 3503 1896
24012 4534 2473 3608 3447
24013 4534 3447 3608 2697
24014 4534 2697 3503 3447
24015 4534 3447 3503 2473
24016 4746 2981 4444 4431
24017 4536 2898 3476 2944
24018 4536 2944 3476 1699
24019 4536 1699 3437 2944
24020 4536 2944 3437 2493
24021 4746 4444 4724 3695
24022 4746 2981 3862 1874
24023 4567 602 4521 43
24024 4536 2055 3766 3180
24025 4536 1699 3766 3437
24026 4536 2055 4442 2493
24027 4536 3437 3766 2055
24028 4536 2055 4268 3437
24029 4536 3437 4268 2493
24030 4536 2493 4268 2055
24031 4537 1615 2987 2236
24032 4537 2236 2987 1793
24033 4537 1793 2987 812
24034 4537 812 1615 1278
24035 4537 812 2987 1615
24036 4537 2196 2641 1230
24037 4537 1230 2641 391
24038 4782 3514 4008 3968
24039 4782 4008 4195 2548
24040 4539 3489 3619 2135
24041 4539 2135 3619 2869
24042 4806 1394 4765 3622
24043 4593 3346 4439 3703
24044 4593 3237 3682 2771
24045 4594 3752 4034 1820
24046 4763 4543 4603 3848
24047 4541 950 4186 178
24048 4541 616 3080 950
24049 4541 178 616 950
24050 4542 2897 4538 3844
24051 4542 3844 4538 3362
24052 4542 3362 4068 2103
24053 4542 2103 4068 2897
24054 4542 2897 3362 2103
24055 4542 4068 4075 2897
24056 4542 2897 4075 1663
24057 4654 2486 3044 1934
24058 4654 1934 3215 2486
24059 4654 3232 4000 2937
24060 4605 1435 444 1363
24061 4604 3085 3913 2598
24062 4604 2271 4499 1665
24063 4543 2884 3293 2475
24064 4764 3655 4427 3091
24065 4809 4264 4773 2776
24066 4764 3901 4550 3983
24067 4764 2152 3983 3801
24068 4764 2152 3801 3345
24069 4604 3913 4239 2373
24070 4543 2316 4131 3355
24071 4604 1665 4239 2271
24072 4543 2475 3663 2884
24073 4543 2475 3701 3663
24074 4543 3663 3701 2884
24075 4545 1187 2353 1633
24076 4545 1154 4033 3171
24077 4545 3171 4033 1633
24078 4545 1633 4033 1154
24079 4546 1103 2309 1203
24080 4546 1103 3954 2309
24081 4546 1203 1258 554
24082 4546 2309 3011 1258
24083 4546 1203 2309 1258
24084 4546 1258 3011 1301
24085 4546 1301 3011 554
24086 4546 554 1258 1301
24087 4547 2144 4284 2825
24088 4547 1902 2904 2278
24089 4547 2278 2904 1590
24090 4547 1884 2904 1902
24091 4547 1884 3257 2904
24092 4547 3085 3985 1590
24093 4547 3085 4284 3985
24094 4547 3985 4284 1590
24095 4547 1590 4284 2278
24096 4547 2278 4284 1902
24097 4549 1428 3244 1086
24098 4549 3244 3328 1086
24099 4549 1302 2711 1557
24100 4549 1557 2711 929
24101 4549 929 2711 1302
24102 4549 1302 1428 577
24103 4549 929 1302 577
24104 4549 1138 1428 1302
24105 4549 1302 1557 647
24106 4549 647 1138 1302
24107 4549 647 1557 1138
24108 4550 3404 3901 2648
24109 4550 2648 3901 2152
24110 4550 1574 4440 3655
24111 4765 2671 4432 4101
24112 4807 2152 3345 2849
24113 4807 1685 3930 2849
24114 4765 527 4552 4185
24115 4551 2480 3443 1425
24116 4551 1425 3443 367
24117 4551 367 2480 1425
24118 4551 526 1444 367
24119 4551 526 2613 1444
24120 4551 323 2480 367
24121 4551 323 4115 2480
24122 4685 1674 4102 2344
24123 4685 507 4102 991
24124 4685 2344 4102 507
24125 4552 2935 3443 1919
24126 4552 1919 3207 2935
24127 4552 125 3443 1425
24128 4552 527 125 1425
24129 4767 1148 783 196
24130 4766 59 4564 1044
24131 4766 1044 1764 501
24132 4766 59 501 342
24133 4766 1644 4065 1764
24134 4554 714 3481 1138
24135 4554 1138 94 714
24136 4554 1138 3481 94
24137 4554 94 505 714
24138 4554 505 1984 714
24139 4554 94 4156 505
24140 4554 505 4156 1984
24141 4555 3723 4237 2555
24142 4555 2555 4237 2086
24143 4555 1662 4237 3778
24144 4555 3778 4237 3723
24145 4555 1662 3875 2180
24146 4555 2180 3875 2139
24147 4555 3723 3943 2206
24148 4555 2206 3943 3275
24149 4555 1662 3778 3275
24150 4555 2139 3875 3275
24151 4555 3275 3875 1662
24152 4555 2206 3778 3723
24153 4555 3275 3778 2206
24154 4556 2772 4242 3495
24155 4785 4058 4669 2557
24156 4557 3236 3965 1920
24157 4557 3965 4045 1920
24158 4557 4367 4420 3289
24159 4557 3145 4367 3289
24160 4557 3205 4031 3591
24161 4557 3205 4367 4031
24162 4557 3591 4031 3236
24163 4557 3236 4031 3145
24164 4557 4031 4367 3145
24165 4558 1030 3967 2890
24166 4558 1196 3967 1030
24167 4558 3882 3967 1196
24168 4558 1650 3967 3882
24169 4558 2890 3967 1650
24170 4558 126 3485 1111
24171 4558 3485 3554 1111
24172 4558 1111 3373 530
24173 4558 1111 3554 3373
24174 4560 3121 4477 1197
24175 4560 1563 3121 2508
24176 4560 2508 3121 1197
24177 4561 3911 4540 4036
24178 4561 4036 4301 2041
24179 4561 2041 4301 3127
24180 4562 133 1025 541
24181 4562 2294 3466 2702
24182 4562 440 3466 2294
24183 4562 440 3776 3466
24184 4562 3466 3776 2702
24185 4729 607 3187 1869
24186 4729 494 243 607
24187 4729 1869 3187 2942
24188 4729 1163 3187 607
24189 4562 133 4388 1016
24190 4562 1016 1025 133
24191 4563 2661 2724 1554
24192 4767 2142 2146 1219
24193 4767 2781 3947 2056
24194 4769 4115 4683 2305
24195 4564 59 3436 746
24196 4564 746 3436 2229
24197 4564 2008 2229 2099
24198 4564 1274 2229 2008
24199 4564 746 1274 59
24200 4564 746 2229 1274
24201 4565 2056 2149 1723
24202 4565 1723 2146 2056
24203 4813 2206 4427 3655
24204 4566 3180 4536 4442
24205 4566 4442 4536 2055
24206 4566 2055 4536 3180
24207 4567 43 1753 1332
24208 4567 43 2679 1753
24209 4567 43 4014 2679
24210 4567 43 4521 4014
24211 4567 4014 4521 2679
24212 4567 705 1890 170
24213 4567 170 602 705
24214 4568 1918 4105 2917
24215 4568 1747 3501 2392
24216 4568 1747 3609 3501
24217 4568 3501 3609 2392
24218 4568 1918 3390 2591
24219 4568 1918 3609 3390
24220 4569 2052 2778 2716
24221 4569 1531 3126 2716
24222 4569 2716 3126 2052
24223 4569 2052 3126 1531
24224 4569 2073 2081 1873
24225 4569 2073 2381 2081
24226 4569 2081 2381 1873
24227 4569 2381 2523 1873
24228 4569 2381 2716 2523
24229 4569 2716 2778 2523
24230 4569 2523 2778 1873
24231 4570 2517 2609 2542
24232 4570 2517 3620 2609
24233 4570 2609 3431 1728
24234 4570 2609 3620 3431
24235 4570 2517 3750 3590
24236 4570 3590 3750 2542
24237 4570 2542 3750 2517
24238 4696 3664 4341 3341
24239 4571 2705 4143 2416
24240 4571 2861 4098 3811
24241 4571 3811 4098 2705
24242 4721 879 880 930
24243 4626 1705 3831 2516
24244 4626 2290 3831 1705
24245 4571 1885 3627 3182
24246 4626 3440 4484 2516
24247 4571 3182 3358 1885
24248 4571 3182 3811 3358
24249 4617 983 3594 3532
24250 4617 983 3813 330
24251 4643 1419 1232 778
24252 4572 2972 4318 3664
24253 4572 3664 4318 2462
24254 4572 2462 4318 2972
24255 4617 2763 3813 2230
24256 4617 3532 3594 2059
24257 4617 330 3813 1956
24258 4617 2230 3532 2059
24259 4573 3577 3761 2928
24260 4789 81 4701 4172
24261 4575 2781 2828 2090
24262 4575 2688 3572 2265
24263 4575 2688 3947 3572
24264 4575 3947 4181 2089
24265 4575 2781 3947 2089
24266 4575 2089 2828 2781
24267 4575 2089 4181 2828
24268 4575 3572 3947 2149
24269 4575 2265 3572 2149
24270 4575 2149 3947 2056
24271 4575 2056 3806 2149
24272 4575 2149 3806 2265
24273 4576 1509 3635 3053
24274 4576 3053 3635 3206
24275 4576 1509 3849 3635
24276 4576 3635 3849 1871
24277 4576 3577 3626 2286
24278 4576 2286 3626 2822
24279 4576 2822 3577 2286
24280 4709 2582 4221 1664
24281 4709 1664 4221 2144
24282 4709 1519 2582 1664
24283 4709 2825 4547 3166
24284 4577 2656 3624 3350
24285 4577 2656 4574 3624
24286 4577 3350 3624 3112
24287 4577 3624 4574 3112
24288 4577 3112 3795 3350
24289 4577 3350 3795 2672
24290 4577 2672 3795 3112
24291 4577 3193 3429 2672
24292 4577 3193 3710 3429
24293 4577 3429 3710 2672
24294 4577 2672 4447 3193
24295 4577 3193 4447 3112
24296 4577 3112 4447 2672
24297 4768 2424 4588 3681
24298 4768 3681 4588 2142
24299 4580 1814 4253 110
24300 4580 110 3648 1814
24301 4580 110 4253 1250
24302 4580 1250 783 110
24303 4580 1188 3648 110
24304 4580 110 783 1188
24305 4768 3681 4253 2318
24306 4768 2781 4588 2424
24307 4768 2781 4767 2056
24308 4768 2424 3681 2318
24309 4768 1814 4580 2424
24310 4768 2142 4253 3681
24311 4768 2424 4580 2781
24312 4768 4580 4767 2781
24313 4768 4253 4580 1814
24314 4582 2526 2907 2689
24315 4582 2689 2907 2606
24316 4684 3415 4502 2106
24317 4770 511 2330 2287
24318 4583 2717 4396 1940
24319 4583 1940 3662 2717
24320 4583 2603 3652 2717
24321 4583 2717 3652 1658
24322 4583 1658 3652 2603
24323 4583 2603 4049 3662
24324 4583 3662 4049 2717
24325 4583 2717 4049 2603
24326 4770 753 4587 1821
24327 4770 511 4587 753
24328 4770 1821 4200 753
24329 4584 2314 4238 3794
24330 4584 2825 4238 2314
24331 4584 3794 4238 1599
24332 4584 1599 4238 2825
24333 4585 3431 4570 3620
24334 4585 2835 4570 1728
24335 4585 1728 4570 3407
24336 4585 3620 4570 3590
24337 4585 1847 3620 3590
24338 4585 1847 3590 2835
24339 4585 3590 4570 2835
24340 4780 4144 4177 1562
24341 4780 2904 4177 1590
24342 4587 753 1981 1821
24343 4587 1981 2061 1821
24344 4587 1372 437 180
24345 4587 180 753 1372
24346 4587 437 2061 1981
24347 4771 3561 4440 2141
24348 4771 2526 3298 3054
24349 4771 3458 4582 3054
24350 4771 2526 4440 3561
24351 4587 437 1981 180
24352 4587 180 1981 753
24353 4771 2141 4440 2526
24354 4771 1978 3787 3561
24355 4588 1958 2397 1749
24356 4588 2397 3681 1749
24357 4588 2147 3448 2090
24358 4588 2090 3047 2147
24359 4588 2090 3448 2424
24360 4588 2424 2781 2090
24361 4588 1749 3448 2147
24362 4588 2147 3047 1749
24363 4590 435 3244 1375
24364 4590 1375 576 435
24365 4590 576 279 435
24366 4590 714 298 1375
24367 4590 714 1984 298
24368 4590 1375 3244 714
24369 4590 714 3244 1984
24370 4590 1108 576 1336
24371 4590 1108 279 576
24372 4591 2172 3054 3005
24373 4591 2172 3458 3054
24374 4591 3758 3917 3102
24375 4591 3102 3917 1978
24376 4592 1866 3694 3107
24377 4592 3619 4539 3489
24378 4592 3489 4539 2502
24379 4592 2502 3619 3489
24380 4592 2183 4095 2869
24381 4592 2869 3619 2183
24382 4592 1866 3107 2124
24383 4592 2124 3056 1866
24384 4592 3107 4095 2124
24385 4592 2124 4095 3056
24386 4594 686 3752 1420
24387 4594 1420 3752 1820
24388 4594 1820 3522 364
24389 4594 364 3522 686
24390 4594 1420 364 686
24391 4594 1420 1820 364
24392 4595 307 1731 955
24393 4595 583 4297 1848
24394 4595 1848 2993 583
24395 4595 671 3263 2682
24396 4595 2682 3263 1731
24397 4595 1460 4297 3
24398 4595 3 1352 1460
24399 4595 3 4297 583
24400 4595 583 1352 3
24401 4595 583 1017 1352
24402 4595 583 2993 1017
24403 4595 1017 2993 1352
24404 4595 1731 3263 1290
24405 4595 1290 3263 671
24406 4595 671 1731 1290
24407 4596 2494 3699 2997
24408 4596 2997 3020 2494
24409 4597 2155 3320 2023
24410 4597 2609 3614 3301
24411 4597 3301 3614 2155
24412 4597 2155 3614 2609
24413 4775 2410 3708 3053
24414 4775 1755 4611 3927
24415 4774 3848 4763 3417
24416 4775 3165 3360 2410
24417 4814 3498 3778 2635
24418 4810 4166 4779 3220
24419 4773 3058 4264 2023
24420 4773 2609 3703 3058
24421 4810 4166 4427 3196
24422 4810 3196 4249 4166
24423 4810 3220 4779 3891
24424 4773 2609 4597 3703
24425 4773 3058 3703 2880
24426 4773 2023 4597 2609
24427 4810 4636 4779 4249
24428 4773 2609 3058 2023
24429 4601 3737 3744 2960
24430 4601 2960 3744 3552
24431 4602 2401 3223 1009
24432 4602 1009 2879 2401
24433 4602 1009 3223 1032
24434 4602 182 1009 1032
24435 4602 1032 2892 182
24436 4602 1032 3223 2892
24437 4603 2754 3146 3130
24438 4603 3146 3848 2220
24439 4603 2220 4487 3146
24440 4603 2316 4543 3355
24441 4603 3848 3991 2220
24442 4603 3848 4543 3991
24443 4603 2220 3991 2316
24444 4603 3991 4543 2316
24445 4603 3146 4487 2458
24446 4603 1548 3146 2458
24447 4603 3159 4487 2220
24448 4603 1548 3704 3355
24449 4603 3355 3704 2316
24450 4603 2316 3704 2220
24451 4603 2458 3159 1548
24452 4603 2458 4487 3159
24453 4603 2220 3704 3159
24454 4603 3159 3704 1548
24455 4605 1435 4063 1799
24456 4605 1799 3332 1435
24457 4775 2422 4611 1755
24458 4795 2120 3718 3452
24459 4606 3671 4195 2601
24460 4606 3450 4579 3514
24461 4606 3514 4579 2601
24462 4606 2601 4579 3450
24463 4606 3701 4212 3433
24464 4606 3433 4212 1872
24465 4775 2422 4734 2410
24466 4775 3165 4734 2422
24467 4775 1755 3683 2422
24468 4607 1742 3767 249
24469 4607 249 3767 1042
24470 4607 1040 3776 249
24471 4607 249 3776 1742
24472 4609 569 4172 81
24473 4682 1784 4202 3206
24474 4682 3814 4202 1784
24475 4732 811 4342 659
24476 4732 2234 2362 1656
24477 4732 3290 4164 93
24478 4732 1877 4128 2208
24479 4609 264 2677 1282
24480 4609 1282 569 264
24481 4609 1282 2677 569
24482 4682 3128 4202 3230
24483 4682 3206 4202 3128
24484 4732 2234 4164 3290
24485 4732 4128 4342 2208
24486 4610 2246 4391 1482
24487 4610 1482 3003 2246
24488 4776 2972 3799 3156
24489 4776 2748 4613 3247
24490 4776 2153 2748 1794
24491 4776 2972 3156 2042
24492 4776 2042 3156 1794
24493 4776 3799 3888 2153
24494 4776 2042 3055 2972
24495 4612 1823 3803 2335
24496 4612 2335 3389 1823
24497 4612 664 4227 3803
24498 4612 3803 4227 2335
24499 4612 1803 4227 944
24500 4612 208 1803 944
24501 4614 628 2232 1255
24502 4614 1255 1489 628
24503 4614 1255 2232 1592
24504 4614 1592 2016 1255
24505 4614 2016 2106 370
24506 4614 370 2106 1489
24507 4614 1489 2016 370
24508 4615 3333 4169 3807
24509 4615 3533 4491 4244
24510 4615 3807 4491 3533
24511 4615 4244 4491 1759
24512 4615 1759 4491 3807
24513 4615 2503 4244 3368
24514 4615 3368 4244 1759
24515 4616 2462 3617 2705
24516 4616 2972 3247 1915
24517 4616 2462 2972 1915
24518 4616 4218 4572 2705
24519 4616 1747 3052 2705
24520 4616 1747 4218 3052
24521 4616 3052 4218 2705
24522 4617 1956 4500 330
24523 4617 3414 4500 1771
24524 4617 1771 4500 1956
24525 4617 3414 3666 3594
24526 4617 1771 3666 3414
24527 4617 330 4500 3414
24528 4617 3414 3594 330
24529 4619 1528 3819 2665
24530 4619 2665 3819 1947
24531 4619 2570 3757 2173
24532 4619 2173 3757 1947
24533 4803 4505 4755 3728
24534 4619 1947 3757 1528
24535 4619 468 3936 2173
24536 4619 2173 3819 468
24537 4619 27 2570 1388
24538 4619 1388 468 27
24539 4619 27 4257 2570
24540 4619 2570 4257 2491
24541 4619 2491 4257 27
24542 4619 2570 3936 1388
24543 4619 1388 3936 468
24544 4621 2345 4581 3645
24545 4621 3645 4581 3182
24546 4621 3182 4581 2345
24547 4621 2696 3584 3087
24548 4621 2696 3627 3584
24549 4778 3719 4516 3110
24550 4778 3883 4634 2533
24551 4778 3402 4634 3456
24552 4623 1527 2969 2109
24553 4623 271 2969 1527
24554 4623 306 2109 1342
24555 4623 306 2803 2109
24556 4623 1342 3830 713
24557 4623 713 3830 2803
24558 4623 1083 271 1061
24559 4623 1083 2969 271
24560 4623 713 306 1342
24561 4623 713 2803 306
24562 4623 2109 2969 1373
24563 4623 1342 2109 1373
24564 4623 1373 1083 1342
24565 4623 1373 2969 1083
24566 4623 1342 1083 570
24567 4623 570 1083 1061
24568 4623 1061 1342 570
24569 4625 3811 4571 4410
24570 4625 3358 4571 3811
24571 4625 3122 3410 3358
24572 4625 3122 3454 3410
24573 4625 3410 3454 3358
24574 4625 3454 3832 2670
24575 4625 2670 3832 3358
24576 4625 3358 3454 2670
24577 4625 4410 4571 3627
24578 4625 3627 4571 1885
24579 4626 2516 3715 3440
24580 4626 1894 3715 2516
24581 4627 3543 3755 3406
24582 4627 3406 3755 1015
24583 4627 1015 3543 3406
24584 4790 2826 4702 2168
24585 4790 2925 4527 4225
24586 4628 1791 3546 3283
24587 4628 1791 3714 3546
24588 4628 3546 3762 1684
24589 4628 1684 3596 3546
24590 4628 1684 3762 3596
24591 4628 3784 3927 2783
24592 4628 2783 3927 3596
24593 4628 3784 4611 3927
24594 4628 3106 4611 3784
24595 4628 3283 3927 1755
24596 4628 3106 3283 1755
24597 4628 3927 4611 1755
24598 4628 1755 4611 3106
24599 4629 2971 4017 3742
24600 4629 2238 4017 2971
24601 4631 145 1494 867
24602 4631 145 3852 1494
24603 4631 1494 3852 3783
24604 4631 2615 3661 2686
24605 4631 1589 3661 2615
24606 4632 2950 4270 2614
24607 4632 4090 4270 4170
24608 4632 2614 4270 4090
24609 4632 463 2950 1296
24610 4632 1296 2950 156
24611 4632 156 463 1296
24612 4632 4170 4270 463
24613 1229 463 4270 4170
24614 4634 3219 3456 2683
24615 4634 2683 3456 3402
24616 4634 2283 3334 1611
24617 4634 2283 3883 3334
24618 4634 2533 4404 1641
24619 4634 1641 4404 2283
24620 4634 2283 4404 3883
24621 4634 3883 4404 2533
24622 4779 3559 4553 3220
24623 4811 1315 4436 373
24624 4634 2683 3402 1611
24625 4634 3219 4100 3334
24626 4634 3334 4100 1611
24627 4634 3219 4458 3883
24628 4634 3883 4458 3334
24629 4634 3334 4458 3219
24630 4634 2683 4100 3219
24631 4634 1611 4100 2683
24632 4780 3257 3665 1884
24633 4780 3665 4023 2865
24634 4780 3257 4023 3665
24635 4637 3356 3830 713
24636 4637 713 3830 1431
24637 4638 2181 4377 654
24638 4638 654 4377 304
24639 4639 946 3793 1823
24640 4639 1684 4255 1896
24641 4639 1896 4255 1823
24642 4639 1823 4255 1684
24643 4781 1879 3511 1970
24644 4781 1970 4538 4254
24645 4781 4542 4653 4254
24646 4781 4254 4653 1879
24647 4640 2865 4023 2352
24648 4640 2352 3904 2865
24649 4640 2352 4023 3253
24650 4640 2712 3904 2352
24651 4640 2352 3253 2712
24652 4640 2712 3253 2882
24653 4640 3024 3904 2712
24654 4640 2882 3024 2712
24655 4640 3024 4144 1562
24656 4640 1562 3904 3024
24657 4782 4195 4289 2548
24658 4781 3362 4653 4542
24659 4781 4538 4542 4254
24660 4781 1970 4254 1879
24661 4643 1422 2042 1232
24662 4644 3039 3920 3877
24663 4644 3296 3727 1575
24664 4644 1575 3727 3294
24665 4644 3294 3296 1575
24666 4644 3296 4022 3727
24667 4644 3097 4022 3296
24668 4644 3727 4022 2380
24669 4644 2380 4022 3097
24670 544 1937 995 134
24671 4645 134 995 1937
24672 4645 1920 3315 1937
24673 4645 1937 3315 134
24674 4645 134 3315 1920
24675 4645 1920 3965 3932
24676 4645 3932 3965 2955
24677 4645 1637 4229 3965
24678 4645 3965 4229 2955
24679 4645 2955 4229 1637
24680 4645 1920 4045 3965
24681 4645 3965 4045 1637
24682 4645 1637 4045 1920
24683 4646 57 3256 318
24684 4647 74 4094 273
24685 4647 3917 4094 2212
24686 4647 2633 3505 1978
24687 4647 3938 4494 1713
24688 4647 3102 3938 1713
24689 4647 1713 3119 3102
24690 4647 1713 4494 3119
24691 4647 3505 4094 3005
24692 4647 3005 4094 3917
24693 4647 3005 3917 1978
24694 4647 1978 3505 3005
24695 4650 3495 3746 3264
24696 4650 3746 3953 3264
24697 4650 2355 4207 2956
24698 4650 2956 4207 3099
24699 4650 3099 3953 1591
24700 4650 2207 3099 1591
24701 4650 1591 3953 3746
24702 4650 2207 3746 3495
24703 4650 1591 2357 2207
24704 4650 1591 3746 2357
24705 4650 2357 3746 2207
24706 4651 3685 4009 3698
24707 4652 4301 4332 2870
24708 4652 4301 4506 4332
24709 4652 2870 4046 3632
24710 4652 2870 4332 4046
24711 4652 3632 4046 3181
24712 4652 3181 4009 2179
24713 4652 2179 4009 3305
24714 4652 3305 3632 2179
24715 4652 2179 3632 3181
24716 4806 4101 4765 4432
24717 4653 4351 4374 3968
24718 4653 2379 4068 3818
24719 4653 3818 4068 3968
24720 4783 3399 3646 2394
24721 4783 3957 4672 2394
24722 4782 1879 4653 2379
24723 4782 4289 4523 2548
24724 4782 1879 4523 4289
24725 4654 3190 3232 2937
24726 4654 2193 3190 2937
24727 4654 2193 4066 3190
24728 4654 2937 3402 2193
24729 4654 2937 4000 3402
24730 4654 3402 4000 2193
24731 4655 1470 1960 717
24732 4655 717 1239 1470
24733 4656 2466 3978 2602
24734 4656 2602 3868 2466
24735 4656 2434 3697 2718
24736 4656 2434 3978 3697
24737 4656 2718 3697 1750
24738 4656 1750 3697 2176
24739 4656 2176 2718 1750
24740 4656 1359 3978 2466
24741 4656 2466 3868 1359
24742 4794 2266 4223 2601
24743 4794 3671 4141 1872
24744 4794 3671 4223 4141
24745 4658 3011 3954 2328
24746 4658 2328 3258 3011
24747 4658 467 84 725
24748 4658 467 1725 84
24749 4659 2716 3254 3126
24750 4659 3126 3254 2282
24751 4660 1763 3994 1752
24752 4660 516 2484 1923
24753 4660 1923 2484 1752
24754 4660 1297 2484 516
24755 4660 1297 3905 2484
24756 4660 1763 4403 2693
24757 4660 2693 4403 1752
24758 4660 1752 4403 1763
24759 4661 2474 3305 2816
24760 4662 3581 3957 3599
24761 4785 1679 4406 3487
24762 4785 2413 4058 3420
24763 4784 3145 4349 4062
24764 4673 1909 2452 1533
24765 4673 2252 4070 1533
24766 4662 3599 4012 3243
24767 4662 3243 3725 3599
24768 4662 4012 4485 3243
24769 4662 3243 4485 3725
24770 4784 3460 4375 3145
24771 4663 3631 3663 2846
24772 4663 3468 3631 2846
24773 4784 3899 4375 3460
24774 4785 3487 4406 3088
24775 4785 1679 4280 3420
24776 4785 3487 4698 1679
24777 4665 2511 3906 3871
24778 4665 3871 3906 3371
24779 4665 2511 3937 3906
24780 4665 3906 3937 3371
24781 4667 1898 3573 2468
24782 4667 1898 3589 3573
24783 4785 1679 2909 2413
24784 4670 4062 4375 2854
24785 4667 2468 4025 2557
24786 4667 2468 4363 1898
24787 4667 1898 4363 3589
24788 4667 3589 4363 2607
24789 4738 4367 4510 3460
24790 4668 820 842 384
24791 4668 842 4034 384
24792 4668 820 4313 1320
24793 4668 1320 4313 3161
24794 4668 1767 4313 543
24795 4668 543 4313 820
24796 4668 820 1767 543
24797 4668 2700 3914 1767
24798 4668 2700 4034 3914
24799 4668 4034 4438 3730
24800 4668 3730 4438 200
24801 4668 842 4438 4034
24802 4668 200 4438 842
24803 4668 1386 1767 820
24804 4668 1386 4302 1767
24805 4668 384 4302 1386
24806 4668 1386 820 384
24807 4668 1767 4302 2700
24808 4668 2700 4302 384
24809 4668 384 4034 2700
24810 4786 3067 3470 3444
24811 4812 2526 3298 2439
24812 4786 3444 3470 1315
24813 4671 313 4064 2080
24814 4671 2080 4079 1222
24815 4671 1011 487 1222
24816 4671 1011 2728 487
24817 4671 2915 3910 1414
24818 4671 2915 4064 3910
24819 4671 3910 4064 1414
24820 4671 1414 4064 313
24821 4671 313 487 1414
24822 4671 1222 4079 1011
24823 4671 1011 4079 2728
24824 4784 3236 4062 3965
24825 4672 3369 3581 1604
24826 4672 1604 3581 3343
24827 4672 3343 3369 1604
24828 4784 3145 4375 4349
24829 4784 3899 4557 3965
24830 4672 2394 3957 3369
24831 4784 3236 4557 3145
24832 4784 3965 4670 3899
24833 4784 4062 4670 3965
24834 4674 1931 3916 2148
24835 4674 1812 3916 1739
24836 4674 1540 1812 1739
24837 4674 4051 4072 1824
24838 4674 2148 4051 1824
24839 4674 3479 4003 2005
24840 4674 2005 4003 1812
24841 4674 2128 4003 3479
24842 4674 1812 4003 2128
24843 4674 1739 1931 1540
24844 4674 1739 3916 1931
24845 4675 2599 3510 1845
24846 4675 3510 4071 1845
24847 4676 182 4602 2892
24848 4676 1863 4602 3745
24849 4676 3745 4602 182
24850 4676 2892 3223 1863
24851 4676 2892 4602 3223
24852 4676 3223 4602 1863
24853 4678 726 2578 1442
24854 4678 726 4171 2578
24855 4678 2807 2950 2578
24856 4678 1442 2950 464
24857 4678 2807 4193 2950
24858 4678 2888 4193 2807
24859 4678 2578 2950 156
24860 4678 156 2950 1442
24861 4678 1442 2578 156
24862 4678 2950 4193 464
24863 4678 464 4193 2888
24864 4679 1904 3444 2535
24865 4679 635 4270 4090
24866 4679 4090 4270 2614
24867 4787 1195 4701 2810
24868 4787 1195 2810 282
24869 4679 2614 4270 3227
24870 4679 3227 4270 635
24871 4787 4093 4701 4609
24872 4787 2810 4093 3330
24873 4787 3330 4681 1121
24874 4788 2928 4573 3761
24875 4732 93 2234 811
24876 4681 1043 4609 575
24877 4788 3230 4682 4224
24878 4732 1656 4342 2234
24879 4732 2234 3290 2362
24880 4732 811 1298 93
24881 4732 2362 3290 1877
24882 4789 3755 4627 3543
24883 4789 3412 3755 3543
24884 4770 753 4200 98
24885 4770 1821 2780 2315
24886 4770 824 2780 2330
24887 4770 98 4200 2315
24888 4770 2330 2780 2287
24889 4770 98 824 511
24890 4770 2315 4200 1821
24891 4770 2315 2780 824
24892 4683 2305 3228 2603
24893 4683 3228 4189 2603
24894 4683 2480 3228 2305
24895 4683 2480 4189 3228
24896 4683 1832 2428 2085
24897 4683 1832 3214 2428
24898 4685 101 3356 952
24899 4685 952 507 101
24900 4685 952 4637 865
24901 4685 865 507 952
24902 4686 2481 3447 1607
24903 4686 1607 3447 3389
24904 4687 3191 3565 3493
24905 4687 3191 3849 3565
24906 4687 3565 3849 3493
24907 4687 2590 3620 3191
24908 4687 3191 3493 2590
24909 4687 3493 4109 2590
24910 4687 2590 4109 3620
24911 4688 2039 4320 3900
24912 4688 3900 4320 2407
24913 4688 2407 4108 1760
24914 4688 1760 4108 1365
24915 4688 1365 2407 1760
24916 4689 915 878 131
24917 4689 438 4638 247
24918 4689 1776 1846 247
24919 4689 247 1846 878
24920 4689 914 438 915
24921 4689 914 2181 438
24922 4689 915 4119 1960
24923 4689 1960 4119 2181
24924 4689 247 3902 1776
24925 4689 247 4638 3902
24926 4689 3902 4638 1776
24927 4689 915 1960 914
24928 4689 1960 2181 914
24929 4690 3347 3380 3189
24930 4690 3046 3347 3189
24931 4690 1758 3656 2417
24932 4690 1758 4441 3656
24933 4690 3656 4441 2417
24934 4690 2417 4441 2534
24935 4690 2534 4125 2417
24936 4690 2534 4441 4125
24937 4690 4125 4441 1999
24938 4690 1999 4441 3267
24939 4690 3267 3548 1999
24940 4690 1999 3548 3046
24941 4692 1732 2893 2531
24942 4692 2531 2893 2500
24943 4692 2500 3002 2531
24944 4692 2531 3002 1732
24945 4692 2054 3002 2500
24946 4692 2054 4138 3002
24947 4692 3226 4378 3043
24948 4692 3043 4122 3226
24949 4692 3043 4378 2893
24950 4692 1732 3043 2893
24951 4693 3721 3790 2394
24952 4693 3646 3721 2394
24953 4693 2359 3215 2944
24954 4693 2944 3215 2898
24955 4693 2490 3957 2394
24956 4693 2394 3957 3646
24957 4694 2003 4357 3252
24958 4694 3252 4357 2660
24959 4694 2003 4426 3147
24960 4694 3147 4426 2199
24961 4694 2660 4426 3252
24962 4694 3252 4426 2003
24963 4696 2705 4143 2462
24964 4696 2705 4410 2416
24965 4696 2416 4143 2705
24966 4696 4410 4572 3664
24967 4696 3664 4572 2462
24968 4696 2705 4572 4410
24969 4696 2462 4572 2705
24970 4697 3190 3963 2683
24971 4697 2683 4150 1950
24972 4697 4150 4475 3059
24973 4697 3059 4475 1880
24974 4697 2937 3190 2683
24975 4697 2937 3476 3190
24976 4697 1950 2937 2683
24977 4697 1950 3476 2937
24978 4699 3692 4548 3349
24979 4699 3349 4548 4169
24980 4700 3441 4172 4093
24981 4702 2826 2882 1736
24982 4702 1736 4174 2826
24983 4700 3543 3797 2726
24984 4700 2726 3797 2441
24985 4700 2245 3836 3543
24986 4700 1510 3836 2245
24987 4700 3543 3836 3797
24988 4700 3797 3836 1510
24989 4790 2174 3711 2826
24990 4790 2168 4702 3924
24991 4701 81 4609 4172
24992 4701 4172 4609 4093
24993 4788 1871 4224 3206
24994 4788 4224 4682 3206
24995 4788 3120 3761 2355
24996 4788 3120 3230 1871
24997 4702 2546 4174 1736
24998 4702 1736 3040 2546
24999 4791 3256 4114 512
25000 4702 4180 4225 1809
25001 4702 3924 4180 1809
25002 4791 1327 3256 512
25003 4791 822 4705 1327
25004 4704 2986 4443 3015
25005 4704 2262 4448 2986
25006 4704 3911 4448 4184
25007 4704 4184 4448 2262
25008 4704 3911 4366 2747
25009 4704 2747 4366 3916
25010 4704 2747 3916 3015
25011 4704 3015 3911 2747
25012 4704 2986 4448 4443
25013 4704 4443 4448 3911
25014 4705 444 138 822
25015 4705 444 2791 138
25016 4705 444 3332 2791
25017 4706 2635 4194 3521
25018 4706 1598 3600 1682
25019 4706 1682 3600 2729
25020 4706 1682 2729 2369
25021 4706 2369 2431 1682
25022 4706 2369 2729 2431
25023 4707 2421 4508 2274
25024 4707 2274 3455 3160
25025 4707 2274 4508 3455
25026 4707 3455 4508 3160
25027 4707 3160 4216 1741
25028 4707 3160 4508 4216
25029 4707 4216 4508 1741
25030 4708 3381 3573 3350
25031 4708 2640 3209 2694
25032 4708 2640 4269 3209
25033 4708 3209 4269 2694
25034 4708 4269 4577 3710
25035 4708 2694 4269 3710
25036 4708 3052 4577 2656
25037 4708 2656 3722 3052
25038 4708 3350 4269 3381
25039 4708 3381 4269 2640
25040 4709 1902 4547 2144
25041 4709 2144 4221 1902
25042 4709 2582 2943 2442
25043 4709 2943 3166 2442
25044 4710 2639 3348 1507
25045 4710 1889 4220 2543
25046 4710 2543 3149 1889
25047 4793 1262 4134 2328
25048 4793 1262 4718 4134
25049 4793 1262 2328 1137
25050 4710 1507 4146 4027
25051 4710 4027 4146 3348
25052 4710 3348 4146 1507
25053 4711 971 4081 970
25054 4711 2899 3512 1702
25055 4711 3512 4081 1702
25056 4711 1702 4081 971
25057 4711 1450 1702 971
25058 4711 3512 4230 2963
25059 4711 2963 4081 3512
25060 4711 2963 4230 4081
25061 4712 1112 2630 591
25062 4712 1112 4199 2630
25063 4713 2223 2362 1877
25064 4713 1854 4242 3212
25065 4713 2223 2419 2362
25066 4713 2208 2464 1877
25067 4713 1877 2362 2208
25068 4713 1854 2419 2223
25069 4713 1854 3212 2419
25070 4713 3212 3816 2419
25071 4713 2419 3816 2362
25072 4713 2362 3816 1921
25073 4713 1921 3816 1656
25074 4713 1656 2362 1921
25075 4713 3212 4242 2430
25076 4713 2430 3816 3212
25077 4713 2430 4242 1656
25078 4713 1656 3816 2430
25079 4715 2288 4714 1919
25080 4716 3211 4123 1946
25081 4716 1946 4123 4071
25082 4716 4071 4675 1946
25083 4716 1946 4675 3211
25084 4717 3384 4598 4409
25085 4717 2197 4608 3456
25086 4779 3220 4553 3891
25087 4717 3110 4608 2197
25088 4717 2197 3384 3110
25089 4717 3384 4409 3110
25090 4794 2601 4606 3450
25091 4794 2601 3450 2627
25092 4794 3450 4606 1872
25093 4718 1312 2552 723
25094 4718 1312 4265 2552
25095 4794 3450 4720 2627
25096 4794 4098 4720 2861
25097 4794 2266 4720 4223
25098 4794 2861 4720 3450
25099 4794 1872 4606 3671
25100 4719 2994 4493 1628
25101 4754 1856 3736 3331
25102 4803 3728 4755 3396
25103 4720 2861 4695 3357
25104 4720 3357 4695 2627
25105 4720 4143 4571 2705
25106 4720 4143 4695 4571
25107 4721 1182 1178 879
25108 4721 1182 3918 1178
25109 4721 879 360 880
25110 4721 880 360 1178
25111 4721 1178 360 879
25112 4796 3941 4722 362
25113 4796 4471 4722 3354
25114 4796 267 4471 1379
25115 4796 566 1334 1379
25116 4796 566 4471 4251
25117 4796 1334 362 267
25118 4796 1379 4471 566
25119 4796 3354 4722 3941
25120 4796 566 4251 1334
25121 4806 497 2596 265
25122 4809 2023 4264 3033
25123 4724 2313 4296 3069
25124 4724 2088 3069 2337
25125 4724 3069 4296 2337
25126 4724 4296 4503 2337
25127 4724 2337 4503 1922
25128 4724 1922 4503 1874
25129 4724 1874 2378 1922
25130 4724 1874 4503 2676
25131 4724 2676 4503 4296
25132 4724 3695 4444 2676
25133 4724 2676 4444 1874
25134 4726 3791 4300 3348
25135 4726 2351 3791 3348
25136 4727 2764 3504 2584
25137 4727 2308 2327 204
25138 4727 1804 3900 2584
25139 4727 2308 3900 1804
25140 4727 2584 3423 2764
25141 4727 2764 3423 2221
25142 4727 2327 2584 1264
25143 4727 1264 2584 204
25144 4727 204 2327 1264
25145 4727 2584 3900 204
25146 4727 204 3900 2308
25147 4728 2702 4562 1912
25148 4728 1912 3737 2702
25149 4729 2268 3187 1163
25150 4729 64 494 607
25151 4729 64 4312 494
25152 4729 494 1009 243
25153 4729 1009 4311 243
25154 4729 2942 3084 2401
25155 4729 3084 4311 2401
25156 4729 2268 4311 3084
25157 4729 3084 3187 2268
25158 4729 2401 4311 1009
25159 4729 494 4312 3223
25160 4729 3223 4312 2401
25161 4729 1009 3223 2401
25162 4729 494 3223 1009
25163 4731 3441 4093 2677
25164 4731 2790 3441 3036
25165 4731 3036 3441 2677
25166 4731 264 4609 1043
25167 4731 2758 3805 1069
25168 4731 1069 3805 264
25169 4731 1043 3027 2758
25170 4731 1043 4681 3027
25171 4731 1043 2758 1069
25172 4731 1069 264 1043
25173 4732 93 4164 2234
25174 4732 2208 4713 2362
25175 4732 2362 4713 1656
25176 4732 1656 4713 2208
25177 4733 718 3910 1356
25178 4733 961 4348 104
25179 4733 104 4348 718
25180 4733 718 961 104
25181 4734 2410 4352 3731
25182 4734 3731 4352 3880
25183 4734 2422 3053 2410
25184 4734 2422 3979 3053
25185 4734 3053 3979 2410
25186 4734 1537 3880 3675
25187 4734 3675 3738 1537
25188 4736 2807 4359 3634
25189 4736 3239 3634 2906
25190 4736 3634 4359 2906
25191 4736 4171 4707 2274
25192 4736 2274 4707 2807
25193 4736 2807 4171 2274
25194 4736 3352 4678 2888
25195 4736 2888 4678 2807
25196 4736 2807 3634 2888
25197 4736 2888 3634 3239
25198 4736 2888 3897 3352
25199 4736 3352 3897 3239
25200 4736 3239 3897 2888
25201 4737 2607 4074 3705
25202 4737 3705 4074 2076
25203 4737 2076 2742 2321
25204 4737 2076 4074 2742
25205 4737 2742 4074 2321
25206 4739 2167 2512 2261
25207 4739 2512 4151 2261
25208 4799 4398 4743 3764
25209 4739 2634 4532 4226
25210 4739 2167 4226 2512
25211 4799 2980 3452 1331
25212 4799 4276 4743 331
25213 4799 2120 4795 3452
25214 4739 4226 4532 2512
25215 4739 2512 4532 4151
25216 4740 78 1186 485
25217 4740 485 2435 1620
25218 4740 78 485 1084
25219 4740 2989 4381 2048
25220 4740 2404 2989 2048
25221 4740 1084 2910 78
25222 4740 1084 2916 2910
25223 4740 2916 3328 1620
25224 4740 1620 3328 485
25225 4740 1084 3328 2916
25226 4740 485 3328 1084
25227 4741 2447 4210 2118
25228 4741 3996 4384 1619
25229 4741 3569 3996 1619
25230 4741 1619 3804 3569
25231 4741 2232 3804 1619
25232 4742 1368 4302 2098
25233 4742 826 2465 1368
25234 4742 826 3605 2465
25235 4800 3476 4745 4697
25236 4743 3555 4398 529
25237 4743 984 3555 529
25238 4743 984 529 985
25239 4743 529 4398 985
25240 4743 1340 3555 984
25241 4743 984 331 1340
25242 4743 1340 4230 3555
25243 4743 1340 4276 4230
25244 4800 4150 4697 1905
25245 4800 2311 3691 2722
25246 4800 2722 3691 1950
25247 4800 3549 3567 1699
25248 4800 1905 3567 3549
25249 4744 3225 3517 3205
25250 4801 2134 3100 2857
25251 4745 3476 4536 2898
25252 4745 2898 4536 2249
25253 4745 2249 3476 2898
25254 4745 2249 4536 4303
25255 4745 4303 4536 1699
25256 4746 1678 4431 3835
25257 4746 3835 3862 1678
25258 4746 2229 4444 2099
25259 4746 2099 3835 2229
25260 4747 293 3959 1584
25261 4747 1585 4449 3993
25262 4747 1584 3993 3720
25263 4747 3993 4449 3720
25264 4747 293 1584 627
25265 4747 1584 3720 627
25266 4747 1585 3993 3948
25267 4747 3948 3959 1585
25268 4747 3948 3993 1584
25269 4747 1584 3959 3948
25270 4749 1738 4464 3169
25271 4749 3169 4464 2548
25272 4749 2170 2297 1738
25273 4749 2170 2738 2297
25274 4749 1738 3169 2170
25275 4749 2170 3169 2738
25276 4749 2738 3169 2548
25277 4750 2574 4586 3673
25278 4750 3673 4586 2114
25279 4750 2114 4586 3338
25280 4750 3338 4586 3559
25281 4750 3559 4586 1856
25282 4750 3338 3728 2114
25283 4750 2114 3728 3673
25284 4750 4256 4505 2960
25285 4750 2055 4256 2960
25286 4750 2055 3552 3338
25287 4750 3338 3552 2960
25288 4750 2960 3552 2055
25289 4752 3801 4314 3944
25290 4752 3944 4314 1683
25291 4752 3801 3930 3259
25292 4752 3259 3930 2097
25293 4753 2143 4719 4268
25294 4753 4268 4719 4493
25295 4753 2143 2876 2817
25296 4753 2143 4268 2876
25297 4753 4268 4493 2876
25298 4753 2876 4493 2817
25299 4803 3673 3728 2022
25300 4803 3610 3673 2022
25301 4803 3583 3610 2275
25302 4754 2055 3331 2189
25303 4754 2876 3331 2055
25304 4754 2143 4268 2189
25305 4754 2189 4268 2055
25306 4754 2055 4268 2876
25307 4754 2876 4268 2143
25308 4755 2799 4256 2795
25309 4755 4256 4505 2795
25310 4755 2795 3583 2799
25311 4755 2799 3583 1640
25312 4755 1640 3583 2487
25313 4804 1641 4757 4516
25314 4804 4516 4778 2533
25315 4804 3402 4778 3760
25316 4804 4117 4757 2871
25317 4804 3760 4117 3402
25318 4755 2952 3737 2279
25319 4755 2279 3737 2960
25320 4758 3952 4524 2121
25321 4758 2121 4293 3952
25322 4758 2121 4524 3596
25323 4758 3596 4524 2260
25324 4759 2656 4574 3038
25325 4760 683 4530 2095
25326 4762 2517 3237 2771
25327 4762 2517 3750 2880
25328 4762 2135 2880 2771
25329 4762 2880 3703 2517
25330 4762 2135 4507 3765
25331 4762 2880 3750 2771
25332 4762 3765 4507 3682
25333 4761 295 2889 632
25334 4761 632 2282 295
25335 4761 632 2889 2282
25336 4761 709 2889 295
25337 4761 709 4760 2889
25338 4762 2771 3682 3489
25339 4762 2771 3489 2135
25340 4762 3489 4507 2135
25341 4775 2410 4734 3165
25342 4763 3701 3748 2884
25343 4763 2754 4723 3146
25344 4763 3146 4723 3848
25345 4763 3848 4603 3146
25346 4763 3146 4603 2754
25347 4763 3417 4374 3748
25348 4763 3748 4374 2884
25349 4764 3801 3983 3345
25350 4808 431 2737 1378
25351 4808 2737 4432 3207
25352 4809 1613 4264 2776
25353 4814 3778 4635 2635
25354 4764 3345 4427 3220
25355 4764 3220 4427 3655
25356 4765 4185 4552 2671
25357 4765 527 4185 3622
25358 4765 3622 4185 2671
25359 4813 4427 4810 3220
25360 4807 3220 4764 3655
25361 4813 3891 4810 4636
25362 4767 1148 4580 783
25363 4767 783 2142 1219
25364 4767 783 4580 2142
25365 4767 2781 4580 2089
25366 4767 2089 3947 2781
25367 4767 2089 4580 1148
25368 4767 1148 3947 2089
25369 4768 2318 4253 1814
25370 4768 1814 2424 2318
25371 4769 1751 3806 2265
25372 4769 3047 4583 1658
25373 4769 1658 3806 3047
25374 4769 3415 4583 3047
25375 4769 3047 3806 3415
25376 4770 98 2315 824
25377 4770 1821 4587 4490
25378 4770 4490 4587 2287
25379 4770 1821 4490 2780
25380 4770 2780 4490 2287
25381 4771 3054 3787 1978
25382 4771 2526 3561 2439
25383 4771 2439 3298 2526
25384 4771 3298 3787 3054
25385 4771 3561 3787 2439
25386 4771 2439 3787 3298
25387 4772 3647 3765 3703
25388 4772 3301 4029 2060
25389 4772 3301 4597 4029
25390 4772 4029 4597 2155
25391 4772 2759 4029 2155
25392 4772 2155 3033 2759
25393 4772 2155 4597 3033
25394 4773 2537 3058 2880
25395 4773 2537 4264 3058
25396 4773 2135 3765 2776
25397 4773 3765 4762 3703
25398 4773 3703 4762 2880
25399 4773 2537 2880 2135
25400 4773 2135 4762 3765
25401 4773 2880 4762 2135
25402 4773 2776 4264 2537
25403 4773 2135 2776 2537
25404 4775 2422 3053 2420
25405 4775 3165 3927 2827
25406 4775 2827 3360 3165
25407 4775 2827 3927 3360
25408 4775 3360 3708 2410
25409 4775 3360 3927 3708
25410 4775 3927 4611 3784
25411 4775 3784 4611 3708
25412 4775 3708 3927 3784
25413 4775 3708 4611 2420
25414 4775 3053 3708 2420
25415 4775 2420 3579 2422
25416 4775 2420 4611 3579
25417 4775 3579 4611 2422
25418 4776 2153 3888 2748
25419 4776 3888 4613 2975
25420 4776 2975 4613 2748
25421 4776 2748 3888 2975
25422 4777 1687 4622 2990
25423 4777 2990 4073 1687
25424 4777 2343 4073 3803
25425 4777 3803 4073 943
25426 4777 2343 3803 97
25427 4777 97 3803 943
25428 4778 3219 4717 3456
25429 4778 3162 4717 3219
25430 4778 3110 4409 3719
25431 4778 3719 4409 3162
25432 4778 3760 4608 3110
25433 4778 3110 4516 3760
25434 4778 3456 4717 4608
25435 4778 4608 4717 3110
25436 4778 3110 4717 4409
25437 4778 4409 4717 3162
25438 4779 2204 2851 1529
25439 4779 2204 4586 2851
25440 4779 2114 2204 1529
25441 4779 2114 4586 2204
25442 4779 2851 4586 1856
25443 4779 1856 3559 2851
25444 4779 1856 4586 3559
25445 4780 1884 3665 2961
25446 4780 2961 3665 2865
25447 4782 3968 4653 4374
25448 4782 4374 4653 1879
25449 4782 4289 4374 1879
25450 4782 3818 4008 3169
25451 4782 2379 3818 3169
25452 4782 3968 4374 3514
25453 4782 3514 4195 4008
25454 4782 3514 4289 4195
25455 4782 3514 4374 3417
25456 4782 3417 4289 3514
25457 4782 3417 4374 4289
25458 4783 2394 4216 3399
25459 4783 4216 4351 3399
25460 4783 4351 4672 3968
25461 4783 3968 4672 4662
25462 4783 4662 4672 3581
25463 4783 3581 4672 3957
25464 4783 3957 4662 3581
25465 4783 2394 4672 3369
25466 4783 3369 4216 2394
25467 4783 3457 4351 4216
25468 4783 3457 4672 4351
25469 4783 3369 4672 3457
25470 4783 3457 4216 3369
25471 4785 3420 4280 2413
25472 4785 2413 4280 1679
25473 4785 2203 2909 2316
25474 4785 2909 4698 2316
25475 4785 2316 4698 3487
25476 4785 2203 3991 3088
25477 4785 2316 3991 2203
25478 4785 3088 3991 3487
25479 4785 3487 3991 2316
25480 4786 1315 3470 3067
25481 4787 81 1195 575
25482 4787 81 4701 1195
25483 4787 4609 4701 81
25484 4787 575 4609 81
25485 4788 2658 3761 3577
25486 4788 3128 3761 2658
25487 4788 2658 3206 3128
25488 4788 3128 3230 2355
25489 4788 3128 4682 3230
25490 4788 1871 4576 4573
25491 4788 4573 4576 3577
25492 4788 3577 4576 2658
25493 4788 2658 4576 3206
25494 4789 1002 3755 1123
25495 4789 557 4627 1002
25496 4789 1002 4627 3755
25497 4790 3576 3711 3185
25498 4790 3185 3711 2174
25499 4790 2174 3229 3185
25500 4790 3229 4620 3185
25501 4790 3185 4620 4527
25502 4791 228 2974 1805
25503 4792 1583 4657 2015
25504 4792 2049 2851 2015
25505 4792 2049 4278 2851
25506 4792 2015 3988 1580
25507 4792 1580 2049 2015
25508 4792 1580 3988 2049
25509 4793 725 4658 84
25510 4793 84 4658 3066
25511 4793 1137 4658 725
25512 4793 84 2796 1306
25513 4793 2328 3954 1137
25514 4793 2328 4658 3954
25515 4793 3954 4658 1137
25516 4793 84 3066 2285
25517 4793 2285 2796 84
25518 4793 2285 3066 2796
25519 4794 3671 4606 2601
25520 4794 2601 2627 2266
25521 4794 2627 4720 2266
25522 4800 1905 4745 3567
25523 4800 3567 4745 1699
25524 4795 4471 4722 267
25525 4795 454 4471 267
25526 4795 76 454 834
25527 4795 76 3452 454
25528 4800 2311 3549 1699
25529 4800 2311 2722 1905
25530 4796 3939 4471 3354
25531 4796 3354 3941 3939
25532 4797 2213 4294 4285
25533 4797 3707 4294 2213
25534 4797 3316 4285 3176
25535 4797 3316 4295 3421
25536 4797 3421 4295 2360
25537 4797 2360 4295 3316
25538 4797 4285 4294 3176
25539 4797 2360 3316 2040
25540 4797 2040 3176 2360
25541 4797 2040 3316 3176
25542 4797 3176 4294 2192
25543 4797 2192 4294 2360
25544 4797 2360 3176 2192
25545 4798 4015 4345 1614
25546 4798 2216 4015 1614
25547 4798 2194 2954 2802
25548 4798 2802 2954 2704
25549 4798 2704 2954 2194
25550 4799 3452 4795 76
25551 4799 331 4795 4276
25552 4799 4276 4795 2120
25553 4799 76 834 331
25554 4799 76 4795 834
25555 4799 834 4795 331
25556 4800 1699 2836 2311
25557 4800 1699 3476 2836
25558 4800 1950 3691 2836
25559 4800 2836 3476 1950
25560 4800 2836 3691 2311
25561 4801 2134 3749 3100
25562 4801 2414 3749 2134
25563 4802 2574 2817 2587
25564 4802 2574 4750 2817
25565 4802 2143 3549 1866
25566 4802 3549 4497 1866
25567 4802 2189 3549 2143
25568 4802 2189 4497 3549
25569 4802 2521 4754 1856
25570 4802 1856 2574 2521
25571 4802 1856 4750 2574
25572 4802 1856 4754 4750
25573 4803 3583 4755 2795
25574 4803 2795 3610 3583
25575 4803 3542 4755 2487
25576 4803 2275 3542 2487
25577 4803 2487 3583 2275
25578 4803 2487 4755 3583
25579 4804 3760 4757 4117
25580 4805 4289 4374 3417
25581 4805 4374 4653 4351
25582 4805 4351 4653 3511
25583 4805 3293 4763 2884
25584 4805 2884 4763 4374
25585 4805 3238 3511 3293
25586 4805 3238 4351 3511
25587 4805 2884 4374 4351
25588 4805 2884 4351 3238
25589 4805 3238 3293 2884
25590 4806 265 428 497
25591 4806 1669 4327 2448
25592 4806 2448 4327 2094
25593 4806 428 4327 497
25594 4806 497 4327 1669
25595 4806 2094 4412 4101
25596 4806 4101 4412 3622
25597 4806 3622 4412 2094
25598 4806 2094 4101 2448
25599 4806 2448 4101 1669
25600 4813 3891 4553 3220
25601 4813 3891 4635 3623
25602 4807 3220 3623 2439
25603 4807 3220 3655 3623
25604 4807 3623 3655 2439
25605 4813 3220 4810 3891
25606 4813 3623 3655 3220
25607 4814 3196 4427 2206
25608 4814 4427 4813 2206
25609 4814 4635 4813 3891
25610 4814 2635 4635 3891
25611 4810 3220 4427 3345
25612 4810 3345 4166 3220
25613 4810 3345 4427 4166
25614 4811 3336 4436 2766
25615 4811 2766 4436 3067
25616 3470 1315 4436 3067
25617 4811 3067 4436 1315
25618 4811 3067 4190 2766
25619 4811 2766 4190 3336
25620 4812 2526 4807 1685
25621 4812 1685 3298 2526
25622 4812 3331 3974 2849
25623 4812 3331 4566 3974
25624 4812 2849 3974 1685
25625 4812 3974 4566 1685
25626 4812 3559 4807 3220
25627 4812 3220 4553 3559
25628 4812 3220 4807 4553
25629 4814 3196 4810 4427
