4814 3 0 0
1 0.4983396828174591 0.0016603153198957443 0.4983396828174591
2 0.16535431146621704 0.0011144718155264854 0.4995824098587036
3 -0.16797903180122375 0.0011144699528813362 0.4995824098587036
4 -0.4981974959373474 0.0015330556780099869 0.4981670379638672
5 0.49888554215431213 0.33202099800109863 0.4995824098587036
6 0.15565013885498047 0.3464880585670471 0.5
7 -0.1799500435590744 0.3520847260951996 0.5
8 -0.4995828866958618 0.3333379030227661 0.49889177083969116
9 0.49882999062538147 0.6666715145111084 0.49958914518356323
10 0.14999932050704956 0.6821892261505127 0.5
11 -0.17206452786922455 0.6712750196456909 0.5
12 -0.49958914518356323 0.6666715145111084 0.49882999062538147
13 0.4983273446559906 0.9983637928962708 0.49803003668785095
14 0.1666666567325592 0.999431848526001 0.49943187832832336
15 -0.1666666716337204 0.999431848526001 0.49943187832832336
16 -0.4981974959373474 0.9981670379638672 0.4984669089317322
17 -0.4983396828174591 0.001660313457250595 -0.4983396828174591
18 -0.1666666567325592 0.0007654279470443726 -0.49923455715179443
19 0.1666666865348816 0.0008507855236530304 -0.4991492033004761
20 0.4983396828174591 0.001660313457250595 -0.4983396828174591
21 -0.4989587962627411 0.32983776926994324 -0.4995022714138031
22 -0.15565013885498047 0.3464880585670471 -0.5
23 0.18279129266738892 0.35167163610458374 -0.5
24 0.49958914518356323 0.3333381712436676 -0.49883002042770386
25 -0.49882999062538147 0.6666715145111084 -0.49958914518356323
26 -0.16256006062030792 0.6814475655555725 -0.5
27 0.17206452786922455 0.6712750196456909 -0.5
28 0.4995296597480774 0.6624305844306946 -0.4990667402744293
29 -0.49844709038734436 0.9982132911682129 -0.49821382761001587
30 -0.16535349190235138 0.9995886087417603 -0.4988228678703308
31 0.17016156017780304 0.9995023012161255 -0.498958945274353
32 0.4983396828174591 0.9983396530151367 -0.4983396828174591
33 -0.4988228678703308 0.9995886087417603 -0.16797979176044464
34 -0.16253454983234406 1.0 -0.16326941549777985
35 0.1799500286579132 1.0 -0.14791518449783325
36 0.4994337856769562 0.999435544013977 -0.1651344746351242
37 -0.4988228678703308 0.9995886087417603 0.16535356640815735
38 -0.1627768725156784 1.0 0.18455401062965393
39 0.18082529306411743 1.0 0.18838416039943695
40 0.4994449317455292 0.999396800994873 0.16820043325424194
41 0.4991492033004761 0.0008507855236530304 -0.1666666567325592
42 0.1627768725156784 0.0 -0.14877937734127045
43 -0.1854042261838913 0.0 -0.15471947193145752
44 -0.49958914518356323 0.001170002855360508 -0.1666618138551712
45 0.49919044971466064 0.0008666720241308212 0.1666666865348816
46 0.1627768725156784 0.0 0.18455395102500916
47 -0.17320992052555084 0.0 0.17522013187408447
48 -0.49958914518356323 0.0011700047180056572 0.1666715294122696
49 0.5 0.35122060775756836 -0.1627768576145172
50 0.5 0.35167163610458374 0.18279129266738892
51 0.5 0.6868703365325928 -0.15000294148921967
52 0.5 0.6756763458251953 0.18167991936206818
53 -0.5 0.35122060775756836 0.1627768576145172
54 -0.5 0.35151422023773193 -0.1728709489107132
55 -0.5 0.6878488063812256 0.14982759952545166
56 -0.5 0.6868703365325928 -0.18333040177822113
57 -0.5 0.49208521842956543 0.007632495369762182
58 -0.5 0.508967936038971 0.31767547130584717
59 -0.5 0.1793043613433838 -0.31996607780456543
60 0.5 0.4974602460861206 0.00015284070104826242
61 0.014748007990419865 1.0000001192092896 -0.3293880522251129
62 0.33877307176589966 0.49236294627189636 0.5000001192092896
63 0.5000000596046448 0.49495959281921387 -0.3388844132423401
64 0.5 0.1744178980588913 0.00371705275028944
65 0.35222721099853516 1.0 0.009692777879536152
66 -0.5 0.1662854254245758 0.002945265034213662
67 0.5 0.8372786045074463 0.01474803127348423
68 -0.32200586795806885 0.17009271681308746 -0.5
69 0.5 0.8372786641120911 -0.3185853362083435
70 0.3176754415035248 0.17563457787036896 0.5
71 -0.31443947553634644 1.0 -0.3236405849456787
72 -0.5 0.17009270191192627 0.32200583815574646
73 -0.007829045876860619 0.4945700466632843 -0.5
74 0.01889386959373951 1.0 0.009692779742181301
75 0.3480812907218933 1.0 -0.3293880820274353
76 0.007344340905547142 0.494976282119751 0.5
77 -0.3176754415035248 1.0 0.00896795466542244
78 0.5 0.18269486725330353 -0.31712380051612854
79 -0.3273012936115265 0.0 -0.3218405842781067
80 -0.31443947553634644 0.5096927285194397 -0.5
81 -0.015321058221161366 0.17875811457633972 -0.5
82 -0.011327473446726799 -6.056906443063781e-08 -0.32990729808807373
83 -0.01889386773109436 0.1763593852519989 0.5
84 0.31767547130584717 0.0 -0.32436540722846985
85 -0.01889386773109436 0.0 0.009692736901342869
86 0.31443944573402405 0.0 0.009692737832665443
87 -0.3237711787223816 0.8358147144317627 0.5
88 0.5 0.5141526460647583 0.3243773877620697
89 0.3273013234138489 0.8448261022567749 -0.5
90 0.5 0.8449962735176086 0.3186052143573761
91 -0.5 0.5160281658172607 -0.34954288601875305
92 -0.5 0.8372786045074463 -0.3480813503265381
93 -0.3334861695766449 0.4974602162837982 0.5
94 0.3495592772960663 0.17846888303756714 -0.5
95 0.3185853064060211 0.8372785449028015 0.5
96 0.35222718119621277 0.5096927285194397 -0.5
97 0.33877304196357727 0.0 0.32569631934165955
98 -0.011802173219621181 0.8495593070983887 -0.5
99 0.011802172288298607 0.8495592474937439 0.5
100 -0.3480813503265381 0.0 0.003945264033973217
101 -0.3480813205242157 0.1706119179725647 0.5000000596046448
102 0.0054397135972976685 0.0 0.32569628953933716
103 -0.3185853362083435 0.8372786045074463 -0.5
104 0.5 0.1691480129957199 0.3237711489200592
105 -0.32789361476898193 0.0 0.32569631934165955
106 -0.5 0.8372786045074463 -0.014747969806194305
107 -0.5 0.8358147144317627 0.3428955674171448
108 0.00015282556705642492 1.0 0.3307935893535614
109 -0.3388844132423401 1.0000001192092896 0.32829293608665466
110 0.3334861397743225 1.0 0.3307935893535614
111 -0.16691754758358002 1.0 -0.3467266857624054
112 0.16333943605422974 1.0 -0.3194001317024231
113 -0.498797744512558 0.9995901584625244 -0.33499574661254883
114 0.4989064931869507 0.9995117783546448 -0.33682939410209656
115 -0.16933849453926086 1.0 -0.0059675658121705055
116 -0.4994337856769562 0.999435544013977 0.001532205962575972
117 0.15791790187358856 1.0 -0.009963596239686012
118 0.4988228678703308 0.9995886087417603 -0.0013131052255630493
119 0.34047797322273254 0.6642796993255615 0.5
120 0.5 0.6698989868164062 -0.3256853222846985
121 0.33995044231414795 0.0006192298606038094 0.49935704469680786
122 0.5 0.4890982210636139 -0.1717892736196518
123 0.5 0.4925800561904907 0.1572256088256836
124 0.1745573729276657 0.15845128893852234 -0.5
125 0.5 0.670255184173584 -0.003867032937705517
126 0.003226699773222208 0.3331730365753174 0.5
127 -0.34047800302505493 1.0 -0.16905362904071808
128 -0.18338541686534882 0.18071019649505615 -0.5
129 -0.3384891748428345 0.00047189369797706604 -0.498860627412796
130 -0.5 0.16098742187023163 0.17145530879497528
131 -0.5 0.34219908714294434 0.33007290959358215
132 0.49958083033561707 0.16825565695762634 0.49892327189445496
133 0.007648034952580929 1.0 -0.16343435645103455
134 -0.5 0.34788116812705994 -0.012063974514603615
135 -0.3256853222846985 0.33656564354896545 -0.5
136 -0.5 0.15871715545654297 -0.17237676680088043
137 -0.16059449315071106 0.48986923694610596 0.5
138 -0.5 0.4983481466770172 0.17709961533546448
139 -0.5 0.6699240803718567 0.33595117926597595
140 0.005155677907168865 0.0011393511667847633 -0.49952811002731323
141 -0.5 0.6699240207672119 0.002617832738906145
142 0.49933502078056335 0.5040708780288696 0.49946048855781555
143 -0.5 0.4937971830368042 -0.1646937131881714
144 -0.4995296597480774 0.17090965807437897 -0.4990651607513428
145 -0.33656004071235657 1.0 0.16650640964508057
146 0.0026178157422691584 0.6699240207672119 0.5
147 0.012063974514603615 1.0 0.18121454119682312
148 -0.49883002042770386 0.1666715145111084 0.49958914518356323
149 -0.0032266955822706223 0.333173006772995 -0.5
150 0.4988824129104614 0.16884656250476837 -0.499522864818573
151 0.32126936316490173 0.34788116812705994 0.5
152 -0.49892324209213257 0.5015890002250671 0.49958083033561707
153 -0.17709961533546448 0.4983481466770172 -0.5
154 0.1714552938938141 0.0 -0.3390125632286072
155 0.33595120906829834 0.0 -0.1634093075990677
156 -0.34047797322273254 0.6642796993255615 -0.5
157 -0.15479329228401184 0.0 -0.3249645531177521
158 -0.16179481148719788 0.1685849130153656 0.5
159 0.4995272159576416 0.0009168200194835663 -0.3366452753543854
160 -0.003260434605181217 0.0 -0.15780091285705566
161 0.16481095552444458 0.1762244552373886 0.5
162 0.16059449315071106 0.48986923694610596 -0.5
163 -0.4995272159576416 0.0009168200194835663 -0.33002135157585144
164 -0.49951809644699097 0.503475546836853 -0.4988919496536255
165 0.17373895645141602 0.0 -0.0025352390948683023
166 0.007648040074855089 0.6698989272117615 -0.5
167 0.4994392991065979 0.0008884472772479057 -0.0007706799078732729
168 0.3358810245990753 0.9993148446083069 0.49946191906929016
169 0.32126933336257935 0.0 0.18121449649333954
170 -0.15791791677474976 0.0 -0.009963635355234146
171 -0.49882999062538147 0.00041084736585617065 4.854514827457024e-06
172 0.4988824129104614 0.5021800398826599 -0.499522864818573
173 -0.012063976377248764 0.0 0.18121448159217834
174 0.004070867784321308 0.0006649801507592201 0.49946048855781555
175 -0.339950293302536 0.9993571043014526 -0.49938076734542847
176 0.4999999701976776 0.15657088160514832 -0.17621362209320068
177 0.17429567873477936 0.4978087246417999 0.5
178 0.5 0.3276232182979584 -0.34128284454345703
179 0.5 0.15871717035770416 0.17237679660320282
180 -0.0004946240223944187 0.9987788200378418 -0.499538391828537
181 -0.0029951981268823147 0.998701274394989 0.499600887298584
182 0.5 0.34788113832473755 0.01206397358328104
183 0.49959293007850647 0.8303527235984802 -0.49880450963974
184 0.5 0.3369218707084656 0.329466313123703
185 -0.3358810544013977 0.9994618892669678 0.4993148446083069
186 0.3311532735824585 0.9988824129104614 -0.499522864818573
187 0.5 0.6763926148414612 0.3296467065811157
188 0.5 0.8311781287193298 -0.17069722712039948
189 0.5 0.8317057490348816 0.168498694896698
190 -0.5 0.3421991169452667 -0.33659374713897705
191 0.33659377694129944 1.0 -0.15780088305473328
192 -0.5 0.6702552437782288 -0.3294662833213806
193 -0.5 0.8271305561065674 0.1686396598815918
194 -0.3292625844478607 0.0006649885326623917 0.49946051836013794
195 -0.5 0.8389951586723328 -0.16883394122123718
196 0.34539732336997986 1.0 0.18121455609798431
197 0.33664530515670776 0.0004727989435195923 -0.49908319115638733
198 -0.34567558765411377 0.6787152290344238 0.5
199 0.33071547746658325 0.3365907073020935 -0.5
200 0.17854002118110657 0.8417021036148071 0.5
201 -0.33400100469589233 0.0 -0.17756551504135132
202 -0.33668217062950134 0.3449303209781647 0.5
203 0.49944233894348145 0.8316388726234436 0.4990963041782379
204 -0.33668220043182373 0.0 0.17826364934444427
205 -0.17237679660320282 0.8253838419914246 0.5
206 -0.17854002118110657 0.8417021036148071 -0.5
207 0.34567558765411377 0.6787152290344238 -0.5
208 0.17273885011672974 0.0 0.32320258021354675
209 0.49945855140686035 0.0009461548179388046 0.3333752155303955
210 -0.1646937131881714 0.0 0.3271304965019226
211 -0.4994392991065979 0.0008884649723768234 0.33410415053367615
212 -0.499522864818573 0.8355132341384888 -0.4988824129104614
213 0.17237678170204163 0.8253838419914246 -0.5
214 -0.4993395507335663 0.8307924270629883 0.49945762753486633
215 -0.15877598524093628 1.0 0.32511797547340393
216 -0.49938085675239563 0.9993570446968079 0.33995023369789124
217 0.1646936982870102 1.0 0.3271305561065674
218 0.49933499097824097 0.9994605183601379 0.32926279306411743
219 -0.5 0.7786298990249634 -0.05390030890703201
220 -0.5 0.7364066243171692 0.25905510783195496
221 0.4237825870513916 0.7580883502960205 0.49998971819877625
222 -0.5 0.5735847353935242 0.40325653553009033
223 0.5 0.5810564160346985 -0.40205615758895874
224 -0.4237825870513916 0.7580883502960205 -0.49998971819877625
225 -0.40325650572776794 1.0 0.07358472049236298
226 -0.4112342596054077 1.0 -0.06282443553209305
227 0.41283127665519714 0.0 -0.3946343958377838
228 -0.5 0.57561194896698 0.08256734907627106
229 0.40472865104675293 0.0 0.09112869948148727
230 0.40493524074554443 0.2525196373462677 0.5
231 -0.5 0.5811800360679626 -0.2509044408798218
232 -0.5 0.7780714631080627 -0.3846334218978882
233 -0.41434988379478455 0.5846477150917053 0.5
234 -0.2511800527572632 0.5867308378219604 0.5
235 0.279433012008667 0.7786298990249634 0.5
236 0.3861375153064728 2.362732629990205e-06 0.2799045145511627
237 0.2511800527572632 0.5867308378219604 -0.5
238 -0.0916036069393158 0.7610794901847839 -0.5
239 0.07631392031908035 0.7385935187339783 -0.5
240 -0.0751897394657135 0.7386516332626343 0.5
241 0.2519535720348358 1.0 0.0830199122428894
242 -0.279433012008667 0.7786298990249634 -0.5
243 0.5 0.24877503514289856 -0.08222942799329758
244 -0.5 0.914513349533081 0.08242897689342499
245 -0.40493524074554443 0.2525196373462677 -0.5
246 -0.08348426222801208 1.0 0.08105475455522537
247 -0.5 0.2525196373462677 0.40493524074554443
248 -0.5 0.5844161510467529 -0.08494307845830917
249 -0.081379733979702 1.0 -0.25031349062919617
250 -0.5 0.4361998736858368 0.4120529294013977
251 -0.5000565648078918 0.28557416796684265 -0.4347212612628937
252 -0.49999281764030457 0.07829711586236954 -0.4084470272064209
253 0.5 0.5837677717208862 0.08925644308328629
254 0.052512481808662415 0.9999997615814209 -0.3859676718711853
255 0.25064361095428467 0.5857429504394531 0.5
256 0.38613754510879517 0.44657114148139954 0.49999988079071045
257 0.5 0.5857429504394531 -0.25064364075660706
258 0.5000002384185791 0.44891124963760376 -0.38618332147598267
259 0.5 0.2519536018371582 0.08301985263824463
260 0.4999898076057434 0.07607351988554001 0.07629956305027008
261 0.3856669068336487 1.0 -0.06352323293685913
262 -0.5 0.2519535720348358 -0.08301984518766403
263 -0.08210286498069763 0.5810547471046448 -0.5
264 -0.07420945912599564 0.2309211790561676 -0.5
265 0.5 0.57561194896698 -0.08409928530454636
266 -0.4112343192100525 0.10384216904640198 -0.5
267 0.083333320915699 0.5794658064842224 0.5
268 0.5 0.7779836058616638 -0.2793668508529663
269 0.4112343192100525 0.10384218394756317 0.5
270 -0.2834438681602478 1.000000238418579 -0.38589704036712646
271 -0.5 0.10536559671163559 0.41283124685287476
272 0.08494307845830917 0.5844162106513977 -0.5
273 0.051300063729286194 1.0 -0.05526184290647507
274 0.4121294617652893 1.0 -0.22682149708271027
275 0.2513170838356018 1.0 -0.40205517411231995
276 0.383222758769989 0.9999980926513672 -0.38589704036712646
277 -0.08494307845830917 0.5844162106513977 0.5
278 -0.2821332514286041 1.0 -0.0545855388045311
279 0.4999864399433136 0.09235042333602905 -0.4260120987892151
280 -0.2465115338563919 -2.4356097583222436e-08 -0.40093740820884705
281 -0.40939417481422424 0.42339977622032166 -0.49999451637268066
282 0.08301985263824463 0.2519536018371582 -0.5
283 -0.0868217721581459 0.09906256943941116 -0.5
284 -0.08101972937583923 0.0 -0.22605803608894348
285 0.0827551931142807 0.0 0.08488983660936356
286 -0.052512478083372116 1.6903186406125315e-07 -0.3859676122665405
287 0.0820162445306778 0.09794481098651886 0.5
288 -0.052512504160404205 0.11403237283229828 0.4999973773956299
289 0.09130900353193283 0.0 -0.07618267834186554
290 0.40325650572776794 0.0 -0.259748637676239
291 -0.05233357846736908 0.0 -0.06352327764034271
292 0.423782616853714 1.0278392437612638e-05 -0.07524503767490387
293 0.5 0.5837895274162292 0.41155827045440674
294 0.49998992681503296 0.42006126046180725 0.42571014165878296
295 -0.5 0.4240703284740448 -0.24703529477119446
296 -0.5 0.40887540578842163 -0.403950572013855
297 -0.40320923924446106 0.4112522304058075 0.5
298 0.4082484841346741 0.09494072198867798 -0.5
299 -0.08409931510686874 1.0 0.4089452624320984
300 0.3845334053039551 0.44541439414024353 -0.5
301 0.24832749366760254 2.713943104026839e-06 0.4191895127296448
302 -0.4121294319629669 0.0 0.10651181638240814
303 -0.3845334053039551 0.0 -0.054585572332143784
304 -0.4121294319629669 0.27317848801612854 0.5
305 -0.2513170838356018 0.09794481843709946 0.5
306 -0.3832227885723114 0.11410292237997055 0.5000002384185791
307 -0.08500584959983826 2.7139940357301384e-06 0.4191895127296448
308 -0.5 0.2477213591337204 0.08210287988185883
309 0.05356752127408981 0.0 0.2798907160758972
310 0.5 0.2513143718242645 0.41434982419013977
311 0.250904381275177 1.0 0.41451337933540344
312 -0.2726939916610718 0.0 0.2787081301212311
313 0.5 0.23777954280376434 0.2459568977355957
314 -0.4346887171268463 -7.0563743065577e-05 0.4343847334384918
315 -0.40436074137687683 0.0 0.24633090198040009
316 -0.5 0.7638763785362244 0.41219979524612427
317 -0.26258718967437744 1.0 0.2524791359901428
318 -0.5 0.4419021010398865 0.05757436528801918
319 -0.5 0.4364767372608185 0.2809997498989105
320 -0.2509044110774994 0.0 0.41451331973075867
321 -0.5 0.08780022710561752 -0.06945699453353882
322 0.4999920427799225 0.9339027404785156 0.08663247525691986
323 0.5 0.7779834866523743 0.053966496139764786
324 -0.2808208465576172 0.11403238773345947 -0.4999977946281433
325 0.4999913275241852 0.9341397285461426 -0.2499999850988388
326 0.2808208465576172 0.11403237283229828 0.4999973773956299
327 -0.5 0.2739419639110565 0.25231361389160156
328 0.08210287243127823 0.0 -0.2522786259651184
329 -0.05779094994068146 0.444070428609848 -0.5
330 0.06943675130605698 0.4174783229827881 -0.5
331 0.06282608956098557 0.45730486512184143 0.5
332 -0.06943675130605698 0.4174783229827881 0.5
333 0.24923405051231384 0.2422785758972168 -0.5
334 -0.2820332646369934 0.44473811984062195 -0.5
335 0.08242892473936081 0.0 0.41451334953308105
336 -0.25672656297683716 0.2602026164531708 0.5
337 0.2833196222782135 3.4490642519813264e-07 -0.3866608142852783
338 -0.2511800229549408 0.0 0.08673086762428284
339 0.2821332514286041 0.0 -0.05458557978272438
340 0.5 0.9162557721138 -0.07560451328754425
341 -0.49999964237213135 0.11333917826414108 0.2833196520805359
342 -0.5 0.2327624261379242 -0.25961267948150635
343 -0.07242513447999954 0.8954422473907471 -0.5
344 0.07242514193058014 0.8954422473907471 0.5
345 0.405059278011322 0.9082483649253845 -0.5
346 0.5000764727592468 0.935062050819397 0.43614184856414795
347 -0.500052809715271 0.9423602819442749 -0.43727344274520874
348 0.24999995529651642 0.9341398477554321 0.4999913275241852
349 -0.24999995529651642 0.9341398477554321 -0.4999913275241852
350 -0.4999913275241852 0.9341397285461426 -0.08333329111337662
351 -0.24595685303211212 0.9044461846351624 0.5
352 0.08500581979751587 0.9999972581863403 0.4191895127296448
353 -0.2499999850988388 0.9999963045120239 0.420119971036911
354 -0.38618332147598267 1.000000238418579 0.28224462270736694
355 0.43470752239227295 1.000089406967163 0.4343816936016083
356 -0.4346887469291687 0.9343847036361694 0.5000700950622559
357 -0.4999972879886627 0.9191895127296448 0.2483275830745697
358 0.5 0.8950192928314209 0.2689041495323181
359 0.5 0.723737359046936 -0.30547967553138733
360 -0.41606810688972473 0.9993535280227661 -0.4994161128997803
361 -0.30425018072128296 1.0000402927398682 -0.44318413734436035
362 0.15333862602710724 0.5713845491409302 0.5
363 0.5000011324882507 0.3316214978694916 -0.4149107336997986
364 0.3039003014564514 0.7213701009750366 0.5
365 -0.5 0.5101118683815002 0.39540696144104004
366 0.4994407594203949 0.7438278198242188 -0.4992825388908386
367 0.5 0.7232279777526855 0.027540452778339386
368 0.5 0.7621936798095703 -0.1544206440448761
369 0.5 0.7417207360267639 0.33584126830101013
370 0.5 0.763005256652832 0.18808536231517792
371 0.5 0.8164151906967163 -0.10318567603826523
372 0.342305988073349 1.0 -0.10168229788541794
373 -0.5 0.5718474388122559 -0.3245307207107544
374 -0.5 0.758339524269104 0.15630999207496643
375 -0.5 0.8119228482246399 0.09963014721870422
376 -0.5 0.7621936798095703 -0.17891265451908112
377 -0.5 0.816008985042572 -0.23242105543613434
378 0.3236486315727234 1.0 0.07379963994026184
379 -0.5 0.7213701009750366 -0.02943301945924759
380 0.3068455159664154 -9.316903742728755e-06 -0.44297680258750916
381 -0.318234920501709 0.5711150765419006 0.5
382 -0.3390190899372101 3.4376789699308574e-06 -0.4283254146575928
383 -0.339730441570282 0.7398145794868469 0.5
384 0.1631673127412796 0.7391993999481201 0.5
385 0.027853673323988914 1.0 -0.10959595441818237
386 0.4990842044353485 0.7537472248077393 0.49948960542678833
387 0.4381762444972992 0.8120447397232056 0.500048041343689
388 -0.16855023801326752 0.753121018409729 0.5
389 -0.15820325911045074 0.7408137321472168 -0.5
390 0.4999965727329254 0.8276476263999939 -0.4283254146575928
391 0.3236486315727234 0.5737996101379395 -0.5
392 -0.02906728908419609 -3.211801958968863e-05 -0.44318512082099915
393 0.44522637128829956 -2.8096837922930717e-05 0.3028579354286194
394 0.5 0.5958877801895142 0.3484164774417877
395 -0.4381761848926544 0.8120447397232056 -0.500048041343689
396 -0.5 0.727687656879425 0.31298670172691345
397 -0.4990842044353485 0.7537472248077393 -0.49948960542678833
398 0.16855023801326752 0.753121018409729 -0.5
399 -0.49939343333244324 0.7515280246734619 0.4994477331638336
400 0.362400621175766 1.0000340938568115 -0.44318515062332153
401 -0.16505682468414307 0.9999979138374329 -0.41865941882133484
402 -0.15425778925418854 1.0 -0.23791037499904633
403 0.16503147780895233 0.9999933838844299 -0.43280288577079773
404 0.16868725419044495 1.0 -0.25812816619873047
405 -0.49937891960144043 0.9994789361953735 -0.2499999701976776
406 -0.49944940209388733 0.9990916848182678 -0.4135211408138275
407 -0.4283254146575928 0.9999962449073792 -0.3390190601348877
408 0.4994136095046997 0.9993449449539185 -0.41759568452835083
409 0.4995824098587036 0.9988855123519897 -0.24868762493133545
410 -0.16090068221092224 1.0 -0.08515620976686478
411 -0.14830002188682556 1.0 0.07140042632818222
412 -0.49938085675239563 0.999481201171875 0.08180458098649979
413 -0.39540696144104004 1.0 0.01011192612349987
414 -0.4995824098587036 0.9988855123519897 -0.08202093839645386
415 0.1720888912677765 1.0 -0.08032214641571045
416 0.18066778779029846 1.0 0.0843217521905899
417 -0.5000032782554626 0.1389114260673523 -0.4395177364349365
418 0.49938085675239563 0.999481201171875 -0.08486209809780121
419 0.4995824098587036 0.9988855123519897 0.08464574813842773
420 0.31644049286842346 1.0 -0.26120254397392273
421 0.4149107336997986 0.6649548411369324 0.5000011324882507
422 -0.5 0.7232280373573303 -0.3608737587928772
423 0.34044477343559265 0.5633350014686584 0.5
424 0.5000010132789612 0.6906020641326904 -0.4405894875526428
425 0.5 0.5704774856567383 -0.3456057906150818
426 -0.3039003014564514 1.0 -0.11196322739124298
427 0.4160681366920471 0.0005838703364133835 0.4993535280227661
428 0.5 0.5654354095458984 -0.14832401275634766
429 -0.020346637815237045 0.727687656879425 0.5
430 0.5 0.5601725578308105 0.1503479927778244
431 0.5 0.5689300298690796 -0.014403274282813072
432 -0.41491076350212097 1.000001072883606 -0.16837848722934723
433 -0.33411940932273865 1.0 -0.26607006788253784
434 -0.5 0.17677854001522064 0.39540696144104004
435 0.500048041343689 0.14537806808948517 -0.4381762146949768
436 -0.4169784486293793 0.0005888417363166809 -0.4993555247783661
437 0.029078297317028046 1.0000481605529785 -0.44320037961006165
438 -0.5000002384185791 0.3253888785839081 0.4272227883338928
439 0.39540696144104004 0.17677854001522064 0.5
440 -0.01312769204378128 1.0 -0.2602475881576538
441 -0.4272228181362152 0.3253888785839081 -0.5000002384185791
442 -0.3039003014564514 0.7213701009750366 -0.5
443 -0.1856268346309662 0.6015306711196899 0.5
444 -0.5 0.5706305503845215 0.15607215464115143
445 -0.5000002384185791 0.6682986617088318 0.4160066545009613
446 -0.5 0.5660724639892578 0.344482958316803
447 -0.5 0.5635063052177429 0.01946377567946911
448 0.49938085675239563 0.5818045735359192 0.499481201171875
449 0.44522544741630554 0.4695081114768982 0.5000330209732056
450 -0.5 0.5851799845695496 -0.18322154879570007
451 -0.39540696144104004 0.17677854001522064 -0.5
452 -0.4160067141056061 1.000000238418579 0.16829867660999298
453 -0.344482958316803 1.0 0.06607253104448318
454 0.01440327987074852 0.5689300894737244 0.5
455 -0.009684689342975616 1.0 0.07379964739084244
456 0.4272228181362152 0.3253888785839081 0.5000002384185791
457 0.01866844855248928 0.7303307056427002 -0.5
458 -0.49948665499687195 0.5836465358734131 0.4993704855442047
459 -0.15247897803783417 0.5771337151527405 -0.5
460 0.16521303355693817 -7.59304384700954e-07 -0.41583114862442017
461 0.339730441570282 0.7398145794868469 -0.5
462 0.41604623198509216 -3.8011057768017054e-07 -0.1650356948375702
463 -0.4149107336997986 0.6649548411369324 -0.5000011324882507
464 -0.33411940932273865 0.5672632455825806 -0.5
465 -0.194411963224411 8.302713467855938e-06 -0.43954914808273315
466 0.49944359064102173 0.0006059268489480019 -0.41505780816078186
467 0.39540693163871765 0.0 -0.3232214152812958
468 0.185626819729805 0.6015306711196899 -0.5
469 -0.49949997663497925 0.0008845822885632515 -0.4108632504940033
470 -0.39219537377357483 0.0 -0.30686119198799133
471 -0.4993925988674164 0.5833306312561035 -0.49944326281547546
472 -0.440122127532959 0.47084033489227295 -0.5000633597373962
473 0.5000258684158325 0.4695245623588562 -0.44522640109062195
474 -0.01988408900797367 0.565613865852356 -0.5
475 0.4381761848926544 -4.805586286238395e-05 -0.021288590505719185
476 0.4126106798648834 0.9994609355926514 0.49906647205352783
477 0.4272596538066864 -3.4674303606152534e-07 0.1587274819612503
478 0.49944326281547546 0.5833306908607483 -0.4993925988674164
479 0.009684688411653042 0.0 0.07379958033561707
480 0.08180450648069382 0.0006191469728946686 0.4994812309741974
481 -0.07983754575252533 0.00048822909593582153 0.49890655279159546
482 -0.029083173722028732 0.056815847754478455 0.5000424981117249
483 0.5000021457672119 0.08508731424808502 -0.1691133677959442
484 0.5 0.2438003569841385 -0.15247896313667297
485 0.5 0.23392991721630096 -0.33411940932273865
486 0.5000022053718567 0.0850517526268959 0.1683775782585144
487 0.5 0.23751333355903625 0.1799188107252121
488 0.5 0.17907555401325226 0.0712437555193901
489 0.08425101637840271 0.9990828037261963 -0.49943074584007263
490 -0.08333061635494232 0.9994432926177979 -0.4993925988674164
491 -0.08832790702581406 0.999014139175415 0.49956750869750977
492 0.08464648574590683 0.9995886087417603 0.4988228678703308
493 0.5 0.32433006167411804 0.07433008402585983
494 0.5 0.23647716641426086 -0.019603446125984192
495 0.5 0.3101738393306732 -0.11281812936067581
496 0.5 0.22882910072803497 0.30975112318992615
497 0.5 0.514249324798584 -0.10577704012393951
498 0.5 0.8318846225738525 -0.24694783985614777
499 0.231556236743927 1.0 0.31247222423553467
500 0.5 0.8359350562095642 0.0902179628610611
501 -0.5 0.23963741958141327 -0.32526567578315735
502 -0.36241650581359863 0.05681585893034935 0.5000402927398682
503 -0.5 0.1833522915840149 0.059874579310417175
504 -0.09540421515703201 1.0 -0.3417717516422272
505 0.3545047640800476 0.10758396983146667 -0.5
506 0.3245307207107544 0.23851411044597626 -0.5
507 -0.32020559906959534 0.23975244164466858 0.5
508 -0.32020559906959534 0.0 0.07308574765920639
509 -0.05886206775903702 0.8598054647445679 0.4999999701976776
510 -0.09799644351005554 0.0 0.3451163172721863
511 0.05886208266019821 0.8598054051399231 -0.5000002384185791
512 -0.5 0.5145943760871887 0.06302056461572647
513 -0.2491234540939331 1.0 0.3489181101322174
514 -0.10421241074800491 1.0 0.013312197290360928
515 0.09799643605947495 1.0 0.34511637687683105
516 -0.10364609211683273 1.0 0.34792768955230713
517 0.08716573566198349 0.9999999403953552 -0.33080509305000305
518 -0.5 0.8439278602600098 0.23729725182056427
519 0.08559958636760712 1.0 0.0026815831661224365
520 0.30425018072128296 0.05681585147976875 0.5000424981117249
521 -0.5 0.8318846225738525 -0.08638545125722885
522 0.5 0.5175075531005859 0.1012667641043663
523 0.1683775931596756 0.0850517526268959 -0.5000022053718567
524 0.18494631350040436 0.23203814029693604 -0.5
525 0.08234500139951706 0.18066780269145966 -0.5
526 0.5 0.6588782072067261 0.06974799185991287
527 0.5 0.6742493510246277 -0.08169287443161011
528 -0.07166586816310883 0.3177081346511841 0.5
529 0.08005920052528381 0.33704763650894165 0.5
530 0.012445416301488876 0.23755457997322083 0.5
531 -0.1389213502407074 0.060450874269008636 -0.49999168515205383
532 -0.15569552779197693 0.239539235830307 -0.5
533 -0.3042660355567932 0.05681488662958145 -0.500033974647522
534 -0.5000004172325134 0.08420643955469131 0.1652122288942337
535 -0.5 0.2438003271818161 0.15247899293899536
536 0.057470403611660004 0.0 -0.31726768612861633
537 -0.5 0.2336277961730957 0.3482942283153534
538 0.4993704855442047 0.2503131926059723 0.49948665499687195
539 0.49944359064102173 0.08494217693805695 0.4993940591812134
540 -0.008972683921456337 0.0 -0.10168233513832092
541 0.07368280738592148 1.0 -0.17807623744010925
542 -0.10502272099256516 1.0 -0.13818778097629547
543 0.07536330819129944 0.8204528093338013 0.5
544 -0.5 0.32433009147644043 -0.07433009147644043
545 -0.5 0.3101738691329956 0.11281812936067581
546 -0.5 0.23228050768375397 0.019884098321199417
547 -0.06302056461572647 0.5145943760871887 -0.5
548 -0.348294198513031 0.2336277961730957 -0.5
549 -0.5000011324882507 0.08508928120136261 -0.16837848722934723
550 -0.5 0.2365928590297699 -0.18337862193584442
551 -0.5 0.18225142359733582 -0.0842098519206047
552 0.3039003312587738 0.0 -0.11196324974298477
553 -0.09799644351005554 0.5117830634117126 0.5
554 0.5000187754631042 0.06255479902029037 -0.3030093312263489
555 -0.08349350839853287 0.0006322488188743591 -0.49936342239379883
556 0.08372219651937485 0.0006432225927710533 -0.49941208958625793
557 0.005685768090188503 0.07167460024356842 -0.4999965727329254
558 -0.5 0.660068929195404 -0.06877399981021881
559 -0.5 0.6745147705078125 0.08087864518165588
560 -0.5 0.5117830634117126 -0.09799644351005554
561 -0.4994194805622101 0.24745550751686096 -0.4993494749069214
562 -0.49947622418403625 0.08918676525354385 -0.49932435154914856
563 -0.5000225901603699 0.061731524765491486 -0.35235196352005005
564 0.09593363106250763 0.15939004719257355 0.5
565 -0.06908371299505234 0.6669334769248962 0.5
566 0.08087864518165588 0.6745147705078125 0.5
567 0.07362455129623413 1.0 0.15511740744113922
568 -0.11281811445951462 1.0 0.1435072273015976
569 -0.07315890491008759 0.1588442325592041 -0.5
570 -0.4993940591812134 0.08494217693805695 0.49944359064102173
571 -0.49944326281547546 0.2499973028898239 0.4993925988674164
572 0.07231684029102325 0.32017865777015686 -0.5
573 -0.08005921542644501 0.33704760670661926 -0.5
574 0.10679196566343307 0.0 -0.023436661809682846
575 -0.009443176910281181 0.23833481967449188 -0.5
576 0.4994965195655823 0.08845289796590805 -0.49908122420310974
577 0.49944326281547546 0.2499973028898239 -0.4993925988674164
578 0.5000225901603699 0.061731528490781784 0.019018691033124924
579 0.3450183570384979 0.234589621424675 0.5
580 -0.5 0.09709103405475616 -0.009753736667335033
581 -0.3621777892112732 0.0 -0.11364932358264923
582 -0.08391144871711731 -1.5974748635017022e-08 -0.33488979935646057
583 -0.16503149271011353 0.06719713658094406 0.49999335408210754
584 -0.1947854608297348 0.2266911268234253 0.5
585 -0.08552417159080505 0.16890887916088104 0.5
586 -0.500009298324585 0.057023193687200546 0.3068455159664154
587 -0.06667400896549225 0.0 -0.15492644906044006
588 0.11281813681125641 0.0 -0.18982616066932678
589 -0.07333488017320633 0.8265933394432068 -0.5
590 0.16830186545848846 0.06719714403152466 0.49999335408210754
591 0.16118775308132172 0.2405596375465393 0.5
592 0.09799644351005554 0.5117830634117126 -0.5
593 0.1575290560722351 0.0 -0.07639680802822113
594 0.15247897803783417 0.0 0.0771336778998375
595 0.07224397361278534 0.6657487154006958 -0.5
596 -0.11281812936067581 0.643507182598114 -0.5
597 0.11183221638202667 0.0 0.30284592509269714
598 0.4994925260543823 0.0008930033072829247 0.07757654041051865
599 0.4990738034248352 0.000509786419570446 -0.07825932651758194
600 0.5000171065330505 0.06623049080371857 0.3704935312271118
601 0.3400733470916748 0.0 0.07333488762378693
602 -0.1720888912677765 0.0 -0.08032218366861343
603 -0.18373961746692657 0.0 0.10030505806207657
604 -0.08559958636760712 0.0 0.0026815372984856367
605 -0.4993925988674164 0.0005567315965890884 -0.08333602547645569
606 -0.49944326281547546 0.0006073983386158943 0.08333063870668411
607 0.5 0.18057899177074432 -0.06152341514825821
608 -0.07362455129623413 0.0 0.15511734783649445
609 0.11281812936067581 0.0 0.143507182598114
610 0.014403282664716244 0.0 0.4022633731365204
611 -0.2534947991371155 0.998958945274353 -0.4995023012161255
612 0.23739971220493317 1.0 -0.34060993790626526
613 0.5 0.16961784660816193 -0.2510257363319397
614 0.1683630645275116 0.41806894540786743 0.5
615 0.23876389861106873 0.5119197368621826 0.5
616 0.5 0.3177081346511841 -0.2616674602031708
617 0.5 0.5165548920631409 0.4148200452327728
618 0.5 0.4199713468551636 0.004950482398271561
619 0.39241600036621094 0.8545047640800476 -0.5
620 0.5 0.32441914081573486 0.3998231291770935
621 0.5 0.3409159779548645 0.2516404390335083
622 -0.25 0.9996148943901062 0.4987947344779968
623 0.5 0.39345431327819824 0.36293596029281616
624 -0.41261160373687744 0.9990664124488831 0.4994610548019409
625 0.4125075936317444 0.9994336366653442 -0.4993342459201813
626 0.2525450587272644 0.9993495345115662 -0.4994194507598877
627 0.5 0.6533882021903992 0.3983641266822815
628 0.5 0.6691949367523193 0.2538324296474457
629 0.22857172787189484 1.0 -0.025949520990252495
630 0.34044477343559265 2.2418303160520736e-06 0.396668404340744
631 -0.5000001788139343 0.34724563360214233 -0.3948568105697632
632 -0.5 0.35931435227394104 -0.23201389610767365
633 0.39829808473587036 1.0 -0.15381962060928345
634 0.23874011635780334 1.0 -0.15807799994945526
635 -0.5 0.6573522090911865 -0.4004451632499695
636 0.23125626146793365 0.1802777647972107 -0.5
637 -0.5 0.6742492914199829 -0.2516404688358307
638 0.5 0.4858474135398865 0.2589559555053711
639 -0.2515288293361664 0.0006191488355398178 0.4994812309741974
640 -0.40751996636390686 0.0005456777289509773 0.499098002910614
641 0.40488511323928833 1.0 0.15602926909923553
642 0.23874011635780334 1.0 0.17525537312030792
643 0.25485754013061523 0.0005726013332605362 -0.49935445189476013
644 0.41505780816078186 0.0005564186722040176 -0.4993940591812134
645 -0.4055958688259125 0.6584907174110413 0.5
646 -0.23135818541049957 0.6485350131988525 0.5
647 0.3995420038700104 0.3252612352371216 -0.5
648 0.2524546980857849 0.3411813974380493 -0.5
649 0.2494218796491623 0.8317768573760986 0.5
650 0.4999978542327881 0.17695139348506927 0.4279056489467621
651 -0.39951199293136597 0.0 -0.16739565134048462
652 -0.2522662580013275 0.0 -0.16398511826992035
653 -0.3385690450668335 0.0 -0.25523072481155396
654 -0.398174524307251 0.34322890639305115 0.5
655 -0.2407177984714508 0.33112019300460815 0.5
656 -0.5 0.3983176648616791 0.3243606686592102
657 -0.3981744945049286 0.0 0.17656220495700836
658 -0.23135815560817719 0.0 0.14853499829769135
659 -0.22645874321460724 0.4743700921535492 0.5
660 -0.2494218796491623 0.8317768573760986 -0.5
661 0.4048851728439331 0.6560292840003967 -0.5
662 0.23135818541049957 0.6485350131988525 -0.5
663 0.16359612345695496 0.0 0.2526017725467682
664 0.23533686995506287 0.0 0.3451163172721863
665 -0.5 0.4207291901111603 -0.0011218558065593243
666 0.14862437546253204 0.0 0.4166666567325592
667 0.49944135546684265 0.0006906408816576004 0.4125412106513977
668 0.49932804703712463 0.0005717454478144646 0.2540842592716217
669 -0.18428455293178558 0.0 0.25989213585853577
670 -0.30547964572906494 0.39040395617485046 -0.5
671 -0.18470893800258636 0.0 0.4166666567325592
672 -0.4992898404598236 0.0005566030740737915 0.40966734290122986
673 -0.22691121697425842 0.0 0.32031524181365967
674 -0.49942508339881897 0.0006388947367668152 0.2533177435398102
675 -0.44047629833221436 -3.903702599927783e-05 0.35990315675735474
676 -0.5 0.40246641635894775 -0.3490520119667053
677 -0.4386625289916992 0.8586469888687134 0.5000323057174683
678 -0.44522544741630554 1.0000330209732056 0.3028414249420166
679 0.4404732286930084 1.0000483989715576 0.3599160611629486
680 0.3322114944458008 0.4207291901111603 0.5000001192092896
681 -0.24773375689983368 0.9999999403953552 -0.33065178990364075
682 0.41854727268218994 0.9999980330467224 -0.334705114364624
683 -0.5 0.4833787679672241 -0.23362231254577637
684 -0.2508559226989746 1.0 0.0024710195139050484
685 0.4177433252334595 0.9999988079071045 0.0023968557361513376
686 0.2645593285560608 0.660068929195404 0.5
687 0.5 0.6583874821662903 -0.26123106479644775
688 0.2534957826137543 0.00048822956159710884 0.49890655279159546
689 0.5 0.41956859827041626 -0.1695251762866974
690 0.5 0.5086610317230225 -0.23983880877494812
691 0.5 0.4160064160823822 0.16797573864459991
692 0.005219330079853535 0.43064048886299133 -0.5
693 0.26746153831481934 0.8287586569786072 -0.5
694 -0.318930059671402 0.0 0.4022634029388428
695 -0.2650132477283478 1.0 -0.17567630112171173
696 -0.24876953661441803 0.1689453274011612 -0.5
697 -0.2498396784067154 0.0006365692242980003 -0.49936774373054504
698 -0.5 0.34507355093955994 0.26665931940078735
699 -0.4999980032444 0.8319615721702576 -0.4185473322868347
700 -0.2596505284309387 0.32192373275756836 -0.5
701 -0.1720888912677765 0.41967782378196716 0.5
702 -0.5 0.41806891560554504 0.1683630496263504
703 -0.5 0.5024710297584534 0.2508559226989746
704 -0.5 0.6645398736000061 0.2646694481372833
705 -0.22857172787189484 0.0 -0.02594956010580063
706 -0.23453302681446075 0.1597248911857605 0.5
707 -0.4999995529651642 0.5078266859054565 -0.4169681966304779
708 0.4995117783546448 0.42016252875328064 0.49890652298927307
709 -0.5 0.42093926668167114 -0.18333156406879425
710 0.3322114646434784 0.0 0.2540625333786011
711 -0.26166749000549316 1.0 0.15104153752326965
712 0.22857169806957245 0.4740504324436188 -0.5
713 -0.41854730248451233 0.16529488563537598 0.4999980330467224
714 0.41289979219436646 0.1611895114183426 -0.500002384185791
715 0.2597087621688843 0.32178401947021484 0.5
716 0.3627663552761078 0.3880367577075958 -0.5
717 -0.4993925988674164 0.4166639745235443 0.49944326281547546
718 0.5 0.17465680837631226 0.26754996180534363
719 -0.42987602949142456 0.5115057229995728 0.4999958872795105
720 -0.1683630645275116 0.41806894540786743 -0.5
721 -0.2508559226989746 0.5024710297584534 -0.5
722 0.15247897803783417 0.0 -0.2561996579170227
723 0.2650132179260254 0.0 -0.1756763458251953
724 0.4999982714653015 0.8572686910629272 0.4405895173549652
725 0.3444829285144806 0.0 -0.2672608494758606
726 -0.265013188123703 0.6576569676399231 -0.5
727 -0.34477633237838745 0.414538711309433 0.5
728 -0.17027203738689423 0.0 -0.2647938132286072
729 -0.34104859828948975 0.0 0.24886491894721985
730 0.4994273781776428 0.0006455574184656143 -0.25485751032829285
731 0.01799900270998478 0.0 -0.2658998966217041
732 -0.26754996180534363 0.8413234949111938 0.5
733 0.24780915677547455 0.16890889406204224 0.5
734 0.1720888912677765 0.41967782378196716 -0.5
735 -0.49947893619537354 0.0006210794672369957 -0.2499999850988388
736 -0.0011218595318496227 0.0 0.2540625333786011
737 -0.499420702457428 0.4192114770412445 -0.49913981556892395
738 0.2508558928966522 0.0 0.002470974577590823
739 0.5 0.43076226115226746 -0.3230239748954773
740 0.2499999850988388 0.998860776424408 0.4996096193790436
741 -0.0017263609915971756 0.4320542514324188 0.5
742 0.25970879197120667 0.0 0.15511734783649445
743 -0.4185473322868347 1.98880115931388e-06 -0.0013717763358727098
744 0.4994284212589264 0.4192110002040863 -0.49933332204818726
745 0.4177433252334595 0.502396821975708 -0.4999988079071045
746 -0.5 0.16469967365264893 -0.26641520857810974
747 -0.5 0.16524936258792877 0.25016507506370544
748 -0.26077842712402344 0.0 -0.3435283899307251
749 0.2508559226989746 0.0 -0.3308623135089874
750 -0.0015213985461741686 0.9131295084953308 0.5000024437904358
751 -0.5 0.904321014881134 0.012345723807811737
752 0.5 0.9044508934020996 0.32768505811691284
753 0.0015213920269161463 0.9131295084953308 -0.5000024437904358
754 0.5 0.9043209552764893 -0.012345629744231701
755 -0.014403299428522587 1.0 0.4022633731365204
756 0.49944359064102173 0.9150578379631042 -0.4993940591812134
757 -0.3097511827945709 0.8954958319664001 0.5
758 0.34247010946273804 0.9132934808731079 -0.5000022053718567
759 0.5 0.8915680050849915 -0.13710333406925201
760 0.5 0.8932297825813293 0.13820256292819977
761 -0.34044480323791504 0.9999970197677612 0.3966684341430664
762 -0.5 0.9166666269302368 0.148624449968338
763 -0.5 0.9050397872924805 -0.17330537736415863
764 0.15182940661907196 0.9036043286323547 0.5
765 0.4994567930698395 0.9088866710662842 0.4992850124835968
766 -0.32811400294303894 1.0000001192092896 0.26397383213043213
767 -0.1810699850320816 0.9022634029388428 0.5
768 -0.15182940661907196 0.9036043286323547 -0.5
769 -0.4994220435619354 0.9131340980529785 -0.49936002492904663
770 0.17377814650535583 0.8966684341430664 -0.49999621510505676
771 -0.4992973208427429 0.9081341028213501 0.4994546175003052
772 -0.16478309035301208 1.0 0.2531210482120514
773 -0.14720287919044495 1.0 0.3968396484851837
774 -0.49941614270210266 0.9993535280227661 0.41606834530830383
775 -0.4995117783546448 0.9989065527915955 0.2534959018230438
776 0.18470895290374756 1.0 0.4166666567325592
777 -0.499999463558197 0.8882691264152527 0.3649339973926544
778 0.17702333629131317 1.0 0.258339524269104
779 0.49939656257629395 0.9994481801986694 0.24999701976776123
780 0.49940216541290283 0.999140739440918 0.40467095375061035
781 0.49999621510505676 0.899205207824707 -0.337907999753952
782 -0.5 0.9033558964729309 -0.31733930110931396
783 0.33828380703926086 1.0 0.25330474972724915
784 0.004950474947690964 1.0 0.25330469012260437
785 -0.5 0.8286988139152527 0.40283921360969543
786 0.3189300298690796 1.0 0.4022633731365204
787 0.5 0.8183180689811707 0.24356357753276825
788 0.337907999753952 0.899205207824707 0.49999701976776123
789 -0.337907999753952 0.899205207824707 -0.4999977648258209
790 -0.5 0.8011535406112671 0.2925219237804413
791 0.5 0.7819033861160278 0.1226426512002945
792 0.5 0.7837994694709778 -0.027794959023594856
793 0.3584500253200531 0.7877141833305359 0.4999983012676239
794 -0.49998927116394043 0.5397197008132935 0.4523955285549164
795 0.39091432094573975 0.5237874984741211 0.5000030994415283
796 0.4440179467201233 0.54842209815979 0.5000140070915222
797 0.5000035166740417 0.5191081762313843 -0.39131948351860046
798 0.5000072717666626 0.5437890887260437 -0.4485868513584137
799 -0.3584500253200531 0.7877141833305359 -0.4999983012676239
800 0.49999964237213135 0.7832701802253723 -0.360393226146698
801 -0.38771018385887146 0.526248037815094 -0.5000026226043701
802 -0.4440333843231201 0.548413097858429 -0.5000250935554504
803 0.3013841211795807 0.7800434231758118 -0.5
804 0.3733459413051605 0.7944614291191101 -0.5
805 0.5 0.7888658046722412 0.308511883020401
806 0.5000000596046448 0.802266001701355 0.37929341197013855
807 -0.5 0.5724251866340637 -0.39544227719306946
808 -0.5 0.5270035862922668 -0.2798836827278137
809 -0.5 0.7837995290756226 -0.3055383563041687
810 -0.375 0.5416667461395264 0.5
811 -0.27220287919044495 0.5218396782875061 0.5
812 0.39544227719306946 0.5724251866340637 -0.5
813 0.27471357583999634 0.5214745998382568 -0.5
814 0.5 0.5572195649147034 0.277209609746933
815 0.500032365322113 0.7661070823669434 -0.43677741289138794
816 0.5 0.7819033265113831 -0.2106907069683075
817 -0.3013841211795807 0.7800434231758118 0.5
818 -0.37870463728904724 0.8030816912651062 0.5000007152557373
819 0.5 0.5349022746086121 0.3744436800479889
820 0.1376662701368332 0.7975428700447083 0.5
821 -0.13714678585529327 0.7999831438064575 -0.5
822 -0.5 0.5260890126228333 0.12090332806110382
823 -0.02145066298544407 0.7748711109161377 -0.5
824 0.038890182971954346 0.7956262230873108 -0.5
825 0.11016625165939331 0.7974047660827637 -0.5
826 0.02720961719751358 0.7761138677597046 0.5
827 -0.03886745497584343 0.7964627146720886 0.5
828 -0.11016624420881271 0.7974047064781189 0.5
829 -0.5 0.5416666865348816 -0.04166668653488159
830 -0.5 0.5527995228767395 -0.13975192606449127
831 0.5 0.5416666865348816 0.04166668653488159
832 -0.12090332806110382 0.5260890126228333 -0.5
833 0.5 0.5268959999084473 -0.04795069620013237
834 0.0555950328707695 0.5247784852981567 0.5
835 0.1111052930355072 0.519103467464447 0.5
836 0.04166669026017189 0.5416666865348816 -0.5
837 0.13975192606449127 0.5527995228767395 -0.5
838 -0.13975192606449127 0.5527995228767395 0.5
839 -0.04166669026017189 0.5416666865348816 0.5
840 -0.5 0.7848382592201233 0.028660431504249573
841 -0.5 0.7819033861160278 -0.12264261394739151
842 0.2062278687953949 0.7818413972854614 0.5
843 -0.2062278687953949 0.7818413972854614 -0.5
844 -0.5 0.5735521912574768 0.26952823996543884
845 -0.5 0.5540480613708496 0.2107720971107483
846 0.2916666567325592 0.5416666269302368 0.5
847 0.20458176732063293 0.5571689605712891 0.5
848 0.5 0.5416666865348816 -0.2916666865348816
849 0.5 0.5571690201759338 -0.20458176732063293
850 -0.26952823996543884 0.5735521912574768 -0.5
851 -0.2107720971107483 0.5540480613708496 -0.5
852 0.294821172952652 0.3866092562675476 -0.5
853 0.4537288248538971 -1.517168857390061e-05 -0.36791911721229553
854 0.2286505252122879 0.7807349562644958 -0.5
855 0.5 0.27429696917533875 0.3547661006450653
856 0.5 0.2885546088218689 0.2904200851917267
857 -0.3820241093635559 -4.4459375203587115e-06 0.3804037868976593
858 -0.3892843723297119 -2.4549494810344186e-06 0.3094887435436249
859 -0.5 0.7787950038909912 0.3550916016101837
860 -0.5 0.7179695963859558 0.377129465341568
861 0.2864397466182709 1.0 -0.20432934165000916
862 0.3666835427284241 0.30381351709365845 0.5
863 0.290602445602417 1.0 0.1346694678068161
864 -0.29794859886169434 0.30255669355392456 0.5
865 -0.3603403866291046 0.28583550453186035 0.5
866 -0.5 0.3018714189529419 0.03843148797750473
867 -0.37114444375038147 1.0 0.21641875803470612
868 0.36800041794776917 1.0000067949295044 0.44628337025642395
869 -0.5000055432319641 0.7956979274749756 0.45631280541419983
870 -0.5000017881393433 0.9487252235412598 -0.3678058385848999
871 -0.3666835427284241 0.30381351709365845 -0.5
872 -0.38427385687828064 1.0 -0.30201128125190735
873 -0.45147985219955444 0.999992847442627 -0.2170681208372116
874 -0.44363370537757874 1.0000108480453491 -0.28088417649269104
875 -0.44687503576278687 1.0000044107437134 0.11433746665716171
876 -0.45237913727760315 0.9999936819076538 0.03972972184419632
877 -0.3604593873023987 1.000001072883606 -0.3796335458755493
878 -0.5 0.30381351709365845 0.3666835427284241
879 -0.44698187708854675 0.9999943971633911 -0.45286938548088074
880 -0.3806908130645752 1.0000193119049072 -0.44255128502845764
881 -0.3516700565814972 1.0 -0.05165316164493561
882 -0.447531133890152 1.0000041723251343 -0.11369230598211288
883 -0.37664294242858887 1.0 -0.1130814403295517
884 -0.3733459413051605 -6.492750799225178e-07 -0.3722052276134491
885 -0.4528752565383911 1.1004944099113345e-05 -0.446963369846344
886 -0.44016292691230774 -3.138098691124469e-05 -0.37117862701416016
887 0.023590214550495148 -2.910058128691162e-06 -0.3844590187072754
888 0.11358729749917984 6.965739885345101e-06 -0.4513772428035736
889 0.3511655330657959 -8.942943168221973e-07 -0.3865680992603302
890 0.4497474730014801 -5.361289368011057e-06 -0.44648900628089905
891 0.4404621124267578 0.7931771874427795 -0.5000302195549011
892 0.5000123381614685 0.7832609415054321 0.4428471326828003
893 -0.4999855160713196 0.5532543659210205 -0.4543912708759308
894 0.45655757188796997 0.27791473269462585 0.49997806549072266
895 -0.5 0.5377467274665833 -0.20845112204551697
896 0.35559362173080444 0.28514713048934937 -0.5
897 -0.4999936521053314 0.7802395224571228 -0.4513498842716217
898 -0.46056047081947327 0.5563071966171265 0.4999929964542389
899 0.3555343747138977 1.0 0.12127312272787094
900 -0.20903241634368896 0.5334077477455139 0.5
901 0.4543912708759308 0.5532543659210205 -0.4999855160713196
902 0.28737831115722656 1.0 -0.3116936683654785
903 0.20903241634368896 0.5334077477455139 -0.5
904 0.3909143805503845 -1.6488620531163178e-06 0.3571208119392395
905 0.44403335452079773 -2.7001486159861088e-05 0.38174644112586975
906 -0.2764122784137726 0.0 0.35706233978271484
907 0.5 0.5312888026237488 0.21352769434452057
908 0.27471354603767395 1.0 0.021474681794643402
909 -0.5 0.3020521104335785 -0.28515389561653137
910 -0.3943150043487549 -3.362165443832055e-05 -0.43615075945854187
911 -0.45655757188796997 0.27791473269462585 -0.49997806549072266
912 -0.49997806549072266 0.27791476249694824 0.45655757188796997
913 -0.2286505252122879 0.7807349562644958 0.5
914 -0.49999624490737915 0.38695451617240906 0.4504302740097046
915 -0.5 0.3777337074279785 0.3805719017982483
916 0.4444301426410675 0.3948838710784912 0.5000108480453491
917 0.38093435764312744 0.3733398914337158 0.4999999701976776
918 0.360340416431427 1.0 -0.21416445076465607
919 0.5000159740447998 0.39407581090927124 -0.4421384334564209
920 0.5 0.3830853998661041 -0.3711444139480591
921 -0.37360909581184387 1.0 0.1231895387172699
922 0.39544224739074707 1.0 0.0724252313375473
923 0.29888251423835754 1.0 -0.04735177755355835
924 0.28967586159706116 1.0 -0.12337391078472137
925 -0.5 0.29224953055381775 -0.13506270945072174
926 -0.38412386178970337 1.0 -0.2274121344089508
927 -0.3766229450702667 0.37847647070884705 -0.5
928 0.5 0.27109837532043457 -0.3852584958076477
929 0.4999936521053314 0.2802394926548004 -0.45134982466697693
930 -0.4361698031425476 1.0000524520874023 -0.39431676268577576
931 0.3838551342487335 1.0 -0.27916499972343445
932 0.30980679392814636 1.0000017881393433 -0.3788940906524658
933 0.29003164172172546 1.0000156164169312 -0.446304053068161
934 -0.4537278711795807 1.000023365020752 -0.03460593894124031
935 0.28960907459259033 0.28960904479026794 -0.5
936 -0.4495219886302948 0.390201210975647 -0.49999338388442993
937 -0.13268136978149414 2.221982811079215e-07 -0.38687679171562195
938 -0.44281426072120667 0.7836153507232666 0.5000171065330505
939 0.49999943375587463 0.5451599955558777 0.4583521783351898
940 0.5 0.38548365235328674 0.294960618019104
941 -0.5 0.3790043592453003 -0.29039454460144043
942 -0.2894734740257263 0.3774414360523224 0.5
943 0.2916666567325592 0.0 0.3750000298023224
944 0.19315209984779358 0.0 0.38374918699264526
945 0.2805958390235901 0.0 0.2998426854610443
946 0.22238901257514954 0.0 0.2777451276779175
947 -0.38385510444641113 0.0 0.05416831374168396
948 -0.30244767665863037 0.0 -0.048675213009119034
949 -0.03808062896132469 0.37483224272727966 0.5
950 0.5 0.37966230511665344 -0.2903806269168854
951 -0.29558295011520386 0.0 -0.11537658423185349
952 -0.38385510444641113 0.22083495557308197 0.5
953 -0.30980679392814636 0.1211058497428894 0.5000021457672119
954 -0.29002371430397034 0.05371170863509178 0.5000098347663879
955 -0.14018124341964722 0.0 0.38374918699264526
956 -0.05273750424385071 0.0 0.2998426556587219
957 -0.11504684388637543 0.0 0.27773982286453247
958 -0.11515488475561142 0.37108439207077026 0.5
959 -0.5 0.18765799701213837 0.1186632588505745
960 0.5 0.20872609317302704 0.3693855404853821
961 0.5000007748603821 0.1121099442243576 0.3073091208934784
962 0.5000119209289551 0.05667653679847717 0.28788748383522034
963 -0.03781110793352127 0.38308537006378174 -0.5
964 -0.5 0.3899220824241638 0.10994458943605423
965 0.1334472894668579 1.0 0.050480395555496216
966 -0.5 0.3750538229942322 -0.12583144009113312
967 -0.5 0.37764230370521545 0.21702376008033752
968 0.5 0.3793841600418091 -0.11433172971010208
969 0.5 0.37008026242256165 0.12045389413833618
970 0.21287941932678223 0.37008023262023926 0.5
971 0.2708333134651184 0.3958333432674408 0.5
972 0.5 0.36666983366012573 -0.21805386245250702
973 -0.5000056624412537 0.04367092251777649 -0.03762511909008026
974 0.06598155945539474 1.0 0.07290896773338318
975 -0.19559544324874878 0.2999016344547272 -0.5
976 -0.3016100227832794 0.27972540259361267 -0.5
977 0.20235978066921234 0.29148751497268677 0.5
978 0.3111322820186615 0.28793972730636597 0.5
979 -0.5 0.29903122782707214 0.1978258639574051
980 -0.29490184783935547 0.0 0.1352047622203827
981 0.11866327375173569 0.0 -0.3123420178890228
982 -0.26735177636146545 1.0 -0.2604243755340576
983 0.11515488475561142 0.37108439207077026 -0.5
984 0.1078333929181099 0.39411595463752747 0.5
985 0.0397130511701107 0.38563188910484314 0.5
986 0.2882334291934967 0.19362087547779083 -0.5
987 0.5 0.29257526993751526 -0.19879363477230072
988 -0.4999936521053314 0.04865015298128128 0.1135728508234024
989 -0.22435525059700012 0.3765196204185486 -0.5
990 0.06186644360423088 0.0 0.3524352014064789
991 -0.2768433690071106 0.19533228874206543 0.5
992 -0.360340416431427 0.0 0.11916884034872055
993 -0.11630958318710327 0.0 -0.12235766649246216
994 -0.27471354603767395 0.0 0.021474629640579224
995 -0.5 0.2798837125301361 -0.02700357884168625
996 0.3584500253200531 1.7082611520891078e-06 -0.04561915248632431
997 -0.1998860239982605 1.0 -0.28285297751426697
998 -0.49999943375587463 0.9491699934005737 -0.029285909608006477
999 0.37664297223091125 0.0 -0.11308147013187408
1000 -0.2157420516014099 1.0 -0.3854316174983978
1001 -0.5 0.8549730181694031 -0.28737831115722656
1002 0.06098167970776558 0.0638493001461029 -0.5000336170196533
1003 -0.5 0.8837491869926453 0.19315214455127716
1004 -0.5 0.3958333730697632 -0.0625000149011612
1005 0.37664294242858887 0.05371171236038208 0.5000098347663879
1006 -0.4474106431007385 0.0532299280166626 -0.5000136494636536
1007 -0.03843148425221443 1.0 0.13520480692386627
1008 -0.5 0.7818043231964111 0.21644015610218048
1009 0.5 0.3018713891506195 -0.03843148425221443
1010 -0.1334473043680191 0.0 0.05048033967614174
1011 0.5 0.29224950075149536 0.13506270945072174
1012 -0.12408275902271271 0.0 0.12520956993103027
1013 0.022201040759682655 1.0 0.12127311527729034
1014 0.11286243051290512 0.0 -0.12363773584365845
1015 0.04799315333366394 -3.242461389163509e-05 -0.44166556000709534
1016 -0.04758255183696747 1.0 -0.1946612298488617
1017 -0.10511620342731476 0.055569879710674286 0.5000107884407043
1018 0.3878716230392456 -2.8027766347804572e-06 0.021758269518613815
1019 0.4565849006175995 2.589639916550368e-05 0.11126573383808136
1020 0.4485868513584137 -7.278009434230626e-06 0.04378904029726982
1021 -0.2842579483985901 0.0 -0.21876494586467743
1022 0.49998968839645386 0.048491448163986206 -0.116278737783432
1023 -0.5 0.12771527469158173 -0.11577894538640976
1024 0.4523955285549164 0.20638635754585266 0.49998927116394043
1025 0.03172331303358078 1.0 -0.22027455270290375
1026 -0.1020587608218193 1.0 -0.3956049978733063
1027 0.5000003576278687 0.12657128274440765 0.039690181612968445
1028 0.5 0.12779362499713898 0.11376973986625671
1029 0.5 0.3958333730697632 0.06250002235174179
1030 -0.02226029336452484 0.28514713048934937 0.5
1031 0.10511618107557297 1.0000114440917969 -0.4444301128387451
1032 0.5 0.2798837125301361 0.02700357884168625
1033 0.5 0.12150434404611588 -0.10428912937641144
1034 -0.5 0.8603368997573853 0.053449686616659164
1035 -0.5000012516975403 0.9583673477172852 0.12151847034692764
1036 0.5 0.3779717683792114 -0.05484972149133682
1037 -0.4523955285549164 0.20638635754585266 -0.49998927116394043
1038 -0.045099928975105286 1.0 0.026954246684908867
1039 -0.49998927116394043 0.20638635754585266 0.4523954689502716
1040 -0.053449638187885284 1.0 -0.30632975697517395
1041 -0.1096058264374733 1.0 -0.20047512650489807
1042 -0.12742243707180023 1.0 -0.29550880193710327
1043 -0.04483601450920105 0.28617534041404724 -0.5
1044 -0.5000008344650269 0.20882290601730347 -0.38821926712989807
1045 -0.49999991059303284 0.13301612436771393 -0.3691540062427521
1046 -0.1355074793100357 0.0 -0.20316576957702637
1047 0.03843148797750473 0.0 0.1352047473192215
1048 -0.5000110864639282 0.05906517431139946 -0.4532037675380707
1049 -0.022201044484972954 0.0 0.12127305567264557
1050 0.13773788511753082 1.0 -0.20009833574295044
1051 -0.4537288546562195 0.13208086788654327 -0.5000151991844177
1052 -0.027126014232635498 1.000002145767212 -0.3796335458755493
1053 -0.11391332745552063 0.9999890923500061 -0.4529716670513153
1054 -0.047349028289318085 1.0000290870666504 -0.44256675243377686
1055 -0.5000248551368713 0.9527338147163391 -0.2114943563938141
1056 0.12801089882850647 0.9999999403953552 -0.38271448016166687
1057 0.05452956259250641 0.0 0.02195781096816063
1058 -0.5 0.36851224303245544 0.05231723561882973
1059 0.10446248203516006 1.0 -0.2605353891849518
1060 0.03843149542808533 0.0 -0.1981285810470581
1061 -0.5000151991844177 0.13208086788654327 0.4537287950515747
1062 0.5000002384185791 0.11428309977054596 -0.02738252840936184
1063 0.500010073184967 0.055766791105270386 -0.047430459409952164
1064 0.5000054240226746 0.05417945235967636 0.12141456454992294
1065 -0.5 0.20964768528938293 -0.03934984281659126
1066 -0.31503769755363464 1.0 -0.21642030775547028
1067 -0.5 0.11850035935640335 0.04249097406864166
1068 0.4537288546562195 0.13208086788654327 0.5000151991844177
1069 -0.11840556561946869 0.2860386073589325 -0.5
1070 -0.5 0.28583550453186035 0.306326299905777
1071 0.21664999425411224 0.0 -0.3845236599445343
1072 -0.3516700267791748 0.11501342058181763 -0.5000038743019104
1073 -0.37663501501083374 0.05369593948125839 -0.5000155568122864
1074 0.04520341008901596 1.0 -0.2797931730747223
1075 0.3516699969768524 0.11501340568065643 0.5000046491622925
1076 -0.10713503509759903 0.3939719796180725 -0.5
1077 0.4474106729030609 0.053229931741952896 0.5000136494636536
1078 -0.2092505842447281 1.0 -0.20812374353408813
1079 0.3666835129261017 0.0 0.13714681565761566
1080 -0.10501330345869064 1.0 -0.06136753410100937
1081 -0.22778429090976715 1.0000118017196655 -0.44444191455841064
1082 -0.5000008940696716 0.1134318932890892 0.3511655330657959
1083 -0.5000053644180298 0.053510986268520355 0.4497475028038025
1084 0.5000017881393433 0.1929147094488144 -0.3877101540565491
1085 0.13506270945072174 0.29224950075149536 -0.5
1086 0.5000256299972534 0.21507975459098816 -0.44403335452079773
1087 -0.2253579944372177 1.0 -0.12315963953733444
1088 0.13037247955799103 1.0 0.12549564242362976
1089 0.03808062896132469 0.37483224272727966 -0.5
1090 -0.02955486811697483 1.0 -0.04731634259223938
1091 -0.04422810673713684 1.0 -0.11535964906215668
1092 0.10897808521986008 1.0 -0.12348035722970963
1093 0.11749019473791122 1.0 -0.05479240417480469
1094 -0.13569627702236176 0.13125915825366974 -0.5000001192092896
1095 0.11544505506753922 0.0 0.031509045511484146
1096 -0.4999970495700836 0.2087031900882721 -0.44971588253974915
1097 -0.31107306480407715 1.0 0.11848053336143494
1098 0.44582056999206543 -5.4040137911215425e-06 -0.12141452729701996
1099 -0.11749020218849182 0.0 -0.054792437702417374
1100 -0.19879363477230072 1.0 0.12590864300727844
1101 -0.2107720822095871 1.0 0.0540480762720108
1102 0.4523955285549164 1.0740506695583463e-05 -0.29361361265182495
1103 0.4469025135040283 -6.71928864903748e-06 -0.21898305416107178
1104 0.051683731377124786 0.0 -0.12721090018749237
1105 0.02875513583421707 0.0 -0.04395488277077675
1106 -0.2167045921087265 1.0 -0.053930964320898056
1107 0.4999990165233612 0.1204536184668541 -0.3608512282371521
1108 0.4999772310256958 0.045465048402547836 -0.44830578565597534
1109 -0.11134624481201172 -1.5018558769952506e-05 -0.444444864988327
1110 0.5000064373016357 0.053555361926555634 -0.37558090686798096
1111 0.048797305673360825 0.28408196568489075 0.5
1112 0.12227735668420792 0.2881968915462494 0.5
1113 0.1102152019739151 0.12364328652620316 -0.5000008344650269
1114 0.11981060355901718 0.052888281643390656 -0.5000006556510925
1115 -0.4527922570705414 -2.3122236598283052e-05 -0.20901720225811005
1116 -0.4492834508419037 -3.742941771633923e-05 -0.2867645025253296
1117 -0.30688533186912537 0.0 -0.3840008080005646
1118 0.4999994933605194 0.13733263313770294 0.37446561455726624
1119 0.5 0.28357964754104614 -0.31503766775131226
1120 -0.026447976008057594 0.11599919199943542 -0.5
1121 0.027263393625617027 0.2772634029388428 -0.5
1122 -0.05470507591962814 0.052032213658094406 -0.5000014305114746
1123 0.04058767855167389 0.13205190002918243 -0.5000001192092896
1124 -0.050521764904260635 0.0 -0.27916502952575684
1125 -0.13555744290351868 0.28666040301322937 0.5
1126 0.023526541888713837 0.1211058497428894 0.5000021457672119
1127 0.11361783742904663 0.05057678744196892 0.49999839067459106
1128 0.04330964758992195 0.05371170490980148 0.5000098347663879
1129 -0.12801089882850647 0.11728551983833313 0.5
1130 -0.06598155945539474 0.0 0.0729089304804802
1131 -0.26952823996543884 1.0 0.07355225086212158
1132 0.10379890352487564 0.0 -0.3805652856826782
1133 0.12430091947317123 0.0 0.3667411506175995
1134 0.1397390514612198 0.11574868857860565 0.5
1135 -0.2786282002925873 -1.4497782103717327e-06 -0.4479678273200989
1136 -0.04166668280959129 0.0 0.3750000298023224
1137 0.3736090660095215 0.0 -0.21014386415481567
1138 0.39544224739074707 0.23909184336662292 -0.5
1139 0.2918532192707062 0.12976792454719543 -0.5
1140 0.29480066895484924 0.06056773290038109 -0.5000327825546265
1141 0.37116408348083496 0.045490510761737823 -0.5000140070915222
1142 0.23337028920650482 0.40153536200523376 -0.5
1143 0.3852807283401489 -3.543772254488431e-05 0.43764063715934753
1144 -0.5 0.620741605758667 -0.35500288009643555
1145 -0.37664297223091125 0.7202518582344055 -0.5
1146 0.4999854266643524 0.9493231177330017 -0.4513765871524811
1147 -0.29490184783935547 0.6352047324180603 0.5
1148 0.39687401056289673 1.0 0.23086880147457123
1149 0.5000051856040955 0.6206817030906677 -0.4466073513031006
1150 0.5000084638595581 0.29258212447166443 0.45607203245162964
1151 0.2772633731365204 1.0 0.36059674620628357
1152 -0.4525934159755707 0.2999385893344879 0.5000190138816833
1153 0.284976601600647 0.9494346380233765 -0.49999719858169556
1154 0.4498652219772339 0.9999948143959045 -0.28008580207824707
1155 0.37664297223091125 0.7202518582344055 0.5
1156 0.12727174162864685 0.2098177820444107 -0.5
1157 -0.5 0.7199426293373108 0.038512177765369415
1158 0.22821715474128723 0.055569883435964584 0.5000107884407043
1159 0.19879363477230072 0.0 0.12590858340263367
1160 0.3111322820186615 0.0 0.12127307057380676
1161 -0.5000003576278687 0.28378844261169434 -0.36675384640693665
1162 -0.5 0.7092494964599609 0.2064763605594635
1163 0.5 0.18786540627479553 -0.11774914711713791
1164 -0.5 0.7131311297416687 -0.11237728595733643
1165 -0.500010073184967 0.055766794830560684 -0.28590282797813416
1166 0.4999997913837433 0.8646553754806519 -0.38427382707595825
1167 0.5000123381614685 0.8857825994491577 -0.4436337351799011
1168 -0.3764478862285614 0.8805497884750366 0.5000013709068298
1169 -0.5 0.1396092176437378 -0.05203493312001228
1170 0.43913984298706055 0.37744972109794617 -0.5000365376472473
1171 -0.21760721504688263 0.0 -0.30201131105422974
1172 0.38528478145599365 0.9376565217971802 0.5000494122505188
1173 -0.122933030128479 1.0000079870224 0.4561697840690613
1174 -0.20065197348594666 0.11312320828437805 -0.4999998211860657
1175 -0.3877101540565491 0.8595814108848572 -0.5000010132789612
1176 -0.5000033378601074 0.052487969398498535 -0.11369902640581131
1177 -0.5 0.11547631770372391 0.21664999425411224
1178 -0.3852807581424713 0.9376406073570251 -0.5000354647636414
1179 0.20532242953777313 0.11728553473949432 0.5
1180 -0.5 0.22083498537540436 0.28281158208847046
1181 -0.2219870686531067 0.05555511265993118 -0.5000150203704834
1182 -0.4512510299682617 0.9466283917427063 -0.4999980628490448
1183 0.2267710119485855 -1.8708138668444008e-05 -0.4447000324726105
1184 -0.05484972149133682 1.0 0.211305171251297
1185 -0.29398348927497864 1.0 0.37631434202194214
1186 0.5 0.240218847990036 -0.26952823996543884
1187 0.49999889731407166 0.9480622410774231 -0.30763623118400574
1188 0.38942864537239075 1.0000017881393433 0.3047499358654022
1189 -0.451916366815567 0.37326306104660034 0.49999144673347473
1190 0.4440334141254425 0.8817464709281921 0.5000275373458862
1191 -0.3855244219303131 0.47152581810951233 0.5
1192 0.5000101923942566 0.9561684131622314 -0.04371216893196106
1193 -0.5 0.4583333134651184 -0.37373852729797363
1194 0.2107720822095871 0.0 0.05404803156852722
1195 0.03760606795549393 0.20929299294948578 -0.5
1196 -0.06380510330200195 0.2402188628911972 0.5
1197 0.5000007748603821 0.8809877038002014 0.38108059763908386
1198 0.5000184774398804 0.364740252494812 0.4434993267059326
1199 0.3820241391658783 1.0000053644180298 0.3804037868976593
1200 0.5 0.6180589199066162 0.2893829345703125
1201 -0.36033689975738525 0.6132170557975769 0.5
1202 -0.5 0.4572676718235016 -0.3025098145008087
1203 0.4999912679195404 0.0472380556166172 -0.22340349853038788
1204 0.5 0.4417506158351898 0.30726176500320435
1205 0.14018122851848602 1.0 0.38374921679496765
1206 0.5 0.4069000780582428 0.23279215395450592
1207 -0.027007076889276505 0.0 -0.21416449546813965
1208 -0.5000027418136597 0.8913416266441345 -0.3877040147781372
1209 0.5000001788139343 0.6392893195152283 -0.3784238398075104
1210 0.5 0.8875016570091248 -0.28281155228614807
1211 -0.27815404534339905 0.7089926600456238 0.5
1212 -0.5 0.8863299489021301 -0.11788138747215271
1213 -0.4487674832344055 -7.929418643470854e-06 0.2871520519256592
1214 -0.2893276810646057 0.953332245349884 0.5000201463699341
1215 0.029925797134637833 1.0000078678131104 0.44646355509757996
1216 0.5 0.7275044322013855 0.3943925201892853
1217 0.2167045921087265 0.0 -0.053931012749671936
1218 0.4513498544692993 0.9999936819076538 -0.05309377610683441
1219 0.2894734740257263 1.0 0.21077479422092438
1220 -0.23037821054458618 0.2407752424478531 -0.5
1221 -0.3852848410606384 1.000049352645874 0.43765661120414734
1222 0.5 0.2916666567325592 0.20994828641414642
1223 -0.36239904165267944 0.9415826201438904 0.5000144243240356
1224 -0.10561421513557434 1.0 0.27638810873031616
1225 -0.49998989701271057 0.3687090575695038 -0.45170271396636963
1226 0.21971550583839417 0.9999983906745911 -0.449423223733902
1227 0.5 0.7407087683677673 -0.09777401387691498
1228 0.26952823996543884 0.2402188628911972 0.5
1229 -0.44578802585601807 0.711929440498352 -0.5000080466270447
1230 0.29490184783935547 0.6352047324180603 -0.5
1231 0.44578802585601807 0.711929440498352 0.5000080466270447
1232 0.12583144009113312 1.0 0.20838719606399536
1233 -0.5000044107437134 0.6143374443054199 0.44687503576278687
1234 -0.30684372782707214 1.0000085830688477 0.44551318883895874
1235 0.4513498842716217 0.6135728359222412 0.4999936521053314
1236 0.05273750051856041 1.0 0.2998427450656891
1237 -0.22992223501205444 0.4013180434703827 0.5
1238 -0.5 0.29063868522644043 -0.21587467193603516
1239 -0.5000151991844177 0.46541422605514526 0.4537288248538971
1240 -0.12839815020561218 0.22166426479816437 0.5
1241 0.4999998211860657 0.7171193361282349 -0.37704840302467346
1242 -0.5 0.18441028892993927 -0.21697235107421875
1243 -0.4513498842716217 0.6135728359222412 -0.4999936521053314
1244 -0.28812992572784424 0.2202068269252777 -0.5
1245 0.4512510597705841 1.945896656252444e-06 0.4466283917427063
1246 0.2742999792098999 0.8883277177810669 -0.5000027418136597
1247 0.38093438744544983 0.0 0.20667320489883423
1248 0.231610968708992 1.0 -0.09775147587060928
1249 -0.39091435074806213 1.0000017881393433 0.3571208715438843
1250 0.2868750989437103 1.0 0.28511762619018555
1251 0.2253579944372177 0.0 -0.12315966933965683
1252 0.27815404534339905 0.7089926600456238 -0.5
1253 0.5000523328781128 0.9391462802886963 -0.384134441614151
1254 -0.5 0.45001670718193054 0.3556252121925354
1255 0.5 0.7384485006332397 0.26828625798225403
1256 -0.5000274181365967 0.05778604745864868 0.04303069785237312
1257 0.26952823996543884 0.0 0.0735521912574768
1258 0.4999985098838806 0.10822616517543793 -0.23159679770469666
1259 -0.5 0.6231895089149475 0.37360909581184387
1260 -0.5 0.7216642498970032 -0.2950648367404938
1261 0.5 0.8877608776092529 0.05744533985853195
1262 0.31107306480407715 0.0 -0.21485285460948944
1263 -0.2896106243133545 -6.1301179812289774e-06 0.4561532735824585
1264 -0.28101611137390137 0.0 0.20184558629989624
1265 0.2099372297525406 1.0 -0.2119976282119751
1266 0.24015510082244873 1.0 -0.2684904932975769
1267 0.4444369077682495 -2.006292197620496e-05 0.22819626331329346
1268 0.5000114440917969 0.9437961578369141 -0.19057713449001312
1269 0.5 0.2098177820444107 0.12727174162864685
1270 0.49998483061790466 0.9543489217758179 0.13683879375457764
1271 -0.44403335452079773 0.8817465901374817 -0.500027060508728
1272 -0.49999281764030457 0.04852018132805824 -0.2170681655406952
1273 0.19359427690505981 1.0 -0.38425132632255554
1274 -0.5000004768371582 0.11068066209554672 -0.3076917231082916
1275 0.2104150652885437 1.0 0.12692201137542725
1276 0.2066752016544342 1.0 0.033634405583143234
1277 -0.28129842877388 1.0 0.3062759339809418
1278 0.3555343747138977 0.6212731003761292 -0.5
1279 0.45259249210357666 1.0000282526016235 -0.20008103549480438
1280 -0.358066588640213 0.4507676959037781 -0.4999972879886627
1281 -0.5 0.11950375884771347 0.10578687489032745
1282 -0.12071163207292557 0.1883063018321991 -0.5
1283 0.3852585256099701 0.604431688785553 0.5
1284 -0.19763703644275665 -1.3436289236778975e-07 -0.36874082684516907
1285 -0.11667688935995102 0.0 -0.27691829204559326
1286 -0.21801932156085968 1.0 0.20663681626319885
1287 0.211837500333786 0.9999968409538269 0.45836859941482544
1288 0.45441004633903503 0.9999741315841675 0.053261905908584595
1289 0.2101435661315918 0.22170059382915497 0.5
1290 -0.20845112204551697 0.0 0.3710801303386688
1291 0.5 0.22116369009017944 0.037360433489084244
1292 0.5 0.8830355405807495 0.20885077118873596
1293 0.4516736567020416 1.0000261068344116 0.12446219474077225
1294 0.4472971260547638 1.0000067949295044 -0.12204527109861374
1295 -0.5 0.2098177820444107 -0.12727172672748566
1296 -0.3852585256099701 0.604431688785553 -0.5
1297 -0.047950711101293564 1.0 0.3602293133735657
1298 -0.28460562229156494 0.4515328109264374 0.5
1299 0.302447646856308 0.45132479071617126 -0.5
1300 -0.36800041794776917 -6.542242772411555e-06 0.44628340005874634
1301 0.5000002980232239 0.12292934954166412 -0.29776880145072937
1302 0.45167458057403564 0.29114821553230286 -0.5000273585319519
1303 0.20994828641414642 0.2916666567325592 -0.5
1304 0.5 0.22071470320224762 -0.2107720822095871
1305 0.37558090686798096 -6.437992851715535e-06 -0.44644469022750854
1306 0.26952823996543884 0.0 -0.259781152009964
1307 0.451244980096817 0.946647047996521 0.5000027418136597
1308 0.3971865177154541 0.7308176159858704 -0.5
1309 -0.19842126965522766 0.2874634265899658 0.5
1310 0.09426495432853699 0.22968284785747528 0.5
1311 0.3847368061542511 0.9546352624893188 -0.49998408555984497
1312 0.19879364967346191 0.0 -0.20742473006248474
1313 0.04595499485731125 0.1883063018321991 0.5
1314 -0.3971865177154541 0.7308176159858704 0.5
1315 -0.5 0.6246998310089111 -0.29073867201805115
1316 0.43861982226371765 1.0000520944595337 -0.4443128705024719
1317 0.5 0.46572616696357727 0.3737117052078247
1318 0.3877101540565491 0.8595814108848572 0.5000007748603821
1319 0.45147979259490967 0.999992847442627 -0.3837348222732544
1320 0.12127304822206497 0.8555343151092529 0.5
1321 -0.193594291806221 0.11574868112802505 0.5
1322 -0.5 0.44440653920173645 -0.11504685133695602
1323 0.1219664216041565 0.9515730142593384 0.5000252723693848
1324 -0.4513498842716217 6.347028829623014e-06 -0.0530938096344471
1325 -0.1148100420832634 0.4482516646385193 0.5
1326 -0.43913981318473816 -3.65538289770484e-05 -0.12255027145147324
1327 -0.5 0.46255868673324585 0.11863747984170914
1328 -0.5 0.610596776008606 -0.02726338617503643
1329 -0.03843148797750473 0.6352047324180603 -0.5
1330 -0.11796409636735916 0.8779314160346985 0.5000001788139343
1331 -0.053294871002435684 0.47330448031425476 0.5
1332 -0.23337030410766602 0.0 -0.09846463054418564
1333 -0.11863747984170914 0.46255868673324585 -0.5
1334 0.12338504195213318 0.625 0.5
1335 -0.4498463273048401 2.1385167201515287e-06 0.05324064940214157
1336 0.44648903608322144 0.0502525232732296 -0.5000053644180298
1337 0.5 0.4665093719959259 0.05273750424385071
1338 -0.05325428396463394 0.954391360282898 -0.4999855160713196
1339 0.1148100420832634 0.4482516646385193 -0.5
1340 0.12762615084648132 0.45867595076560974 0.5
1341 -0.5 0.6289156079292297 -0.13484513759613037
1342 -0.45147982239723206 0.11626516282558441 0.4999927878379822
1343 -0.4525934159755707 -1.9038488972000778e-05 0.13327191770076752
1344 0.499997079372406 0.9491889476776123 0.029279612004756927
1345 -0.5000064373016357 0.05355535075068474 0.3755808472633362
1346 0.5 0.6127817630767822 0.026568254455924034
1347 0.5 0.4431270956993103 0.10900010168552399
1348 0.21974606812000275 0.04862276464700699 -0.4999930262565613
1349 -0.12583144009113312 0.0 0.20838715136051178
1350 -0.5 0.11587615311145782 -0.2274121642112732
1351 -0.12148859351873398 0.7067997455596924 0.5
1352 -0.13658082485198975 5.163106834515929e-06 0.4498652517795563
1353 0.5 0.4439569413661957 -0.10730081051588058
1354 -0.0625000149011612 0.0 0.2291666716337204
1355 -0.5000097751617432 0.05532560870051384 0.22678619623184204
1356 0.5 0.11587615311145782 0.22741219401359558
1357 0.053261831402778625 0.9544100165367126 0.4999741315841675
1358 -0.06506368517875671 0.9345059394836426 0.5000015497207642
1359 -0.12127304822206497 0.8555343151092529 -0.5
1360 0.23043780028820038 0.11054372787475586 -0.5
1361 0.5 0.8619989156723022 -0.056489963084459305
1362 -0.131999671459198 0.9462833404541016 0.5000053644180298
1363 -0.5 0.6250000596046448 0.12338501960039139
1364 0.043722715228796005 -6.130016117822379e-06 0.4561533033847809
1365 -0.2066752016544342 0.0 0.033634353429079056
1366 -0.04842263460159302 0.7048766613006592 -0.5
1367 -0.5 0.6229424476623535 0.04372427985072136
1368 0.03854341059923172 0.7171153426170349 0.5
1369 0.10930360108613968 0.0 0.22520458698272705
1370 0.027003586292266846 0.6132169961929321 -0.5
1371 0.05231722816824913 0.0 0.20184557139873505
1372 0.06506367027759552 0.9345058798789978 -0.5000013113021851
1373 -0.43861448764801025 0.05566830188035965 0.5000520944595337
1374 0.1354128122329712 0.9454489946365356 -0.5000118017196655
1375 0.45463529229164124 0.1152631938457489 -0.49998408555984497
1376 0.5 0.45801880955696106 -0.047960441559553146
1377 0.49998968839645386 0.0484914593398571 0.2170546054840088
1378 0.5 0.6246998310089111 -0.04259468615055084
1379 0.043724268674850464 0.6229423880577087 0.5
1380 -0.12846408784389496 0.6290163993835449 0.5
1381 0.12151841819286346 -1.253079972229898e-06 0.458367258310318
1382 -0.12198459357023239 0.9515730142593384 -0.5000289678573608
1383 0.053294871002435684 0.47330448031425476 -0.5
1384 0.5 0.6308051943778992 0.1394667774438858
1385 0.5000198483467102 0.05245062708854675 0.44484975934028625
1386 0.0986420139670372 0.7401490211486816 0.5
1387 -0.21971549093723297 0.050576794892549515 0.49999839067459106
1388 0.12846407294273376 0.6290164589881897 -0.5
1389 -0.029932158067822456 -5.725178198190406e-06 0.44644448161125183
1390 0.12148859351873398 0.7067998051643372 -0.5
1391 0.11796408891677856 0.8779314160346985 -0.5000001788139343
1392 -0.5 0.46650931239128113 -0.05273750424385071
1393 -0.11175341159105301 0.7075755596160889 -0.5
1394 0.5 0.6250000596046448 -0.12338501960039139
1395 0.5000215768814087 0.1133129671216011 0.43805408477783203
1396 0.5000141859054565 0.9533155560493469 -0.12267117947340012
1397 -0.027263391762971878 0.6105967164039612 0.5
1398 -0.19594621658325195 0.9491889476776123 -0.499997079372406
1399 -0.5 0.8710801005363464 0.12488224357366562
1400 -0.5 0.88750159740448 -0.05052173510193825
1401 -0.5 0.8963495492935181 -0.23906835913658142
1402 -0.22590024769306183 0.7100955247879028 -0.5
1403 -0.5 0.7400251030921936 0.0948634222149849
1404 -0.5 0.44606897234916687 0.21670454740524292
1405 -0.043723154813051224 1.0000120401382446 0.4561850130558014
1406 -0.21718840301036835 0.8875016570091248 -0.5
1407 0.21287943422794342 0.0 0.20341362059116364
1408 -0.499997079372406 0.9491889476776123 -0.13738706707954407
1409 -0.2742999792098999 0.0 -0.2783389091491699
1410 0.5 0.47773978114128113 -0.285147100687027
1411 0.13657395541667938 0.9999978542327881 0.4498463273048401
1412 0.4999929964542389 0.2229738086462021 0.46056047081947327
1413 -0.5 0.2209811508655548 0.21554094552993774
1414 0.5 0.18762068450450897 0.21548068523406982
1415 0.5 0.6132169961929321 -0.30632972717285156
1416 0.1959526091814041 0.9491700530052185 0.49999943375587463
1417 0.21077211201190948 0.0 -0.2792853116989136
1418 0.5 0.8861814737319946 -0.21043400466442108
1419 0.11504683643579483 1.0 0.27773991227149963
1420 0.22590024769306183 0.7100955247879028 0.5
1421 -0.11433173716068268 1.0 0.21271753311157227
1422 0.0625000149011612 1.0 0.22916671633720398
1423 0.2708333432674408 0.0 0.2291666865348816
1424 0.1980075240135193 0.6281479597091675 0.5
1425 0.5 0.721664309501648 -0.03826850280165672
1426 -0.3969450294971466 0.0 -0.23620973527431488
1427 0.3076288104057312 0.9480434656143188 0.500002384185791
1428 0.4543912708759308 0.21992096304893494 -0.4999855160713196
1429 -0.5000342726707458 0.9506425261497498 -0.2845343351364136
1430 -0.3076288104057312 0.9480434060096741 -0.5000020265579224
1431 -0.4498463273048401 0.21990731358528137 0.4999978542327881
1432 0.20845110714435577 1.0 0.37108010053634644
1433 0.5 0.7128757834434509 -0.219973623752594
1434 -0.21740229427814484 1.0 0.2920025587081909
1435 -0.5 0.62482088804245 0.20235981047153473
1436 -0.20612969994544983 1.0 0.3738546073436737
1437 0.28281158208847046 0.8875016570091248 0.5
1438 -0.21670454740524292 0.44606897234916687 -0.5
1439 0.2805958390235901 0.46650931239128113 0.5
1440 -0.28281155228614807 0.88750159740448 -0.5
1441 -0.5000061392784119 0.956153392791748 0.04372277483344078
1442 -0.31503769755363464 0.6169130802154541 -0.5
1443 -0.04796046018600464 1.0 0.29135212302207947
1444 0.5 0.7128758430480957 0.1133597269654274
1445 0.19675250351428986 5.1629976951517165e-06 0.4498652517795563
1446 0.0416666641831398 1.0 0.3750000298023224
1447 -0.21695011854171753 0.0 -0.22545523941516876
1448 -0.5 0.6184805035591125 0.31107303500175476
1449 -0.19879363477230072 0.6259085536003113 -0.5
1450 0.2231985330581665 0.44484904408454895 0.5
1451 0.30960434675216675 0.6097456216812134 0.5
1452 0.21718840301036835 0.8875016570091248 0.5
1453 0.30684372782707214 -8.243230695370585e-06 0.44551321864128113
1454 0.5 0.6281480193138123 -0.19800753891468048
1455 0.5 0.4372008740901947 -0.23721714317798615
1456 -0.49999552965164185 0.8800826668739319 -0.4497488737106323
1457 0.4497475028038025 0.9464890360832214 -0.5000053644180298
1458 -0.5000033378601074 0.7196342945098877 0.44751203060150146
1459 -0.5000336766242981 0.7104609608650208 -0.4401429295539856
1460 -0.21181492507457733 -1.2526506907306612e-06 0.45836731791496277
1461 0.21900157630443573 0.7127174735069275 -0.5
1462 0.2895996868610382 1.0000079870224 0.4561697840690613
1463 0.4451535642147064 1.0000113248825073 0.2831290066242218
1464 0.5000033378601074 0.4696342647075653 0.44751203060150146
1465 -0.5 0.4468265175819397 -0.44854041934013367
1466 -0.49999484419822693 0.9498652219772339 0.19675259292125702
1467 -0.45149490237236023 0.706522524356842 0.4999934434890747
1468 -0.5000272393226624 0.9424887299537659 0.3848876357078552
1469 0.2174677699804306 0.9391462802886963 -0.5000523328781128
1470 -0.4486912786960602 0.4496256709098816 0.4999999701976776
1471 -0.451972097158432 7.75595981394872e-06 0.20909158885478973
1472 0.5000161528587341 0.9524807333946228 0.2887819707393646
1473 0.5000171661376953 0.9423746466636658 0.21043621003627777
1474 -0.19659879803657532 1.0000057220458984 0.4464445114135742
1475 0.4514791667461395 0.9999962449073792 0.20653203129768372
1476 0.5 0.6056210994720459 0.2151482105255127
1477 -0.5 0.7407087683677673 -0.23555931448936462
1478 -0.4560016691684723 0.628532350063324 0.5000070333480835
1479 -0.5 0.8753927946090698 0.2972812056541443
1480 -0.5000227689743042 0.8771365880966187 0.44012653827667236
1481 0.45149490237236023 0.706522524356842 -0.4999934434890747
1482 0.5 0.46619388461112976 0.2063300758600235
1483 -0.5000273585319519 0.6244814991950989 -0.45167458057403564
1484 -0.22788295149803162 0.0 0.2167150229215622
1485 -0.4999980330467224 0.9466283917427063 0.4512510597705841
1486 0.45167458057403564 0.6244814991950989 -0.5000273585319519
1487 -0.21900159120559692 0.7127174735069275 0.5
1488 -0.21040032804012299 0.9561697244644165 0.5000079870223999
1489 0.5 0.711702823638916 0.21805177628993988
1490 -0.44215717911720276 1.0000196695327759 0.22741448879241943
1491 0.4513498842716217 0.446906179189682 -0.4999936521053314
1492 0.22098508477210999 0.861443281173706 -0.499999076128006
1493 -0.4440179467201233 1.0000159740447998 0.38175544142723083
1494 -0.2952526807785034 1.0 0.20816561579704285
1495 -0.45124492049217224 1.0000027418136597 0.446647047996521
1496 0.5000086426734924 0.6255751848220825 0.4560973346233368
1497 -0.5 0.6272112131118774 -0.21138553321361542
1498 0.23507466912269592 1.0 0.23970499634742737
1499 -0.5000181794166565 0.9405685663223267 0.3115241825580597
1500 -0.21548070013523102 0.854287326335907 0.5
1501 0.4999922811985016 0.7039128541946411 0.4515252113342285
1502 0.4545094966888428 0.871164083480835 -0.5000140070915222
1503 0.500006377696991 0.946391224861145 0.36830320954322815
1504 -0.2227068692445755 0.3252120316028595 -0.2229420691728592
1505 0.24986065924167633 0.8705044388771057 -0.37008628249168396
1506 -0.2472911924123764 0.131277397274971 -0.3706539571285248
1507 0.30065566301345825 0.7409586906433105 -0.3664049506187439
1508 0.3439469039440155 0.15930017828941345 -0.28740963339805603
1509 0.16994978487491608 0.4580414891242981 0.17030788958072662
1510 -0.06145622581243515 0.12471750378608704 -0.38013842701911926
1511 -0.37151211500167847 0.8711034655570984 0.08827410638332367
1512 -0.36458030343055725 0.8643842339515686 -0.14495708048343658
1513 -0.3206977844238281 0.43654265999794006 0.31952884793281555
1514 0.3750929534435272 0.8750255107879639 -0.3773803114891052
1515 -0.30683842301368713 0.8734477758407593 -0.026686672121286392
1516 0.2796001732349396 0.21648278832435608 0.03291326016187668
1517 -0.41621118783950806 0.08468043059110641 -0.2061348259449005
1518 0.15017546713352203 0.45533841848373413 -0.1655193269252777
1519 0.3574933707714081 0.29098960757255554 -0.3525743782520294
1520 -0.34698811173439026 0.1521381437778473 0.04666190221905708
1521 -0.17220719158649445 0.0841616541147232 -0.40305015444755554
1522 -0.39150193333625793 0.7940851449966431 -0.013548705726861954
1523 -0.31600311398506165 0.9428697228431702 -0.03181200474500656
1524 0.32866954803466797 0.8681035041809082 0.3670298159122467
1525 0.18878895044326782 0.788282036781311 -0.40100374817848206
1526 -0.22100551426410675 0.13694219291210175 0.11113398522138596
1527 -0.4123522639274597 0.09004746377468109 0.37946584820747375
1528 0.1938142329454422 0.6393135786056519 -0.3574053943157196
1529 0.3049522042274475 0.7937622666358948 -0.1749500185251236
1530 0.3349243998527527 0.20310521125793457 0.33428511023521423
1531 -0.31850922107696533 0.46710118651390076 -0.32225099205970764
1532 -0.11068366467952728 0.6666263341903687 0.16829760372638702
1533 0.40388789772987366 0.8015841841697693 -0.1417987197637558
1534 0.3763800859451294 0.6440890431404114 -0.3801960051059723
1535 -0.39656662940979004 0.8058061003684998 -0.40032958984375
1536 0.12360453605651855 0.4845696985721588 -0.33251428604125977
1537 0.30735069513320923 0.48468855023384094 0.30703258514404297
1538 -0.328706830739975 0.5371671915054321 0.17579111456871033
1539 -0.14397062361240387 0.15069569647312164 0.24672271311283112
1540 -0.17179332673549652 0.11877746134996414 0.36381974816322327
1541 0.38633444905281067 0.7646526098251343 0.3856908679008484
1542 -0.3468850553035736 0.31273481249809265 -0.31820300221443176
1543 -0.333177387714386 0.3092440962791443 0.3679991066455841
1544 -0.22995595633983612 0.09375353902578354 0.26240870356559753
1545 0.18501390516757965 0.7041275501251221 0.2612290680408478
1546 -0.0500040240585804 0.15291473269462585 0.3787432312965393
1547 0.09308402240276337 0.2334844022989273 0.18358254432678223
1548 -0.35530269145965576 0.6496469378471375 -0.030959201976656914
1549 0.3141324520111084 0.4792196452617645 -0.3143007457256317
1550 0.38432592153549194 0.12096855789422989 0.18718425929546356
1551 0.38297954201698303 0.21681179106235504 0.41490960121154785
1552 0.15173158049583435 0.12376964837312698 -0.376073956489563
1553 0.32027187943458557 0.6130574941635132 0.1755918711423874
1554 -0.408075213432312 0.09442441910505295 -0.3731420934200287
1555 -0.31203341484069824 0.6941184401512146 0.31267842650413513
1556 -0.3690728545188904 0.2656855285167694 -0.4056732952594757
1557 0.4197525978088379 0.2936578392982483 -0.41580840945243835
1558 -0.12601596117019653 0.07090575993061066 0.31636133790016174
1559 0.4210851788520813 0.6945434212684631 0.4200601875782013
1560 0.4155978858470917 0.7572250366210938 -0.05968775600194931
1561 -0.39059510827064514 0.6189600229263306 0.2654883563518524
1562 0.05746547505259514 0.2906632721424103 -0.2942098379135132
1563 0.4046679437160492 0.8992363214492798 0.4151468873023987
1564 -0.3605654239654541 0.6224866509437561 -0.17299115657806396
1565 0.31211376190185547 0.8189008235931396 -0.4133533537387848
1566 0.33314043283462524 0.21984055638313293 -0.12865939736366272
1567 -0.3068356513977051 0.0846734419465065 -0.006383055821061134
1568 -0.1464581936597824 0.1245853528380394 -0.28404533863067627
1569 0.27015554904937744 0.2816680371761322 0.3910474479198456
1570 0.4132246673107147 0.7935574054718018 -0.40874579548835754
1571 -0.2569357454776764 0.8493614196777344 0.19225846230983734
1572 -0.0993526503443718 0.07783827930688858 0.23458550870418549
1573 0.38002052903175354 0.15431071817874908 -0.03109295293688774
1574 0.1670350730419159 0.7629967331886292 0.028902899473905563
1575 -0.04291243106126785 0.1965893656015396 0.04094723239541054
1576 0.28134891390800476 0.3563932776451111 0.4269695281982422
1577 -0.4227338135242462 0.6651685833930969 -0.214641734957695
1578 -0.395576536655426 0.5402278304100037 0.08801285922527313
1579 0.115542471408844 0.840073823928833 0.16625337302684784
1580 0.3703758418560028 0.6742673516273499 -0.19450494647026062
1581 0.0018095526611432433 0.3730766773223877 0.30035436153411865
1582 0.21810020506381989 0.9254469871520996 0.4246138632297516
1583 0.376631498336792 0.7697960734367371 -0.27300602197647095
1584 0.41833746433258057 0.6087068319320679 0.4208570122718811
1585 0.4093153476715088 0.5548942685127258 0.3368252217769623
1586 -0.16687273979187012 0.29619100689888 0.3326512277126312
1587 -0.3540305495262146 0.702273964881897 0.1112741008400917
1588 -0.1539233773946762 0.3833114802837372 0.39808475971221924
1589 -0.376381516456604 0.9199596643447876 0.16306331753730774
1590 0.17235307395458221 0.27237430214881897 -0.36856114864349365
1591 -0.07976023107767105 0.545440137386322 0.3127787411212921
1592 0.4171581566333771 0.7532640695571899 0.30142536759376526
1593 0.43044668436050415 0.7852779626846313 0.43589532375335693
1594 0.2722383737564087 0.6783713102340698 -0.06359535455703735
1595 0.3032819628715515 0.9147431254386902 -0.4224472939968109
1596 -0.40428367257118225 0.4171106815338135 0.3774733245372772
1597 0.2130601853132248 0.9000619649887085 -0.43244972825050354
1598 0.34189122915267944 0.878117561340332 -0.05749551206827164
1599 0.261222779750824 0.18459685146808624 -0.37801221013069153
1600 -0.3865576684474945 0.1366727501153946 -0.4343593418598175
1601 0.3616456389427185 0.4284925162792206 0.3900962471961975
1602 -0.047652047127485275 0.5788872241973877 0.4044439494609833
1603 0.17128537595272064 0.13134679198265076 0.03948112577199936
1604 -0.08868154138326645 0.7905164361000061 -0.288925439119339
1605 -0.2841929793357849 0.8521144390106201 0.3419196307659149
1606 0.38247328996658325 0.5256866216659546 0.22541745007038116
1607 0.18247613310813904 0.15776577591896057 0.34278786182403564
1608 -0.13945837318897247 0.12055326998233795 0.01773848384618759
1609 -0.12973308563232422 0.881559431552887 -0.36485615372657776
1610 -0.36493682861328125 0.19291448593139648 0.29910820722579956
1611 -0.030119027942419052 0.4193708598613739 -0.3415607511997223
1612 -0.37985536456108093 0.8805418014526367 -0.26740339398384094
1613 0.3212813436985016 0.398569792509079 -0.1527204066514969
1614 -0.37103697657585144 0.31386029720306396 0.23767414689064026
1615 0.4239806532859802 0.5973192453384399 -0.427497923374176
1616 -0.3406701385974884 0.7467333078384399 -0.4269948899745941
1617 -0.40595918893814087 0.9046804308891296 0.4041125774383545
1618 0.42915573716163635 0.3826880156993866 0.4045136868953705
1619 0.39469754695892334 0.6793468594551086 0.22275274991989136
1620 0.43038511276245117 0.2662850022315979 -0.34417176246643066
1621 0.3818223774433136 0.40558186173439026 -0.3820197284221649
1622 -0.37463852763175964 0.543406069278717 0.37007319927215576
1623 -0.3284497857093811 0.2865349352359772 -0.0652911514043808
1624 0.08280378580093384 0.8582966327667236 0.3617927134037018
1625 0.27093538641929626 0.4222312569618225 -0.3983345031738281
1626 -0.09621407836675644 0.9241151213645935 -0.4267065227031708
1627 -0.41685834527015686 0.08838890492916107 0.07462421804666519
1628 0.05194082856178284 0.7034192085266113 -0.3501362204551697
1629 -0.20953340828418732 0.38960883021354675 0.17316502332687378
1630 -0.3909345269203186 0.6934384107589722 0.3935548961162567
1631 0.19057892262935638 0.30771970748901367 -0.08438163250684738
1632 0.041686415672302246 0.6949123740196228 -0.4304288625717163
1633 0.4164203107357025 0.914052426815033 -0.30730095505714417
1634 -0.0337415486574173 0.8144261837005615 -0.39002254605293274
1635 -0.30937105417251587 0.7626111507415771 0.394779771566391
1636 0.03262295946478844 0.1499832719564438 -0.08767495304346085
1637 -0.40630149841308594 0.24206170439720154 -0.017794102430343628
1638 0.27704712748527527 0.8846703767776489 -0.2517552375793457
1639 0.3599618971347809 0.5315495133399963 -0.18913313746452332
1640 0.0744459480047226 0.7998124957084656 -0.39665427803993225
1641 -0.14597219228744507 0.3851262331008911 -0.379729688167572
1642 -0.4054684638977051 0.4003157317638397 0.2776143550872803
1643 -0.40825971961021423 0.8118942379951477 0.3704501688480377
1644 -0.4150160551071167 0.2072051465511322 -0.3484101891517639
1645 -0.23006153106689453 0.8969467282295227 0.09419206529855728
1646 -0.4033198058605194 0.08945581316947937 -0.09545889496803284
1647 0.3134978413581848 0.5788806676864624 0.39148277044296265
1648 0.4043477773666382 0.3444972336292267 -0.12645922601222992
1649 0.42341694235801697 0.5921201109886169 0.2609020471572876
1650 -0.08985339105129242 0.20918995141983032 0.42653289437294006
1651 -0.4113162159919739 0.6600850224494934 0.0465381033718586
1652 0.3291246294975281 0.9238237738609314 0.42440691590309143
1653 -0.21106499433517456 0.9134694933891296 0.3328320384025574
1654 -0.4166114032268524 0.6097478270530701 0.41376379132270813
1655 -0.05476272106170654 0.07964419573545456 0.42203643918037415
1656 -0.23732981085777283 0.5096696615219116 0.3794727921485901
1657 0.09553398936986923 0.5221301317214966 0.31744077801704407
1658 0.3183155357837677 0.8174759745597839 0.12068910896778107
1659 -0.0555008128285408 0.9236540198326111 -0.35031190514564514
1660 0.0028311973437666893 0.5329236388206482 -0.3816634714603424
1661 -0.3999579846858978 0.6191210150718689 0.15940837562084198
1662 0.2690476179122925 0.9181752800941467 -0.01917175017297268
1663 -0.2657284140586853 0.8830863833427429 -0.2180628627538681
1664 0.3195410966873169 0.34760189056396484 -0.4113670885562897
1665 0.2418610006570816 0.09094297885894775 -0.36286139488220215
1666 0.42953258752822876 0.41490137577056885 -0.4373498857021332
1667 0.04537214711308479 0.19300521910190582 -0.374368816614151
1668 0.4082224667072296 0.5316944122314453 -0.3537507653236389
1669 0.41309523582458496 0.551374077796936 -0.1131773516535759
1670 -0.43567928671836853 0.847333550453186 -0.4401465654373169
1671 -0.4213028848171234 0.2570309042930603 0.28435322642326355
1672 0.15020287036895752 0.5307188034057617 0.40488898754119873
1673 -0.38934630155563354 0.5159758925437927 -0.13490080833435059
1674 -0.31213176250457764 0.20425915718078613 0.39559149742126465
1675 -0.38159891963005066 0.20498283207416534 0.17444828152656555
1676 0.18024247884750366 0.05948507413268089 -0.3754822611808777
1677 -0.4289379417896271 0.8173878788948059 0.05689141899347305
1678 -0.3874194622039795 0.19738361239433289 -0.17979878187179565
1679 -0.1847628802061081 0.5342669486999512 0.02001432701945305
1680 -0.3267214298248291 0.8679950833320618 0.41774439811706543
1681 0.05580068752169609 0.1476740539073944 0.40030500292778015
1682 0.42351964116096497 0.8959503173828125 -0.04668017849326134
1683 0.11399593204259872 0.5657729506492615 0.004228788428008556
1684 0.25167980790138245 0.1268375962972641 0.1941838562488556
1685 0.03916943073272705 0.7106924653053284 -0.13572563230991364
1686 0.24940887093544006 0.9346785545349121 -0.3884480893611908
1687 0.37602463364601135 0.1069202870130539 0.39008617401123047
1688 -0.36713066697120667 0.06691879034042358 -0.42927902936935425
1689 -0.3903074562549591 0.7898334860801697 0.1786634474992752
1690 -0.3217216730117798 0.924331545829773 0.35724756121635437
1691 -0.3721064329147339 0.3793562948703766 0.43679410219192505
1692 -0.41662076115608215 0.2042028307914734 0.41732871532440186
1693 0.18912485241889954 0.45850443840026855 -0.41862109303474426
1694 -0.11191704124212265 0.11416223645210266 -0.43256083130836487
1695 -0.43655386567115784 0.24520596861839294 -0.4320584833621979
1696 -0.10257787257432938 0.10453596711158752 0.3749975860118866
1697 -0.3953274190425873 0.3687414228916168 -0.39524325728416443
1698 -0.25650930404663086 0.9282272458076477 0.2138024866580963
1699 0.04720725864171982 0.5889642834663391 -0.23882658779621124
1700 0.20842084288597107 0.677399754524231 -0.427634596824646
1701 -0.4315016269683838 0.2014504373073578 0.3361404836177826
1702 0.25950905680656433 0.4555012583732605 0.3968444764614105
1703 0.1464276909828186 0.8529597520828247 -0.4275520145893097
1704 -0.3394498825073242 0.9373413324356079 0.43197858333587646
1705 0.41477733850479126 0.4534810185432434 -0.19683413207530975
1706 -0.13981497287750244 0.4936089515686035 -0.3966546654701233
1707 -0.19911828637123108 0.9339110255241394 0.2617006003856659
1708 0.24960844218730927 0.10488086938858032 -0.03531396761536598
1709 -0.27969616651535034 0.20792055130004883 -0.2626747488975525
1710 -0.25915011763572693 0.13241301476955414 -0.12651480734348297
1711 -0.13961456716060638 0.11700986325740814 -0.15950551629066467
1712 0.42222878336906433 0.7059541344642639 -0.3399254083633423
1713 0.15425832569599152 0.8823366761207581 -0.04730704799294472
1714 0.09308402240276337 0.11246896535158157 0.18358254432678223
1715 -0.42020782828330994 0.9207857251167297 -0.20246437191963196
1716 -0.03710220754146576 0.09631581604480743 0.1546209752559662
1717 -0.4179842472076416 0.2685696482658386 0.11856173723936081
1718 -0.34050285816192627 0.7843652367591858 0.06579305231571198
1719 0.29695630073547363 0.6062788963317871 -0.2812243700027466
1720 -0.43361541628837585 0.9246236681938171 0.11523285508155823
1721 0.3862883150577545 0.2613576352596283 -0.23043085634708405
1722 -0.021241826936602592 0.49351033568382263 0.13032351434230804
1723 0.23617523908615112 0.8724957704544067 0.20743854343891144
1724 -0.42880979180336 0.1953275352716446 0.23641394078731537
1725 0.35682979226112366 0.08406224846839905 -0.3434027433395386
1726 0.25136351585388184 0.7558051943778992 0.36854442954063416
1727 -0.24048708379268646 0.19701431691646576 -0.014418696984648705
1728 0.34716227650642395 0.5062699913978577 0.06201503798365593
1729 -0.1703229397535324 0.908146321773529 -0.20191243290901184
1730 -0.4204369783401489 0.49012893438339233 0.41814032196998596
1731 -0.1482897251844406 0.06152268871665001 0.3742927610874176
1732 0.31353214383125305 0.1161622628569603 0.09001671522855759
1733 -0.27816659212112427 0.9218208193778992 0.29038146138191223
1734 0.25010135769844055 0.5494702458381653 -0.39416229724884033
1735 0.06380001455545425 0.07481714338064194 0.4275566041469574
1736 0.11856172233819962 0.1437227874994278 -0.23143036663532257
1737 -0.4012029767036438 0.8982018828392029 -0.003572610439732671
1738 -0.2087647169828415 0.9217523336410522 0.011123638600111008
1739 -0.12193741649389267 0.14413990080356598 0.3163749575614929
1740 0.003581959055736661 0.08372509479522705 0.45059388875961304
1741 -0.22150377929210663 0.6486704349517822 -0.30745986104011536
1742 -0.11210692673921585 0.9088658094406128 -0.27622443437576294
1743 -0.020440788939595222 0.8759868144989014 0.39748871326446533
1744 0.028829608112573624 0.3960048258304596 -0.028128528967499733
1745 0.26230019330978394 0.4873931109905243 -0.4343883991241455
1746 0.43654271960258484 0.6082549095153809 -0.3549458682537079
1747 -0.08827750384807587 0.8357526063919067 0.1786656379699707
1748 -0.19209590554237366 0.06858242303133011 0.13967712223529816
1749 0.29937607049942017 0.7652332186698914 0.24653871357440948
1750 -0.24971109628677368 0.8860307335853577 -0.3685382604598999
1751 0.4108438193798065 0.8511133790016174 0.1302926242351532
1752 -0.08398198336362839 0.8988484740257263 0.3115898370742798
1753 -0.25915011763572693 0.06072588264942169 -0.12651480734348297
1754 -0.3846051096916199 0.7453722357749939 -0.1318805068731308
1755 0.25199592113494873 0.3068206310272217 0.21581189334392548
1756 -0.4595660865306854 0.5025811791419983 0.45463958382606506
1757 0.4516637921333313 0.7337865233421326 0.4477585256099701
1758 -0.049430735409259796 0.09231533855199814 -0.02060467191040516
1759 0.0897839218378067 0.24879784882068634 0.005022977013140917
1760 -0.17412374913692474 0.06535311043262482 0.05971665680408478
1761 0.0750255137681961 0.7118479609489441 0.3580021560192108
1762 -0.3293749690055847 0.7880129218101501 -0.2226685732603073
1763 -0.12064950913190842 0.9272000789642334 0.24601460993289948
1764 -0.4540145993232727 0.24538004398345947 -0.37425491213798523
1765 0.4093925356864929 0.26478317379951477 0.31890547275543213
1766 0.2974001467227936 0.1103440374135971 -0.15171974897384644
1767 0.09703142195940018 0.7832080721855164 0.4164831042289734
1768 0.3169396221637726 0.9227026700973511 -0.3399471044540405
1769 -0.23992827534675598 0.9232983589172363 -0.2906174063682556
1770 -0.35346388816833496 0.09314162284135818 0.29816561937332153
1771 0.054307058453559875 0.4433504045009613 -0.39953064918518066
1772 0.08053114265203476 0.9333570599555969 0.38022661209106445
1773 -0.2894004285335541 0.29129138588905334 0.13666050136089325
1774 -0.4431725740432739 0.7480683326721191 0.0051154810935258865
1775 0.31732526421546936 0.8291826844215393 -0.3175029456615448
1776 -0.41400501132011414 0.2962294816970825 0.4106375277042389
1777 -0.4282057285308838 0.6784626841545105 -0.027838943526148796
1778 0.24518750607967377 0.0803363025188446 0.04862512648105621
1779 -0.07691773027181625 0.37912726402282715 0.42735472321510315
1780 0.22554907202720642 0.10577335953712463 -0.23989349603652954
1781 0.3717415928840637 0.37833836674690247 0.2577260434627533
1782 0.3555544316768646 0.8744825124740601 -0.44397351145744324
1783 -0.38361456990242004 0.07048539072275162 0.005292183719575405
1784 0.052345216274261475 0.3720722198486328 0.1635618358850479
1785 -0.12167131900787354 0.8939436078071594 -0.09977561235427856
1786 0.3737991154193878 0.26514801383018494 0.19392727315425873
1787 0.43279534578323364 0.41580691933631897 -0.13215923309326172
1788 0.03432076424360275 0.08802526444196701 -0.16066336631774902
1789 0.08768482506275177 0.4571046233177185 0.07000943273305893
1790 -0.18251393735408783 0.37863636016845703 -0.441435307264328
1791 0.28096726536750793 0.22395512461662292 0.14527122676372528
1792 -0.28518685698509216 0.483725905418396 -0.41152840852737427
1793 0.35088518261909485 0.5475180149078369 -0.41967740654945374
1794 0.08478940278291702 0.9154919385910034 0.29132068157196045
1795 -0.335000604391098 0.17342954874038696 -0.06130767613649368
1796 0.11951447278261185 0.32847756147384644 0.3645806908607483
1797 0.2153213918209076 0.9404554963111877 0.20625253021717072
1798 -0.0457870252430439 0.20973597466945648 -0.2805187404155731
1799 -0.44501593708992004 0.5923018455505371 0.23068901896476746
1800 -0.41688013076782227 0.9169727563858032 -0.36893230676651
1801 0.35123851895332336 0.0823078379034996 0.01523954514414072
1802 -0.3374343514442444 0.15431681275367737 -0.3559470772743225
1803 0.15715056657791138 0.08157381415367126 0.38162484765052795
1804 -0.33508914709091187 0.10723315924406052 0.14796170592308044
1805 -0.4338304102420807 0.6075714826583862 0.09418515861034393
1806 -0.3047574758529663 0.9149650931358337 0.05102672800421715
1807 -0.06964575499296188 0.40642115473747253 -0.4202374219894409
1808 0.11937470734119415 0.12355402857065201 0.4293500483036041
1809 0.15538258850574493 0.17823900282382965 -0.07685308158397675
1810 0.05850866064429283 0.41170039772987366 -0.24674227833747864
1811 0.4008544385433197 0.7125537395477295 -0.41948357224464417
1812 -0.16109390556812286 0.21063503623008728 0.3674708306789398
1813 -0.12208506464958191 0.6055590510368347 -0.14789347350597382
1814 0.3109491765499115 0.9367921948432922 0.3562111258506775
1815 -0.16682563722133636 0.2998783588409424 0.4197281301021576
1816 0.12427406758069992 0.7261659502983093 -0.4119258224964142
1817 -0.26110559701919556 0.9182561635971069 0.4132857322692871
1818 0.3892136812210083 0.2503228783607483 0.031043363735079765
1819 -0.4293820559978485 0.5913434624671936 -0.14483551681041718
1820 0.26179227232933044 0.7372345924377441 0.44024813175201416
1821 -0.017588768154382706 0.8924522995948792 -0.4197522699832916
1822 0.4267277717590332 0.5028385519981384 0.03871948644518852
1823 0.2598833739757538 0.07838533818721771 0.2666914463043213
1824 -0.28023260831832886 0.15189798176288605 0.32093122601509094
1825 0.04735834151506424 0.7603881359100342 -0.4436119794845581
1826 0.25474992394447327 0.07066547870635986 -0.4355613589286804
1827 0.32261571288108826 0.586202085018158 0.2876753509044647
1828 -0.4380224347114563 0.5496863126754761 0.39201977849006653
1829 0.4255737066268921 0.8356882333755493 -0.28268325328826904
1830 -0.1301555633544922 0.8361101746559143 0.39472755789756775
1831 0.1910664588212967 0.09574011713266373 0.12647001445293427
1832 0.4257618188858032 0.9228785037994385 0.05297412723302841
1833 0.42436283826828003 0.5475985407829285 -0.24241240322589874
1834 0.19340701401233673 0.8922776579856873 0.10711231827735901
1835 -0.3042563796043396 0.8938373327255249 0.13131287693977356
1836 -0.2017691433429718 0.0782451257109642 -0.3254905045032501
1837 0.24944037199020386 0.5298691391944885 0.21642453968524933
1838 -0.052369266748428345 0.10731460154056549 -0.22757786512374878
1839 -0.369758665561676 0.41589051485061646 0.1334226429462433
1840 -0.33580419421195984 0.9221029281616211 -0.19705860316753387
1841 -0.44890421628952026 0.05817682296037674 0.34135672450065613
1842 0.16816997528076172 0.17297668755054474 0.1796211451292038
1843 -0.40644264221191406 0.7125523090362549 0.2380731999874115
1844 0.0786714255809784 0.08608067780733109 0.34111323952674866
1845 -0.03539038076996803 0.5354482531547546 -0.017092537134885788
1846 -0.44184809923171997 0.24838680028915405 0.3784501850605011
1847 0.24241313338279724 0.6040663123130798 0.05543811246752739
1848 -0.16392476856708527 0.10053467750549316 0.43454253673553467
1849 0.05120064318180084 0.8898752331733704 -0.3176247477531433
1850 -0.3657103478908539 0.8679565191268921 0.357800155878067
1851 -0.03408178314566612 0.6887804269790649 0.396975576877594
1852 0.048803601413965225 0.11662392318248749 0.06232170760631561
1853 -0.40485844016075134 0.4836577773094177 0.21827605366706848
1854 -0.19908060133457184 0.42982733249664307 0.29112932085990906
1855 0.4451824426651001 0.5778224468231201 -0.29714110493659973
1856 0.18344920873641968 0.6921607255935669 -0.205380380153656
1857 0.336831659078598 0.8776894807815552 0.04266040772199631
1858 -0.26831695437431335 0.8331462144851685 0.04378696531057358
1859 0.015296213328838348 0.17297668755054474 0.26823630928993225
1860 0.4093640148639679 0.9112255573272705 -0.1895342320203781
1861 -0.4187765419483185 0.9230273365974426 0.32321897149086
1862 -0.35700419545173645 0.12876133620738983 -0.015809576958417892
1863 0.3984948694705963 0.357231467962265 0.05118751898407936
1864 -0.19009530544281006 0.09656944125890732 -0.0644884705543518
1865 0.3777175545692444 0.94525146484375 -0.35013747215270996
1866 0.17714515328407288 0.5657878518104553 -0.24319946765899658
1867 0.35027632117271423 0.8543834686279297 0.43592825531959534
1868 -0.13928917050361633 0.7702333331108093 -0.38952869176864624
1869 0.446744829416275 0.15431097149848938 -0.0310929287225008
1870 -0.18031153082847595 0.06374207884073257 -0.19939276576042175
1871 0.06977373361587524 0.47153612971305847 0.16845586895942688
1872 -0.11148278415203094 0.6849971413612366 0.0005802144296467304
1873 -0.24832914769649506 0.37427496910095215 -0.3253525197505951
1874 -0.3152070641517639 0.09656944125890732 -0.20347656309604645
1875 -0.33311179280281067 0.8209376335144043 0.13483846187591553
1876 -0.43720319867134094 0.7834673523902893 -0.4435063302516937
1877 -0.2692970931529999 0.41332143545150757 0.4056452214717865
1878 -0.23253491520881653 0.4858388900756836 -0.18119041621685028
1879 -0.25601187348365784 0.8028628826141357 -0.11966978013515472
1880 -0.028831180185079575 0.49133843183517456 -0.15800446271896362
1881 0.3488864600658417 0.9205052852630615 -0.13070212304592133
1882 0.41883617639541626 0.296693354845047 0.4176562428474426
1883 0.23990608751773834 0.8314809799194336 -0.43175169825553894
1884 0.1844451129436493 0.38291460275650024 -0.32737401127815247
1885 0.062228210270404816 0.6459445357322693 0.15092776715755463
1886 -0.4347167909145355 0.7723822593688965 0.11867186427116394
1887 -0.25892090797424316 0.07721053063869476 -0.43059808015823364
1888 0.21117106080055237 0.7849147319793701 0.1395995169878006
1889 0.2737641930580139 0.7490594387054443 -0.2649783194065094
1890 -0.19588999450206757 0.05847390368580818 -0.00626560440286994
1891 0.42311936616897583 0.15251637995243073 0.43166765570640564
1892 0.3406701385974884 0.07382982224225998 -0.08660008013248444
1893 -0.4349854290485382 0.06519360840320587 -0.03974544629454613
1894 0.4398062825202942 0.5088180303573608 -0.29708659648895264
1895 -0.15296417474746704 0.04377129673957825 -0.4436488151550293
1896 0.1816641092300415 0.07974360883235931 0.21035915613174438
1897 0.4391781985759735 0.7072465419769287 0.3518340587615967
1898 -0.24935686588287354 0.6530457735061646 0.19269990921020508
1899 0.11496051400899887 0.5019518733024597 -0.41627976298332214
1900 -0.22088249027729034 0.355996310710907 0.4283517599105835
1901 0.2899210751056671 0.9251646399497986 0.09489426016807556
1902 0.22503219544887543 0.3399542272090912 -0.40921705961227417
1903 0.07923908531665802 0.3463798463344574 0.05827336013317108
1904 -0.37953194975852966 0.7230932116508484 -0.31262853741645813
1905 0.06438429653644562 0.4989873766899109 -0.1962086260318756
1906 -0.03743383660912514 0.6090478897094727 0.08439408242702484
1907 -0.4228442907333374 0.48586606979370117 0.3357437551021576
1908 -0.425332248210907 0.2682858109474182 0.1989845186471939
1909 0.42235472798347473 0.7459241151809692 -0.20443537831306458
1910 -0.352687805891037 0.9300954341888428 -0.32358118891716003
1911 0.17165742814540863 0.8961910605430603 -0.21927595138549805
1912 -0.007895399816334248 0.8579515814781189 -0.18894435465335846
1913 -0.3915401101112366 0.8535091876983643 0.15197443962097168
1914 0.20857557654380798 0.9200535416603088 -0.3033963143825531
1915 0.03710220754146576 0.9045483469963074 0.15462103486061096
1916 0.14345425367355347 0.9281346201896667 -0.42723989486694336
1917 -0.2876766324043274 0.5811234712600708 0.3032526671886444
1918 -0.07756762206554413 0.9129321575164795 0.12194906920194626
1919 0.3772629201412201 0.6325218081474304 -0.005638486705720425
1920 -0.4089929461479187 0.3355914354324341 -0.043002545833587646
1921 -0.3070090115070343 0.5127117037773132 0.3401198387145996
1922 -0.25223177671432495 0.061864085495471954 -0.20073682069778442
1923 -0.13836775720119476 0.9295909404754639 0.3608574867248535
1924 0.2912648022174835 0.3851923644542694 0.3285202383995056
1925 -0.08855704218149185 0.06709562987089157 0.041361548006534576
1926 -0.11895039677619934 0.1256224513053894 0.11215723305940628
1927 0.1925124228000641 0.19531552493572235 -0.2934834957122803
1928 0.13725921511650085 0.9325992465019226 -0.2775903642177582
1929 -0.2705424129962921 0.4893910884857178 0.24641765654087067
1930 -0.44874104857444763 0.9460886716842651 0.4179513454437256
1931 -0.17626293003559113 0.11043817549943924 0.29796895384788513
1932 -0.34515613317489624 0.4089241325855255 -0.4370514750480652
1933 -0.442874938249588 0.83632493019104 0.11693626642227173
1934 -0.11856172233819962 0.6019030213356018 -0.397936075925827
1935 -0.43523022532463074 0.41377967596054077 -0.43396449089050293
1936 -0.31479308009147644 0.6231375932693481 0.3988727331161499
1937 -0.441847562789917 0.279397189617157 -0.061732225120067596
1938 0.17518466711044312 0.2725703716278076 0.09545029699802399
1939 0.31230297684669495 0.872195303440094 -0.3770711421966553
1940 0.2942764163017273 0.7155097126960754 0.1499365270137787
1941 -0.1726013720035553 0.24964693188667297 -0.34620487689971924
1942 -0.3421412706375122 0.131654754281044 -0.13295592367649078
1943 0.19102264940738678 0.07261902093887329 -0.0021587510127574205
1944 0.016413027420639992 0.08813823759555817 0.2302115559577942
1945 0.08681569993495941 0.9326931834220886 0.44660383462905884
1946 0.05275217443704605 0.4909994304180145 -0.01588074490427971
1947 0.1657566875219345 0.5553087592124939 -0.3663172423839569
1948 -0.0075070844031870365 0.3154877722263336 -0.3861554265022278
1949 0.3612158000469208 0.8085669279098511 -0.3662962317466736
1950 0.032353438436985016 0.4980170428752899 -0.2918022871017456
1951 -0.1703851968050003 0.9285233020782471 -0.3209657669067383
1952 -0.06331830471754074 0.9373283982276917 -0.07563916593790054
1953 -0.35528939962387085 0.381212055683136 -0.1868322640657425
1954 0.09932930022478104 0.2066097855567932 -0.2986033260822296
1955 -0.43408674001693726 0.12828706204891205 0.317223459482193
1956 0.0842449888586998 0.46125081181526184 -0.44920045137405396
1957 0.3663232922554016 0.5297603607177734 -0.28942549228668213
1958 0.2727715075016022 0.8062757849693298 0.18437907099723816
1959 0.23985978960990906 0.626227617263794 0.41851532459259033
1960 -0.43510597944259644 0.40786534547805786 0.43870964646339417
1961 0.3727011978626251 0.641078770160675 0.3452957272529602
1962 -0.3261248469352722 0.8537616729736328 -0.20145374536514282
1963 0.25002121925354004 0.8473610877990723 0.12622185051441193
1964 -0.2012028694152832 0.35381314158439636 0.013326947577297688
1965 0.453483521938324 0.8713186383247375 -0.31837722659111023
1966 0.22109918296337128 0.5542155504226685 0.32175278663635254
1967 0.26885733008384705 0.6193394064903259 -0.16658326983451843
1968 -0.12533190846443176 0.48950403928756714 0.3958081901073456
1969 0.1052929013967514 0.09067858010530472 -0.09845355153083801
1970 -0.32540076971054077 0.800285279750824 -0.14857155084609985
1971 -0.38776057958602905 0.5452908277511597 0.4350374639034271
1972 -0.337293416261673 0.673408567905426 0.1951805204153061
1973 -0.055052611976861954 0.21009628474712372 -0.15501993894577026
1974 -0.09623321890830994 0.061687540262937546 -0.18597739934921265
1975 -0.13173675537109375 0.49665823578834534 -0.08694730699062347
1976 -0.3535076975822449 0.1430833637714386 0.3620709478855133
1977 -0.12089745700359344 0.07227771729230881 -0.34096163511276245
1978 0.0423603318631649 0.8861135840415955 -0.0836300253868103
1979 -0.4234103262424469 0.17778441309928894 0.030520876869559288
1980 -0.4118936061859131 0.5727554559707642 -0.01830706186592579
1981 -0.041931524872779846 0.9410310387611389 -0.4433809518814087
1982 -0.3424507677555084 0.05962807685136795 -0.06607113033533096
1983 0.3917141258716583 0.15053127706050873 -0.18952728807926178
1984 0.38805463910102844 0.12964919209480286 -0.4171013832092285
1985 0.13610990345478058 0.5752853751182556 -0.12189933657646179
1986 -0.31885260343551636 0.8407054543495178 0.07823709398508072
1987 0.40077418088912964 0.9348747134208679 -0.4269482493400574
1988 -0.446370393037796 0.7230818867683411 -0.1563965082168579
1989 -0.16402845084667206 0.5570299029350281 0.2141624391078949
1990 -0.34315821528434753 0.5959088206291199 -0.3018539547920227
1991 0.024999864399433136 0.13463258743286133 -0.29106175899505615
1992 0.15193551778793335 0.12339434027671814 -0.44505953788757324
1993 -0.22783121466636658 0.49732688069343567 0.14118792116641998
1994 0.12620334327220917 0.05951590836048126 0.43380823731422424
1995 0.3630114793777466 0.6015405654907227 -0.232342928647995
1996 0.09024634957313538 0.0750926285982132 -0.34188154339790344
1997 -0.39781567454338074 0.454363614320755 0.01991238445043564
1998 0.1100383847951889 0.07730028033256531 0.107914999127388
1999 -0.049031514674425125 0.11929550766944885 -0.1263355165719986
2000 0.31597113609313965 0.1348315328359604 0.4326803684234619
2001 -0.19117705523967743 0.3843781650066376 -0.11212977021932602
2002 0.345602810382843 0.9467211365699768 -0.03757716342806816
2003 -0.21701565384864807 0.6887935400009155 0.38370317220687866
2004 0.42160722613334656 0.5476304888725281 -0.03082302212715149
2005 -0.1338697373867035 0.15794913470745087 0.40785661339759827
2006 -0.24967904388904572 0.3483445644378662 0.33510419726371765
2007 0.4129786491394043 0.8416664600372314 0.34512147307395935
2008 -0.4185970425605774 0.07879853993654251 -0.29058030247688293
2009 0.19952255487442017 0.13985304534435272 0.421176016330719
2010 0.4515865743160248 0.648878276348114 0.21564003825187683
2011 -0.4115736484527588 0.5771902203559875 -0.2323649376630783
2012 0.23806209862232208 0.164655864238739 0.09330116957426071
2013 0.009844030253589153 0.07349661737680435 -0.07278776168823242
2014 0.4301510453224182 0.49834975600242615 -0.4220118224620819
2015 0.3336103856563568 0.7372986674308777 -0.21835605800151825
2016 0.4431284964084625 0.7717936038970947 0.23463624715805054
2017 -0.2717359662055969 0.23378434777259827 -0.37941041588783264
2018 -0.041322316974401474 0.1085827648639679 0.2965731918811798
2019 -0.26911476254463196 0.1353043168783188 -0.05030542239546776
2020 -0.38346967101097107 0.43875181674957275 0.3222377598285675
2021 -0.44715529680252075 0.8597753047943115 0.38591673970222473
2022 0.2294134497642517 0.8216875791549683 -0.2964079976081848
2023 0.3544345498085022 0.46616020798683167 -0.06928566843271255
2024 -0.4131585657596588 0.3451313078403473 0.15982043743133545
2025 0.3468989133834839 0.27937814593315125 -0.4258185029029846
2026 0.27510514855384827 0.8185160756111145 0.4203479588031769
2027 0.2705163061618805 0.9545056223869324 -0.34019896388053894
2028 -0.05080046504735947 0.3736118972301483 0.07762588560581207
2029 0.20486284792423248 0.521420955657959 -0.43445703387260437
2030 0.38491714000701904 0.35885345935821533 -0.43843090534210205
2031 0.31683117151260376 0.5567259788513184 0.22145023941993713
2032 0.0317816399037838 0.8889493346214294 0.44288569688796997
2033 0.21372994780540466 0.7278421521186829 -0.3338024318218231
2034 0.40007612109184265 0.9383301138877869 -0.004113818984478712
2035 -0.24236789345741272 0.9130938649177551 -0.08587828278541565
2036 -0.34195446968078613 0.8038671612739563 0.4406779706478119
2037 0.162580206990242 0.9211055636405945 0.3598310947418213
2038 -0.3582785725593567 0.2764274477958679 0.1645921766757965
2039 -0.33489489555358887 0.07702971249818802 0.06672044843435287
2040 0.04379792883992195 0.537662148475647 -0.1051073670387268
2041 -0.1577606499195099 0.23774568736553192 0.07089219987392426
2042 0.10517669469118118 0.9158299565315247 0.20707595348358154
2043 -0.06873990595340729 0.13555896282196045 -0.3009243905544281
2044 -0.30162787437438965 0.8622948527336121 -0.30218130350112915
2045 0.3089560568332672 0.40362513065338135 0.1409287303686142
2046 -0.4403657913208008 0.17780248820781708 -0.43955570459365845
2047 0.45605990290641785 0.5814728140830994 0.31014177203178406
2048 0.42047998309135437 0.14542998373508453 -0.33024004101753235
2049 0.30739426612854004 0.6483447551727295 -0.2219502478837967
2050 -0.4401549994945526 0.3340669274330139 0.22658398747444153
2051 -0.43792176246643066 0.8521595001220703 -0.3721359074115753
2052 -0.3226579427719116 0.38931703567504883 -0.27277058362960815
2053 -0.40466076135635376 0.5659069418907166 -0.41294872760772705
2054 0.41685575246810913 0.08757627010345459 0.10978060215711594
2055 0.07690177857875824 0.6973320245742798 -0.24073390662670135
2056 0.3336828351020813 0.8974279165267944 0.18424195051193237
2057 -0.3840637505054474 0.7202840447425842 0.1720484048128128
2058 -0.4339753985404968 0.24779382348060608 0.04997551068663597
2059 0.10941758006811142 0.3530256748199463 -0.3958349823951721
2060 0.30576032400131226 0.31715044379234314 -0.07109861075878143
2061 0.01112667191773653 0.9502354264259338 -0.4024781286716461
2062 -0.13015563786029816 0.8361100554466248 0.45637696981430054
2063 -0.4455680251121521 0.050057366490364075 -0.09449023008346558
2064 -0.2252013087272644 0.9391218423843384 0.15105655789375305
2065 -0.4354361593723297 0.8869930505752563 0.05634283646941185
2066 0.27257516980171204 0.06085247918963432 0.11289189010858536
2067 -0.07568402588367462 0.765076756477356 0.29331329464912415
2068 -0.17284178733825684 0.14400695264339447 -0.3540875315666199
2069 -0.42742159962654114 0.1497252732515335 0.13263264298439026
2070 -0.36558622121810913 0.6401737332344055 0.3389081358909607
2071 -0.24882766604423523 0.41883552074432373 -0.4345189929008484
2072 0.43133121728897095 0.06865118443965912 0.17676861584186554
2073 -0.29886752367019653 0.41700035333633423 -0.37665459513664246
2074 -0.3960602879524231 0.6546872854232788 0.2125716358423233
2075 -0.31873929500579834 0.5730141997337341 0.3588919937610626
2076 -0.3431187570095062 0.6149311661720276 0.08707829564809799
2077 0.18789690732955933 0.0781417116522789 -0.08634301275014877
2078 -0.4111505150794983 0.4451128840446472 -0.3383139967918396
2079 -0.19178828597068787 0.3375353515148163 0.37453046441078186
2080 0.42608609795570374 0.3028228282928467 0.24670414626598358
2081 -0.27170416712760925 0.3312637507915497 -0.40648141503334045
2082 -0.35968607664108276 0.8799692988395691 -0.41998329758644104
2083 -0.23452846705913544 0.8197426795959473 0.41476568579673767
2084 -0.2000243365764618 0.9470363259315491 -0.24491894245147705
2085 0.44046440720558167 0.8599127531051636 0.07077136635780334
2086 0.22873017191886902 0.9265593886375427 0.04684939235448837
2087 0.0038885856047272682 0.7801656723022461 0.37832579016685486
2088 -0.2179662138223648 0.14630863070487976 -0.22606796026229858
2089 0.41811689734458923 0.9120705723762512 0.23427915573120117
2090 0.3864605724811554 0.8340011239051819 0.21214355528354645
2091 -0.2514955997467041 0.5660576820373535 0.20717044174671173
2092 -0.04854871705174446 0.2631426155567169 0.3237994611263275
2093 0.3864547312259674 0.18432238698005676 0.10800763964653015
2094 0.42532169818878174 0.5995928645133972 -0.17868392169475555
2095 -0.43538036942481995 0.5340858697891235 -0.1835181564092636
2096 0.4334392845630646 0.5002194046974182 0.38304024934768677
2097 0.026141390204429626 0.638208270072937 -0.038805361837148666
2098 0.04259061813354492 0.6788012981414795 0.426677942276001
2099 -0.39911597967147827 0.14252105355262756 -0.31946733593940735
2100 -0.36264339089393616 0.585166335105896 -0.089129239320755
2101 0.15483883023262024 0.07094833999872208 -0.2120637595653534
2102 -0.36953020095825195 0.7652347087860107 0.12146732956171036
2103 -0.18644660711288452 0.831871747970581 -0.2752448618412018
2104 0.30307111144065857 0.06119764223694801 -0.029825568199157715
2105 -0.4234054386615753 0.6954676508903503 0.3173539638519287
2106 0.43320930004119873 0.7210134863853455 0.16207800805568695
2107 -0.3479425311088562 0.8707489967346191 0.02583036758005619
2108 0.2198581099510193 0.46167510747909546 -0.25435954332351685
2109 -0.40081024169921875 0.07525549083948135 0.4458160400390625
2110 -0.291113018989563 0.5222023725509644 0.05240798369050026
2111 -0.1699901670217514 0.12772928178310394 0.07355743646621704
2112 -0.1702001541852951 0.7587869167327881 0.4115157127380371
2113 -0.00834184605628252 0.8947253227233887 0.03597474843263626
2114 0.20604373514652252 0.7919237613677979 -0.20128752291202545
2115 -0.3955383598804474 0.6627412438392639 -0.10568268597126007
2116 -0.4201183617115021 0.08537216484546661 0.2429867386817932
2117 0.15153564512729645 0.06751669943332672 -0.1435863971710205
2118 0.31933608651161194 0.6794102787971497 0.2784661650657654
2119 0.30680084228515625 0.14778852462768555 0.001340737915597856
2120 0.044103603810071945 0.48942267894744873 0.40233129262924194
2121 0.23945610225200653 0.23744918406009674 0.29751795530319214
2122 -0.30141350626945496 0.04979703947901726 -0.16806401312351227
2123 -0.33284005522727966 0.2306717038154602 -0.3227623403072357
2124 0.2314605861902237 0.557638943195343 -0.31006166338920593
2125 -0.42884689569473267 0.81395423412323 -0.2751689851284027
2126 0.04267187789082527 0.9216919541358948 -0.16170617938041687
2127 0.26638928055763245 0.7535736560821533 0.05747198313474655
2128 -0.22865666449069977 0.20151613652706146 0.42291951179504395
2129 0.4109238088130951 0.5100171566009521 0.13146163523197174
2130 0.39613041281700134 0.6118806600570679 0.0986991822719574
2131 -0.27972909808158875 0.0717037096619606 0.3212980031967163
2132 -0.39380067586898804 0.3281340003013611 0.3155359923839569
2133 -0.07057496160268784 0.9295642375946045 0.0024489082861691713
2134 -0.1564197689294815 0.9282652735710144 0.10894972085952759
2135 0.2575955092906952 0.4948247969150543 -0.15042118728160858
2136 0.4417284429073334 0.9445274472236633 -0.08713366091251373
2137 -0.43406885862350464 0.7449442744255066 0.3682612478733063
2138 0.4114576280117035 0.12278320640325546 -0.10771436244249344
2139 0.2673639953136444 0.8668076395988464 0.05891960859298706
2140 -0.3800015151500702 0.5541399121284485 0.22841395437717438
2141 0.03486359864473343 0.7717943787574768 -0.0077177188359200954
2142 0.2860356569290161 0.9256270527839661 0.24419978260993958
2143 0.11914414167404175 0.6265408992767334 -0.2945396602153778
2144 0.2736550271511078 0.31728503108024597 -0.4443776309490204
2145 -0.3162810802459717 0.6380662322044373 0.26018190383911133
2146 0.2785961925983429 0.9400749802589417 0.17595045268535614
2147 0.3716883659362793 0.7725585103034973 0.24808369576931
2148 -0.20686374604701996 0.19404126703739166 0.2927522361278534
2149 0.30458155274391174 0.8773789405822754 0.13257545232772827
2150 0.29500943422317505 0.9409450888633728 -0.2806810140609741
2151 -0.1764468252658844 0.4664257764816284 0.21034468710422516
2152 0.11435111612081528 0.706319272518158 -0.052450031042099
2153 0.013174383901059628 0.9177918434143066 0.3337783217430115
2154 0.3531058728694916 0.7639171481132507 -0.43391916155815125
2155 0.3751799464225769 0.3765659034252167 -0.0403427854180336
2156 -0.2979564964771271 0.22530856728553772 -0.14046919345855713
2157 0.41496747732162476 0.352324903011322 -0.31414100527763367
2158 0.329271525144577 0.7687756419181824 0.43382012844085693
2159 0.23353001475334167 0.8501278758049011 0.315015584230423
2160 0.27302247285842896 0.886759340763092 0.4051000475883484
2161 0.29372385144233704 0.09323585778474808 0.01837584376335144
2162 0.023190634325146675 0.12428321689367294 -0.01279253326356411
2163 -0.17372573912143707 0.06429722905158997 0.21821291744709015
2164 0.11233039945363998 0.9271315932273865 -0.3534788191318512
2165 0.441242516040802 0.6594322919845581 -0.44428354501724243
2166 -0.33789384365081787 0.07591906934976578 0.3991914391517639
2167 -0.27619487047195435 0.3854641318321228 0.24678625166416168
2168 0.20706422626972198 0.14709612727165222 -0.1534922569990158
2169 -0.22938676178455353 0.8517469167709351 0.2745700180530548
2170 -0.15720821917057037 0.9345005750656128 -0.0447189062833786
2171 -0.3980640470981598 0.8436707258224487 0.0155824339017272
2172 -0.046616025269031525 0.832366943359375 -0.04895086586475372
2173 0.14809823036193848 0.5597106218338013 -0.43235906958580017
2174 0.27106258273124695 0.20099258422851562 -0.2206367552280426
2175 -0.44159427285194397 0.6616624593734741 0.4452085793018341
2176 -0.17981088161468506 0.9173712134361267 -0.42200297117233276
2177 0.2716366946697235 0.9200605750083923 -0.17187361419200897
2178 0.375203937292099 0.8174092769622803 -0.30895760655403137
2179 -0.13434825837612152 0.4432336688041687 0.10813029855489731
2180 0.2877075970172882 0.9410948753356934 0.035166185349226
2181 -0.424423485994339 0.3471800684928894 0.44412901997566223
2182 -0.2885212302207947 0.2646655738353729 0.28270405530929565
2183 0.29100725054740906 0.5267325043678284 -0.24378477036952972
2184 0.25894075632095337 0.6959409117698669 0.22310711443424225
2185 -0.3372897207736969 0.3840976059436798 0.370524525642395
2186 -0.26116347312927246 0.26908454298973083 -0.4413275122642517
2187 0.02830001711845398 0.5793206691741943 0.029824579134583473
2188 -0.4102366268634796 0.07676912099123001 0.3006559908390045
2189 0.1208135187625885 0.6276654601097107 -0.2046545147895813
2190 -0.4628082513809204 0.08964386582374573 0.3057805895805359
2191 -0.4280383884906769 0.33294931054115295 -0.12414679676294327
2192 0.046659085899591446 0.43774765729904175 -0.1181304082274437
2193 -0.12126865237951279 0.5205131769180298 -0.2598813474178314
2194 -0.32869774103164673 0.4552008807659149 0.1957598179578781
2195 0.18705561757087708 0.234738290309906 0.40695205330848694
2196 0.29998573660850525 0.6184698343276978 -0.4142785966396332
2197 -0.13150346279144287 0.4433172643184662 -0.18272031843662262
2198 -0.10811030119657516 0.35900017619132996 0.24091485142707825
2199 -0.22180281579494476 0.6554998159408569 0.28916001319885254
2200 0.3415372669696808 0.7247908711433411 -0.11540400236845016
2201 -0.0067514693364501 0.4810982346534729 -0.07235151529312134
2202 -0.30745765566825867 0.8171918988227844 -0.3806088864803314
2203 -0.22696362435817719 0.5993593335151672 0.09872986376285553
2204 0.2672520577907562 0.8146652579307556 -0.23378367722034454
2205 -0.16113150119781494 0.23025675117969513 0.4366038143634796
2206 0.24636049568653107 0.8042009472846985 -0.05248843505978584
2207 -0.15487587451934814 0.5064982175827026 0.2863958775997162
2208 -0.19670239090919495 0.44958022236824036 0.42587795853614807
2209 -0.4354506731033325 0.9340113997459412 -0.054174311459064484
2210 0.3434998095035553 0.20672369003295898 -0.201832115650177
2211 0.2287219613790512 0.47498181462287903 -0.3413112759590149
2212 0.05495724454522133 0.9367918372154236 0.031975481659173965
2213 0.1447860598564148 0.4209282398223877 -0.05004506558179855
2214 0.4035949409008026 0.14267279207706451 0.28631356358528137
2215 0.434992253780365 0.4199668765068054 0.2720666527748108
2216 -0.31884077191352844 0.33697009086608887 0.29226458072662354
2217 0.2600765824317932 0.6353781223297119 0.3307895362377167
2218 -0.051598407328128815 0.6833065152168274 -0.22498983144760132
2219 0.16899073123931885 0.9159818291664124 0.27432265877723694
2220 -0.2601061463356018 0.697309672832489 0.03141241520643234
2221 -0.3060872554779053 0.13938215374946594 0.23141252994537354
2222 -0.2149556428194046 0.1300959289073944 0.011937150731682777
2223 -0.2533985674381256 0.4196329116821289 0.33632880449295044
2224 0.136262908577919 0.6212700009346008 0.3434760570526123
2225 -0.45512115955352783 0.3003775179386139 0.15582849085330963
2226 -0.4404926896095276 0.0533939003944397 -0.3416089415550232
2227 -0.35906797647476196 0.6013404726982117 0.43810054659843445
2228 0.0633765459060669 0.0808463990688324 -0.2391677349805832
2229 -0.4307935833930969 0.14134405553340912 -0.252130925655365
2230 0.1725172996520996 0.38992637395858765 -0.39923030138015747
2231 -0.3748100996017456 0.8322947025299072 -0.3294345438480377
2232 0.43534308671951294 0.6854977011680603 0.28263676166534424
2233 -0.04479780048131943 0.12458278238773346 0.07873722910881042
2234 -0.3077961206436157 0.5207793712615967 0.42361900210380554
2235 0.39031150937080383 0.4761475920677185 0.315328985452652
2236 0.38509902358055115 0.582493782043457 -0.3812430202960968
2237 0.23022982478141785 0.9365466237068176 -0.2374713271856308
2238 -0.3519890010356903 0.4931314289569855 -0.2282584011554718
2239 0.39444687962532043 0.8245860934257507 0.40265917778015137
2240 0.007332684937864542 0.05685637891292572 -0.21275930106639862
2241 0.1525014489889145 0.11480411887168884 0.16977950930595398
2242 -0.1861886978149414 0.23709414899349213 -0.24905525147914886
2243 0.45032164454460144 0.479012131690979 0.09257979691028595
2244 0.4363463819026947 0.4268797039985657 0.3456704318523407
2245 -0.046555329114198685 0.08665543049573898 -0.43837812542915344
2246 0.43491247296333313 0.4783453345298767 0.23177485167980194
2247 -0.37113428115844727 0.9486600756645203 0.3818909823894501
2248 0.36690929532051086 0.6743105053901672 0.14479006826877594
2249 -0.049770694226026535 0.5746654272079468 -0.21219472587108612
2250 -0.16893140971660614 0.5884830355644226 0.3542651832103729
2251 -0.02499307319521904 0.609696090221405 -0.12092478573322296
2252 0.4305858314037323 0.8380379676818848 -0.20510388910770416
2253 0.4369140863418579 0.6502892971038818 -0.29593250155448914
2254 -0.19671860337257385 0.3440244197845459 0.26144808530807495
2255 -0.040193378925323486 0.17676882445812225 -0.045208610594272614
2256 0.44171270728111267 0.6689162254333496 -0.18795910477638245
2257 0.2838931381702423 0.6932235360145569 -0.4246766269207001
2258 0.3484717905521393 0.6078883409500122 -0.15218569338321686
2259 0.37779858708381653 0.653214156627655 0.4471043348312378
2260 0.2854653298854828 0.1650872528553009 0.2688278257846832
2261 -0.24863548576831818 0.32262733578681946 0.20109565556049347
2262 -0.24861375987529755 0.21908792853355408 0.19870279729366302
2263 0.34272804856300354 0.4643296003341675 -0.42749902606010437
2264 -0.23814406991004944 0.1604011207818985 0.23805265128612518
2265 0.35673952102661133 0.8629983067512512 0.10049176216125488
2266 -0.06453177332878113 0.7874525189399719 0.06608417630195618
2267 0.1262875646352768 0.20187775790691376 -0.41106823086738586
2268 0.4172150790691376 0.2051898092031479 -0.1291487067937851
2269 -0.2986222803592682 0.3443163335323334 0.42929068207740784
2270 -0.06807553768157959 0.8504406213760376 -0.331859290599823
2271 0.22143445909023285 0.13607464730739594 -0.41939136385917664
2272 0.2533819377422333 0.8775372505187988 -0.3086007535457611
2273 -0.28314143419265747 0.14635376632213593 0.017726153135299683
2274 -0.25457385182380676 0.6906765103340149 -0.3994220793247223
2275 0.16929243505001068 0.8571039438247681 -0.3454757034778595
2276 0.16866101324558258 0.8054124116897583 0.247976616024971
2277 -0.4415907561779022 0.05349340662360191 0.02129046991467476
2278 0.17254780232906342 0.2973933815956116 -0.43734511733055115
2279 0.003236473072320223 0.8171873688697815 -0.2758149802684784
2280 0.40214803814888 0.9511338472366333 0.4444436728954315
2281 -0.1080511063337326 0.2683238983154297 0.3774160146713257
2282 -0.414093017578125 0.3910185992717743 -0.25778213143348694
2283 -0.07414054125547409 0.3532560169696808 -0.35889554023742676
2284 0.04600601643323898 0.4270074665546417 -0.32295769453048706
2285 0.2975897490978241 0.055970191955566406 -0.3539091646671295
2286 0.13283494114875793 0.5667412281036377 0.2105315625667572
2287 0.06844212114810944 0.8874740600585938 -0.41599076986312866
2288 0.4334329068660736 0.6416645646095276 0.04192942753434181
2289 0.4429686665534973 0.3303065896034241 0.36458006501197815
2290 0.3476680815219879 0.4691944718360901 -0.23916441202163696
2291 0.3489654064178467 0.3206231892108917 0.36162275075912476
2292 0.424793004989624 0.0653739869594574 0.013919461518526077
2293 -0.22558583319187164 0.4198065400123596 0.08142127841711044
2294 0.06174926459789276 0.9271420836448669 -0.2447599470615387
2295 0.2620331346988678 0.31827878952026367 0.11658258736133575
2296 -0.40247973799705505 0.8394590616226196 0.2669847905635834
2297 -0.13863645493984222 0.936442494392395 0.03296000510454178
2298 0.44776681065559387 0.1671704798936844 0.1304546594619751
2299 -0.2546062767505646 0.06344745308160782 -0.053336672484874725
2300 0.20978060364723206 0.8151503801345825 0.0678502693772316
2301 -0.43369314074516296 0.4997883439064026 -0.03123360499739647
2302 0.25380921363830566 0.20454774796962738 -0.06557313352823257
2303 -0.2942427694797516 0.435212641954422 -0.20810607075691223
2304 -0.10770836472511292 0.5231297612190247 -0.16437311470508575
2305 0.3957282602787018 0.7629694938659668 0.07133382558822632
2306 0.25807395577430725 0.7989406585693359 -0.3701084554195404
2307 -0.4379514455795288 0.3105902671813965 -0.4011383354663849
2308 -0.3679583966732025 0.06354725360870361 0.19656942784786224
2309 0.42104992270469666 0.07874386757612228 -0.17296016216278076
2310 0.27367305755615234 0.5383985042572021 0.280264288187027
2311 0.10517175495624542 0.5280144810676575 -0.2633381187915802
2312 0.30773428082466125 0.28988227248191833 0.16871020197868347
2313 -0.2250538468360901 0.14480620622634888 -0.30052241683006287
2314 0.35102033615112305 0.20264041423797607 -0.3759406805038452
2315 -0.0337415486574173 0.8144261837005615 -0.4528113901615143
2316 -0.2779461443424225 0.6079288721084595 0.02322063408792019
2317 0.37166377902030945 0.4077475965023041 0.3226487934589386
2318 0.27471691370010376 0.8878456950187683 0.3427687883377075
2319 0.0027805499266833067 0.7280315160751343 -0.27983251214027405
2320 0.06652381271123886 0.569175124168396 -0.4205532968044281
2321 -0.2928716838359833 0.5652512907981873 0.11497718095779419
2322 -0.22560372948646545 0.14026473462581635 -0.43845081329345703
2323 -0.06580235064029694 0.7425064444541931 -0.4214169681072235
2324 -0.1591859757900238 0.9578000903129578 -0.4569329619407654
2325 0.19292858242988586 0.3372676968574524 0.4175502061843872
2326 -0.038413722068071365 0.057549722492694855 0.25338056683540344
2327 -0.29758715629577637 0.06309130042791367 0.24252158403396606
2328 0.3466140031814575 0.08195562660694122 -0.21702603995800018
2329 -0.05164232477545738 0.6205340027809143 -0.001673587248660624
2330 0.0739443302154541 0.8199149966239929 -0.45517006516456604
2331 -0.293400377035141 0.4558003544807434 -0.06370200216770172
2332 -0.0012723470572382212 0.06941843032836914 0.03226900473237038
2333 0.1120142713189125 0.9303467869758606 -0.18910707533359528
2334 -0.13379965722560883 0.6866227388381958 -0.4168524444103241
2335 0.2461279034614563 0.09124302864074707 0.357464075088501
2336 -0.43980100750923157 0.1513219028711319 0.38003313541412354
2337 -0.21510271728038788 0.0606042854487896 -0.25954192876815796
2338 -0.41162532567977905 0.36118024587631226 -0.4533565044403076
2339 0.44196707010269165 0.8914594650268555 -0.246444433927536
2340 -0.16155238449573517 0.9353010654449463 0.43195441365242004
2341 0.02095315419137478 0.05966934934258461 0.16673649847507477
2342 -0.09296368062496185 0.5259546637535095 0.06608476489782333
2343 0.32546550035476685 0.08563300967216492 0.32294216752052307
2344 -0.29088371992111206 0.26819559931755066 0.43195053935050964
2345 0.09491254389286041 0.665030300617218 0.0476405955851078
2346 0.09145796298980713 0.1184590756893158 -0.288961261510849
2347 0.11105596274137497 0.07987085729837418 0.02788952924311161
2348 -0.22732208669185638 0.29369649291038513 0.2983900010585785
2349 -0.30134153366088867 0.19621486961841583 0.12030479311943054
2350 0.4559590816497803 0.6649492383003235 0.45748478174209595
2351 0.3687499761581421 0.6042138934135437 -0.3091401159763336
2352 0.1683395951986313 0.30496832728385925 -0.21787995100021362
2353 0.4367731809616089 0.9383774399757385 -0.37404865026474
2354 0.24919597804546356 0.7581626176834106 -0.43110543489456177
2355 -0.017950115725398064 0.4736437499523163 0.24503549933433533
2356 0.42514628171920776 0.5268223881721497 0.27760443091392517
2357 -0.13611477613449097 0.5313237309455872 0.34520062804222107
2358 -0.4384915828704834 0.40617984533309937 0.13810136914253235
2359 -0.05858970806002617 0.6705468893051147 -0.34412476420402527
2360 0.09630297124385834 0.4915299713611603 -0.12974421679973602
2361 0.3966609239578247 0.33506113290786743 0.30962347984313965
2362 -0.2805158495903015 0.46465855836868286 0.3709776699542999
2363 0.4190363883972168 0.1413685530424118 0.04554335027933121
2364 -0.020373018458485603 0.8984466791152954 -0.12540532648563385
2365 0.45060810446739197 0.7780752182006836 -0.10728927701711655
2366 -0.12824708223342896 0.6815441846847534 0.3285062611103058
2367 0.38557833433151245 0.272998571395874 -0.15282107889652252
2368 0.3585553467273712 0.3606567978858948 0.42707985639572144
2369 0.4377094507217407 0.825691282749176 -0.05467767268419266
2370 0.3641641139984131 0.7449516654014587 -0.3372463285923004
2371 0.4260111451148987 0.3303329646587372 -0.20569077134132385
2372 -0.07751534134149551 0.07374836504459381 0.10671606659889221
2373 0.2625804543495178 0.14634332060813904 -0.30333423614501953
2374 0.3000219166278839 0.6468629240989685 0.100544773042202
2375 0.31708380579948425 0.6149846315383911 0.3417817950248718
2376 0.10462549328804016 0.276260644197464 -0.4062817096710205
2377 0.2172033041715622 0.4189647436141968 -0.3665541708469391
2378 -0.26068785786628723 0.12213455885648727 -0.18785059452056885
2379 -0.22106921672821045 0.8693667650222778 -0.1512782871723175
2380 0.0313548743724823 0.13297219574451447 0.13804003596305847
2381 -0.3392876088619232 0.3267720341682434 -0.38688352704048157
2382 0.32034045457839966 0.17176158726215363 0.19485433399677277
2383 0.04423565790057182 0.26677486300468445 -0.36359089612960815
2384 -0.4471570551395416 0.35782182216644287 0.2990091145038605
2385 0.1422225683927536 0.7790392637252808 -0.446012020111084
2386 -0.05865588039159775 0.8084669709205627 0.4219978451728821
2387 0.34805968403816223 0.217477947473526 0.1530710607767105
2388 0.43588757514953613 0.8480819463729858 -0.3781515955924988
2389 0.44042888283729553 0.8334314823150635 -0.4505012333393097
2390 -0.3829951584339142 0.23174268007278442 -0.09762739390134811
2391 0.05698814243078232 0.24112476408481598 0.34317535161972046
2392 -0.17398257553577423 0.8688459396362305 0.2097305953502655
2393 0.3825323283672333 0.758023202419281 0.45564553141593933
2394 -0.13555967807769775 0.699216365814209 -0.28222253918647766
2395 -0.4415091574192047 0.11014559864997864 0.18466652929782867
2396 -0.44257116317749023 0.6571104526519775 -0.15196950733661652
2397 0.2421809881925583 0.8132631182670593 0.25141677260398865
2398 -0.35194775462150574 0.4958758056163788 0.27654749155044556
2399 0.42238664627075195 0.5807218551635742 0.17573300004005432
2400 -0.08200516551733017 0.1193818524479866 -0.1766437590122223
2401 0.3920890688896179 0.2861259877681732 -0.05490574613213539
2402 -0.060953352600336075 0.5386417508125305 -0.0975930243730545
2403 0.17476855218410492 0.4930880069732666 -0.368087500333786
2404 0.3725280165672302 0.2299838811159134 -0.30567964911460876
2405 -0.2762514054775238 0.25972068309783936 0.357698917388916
2406 -0.21330465376377106 0.7478897571563721 -0.3245255947113037
2407 -0.2412244826555252 0.07182825356721878 0.08643856644630432
2408 -0.43218734860420227 0.6950039863586426 0.11268004775047302
2409 -0.00425476860255003 0.06459005177021027 0.10183581709861755
2410 0.1793309450149536 0.38961878418922424 0.2739984393119812
2411 0.3201117515563965 0.691580057144165 0.39366430044174194
2412 -0.44011297821998596 0.916801393032074 -0.26984086632728577
2413 -0.16610044240951538 0.5146010518074036 0.09452351927757263
2414 -0.12933436036109924 0.8423563241958618 0.09801687300205231
2415 0.43891605734825134 0.4322749376296997 0.4463687539100647
2416 0.03222091868519783 0.7418369054794312 0.10057324171066284
2417 -0.1209896132349968 0.0748680979013443 -0.040512409061193466
2418 -0.3226631283760071 0.18813806772232056 0.33989217877388
2419 -0.2727764844894409 0.4375147223472595 0.28024622797966003
2420 0.1592997908592224 0.3486369252204895 0.17392303049564362
2421 -0.1971503496170044 0.6298030018806458 -0.4149858355522156
2422 0.23539836704730988 0.39732176065444946 0.1985047608613968
2423 -0.11460612714290619 0.05832557752728462 0.16673986613750458
2424 0.35814350843429565 0.873453676700592 0.2848702371120453
2425 0.3399091362953186 0.14884018898010254 -0.10120707750320435
2426 -0.12825219333171844 0.4097273349761963 0.4505534768104553
2427 0.38108816742897034 0.48564213514328003 0.4355303943157196
2428 0.4475744366645813 0.8737560510635376 0.008516347035765648
2429 -0.006183199118822813 0.15213921666145325 0.43453603982925415
2430 -0.2185429334640503 0.5448397397994995 0.3118029534816742
2431 0.3684481084346771 0.8117345571517944 -0.07738838344812393
2432 0.2614486515522003 0.06031165271997452 -0.09525026381015778
2433 -0.4321577847003937 0.8243422508239746 -0.12856678664684296
2434 -0.21173836290836334 0.8207238912582397 -0.4184291660785675
2435 0.43270447850227356 0.2474938929080963 -0.2785613536834717
2436 -0.30549994111061096 0.4805053770542145 0.12140808999538422
2437 -0.02552642859518528 0.15422269701957703 -0.2594440281391144
2438 0.44779884815216064 0.7881190776824951 0.3453125059604645
2439 0.11584331095218658 0.8006948232650757 -0.12453088909387589
2440 0.3203861713409424 0.3229578137397766 0.2861791253089905
2441 -0.020605355501174927 0.1755925416946411 -0.3426613509654999
2442 0.3117929995059967 0.375021368265152 -0.3110606074333191
2443 -0.2922588884830475 0.9228377342224121 -0.42554715275764465
2444 -0.011793986894190311 0.22909913957118988 0.3945356011390686
2445 0.433438241481781 0.3710097670555115 0.21395820379257202
2446 -0.2393631935119629 0.814182460308075 -0.3487527668476105
2447 0.33561819791793823 0.7500335574150085 0.32057514786720276
2448 0.3857615888118744 0.568136990070343 -0.15758095681667328
2449 -0.30982354283332825 0.43100279569625854 0.041993286460638046
2450 -0.10122658312320709 0.6104379296302795 -0.2838582396507263
2451 0.21439465880393982 0.6130765080451965 0.15855887532234192
2452 0.37021544575691223 0.7983089685440063 -0.20566363632678986
2453 0.38709333539009094 0.43390777707099915 0.17115518450737
2454 -0.30452847480773926 0.7654597759246826 0.23520123958587646
2455 -0.42037832736968994 0.5881444811820984 0.3285711109638214
2456 -0.4437648355960846 0.34950774908065796 0.0963888093829155
2457 -0.16133657097816467 0.5783829092979431 0.2831306755542755
2458 -0.3658072054386139 0.7196754813194275 0.011710566468536854
2459 -0.03189840167760849 0.14497919380664825 0.007767250761389732
2460 -0.37365975975990295 0.5718733668327332 -0.14557874202728271
2461 -0.04384502395987511 0.8300114274024963 0.33307206630706787
2462 -0.006199811585247517 0.8228352069854736 0.1323634684085846
2463 -0.22433865070343018 0.375919371843338 -0.38846978545188904
2464 -0.21088185906410217 0.4062151312828064 0.3816275894641876
2465 0.046989548951387405 0.7416824698448181 0.4090655744075775
2466 -0.10325631499290466 0.8085293173789978 -0.4377790689468384
2467 -0.32077914476394653 0.21540948748588562 -0.4328477084636688
2468 -0.2000749707221985 0.6030082702636719 0.1680418848991394
2469 -0.060174982994794846 0.6525399088859558 -0.42349469661712646
2470 -0.24535197019577026 0.28365659713745117 -0.30164939165115356
2471 -0.019281843677163124 0.6504989862442017 0.261581152677536
2472 0.0744711235165596 0.6195473074913025 0.003275607479736209
2473 0.11189481616020203 0.15057478845119476 0.27332156896591187
2474 -0.16567827761173248 0.3985794484615326 0.22827133536338806
2475 -0.2315705567598343 0.5752598643302917 -0.09084044396877289
2476 -0.3819158673286438 0.2636740207672119 0.3432517349720001
2477 0.2639773488044739 0.19237518310546875 0.38788339495658875
2478 0.23854660987854004 0.7146116495132446 -0.3887188136577606
2479 0.25221654772758484 0.5843077898025513 0.37032076716423035
2480 0.43350347876548767 0.7844045162200928 0.008979360572993755
2481 0.11516954004764557 0.14377902448177338 0.36123669147491455
2482 0.264490008354187 0.8805180788040161 -0.44498538970947266
2483 -0.1289069652557373 0.34560123085975647 0.4431091547012329
2484 -0.06604065001010895 0.9301097393035889 0.37613141536712646
2485 -0.18155941367149353 0.9330039620399475 -0.12946029007434845
2486 -0.10038228332996368 0.6546986103057861 -0.38143792748451233
2487 0.09921465069055557 0.8571784496307373 -0.35913410782814026
2488 0.2573724687099457 0.15659798681735992 0.4391225278377533
2489 -0.03382148593664169 0.3731759786605835 -0.17995741963386536
2490 -0.06823974847793579 0.7225930094718933 -0.2820696234703064
2491 0.16575102508068085 0.7120023965835571 -0.4547005295753479
2492 0.24786657094955444 0.23669502139091492 0.4361722767353058
2493 0.030161051079630852 0.6509971618652344 -0.2903657555580139
2494 0.2852274179458618 0.3008853793144226 -0.18179817497730255
2495 0.17928428947925568 0.8639706969261169 -0.2786146104335785
2496 0.26496708393096924 0.42859959602355957 -0.29976874589920044
2497 -0.0391124002635479 0.44663867354393005 0.3595280051231384
2498 0.3604465425014496 0.3523852527141571 0.18016746640205383
2499 -0.30032289028167725 0.27061277627944946 0.2100253403186798
2500 0.4003361463546753 0.13600745797157288 0.134684756398201
2501 -0.21855150163173676 0.4887997508049011 -0.0948391854763031
2502 0.1357603371143341 0.5297247171401978 -0.1857224404811859
2503 0.18498410284519196 0.22304876148700714 0.005867169238626957
2504 -0.26457303762435913 0.7637138962745667 -0.42489877343177795
2505 -0.33576250076293945 0.6027926206588745 0.20179560780525208
2506 0.044578917324543 0.7728843092918396 0.24935628473758698
2507 -0.1146496906876564 0.18677325546741486 -0.22695471346378326
2508 0.45502328872680664 0.8411843776702881 0.39969533681869507
2509 0.17270149290561676 0.6988036632537842 -0.3764951825141907
2510 0.35764560103416443 0.550159752368927 0.16122591495513916
2511 -0.0068178907968103886 0.29560554027557373 0.017197221517562866
2512 -0.22781412303447723 0.3701777160167694 0.22262565791606903
2513 -0.40629005432128906 0.26966848969459534 -0.24828724563121796
2514 -0.09915533661842346 0.13496220111846924 -0.2504272162914276
2515 -0.3581828773021698 0.9443915486335754 0.02130926586687565
2516 0.44873231649398804 0.47264575958251953 -0.24630142748355865
2517 0.24290017783641815 0.49481910467147827 -0.012239759787917137
2518 0.4014352560043335 0.5754433274269104 0.034615013748407364
2519 -0.23459790647029877 0.9388467669487 -0.4404592216014862
2520 0.27363458275794983 0.5209062695503235 -0.34165889024734497
2521 0.22807981073856354 0.6318104863166809 -0.24173198640346527
2522 -0.2512094974517822 0.5781335234642029 0.4197988510131836
2523 -0.2902064919471741 0.2950313985347748 -0.35174649953842163
2524 -0.3711322247982025 0.20968301594257355 0.3739989399909973
2525 -0.37450772523880005 0.776233434677124 0.24742363393306732
2526 0.06430356204509735 0.760718584060669 -0.08009987324476242
2527 0.15675483644008636 0.765575647354126 0.33860665559768677
2528 0.22198809683322906 0.4063382148742676 -0.43689265847206116
2529 -0.3190779387950897 0.45998966693878174 -0.45515891909599304
2530 0.4553297460079193 0.9273460507392883 0.007826719433069229
2531 0.31570491194725037 0.10437767207622528 0.16350850462913513
2532 0.31523698568344116 0.6699600219726562 -0.1509135365486145
2533 -0.1691994071006775 0.332609087228775 -0.30932438373565674
2534 -0.07100541889667511 0.053633466362953186 -0.10742034763097763
2535 -0.44349977374076843 0.7481712698936462 -0.3273580074310303
2536 0.034682728350162506 0.22332464158535004 -0.22869518399238586
2537 0.32359784841537476 0.5321706533432007 -0.11258183419704437
2538 -0.34036675095558167 0.9295504689216614 -0.10633470118045807
2539 -0.2559894025325775 0.5660439729690552 0.35800960659980774
2540 -0.062101811170578 0.8535082936286926 -0.2475184053182602
2541 0.025274645537137985 0.22257813811302185 -0.3040595054626465
2542 0.3305248022079468 0.5407869219779968 -0.021428806707262993
2543 0.2530226707458496 0.7703949809074402 -0.31732916831970215
2544 0.03631044551730156 0.23965701460838318 0.0951942577958107
2545 -0.3086974620819092 0.4876701831817627 -0.1418285369873047
2546 0.10157611221075058 0.11490099132061005 -0.1668921709060669
2547 0.23460634052753448 0.06539162993431091 0.16955958306789398
2548 -0.18761783838272095 0.8320023417472839 -0.04289862886071205
2549 -0.06452511250972748 0.76925128698349 0.3632132112979889
2550 -0.43265441060066223 0.525891125202179 0.27335771918296814
2551 -0.3989686965942383 0.274567574262619 -0.3436645567417145
2552 0.22323887050151825 0.06549090892076492 -0.17347833514213562
2553 0.21984225511550903 0.7808067798614502 0.31026333570480347
2554 0.016236869618296623 0.5563870668411255 -0.17537041008472443
2555 0.16817809641361237 0.8747908473014832 0.032141949981451035
2556 -0.1702776849269867 0.45800650119781494 0.038445230573415756
2557 -0.13285726308822632 0.603437066078186 0.10197553038597107
2558 0.21285274624824524 0.684943675994873 0.0961000919342041
2559 0.18945465981960297 0.39427781105041504 0.05828848481178284
2560 0.2522192895412445 0.7118369936943054 0.2982792556285858
2561 0.01973300613462925 0.06237407401204109 -0.30541643500328064
2562 0.002197058405727148 0.5021840333938599 0.050189096480607986
2563 0.1040613055229187 0.26095524430274963 0.41853997111320496
2564 0.24163265526294708 0.6331955790519714 0.10844127088785172
2565 0.15653595328330994 0.8777103424072266 -0.13487203419208527
2566 0.3721140921115875 0.6591083407402039 -0.4436022639274597
2567 0.17271572351455688 0.48923176527023315 0.26446402072906494
2568 0.23307755589485168 0.8664488792419434 -0.1986970454454422
2569 -0.3515804409980774 0.5643739104270935 0.02926015853881836
2570 0.11834889650344849 0.6388776898384094 -0.40986108779907227
2571 -0.40109652280807495 0.5308788418769836 0.1613052785396576
2572 0.36996302008628845 0.38455891609191895 -0.2460043877363205
2573 -0.18267986178398132 0.8829164505004883 0.3897140622138977
2574 0.22075578570365906 0.6994232535362244 -0.2673039138317108
2575 -0.13786238431930542 0.2661747634410858 -0.06582636386156082
2576 -0.4371003806591034 0.7389285564422607 -0.07535208761692047
2577 0.3878384530544281 0.46142682433128357 -0.32900527119636536
2578 -0.31053900718688965 0.6853606700897217 -0.44066527485847473
2579 -0.43045949935913086 0.9251272678375244 0.2169523984193802
2580 -0.2789424657821655 0.4952373802661896 0.1818670630455017
2581 0.17005278170108795 0.9459596276283264 0.14534415304660797
2582 0.3604399561882019 0.3551425337791443 -0.3482287526130676
2583 0.1599627286195755 0.08121591806411743 0.29463422298431396
2584 -0.2665040194988251 0.07169783115386963 0.16919228434562683
2585 -0.35145455598831177 0.295906662940979 -0.15095992386341095
2586 0.022152425721287727 0.4074414074420929 0.05449296906590462
2587 0.18924583494663239 0.6102740168571472 -0.29478052258491516
2588 0.13887329399585724 0.6938243508338928 0.32080817222595215
2589 0.30073821544647217 0.405796617269516 0.3894379734992981
2590 0.24696120619773865 0.5072804689407349 0.1083768680691719
2591 -0.039469026029109955 0.909173309803009 0.20591050386428833
2592 0.40849462151527405 0.6466337442398071 -0.23833879828453064
2593 -0.06322713941335678 0.9588170647621155 -0.3940190076828003
2594 -0.3338020145893097 0.2483782023191452 -0.21574048697948456
2595 0.14075437188148499 0.4289201498031616 -0.2682349979877472
2596 0.44787806272506714 0.5190832018852234 -0.07653812319040298
2597 -0.10480263084173203 0.5466163754463196 0.4362736940383911
2598 0.14693930745124817 0.18675623834133148 -0.3459186851978302
2599 -0.006007736083120108 0.5685217380523682 -0.06948332488536835
2600 -0.33367231488227844 0.24169199168682098 0.31499484181404114
2601 -0.11556657403707504 0.778501570224762 -0.013039744459092617
2602 -0.1506926715373993 0.8326281309127808 -0.40129968523979187
2603 0.330240935087204 0.7987310886383057 0.0446096807718277
2604 -0.4308259189128876 0.8439338803291321 -0.2036314606666565
2605 0.18370755016803741 0.5811495184898376 0.3725963234901428
2606 -0.03594127669930458 0.7186819911003113 -0.0634065568447113
2607 -0.2797752320766449 0.6628533005714417 0.11485885083675385
2608 0.051168158650398254 0.07969529181718826 0.11898674070835114
2609 0.3160479664802551 0.4654075801372528 0.000796274864114821
2610 -0.38917800784111023 0.4820697009563446 -0.41194015741348267
2611 0.21812188625335693 0.1460789442062378 -0.08354926854372025
2612 -0.3754776120185852 0.9392186403274536 -0.243569478392601
2613 0.41797828674316406 0.6944865584373474 0.0932922288775444
2614 -0.3988552689552307 0.6656852960586548 -0.3942895829677582
2615 -0.3212730288505554 0.8884278535842896 0.20564976334571838
2616 -0.434757262468338 0.2772112488746643 -0.17701534926891327
2617 -0.15618547797203064 0.8744219541549683 0.2922345995903015
2618 0.36090800166130066 0.6107600927352905 0.2334751933813095
2619 0.2308952659368515 0.7489718198776245 0.24895267188549042
2620 0.09308402240276337 0.04736328125 0.18358254432678223
2621 -0.18161776661872864 0.5588237643241882 -0.33152422308921814
2622 0.09960466623306274 0.9354314804077148 0.13847820460796356
2623 -0.35270875692367554 0.9407930970191956 -0.44328686594963074
2624 0.3420782685279846 0.26847967505455017 0.31944704055786133
2625 -0.09512641280889511 0.6422627568244934 0.42614611983299255
2626 -0.3636147379875183 0.23885732889175415 0.2393515706062317
2627 -0.04072791710495949 0.7717509865760803 -0.004019958898425102
2628 -0.41758063435554504 0.1743081659078598 0.2880951464176178
2629 -0.04660699889063835 0.06142481416463852 -0.3471473157405853
2630 0.20720380544662476 0.2821696400642395 0.43979814648628235
2631 -0.24843214452266693 0.943282961845398 0.055351149290800095
2632 -0.18095195293426514 0.5420622825622559 0.15240277349948883
2633 0.07186874747276306 0.9477963447570801 -0.09636357426643372
2634 -0.2928340435028076 0.3776666224002838 0.1495591253042221
2635 0.28127649426460266 0.8536542057991028 -0.11569057404994965
2636 0.1874178946018219 0.057483259588479996 -0.44202694296836853
2637 -0.44423842430114746 0.6126095652580261 -0.19801737368106842
2638 0.32489264011383057 0.6111372113227844 -0.06992722302675247
2639 0.26404786109924316 0.6648802161216736 -0.32633328437805176
2640 -0.15654608607292175 0.6362195014953613 0.2271949052810669
2641 0.28456568717956543 0.5643009543418884 -0.44807302951812744
2642 0.35036227107048035 0.8866571187973022 -0.2771436274051666
2643 -0.07638612389564514 0.7685179710388184 -0.35575050115585327
2644 -0.2672680616378784 0.4668956398963928 0.0725565180182457
2645 0.32249465584754944 0.24278731644153595 -0.034850724041461945
2646 0.40455958247184753 0.48035043478012085 -0.1186094805598259
2647 0.1713663637638092 0.07190923392772675 -0.29364776611328125
2648 0.09717177599668503 0.7347102165222168 0.016374362632632256
2649 -0.40225234627723694 0.7537136673927307 0.06055565923452377
2650 0.23164215683937073 0.16385938227176666 0.008091718889772892
2651 0.21112185716629028 0.5915778279304504 -0.046643272042274475
2652 0.4384942948818207 0.10307714343070984 0.34901532530784607
2653 -0.21039827167987823 0.897468626499176 0.4444175362586975
2654 0.36327335238456726 0.4541240930557251 0.24660690128803253
2655 -0.2555074989795685 0.6497602462768555 0.43144491314888
2656 -0.18425540626049042 0.7598298788070679 0.16355518996715546
2657 -0.00404741708189249 0.867884635925293 -0.35522985458374023
2658 0.08479933440685272 0.432894229888916 0.2642904818058014
2659 0.4119921922683716 0.05632933974266052 -0.11097178608179092
2660 -0.2209930270910263 0.6052144169807434 0.32525357604026794
2661 -0.4438694417476654 0.10026367008686066 -0.4402725398540497
2662 -0.03858128562569618 0.7330778241157532 0.20195302367210388
2663 -0.36534538865089417 0.6787707209587097 0.27703481912612915
2664 -0.11856172233819962 0.6019030213356018 -0.4576091766357422
2665 0.21669554710388184 0.5848376750946045 -0.36048901081085205
2666 -0.36154860258102417 0.7566664218902588 0.3317674398422241
2667 0.31320440769195557 0.16300739347934723 -0.43241751194000244
2668 -0.42479407787323 0.49139097332954407 -0.2697666883468628
2669 -0.31385666131973267 0.7784691452980042 -0.3054645359516144
2670 0.022032607346773148 0.5608762502670288 0.19987215101718903
2671 0.41362330317497253 0.6497933268547058 -0.1023399755358696
2672 -0.19817209243774414 0.756452739238739 0.30566754937171936
2673 0.319199800491333 0.23324202001094818 0.39433276653289795
2674 -0.30568012595176697 0.6737242937088013 -0.32726651430130005
2675 -0.05735105648636818 0.04909541830420494 0.190532848238945
2676 -0.3273105025291443 0.08741966634988785 -0.29396870732307434
2677 -0.0838254764676094 0.19473488628864288 -0.4233795404434204
2678 -0.16985441744327545 0.13788370788097382 0.17235256731510162
2679 -0.20024536550045013 0.09656944125890732 -0.13299787044525146
2680 -0.373263955116272 0.04942611977458 0.26157140731811523
2681 -0.2106311172246933 0.1875963807106018 0.058251552283763885
2682 -0.23583900928497314 0.07404793053865433 0.428600549697876
2683 -0.04698561877012253 0.45421871542930603 -0.24921438097953796
2684 -0.3414463400840759 0.8136129975318909 -0.4394317865371704
2685 0.20530806481838226 0.37772709131240845 -0.24432258307933807
2686 -0.36289170384407043 0.9327837824821472 0.2521970868110657
2687 0.3246573507785797 0.26793405413627625 0.08537906408309937
2688 0.42806538939476013 0.9265572428703308 0.13023684918880463
2689 0.044569555670022964 0.7072615623474121 -0.03692086413502693
2690 -0.2681182026863098 0.789318859577179 0.2993679344654083
2691 -0.013103407807648182 0.763753354549408 -0.1938326209783554
2692 0.3739233613014221 0.8181542754173279 -0.4456723928451538
2693 -0.060135338455438614 0.9498072266578674 0.2520800232887268
2694 -0.09429509937763214 0.6900255680084229 0.2504814863204956
2695 0.2911128103733063 0.9192870259284973 -0.08771897852420807
2696 0.12346857041120529 0.7321265339851379 0.176133394241333
2697 0.1968700885772705 0.15014386177062988 0.25798940658569336
2698 0.4335893392562866 0.6523391008377075 0.147283673286438
2699 -0.12153173983097076 0.5744701623916626 -0.21256959438323975
2700 0.15029938519001007 0.7079634070396423 0.41133585572242737
2701 -0.01180028636008501 0.7263021469116211 0.2740202844142914
2702 0.0002229568490292877 0.8903131484985352 -0.2637426555156708
2703 -0.35673677921295166 0.5084293484687805 -0.05954666808247566
2704 -0.33889997005462646 0.3966410756111145 0.26849353313446045
2705 -0.03753484785556793 0.7535742521286011 0.1286628097295761
2706 -0.2857241630554199 0.9388577342033386 -0.3407960832118988
2707 0.08567958325147629 0.30034762620925903 0.13036489486694336
2708 0.07485242933034897 0.049070172011852264 -0.18705709278583527
2709 0.3365990221500397 0.309927761554718 0.22402948141098022
2710 0.031132563948631287 0.44780582189559937 0.11299393326044083
2711 0.44975966215133667 0.3349360525608063 -0.4538613557815552
2712 0.12157987058162689 0.23044414818286896 -0.2168833315372467
2713 -0.2870796024799347 0.8298487067222595 0.4435933530330658
2714 0.31035342812538147 0.5764758586883545 -0.19826097786426544
2715 -0.15841904282569885 0.1750202775001526 -0.4232470691204071
2716 -0.3506920039653778 0.3821471631526947 -0.3394559919834137
2717 0.27248191833496094 0.7702996730804443 0.12079223245382309
2718 -0.1913759410381317 0.8636487722396851 -0.33727240562438965
2719 -0.43103134632110596 0.8466508388519287 -0.05442215874791145
2720 0.23074424266815186 0.9432852268218994 0.10777945071458817
2721 0.16529980301856995 0.1621556431055069 0.10648392140865326
2722 0.08872371166944504 0.4668755829334259 -0.2800099849700928
2723 -0.4466266632080078 0.43104952573776245 0.31469473242759705
2724 -0.4101778566837311 0.04190918803215027 -0.39868342876434326
2725 -0.028397317975759506 0.2050727754831314 -0.21612949669361115
2726 0.062101177871227264 0.13515782356262207 -0.3462159037590027
2727 0.44443315267562866 0.19136369228363037 -0.188442662358284
2728 0.43140873312950134 0.2502349019050598 0.1396181881427765
2729 0.42497870326042175 0.8744707107543945 -0.12206661701202393
2730 -0.030916694551706314 0.8106748461723328 0.23670530319213867
2731 -0.4336039423942566 0.6098824739456177 -0.07569026201963425
2732 -0.27583926916122437 0.8796799182891846 0.24589432775974274
2733 -0.0110542643815279 0.632420539855957 0.434084951877594
2734 -0.34720975160598755 0.9394773840904236 0.10066679865121841
2735 -0.17768575251102448 0.31601548194885254 -0.3831227421760559
2736 0.1631396859884262 0.8714545965194702 0.21607378125190735
2737 0.4395737946033478 0.6107387542724609 -0.017204277217388153
2738 -0.11621635407209396 0.866562008857727 -0.0228725615888834
2739 -0.3486533761024475 0.2676182687282562 -0.2740371823310852
2740 -0.32034751772880554 0.7960091233253479 -0.062460195273160934
2741 -0.21413874626159668 0.8208898901939392 0.34193021059036255
2742 -0.36139625310897827 0.5739222168922424 0.13371020555496216
2743 0.19280698895454407 0.6473923325538635 0.3060000538825989
2744 -0.36558854579925537 0.1716795116662979 0.23117691278457642
2745 -0.36629191040992737 0.6317656636238098 -0.24402643740177155
2746 -0.1866046041250229 0.44628840684890747 0.14832238852977753
2747 -0.12447669357061386 0.23057620227336884 0.2873915433883667
2748 0.010329552926123142 0.9255667328834534 0.25936445593833923
2749 -0.3870951235294342 0.8525779247283936 0.44071710109710693
2750 0.013276240788400173 0.6260190010070801 -0.37526756525039673
2751 -0.35834985971450806 0.3167066276073456 -0.2203303426504135
2752 -0.23253752291202545 0.2892584204673767 0.40199318528175354
2753 -0.23978857696056366 0.5605750679969788 0.14657942950725555
2754 -0.2887405455112457 0.6988290548324585 -0.10374855995178223
2755 0.04381681606173515 0.2884474992752075 -0.11320387572050095
2756 -0.38623687624931335 0.12023232877254486 0.20702296495437622
2757 -0.34343910217285156 0.34301480650901794 0.07202205061912537
2758 -0.10710056126117706 0.31745806336402893 -0.42500826716423035
2759 0.36382269859313965 0.33317726850509644 -0.08200093358755112
2760 -0.21903710067272186 0.23593133687973022 0.3706646263599396
2761 -0.25532111525535583 0.6175849437713623 0.24750249087810516
2762 -0.0071946256794035435 0.28147411346435547 0.1887018233537674
2763 0.11462008208036423 0.4195031523704529 -0.36521652340888977
2764 -0.21998412907123566 0.1060689315199852 0.1992027461528778
2765 0.4534439444541931 0.7286432385444641 -0.4440174102783203
2766 -0.3801549971103668 0.52613765001297 -0.337760329246521
2767 0.07026688009500504 0.40998658537864685 0.3559804856777191
2768 -0.40784579515457153 0.40720272064208984 0.07314955443143845
2769 0.05317259207367897 0.7035971879959106 -0.29268935322761536
2770 -0.03171323239803314 0.5577642321586609 0.0442492850124836
2771 0.19250673055648804 0.5112335085868835 -0.08747045695781708
2772 -0.15274423360824585 0.43890365958213806 0.3486388325691223
2773 -0.3173961937427521 0.39558565616607666 0.451407253742218
2774 -0.13535606861114502 0.7537449598312378 0.34577301144599915
2775 -0.20290152728557587 0.42594367265701294 -0.036087874323129654
2776 0.3243575692176819 0.4702254831790924 -0.1693381369113922
2777 0.33994942903518677 0.5269707441329956 0.27259963750839233
2778 -0.28915300965309143 0.33360546827316284 -0.2904486656188965
2779 0.4359131455421448 0.7289330959320068 -0.27307629585266113
2780 0.023935995995998383 0.840112566947937 -0.4075779318809509
2781 0.3673354387283325 0.8854670524597168 0.22935505211353302
2782 0.19990499317646027 0.9306932091712952 -0.16108104586601257
2783 0.1590224802494049 0.21733075380325317 0.2894895076751709
2784 -0.31051573157310486 0.549605667591095 0.2435598373413086
2785 -0.20957748591899872 0.19914300739765167 -0.3800610899925232
2786 -0.17438673973083496 0.5562657713890076 -0.4277726113796234
2787 -0.18646007776260376 0.26257193088531494 -0.4353315830230713
2788 -0.30105915665626526 0.6349656581878662 0.3366852104663849
2789 -0.28284570574760437 0.5414252281188965 -0.03086054138839245
2790 -0.06472793221473694 0.2525103688240051 -0.35724911093711853
2791 -0.44095951318740845 0.5337955951690674 0.209270179271698
2792 0.00975160300731659 0.31891119480133057 0.09574142843484879
2793 -0.13081428408622742 0.600287914276123 0.17126280069351196
2794 -0.2333262413740158 0.936119019985199 -0.1824488490819931
2795 0.12408780306577682 0.7625479698181152 -0.3221973478794098
2796 0.260306715965271 0.07467515021562576 -0.2949924170970917
2797 0.2554526925086975 0.2545686662197113 0.08710994571447372
2798 -0.44893544912338257 0.20488771796226501 0.1728503406047821
2799 0.0475960336625576 0.7778098583221436 -0.32666271924972534
2800 -0.30735206604003906 0.5420936942100525 -0.09699049592018127
2801 -0.4180668592453003 0.9465566873550415 0.04251880943775177
2802 -0.38874319195747375 0.41173985600471497 0.2056315541267395
2803 -0.38609012961387634 0.14097625017166138 0.42466020584106445
2804 -0.4276447594165802 0.6454907655715942 0.35976913571357727
2805 0.004177785944193602 0.09445715695619583 0.36967429518699646
2806 0.12680988013744354 0.9515190124511719 0.31930550932884216
2807 -0.32599198818206787 0.6108564138412476 -0.3902478814125061
2808 -0.28801169991493225 0.36063289642333984 -0.21277382969856262
2809 -0.4547273516654968 0.7009955048561096 0.26854774355888367
2810 0.06339681148529053 0.225625678896904 -0.43536531925201416
2811 -0.2837570011615753 0.11158094555139542 0.27821803092956543
2812 0.004913448356091976 0.3642488420009613 -0.10404186695814133
2813 0.10626810789108276 0.25406187772750854 0.07673647254705429
2814 -0.2538837492465973 0.43378719687461853 0.14242394268512726
2815 -0.13356328010559082 0.09815327823162079 -0.21677111089229584
2816 -0.08711866289377213 0.43714720010757446 0.19063863158226013
2817 0.1673748940229416 0.6753502488136292 -0.3044116497039795
2818 -0.1267303228378296 0.4928228557109833 0.1624239981174469
2819 0.08441134542226791 0.8244732022285461 0.06638585031032562
2820 0.4412829875946045 0.24489785730838776 0.3772641122341156
2821 0.19281600415706635 0.652658224105835 -0.11839628219604492
2822 0.1823171228170395 0.5186032056808472 0.2021676003932953
2823 -0.0815654918551445 0.8121152520179749 -0.1400080770254135
2824 -0.0768204852938652 0.1408924013376236 0.43935930728912354
2825 0.27931100130081177 0.2675060033798218 -0.37585145235061646
2826 0.1888282150030136 0.16921782493591309 -0.2230333536863327
2827 0.24518825113773346 0.31685611605644226 0.32035040855407715
2828 0.44270139932632446 0.8582061529159546 0.187611922621727
2829 -0.08879978954792023 0.8351544141769409 0.27501845359802246
2830 0.37191876769065857 0.26698440313339233 0.2602156102657318
2831 -0.025327280163764954 0.8133628964424133 -0.22396770119667053
2832 -0.3083885610103607 0.13808783888816833 -0.4270702600479126
2833 0.3434480130672455 0.5487403273582458 -0.24085114896297455
2834 -0.2635048031806946 0.5877628922462463 -0.22106607258319855
2835 0.3210637867450714 0.5826095938682556 0.048277296125888824
2836 0.05725625529885292 0.5741351842880249 -0.3228241801261902
2837 -0.09263032674789429 0.20353779196739197 0.3572303354740143
2838 -0.1825970560312271 0.8113653659820557 0.38989078998565674
2839 -0.3972547948360443 0.12361716479063034 0.02997932769358158
2840 -0.39411604404449463 0.3518277704715729 0.38081076741218567
2841 -0.15568186342716217 0.6509765386581421 0.3878538906574249
2842 0.24087536334991455 0.10728360712528229 0.09955496340990067
2843 -0.33415600657463074 0.7084332704544067 0.4353500306606293
2844 0.1744934767484665 0.4464670419692993 -0.3205621540546417
2845 -0.03179873526096344 0.35786953568458557 0.1594194769859314
2846 -0.19687381386756897 0.564516544342041 -0.1700088530778885
2847 -0.38713616132736206 0.5288008451461792 0.312870591878891
2848 -0.386480450630188 0.3634067177772522 0.10895826667547226
2849 0.12701915204524994 0.7071437239646912 -0.1395333707332611
2850 0.3395620882511139 0.14624743163585663 0.30134958028793335
2851 0.261532723903656 0.7092096209526062 -0.1961672604084015
2852 0.3818718492984772 0.7637934684753418 -0.10520218312740326
2853 0.37034547328948975 0.9377427697181702 0.37831467390060425
2854 -0.24324755370616913 0.27766525745391846 0.053707968443632126
2855 -0.3356947600841522 0.8657439947128296 0.28901922702789307
2856 -0.014572687447071075 0.4598972201347351 -0.4310007095336914
2857 -0.11474057286977768 0.8978177309036255 0.07491146773099899
2858 -0.349058598279953 0.356853187084198 0.1864500790834427
2859 -0.06383904069662094 0.8889182806015015 -0.040733709931373596
2860 -0.05366186425089836 0.8582414984703064 0.07999466359615326
2861 -0.03561879321932793 0.6982775926589966 0.053416550159454346
2862 0.428193598985672 0.08136744797229767 -0.37239715456962585
2863 0.03058811090886593 0.31526443362236023 0.15363435447216034
2864 0.35422080755233765 0.27701643109321594 0.43642860651016235
2865 0.12307063490152359 0.3450655937194824 -0.279669851064682
2866 -0.12439679354429245 0.19767284393310547 -0.36295652389526367
2867 -0.28581446409225464 0.6053804755210876 -0.1442752480506897
2868 -0.2752608060836792 0.8284909129142761 -0.4382697343826294
2869 0.27174997329711914 0.470307856798172 -0.2118472307920456
2870 -0.1962420791387558 0.3373942971229553 0.10140684247016907
2871 -0.09958125650882721 0.4412153661251068 -0.3605918288230896
2872 0.3327081799507141 0.40977245569229126 0.20464681088924408
2873 0.09770069271326065 0.2996894121170044 0.26551851630210876
2874 0.35730788111686707 0.5599154233932495 0.09707833081483841
2875 0.23132827877998352 0.24050307273864746 0.36099788546562195
2876 0.1161377876996994 0.7092165350914001 -0.28899502754211426
2877 0.31466901302337646 0.5117971897125244 -0.45253974199295044
2878 -0.43830588459968567 0.8364409804344177 0.20274537801742554
2879 0.44796332716941833 0.3343505263328552 -0.07246307283639908
2880 0.2641065716743469 0.5079864859580994 -0.07985608279705048
2881 -0.0888146460056305 0.6085353493690491 0.2624446749687195
2882 0.1428043395280838 0.19211137294769287 -0.25884711742401123
2883 0.34874865412712097 0.5006540417671204 -0.3695659339427948
2884 -0.20380862057209015 0.6541463136672974 -0.1372947245836258
2885 0.0689782127737999 0.17297668755054474 0.21787364780902863
2886 0.18172182142734528 0.9321568012237549 -0.36779290437698364
2887 -0.2220994085073471 0.30430740118026733 -0.4178690016269684
2888 -0.30027222633361816 0.554472029209137 -0.4335913360118866
2889 -0.43165290355682373 0.38599544763565063 -0.1796363741159439
2890 -0.06887729465961456 0.3058609962463379 0.4273056387901306
2891 -0.30563679337501526 0.9335327744483948 -0.2619102895259857
2892 0.4306454062461853 0.2937343120574951 0.07746357470750809
2893 0.311663419008255 0.16808827221393585 0.1299828588962555
2894 -0.4387615919113159 0.809813380241394 0.43094074726104736
2895 -0.23196645081043243 0.2871045768260956 -0.05086778104305267
2896 -0.3378552496433258 0.5196917653083801 -0.3898046314716339
2897 -0.24366655945777893 0.8611973524093628 -0.2743571698665619
2898 -0.03228948637843132 0.6240252256393433 -0.2633408010005951
2899 0.20866721868515015 0.4950990676879883 0.4340549409389496
2900 0.047602687031030655 0.3250058889389038 -0.20350201427936554
2901 -0.3010091483592987 0.20803053677082062 0.24365538358688354
2902 -0.11626935005187988 0.5444272756576538 0.12405337393283844
2903 0.1926666498184204 0.9517412781715393 -0.4401630461215973
2904 0.16348348557949066 0.3358989953994751 -0.3657425343990326
2905 0.4034057855606079 0.17050431668758392 0.3575596511363983
2906 -0.2611379027366638 0.5733959674835205 -0.3049204349517822
2907 0.011372506618499756 0.680439293384552 -0.08564739674329758
2908 -0.4420979619026184 0.19693036377429962 0.09003769606351852
2909 -0.22749926149845123 0.5358991026878357 0.07333646714687347
2910 0.448678195476532 0.14927566051483154 -0.39427295327186584
2911 0.06860250234603882 0.6060152053833008 0.27377837896347046
2912 -0.35033920407295227 0.23173624277114868 -0.04410751163959503
2913 0.15359993278980255 0.5613104701042175 0.2847798466682434
2914 -0.02314889430999756 0.37703239917755127 -0.38842692971229553
2915 0.41153576970100403 0.1952017843723297 0.1954185664653778
2916 0.4105660915374756 0.20542703568935394 -0.3515097498893738
2917 -0.12812082469463348 0.9135700464248657 0.17465437948703766
2918 0.07196187227964401 0.5544946789741516 0.11488060653209686
2919 0.38562890887260437 0.06396950781345367 0.3404894173145294
2920 0.2713959515094757 0.2856508195400238 0.27208012342453003
2921 0.306323379278183 0.5085145831108093 0.43054574728012085
2922 -0.0038254777900874615 0.20796175301074982 0.32711315155029297
2923 -0.3276217579841614 0.8203845620155334 0.3757088780403137
2924 -0.2719898819923401 0.23140685260295868 -0.31845006346702576
2925 0.18154127895832062 0.2369016855955124 -0.14512388408184052
2926 0.057758841663599014 0.0607883483171463 -0.017300711944699287
2927 0.45519518852233887 0.32860565185546875 0.44943124055862427
2928 0.023597976192831993 0.5366904139518738 0.2790674567222595
2929 0.20454512536525726 0.7501320242881775 0.0828114002943039
2930 0.1970791518688202 0.765678882598877 -0.45248159766197205
2931 -0.15281283855438232 0.6976311206817627 0.43893522024154663
2932 0.42564496397972107 0.43687888979911804 -0.057515352964401245
2933 0.3794475793838501 0.3722319006919861 0.37126633524894714
2934 -0.2597317397594452 0.9152703285217285 -0.025349657982587814
2935 0.37351369857788086 0.693123996257782 -0.05295329540967941
2936 0.3840479254722595 0.060719672590494156 -0.038189128041267395
2937 -0.047864414751529694 0.5003893971443176 -0.32108646631240845
2938 -0.2842710018157959 0.697148323059082 0.23645325005054474
2939 0.3102680444717407 0.748928964138031 -0.025875916704535484
2940 -0.3182142972946167 0.8832464814186096 -0.36539703607559204
2941 -0.36677074432373047 0.22036431729793549 0.08191929012537003
2942 0.3875390589237213 0.2222137451171875 -0.031201593577861786
2943 0.35661616921424866 0.315018892288208 -0.27847781777381897
2944 -0.002451557433232665 0.6006315350532532 -0.31686651706695557
2945 -0.2647777199745178 0.7144013047218323 -0.24502509832382202
2946 -0.3594052195549011 0.9001138210296631 -0.05241512879729271
2947 -0.30579379200935364 0.16375483572483063 0.44853559136390686
2948 0.4205157160758972 0.6315226554870605 0.30793672800064087
2949 0.024892544373869896 0.06399165093898773 0.2979486584663391
2950 -0.37355273962020874 0.6202442049980164 -0.43618065118789673
2951 0.37006875872612 0.06845922023057938 0.24424350261688232
2952 0.03255560249090195 0.8345074653625488 -0.323670893907547
2953 0.4333557188510895 0.4485490918159485 -0.3768671751022339
2954 -0.36086738109588623 0.44647154211997986 0.24487562477588654
2955 -0.37907689809799194 0.28529345989227295 0.06512047350406647
2956 -0.059934839606285095 0.5066806674003601 0.19283829629421234
2957 -0.35520121455192566 0.26310065388679504 0.41208112239837646
2958 -0.0007263169973157346 0.8192264437675476 0.03978101909160614
2959 0.09012850373983383 0.4281313717365265 0.0008450275054201484
2960 0.08490027487277985 0.7892884016036987 -0.242986798286438
2961 0.12646035850048065 0.3701423108577728 -0.33376070857048035
2962 -0.06323336064815521 0.63384610414505 -0.17553341388702393
2963 0.16984502971172333 0.4471833407878876 0.3545720875263214
2964 -0.2501027584075928 0.2517993152141571 -0.20079204440116882
2965 -0.43488144874572754 0.42492419481277466 -0.03856153041124344
2966 0.36089497804641724 0.7446770668029785 0.17662078142166138
2967 -0.36396628618240356 0.47364893555641174 -0.3592759370803833
2968 -0.32972636818885803 0.6816856265068054 0.3742411732673645
2969 -0.45085030794143677 0.05525989830493927 0.4126645028591156
2970 -0.21457377076148987 0.4600335657596588 -0.36480584740638733
2971 -0.3306076228618622 0.5275391340255737 -0.2867346704006195
2972 0.04638459533452988 0.855412483215332 0.22475562989711761
2973 -0.03758612275123596 0.29828962683677673 -0.2416086047887802
2974 -0.43757364153862 0.5653395652770996 0.042753104120492935
2975 -0.02901274338364601 0.8711223602294922 0.2785681486129761
2976 -0.3494676649570465 0.19277705252170563 -0.13152778148651123
2977 0.06004277616739273 0.9510338306427002 0.32934337854385376
2978 0.11881418526172638 0.4937392473220825 0.015069009736180305
2979 -0.38682645559310913 0.29583168029785156 -0.0911668986082077
2980 -0.03629247471690178 0.44170081615448 0.43423300981521606
2981 -0.37102949619293213 0.13340705633163452 -0.19399277865886688
2982 -0.3902491629123688 0.7378759384155273 -0.21104183793067932
2983 -0.4397045969963074 0.5024319887161255 -0.3314417600631714
2984 -0.1916496902704239 0.5600483417510986 -0.25093644857406616
2985 -0.43636780977249146 0.20180055499076843 -0.06535308808088303
2986 -0.23222585022449493 0.24292156100273132 0.2574017643928528
2987 0.40347573161125183 0.5450953245162964 -0.44763681292533875
2988 -0.3157818913459778 0.42994388937950134 0.1460929960012436
2989 0.3967237174510956 0.19196824729442596 -0.24884536862373352
2990 0.34479182958602905 0.06053728237748146 0.4356515407562256
2991 -0.24020454287528992 0.8791719079017639 0.372679740190506
2992 -0.28507134318351746 0.27167174220085144 -0.25173407793045044
2993 -0.10683632642030716 0.08987733721733093 0.4505303204059601
2994 0.06427475064992905 0.657133936882019 -0.3880594074726105
2995 -0.42604729533195496 0.9076568484306335 -0.1263754516839981
2996 0.21718797087669373 0.9150224328041077 0.32114148139953613
2997 0.35238516330718994 0.32206687331199646 -0.20484185218811035
2998 -0.08496824651956558 0.7091867923736572 0.43857723474502563
2999 -0.0869951918721199 0.92405766248703 -0.17082653939723969
3000 0.045579228550195694 0.9410067200660706 0.09857916831970215
3001 0.008868686854839325 0.8106050491333008 0.4415244162082672
3002 0.3515215218067169 0.06528186053037643 0.1184576228260994
3003 0.4516359269618988 0.427788645029068 0.20267897844314575
3004 -0.04737066850066185 0.5485960245132446 0.10696674138307571
3005 0.0023599681444466114 0.8758779168128967 -0.02899065800011158
3006 -0.2251085340976715 0.05652036517858505 -0.3806828558444977
3007 -0.1615949422121048 0.8487222194671631 0.3457142114639282
3008 0.36757370829582214 0.7179438471794128 0.4156395196914673
3009 -0.28807637095451355 0.2574491500854492 -0.006033960729837418
3010 0.0792764350771904 0.585209846496582 0.17427250742912292
3011 0.4186702370643616 0.10472456365823746 -0.25574517250061035
3012 0.4440033435821533 0.13505218923091888 -0.15940159559249878
3013 0.24664919078350067 0.6805887222290039 0.01782235875725746
3014 -0.37325039505958557 0.19172655045986176 -0.3985055387020111
3015 -0.1825871765613556 0.25095444917678833 0.29346343874931335
3016 0.19647358357906342 0.13116003572940826 -0.3222157955169678
3017 0.18581634759902954 0.37006106972694397 -0.15350300073623657
3018 0.22029101848602295 0.21706408262252808 -0.433857798576355
3019 -0.24066412448883057 0.3448384404182434 0.14386898279190063
3020 0.3102668523788452 0.2632293999195099 -0.2445436418056488
3021 -0.17446546256542206 0.27888068556785583 0.004251459147781134
3022 -0.39019104838371277 0.7742945551872253 -0.34677809476852417
3023 -0.4313785433769226 0.33159905672073364 -0.3034801185131073
3024 0.08123693615198135 0.2480643391609192 -0.25840282440185547
3025 -0.12898623943328857 0.9535914659500122 -0.1074831560254097
3026 0.33120548725128174 0.1947115659713745 0.44204777479171753
3027 -0.04203525185585022 0.3256138861179352 -0.444256991147995
3028 0.44124823808670044 0.32518380880355835 -0.3651154935359955
3029 0.1790577620267868 0.429415762424469 -0.21668842434883118
3030 -0.28370240330696106 0.36519938707351685 0.37804096937179565
3031 0.44491276144981384 0.05403558537364006 0.06904172897338867
3032 0.38232868909835815 0.1617969423532486 -0.13544707000255585
3033 0.3698247969150543 0.40692710876464844 -0.10309799760580063
3034 -0.11336766928434372 0.8675961494445801 0.22690699994564056
3035 -0.06221332401037216 0.43251585960388184 0.1210443302989006
3036 -0.12304925173521042 0.25944799184799194 -0.39238327741622925
3037 0.1974818855524063 0.7103228569030762 0.35792306065559387
3038 -0.2311076670885086 0.8151201605796814 0.11846079677343369
3039 0.0392085500061512 0.2527923882007599 0.15689313411712646
3040 0.07660455256700516 0.18193836510181427 -0.18446645140647888
3041 -0.2652178406715393 0.41718557476997375 -0.13203318417072296
3042 0.27269554138183594 0.7024756073951721 0.09280732274055481
3043 0.29475337266921997 0.1712913066148758 0.07127143442630768
3044 -0.1538762003183365 0.6289964914321899 -0.33472737669944763
3045 0.07137641310691833 0.7858319282531738 0.346016526222229
3046 -0.11252537369728088 0.17445418238639832 -0.09709183126688004
3047 0.33747461438179016 0.8049062490463257 0.18129293620586395
3048 -0.010672524571418762 0.5262150168418884 0.35315194725990295
3049 0.17316986620426178 0.7578287124633789 0.2825056314468384
3050 -0.4350528120994568 0.15091998875141144 -0.18611668050289154
3051 0.05306340754032135 0.1432313323020935 -0.14427916705608368
3052 -0.10539311915636063 0.7592239379882812 0.16879253089427948
3053 0.16993315517902374 0.4040588438510895 0.2095324993133545
3054 0.003622191958129406 0.8180601000785828 -0.11535965651273727
3055 0.04558743163943291 0.9413593411445618 0.20730528235435486
3056 0.24175594747066498 0.5687031149864197 -0.2470574826002121
3057 -0.4488520920276642 0.8082931637763977 0.0002941930724773556
3058 0.31719130277633667 0.5069851279258728 -0.06346737593412399
3059 0.013464671559631824 0.4338794946670532 -0.1878947913646698
3060 -0.09079837054014206 0.48631760478019714 0.11299652606248856
3061 0.13505002856254578 0.7803026437759399 0.11187328398227692
3062 0.25539839267730713 0.6125907301902771 0.2418762743473053
3063 0.3097013533115387 0.14555855095386505 0.3642061948776245
3064 -0.17754927277565002 0.541954755783081 0.41401541233062744
3065 0.34351471066474915 0.5679765343666077 -0.17038756608963013
3066 0.3258534073829651 0.09272559732198715 -0.2821435332298279
3067 -0.4244837462902069 0.5997498035430908 -0.3099434971809387
3068 0.3839837312698364 0.0453675240278244 -0.37541866302490234
3069 -0.1971302181482315 0.112755686044693 -0.2649540901184082
3070 0.3469617962837219 0.427595853805542 -0.2901204824447632
3071 0.08065684139728546 0.9445104002952576 -0.30209073424339294
3072 -0.3807847797870636 0.44381076097488403 0.44119149446487427
3073 -0.06280017644166946 0.1825467050075531 0.28224220871925354
3074 -0.041489128023386 0.2959510087966919 -0.13676154613494873
3075 0.36456298828125 0.5606688857078552 -0.07214175164699554
3076 -0.2940596342086792 0.10035291314125061 0.4404717981815338
3077 0.19749431312084198 0.854775607585907 -0.39754220843315125
3078 0.32567349076271057 0.18124046921730042 -0.048846956342458725
3079 0.19229352474212646 0.5496795177459717 0.02085450105369091
3080 0.4487557113170624 0.3562157452106476 -0.2597754895687103
3081 0.4048643410205841 0.7113596796989441 -0.14586341381072998
3082 0.21514470875263214 0.049695853143930435 0.09306129068136215
3083 0.032151415944099426 0.3365645706653595 0.23409703373908997
3084 0.38089680671691895 0.24432268738746643 -0.09861113131046295
3085 0.22420917451381683 0.23600660264492035 -0.373355895280838
3086 0.34026244282722473 0.3149859309196472 0.006320287939161062
3087 0.14533258974552155 0.6586059927940369 0.14005672931671143
3088 -0.1783865988254547 0.6262362599372864 0.024963876232504845
3089 0.058373112231492996 0.15033380687236786 0.31957775354385376
3090 0.32900309562683105 0.6904532313346863 0.031547434628009796
3091 0.19998440146446228 0.7240621447563171 -0.04278847202658653
3092 -0.0045369938015937805 0.93767249584198 0.39191749691963196
3093 -0.44843655824661255 0.04691103845834732 -0.165386363863945
3094 0.06203519180417061 0.3221299350261688 -0.017774546518921852
3095 -0.07160474359989166 0.5361902713775635 -0.41965776681900024
3096 -0.05736543610692024 0.6851311922073364 0.3128795027732849
3097 -0.022280968725681305 0.19059976935386658 0.1859520971775055
3098 0.09094244241714478 0.7402819395065308 0.29378169775009155
3099 -0.10236454010009766 0.5342523455619812 0.24478639662265778
3100 -0.1792941689491272 0.8994125127792358 0.059976059943437576
3101 0.4497174620628357 0.4673817753791809 -0.1526506543159485
3102 0.09364759176969528 0.872991144657135 0.0037268134765326977
3103 -0.30039745569229126 0.7378175258636475 -0.3656853139400482
3104 -0.36809042096138 0.12086527794599533 0.0965794175863266
3105 0.37626761198043823 0.3008992075920105 0.12829381227493286
3106 0.22008667886257172 0.26885318756103516 0.1574162095785141
3107 0.16840310394763947 0.5285781621932983 -0.30175530910491943
3108 0.23618708550930023 0.9137206673622131 0.3733704686164856
3109 0.000970169436186552 0.7411172986030579 -0.3888723850250244
3110 -0.20578667521476746 0.4189169108867645 -0.24844616651535034
3111 -0.44765689969062805 0.4119206964969635 0.23081260919570923
3112 -0.22500695288181305 0.7832896113395691 0.2302977740764618
3113 -0.36909401416778564 0.8394468426704407 -0.08176346868276596
3114 -0.28917330503463745 0.9492418766021729 -0.08415652066469193
3115 0.4472130537033081 0.7518942356109619 -0.3754713237285614
3116 -0.11791767179965973 0.47995078563690186 0.22149689495563507
3117 -0.4410211443901062 0.8665895462036133 -0.3097257614135742
3118 0.3034842312335968 0.4844178259372711 0.16827313601970673
3119 0.10750998556613922 0.8922303915023804 -0.09298005700111389
3120 0.004506271798163652 0.49916595220565796 0.18968766927719116
3121 0.45604202151298523 0.8965395092964172 0.4441358149051666
3122 -0.05135028809309006 0.6656360030174255 0.2028047740459442
3123 -0.0003483138279989362 0.36401301622390747 -0.24729329347610474
3124 -0.343904048204422 0.6883788704872131 -0.14896418154239655
3125 -0.4421915113925934 0.8910606503486633 0.27136528491973877
3126 -0.3710351288318634 0.4445815682411194 -0.2787175178527832
3127 -0.2219628244638443 0.2378048300743103 0.12282148003578186
3128 0.019246742129325867 0.40966522693634033 0.23804058134555817
3129 -0.14549444615840912 0.5986914038658142 0.42786428332328796
3130 -0.3693315088748932 0.7148450613021851 -0.061321839690208435
3131 -0.33554747700691223 0.4884416460990906 0.006549548357725143
3132 -0.38326558470726013 0.5326731204986572 -0.2596978545188904
3133 -0.37270888686180115 0.7769603729248047 -0.2729189097881317
3134 0.020837776362895966 0.21479126811027527 -0.13205669820308685
3135 -0.16048048436641693 0.15212610363960266 -0.2053307145833969
3136 0.013686252757906914 0.5364294648170471 0.10122083872556686
3137 0.3844074606895447 0.24694019556045532 0.09480112046003342
3138 0.08351117372512817 0.8728790879249573 0.11510927230119705
3139 0.14356504380702972 0.11512142419815063 -0.03993971273303032
3140 0.39195162057876587 0.2042360007762909 0.30329298973083496
3141 0.3367396891117096 0.14591887593269348 -0.2241019308567047
3142 0.33606773614883423 0.8849663138389587 -0.19992530345916748
3143 0.13987834751605988 0.715036153793335 0.07789269089698792
3144 0.35970425605773926 0.14702467620372772 -0.34731680154800415
3145 -0.28855931758880615 0.3661838471889496 -0.02694256417453289
3146 -0.29775476455688477 0.7274453043937683 -0.030894983559846878
3147 -0.24575220048427582 0.7099251747131348 0.3244616389274597
3148 0.38285019993782043 0.8565977811813354 -0.16676999628543854
3149 0.3207196593284607 0.769561767578125 -0.300198495388031
3150 0.15979373455047607 0.9400375485420227 0.4475713074207306
3151 0.32938623428344727 0.8348867297172546 -0.2422095239162445
3152 0.4071309566497803 0.8245000243186951 0.2779231667518616
3153 -0.2647540271282196 0.7526967525482178 0.44739288091659546
3154 0.08715007454156876 0.3616826832294464 -0.13436584174633026
3155 0.10956480354070663 0.19114059209823608 0.4128350615501404
3156 0.10971397161483765 0.8342244625091553 0.23303601145744324
3157 -0.06418795883655548 0.6341055631637573 0.36233314871788025
3158 0.01802547089755535 0.2684669494628906 0.2768504023551941
3159 -0.34641191363334656 0.6716581583023071 0.05302303284406662
3160 -0.2549639642238617 0.7056881189346313 -0.3400036692619324
3161 0.1509058177471161 0.8527553677558899 0.41721123456954956
3162 -0.13598181307315826 0.3604942858219147 -0.22628086805343628
3163 0.2867300808429718 0.2493385523557663 -0.44223788380622864
3164 -0.08898710459470749 0.37254172563552856 0.33153659105300903
3165 0.25768110156059265 0.3654160797595978 0.2635296881198883
3166 0.285649836063385 0.30219197273254395 -0.30684366822242737
3167 -0.20709335803985596 0.2125183641910553 -0.1081567108631134
3168 -0.26565247774124146 0.7447084784507751 -0.2962917983531952
3169 -0.18330737948417664 0.8858469724655151 -0.07965978235006332
3170 -0.31505098938941956 0.7514508366584778 0.293230265378952
3171 0.3874233365058899 0.9378394484519958 -0.24933871626853943
3172 -0.1026434525847435 0.4833345413208008 -0.007535697892308235
3173 -0.38358980417251587 0.7995493412017822 -0.18350008130073547
3174 -0.13677829504013062 0.8184127807617188 -0.3331177532672882
3175 0.051004987210035324 0.3613658845424652 -0.2962908446788788
3176 0.05489606782793999 0.48350581526756287 -0.0772789940237999
3177 -0.2044960856437683 0.4889396131038666 -0.43204036355018616
3178 -0.4478429853916168 0.13835951685905457 0.23731911182403564
3179 0.2814514636993408 0.43204790353775024 0.1850220412015915
3180 0.02109338529407978 0.6551552414894104 -0.19528792798519135
3181 -0.1295028030872345 0.384029358625412 0.04741004481911659
3182 0.024827919900417328 0.6571648120880127 0.08258780092000961
3183 -0.14026270806789398 0.3014221489429474 0.26708775758743286
3184 -0.38162851333618164 0.8266879320144653 -0.2383417934179306
3185 0.29731717705726624 0.1760459989309311 -0.16437581181526184
3186 0.17373019456863403 0.8156760334968567 0.18355973064899445
3187 0.4133826196193695 0.174807608127594 -0.07708487659692764
3188 -0.3614689111709595 0.06255318224430084 -0.24036762118339539
3189 -0.16600298881530762 0.1956612467765808 -0.04220723360776901
3190 -0.06201931834220886 0.5530189275741577 -0.27743861079216003
3191 0.1977250576019287 0.47493311762809753 0.05235613137483597
3192 -0.008687167428433895 0.1421004682779312 -0.1817493885755539
3193 -0.1438809484243393 0.7921028137207031 0.2328493297100067
3194 0.208908811211586 0.9339246153831482 -0.06493037939071655
3195 0.21629880368709564 0.8445568680763245 0.3857595920562744
3196 0.2748187184333801 0.7474159598350525 -0.091327965259552
3197 0.02744201011955738 0.46597209572792053 0.33448776602745056
3198 -0.20797094702720642 0.9397355318069458 0.38912513852119446
3199 -0.11484644562005997 0.27478697896003723 -0.19248664379119873
3200 -0.11458036303520203 0.3475494980812073 -0.14030583202838898
3201 -0.3239358961582184 0.25488966703414917 -0.3731919229030609
3202 -0.018002618104219437 0.5926235914230347 0.31344178318977356
3203 -0.4532661736011505 0.5369917750358582 -0.24486172199249268
3204 -0.2585635483264923 0.8173978924751282 -0.02783876098692417
3205 -0.3630554676055908 0.3999970257282257 -0.09459774196147919
3206 0.07233583182096481 0.41799095273017883 0.20334967970848083
3207 0.3958333730697632 0.6110129952430725 -0.05922650545835495
3208 0.1352720558643341 0.055428389459848404 -0.024071721360087395
3209 -0.12868943810462952 0.6499475240707397 0.2780188322067261
3210 -0.3032761216163635 0.10214884579181671 -0.09232525527477264
3211 -0.009677364490926266 0.453896164894104 -0.00404595211148262
3212 -0.21601907908916473 0.49009037017822266 0.2793441414833069
3213 -0.12580227851867676 0.04551805555820465 0.08747368305921555
3214 0.38133007287979126 0.8391445279121399 -0.0054630800150334835
3215 -0.0582037977874279 0.6015874147415161 -0.3606944680213928
3216 0.3626861870288849 0.09678752720355988 -0.14552894234657288
3217 -0.3954295814037323 0.9471436738967896 -0.0952783077955246
3218 -0.236129492521286 0.2942080795764923 0.11038549989461899
3219 -0.06957956403493881 0.38551127910614014 -0.24202285706996918
3220 0.19438286125659943 0.7637696266174316 -0.11989469081163406
3221 -0.23017501831054688 0.11217712610960007 0.33501312136650085
3222 0.3573322296142578 0.589789092540741 0.44087836146354675
3223 0.40653592348098755 0.3093438744544983 0.005729003343731165
3224 -0.28430289030075073 0.11201992630958557 0.3749481737613678
3225 -0.43475988507270813 0.40422266721725464 -0.10879172384738922
3226 0.3458636701107025 0.1962786614894867 0.031726062297821045
3227 -0.4360447824001312 0.6125003099441528 -0.3753272593021393
3228 0.3763315677642822 0.7389956712722778 0.003996376413851976
3229 0.25301849842071533 0.1444997489452362 -0.1974785476922989
3230 -0.008869718760251999 0.42849281430244446 0.1722058355808258
3231 -0.22827015817165375 0.4932909309864044 -0.022361548617482185
3232 -0.053135525435209274 0.5422186851501465 -0.3632705509662628
3233 -0.38877418637275696 0.6512140035629272 0.10771848261356354
3234 -0.30974698066711426 0.7850351333618164 0.004448315128684044
3235 -0.19149453938007355 0.29702532291412354 -0.141086146235466
3236 -0.36209625005722046 0.3839964270591736 0.0018466308247298002
3237 0.1749170869588852 0.480436235666275 -0.026123441755771637
3238 -0.2577727138996124 0.6588994860649109 -0.19206403195858002
3239 -0.24408376216888428 0.5310837626457214 -0.366906076669693
3240 -0.26906633377075195 0.737425684928894 0.1599387377500534
3241 0.15787769854068756 0.06302887201309204 0.06800439208745956
3242 -0.26989248394966125 0.47905296087265015 -0.35428470373153687
3243 -0.04193408414721489 0.7060067057609558 -0.14383628964424133
3244 0.44779470562934875 0.17945091426372528 -0.450163334608078
3245 0.08706630766391754 0.17452380061149597 -0.03076639212667942
3246 0.14756594598293304 0.17104952037334442 -0.006556606385856867
3247 -0.010603989474475384 0.8631131649017334 0.2246796041727066
3248 0.4421362578868866 0.5489179491996765 0.08577392250299454
3249 0.29586267471313477 0.8618320822715759 0.4508967995643616
3250 -0.16354718804359436 0.3017735779285431 -0.24838390946388245
3251 -0.4506072402000427 0.46981802582740784 -0.41053640842437744
3252 -0.25273069739341736 0.6257351636886597 0.3743778169155121
3253 0.2278236746788025 0.2620261013507843 -0.2577635943889618
3254 -0.3703671395778656 0.34878525137901306 -0.2727282643318176
3255 0.31209656596183777 0.7505096197128296 0.3775293827056885
3256 -0.43667176365852356 0.47739559412002563 0.0803680270910263
3257 0.2111729085445404 0.30785825848579407 -0.3149144649505615
3258 0.38068822026252747 0.11499284207820892 -0.299447625875473
3259 0.06439235061407089 0.6197191476821899 -0.11232087761163712
3260 0.1428147256374359 0.8203181624412537 -0.009890182875096798
3261 -0.017700018361210823 0.25349974632263184 -0.06900022178888321
3262 0.1506042182445526 0.43685558438301086 0.025987600907683372
3263 -0.23718780279159546 0.05707147717475891 0.36687004566192627
3264 -0.08030495792627335 0.42882999777793884 0.27295300364494324
3265 0.2463252991437912 0.3632115423679352 -0.29666414856910706
3266 -0.10619565844535828 0.5459332466125488 0.18483895063400269
3267 -0.027224037796258926 0.12203141301870346 -0.06924648582935333
3268 0.35149437189102173 0.6589248180389404 -0.10082040727138519
3269 0.2981301248073578 0.5882949233055115 -0.12126928567886353
3270 0.13764610886573792 0.639543890953064 0.24664384126663208
3271 -0.3885883688926697 0.18218667805194855 -0.028629735112190247
3272 0.37361299991607666 0.7063621878623962 0.351380854845047
3273 -0.24887238442897797 0.267541766166687 -0.11533545702695847
3274 -0.2280227541923523 0.6053779721260071 -0.2662739157676697
3275 0.31275495886802673 0.821548342704773 -0.02222377248108387
3276 0.09304133802652359 0.06350670009851456 0.27402588725090027
3277 0.24391311407089233 0.6570635437965393 0.27858251333236694
3278 0.17294001579284668 0.8321105241775513 0.11797016859054565
3279 0.3001968264579773 0.4240265190601349 0.2679062783718109
3280 -0.26715123653411865 0.16450399160385132 0.07676289230585098
3281 -0.12009542435407639 0.9412681460380554 -0.2222062200307846
3282 0.006970113143324852 0.4744998514652252 -0.3493393063545227
3283 0.2719052731990814 0.2259034663438797 0.22241322696208954
3284 -0.07547241449356079 0.42645421624183655 -0.11045095324516296
3285 -0.11770860850811005 0.5682662725448608 -0.033919405192136765
3286 0.32537052035331726 0.6761154532432556 0.20780636370182037
3287 -0.039460938423871994 0.6983041167259216 -0.3925476670265198
3288 0.13658620417118073 0.5408127903938293 0.07415078580379486
3289 -0.28247079253196716 0.34167131781578064 -0.10499981790781021
3290 -0.3181723952293396 0.4556849002838135 0.4243342876434326
3291 -0.06719385087490082 0.14824916422367096 0.32594165205955505
3292 -0.15903139114379883 0.3173384964466095 -0.18912529945373535
3293 -0.26174554228782654 0.6572850346565247 -0.13411344587802887
3294 -0.03291526436805725 0.26065966486930847 0.07754926383495331
3295 0.03772067651152611 0.18991461396217346 0.1653115600347519
3296 -0.07042001187801361 0.19220981001853943 0.11877401173114777
3297 0.02828630618751049 0.47953668236732483 -0.15459203720092773
3298 0.052784886211156845 0.7788793444633484 -0.14721408486366272
3299 -0.03711347654461861 0.846998393535614 -0.1418023556470871
3300 0.2842438519001007 0.815692126750946 0.3502786457538605
3301 0.29167452454566956 0.38358625769615173 -0.016536036506295204
3302 -0.1278754323720932 0.42709946632385254 -0.05387968197464943
3303 0.44479241967201233 0.8284208178520203 0.23576949536800385
3304 -0.26468825340270996 0.2182229459285736 0.041351184248924255
3305 -0.1367916613817215 0.39146688580513 0.1607065349817276
3306 -0.1734466701745987 0.1555047333240509 -0.11673055589199066
3307 -0.18588359653949738 0.8117555379867554 0.19424471259117126
3308 0.24073204398155212 0.2183532565832138 -0.01047823578119278
3309 0.12678755819797516 0.46400853991508484 0.3061411380767822
3310 0.4438319802284241 0.3576866090297699 0.2746036648750305
3311 -0.3372032940387726 0.8211774230003357 0.21020099520683289
3312 -0.25346580147743225 0.31738993525505066 -0.1621752381324768
3313 -0.029578594490885735 0.4168722331523895 -0.05927480012178421
3314 0.035614803433418274 0.6242513656616211 -0.4364062547683716
3315 -0.4518232047557831 0.3580557107925415 -0.07653148472309113
3316 0.10715437680482864 0.5361111164093018 -0.06456916779279709
3317 -0.2788129150867462 0.8418781161308289 0.13871163129806519
3318 -0.1772998571395874 0.32420533895492554 -0.07699712365865707
3319 -0.10739392042160034 0.3341071307659149 0.38185063004493713
3320 0.38646551966667175 0.4658256471157074 -0.006186742801219225
3321 0.4133828580379486 0.11006239056587219 -0.05044397711753845
3322 -0.24166148900985718 0.18930135667324066 -0.16658243536949158
3323 -0.08069613575935364 0.3313153386116028 -0.20266982913017273
3324 -0.32926464080810547 0.4251756966114044 -0.1452377289533615
3325 0.11888685822486877 0.7060496211051941 0.24027740955352783
3326 -0.18752175569534302 0.274341344833374 -0.294764906167984
3327 -0.4518536329269409 0.41762080788612366 -0.29978039860725403
3328 0.4492237865924835 0.23230485618114471 -0.39603444933891296
3329 0.01580934226512909 0.22324581444263458 -0.004382637329399586
3330 0.044507406651973724 0.30426695942878723 -0.4351508319377899
3331 0.12184594571590424 0.6893960237503052 -0.19873644411563873
3332 -0.4400322437286377 0.5751917958259583 0.1455693393945694
3333 0.15220247209072113 0.3396320641040802 -0.00644837599247694
3334 -0.017204735428094864 0.3540595769882202 -0.31590384244918823
3335 0.05291108414530754 0.31680017709732056 0.32652464509010315
3336 -0.4482642114162445 0.5283241868019104 -0.3879610598087311
3337 -0.3791702091693878 0.6527657508850098 -0.32656943798065186
3338 0.13492973148822784 0.7648086547851562 -0.1898796558380127
3339 0.2435959130525589 0.33785155415534973 0.37987715005874634
3340 -0.017543580383062363 0.28137409687042236 -0.3096832036972046
3341 0.0872296467423439 0.7609463334083557 0.07393688708543777
3342 0.31056588888168335 0.4124050438404083 -0.22078725695610046
3343 -0.12249299138784409 0.8445162773132324 -0.27511343359947205
3344 0.13128980994224548 0.8560941219329834 0.3028973639011383
3345 0.17380119860172272 0.7087818384170532 -0.0977359265089035
3346 0.21206362545490265 0.39135658740997314 -0.01840619184076786
3347 -0.09887976199388504 0.21395018696784973 -0.041464246809482574
3348 0.3175780177116394 0.6278671026229858 -0.34848752617836
3349 0.24350573122501373 0.3089072108268738 0.012122591957449913
3350 -0.20611479878425598 0.7066780924797058 0.23117995262145996
3351 -0.12141305208206177 0.8474716544151306 -0.19709482789039612
3352 -0.23725256323814392 0.5803430080413818 -0.44004499912261963
3353 -0.11136861890554428 0.13927653431892395 -0.3460366427898407
3354 0.07247669249773026 0.5744403004646301 0.3879518210887909
3355 -0.33139362931251526 0.5872886180877686 -0.030139204114675522
3356 -0.3757672607898712 0.18874354660511017 0.4537489414215088
3357 -0.010652964003384113 0.7144809365272522 -0.0040162052027881145
3358 -0.010233752429485321 0.6175956130027771 0.15705065429210663
3359 -0.0016142047243192792 0.1323034167289734 0.19057105481624603
3360 0.1673431098461151 0.3154740631580353 0.301711767911911
3361 0.036916159093379974 0.7262706160545349 0.03806016221642494
3362 -0.23879411816596985 0.7949550151824951 -0.20949049293994904
3363 -0.0747828483581543 0.6181429624557495 0.1392287164926529
3364 -0.3597841262817383 0.9169965982437134 0.31064167618751526
3365 0.05361546576023102 0.9227644801139832 -0.3687276840209961
3366 0.05453186482191086 0.1112726479768753 0.2723897099494934
3367 0.13250406086444855 0.35292312502861023 -0.07654010504484177
3368 0.1428569257259369 0.20073039829730988 0.05477859079837799
3369 -0.15557639300823212 0.766997754573822 -0.28804048895835876
3370 0.11831346899271011 0.25801029801368713 -0.07767802476882935
3371 -0.09252823144197464 0.3190928101539612 -0.005992001388221979
3372 0.27337104082107544 0.38546526432037354 0.06618938595056534
3373 0.04429008439183235 0.20938274264335632 0.4326317310333252
3374 0.4512726962566376 0.44876569509506226 0.3946433961391449
3375 -0.3748932182788849 0.66168612241745 0.44530877470970154
3376 0.25334620475769043 0.5215973258018494 0.39249515533447266
3377 -0.2626774311065674 0.43719813227653503 -0.006260044872760773
3378 0.02941068634390831 0.17686784267425537 -0.03640717267990112
3379 0.07747820019721985 0.3559303879737854 -0.2438693344593048
3380 -0.09436549991369247 0.16910496354103088 0.00806155614554882
3381 -0.21082371473312378 0.6504300832748413 0.23395608365535736
3382 0.08822891861200333 0.7480655908584595 -0.36863991618156433
3383 0.14178863167762756 0.942518949508667 -0.13080157339572906
3384 -0.2063208669424057 0.4178398847579956 -0.17534513771533966
3385 -0.05223562940955162 0.5477796196937561 -0.15737822651863098
3386 0.3798423111438751 0.3783026337623596 -0.17951223254203796
3387 -0.04694148525595665 0.7794908881187439 -0.09155376255512238
3388 -0.3537476360797882 0.3973526358604431 0.05696114897727966
3389 0.1918390989303589 0.1005842387676239 0.3391265273094177
3390 -0.024628708139061928 0.8838843107223511 0.14733563363552094
3391 0.38075682520866394 0.26718807220458984 0.3758494555950165
3392 -0.10516427457332611 0.44629210233688354 0.048060525208711624
3393 -0.07490351051092148 0.14681662619113922 0.21715374290943146
3394 -0.18835780024528503 0.842107892036438 0.44508233666419983
3395 0.2972513735294342 0.10720477253198624 -0.3978974521160126
3396 0.10714751482009888 0.8638306856155396 -0.24890324473381042
3397 0.27638477087020874 0.3785046637058258 -0.4420776069164276
3398 -0.152262881398201 0.726342499256134 -0.3409074544906616
3399 -0.19333675503730774 0.6700632572174072 -0.23665232956409454
3400 0.3661758303642273 0.18137016892433167 0.24443523585796356
3401 -0.04813284054398537 0.9422962069511414 0.0666462630033493
3402 -0.10043546557426453 0.4627704620361328 -0.29383862018585205
3403 0.19099950790405273 0.23906192183494568 -0.06375318765640259
3404 0.16646887362003326 0.676261305809021 0.012590008787810802
3405 0.23335644602775574 0.5647229552268982 -0.10764577239751816
3406 0.11887839436531067 0.06436245143413544 -0.41593506932258606
3407 0.31041669845581055 0.5186120271682739 0.11380178481340408
3408 -0.3689771294593811 0.06906961649656296 -0.15477125346660614
3409 -0.22328825294971466 0.5092306137084961 0.20897866785526276
3410 -0.05759168043732643 0.5929744839668274 0.20200547575950623
3411 0.3534841239452362 0.9239283800125122 -0.3970979154109955
3412 0.07566229999065399 0.1420971155166626 -0.4285162687301636
3413 0.05011415481567383 0.2622185945510864 -0.04975050315260887
3414 0.018150001764297485 0.39968112111091614 -0.43881848454475403
3415 0.4066932201385498 0.7814692854881287 0.1381702870130539
3416 0.21089805662631989 0.26569864153862 0.04414033144712448
3417 -0.19700591266155243 0.7332958579063416 -0.07145091891288757
3418 0.19414259493350983 0.5945555567741394 -0.171738862991333
3419 0.4495508372783661 0.2938523292541504 -0.1542661339044571
3420 -0.13043218851089478 0.5760573148727417 0.034539785236120224
3421 0.14026595652103424 0.520304262638092 -0.1080079972743988
3422 -0.07986987382173538 0.24859654903411865 -0.10159987956285477
3423 -0.24723486602306366 0.06294552236795425 0.22009047865867615
3424 0.34196969866752625 0.3379276394844055 -0.14285124838352203
3425 -0.06935007870197296 0.24388442933559418 0.22760875523090363
3426 -0.1699930876493454 0.18987207114696503 -0.2997600734233856
3427 0.4506554901599884 0.5974541306495667 0.12357264012098312
3428 -0.03124786727130413 0.7279568910598755 -0.33441945910453796
3429 -0.14809107780456543 0.801311194896698 0.29959338903427124
3430 -0.16843707859516144 0.047757819294929504 -0.359750896692276
3431 0.2899240255355835 0.458525687456131 0.07082097977399826
3432 -0.13904930651187897 0.05253124237060547 0.01225068885833025
3433 -0.09141068905591965 0.6462615132331848 -0.07599464803934097
3434 -0.01742214523255825 0.41557106375694275 -0.13497495651245117
3435 0.0028311973437666893 0.5329236388206482 -0.4475271999835968
3436 -0.43369027972221375 0.20923496782779694 -0.2781229019165039
3437 0.06755539029836655 0.6115528345108032 -0.2842889428138733
3438 0.21436850726604462 0.30183976888656616 -0.15974336862564087
3439 0.19735324382781982 0.3771320879459381 -0.0850825160741806
3440 0.42051488161087036 0.4166962802410126 -0.284373939037323
3441 -0.06736163794994354 0.19636842608451843 -0.36850041151046753
3442 0.1214887872338295 0.3815372884273529 0.02839778922498226
3443 0.43134522438049316 0.6933932304382324 -0.009012809954583645
3444 -0.4396444261074066 0.6673476099967957 -0.29030168056488037
3445 -0.362248957157135 0.4640806317329407 0.08115728944540024
3446 0.11357884109020233 0.3343563675880432 -0.1905946582555771
3447 0.15995170176029205 0.13651807606220245 0.2969108819961548
3448 0.3304463326931 0.8105048537254333 0.2880725860595703
3449 -0.4466949701309204 0.4830280542373657 -0.12601594626903534
3450 -0.08029375225305557 0.7306064963340759 -0.024039480835199356
3451 0.3191129267215729 0.6895306706428528 -0.027706865221261978
3452 -0.021807679906487465 0.513107419013977 0.4246053993701935
3453 -0.4113122224807739 0.5415181517601013 -0.07772620767354965
3454 -0.012468291446566582 0.5869258642196655 0.24870677292346954
3455 -0.19179704785346985 0.7236672639846802 -0.39972326159477234
3456 -0.10511009395122528 0.4360382556915283 -0.23822039365768433
3457 -0.21511898934841156 0.7672584056854248 -0.26288244128227234
3458 0.0032291640527546406 0.7948740720748901 -0.05691378936171532
3459 0.08278214186429977 0.17687620222568512 0.09877730160951614
3460 -0.23466433584690094 0.3517450988292694 -0.06131943687796593
3461 0.37695589661598206 0.5248843431472778 0.013254952616989613
3462 0.03252565115690231 0.19538064301013947 0.37284913659095764
3463 -0.014516021125018597 0.9418966174125671 0.12147515267133713
3464 0.025959838181734085 0.21780826151371002 -0.07559264451265335
3465 -0.3386536240577698 0.6875085234642029 -0.38183972239494324
3466 0.0009181384230032563 0.9352878928184509 -0.31450819969177246
3467 -0.1512487679719925 0.21732154488563538 -0.09379343688488007
3468 -0.17642079293727875 0.6111767888069153 -0.21202054619789124
3469 -0.025928054004907608 0.5592513680458069 0.16272753477096558
3470 -0.4497828781604767 0.6173304915428162 -0.2579835057258606
3471 0.22482101619243622 0.1312503218650818 0.051760751754045486
3472 -0.37961816787719727 0.14054860174655914 0.3125666379928589
3473 0.36701446771621704 0.42769360542297363 0.08488231897354126
3474 0.34230417013168335 0.6336058974266052 0.3991861343383789
3475 -0.07634730637073517 0.4195669889450073 -0.008634679950773716
3476 0.0032880858052521944 0.5532895922660828 -0.271904855966568
3477 -0.00406699487939477 0.35007554292678833 0.3858530819416046
3478 -0.29053202271461487 0.7340417504310608 0.08866240829229355
3479 -0.2162458449602127 0.1362413614988327 0.4114222526550293
3480 0.24465803802013397 0.626052975654602 -0.09006108343601227
3481 0.38906025886535645 0.22318090498447418 -0.43162232637405396
3482 -0.348884642124176 0.4705548584461212 0.3681771457195282
3483 0.3114941418170929 0.731300950050354 0.20213210582733154
3484 -0.09702954441308975 0.6366240382194519 0.050469882786273956
3485 0.06417219340801239 0.33000943064689636 0.42208802700042725
3486 0.22986043989658356 0.42802682518959045 0.12128511071205139
3487 -0.22156348824501038 0.5852294564247131 -0.01849033124744892
3488 -0.10155516862869263 0.8818323016166687 0.3670520782470703
3489 0.19149647653102875 0.5075832605361938 -0.15482719242572784
3490 -0.21573565900325775 0.2165875881910324 -0.32456913590431213
3491 -0.3460124433040619 0.45965686440467834 -0.09641534090042114
3492 0.044937554746866226 0.6779426336288452 0.29515570402145386
3493 0.17803464829921722 0.5178053379058838 0.12945587933063507
3494 -0.2030428797006607 0.2400313764810562 -0.029898615553975105
3495 -0.1386386752128601 0.44601181149482727 0.28801393508911133
3496 -0.09358178824186325 0.9389020800590515 0.43805351853370667
3497 -0.27771326899528503 0.6519453525543213 -0.2690521478652954
3498 0.3024093210697174 0.803907036781311 -0.08234765380620956
3499 0.1310713142156601 0.9115352034568787 0.07982805371284485
3500 0.1248738169670105 0.5611744523048401 0.35649827122688293
3501 -0.13924938440322876 0.8098486661911011 0.15144802629947662
3502 -0.401425838470459 0.7873455882072449 -0.08971019089221954
3503 0.1274903565645218 0.10131803900003433 0.23603688180446625
3504 -0.27424511313438416 0.1447421759366989 0.16532383859157562
3505 0.006236047483980656 0.945008397102356 -0.07192377001047134
3506 -0.4473479986190796 0.042758941650390625 0.0914611965417862
3507 -0.12251032888889313 0.37523195147514343 -0.016033422201871872
3508 0.2216116040945053 0.7156156897544861 0.16260765492916107
3509 0.17115674912929535 0.5137816071510315 0.3428531587123871
3510 -0.0029646840412169695 0.5930397510528564 -0.01703350991010666
3511 -0.2756395637989044 0.7436968684196472 -0.16513186693191528
3512 0.21545176208019257 0.4829633831977844 0.36784297227859497
3513 -0.07058027386665344 0.23651376366615295 0.2816227972507477
3514 -0.12621697783470154 0.7657120823860168 -0.09176395833492279
3515 -0.27124130725860596 0.2008177489042282 -0.07884502410888672
3516 0.29694536328315735 0.633543848991394 0.007324530277401209
3517 -0.3970220386981964 0.44208967685699463 -0.15471452474594116
3518 -0.06491736322641373 0.5024781823158264 0.37814080715179443
3519 0.08890600502490997 0.37668576836586 -0.03666713088750839
3520 -0.04169492423534393 0.8988393545150757 0.45286279916763306
3521 0.3101382255554199 0.885906457901001 -0.15068507194519043
3522 0.29562944173812866 0.6533028483390808 0.441879004240036
3523 0.24536079168319702 0.2553647458553314 -0.31759363412857056
3524 0.1087912917137146 0.29662084579467773 -0.13354052603244781
3525 0.06932219117879868 0.2521490752696991 -0.17321069538593292
3526 -0.18550491333007812 0.817686915397644 0.040170639753341675
3527 0.09524329006671906 0.32489627599716187 0.19774682819843292
3528 -0.09264463931322098 0.06017439067363739 -0.25583744049072266
3529 -0.18230889737606049 0.5367599129676819 -0.055921684950590134
3530 0.12960262596607208 0.32126548886299133 0.4298846125602722
3531 -0.11072010546922684 0.7706002593040466 0.4390393793582916
3532 0.1477128267288208 0.3554060459136963 -0.4468242824077606
3533 0.19101008772850037 0.2891511917114258 -0.02161659486591816
3534 -0.11163216829299927 0.6058690547943115 0.32500550150871277
3535 -0.10867574065923691 0.3356700837612152 -0.07181040197610855
3536 -0.2558753192424774 0.8894041776657104 0.028281094506382942
3537 0.07639078050851822 0.3650000989437103 0.2808995842933655
3538 0.2188994288444519 0.6480985879898071 -0.1843748390674591
3539 -0.35813382267951965 0.8472744822502136 -0.025766056030988693
3540 -0.052894528955221176 0.8509064316749573 0.01424716878682375
3541 0.24571751058101654 0.637806236743927 -0.026065638288855553
3542 0.11109048873186111 0.885213315486908 -0.3060790002346039
3543 0.02657311223447323 0.0817757099866867 -0.39913108944892883
3544 -0.2981731593608856 0.6425759196281433 0.06434795260429382
3545 0.30162662267684937 0.7418298125267029 -0.45423272252082825
3546 0.25494715571403503 0.16954877972602844 0.15130513906478882
3547 -0.4435897171497345 0.13989265263080597 -0.08506946265697479
3548 -0.025600263848900795 0.17671971023082733 -0.10816661268472672
3549 0.120387963950634 0.5716415643692017 -0.22544196248054504
3550 0.1289091408252716 0.3859473168849945 0.3238997161388397
3551 -0.2646123468875885 0.17850758135318756 -0.4078967571258545
3552 0.050138767808675766 0.7468788027763367 -0.2054160088300705
3553 -0.0943676233291626 0.8779048323631287 0.42828604578971863
3554 0.04015658423304558 0.27109163999557495 0.40079569816589355
3555 0.10652630776166916 0.3947717845439911 0.4226295053958893
3556 -0.44779476523399353 0.4659808278083801 0.2626146972179413
3557 0.2348669469356537 0.480698823928833 0.17062507569789886
3558 -0.2802591621875763 0.24788302183151245 0.09344231337308884
3559 0.17413462698459625 0.7311691641807556 -0.16343086957931519
3560 -0.38454535603523254 0.21929632127285004 -0.45236557722091675
3561 0.08495927602052689 0.8296392560005188 -0.05740486457943916
3562 0.10523348301649094 0.46894800662994385 0.37329792976379395
3563 -0.2995876371860504 0.8642935156822205 -0.10367226600646973
3564 0.049269501119852066 0.7095702290534973 0.19919975101947784
3565 0.15289558470249176 0.44210514426231384 0.10055410116910934
3566 -0.2982935607433319 0.0739147961139679 -0.36404722929000854
3567 0.08344203978776932 0.5710800290107727 -0.16678328812122345
3568 -0.10044094175100327 0.2620113790035248 -0.26688385009765625
3569 0.3520826995372772 0.7159699201583862 0.2438935935497284
3570 -0.330303817987442 0.746123194694519 -0.09977379441261292
3571 0.4364793002605438 0.8851399421691895 0.29592445492744446
3572 0.3665221631526947 0.9343107342720032 0.0929492861032486
3573 -0.182981938123703 0.6735920906066895 0.17075012624263763
3574 -0.06932464987039566 0.46812838315963745 -0.061097778379917145
3575 -0.39521804451942444 0.6052362322807312 0.029031556099653244
3576 0.258614718914032 0.24297043681144714 -0.13349248468875885
3577 0.10072120279073715 0.5048810243606567 0.24278344213962555
3578 -0.015287376008927822 0.7871764302253723 0.29450780153274536
3579 0.21759723126888275 0.3638722896575928 0.14156770706176758
3580 -0.13445113599300385 0.26775798201560974 -0.1310204416513443
3581 -0.09357231855392456 0.7698706984519958 -0.20950226485729218
3582 0.24338223040103912 0.40575799345970154 -0.18596002459526062
3583 0.1336573213338852 0.8037924766540527 -0.3710375130176544
3584 0.16852569580078125 0.7306767106056213 0.13193437457084656
3585 -0.38375329971313477 0.43078356981277466 -0.21691057085990906
3586 -0.363359272480011 0.6819919943809509 -0.20760376751422882
3587 -0.253450483083725 0.5297024846076965 -0.13494884967803955
3588 -0.3111506998538971 0.05089592561125755 -0.44127964973449707
3589 -0.23581239581108093 0.6891118884086609 0.14646944403648376
3590 0.25886502861976624 0.5636788606643677 -0.0012644929811358452
3591 -0.3913138508796692 0.3894175589084625 -0.04651762917637825
3592 -0.2492312490940094 0.3741093873977661 -0.26158085465431213
3593 -0.44450461864471436 0.13870930671691895 -0.3932277262210846
3594 0.06994312256574631 0.3623078465461731 -0.4456503689289093
3595 -0.21702797710895538 0.6679844260215759 0.08061256259679794
3596 0.23570601642131805 0.19462144374847412 0.2570318877696991
3597 -0.09343694150447845 0.7094895839691162 -0.3864632844924927
3598 -0.23095761239528656 0.20384648442268372 -0.2295198142528534
3599 -0.05791803076863289 0.72932368516922 -0.19278204441070557
3600 0.38148635625839233 0.944217324256897 -0.08591745048761368
3601 -0.37701377272605896 0.7595484852790833 0.402569055557251
3602 0.1942143440246582 0.8944914937019348 0.16843390464782715
3603 -0.18199270963668823 0.9398617148399353 0.19942457973957062
3604 -0.04637151584029198 0.3882078528404236 0.22183702886104584
3605 -0.02372785285115242 0.7497535347938538 0.43427592515945435
3606 -0.08974366635084152 0.43550384044647217 0.3982721269130707
3607 0.3418758511543274 0.6112063527107239 0.1210591048002243
3608 0.1494985967874527 0.18464460968971252 0.23762410879135132
3609 -0.11020863056182861 0.8718323707580566 0.14173927903175354
3610 0.1848212629556656 0.7876033782958984 -0.3319113850593567
3611 -0.3213505744934082 0.20077930390834808 0.008022709749639034
3612 -0.2341591864824295 0.23594503104686737 -0.2762952446937561
3613 0.32832178473472595 0.4486938416957855 0.4417661130428314
3614 0.3466036021709442 0.37874072790145874 0.018172312527894974
3615 -0.38232943415641785 0.9519866108894348 -0.03302044793963432
3616 0.1622118353843689 0.3822420537471771 0.4488005042076111
3617 -0.07692216336727142 0.816307544708252 0.12024721503257751
3618 0.13933584094047546 0.8878086805343628 0.13584654033184052
3619 0.23529331386089325 0.545362651348114 -0.1859857589006424
3620 0.24480512738227844 0.5222691297531128 0.04588053375482559
3621 0.10487015545368195 0.44856083393096924 -0.21480798721313477
3622 0.4489566385746002 0.6359462141990662 -0.14339357614517212
3623 0.18666797876358032 0.8296902775764465 -0.08761688321828842
3624 -0.22627021372318268 0.7419214248657227 0.19413191080093384
3625 -0.3359471261501312 0.5265417098999023 0.09428083151578903
3626 0.11541876941919327 0.523171603679657 0.15921419858932495
3627 0.0746559426188469 0.7092428803443909 0.1386394053697586
3628 -0.2144385278224945 0.16310705244541168 -0.06828012317419052
3629 0.059552133083343506 0.3410298526287079 -0.08068116754293442
3630 0.04333081096410751 0.6209664940834045 0.3402892053127289
3631 -0.23193016648292542 0.6119155287742615 -0.1674279421567917
3632 -0.1858971267938614 0.38066086173057556 0.06317949295043945
3633 -0.17552147805690765 0.40630149841308594 0.011680206283926964
3634 -0.30077868700027466 0.5314893126487732 -0.3412214517593384
3635 0.11680721491575241 0.40156126022338867 0.14855419099330902
3636 -0.2737966477870941 0.8180309534072876 0.24506479501724243
3637 -0.09678857773542404 0.055021077394485474 -0.4180699586868286
3638 0.006220068316906691 0.33097541332244873 -0.15698592364788055
3639 -0.2313188761472702 0.5378124117851257 -0.21151374280452728
3640 0.1813289076089859 0.6497138738632202 0.38857486844062805
3641 -0.0825556293129921 0.38911741971969604 -0.06402615457773209
3642 0.30169904232025146 0.25846147537231445 -0.0913597121834755
3643 -0.3599332571029663 0.05881309136748314 -0.34431174397468567
3644 -0.10669104754924774 0.8177117109298706 -0.06173199042677879
3645 0.10319371521472931 0.6170428395271301 0.09997210651636124
3646 -0.11538950353860855 0.6486776471138 -0.22379979491233826
3647 0.2641153931617737 0.3521803021430969 -0.1269700676202774
3648 0.38666602969169617 0.9309670925140381 0.3112110495567322
3649 -0.221762016415596 0.8458715677261353 0.07244408875703812
3650 0.3375130891799927 0.3620382845401764 0.08938944339752197
3651 0.032042257487773895 0.6650480628013611 0.01925102435052395
3652 0.2793322503566742 0.8098664283752441 0.07516979426145554
3653 0.019471604377031326 0.3467635214328766 0.04094911366701126
3654 0.41274523735046387 0.835558295249939 0.4551754295825958
3655 0.18640638887882233 0.7861859798431396 -0.04121078550815582
3656 -0.04100727289915085 0.05442927032709122 -0.060523588210344315
3657 0.45256516337394714 0.6783568263053894 -0.3863762617111206
3658 0.008233671076595783 0.26786065101623535 -0.1648249477148056
3659 -0.08707267045974731 0.6966315507888794 -0.4490773379802704
3660 0.2920992374420166 0.20975852012634277 -0.28842803835868835
3661 -0.3837924003601074 0.8803852796554565 0.22042766213417053
3662 0.3421441316604614 0.7216500639915466 0.09632565081119537
3663 -0.17863665521144867 0.5982452034950256 -0.11867685616016388
3664 0.05685604736208916 0.7838138937950134 0.16569337248802185
3665 0.16325902938842773 0.3809163570404053 -0.2778685986995697
3666 0.043957553803920746 0.3620492219924927 -0.36774328351020813
3667 -0.3475514054298401 0.10212244838476181 -0.3844040632247925
3668 0.14679859578609467 0.8146602511405945 0.059780947864055634
3669 0.015273855067789555 0.27908092737197876 -0.22267204523086548
3670 0.023893557488918304 0.3162539601325989 -0.3358573913574219
3671 -0.18529541790485382 0.7358587980270386 0.013709846884012222
3672 0.002749173901975155 0.7088857293128967 -0.18140417337417603
3673 0.19844889640808105 0.7661425471305847 -0.2663082778453827
3674 -0.018222536891698837 0.6435520052909851 0.04085423797369003
3675 0.2305174022912979 0.4894803464412689 0.30129721760749817
3676 -0.21653537452220917 0.05875629931688309 0.3099699020385742
3677 0.280534565448761 0.5794667601585388 0.129412442445755
3678 -0.313383013010025 0.28690072894096375 0.0492921844124794
3679 0.2850094437599182 0.5635921955108643 -0.05866265669465065
3680 0.04216483235359192 0.04665880277752876 -0.35614797472953796
3681 0.2868500053882599 0.8621380925178528 0.2722347378730774
3682 0.18343812227249146 0.44344258308410645 -0.10452189296483994
3683 0.2935514450073242 0.3572366237640381 0.20912614464759827
3684 0.27039843797683716 0.563000500202179 0.4411430060863495
3685 -0.10613377392292023 0.3067605793476105 0.07856617122888565
3686 -0.14547550678253174 0.5070603489875793 0.4469929337501526
3687 -0.22133490443229675 0.7725976705551147 -0.386130690574646
3688 0.41254544258117676 0.05990464240312576 -0.43858784437179565
3689 -0.16732387244701385 0.054599735885858536 0.2766464352607727
3690 -0.038658883422613144 0.4372512698173523 0.05764598771929741
3691 0.08059319108724594 0.5208079218864441 -0.31604763865470886
3692 0.29415807127952576 0.3213646113872528 0.0560871846973896
3693 0.10630786418914795 0.6722812652587891 0.18811456859111786
3694 0.15938162803649902 0.49210667610168457 -0.23905698955059052
3695 -0.3395080864429474 0.16813118755817413 -0.2826925218105316
3696 0.10158288478851318 0.5605868697166443 0.25904807448387146
3697 -0.23678641021251678 0.8771841526031494 -0.42926034331321716
3698 -0.08651599287986755 0.2927505671977997 0.16013722121715546
3699 0.27021706104278564 0.3539724051952362 -0.2269263118505478
3700 0.2850353419780731 0.7212725281715393 0.015734877437353134
3701 -0.18564683198928833 0.6519073247909546 -0.054573845118284225
3702 0.020161518827080727 0.688732385635376 0.24430546164512634
3703 0.25760331749916077 0.43661680817604065 -0.057378292083740234
3704 -0.3366244435310364 0.6221900582313538 0.019605930894613266
3705 -0.3216654658317566 0.671843409538269 0.09383159875869751
3706 -0.28443384170532227 0.16670967638492584 -0.31882455945014954
3707 0.1380172073841095 0.39996063709259033 -0.1211012452840805
3708 0.13146179914474487 0.35333251953125 0.24562816321849823
3709 -0.019958898425102234 0.4348951578140259 0.29791149497032166
3710 -0.13906855881214142 0.7370958924293518 0.2748819887638092
3711 0.22785228490829468 0.24426674842834473 -0.1930827498435974
3712 0.22224842011928558 0.2060796469449997 0.05125511810183525
3713 -0.2110881805419922 0.6837412714958191 -0.4446147084236145
3714 0.20327410101890564 0.2083354890346527 0.13558655977249146
3715 0.4467129707336426 0.455239862203598 -0.32008594274520874
3716 0.4430678188800812 0.21515128016471863 0.0827944427728653
3717 -0.04408371075987816 0.31762930750846863 0.2653321623802185
3718 0.012440421618521214 0.5603259205818176 0.40080785751342773
3719 -0.1880858838558197 0.36113324761390686 -0.2585007846355438
3720 0.43222305178642273 0.6456576585769653 0.369804710149765
3721 -0.154006689786911 0.6408912539482117 -0.2741866409778595
3722 -0.1434752643108368 0.71509850025177 0.14072048664093018
3723 0.20593664050102234 0.8478090763092041 -0.01833837851881981
3724 -0.20366233587265015 0.3555789589881897 -0.16666080057621002
3725 -0.053968630731105804 0.7621077299118042 -0.14581726491451263
3726 -0.11019302904605865 0.1653621345758438 0.1643381118774414
3727 0.010683167725801468 0.17381779849529266 0.08282296359539032
3728 0.14958171546459198 0.8103679418563843 -0.248555526137352
3729 -0.4444471597671509 0.24563691020011902 -0.11919162422418594
3730 0.20565788447856903 0.8673508763313293 0.4424692988395691
3731 0.1986115425825119 0.3815438151359558 0.34344565868377686
3732 0.2640136182308197 0.27295273542404175 -0.03921700268983841
3733 0.27507683634757996 0.11997571587562561 0.31044185161590576
3734 -0.43410876393318176 0.7405275702476501 0.43791231513023376
3735 -0.19091454148292542 0.6439351439476013 0.443088173866272
3736 0.14790771901607513 0.627475380897522 -0.1504145711660385
3737 0.043412283062934875 0.8492293953895569 -0.23198960721492767
3738 0.27151331305503845 0.48004499077796936 0.25179165601730347
3739 0.43295300006866455 0.418014794588089 0.061499662697315216
3740 0.353277325630188 0.5146869421005249 0.3702726364135742
3741 -0.16574062407016754 0.5040622353553772 -0.2043638974428177
3742 -0.3033580183982849 0.5747641921043396 -0.2631552517414093
3743 -0.27285322546958923 0.3631163239479065 0.07999566942453384
3744 0.01464904099702835 0.7710080146789551 -0.24360589683055878
3745 0.43563947081565857 0.38994237780570984 -0.004341694060713053
3746 -0.09331172704696655 0.4340236783027649 0.33299219608306885
3747 0.26662158966064453 0.5301899313926697 0.1595497578382492
3748 -0.1452745944261551 0.6901589632034302 -0.10578691214323044
3749 -0.1819322407245636 0.8685141801834106 0.13871237635612488
3750 0.24631641805171967 0.535860538482666 -0.04159175232052803
3751 -0.25739166140556335 0.43940243124961853 -0.29496750235557556
3752 0.19566087424755096 0.6751693487167358 0.45003509521484375
3753 0.011044643819332123 0.359366238117218 -0.19838619232177734
3754 0.24320580065250397 0.3384861946105957 -0.05047590658068657
3755 0.08742360025644302 0.09221959114074707 -0.4564303755760193
3756 -0.1390390396118164 0.9468982219696045 -0.37749189138412476
3757 0.11255555599927902 0.5970969200134277 -0.3559674322605133
3758 0.04340828210115433 0.8346524834632874 -0.0033196816220879555
3759 -0.16447784006595612 0.37983274459838867 -0.058623895049095154
3760 -0.17900194227695465 0.477948397397995 -0.2953856885433197
3761 0.03883298113942146 0.4755503535270691 0.27295681834220886
3762 0.1973789632320404 0.1329174041748047 0.20501843094825745
3763 0.15017655491828918 0.053455840796232224 0.1516929566860199
3764 0.01657765917479992 0.4278140962123871 0.39375048875808716
3765 0.2663699686527252 0.43081724643707275 -0.125736266374588
3766 0.06531977653503418 0.6186697483062744 -0.1932084709405899
3767 -0.14985916018486023 0.9521680474281311 -0.27266913652420044
3768 0.07204563915729523 0.21892310678958893 0.2749346196651459
3769 0.44622522592544556 0.9084481596946716 -0.4545478820800781
3770 0.4018625319004059 0.4885801672935486 0.18488499522209167
3771 -0.006816052831709385 0.23342619836330414 0.2301453799009323
3772 0.03396495804190636 0.8465580344200134 0.3978922665119171
3773 -0.17250007390975952 0.5109344124794006 -0.1381075233221054
3774 0.23568598926067352 0.3054073750972748 -0.21628554165363312
3775 0.05244817957282066 0.35583776235580444 0.3705413341522217
3776 -0.04728494957089424 0.9363352656364441 -0.23153074085712433
3777 0.2419024556875229 0.1509130299091339 0.3501230776309967
3778 0.24378108978271484 0.8768002390861511 -0.06531422585248947
3779 0.4385204613208771 0.4230985641479492 0.12866036593914032
3780 -0.26201775670051575 0.9399760961532593 0.35549476742744446
3781 0.12078849971294403 0.26644325256347656 0.3241337239742279
3782 0.3115376830101013 0.3432502746582031 0.14061614871025085
3783 -0.30522364377975464 0.948140025138855 0.24331134557724
3784 0.15944407880306244 0.2738686203956604 0.2150578498840332
3785 0.0014269782695919275 0.6725318431854248 -0.33879098296165466
3786 -0.0957689955830574 0.2504143714904785 0.027743235230445862
3787 0.05906470865011215 0.8504654765129089 -0.16059885919094086
3788 0.29738980531692505 0.2997802495956421 0.341930091381073
3789 0.2739020586013794 0.9419570565223694 0.4440344572067261
3790 -0.108033187687397 0.6594226360321045 -0.3150084614753723
3791 0.3083465099334717 0.5483477711677551 -0.2988014817237854
3792 0.09388421475887299 0.5407136678695679 -0.37301674485206604
3793 0.2038598507642746 0.05550365895032883 0.26144272089004517
3794 0.30572429299354553 0.17447064816951752 -0.33685943484306335
3795 -0.24814775586128235 0.7382301688194275 0.26803988218307495
3796 -0.21204997599124908 0.551604151725769 0.25147318840026855
3797 -0.018401136621832848 0.11449539661407471 -0.3308981657028198
3798 0.085405632853508 0.22903908789157867 0.12556099891662598
3799 0.0606679767370224 0.8481989502906799 0.29449978470802307
3800 0.2867029309272766 0.24019190669059753 0.3357691466808319
3801 0.1296115219593048 0.6363180875778198 -0.07734143733978271
3802 0.12191857397556305 0.23791398108005524 0.2462242990732193
3803 0.27445143461227417 0.05561411753296852 0.31946372985839844
3804 0.4060063660144806 0.7346048355102539 0.21101132035255432
3805 -0.13228903710842133 0.2269888073205948 -0.44417712092399597
3806 0.3596698045730591 0.852958083152771 0.1575518548488617
3807 0.10780823230743408 0.30599847435951233 0.02085070312023163
3808 -0.4112716317176819 0.9461108446121216 -0.31529754400253296
3809 -0.1046498641371727 0.1901673972606659 -0.3011069595813751
3810 0.03516177833080292 0.38805949687957764 -0.15080611407756805
3811 -0.051172398030757904 0.6845510005950928 0.13476355373859406
3812 0.04868106544017792 0.28817859292030334 0.05217047780752182
3813 0.13854087889194489 0.4246964752674103 -0.443435937166214
3814 0.009064331650733948 0.38555625081062317 0.1154673621058464
3815 0.21753540635108948 0.8858959674835205 0.40330982208251953
3816 -0.2715147137641907 0.5247467160224915 0.29408901929855347
3817 -0.38978075981140137 0.8165539503097534 0.10086927562952042
3818 -0.15674477815628052 0.8730016946792603 -0.14962409436702728
3819 0.2207353562116623 0.6044595837593079 -0.4345856010913849
3820 0.17351879179477692 0.28610286116600037 0.36345750093460083
3821 0.44956737756729126 0.9259103536605835 -0.14528658986091614
3822 -0.311605840921402 0.6556662917137146 0.44760411977767944
3823 -0.003455720841884613 0.14483816921710968 0.33208534121513367
3824 0.2880735397338867 0.10752084851264954 -0.23420022428035736
3825 0.39612293243408203 0.45993661880493164 -0.4463352859020233
3826 -0.03256469592452049 0.3985474705696106 0.3967571556568146
3827 0.4324486255645752 0.0653693899512291 0.41584843397140503
3828 -0.2672889232635498 0.4681892395019531 -0.11082195490598679
3829 0.13785715401172638 0.6588100790977478 0.08396399766206741
3830 -0.4526674449443817 0.16917137801647186 0.4505143165588379
3831 0.3945785164833069 0.5006922483444214 -0.22456438839435577
3832 0.05596574395895004 0.6392310857772827 0.21715034544467926
3833 0.4434225857257843 0.5089340806007385 0.4474431872367859
3834 0.3556789457798004 0.9431975483894348 -0.18853139877319336
3835 -0.37682393193244934 0.20707610249519348 -0.2443804144859314
3836 -0.022584576159715652 0.049041517078876495 -0.39966267347335815
3837 0.45143023133277893 0.04477719962596893 0.34240439534187317
3838 -0.27925124764442444 0.2560290992259979 -0.06326430290937424
3839 -0.3793714940547943 0.47154858708381653 0.16174259781837463
3840 -0.33527860045433044 0.25744563341140747 -0.1130753681063652
3841 0.15411202609539032 0.23335033655166626 0.16668708622455597
3842 -0.11981523782014847 0.7071963548660278 0.3857637047767639
3843 -0.3140365779399872 0.5489532947540283 -0.1831859052181244
3844 -0.27914440631866455 0.8085435628890991 -0.2590228021144867
3845 0.176182359457016 0.844373881816864 -0.1842312067747116
3846 -0.22021885216236115 0.3227783441543579 -0.3404996693134308
3847 0.3794744312763214 0.7919894456863403 0.33094707131385803
3848 -0.22315222024917603 0.6963903903961182 -0.023320740088820457
3849 0.12000216543674469 0.4926341474056244 0.10702695697546005
3850 0.24153496325016022 0.9420346617698669 -0.11680934578180313
3851 0.14240038394927979 0.3409803509712219 0.10021276772022247
3852 -0.29740720987319946 0.9479077458381653 0.1670384556055069
3853 -0.19974130392074585 0.861188530921936 0.314657986164093
3854 -0.2339419275522232 0.3817208409309387 0.28846728801727295
3855 -0.35021594166755676 0.5071501135826111 -0.17403115332126617
3856 0.153839573264122 0.05855376273393631 0.24850887060165405
3857 0.190280482172966 0.6027154922485352 0.22211585938930511
3858 0.12918634712696075 0.8144277930259705 0.3702387511730194
3859 -0.022879334166646004 0.3871649205684662 0.01128825731575489
3860 -0.1901591271162033 0.8002774715423584 -0.32289835810661316
3861 -0.14311546087265015 0.2094716876745224 0.015665804967284203
3862 -0.3202815055847168 0.17904721200466156 -0.21248139441013336
3863 -0.4422360956668854 0.40332743525505066 -0.37278851866722107
3864 0.1886599063873291 0.26215246319770813 0.3123830258846283
3865 -0.2119336575269699 0.7199993133544922 0.43799659609794617
3866 -0.05685439705848694 0.48207902908325195 -0.3871634900569916
3867 -0.402514785528183 0.29435622692108154 -0.4498308598995209
3868 -0.07887563854455948 0.8624502420425415 -0.4050903916358948
3869 -0.08698305487632751 0.34674420952796936 0.04320593550801277
3870 0.17487439513206482 0.7491353154182434 0.21396097540855408
3871 -0.07259739935398102 0.2716214954853058 -0.042982373386621475
3872 0.3909815847873688 0.4155377149581909 0.021883251145482063
3873 -0.06653692573308945 0.2511371970176697 -0.21876151859760284
3874 0.15640147030353546 0.27555912733078003 -0.11412721872329712
3875 0.32352444529533386 0.9020676612854004 -0.008114310912787914
3876 -0.4265243709087372 0.33162882924079895 -0.22318583726882935
3877 -0.03126842901110649 0.3016233742237091 0.13686466217041016
3878 -0.16891571879386902 0.4478779733181 -0.11474757641553879
3879 0.00584822054952383 0.1092556044459343 -0.11653632670640945
3880 0.24266688525676727 0.4316205084323883 0.33367884159088135
3881 -0.44276806712150574 0.29190096259117126 0.3325582444667816
3882 -0.03264183923602104 0.21441306173801422 0.45194604992866516
3883 -0.08143898099660873 0.33145561814308167 -0.28961777687072754
3884 0.18544360995292664 0.5976439714431763 -0.0991375595331192
3885 0.31647953391075134 0.056437909603118896 0.2703574597835541
3886 -0.22319765388965607 0.8316140174865723 -0.3066557049751282
3887 -0.44591769576072693 0.04854053631424904 -0.24523955583572388
3888 0.008827457204461098 0.8582824468612671 0.3239554464817047
3889 0.11711597442626953 0.7972250580787659 0.2840179204940796
3890 -0.1792972832918167 0.5112797021865845 0.2391611635684967
3891 0.22661039233207703 0.8222037553787231 -0.1430816501379013
3892 -0.1674749255180359 0.18423844873905182 0.11766533553600311
3893 -0.31963539123535156 0.3522742688655853 -0.4401124119758606
3894 -0.3810628354549408 0.9461795687675476 -0.1580602377653122
3895 -0.26652294397354126 0.797568678855896 0.36617907881736755
3896 0.4319700002670288 0.10593840479850769 0.23502740263938904
3897 -0.24801722168922424 0.52595055103302 -0.42420729994773865
3898 0.10422959923744202 0.15760017931461334 -0.3799419105052948
3899 -0.2838731110095978 0.3083890974521637 -0.03441493958234787
3900 -0.3264554440975189 0.05160035192966461 0.12242992222309113
3901 0.11911468207836151 0.6546568274497986 -0.019795682281255722
3902 -0.4426441788673401 0.2533956468105316 0.44702768325805664
3903 0.2895567715167999 0.06144292280077934 0.2085118591785431
3904 0.1115109920501709 0.2987231910228729 -0.24078615009784698
3905 -0.03891652449965477 0.9414518475532532 0.3097790479660034
3906 -0.021511858329176903 0.32388636469841003 -0.048831917345523834
3907 0.4435594081878662 0.36743611097335815 -0.1636822670698166
3908 0.32830193638801575 0.25739315152168274 0.024754054844379425
3909 -0.4468860626220703 0.8822207450866699 0.15964242815971375
3910 0.4422408640384674 0.16765393316745758 0.24315375089645386
3911 -0.15818972885608673 0.24136574566364288 0.19102729856967926
3912 0.2542549967765808 0.6809096336364746 0.3808668553829193
3913 0.24241115152835846 0.1972527951002121 -0.3240382969379425
3914 0.11902615427970886 0.7447425723075867 0.37822476029396057
3915 -0.44229358434677124 0.21825745701789856 -0.21222302317619324
3916 -0.15255188941955566 0.1828753501176834 0.2910856008529663
3917 0.04161662980914116 0.8863916993141174 0.014866015873849392
3918 -0.4335833191871643 0.9180405139923096 -0.43770506978034973
3919 0.15598560869693756 0.947748064994812 0.2226903736591339
3920 -0.047455210238695145 0.24131710827350616 0.15435092151165009
3921 -0.0389275997877121 0.31752967834472656 0.06194313243031502
3922 0.1998421996831894 0.06944424659013748 0.4367123246192932
3923 -0.1353929191827774 0.43196138739585876 -0.43293458223342896
3924 0.14926353096961975 0.13273732364177704 -0.12456244975328445
3925 0.17572693526744843 0.40608450770378113 0.14198365807533264
3926 -0.36944133043289185 0.05402466282248497 0.34714028239250183
3927 0.20557719469070435 0.289797306060791 0.25687968730926514
3928 0.32117778062820435 0.11629150062799454 0.235753133893013
3929 -0.09790127724409103 0.7134727835655212 -0.32982563972473145
3930 0.07422081381082535 0.6793245077133179 -0.09332766383886337
3931 -0.2498786449432373 0.9549742937088013 0.4571409523487091
3932 -0.4325067400932312 0.35790151357650757 0.02363182231783867
3933 0.37349772453308105 0.38839778304100037 0.13190065324306488
3934 -0.22356067597866058 0.4297237992286682 -0.09162440896034241
3935 -0.009595303796231747 0.5203308463096619 -0.113212451338768
3936 0.10793007910251617 0.597661018371582 -0.4488092362880707
3937 -0.057234715670347214 0.35929620265960693 -0.02353745698928833
3938 0.1252681314945221 0.9383506178855896 0.012086919508874416
3939 0.08811091631650925 0.6421575546264648 0.3890429735183716
3940 -0.46060091257095337 0.8176149129867554 -0.3179151117801666
3941 0.1384408324956894 0.6025431752204895 0.4293290674686432
3942 -0.4006614089012146 0.08029013127088547 0.1397867351770401
3943 0.24980856478214264 0.8031931519508362 0.014878548681735992
3944 0.16561608016490936 0.6095753908157349 0.0003035957633983344
3945 -0.2708706557750702 0.7900301218032837 0.19070114195346832
3946 0.3642790913581848 0.2654082775115967 -0.012590085156261921
3947 0.37117302417755127 0.943930447101593 0.1575118750333786
3948 0.39462876319885254 0.5449044704437256 0.41111767292022705
3949 -0.44364500045776367 0.7498143911361694 0.1942802369594574
3950 -0.06326603889465332 0.8455464839935303 0.38190731406211853
3951 -0.4444237947463989 0.778738796710968 -0.21876394748687744
3952 0.19747909903526306 0.2097061723470688 0.3291395306587219
3953 -0.03796910494565964 0.49703747034072876 0.30209237337112427
3954 0.4009307622909546 0.053393904119729996 -0.2258410006761551
3955 0.44597530364990234 0.601575493812561 -0.23369410634040833
3956 0.3783246576786041 0.4836571514606476 -0.1675664782524109
3957 -0.10803813487291336 0.71112060546875 -0.22687393426895142
3958 -0.024107877165079117 0.13438406586647034 0.24570296704769135
3959 0.45195284485816956 0.5518738627433777 0.4028431177139282
3960 -0.22470100224018097 0.26976510882377625 -0.36864686012268066
3961 0.2980714440345764 0.49057143926620483 0.36639243364334106
3962 -0.12084805220365524 0.5542519092559814 -0.11084374040365219
3963 -0.08542443811893463 0.492204487323761 -0.21544234454631805
3964 0.1713964194059372 0.9486095309257507 0.05162286013364792
3965 -0.34661251306533813 0.3161987364292145 -0.0047147697769105434
3966 -0.11568336933851242 0.24589258432388306 -0.3239521384239197
3967 -0.10066789388656616 0.26191529631614685 0.45600253343582153
3968 -0.1708555668592453 0.7901651859283447 -0.1593254804611206
3969 0.09395149350166321 0.4032949209213257 -0.2957232892513275
3970 -0.4082096219062805 0.8916608691215515 -0.07669071108102798
3971 0.11212160438299179 0.20763280987739563 0.35013484954833984
3972 0.4379428029060364 0.23916815221309662 0.44421589374542236
3973 -0.44728565216064453 0.4561799466609955 0.3793374001979828
3974 0.08063941448926926 0.6669069528579712 -0.15511278808116913
3975 -0.2178083062171936 0.8891986012458801 0.1785864681005478
3976 0.2517193555831909 0.2970983684062958 -0.09788870066404343
3977 -0.040255021303892136 0.24661129713058472 0.002452629618346691
3978 -0.17849741876125336 0.8624454140663147 -0.4444093108177185
3979 0.2153577208518982 0.4534323513507843 0.22807252407073975
3980 0.3164823651313782 0.656541109085083 -0.45246952772140503
3981 -0.05388724058866501 0.06289256364107132 0.34764060378074646
3982 -0.27675315737724304 0.7051792740821838 0.4042811393737793
3983 0.18743398785591125 0.6587855219841003 -0.05181201547384262
3984 0.4468251168727875 0.7882901430130005 -0.2455051690340042
3985 0.1690043807029724 0.24166932702064514 -0.4186815023422241
3986 0.3700064718723297 0.30233901739120483 0.0597354918718338
3987 0.42127156257629395 0.061025723814964294 -0.3078361451625824
3988 0.35037052631378174 0.6864750981330872 -0.2809378504753113
3989 -0.44456979632377625 0.7691023349761963 -0.12299926578998566
3990 0.1841048151254654 0.1814241111278534 -0.39654022455215454
3991 -0.23344027996063232 0.6470658779144287 0.010410839691758156
3992 -0.3303166329860687 0.6452507376670837 -0.0945252999663353
3993 0.371250182390213 0.5864715576171875 0.3728158473968506
3994 -0.1496148258447647 0.9426911473274231 0.30003640055656433
3995 0.13562756776809692 0.10568680614233017 -0.32374876737594604
3996 0.35746124386787415 0.6345792412757874 0.28802287578582764
3997 -0.04209773987531662 0.6632388830184937 -0.10334955900907516
3998 0.2643067240715027 0.6434757709503174 0.18592233955860138
3999 0.16528615355491638 0.18073904514312744 0.39486992359161377
4000 -0.14246441423892975 0.5506040453910828 -0.3767940402030945
4001 -0.3182559907436371 0.23111316561698914 0.05538758262991905
4002 0.3798332214355469 0.41588664054870605 0.4472844898700714
4003 -0.17963656783103943 0.17369531095027924 0.4430859684944153
4004 -0.19208656251430511 0.26696139574050903 -0.08992518484592438
4005 0.06484733521938324 0.1719856709241867 -0.2553686797618866
4006 0.45350977778434753 0.1143794059753418 0.009029415436089039
4007 -0.20025023818016052 0.9510679841041565 -0.07852566987276077
4008 -0.1388646960258484 0.8228057026863098 -0.11579407751560211
4009 -0.09217090159654617 0.35222193598747253 0.1273638755083084
4010 0.10984925180673599 0.5881083607673645 0.30701616406440735
4011 -0.3695906102657318 0.600265622138977 0.38095933198928833
4012 -0.1101878210902214 0.6827210187911987 -0.16436800360679626
4013 0.31627336144447327 0.31268230080604553 0.40958791971206665
4014 -0.14616860449314117 0.05372229591012001 -0.1445741355419159
4015 -0.2689439058303833 0.319049596786499 0.25976356863975525
4016 0.1176203191280365 0.054179057478904724 -0.2622728645801544
4017 -0.2904725968837738 0.5161543488502502 -0.23548854887485504
4018 -0.15339146554470062 0.05960314720869064 -0.2856723964214325
4019 0.22478514909744263 0.7455710172653198 0.010918628424406052
4020 -0.3108445703983307 0.24035704135894775 0.15952129662036896
4021 0.07226088643074036 0.3976108431816101 0.0996846854686737
4022 -0.05425199121236801 0.15170930325984955 0.15707381069660187
4023 0.20291762053966522 0.3226298987865448 -0.2601045072078705
4024 -0.4548691213130951 0.6515143513679504 0.2978011667728424
4025 -0.16113455593585968 0.660451352596283 0.11164260655641556
4026 0.14593814313411713 0.29290780425071716 0.14752741158008575
4027 0.36629077792167664 0.68537837266922 -0.3383846580982208
4028 -0.22116881608963013 0.9623838067054749 0.35025233030319214
4029 0.32916346192359924 0.3489348292350769 -0.03421196714043617
4030 -0.4441428780555725 0.14621393382549286 -0.021277815103530884
4031 -0.3496311604976654 0.43875929713249207 -0.03416766598820686
4032 -0.30914273858070374 0.4631190299987793 -0.26124849915504456
4033 0.44251248240470886 0.9485570788383484 -0.22875793278217316
4034 0.19354338943958282 0.7750100493431091 0.42094287276268005
4035 0.049660153687000275 0.5282473564147949 0.35633087158203125
4036 -0.12302528321743011 0.23606950044631958 0.13118962943553925
4037 0.10789251327514648 0.19443510472774506 0.2570531666278839
4038 -0.12171617895364761 0.3735312819480896 -0.4443195164203644
4039 -0.08138406276702881 0.4649370610713959 -0.44400936365127563
4040 -0.19314906001091003 0.4320213794708252 -0.4142240583896637
4041 0.054878272116184235 0.05878739058971405 -0.11122358590364456
4042 0.4475376307964325 0.5506937503814697 -0.3961988687515259
4043 -0.2062017172574997 0.5705174803733826 0.4555443823337555
4044 -0.09135729819536209 0.12486673891544342 0.26955646276474
4045 -0.36815282702445984 0.30921670794487 -0.048028334975242615
4046 -0.19407173991203308 0.309093713760376 0.05029918625950813
4047 -0.03561147302389145 0.3927213251590729 0.33951547741889954
4048 0.29762905836105347 0.5202862620353699 -0.1855054646730423
4049 0.3080763518810272 0.725982666015625 0.05991601571440697
4050 -0.017010103911161423 0.726616382598877 0.34525662660598755
4051 -0.26429155468940735 0.21390719711780548 0.31405723094940186
4052 0.4505496919155121 0.1399437040090561 -0.21893846988677979
4053 -0.23885765671730042 0.3616660535335541 -0.4448346793651581
4054 0.2798607647418976 0.12472118437290192 -0.09010418504476547
4055 -0.42340990900993347 0.953234076499939 0.27052903175354004
4056 -0.4514468312263489 0.5885723829269409 -0.444536954164505
4057 -0.3576987385749817 0.8403427004814148 -0.3814271092414856
4058 -0.17860814929008484 0.5695545077323914 0.10260070860385895
4059 -0.34955352544784546 0.7267719507217407 0.2217630296945572
4060 -0.3338139057159424 0.29266873002052307 -0.44877275824546814
4061 -0.32790565490722656 0.763637363910675 0.1720764935016632
4062 -0.29997366666793823 0.3431185781955719 0.02873873896896839
4063 -0.45433735847473145 0.6677485108375549 0.18978779017925262
4064 0.43428292870521545 0.2374364584684372 0.26220133900642395
4065 -0.44922053813934326 0.27134183049201965 -0.30598321557044983
4066 -0.14421026408672333 0.5690292119979858 -0.2860950529575348
4067 0.4550366997718811 0.9562398195266724 0.24539412558078766
4068 -0.1883363574743271 0.8393728733062744 -0.20226861536502838
4069 0.38007500767707825 0.6245156526565552 0.17731399834156036
4070 0.45455649495124817 0.8275509476661682 -0.1361204981803894
4071 0.017108825966715813 0.5304810404777527 0.0034855776466429234
4072 -0.26129138469696045 0.1708546131849289 0.3782350718975067
4073 0.30556389689445496 0.08284804970026016 0.38654014468193054
4074 -0.3400484621524811 0.6332058906555176 0.1470518261194229
4075 -0.18863536417484283 0.8935317397117615 -0.27350759506225586
4076 0.4320550560951233 0.3466055989265442 0.12652558088302612
4077 -0.2827395796775818 0.6909655332565308 0.35503992438316345
4078 0.08047329634428024 0.11312983185052872 -0.044719818979501724
4079 0.41538524627685547 0.3154456615447998 0.18255849182605743
4080 -0.4216291010379791 0.8581812977790833 0.32618552446365356
4081 0.2227383553981781 0.39807721972465515 0.4056715667247772
4082 -0.214542955160141 0.4708236753940582 0.18004398047924042
4083 0.29366081953048706 0.5695122480392456 0.1777617186307907
4084 -0.05747887119650841 0.36556553840637207 -0.11790821701288223
4085 -0.16895204782485962 0.7804967164993286 -0.4466022551059723
4086 0.2572547495365143 0.1733333170413971 -0.44761785864830017
4087 0.054628558456897736 0.5091353058815002 -0.4248197376728058
4088 0.2815258204936981 0.45172229409217834 0.12690633535385132
4089 -0.26077666878700256 0.7129684090614319 -0.4533623158931732
4090 -0.4238770008087158 0.7328420877456665 -0.39456042647361755
4091 0.3063221871852875 0.4262092709541321 -0.346779465675354
4092 -0.10736890137195587 0.47076138854026794 -0.13520561158657074
4093 -0.013785706833004951 0.23255115747451782 -0.4155837595462799
4094 -0.013042395003139973 0.9504106640815735 -0.012257889844477177
4095 0.25178149342536926 0.5042211413383484 -0.2861344516277313
4096 0.31991952657699585 0.22402767837047577 0.2710161805152893
4097 -0.0893886536359787 0.3994925022125244 -0.16577544808387756
4098 -0.09209713339805603 0.7248459458351135 0.09041958302259445
4099 -0.3164760172367096 0.7329760193824768 0.35006943345069885
4100 -0.0038344853091984987 0.41864657402038574 -0.28219813108444214
4101 0.3843558132648468 0.5983027219772339 -0.11154878884553909
4102 -0.27919575572013855 0.21418699622154236 0.44619184732437134
4103 -0.4470288157463074 0.6813632845878601 -0.08368783444166183
4104 0.2282503992319107 0.919198751449585 0.26161158084869385
4105 -0.07592728734016418 0.9517912268638611 0.17365314066410065
4106 0.3150198757648468 0.05762411653995514 0.06611134856939316
4107 -0.11651377379894257 0.28158706426620483 0.21329903602600098
4108 -0.25004205107688904 0.07729790359735489 0.022939888760447502
4109 0.21729162335395813 0.568556547164917 0.10747554898262024
4110 -0.35027754306793213 0.5042367577552795 0.21883967518806458
4111 -0.4431171119213104 0.6224002242088318 -0.019182881340384483
4112 -0.037482473999261856 0.0780993327498436 -0.28220751881599426
4113 -0.3287695348262787 0.04585568979382515 0.4509306252002716
4114 -0.39770182967185974 0.5194826722145081 0.019339047372341156
4115 0.44444769620895386 0.7992574572563171 0.06701923906803131
4116 -0.44945889711380005 0.537938117980957 0.335885614156723
4117 -0.17542897164821625 0.502368688583374 -0.3496539294719696
4118 0.3413729667663574 0.36036217212677 0.32255756855010986
4119 -0.44418105483055115 0.3763188421726227 0.3567514419555664
4120 -0.21137966215610504 0.9377280473709106 -0.3697311282157898
4121 -0.028841594234108925 0.8005120158195496 -0.32814913988113403
4122 0.36345040798187256 0.13988502323627472 0.024249328300356865
4123 0.04073462262749672 0.4599722921848297 0.03349953889846802
4124 0.20400531589984894 0.5617979764938354 0.43329697847366333
4125 -0.13018330931663513 0.11111529171466827 -0.09465282410383224
4126 -0.4617445170879364 0.5757946372032166 -0.032851867377758026
4127 0.44898465275764465 0.25879356265068054 -0.21767249703407288
4128 -0.24711719155311584 0.4374751150608063 0.4556187093257904
4129 -0.3745192289352417 0.14937561750411987 0.15764781832695007
4130 -0.29967111349105835 0.16807964444160461 -0.14653556048870087
4131 -0.2889120280742645 0.5998706817626953 -0.0763934925198555
4132 -0.4460834562778473 0.3475962281227112 -0.3572418689727783
4133 0.3966553211212158 0.22533045709133148 -0.18525101244449615
4134 0.2935069799423218 0.057020463049411774 -0.18884076178073883
4135 0.060213714838027954 0.053517770022153854 0.05720416083931923
4136 -0.179128035902977 0.7117838859558105 0.3421611487865448
4137 -0.02890683151781559 0.6782238483428955 -0.2878360152244568
4138 0.39250025153160095 0.09006300568580627 0.0563577376306057
4139 -0.03528781980276108 0.05649662762880325 -0.16343644261360168
4140 0.3880557417869568 0.47222456336021423 0.3700297474861145
4141 -0.14673075079917908 0.6998494863510132 0.05744701251387596
4142 0.4487835764884949 0.48284098505973816 0.3275757431983948
4143 -0.00755494786426425 0.7840399146080017 0.08727221190929413
4144 0.11579449474811554 0.24456557631492615 -0.34973806142807007
4145 -0.2281075119972229 0.4342941641807556 0.2331671267747879
4146 0.3403075635433197 0.7105289101600647 -0.40398240089416504
4147 0.22784942388534546 0.09935329109430313 -0.12487129122018814
4148 0.17977945506572723 0.550563395023346 -0.11643935739994049
4149 0.25009652972221375 0.6491794586181641 -0.3873100280761719
4150 0.014451357536017895 0.4635874927043915 -0.24284321069717407
4151 -0.23506468534469604 0.3579825460910797 0.18322937190532684
4152 -0.3882211148738861 0.24998442828655243 -0.15336184203624725
4153 0.14201964437961578 0.2701002359390259 -0.17630936205387115
4154 -0.4488655626773834 0.9505268335342407 0.16648773849010468
4155 0.3088419735431671 0.5463300943374634 0.3362157344818115
4156 0.3376045525074005 0.10901796817779541 -0.4423671364784241
4157 -0.00571819394826889 0.6629093885421753 0.34489473700523376
4158 -0.2846517860889435 0.9496564865112305 -0.2088571935892105
4159 -0.3243749439716339 0.8800472617149353 -0.25250542163848877
4160 -0.16338588297367096 0.4783810079097748 -0.03226601704955101
4161 -0.23605561256408691 0.7718193531036377 0.06169048696756363
4162 0.08465565741062164 0.941555380821228 -0.44160446524620056
4163 -0.11732988059520721 0.17982392013072968 0.0711481124162674
4164 -0.3564539849758148 0.4969441294670105 0.44604694843292236
4165 -0.4300091862678528 0.7838935256004333 0.3062093257904053
4166 0.24949628114700317 0.6932503581047058 -0.12860269844532013
4167 0.1544153243303299 0.5840002298355103 0.13547411561012268
4168 -0.13355858623981476 0.6037774085998535 -0.07954490929841995
4169 0.1904579997062683 0.3288547992706299 0.0467856228351593
4170 -0.39648401737213135 0.7399030923843384 -0.4471834897994995
4171 -0.2578237056732178 0.6407081484794617 -0.43893110752105713
4172 -0.038391243666410446 0.15181410312652588 -0.4444081485271454
4173 0.05288882181048393 0.27409958839416504 0.21939781308174133
4174 0.1587897092103958 0.12756168842315674 -0.1871201992034912
4175 0.33528995513916016 0.26578906178474426 -0.18727560341358185
4176 -0.18491652607917786 0.3971713185310364 0.4480007290840149
4177 0.09463295340538025 0.3084867596626282 -0.34749817848205566
4178 -0.32158470153808594 0.04584192484617233 0.2917306125164032
4179 -0.22050605714321136 0.7522615790367126 0.3712344467639923
4180 0.11673892289400101 0.20823228359222412 -0.13023792207241058
4181 0.4516964256763458 0.9175514578819275 0.1847478300333023
4182 0.16937285661697388 0.6001086235046387 0.07131985574960709
4183 0.34267517924308777 0.210427388548851 -0.2598188519477844
4184 -0.19660787284374237 0.1949525773525238 0.1725206971168518
4185 0.44339925050735474 0.7076250314712524 -0.09271364659070969
4186 0.44611212611198425 0.3975472152233124 -0.34350234270095825
4187 -0.44823673367500305 0.45587143301963806 0.17874707281589508
4188 -0.02811269275844097 0.6653744578361511 -0.035283152014017105
4189 0.36057934165000916 0.7877366542816162 -0.024494679644703865
4190 -0.3779642581939697 0.5883237719535828 -0.3576876223087311
4191 -0.09156559407711029 0.31066420674324036 0.31000787019729614
4192 -0.2103501409292221 0.6096960306167603 -0.35627108812332153
4193 -0.359317809343338 0.5379219055175781 -0.4455816149711609
4194 0.33777543902397156 0.8276444673538208 -0.1314552277326584
4195 -0.17313648760318756 0.7736949920654297 -0.03252493217587471
4196 -0.31731894612312317 0.7263509035110474 -0.21049393713474274
4197 0.343015193939209 0.45337945222854614 0.13431447744369507
4198 -0.12127742916345596 0.5458847880363464 -0.44632822275161743
4199 0.14340254664421082 0.22648514807224274 0.4456343650817871
4200 -0.05341556295752525 0.8671690225601196 -0.45512792468070984
4201 -0.4540598392486572 0.3047199547290802 0.27531200647354126
4202 0.007314532529562712 0.37193936109542847 0.19769856333732605
4203 -0.44835448265075684 0.04952012747526169 0.17113205790519714
4204 -0.15980999171733856 0.3299639821052551 -0.021078841760754585
4205 -0.2210848480463028 0.5253134965896606 -0.29500043392181396
4206 0.4565233886241913 0.5683242678642273 0.22033269703388214
4207 -0.02555806003510952 0.5568994879722595 0.21192362904548645
4208 0.212356299161911 0.5539650321006775 0.16493616998195648
4209 0.2003481388092041 0.6661118268966675 0.1473349928855896
4210 0.30597320199012756 0.6743659973144531 0.3373335301876068
4211 -0.25000569224357605 0.46785295009613037 -0.23911283910274506
4212 -0.10952717065811157 0.6275053024291992 -0.020540155470371246
4213 -0.17222432792186737 0.1389194130897522 -0.0276434775441885
4214 0.3027467727661133 0.9427921175956726 -0.21974612772464752
4215 -0.36714789271354675 0.33318841457366943 -0.4520227313041687
4216 -0.1962047964334488 0.7011468410491943 -0.28914040327072144
4217 0.14484909176826477 0.435980886220932 0.2548748552799225
4218 -0.08480153977870941 0.7891038656234741 0.21785694360733032
4219 0.4460696578025818 0.7508135437965393 0.39080914855003357
4220 0.2470264583826065 0.7260028123855591 -0.2984134554862976
4221 0.27178794145584106 0.3626803755760193 -0.3649774193763733
4222 0.23531414568424225 0.17401240766048431 -0.25898149609565735
4223 -0.13476069271564484 0.7775827050209045 0.06945455819368362
4224 0.050810132175683975 0.42410770058631897 0.15569250285625458
4225 0.15443646907806396 0.22572585940361023 -0.0985930860042572
4226 -0.27691200375556946 0.4225729703903198 0.19806189835071564
4227 0.22772115468978882 0.04668831080198288 0.39059680700302124
4228 -0.12097830325365067 0.8313524723052979 0.03314049541950226
4229 -0.3505248725414276 0.2575255334377289 0.011036134324967861
4230 0.1505640745162964 0.45173266530036926 0.43152621388435364
4231 0.03998534381389618 0.7961611747741699 0.3004237115383148
4232 0.4406892657279968 0.05521589145064354 -0.057998403906822205
4233 0.09147678315639496 0.4199158251285553 -0.15960782766342163
4234 -0.10067446529865265 0.6658433675765991 0.10408481955528259
4235 0.20674914121627808 0.193949356675148 0.44665202498435974
4236 0.3367089331150055 0.40172940492630005 -0.44244956970214844
4237 0.19000136852264404 0.9230343103408813 -0.004405231215059757
4238 0.3032832741737366 0.21091406047344208 -0.40458807349205017
4239 0.27696606516838074 0.13145552575588226 -0.3536349833011627
4240 0.2790181636810303 0.7665114402770996 0.3042157292366028
4241 -0.15391238033771515 0.08722811937332153 0.10318931937217712
4242 -0.1881914734840393 0.49274784326553345 0.3404653072357178
4243 -0.30564239621162415 0.5766372084617615 0.44259223341941833
4244 0.13507366180419922 0.2262636423110962 -0.028648070991039276
4245 -0.16093742847442627 0.37281936407089233 0.31837525963783264
4246 -0.05362023413181305 0.897525429725647 -0.2939460277557373
4247 0.32139453291893005 0.43642526865005493 0.34118613600730896
4248 0.03688843920826912 0.5759484171867371 -0.3742775022983551
4249 0.3066237270832062 0.7341009378433228 -0.1641256958246231
4250 -0.05561961233615875 0.49070271849632263 0.03179929777979851
4251 0.11611481755971909 0.6626951098442078 0.44531136751174927
4252 0.3594515323638916 0.6616335511207581 0.08048412203788757
4253 0.2732487618923187 0.9408451914787292 0.3048596680164337
4254 -0.2788689434528351 0.8454910516738892 -0.1603289246559143
4255 0.24761125445365906 0.12958404421806335 0.24938613176345825
4256 0.08028203248977661 0.753146767616272 -0.28740209341049194
4257 0.09931113570928574 0.683142364025116 -0.4477936327457428
4258 -0.031194893643260002 0.3786494731903076 -0.4464137554168701
4259 0.21608157455921173 0.0493093878030777 -0.32744354009628296
4260 -0.10327182710170746 0.09478802233934402 -0.29549986124038696
4261 -0.28781843185424805 0.9118698239326477 -0.15039396286010742
4262 0.12607842683792114 0.049914222210645676 0.33323007822036743
4263 -0.012186679057776928 0.3168773353099823 0.3303186893463135
4264 0.35264164209365845 0.4657723903656006 -0.1233920305967331
4265 0.2015216052532196 0.0498993881046772 -0.24532629549503326
4266 0.16720964014530182 0.11462229490280151 -0.2515150010585785
4267 -0.36762988567352295 0.28237539529800415 0.2880089282989502
4268 0.08047084510326385 0.6602100133895874 -0.294043630361557
4269 -0.17262819409370422 0.6892952919006348 0.2872433364391327
4270 -0.44734156131744385 0.6684461832046509 -0.4410220980644226
4271 0.06810588389635086 0.5257235765457153 0.051190417259931564
4272 0.06660349667072296 0.4426138997077942 0.39662423729896545
4273 -0.3619595766067505 0.9392004013061523 -0.38309672474861145
4274 -0.3720884621143341 0.652785062789917 0.17346526682376862
4275 -0.20847445726394653 0.9507898688316345 0.09674110263586044
4276 0.10130200535058975 0.4973428249359131 0.4370118975639343
4277 0.1800031065940857 0.09752550721168518 -0.41034170985221863
4278 0.2709517180919647 0.6661251783370972 -0.26650166511535645
4279 0.1317289173603058 0.9466333985328674 0.3992999494075775
4280 -0.13665235042572021 0.5050832629203796 0.03412850946187973
4281 0.1404949426651001 0.048156097531318665 -0.33573174476623535
4282 -0.2858095169067383 0.4858427941799164 -0.19086512923240662
4283 -0.44327160716056824 0.710121214389801 0.05561995506286621
4284 0.2289774864912033 0.2761942148208618 -0.44447487592697144
4285 0.10661157220602036 0.4710097908973694 -0.04282756149768829
4286 -0.44438436627388 0.7910082340240479 -0.3684327304363251
4287 -0.31745344400405884 0.16712869703769684 0.28018391132354736
4288 -0.15617424249649048 0.6466140151023865 -0.4533318877220154
4289 -0.22300827503204346 0.7891273498535156 -0.06947740912437439
4290 0.24882136285305023 0.5562698245048523 -0.35059356689453125
4291 -0.3718133866786957 0.8181343674659729 0.318582683801651
4292 -0.3000626862049103 0.37258943915367126 -0.15435317158699036
4293 0.2317756712436676 0.19513407349586487 0.35558316111564636
4294 0.08654326945543289 0.40256381034851074 -0.09061573445796967
4295 0.10230481624603271 0.5406426787376404 -0.13252568244934082
4296 -0.26110216975212097 0.08916919678449631 -0.2978828251361847
4297 -0.1955237090587616 0.06923941522836685 0.4592929482460022
4298 0.43118375539779663 0.641237735748291 0.26034486293792725
4299 -0.17780785262584686 0.7879094481468201 0.11050242930650711
4300 0.3071534335613251 0.5697645545005798 -0.37331968545913696
4301 -0.17262724041938782 0.283810019493103 0.13830047845840454
4302 0.09834247082471848 0.7258892059326172 0.43977975845336914
4303 -0.010229379869997501 0.6087251901626587 -0.17772603034973145
4304 -0.4024777114391327 0.2155756801366806 0.12413215637207031
4305 -0.3448669910430908 0.096990205347538 0.24072857201099396
4306 -0.16903004050254822 0.12204350531101227 -0.4496394097805023
4307 0.18654842674732208 0.8571043014526367 0.27600622177124023
4308 -0.442788302898407 0.8684642910957336 0.44305703043937683
4309 0.11642420291900635 0.8668916821479797 -0.1833779364824295
4310 0.37370941042900085 0.09499801695346832 0.294378399848938
4311 0.4419531524181366 0.2570192515850067 -0.10420630127191544
4312 0.44306680560112 0.21092312037944794 0.0040671974420547485
4313 0.0870748907327652 0.849769115447998 0.43996360898017883
4314 0.1658160239458084 0.5435113906860352 -0.0379936657845974
4315 -0.21941040456295013 0.25517579913139343 0.4514242112636566
4316 0.3306780457496643 0.12020425498485565 -0.04785715416073799
4317 -0.29320597648620605 0.4769804775714874 0.030844232067465782
4318 0.07585874944925308 0.8756642937660217 0.18214929103851318
4319 -0.44289493560791016 0.8635101914405823 -0.2542472779750824
4320 -0.2912074625492096 0.10982128977775574 0.10086914151906967
4321 -0.11672718822956085 0.6419495940208435 -0.4253697991371155
4322 -0.0647207498550415 0.3028465509414673 -0.38726064562797546
4323 -0.02462860569357872 0.3468618392944336 0.44524896144866943
4324 0.37818777561187744 0.5680345296859741 0.28908929228782654
4325 0.4521368443965912 0.6834566593170166 -0.24233216047286987
4326 -0.08985591679811478 0.2512502074241638 0.08572570234537125
4327 0.435947984457016 0.5281609892845154 -0.17875027656555176
4328 0.4248974025249481 0.05729282274842262 0.2783966660499573
4329 -0.21485012769699097 0.20450858771800995 -0.447401225566864
4330 -0.1540607213973999 0.3057689070701599 -0.4579614996910095
4331 0.2926459014415741 0.4775838851928711 -0.3814390301704407
4332 -0.15757375955581665 0.2901468873023987 0.08620721101760864
4333 0.4288933277130127 0.7786012291908264 -0.31710878014564514
4334 -0.06514140963554382 0.33083730936050415 0.20505699515342712
4335 0.04050786793231964 0.048414018005132675 0.3796096742153168
4336 0.2920908033847809 0.18364441394805908 -0.10577746480703354
4337 0.06309404224157333 0.5624378323554993 0.30417218804359436
4338 -0.1703433245420456 0.6778550148010254 -0.003353140316903591
4339 0.14355280995368958 0.6223674416542053 0.18872271478176117
4340 -0.35264694690704346 0.5832546353340149 0.30437278747558594
4341 0.1016518846154213 0.8222082257270813 0.11736980080604553
4342 -0.22349826991558075 0.5062467455863953 0.4428226351737976
4343 0.35742565989494324 0.16427555680274963 0.396613210439682
4344 -0.3569675087928772 0.11992771178483963 -0.07446074485778809
4345 -0.3035077452659607 0.3216850459575653 0.18353669345378876
4346 -0.34055423736572266 0.3268824815750122 0.13230347633361816
4347 0.020871711894869804 0.5987768173217773 0.10569734126329422
4348 0.44540610909461975 0.1533140242099762 0.3233270049095154
4349 -0.24705550074577332 0.3908981382846832 0.03135870769619942
4350 -0.31044891476631165 0.8733752369880676 -0.4505910873413086
4351 -0.21177688241004944 0.7283754348754883 -0.19688741862773895
4352 0.1918354481458664 0.4432806968688965 0.29854094982147217
4353 0.4400132894515991 0.14295512437820435 0.18864116072654724
4354 0.1522790491580963 0.37251579761505127 0.3899509310722351
4355 0.33269381523132324 0.05162297934293747 -0.4555719494819641
4356 0.16921749711036682 0.6805441975593567 0.20265020430088043
4357 -0.2029830366373062 0.6057814359664917 0.3994794487953186
4358 0.4550282657146454 0.17407044768333435 0.38655218482017517
4359 -0.2954421937465668 0.6136237978935242 -0.33671945333480835
4360 -0.08391668647527695 0.5225799083709717 -0.04656583070755005
4361 -0.3105282783508301 0.6979007124900818 0.14967969059944153
4362 -0.45154908299446106 0.1387351155281067 0.07382610440254211
4363 -0.28034818172454834 0.6132982969284058 0.1543208360671997
4364 0.2081155776977539 0.5407275557518005 0.26208606362342834
4365 -0.13424727320671082 0.23856614530086517 -0.2297135293483734
4366 -0.11602556705474854 0.20079173147678375 0.2176762819290161
4367 -0.301413893699646 0.39770305156707764 -0.08506384491920471
4368 0.18701419234275818 0.820059061050415 -0.4466111958026886
4369 0.4559977650642395 0.39754563570022583 -0.08414271473884583
4370 -0.42690691351890564 0.728130042552948 -0.26592522859573364
4371 0.3717902898788452 0.5050377249717712 -0.44021984934806824
4372 0.042389679700136185 0.4169952869415283 0.30345484614372253
4373 -0.0571444034576416 0.5685953497886658 -0.053241927176713943
4374 -0.18681290745735168 0.7308368682861328 -0.1362391859292984
4375 -0.2386188805103302 0.3089851140975952 0.003711947938427329
4376 -0.3380206823348999 0.2681882679462433 0.10731681436300278
4377 -0.3645019233226776 0.3167976438999176 0.4447011351585388
4378 0.33640629053115845 0.2098274827003479 0.08875963091850281
4379 0.011934831738471985 0.32088834047317505 -0.2811528146266937
4380 0.09275483340024948 0.05298268422484398 -0.05967950448393822
4381 0.4439235031604767 0.16281433403491974 -0.27586886286735535
4382 0.41684451699256897 0.3062485456466675 -0.2741882801055908
4383 -0.08567012846469879 0.48089808225631714 0.4453064799308777
4384 0.3953077495098114 0.6765506267547607 0.31465595960617065
4385 -0.30447471141815186 0.2627556622028351 -0.29694849252700806
4386 -0.4460372030735016 0.9512669444084167 -0.15978601574897766
4387 -0.039102405309677124 0.678415060043335 0.4528462588787079
4388 -0.030127689242362976 0.9495429992675781 -0.16107715666294098
4389 0.36774951219558716 0.057640302926301956 0.18055829405784607
4390 -0.3427234888076782 0.7732815146446228 -0.37725529074668884
4391 0.45095568895339966 0.5252911448478699 0.17616158723831177
4392 -0.3087640106678009 0.6317889094352722 -0.21779856085777283
4393 -0.13691866397857666 0.76418536901474 0.12921448051929474
4394 0.09689173102378845 0.7753266096115112 0.21390582621097565
4395 -0.3832899034023285 0.8884623050689697 0.27274662256240845
4396 0.2954775094985962 0.7641012668609619 0.16616575419902802
4397 0.3045920431613922 0.24739643931388855 0.45201700925827026
4398 0.028779204934835434 0.38162943720817566 0.4367748200893402
4399 0.451741099357605 0.36950206756591797 -0.40455594658851624
4400 -0.2982032001018524 0.3959946036338806 0.34031200408935547
4401 0.412030965089798 0.1780511885881424 -0.16270624101161957
4402 0.3938978612422943 0.5313429832458496 0.07016852498054504
4403 -0.07445381581783295 0.8956002593040466 0.2562754154205322
4404 -0.12186790257692337 0.30886194109916687 -0.348680317401886
4405 -0.09152054041624069 0.7118257284164429 0.19766421616077423
4406 -0.16566231846809387 0.6027331352233887 -0.028026213869452477
4407 -0.015586895868182182 0.7406296133995056 -0.15531300008296967
4408 -0.3622385561466217 0.8853094577789307 -0.09985397011041641
4409 -0.2030298411846161 0.3810156583786011 -0.21242402493953705
4410 0.014052341692149639 0.7402077317237854 0.1592458188533783
4411 -0.14826452732086182 0.25593018531799316 -0.27286240458488464
4412 0.3951225280761719 0.6359986066818237 -0.151677206158638
4413 -0.1752225160598755 0.3424954116344452 0.1992628127336502
4414 0.3095850348472595 0.6293171644210815 0.25181421637535095
4415 0.02417723648250103 0.5845075845718384 -0.12795895338058472
4416 0.017743943259119987 0.6487269997596741 -0.1359359323978424
4417 -0.43627703189849854 0.7884314060211182 0.24360807240009308
4418 0.33079561591148376 0.2279493510723114 0.2123691439628601
4419 -0.3268166184425354 0.4912159740924835 0.062554270029068
4420 -0.3454854190349579 0.3407270312309265 -0.10701346397399902
4421 -0.006451481021940708 0.6643087267875671 -0.44348275661468506
4422 -0.006827528588473797 0.9510246515274048 0.45188432931900024
4423 -0.4451158046722412 0.1062425747513771 -0.1411663144826889
4424 -0.0464429035782814 0.5916707515716553 -0.4453479051589966
4425 0.13252440094947815 0.6719859838485718 0.37210941314697266
4426 -0.26300013065338135 0.6626931428909302 0.31784987449645996
4427 0.22464346885681152 0.7599593997001648 -0.07507449388504028
4428 -0.05542957782745361 0.3745863735675812 0.2814978063106537
4429 0.023395143449306488 0.862221896648407 0.08605451136827469
4430 0.1984909474849701 0.13332895934581757 -0.029636472463607788
4431 -0.4003813564777374 0.16808903217315674 -0.2202092558145523
4432 0.4432533085346222 0.580711841583252 -0.07325869798660278
4433 0.10535092651844025 0.14638203382492065 0.04016908258199692
4434 0.36219877004623413 0.8456016182899475 -0.20875857770442963
4435 -0.23948387801647186 0.5609481930732727 -0.25262123346328735
4436 -0.45338332653045654 0.5524026155471802 -0.29921698570251465
4437 0.3521491289138794 0.9502836465835571 -0.296166330575943
4438 0.2390623688697815 0.7883273363113403 0.45333003997802734
4439 0.23849111795425415 0.42811816930770874 0.02971963956952095
4440 0.11207220703363419 0.7694932818412781 -0.03666689619421959
4441 -0.037567101418972015 0.0848817229270935 -0.09629038721323013
4442 0.020331891253590584 0.6853687763214111 -0.24474413692951202
4443 -0.19250455498695374 0.2898872494697571 0.25661465525627136
4444 -0.37155604362487793 0.12221889942884445 -0.25530752539634705
4445 0.01273550745099783 0.11474031209945679 -0.23227915167808533
4446 0.020346051082015038 0.19110922515392303 -0.18390606343746185
4447 -0.1771448403596878 0.8338288068771362 0.2561393082141876
4448 -0.21295227110385895 0.2708563804626465 0.200277179479599
4449 0.3949875235557556 0.6003979444503784 0.3337252140045166
4450 0.10168284922838211 0.6690453290939331 0.28260308504104614
4451 0.06130377575755119 0.1974409520626068 0.038223858922719955
4452 0.1181827187538147 0.13219694793224335 0.09407353401184082
4453 -0.3043537139892578 0.050144195556640625 -0.1013721451163292
4454 -0.07507416605949402 0.09953399747610092 0.19215166568756104
4455 -0.17992985248565674 0.4910005033016205 0.3944442570209503
4456 -0.2712137699127197 0.697655439376831 0.28402578830718994
4457 0.26516562700271606 0.6012363433837891 -0.37217244505882263
4458 -0.03483133763074875 0.3336319923400879 -0.27519822120666504
4459 -0.28271278738975525 0.7942196726799011 0.09378579258918762
4460 -0.22281336784362793 0.487637996673584 0.03744883835315704
4461 0.16750480234622955 0.732370913028717 -0.3004940152168274
4462 -0.017043543979525566 0.7233139276504517 -0.45166587829589844
4463 -0.2184649258852005 0.603766918182373 0.21538949012756348
4464 -0.21986153721809387 0.8492974042892456 0.003696978557854891
4465 0.09704408049583435 0.1544869840145111 -0.0916350856423378
4466 0.15727435052394867 0.3733695447444916 -0.2071744203567505
4467 -0.2842906713485718 0.04908505827188492 0.4033099114894867
4468 0.1780773103237152 0.8246555924415588 0.33150047063827515
4469 -0.39704206585884094 0.7390357851982117 0.2890874743461609
4470 0.3339851200580597 0.597162663936615 -0.01565396413207054
4471 0.0517486073076725 0.6141293048858643 0.4356633722782135
4472 0.05908660590648651 0.04970400780439377 0.22981111705303192
4473 -0.21161679923534393 0.6433223485946655 -0.19951367378234863
4474 0.4453730583190918 0.45060622692108154 0.009297759272158146
4475 -0.055587176233530045 0.4453815519809723 -0.1889408528804779
4476 -0.17739956080913544 0.7888851165771484 0.45801615715026855
4477 0.43465134501457214 0.9328679442405701 0.3585684299468994
4478 0.2059067189693451 0.6502873301506042 0.04847342148423195
4479 0.45446184277534485 0.3744882643222809 0.32897669076919556
4480 -0.3049340546131134 0.2990185022354126 -0.19279716908931732
4481 0.058665186166763306 0.5821182727813721 -0.05681021139025688
4482 -0.20337067544460297 0.14491064846515656 -0.16601905226707458
4483 -0.1900980919599533 0.2349352091550827 -0.1711721420288086
4484 0.42679059505462646 0.3956144154071808 -0.21672149002552032
4485 -0.08745049685239792 0.7160915732383728 -0.10059728473424911
4486 -0.3796389698982239 0.14266453683376312 -0.38346347212791443
4487 -0.3100351393222809 0.7311784029006958 0.03164065256714821
4488 -0.0655096024274826 0.8598692417144775 -0.19030946493148804
4489 0.4456098973751068 0.21263009309768677 0.32750505208969116
4490 0.03700840473175049 0.8781142234802246 -0.37973037362098694
4491 0.1155397817492485 0.30651530623435974 -0.04149852693080902
4492 -0.0766381025314331 0.5876195430755615 -0.12018279731273651
4493 0.10243336111307144 0.6943045854568481 -0.3718028664588928
4494 0.14521552622318268 0.9431028962135315 -0.06652457267045975
4495 0.09243842959403992 0.9203466773033142 -0.1389971822500229
4496 0.36067113280296326 0.43095386028289795 -0.1966961771249771
4497 0.17569711804389954 0.6190813779830933 -0.22076700627803802
4498 0.3236340284347534 0.4941194951534271 0.22448740899562836
4499 0.20111149549484253 0.11883002519607544 -0.37039732933044434
4500 0.03280462324619293 0.4479749798774719 -0.4572681188583374
4501 -0.018020525574684143 0.5836519598960876 -0.3967353105545044
4502 0.44980359077453613 0.7976098656654358 0.17910541594028473
4503 -0.2907372713088989 0.05597657337784767 -0.2516910433769226
4504 -0.10376583784818649 0.8136337995529175 0.34235164523124695
4505 0.12200329452753067 0.7776243090629578 -0.27450573444366455
4506 -0.13572944700717926 0.3259675204753876 0.15807150304317474
4507 0.2106626182794571 0.44969606399536133 -0.15887615084648132
4508 -0.1751137673854828 0.6703149080276489 -0.3746608793735504
4509 0.10513829439878464 0.17297668755054474 0.16058607399463654
4510 -0.24852122366428375 0.39871880412101746 -0.04030532017350197
4511 0.3762330412864685 0.5276274085044861 -0.03658585250377655
4512 -0.003847647225484252 0.94475919008255 0.17798320949077606
4513 -0.0746898204088211 0.5617519617080688 0.14797955751419067
4514 0.2539032995700836 0.09682755917310715 0.41968053579330444
4515 -0.40750864148139954 0.4555819630622864 -0.08571730554103851
4516 -0.18372973799705505 0.40927502512931824 -0.32137641310691833
4517 0.20342469215393066 0.5328307151794434 0.37990429997444153
4518 -0.42758816480636597 0.18377099931240082 -0.13041505217552185
4519 -0.2459414303302765 0.7574660181999207 -0.002327052876353264
4520 0.10676557570695877 0.3131241798400879 -0.45246317982673645
4521 -0.15334604680538177 0.055689189583063126 -0.08601164817810059
4522 0.03343665227293968 0.7371150851249695 0.31309032440185547
4523 -0.24275974929332733 0.8501021265983582 -0.07967729866504669
4524 0.2352455109357834 0.15413916110992432 0.2962745428085327
4525 -0.195572167634964 0.7288921475410461 0.08934321254491806
4526 0.04712377488613129 0.3636000454425812 -0.11629606038331985
4527 0.2204301357269287 0.1966031789779663 -0.11903239041566849
4528 -0.12498918175697327 0.20419195294380188 -0.15960007905960083
4529 -0.09296029806137085 0.30225905776023865 -0.11449211835861206
4530 -0.4100477993488312 0.48559948801994324 -0.21074837446212769
4531 -0.3398265540599823 0.6879620552062988 -0.2706912159919739
4532 -0.2531144320964813 0.3938405215740204 0.16301362216472626
4533 0.41513675451278687 0.10520745068788528 0.02408510260283947
4534 0.14549824595451355 0.14160801470279694 0.21181342005729675
4535 -0.17309153079986572 0.13324937224388123 -0.4020009934902191
4536 0.021298088133335114 0.6336526274681091 -0.24239026010036469
4537 0.35053911805152893 0.6029775738716125 -0.4429306387901306
4538 -0.28271111845970154 0.8244251012802124 -0.20869508385658264
4539 0.18950633704662323 0.4777025878429413 -0.1982371211051941
4540 -0.14433106780052185 0.28339412808418274 0.1756412237882614
4541 0.45498019456863403 0.31483057141304016 -0.31267228722572327
4542 -0.23746228218078613 0.8443111777305603 -0.20588405430316925
4543 -0.24477455019950867 0.6339149475097656 -0.04915248230099678
4544 -0.07507403194904327 0.07950886338949203 0.2768092155456543
4545 0.3979972004890442 0.963286280632019 -0.3089350759983063
4546 0.45112165808677673 0.04781591147184372 -0.257784903049469
4547 0.22715513408184052 0.2951202690601349 -0.37053269147872925
4548 0.24894055724143982 0.36596059799194336 0.017818087711930275
4549 0.44637686014175415 0.2539704442024231 -0.4515986740589142
4550 0.15095862746238708 0.7259588241577148 -0.012360906228423119
4551 0.43935394287109375 0.7307479381561279 0.0403825081884861
4552 0.44903966784477234 0.6574831008911133 -0.05412711575627327
4553 0.1642785370349884 0.7977271676063538 -0.15406981110572815
4554 0.3670518100261688 0.17321647703647614 -0.44645369052886963
4555 0.23855577409267426 0.8824095726013184 0.012602941133081913
4556 -0.1772618591785431 0.46794095635414124 0.2825208604335785
4557 -0.33893299102783203 0.36766716837882996 -0.05402568727731705
4558 -0.0123849892988801 0.27707943320274353 0.4371229112148285
4559 0.35012784600257874 0.9421668648719788 0.03319277986884117
4560 0.4555726647377014 0.8774604797363281 0.34767842292785645
4561 -0.15914025902748108 0.21478386223316193 0.15233582258224487
4562 0.009104127995669842 0.944076418876648 -0.20816022157669067
4563 -0.45972514152526855 0.0991239994764328 -0.3610014021396637
4564 -0.44922706484794617 0.161537766456604 -0.3405577838420868
4565 0.24698936939239502 0.9021095633506775 0.1453930288553238
4566 0.04744316264986992 0.6972654461860657 -0.20041023194789886
4567 -0.20580698549747467 0.04353463649749756 -0.0715409368276596
4568 -0.0977875217795372 0.880441427230835 0.18537601828575134
4569 -0.29590362310409546 0.4057312309741974 -0.3206241726875305
4570 0.3020728826522827 0.528935968875885 0.02986149489879608
4571 -0.006764971185475588 0.7002448439598083 0.10258392989635468
4572 -0.00030887831235304475 0.7936128973960876 0.18616029620170593
4573 0.06882546097040176 0.5241808891296387 0.19631928205490112
4574 -0.2003692090511322 0.7735300660133362 0.19883619248867035
4575 0.3923741281032562 0.8950347900390625 0.15437372028827667
4576 0.12113048881292343 0.4777725040912628 0.19536103308200836
4577 -0.16954247653484344 0.7454168200492859 0.23197557032108307
4578 -0.23001599311828613 0.5780921578407288 -0.19487471878528595
4579 -0.07572600245475769 0.7775537967681885 -0.047483161091804504
4580 0.34671780467033386 0.9369820356369019 0.2614453434944153
4581 0.06080252677202225 0.6172508001327515 0.05992276966571808
4582 0.00623578205704689 0.7482955455780029 -0.09782158583402634
4583 0.3513820767402649 0.770421028137207 0.12582063674926758
4584 0.315798282623291 0.2518408000469208 -0.32781684398651123
4585 0.2813110053539276 0.5532615184783936 0.07803405076265335
4586 0.21656082570552826 0.7377485036849976 -0.2191002368927002
4587 0.030490517616271973 0.9188745021820068 -0.44874730706214905
4588 0.3178059160709381 0.8492517471313477 0.22000645101070404
4589 0.3162389397621155 0.37129196524620056 0.25830188393592834
4590 0.44453713297843933 0.11098512262105942 -0.440681517124176
4591 0.03542115166783333 0.8444327116012573 -0.0535980761051178
4592 0.21188093721866608 0.5184208750724792 -0.2413204163312912
4593 0.2011544406414032 0.43660470843315125 -0.05097942426800728
4594 0.24900031089782715 0.6831972599029541 0.4362459182739258
4595 -0.1588958352804184 0.047064825892448425 0.42568573355674744
4596 0.320463091135025 0.35542401671409607 -0.2567062973976135
4597 0.3169543147087097 0.41397824883461 -0.06722366809844971
4598 -0.15048621594905853 0.3858378529548645 -0.17222876846790314
4599 -0.3364883065223694 0.7246294617652893 0.3915230631828308
4600 0.25 0.8777019381523132 0.46340638399124146
4601 0.026066254824399948 0.8088364005088806 -0.19149604439735413
4602 0.4516642689704895 0.3365500867366791 -0.015729622915387154
4603 -0.29746419191360474 0.667059600353241 -0.04627450555562973
4604 0.22663620114326477 0.1584053337574005 -0.352176308631897
4605 -0.4471128284931183 0.644531786441803 0.1371043175458908
4606 -0.138445183634758 0.71937096118927 -0.04896256700158119
4607 -0.10747802257537842 0.9428519010543823 -0.3260483741760254
4608 -0.14824596047401428 0.4718654751777649 -0.24789856374263763
4609 -0.04158478602766991 0.20843017101287842 -0.4590689241886139
4610 0.44938841462135315 0.4674884080886841 0.16224181652069092
4611 0.198843851685524 0.31018441915512085 0.19241011142730713
4612 0.20898382365703583 0.046985555440187454 0.32003098726272583
4613 0.01627347804605961 0.8477134108543396 0.26683369278907776
4614 0.4466782510280609 0.7021918892860413 0.23078487813472748
4615 0.15025603771209717 0.26416265964508057 0.0352383553981781
4616 -0.03248709812760353 0.8387896418571472 0.1793828010559082
4617 0.09295915812253952 0.4048859775066376 -0.4157510995864868
4618 -0.261902391910553 0.5536476373672485 0.25445714592933655
4619 0.1757066696882248 0.6325279474258423 -0.41181230545043945
4620 0.27087488770484924 0.1479731798171997 -0.13306912779808044
4621 0.09795594215393066 0.6665635108947754 0.11781467497348785
4622 0.382724791765213 0.043512240052223206 0.3949105441570282
4623 -0.4424441158771515 0.11457370221614838 0.4275323450565338
4624 0.08431767672300339 0.5961588025093079 0.22502447664737701
4625 0.007491943426430225 0.66342693567276 0.19143030047416687
4626 0.3980758488178253 0.45436668395996094 -0.2524986267089844
4627 0.01395459845662117 0.04820851609110832 -0.44625768065452576
4628 0.20855917036533356 0.2218957245349884 0.2029222697019577
4629 -0.3507920801639557 0.5758033990859985 -0.22429083287715912
4630 0.3400094509124756 0.8066083192825317 0.377369225025177
4631 -0.3419989049434662 0.9432418942451477 0.2010202258825302
4632 -0.37267011404037476 0.6818329095840454 -0.44902747869491577
4633 -0.3922576308250427 0.335015207529068 -0.17316724359989166
4634 -0.09424714744091034 0.3960762917995453 -0.3090856373310089
4635 0.21918578445911407 0.8825851082801819 -0.12388895452022552
4636 0.27180609107017517 0.790511429309845 -0.12861229479312897
4637 -0.40303167700767517 0.2281056046485901 0.45663583278656006
4638 -0.4331128001213074 0.3005068004131317 0.455308198928833
4639 0.24313980340957642 0.040185440331697464 0.21340197324752808
4640 0.15841056406497955 0.2620883584022522 -0.2868689000606537
4641 0.0649995431303978 0.28458812832832336 -0.22786863148212433
4642 0.10551943629980087 0.4531359374523163 -0.40306761860847473
4643 0.13503852486610413 0.9537986516952515 0.2689150273799896
4644 -0.004035047721117735 0.2101648896932602 0.1278003752231598
4645 -0.44332510232925415 0.29519662261009216 0.004262655042111874
4646 -0.4441504180431366 0.41648808121681213 0.01995672658085823
4647 0.07701212167739868 0.9449765682220459 -0.031358569860458374
4648 0.024948295205831528 0.38949069380760193 0.3431696593761444
4649 0.3185906410217285 0.9505582451820374 0.136919304728508
4650 -0.0779169499874115 0.48530399799346924 0.26244473457336426
4651 -0.06763213127851486 0.2868129312992096 0.07364802807569504
4652 -0.14014069736003876 0.35129988193511963 0.09437580406665802
4653 -0.22066685557365417 0.8146663308143616 -0.16084237396717072
4654 -0.11191988736391068 0.5855187773704529 -0.3379480540752411
4655 -0.4561852216720581 0.455581396818161 0.4295600950717926
4656 -0.15019910037517548 0.8807846307754517 -0.4091432988643646
4657 0.38508933782577515 0.7128164768218994 -0.23885953426361084
4658 0.37039244174957275 0.05301835387945175 -0.27732744812965393
4659 -0.40934765338897705 0.3833124339580536 -0.3253903090953827
4660 -0.09461499005556107 0.9552268385887146 0.31055009365081787
4661 -0.08214180916547775 0.3807555139064789 0.1768249124288559
4662 -0.11676865071058273 0.7465595602989197 -0.15328896045684814
4663 -0.1562502086162567 0.6472306847572327 -0.17062360048294067
4664 0.21685978770256042 0.7105046510696411 0.04985222592949867
4665 -0.054900702089071274 0.28769591450691223 0.02583344280719757
4666 0.12717308104038239 0.39372292160987854 0.08402852714061737
4667 -0.2104664146900177 0.6423435807228088 0.1300346851348877
4668 0.14601512253284454 0.8006346225738525 0.4425331950187683
4669 -0.18015755712985992 0.6191608309745789 0.08520109951496124
4670 -0.2896309494972229 0.300860196352005 0.011435835622251034
4671 0.44361111521720886 0.25944915413856506 0.202287495136261
4672 -0.1566205769777298 0.7851553559303284 -0.2240833044052124
4673 0.4513249099254608 0.7899386286735535 -0.1801690310239792
4674 -0.20668794214725494 0.16785581409931183 0.3489748537540436
4675 0.027965480461716652 0.5268694162368774 -0.05189862474799156
4676 0.4533902108669281 0.3608633279800415 0.07313927263021469
4677 0.27039024233818054 0.49114587903022766 0.14109008014202118
4678 -0.30610260367393494 0.6104359030723572 -0.443875789642334
4679 -0.44117167592048645 0.6883326768875122 -0.35124319791793823
4680 -0.006631867494434118 0.2337784469127655 -0.3549312651157379
4681 -0.0063990443013608456 0.2789861559867859 -0.45142674446105957
4682 0.028191253542900085 0.41303157806396484 0.1935698240995407
4683 0.38723859190940857 0.8266804814338684 0.057230349630117416
4684 0.448669970035553 0.7485402822494507 0.10439591854810715
4685 -0.3339884877204895 0.22547990083694458 0.4476713240146637
4686 0.1470162570476532 0.09056922793388367 0.3377187252044678
4687 0.19287870824337006 0.5280672907829285 0.07437003403902054
4688 -0.2622317373752594 0.0380026139318943 0.0538448803126812
4689 -0.45544949173927307 0.3312680125236511 0.391013503074646
4690 -0.09085910022258759 0.13518624007701874 -0.04798353835940361
4691 0.3074975907802582 0.055398546159267426 -0.13164767622947693
4692 0.3676227033138275 0.1358535885810852 0.08206844329833984
4693 -0.07097824662923813 0.6508809924125671 -0.2817035913467407
4694 -0.18842516839504242 0.6532008051872253 0.3382927477359772
4695 -0.014762744307518005 0.7501326203346252 0.0419553704559803
4696 0.03256925940513611 0.7902286052703857 0.11999695003032684
4697 -0.015916435047984123 0.5177849531173706 -0.21900424361228943
4698 -0.25178849697113037 0.5287238359451294 0.01355432253330946
4699 0.22585009038448334 0.3565562963485718 0.08416242897510529
4700 3.2091131288325414e-05 0.14069707691669464 -0.3933202028274536
4701 0.02241404913365841 0.17579442262649536 -0.44594672322273254
4702 0.15283751487731934 0.19305886328220367 -0.17841580510139465
4703 0.07171038538217545 0.23733538389205933 -0.10657650977373123
4704 -0.18172113597393036 0.20075656473636627 0.23439118266105652
4705 -0.4471602439880371 0.4996526837348938 0.1362285315990448
4706 0.36876803636550903 0.8708468675613403 -0.10834620893001556
4707 -0.237277090549469 0.6574372053146362 -0.35930413007736206
4708 -0.14621621370315552 0.6935245990753174 0.21351377665996552
4709 0.30582356452941895 0.3162112832069397 -0.35925567150115967
4710 0.30476391315460205 0.7118873596191406 -0.31276822090148926
4711 0.1993742734193802 0.42672303318977356 0.4503428339958191
4712 0.1859854906797409 0.23196037113666534 0.4622001051902771
4713 -0.2306152731180191 0.4640895128250122 0.35357996821403503
4714 0.3807923495769501 0.7061639428138733 0.05100351572036743
4715 0.3655783534049988 0.6168827414512634 0.047054797410964966
4716 -0.01867293380200863 0.5045551657676697 0.01065756194293499
4717 -0.12259802222251892 0.40298524498939514 -0.20769871771335602
4718 0.2604908049106598 0.05487319454550743 -0.2383936494588852
4719 0.06453461199998856 0.62846440076828 -0.3387128710746765
4720 -0.058172233402729034 0.7401995062828064 0.06003427505493164
4721 -0.4042389988899231 0.9587292075157166 -0.41358482837677
4722 0.0965239554643631 0.558901846408844 0.442981481552124
4723 -0.27215197682380676 0.7535379528999329 -0.08058063685894012
4724 -0.28295159339904785 0.13910864293575287 -0.25508102774620056
4725 0.11621087044477463 0.7851391434669495 0.16333651542663574
4726 0.3536047041416168 0.5522438883781433 -0.34208500385284424
4727 -0.31157225370407104 0.09109991043806076 0.19612330198287964
4728 0.06814714521169662 0.8905174732208252 -0.2017969787120819
4729 0.4516749680042267 0.21879352629184723 -0.056625522673130035
4730 0.14091485738754272 0.5041360855102539 -0.051125068217515945
4731 -0.06973471492528915 0.2519001066684723 -0.41702771186828613
4732 -0.27162137627601624 0.4817644953727722 0.4354192912578583
4733 0.44995734095573425 0.11403888463973999 0.2858255207538605
4734 0.24073971807956696 0.421968936920166 0.2719036936759949
4735 0.45537394285202026 0.11075585335493088 0.1444670557975769
4736 -0.26296502351760864 0.6043339371681213 -0.38884496688842773
4737 -0.2872908413410187 0.6141694188117981 0.10446406900882721
4738 -0.2749038636684418 0.4303353428840637 -0.0925709456205368
4739 -0.27675652503967285 0.3746589124202728 0.20006653666496277
4740 0.44938400387763977 0.20553414523601532 -0.3113892376422882
4741 0.37348613142967224 0.7217438817024231 0.2935985028743744
4742 0.006701226346194744 0.7090259790420532 0.4556863009929657
4743 0.06561668962240219 0.4242444336414337 0.4519994854927063
4744 -0.3421689569950104 0.38071465492248535 -0.1331014633178711
4745 0.013939871452748775 0.5561888217926025 -0.22424131631851196
4746 -0.3590574264526367 0.16442832350730896 -0.24084661900997162
4747 0.43781307339668274 0.5910307765007019 0.36692002415657043
4748 -0.25133270025253296 0.6668700575828552 0.25331631302833557
4749 -0.16385480761528015 0.8670051693916321 0.012631254270672798
4750 0.1493135690689087 0.731058657169342 -0.24060644209384918
4751 -0.3147469162940979 0.04520927742123604 0.35629507899284363
4752 0.10107651352882385 0.6098410487174988 -0.041456419974565506
4753 0.13621209561824799 0.6511416435241699 -0.3488421142101288
4754 0.1523042619228363 0.6595966219902039 -0.21821726858615875
4755 0.09239902347326279 0.8246131539344788 -0.3051370084285736
4756 0.28706037998199463 0.05512223765254021 0.4440557360649109
4757 -0.16554172337055206 0.4349459409713745 -0.3666204512119293
4758 0.2743229866027832 0.18767765164375305 0.31930243968963623
4759 -0.2277563512325287 0.7584918141365051 0.12632900476455688
4760 -0.45054560899734497 0.4547436833381653 -0.17886999249458313
4761 -0.44215425848960876 0.44178199768066406 -0.23866167664527893
4762 0.22631247341632843 0.47149762511253357 -0.08116386085748672
4763 -0.23093868792057037 0.6826943755149841 -0.08588816970586777
4764 0.15670610964298248 0.7228962182998657 -0.05767824873328209
4765 0.4587636888027191 0.6285058856010437 -0.09437628835439682
4766 -0.4615626037120819 0.2087230682373047 -0.33112940192222595
4767 0.3268563151359558 0.9509034752845764 0.20783168077468872
4768 0.32215118408203125 0.8938701152801514 0.25715187191963196
4769 0.3746068477630615 0.8162413239479065 0.11579014360904694
4770 0.022133467718958855 0.8643144965171814 -0.4580106735229492
4771 0.04885406047105789 0.8009852766990662 -0.06292404234409332
4772 0.31395450234413147 0.36652570962905884 -0.1006869375705719
4773 0.303267240524292 0.4617224335670471 -0.09519561380147934
4774 -0.1808401346206665 0.7035369873046875 -0.04017140716314316
4775 0.20679664611816406 0.3555312156677246 0.23195867240428925
4776 0.047822218388319016 0.8894515633583069 0.2649325430393219
4777 0.3382912278175354 0.04299534857273102 0.3612120449542999
4778 -0.1446700096130371 0.40320253372192383 -0.27330076694488525
4779 0.23648123443126678 0.7545570135116577 -0.16345113515853882
4780 0.14465086162090302 0.3083106279373169 -0.31863492727279663
4781 -0.262830913066864 0.8056231141090393 -0.17316177487373352
4782 -0.19719837605953217 0.8255996704101562 -0.1079028993844986
4783 -0.15916591882705688 0.7001780867576599 -0.19805419445037842
4784 -0.292879194021225 0.33374643325805664 -0.0074770646169781685
4785 -0.18213841319084167 0.5788185000419617 0.049844082444906235
4786 -0.44385749101638794 0.6406044960021973 -0.3335080146789551
4787 0.025271421298384666 0.24194224178791046 -0.46380195021629333
4788 0.0403561033308506 0.4638414680957794 0.2169494926929474
4789 0.0066240085288882256 0.1258876770734787 -0.45864981412887573
4790 0.2010321319103241 0.19538724422454834 -0.16514603793621063
4791 -0.45682814717292786 0.5246397256851196 0.09110842645168304
4792 0.3164266347885132 0.7207374572753906 -0.26368096470832825
4793 0.31594711542129517 0.046486057341098785 -0.24987411499023438
4794 -0.10939768701791763 0.7371413707733154 0.029550572857260704
4795 0.043605610728263855 0.5326048731803894 0.44266778230667114
4796 0.09947825223207474 0.605646550655365 0.460549533367157
4797 0.1134287640452385 0.4885002076625824 -0.08599873632192612
4798 -0.3215060532093048 0.37656936049461365 0.22477538883686066
4799 0.01846642792224884 0.4623233675956726 0.45013293623924255
4800 0.052565060555934906 0.5220468640327454 -0.24565047025680542
4801 -0.14868253469467163 0.8620052337646484 0.05828261002898216
4802 0.16879874467849731 0.6449023485183716 -0.26387327909469604
4803 0.14939434826374054 0.8227047324180603 -0.30423930287361145
4804 -0.13436855375766754 0.4224741756916046 -0.3276047706604004
4805 -0.24171043932437897 0.7220472693443298 -0.1252274364233017
4806 0.4506508409976959 0.5864437222480774 -0.12519213557243347
4807 0.11991498619318008 0.7481227517127991 -0.0970163345336914
4808 0.4520237147808075 0.6166771650314331 -0.05575839802622795
4809 0.3341526687145233 0.431973934173584 -0.10300390422344208
4810 0.23975598812103271 0.759060800075531 -0.1181415468454361
4811 -0.4624354839324951 0.5972769856452942 -0.3381904363632202
4812 0.10758127272129059 0.7546618580818176 -0.1469801515340805
4813 0.22124730050563812 0.7997285723686218 -0.10129045695066452
4814 0.2614726424217224 0.8081689476966858 -0.09169617295265198
